epoch,mark,Desired Torque (L),Measured Torque (L),Desired Torque (R),Measured Torque (R),Toe FSR (L),Stance Phase (L),Toe FSR (R),Stance Phase (R),Channel 8,Exoskeleton time (seconds)
1789080753.275291,0,0.000000,0.000000,0.000000,0.150000,0.000000,0.000000,0.000000,0.000000,8.000000,28.920000
1789080753.316489,0,0.000000,0.000000,0.000000,0.150000,0.000000,0.000000,0.000000,0.000000,8.000000,28.940000
1789080753.317086,0,0.000000,0.000000,0.000000,0.150000,0.000000,0.000000,0.000000,0.000000,8.000000,28.950000
1789080753.317664,0,0.000000,0.000000,0.000000,0.070000,0.000000,0.000000,0.000000,0.000000,8.000000,28.950000
1789080753.343340,0,0.000000,0.000000,0.000000,-0.520000,0.000000,0.000000,0.000000,0.000000,8.000000,28.960000
1789080753.368490,0,0.000000,0.000000,0.000000,0.280000,0.000000,0.000000,0.000000,0.000000,8.000000,28.970000
1789080753.368944,0,0.000000,0.000000,0.000000,0.010000,0.000000,0.000000,0.000000,0.000000,8.000000,28.980000
1789080753.391673,0,0.000000,0.000000,0.000000,0.070000,0.000000,0.000000,0.000000,0.000000,8.000000,29.000000
1789080753.392101,0,0.000000,0.000000,0.000000,0.010000,0.000000,0.000000,0.000000,0.000000,8.000000,29.010000
1789080753.416219,0,0.000000,0.000000,0.000000,0.720000,0.000000,0.000000,0.000000,0.000000,8.000000,29.020000
1789080753.416689,0,0.000000,0.000000,0.000000,0.070000,0.000000,0.000000,0.000000,0.000000,8.000000,29.030000
1789080753.440894,0,0.000000,0.000000,0.000000,0.230000,0.000000,0.000000,0.000000,0.000000,8.000000,29.040000
1789080753.441425,0,0.000000,0.000000,0.000000,0.000000,0.000000,0.000000,0.000000,0.000000,8.000000,29.040000
1789080753.464820,0,0.000000,0.000000,0.000000,0.280000,0.000000,0.000000,0.000000,0.000000,8.000000,29.050000
1789080753.465272,0,0.000000,0.000000,0.000000,0.070000,0.000000,0.000000,0.000000,0.000000,8.000000,29.070000
1789080753.490067,0,0.000000,0.000000,0.000000,-0.050000,0.000000,0.000000,0.000000,0.000000,8.000000,29.090000
1789080753.490579,0,0.000000,0.000000,0.000000,0.010000,0.000000,0.000000,0.000000,0.000000,8.000000,29.100000
1789080753.490918,0,0.000000,0.000000,0.000000,0.100000,0.000000,0.000000,0.000000,0.000000,8.000000,29.110000
1789080753.518323,0,0.000000,0.000000,0.000000,0.070000,0.000000,0.000000,0.000000,0.000000,8.000000,29.120000
1789080753.518922,0,0.000000,0.000000,0.000000,0.150000,0.000000,0.000000,0.000000,0.000000,8.000000,29.120000
1789080753.540447,0,0.000000,0.000000,0.000000,0.100000,0.000000,0.000000,0.000000,0.000000,8.000000,29.130000
1789080753.540895,0,0.000000,0.000000,0.000000,0.070000,0.000000,0.000000,0.000000,0.000000,8.000000,29.140000
1789080753.541260,0,0.000000,0.000000,0.000000,0.200000,0.000000,0.000000,0.000000,0.000000,8.000000,29.150000
1789080753.562984,0,0.000000,0.000000,0.000000,0.070000,0.000000,0.000000,0.000000,0.000000,8.000000,29.170000
1789080753.563536,0,0.000000,0.000000,0.000000,0.070000,0.000000,0.000000,0.000000,0.000000,8.000000,29.180000
1789080753.584154,0,0.000000,0.000000,0.000000,0.000000,0.000000,0.000000,0.000000,0.000000,8.000000,29.190000
1789080753.584606,0,0.000000,0.000000,0.000000,0.150000,0.000000,0.000000,0.000000,0.000000,8.000000,29.200000
1789080753.606631,0,0.000000,0.000000,0.000000,0.150000,0.000000,0.000000,0.000000,0.000000,8.000000,29.200000
1789080753.607147,0,0.000000,0.000000,0.000000,0.070000,0.000000,0.000000,0.000000,0.000000,8.000000,29.210000
1789080753.629144,0,0.000000,0.000000,0.000000,0.010000,0.000000,0.000000,0.000000,0.000000,8.000000,29.220000
1789080753.629581,0,0.000000,0.000000,0.000000,0.000000,0.000000,0.000000,0.000000,0.000000,8.000000,29.230000
1789080753.630159,0,0.000000,0.000000,0.000000,0.670000,0.000000,0.000000,0.000000,0.000000,8.000000,29.250000
1789080753.651979,0,0.000000,0.000000,0.000000,0.070000,0.000000,0.000000,0.000000,0.000000,8.000000,29.260000
1789080753.652409,0,0.000000,0.000000,0.000000,0.010000,0.000000,0.000000,0.000000,0.000000,8.000000,29.270000
1789080753.674660,0,0.000000,0.000000,0.000000,0.070000,0.000000,0.000000,0.000000,0.000000,8.000000,29.280000
1789080753.675090,0,0.000000,0.000000,0.000000,0.200000,0.000000,0.000000,0.000000,0.000000,8.000000,29.290000
1789080753.698552,0,0.000000,0.000000,0.000000,0.330000,0.000000,0.000000,0.000000,0.000000,8.000000,29.290000
1789080753.699010,0,0.000000,0.000000,0.000000,0.100000,0.000000,0.000000,0.000000,0.000000,8.000000,29.300000
1789080753.722527,0,0.000000,0.000000,0.000000,0.100000,0.000000,0.000000,0.000000,0.000000,8.000000,29.310000
1789080753.722979,0,0.000000,0.000000,0.000000,0.070000,0.000000,0.000000,0.000000,0.000000,8.000000,29.320000
1789080753.745519,0,0.000000,0.000000,0.000000,-0.660000,0.000000,0.000000,0.000000,0.000000,8.000000,29.340000
1789080753.745981,0,0.000000,0.000000,0.000000,0.100000,0.000000,0.000000,0.000000,0.000000,8.000000,29.350000
1789080753.746369,0,0.000000,0.000000,0.000000,0.100000,0.000000,0.000000,0.000000,0.000000,8.000000,29.360000
1789080753.747115,0,0.000000,0.000000,0.000000,0.150000,0.000000,0.000000,0.000000,0.000000,8.000000,29.370000
1789080753.768649,0,0.000000,0.000000,0.000000,0.200000,0.000000,0.000000,0.000000,0.000000,8.000000,29.370000
1789080753.769237,0,0.000000,0.000000,0.000000,0.100000,0.000000,0.000000,0.000000,0.000000,8.000000,29.380000
1789080753.789341,0,0.000000,0.000000,0.000000,0.000000,0.000000,0.000000,0.000000,0.000000,8.000000,29.390000
1789080753.789877,0,0.000000,0.000000,0.000000,0.100000,0.000000,0.000000,0.000000,0.000000,8.000000,29.400000
1789080753.811688,0,0.000000,0.000000,0.000000,0.000000,0.000000,0.000000,0.000000,0.000000,8.000000,29.420000
1789080753.833452,0,0.000000,0.000000,0.000000,-0.050000,0.000000,0.000000,0.000000,0.000000,8.000000,29.430000
1789080753.833894,0,0.000000,0.000000,0.000000,0.100000,0.000000,0.000000,0.000000,0.000000,8.000000,29.440000
1789080753.856049,0,0.000000,0.000000,0.000000,0.150000,0.000000,0.000000,0.000000,0.000000,8.000000,29.450000
1789080753.856566,0,0.000000,0.000000,0.000000,0.150000,0.000000,0.000000,0.000000,0.000000,8.000000,29.450000
1789080753.856911,0,0.000000,0.000000,0.000000,0.720000,0.000000,0.000000,0.000000,0.000000,8.000000,29.460000
1789080753.878925,0,0.000000,0.000000,0.000000,0.000000,0.000000,0.000000,0.000000,0.000000,8.000000,29.470000
1789080753.879357,0,0.000000,0.000000,0.000000,0.100000,0.000000,0.000000,0.000000,0.000000,8.000000,29.480000
1789080753.902275,0,0.000000,0.000000,0.000000,0.150000,0.000000,0.000000,0.000000,0.000000,8.000000,29.500000
1789080753.902877,0,0.000000,0.000000,0.000000,0.150000,0.000000,0.000000,0.000000,0.000000,8.000000,29.520000
1789080753.926666,0,0.000000,0.000000,0.000000,-0.090000,0.000000,0.000000,0.000000,0.000000,8.000000,29.530000
1789080753.927194,0,0.000000,0.000000,0.000000,0.000000,0.000000,0.000000,0.000000,0.000000,8.000000,29.540000
1789080753.927698,0,0.000000,0.000000,0.000000,0.070000,0.000000,0.000000,0.000000,0.000000,8.000000,29.540000
1789080753.950326,0,0.000000,0.000000,0.000000,0.000000,0.000000,0.000000,0.000000,0.000000,8.000000,29.550000
1789080753.950767,0,0.000000,0.000000,0.000000,0.200000,0.000000,0.000000,0.000000,0.000000,8.000000,29.560000
1789080753.973142,0,0.000000,0.000000,0.000000,0.070000,0.000000,0.000000,0.000000,0.000000,8.000000,29.570000
1789080753.973571,0,0.000000,0.000000,0.000000,-0.090000,0.000000,0.000000,0.000000,0.000000,8.000000,29.590000
1789080753.994789,0,0.000000,0.000000,0.000000,0.230000,0.000000,0.000000,0.000000,0.000000,8.000000,29.600000
1789080753.995267,0,0.000000,0.000000,0.000000,-0.090000,0.000000,0.000000,0.000000,0.000000,8.000000,29.610000
1789080753.995607,0,0.000000,0.000000,0.000000,-0.180000,0.000000,0.000000,0.000000,0.000000,8.000000,29.620000
1789080754.018358,0,0.000000,0.000000,0.000000,0.070000,0.000000,0.000000,0.000000,0.000000,8.000000,29.620000
1789080754.018806,0,0.000000,0.000000,0.000000,0.230000,0.000000,0.000000,0.000000,0.000000,8.000000,29.630000
1789080754.041333,0,0.000000,0.000000,0.000000,0.100000,0.000000,0.000000,0.000000,0.000000,8.000000,29.640000
1789080754.041794,0,0.000000,0.000000,0.000000,0.070000,0.000000,0.000000,0.000000,0.000000,8.000000,29.650000
1789080754.065405,0,0.000000,0.000000,0.000000,0.100000,0.000000,0.000000,0.000000,0.000000,8.000000,29.670000
1789080754.065839,0,0.000000,0.000000,0.000000,0.280000,0.000000,0.000000,0.000000,0.000000,8.000000,29.680000
1789080754.066344,0,0.000000,0.000000,0.000000,-0.050000,0.000000,0.000000,0.000000,0.000000,8.000000,29.690000
1789080754.089876,0,0.000000,0.000000,0.000000,0.150000,0.000000,0.000000,0.000000,0.000000,8.000000,29.700000
1789080754.090425,0,0.000000,0.000000,0.000000,0.100000,0.000000,0.000000,0.000000,0.000000,8.000000,29.700000
1789080754.113661,0,0.000000,0.000000,0.000000,0.280000,0.000000,0.000000,0.000000,0.000000,8.000000,29.700000
1789080754.114152,0,0.000000,0.000000,0.000000,0.010000,0.000000,0.000000,0.000000,0.000000,8.000000,29.710000
1789080754.114637,0,0.000000,0.000000,0.000000,-0.470000,0.000000,0.000000,0.000000,0.000000,8.000000,29.720000
1789080754.138241,0,0.000000,0.000000,0.000000,-0.180000,0.000000,0.000000,0.000000,0.000000,8.000000,29.730000
1789080754.138764,0,0.000000,0.000000,0.000000,-0.140000,0.000000,0.000000,0.000000,0.000000,8.000000,29.750000
1789080754.162564,0,0.000000,0.000000,0.000000,0.010000,0.000000,0.000000,0.000000,0.000000,8.000000,29.760000
1789080754.162989,0,0.000000,0.000000,0.000000,0.230000,0.000000,0.000000,0.000000,0.000000,8.000000,29.770000
1789080754.188048,0,0.000000,0.000000,0.000000,0.200000,0.000000,0.000000,0.000000,0.000000,8.000000,29.790000
1789080754.188543,0,0.000000,0.000000,0.000000,0.070000,0.000000,0.000000,0.000000,0.000000,8.000000,29.790000
1789080754.188936,0,0.000000,0.000000,0.000000,0.000000,0.000000,0.000000,0.000000,0.000000,8.000000,29.800000
1789080754.208943,0,0.000000,0.000000,0.000000,0.000000,0.000000,0.000000,0.000000,0.000000,8.000000,29.810000
1789080754.209402,0,0.000000,0.000000,0.000000,0.010000,0.000000,0.000000,0.000000,0.000000,8.000000,29.810000
1789080754.209830,0,0.000000,0.000000,0.000000,0.200000,0.000000,0.000000,0.000000,0.000000,8.000000,29.820000
1789080754.232113,0,0.000000,0.000000,0.000000,0.100000,0.000000,0.000000,0.000000,0.000000,8.000000,29.840000
1789080754.254521,0,0.000000,0.000000,0.000000,0.070000,0.000000,0.000000,0.000000,0.000000,8.000000,29.850000
1789080754.254962,0,0.000000,0.000000,0.000000,0.010000,0.000000,0.000000,0.000000,0.000000,8.000000,29.860000
1789080754.255466,0,0.000000,0.000000,0.000000,0.100000,0.000000,0.000000,0.000000,0.000000,8.000000,29.870000
1789080754.256069,0,0.000000,0.000000,0.000000,0.100000,0.000000,0.000000,0.000000,0.000000,8.000000,29.870000
1789080754.277052,0,0.000000,0.000000,0.000000,0.150000,0.000000,0.000000,0.000000,0.000000,8.000000,29.880000
1789080754.277524,0,0.000000,0.000000,0.000000,0.100000,0.000000,0.000000,0.000000,0.000000,8.000000,29.890000
1789080754.299024,0,0.000000,0.000000,0.000000,0.100000,0.000000,0.000000,0.000000,0.000000,8.000000,29.900000
1789080754.320223,0,0.000000,0.000000,0.000000,0.070000,0.000000,0.000000,0.000000,0.000000,8.000000,29.920000
1789080754.320663,0,0.000000,0.000000,0.000000,0.010000,0.000000,0.000000,0.000000,0.000000,8.000000,29.930000
1789080754.342163,0,0.000000,0.000000,0.000000,0.150000,0.000000,0.000000,0.000000,0.000000,8.000000,29.940000
1789080754.342628,0,0.000000,0.000000,0.000000,0.200000,0.000000,0.000000,0.000000,0.000000,8.000000,29.950000
1789080754.364560,0,0.000000,0.000000,0.000000,0.150000,0.000000,0.000000,0.000000,0.000000,8.000000,29.960000
1789080754.365008,0,0.000000,0.000000,0.000000,0.100000,0.000000,0.000000,0.000000,0.000000,8.000000,29.970000
1789080754.365524,0,0.000000,0.000000,0.000000,0.010000,0.000000,0.000000,0.000000,0.000000,8.000000,29.980000
1789080754.388801,0,0.000000,0.000000,0.000000,0.150000,0.000000,0.000000,0.000000,0.000000,8.000000,30.000000
1789080754.389350,0,0.000000,0.000000,0.000000,0.010000,0.000000,0.000000,0.000000,0.000000,8.000000,30.000000
1789080754.411807,0,0.000000,0.000000,0.000000,0.000000,0.000000,0.000000,0.000000,0.000000,8.000000,30.010000
1789080754.412244,0,0.000000,0.000000,0.000000,0.150000,0.000000,0.000000,0.000000,0.000000,8.000000,30.030000
1789080754.412581,0,0.000000,0.000000,0.000000,0.070000,0.000000,0.000000,0.000000,0.000000,8.000000,30.030000
1789080754.434805,0,0.000000,0.000000,0.000000,0.010000,0.000000,0.000000,0.000000,0.000000,8.000000,30.040000
1789080754.435257,0,0.000000,0.000000,0.000000,0.540000,0.000000,0.000000,0.000000,0.000000,8.000000,30.040000
1789080754.458026,0,0.000000,0.000000,0.000000,0.150000,0.000000,0.000000,0.000000,0.000000,8.000000,30.050000
1789080754.458465,0,0.000000,0.000000,0.000000,0.010000,0.000000,0.000000,0.000000,0.000000,8.000000,30.060000
1789080754.458956,0,0.000000,0.000000,0.000000,-0.050000,0.000000,0.000000,0.000000,0.000000,8.000000,30.070000
1789080754.480944,0,0.000000,0.000000,0.000000,0.150000,0.000000,0.000000,0.000000,0.000000,8.000000,30.090000
1789080754.481387,0,0.000000,0.000000,0.000000,0.330000,0.000000,0.000000,0.000000,0.000000,8.000000,30.100000
1789080754.503322,0,0.000000,0.000000,0.000000,-0.180000,0.000000,0.000000,0.000000,0.000000,8.000000,30.110000
1789080754.503853,0,0.000000,0.000000,0.000000,0.010000,0.000000,0.000000,0.000000,0.000000,8.000000,30.120000
1789080754.527244,0,0.000000,0.000000,0.000000,-0.050000,0.000000,0.000000,0.000000,0.000000,8.000000,30.120000
1789080754.527810,0,0.000000,0.000000,0.000000,0.100000,0.000000,0.000000,0.000000,0.000000,8.000000,30.130000
1789080754.528258,0,0.000000,0.000000,0.000000,0.150000,0.000000,0.000000,0.000000,0.000000,8.000000,30.140000
1789080754.551068,0,0.000000,0.000000,0.000000,0.010000,0.000000,0.000000,0.000000,0.000000,8.000000,30.150000
1789080754.551517,0,0.000000,0.000000,0.000000,0.200000,0.000000,0.000000,0.000000,0.000000,8.000000,30.170000
1789080754.574243,0,0.000000,0.000000,0.000000,0.070000,0.000000,0.000000,0.000000,0.000000,8.000000,30.180000
1789080754.574690,0,0.000000,0.000000,0.000000,0.010000,0.000000,0.000000,0.000000,0.000000,8.000000,30.190000
1789080754.598430,0,0.000000,0.000000,0.000000,0.010000,0.000000,0.000000,0.000000,0.000000,8.000000,30.200000
1789080754.598943,0,0.000000,0.000000,0.000000,0.200000,0.000000,0.000000,0.000000,0.000000,8.000000,30.200000
1789080754.599274,0,0.000000,0.000000,0.000000,0.000000,0.000000,0.000000,0.000000,0.000000,8.000000,30.210000
1789080754.622842,0,0.000000,0.000000,0.000000,0.010000,0.000000,0.000000,0.000000,0.000000,8.000000,30.220000
1789080754.623305,0,0.000000,0.000000,0.000000,0.100000,0.000000,0.000000,0.000000,0.000000,8.000000,30.230000
1789080754.646116,0,0.000000,0.000000,0.000000,0.010000,0.000000,0.000000,0.000000,0.000000,8.000000,30.250000
1789080754.646599,0,0.000000,0.000000,0.000000,0.000000,0.000000,0.000000,0.000000,0.000000,8.000000,30.260000
1789080754.647380,0,0.000000,0.000000,0.000000,-0.140000,0.000000,0.000000,0.000000,0.000000,8.000000,30.270000
1789080754.670352,0,0.000000,0.000000,0.000000,0.100000,0.000000,0.000000,0.000000,0.000000,8.000000,30.280000
1789080754.670830,0,0.000000,0.000000,0.000000,0.010000,0.000000,0.000000,0.000000,0.000000,8.000000,30.290000
1789080754.671308,0,0.000000,0.000000,0.000000,0.150000,0.000000,0.000000,0.000000,0.000000,8.000000,30.290000
1789080754.695118,0,0.000000,0.000000,0.000000,-0.050000,0.000000,0.000000,0.000000,0.000000,8.000000,30.300000
1789080754.719853,0,0.000000,0.000000,0.000000,0.100000,0.000000,0.000000,0.000000,0.000000,8.000000,30.310000
1789080754.720365,0,0.000000,0.000000,0.000000,0.070000,0.000000,0.000000,0.000000,0.000000,8.000000,30.320000
1789080754.720886,0,0.000000,0.000000,0.000000,0.070000,0.000000,0.000000,0.000000,0.000000,8.000000,30.340000
1789080754.743859,0,0.000000,0.000000,0.000000,0.150000,0.000000,0.000000,0.000000,0.000000,8.000000,30.350000
1789080754.744441,0,0.000000,0.000000,0.000000,0.100000,0.000000,0.000000,0.000000,0.000000,8.000000,30.360000
1789080754.745019,0,0.000000,0.000000,0.000000,-0.140000,0.000000,0.000000,0.000000,0.000000,8.000000,30.370000
1789080754.769753,0,0.000000,0.000000,0.000000,0.010000,0.000000,0.000000,0.000000,0.000000,8.000000,30.370000
1789080754.770303,0,0.000000,0.000000,0.000000,0.100000,0.000000,0.000000,0.000000,0.000000,8.000000,30.380000
1789080754.794454,0,0.000000,0.000000,0.000000,-0.090000,0.000000,0.000000,0.000000,0.000000,8.000000,30.390000
1789080754.794904,0,0.000000,0.000000,0.000000,0.010000,0.000000,0.000000,0.000000,0.000000,8.000000,30.400000
1789080754.795364,0,0.000000,0.000000,0.000000,0.150000,0.000000,0.000000,0.000000,0.000000,8.000000,30.420000
1789080754.820830,0,0.000000,0.000000,0.000000,-0.090000,0.000000,0.000000,0.000000,0.000000,8.000000,30.430000
1789080754.821378,0,0.000000,0.000000,0.000000,-0.140000,0.000000,0.000000,0.000000,0.000000,8.000000,30.440000
1789080754.845470,0,0.000000,0.000000,0.000000,-0.210000,0.000000,0.000000,0.000000,0.000000,8.000000,30.450000
1789080754.845969,0,0.000000,0.000000,0.000000,0.010000,0.000000,0.000000,0.000000,0.000000,8.000000,30.450000
1789080754.846321,0,0.000000,0.000000,0.000000,0.010000,0.000000,0.000000,0.000000,0.000000,8.000000,30.460000
1789080754.870924,0,0.000000,0.000000,0.000000,0.100000,0.000000,0.000000,0.000000,0.000000,8.000000,30.470000
1789080754.871374,0,0.000000,0.000000,0.000000,-0.050000,0.000000,0.000000,0.000000,0.000000,8.000000,30.480000
1789080754.895763,0,0.000000,0.000000,0.000000,0.100000,0.000000,0.000000,0.000000,0.000000,8.000000,30.500000
1789080754.896210,0,0.000000,0.000000,0.000000,0.280000,0.000000,0.000000,0.000000,0.000000,8.000000,30.510000
1789080754.896574,0,0.000000,0.000000,0.000000,0.100000,0.000000,0.000000,0.000000,0.000000,8.000000,30.520000
1789080754.921428,0,0.000000,0.000000,0.000000,0.010000,0.000000,0.000000,0.000000,0.000000,8.000000,30.530000
1789080754.921907,0,0.000000,0.000000,0.000000,0.150000,0.000000,0.000000,0.000000,0.000000,8.000000,30.540000
1789080754.947415,0,0.000000,0.000000,0.000000,0.100000,0.000000,0.000000,0.000000,0.000000,8.000000,30.540000
1789080754.947884,0,0.000000,0.000000,0.000000,0.100000,0.000000,0.000000,0.000000,0.000000,8.000000,30.550000
1789080754.971934,0,0.000000,0.000000,0.000000,0.100000,0.000000,0.000000,0.000000,0.000000,8.000000,30.560000
1789080754.972385,0,0.000000,0.000000,0.000000,0.200000,0.000000,0.000000,0.000000,0.000000,8.000000,30.570000
1789080754.972857,0,0.000000,0.000000,0.000000,0.100000,0.000000,0.000000,0.000000,0.000000,8.000000,30.590000
1789080754.998003,0,0.000000,0.000000,0.000000,0.200000,0.000000,0.000000,0.000000,0.000000,8.000000,30.600000
1789080754.998461,0,0.000000,0.000000,0.000000,0.010000,0.000000,0.000000,0.000000,0.000000,8.000000,30.610000
1789080755.024139,0,0.000000,0.000000,0.000000,0.230000,0.000000,0.000000,0.000000,0.000000,8.000000,30.620000
1789080755.024644,0,0.000000,0.000000,0.000000,0.100000,0.000000,0.000000,0.000000,0.000000,8.000000,30.620000
1789080755.025008,0,0.000000,0.000000,0.000000,0.070000,0.000000,0.000000,0.000000,0.000000,8.000000,30.630000
1789080755.052016,0,0.000000,0.000000,0.000000,0.230000,0.000000,0.000000,0.000000,0.000000,8.000000,30.640000
1789080755.052530,0,0.000000,0.000000,0.000000,-0.050000,0.000000,0.000000,0.000000,0.000000,8.000000,30.650000
1789080755.077642,0,0.000000,0.000000,0.000000,0.000000,0.000000,0.000000,0.000000,0.000000,8.000000,30.670000
1789080755.078112,0,0.000000,0.000000,0.000000,0.000000,0.000000,0.000000,0.000000,0.000000,8.000000,30.680000
1789080755.078453,0,0.000000,0.000000,0.000000,0.070000,0.000000,0.000000,0.000000,0.000000,8.000000,30.690000
1789080755.103132,0,0.000000,0.000000,0.000000,-0.210000,0.000000,0.000000,0.000000,0.000000,8.000000,30.700000
1789080755.103615,0,0.000000,0.000000,0.000000,0.150000,0.000000,0.000000,0.000000,0.000000,8.000000,30.700000
1789080755.104162,0,0.000000,0.000000,0.000000,0.200000,0.000000,0.000000,0.000000,0.000000,8.000000,30.710000
1789080755.128560,0,0.000000,0.000000,0.000000,-0.090000,0.000000,0.000000,0.000000,0.000000,8.000000,30.720000
1789080755.129010,0,0.000000,0.000000,0.000000,0.200000,0.000000,0.000000,0.000000,0.000000,8.000000,30.730000
1789080755.129472,0,0.000000,0.000000,0.000000,-0.090000,0.000000,0.000000,0.000000,0.000000,8.000000,30.750000
1789080755.154284,0,0.000000,0.000000,0.000000,-0.340000,0.000000,0.000000,0.000000,0.000000,8.000000,30.760000
1789080755.154743,0,0.000000,0.000000,0.000000,0.200000,0.000000,0.000000,0.000000,0.000000,8.000000,30.770000
1789080755.180095,0,0.000000,0.000000,0.000000,0.070000,0.000000,0.000000,0.000000,0.000000,8.000000,30.780000
1789080755.180597,0,0.000000,0.000000,0.000000,0.010000,0.000000,0.000000,0.000000,0.000000,8.000000,30.790000
1789080755.206476,0,0.000000,0.000000,0.000000,0.150000,0.000000,0.000000,0.000000,0.000000,8.000000,30.790000
1789080755.207023,0,0.000000,0.000000,0.000000,-0.140000,0.000000,0.000000,0.000000,0.000000,8.000000,30.800000
1789080755.207389,0,0.000000,0.000000,0.000000,0.000000,0.000000,0.000000,0.000000,0.000000,8.000000,30.810000
1789080755.232855,0,0.000000,0.000000,0.000000,-0.090000,0.000000,0.000000,0.000000,0.000000,8.000000,30.820000
1789080755.234672,0,0.000000,0.000000,0.000000,0.070000,0.000000,0.000000,0.000000,0.000000,8.000000,30.840000
1789080755.260397,0,0.000000,0.000000,0.000000,0.330000,0.000000,0.000000,0.000000,0.000000,8.000000,30.850000
1789080755.260861,0,0.000000,0.000000,0.000000,0.200000,0.000000,0.000000,0.000000,0.000000,8.000000,30.860000
1789080755.261261,0,0.000000,0.000000,0.000000,0.230000,0.000000,0.000000,0.000000,0.000000,8.000000,30.870000
1789080755.287778,0,0.000000,0.000000,0.000000,-0.140000,0.000000,0.000000,0.000000,0.000000,8.000000,30.870000
1789080755.288320,0,0.000000,0.000000,0.000000,0.150000,0.000000,0.000000,0.000000,0.000000,8.000000,30.880000
1789080755.288831,0,0.000000,0.000000,0.000000,0.100000,0.000000,0.000000,0.000000,0.000000,8.000000,30.890000
1789080755.314099,0,0.000000,0.000000,0.000000,0.150000,0.000000,0.000000,0.000000,0.000000,8.000000,30.900000
1789080755.314637,0,0.000000,0.000000,0.000000,-0.050000,0.000000,0.000000,0.000000,0.000000,8.000000,30.920000
1789080755.315100,0,0.000000,0.000000,0.000000,0.010000,0.000000,0.000000,0.000000,0.000000,8.000000,30.930000
1789080755.342012,0,0.000000,0.000000,0.000000,0.000000,0.000000,0.000000,0.000000,0.000000,8.000000,30.940000
1789080755.342501,0,0.000000,0.000000,0.000000,0.500000,0.000000,0.000000,0.000000,0.000000,8.000000,30.950000
1789080755.369352,0,0.000000,0.000000,0.000000,0.010000,0.000000,0.000000,0.000000,0.000000,8.000000,30.950000
1789080755.369908,0,0.000000,0.000000,0.000000,0.230000,0.000000,0.000000,0.000000,0.000000,8.000000,30.960000
1789080755.370293,0,0.000000,0.000000,0.000000,0.100000,0.000000,0.000000,0.000000,0.000000,8.000000,30.970000
1789080755.370785,0,0.000000,0.000000,0.000000,0.010000,0.000000,0.000000,0.000000,0.000000,8.000000,30.980000
1789080755.396367,0,0.000000,0.000000,0.000000,0.010000,0.000000,0.000000,0.000000,0.000000,8.000000,31.000000
1789080755.397147,0,0.000000,0.000000,0.000000,0.100000,0.000000,0.000000,0.000000,0.000000,8.000000,31.010000
1789080755.422498,0,0.000000,0.000000,0.000000,0.010000,0.000000,0.000000,0.000000,0.000000,8.000000,31.020000
1789080755.422989,0,0.000000,0.000000,0.000000,-0.050000,0.000000,0.000000,0.000000,0.000000,8.000000,31.030000
1789080755.423393,0,0.000000,0.000000,0.000000,0.150000,0.000000,0.000000,0.000000,0.000000,8.000000,31.040000
1789080755.450859,0,0.000000,0.000000,0.000000,0.150000,0.000000,0.000000,0.000000,0.000000,8.000000,31.040000
1789080755.451350,0,0.000000,0.000000,0.000000,0.100000,0.000000,0.000000,0.000000,0.000000,8.000000,31.050000
1789080755.451759,0,0.000000,0.000000,0.000000,0.000000,0.000000,0.000000,0.000000,0.000000,8.000000,31.060000
1789080755.477682,0,0.000000,0.000000,0.000000,-0.050000,0.000000,0.000000,0.000000,0.000000,8.000000,31.070000
1789080755.478364,0,0.000000,0.000000,0.000000,0.070000,0.000000,0.000000,0.000000,0.000000,8.000000,31.090000
1789080755.505510,0,0.000000,0.000000,0.000000,0.070000,0.000000,0.000000,0.000000,0.000000,8.000000,31.100000
1789080755.506038,0,0.000000,0.000000,0.000000,-0.050000,0.000000,0.000000,0.000000,0.000000,8.000000,31.110000
1789080755.506859,0,0.000000,0.000000,0.000000,-0.090000,0.000000,0.000000,0.000000,0.000000,8.000000,31.120000
1789080755.534343,0,0.000000,0.000000,0.000000,0.200000,0.000000,0.000000,0.000000,0.000000,8.000000,31.120000
1789080755.534910,0,0.000000,0.000000,0.000000,0.330000,0.000000,0.000000,0.000000,0.000000,8.000000,31.130000
1789080755.561076,0,0.000000,0.000000,0.000000,0.000000,0.000000,0.000000,0.000000,0.000000,8.000000,31.140000
1789080755.561655,0,0.000000,0.000000,0.000000,0.070000,0.000000,0.000000,0.000000,0.000000,8.000000,31.150000
1789080755.562135,0,0.000000,0.000000,0.000000,-0.050000,0.000000,0.000000,0.000000,0.000000,8.000000,31.170000
1789080755.584261,0,0.000000,0.000000,0.000000,0.200000,0.000000,0.000000,0.000000,0.000000,8.000000,31.180000
1789080755.584898,0,0.000000,0.000000,0.000000,-0.270000,0.000000,0.000000,0.000000,0.000000,8.000000,31.190000
1789080755.585363,0,0.000000,0.000000,0.000000,0.010000,0.000000,0.000000,0.000000,0.000000,8.000000,31.200000
1789080755.585832,0,0.000000,0.000000,0.000000,0.200000,0.000000,0.000000,0.000000,0.000000,8.000000,31.200000
1789080755.606616,0,0.000000,0.000000,0.000000,0.070000,0.000000,0.000000,0.000000,0.000000,8.000000,31.210000
1789080755.607133,0,0.000000,0.000000,0.000000,0.100000,0.000000,0.000000,0.000000,0.000000,8.000000,31.220000
1789080755.629103,0,0.000000,0.000000,0.000000,-0.140000,0.000000,0.000000,0.000000,0.000000,8.000000,31.230000
1789080755.629848,0,0.000000,0.000000,0.000000,0.230000,0.000000,0.000000,0.000000,0.000000,8.000000,31.250000
1789080755.652247,0,0.000000,0.000000,0.000000,-0.050000,0.000000,0.000000,0.000000,0.000000,8.000000,31.260000
1789080755.652921,0,0.000000,0.000000,0.000000,0.670000,0.000000,0.000000,0.000000,0.000000,8.000000,31.270000
1789080755.675117,0,0.000000,0.000000,0.000000,0.000000,0.000000,0.000000,0.000000,0.000000,8.000000,31.280000
1789080755.675668,0,0.000000,0.000000,0.000000,-0.050000,0.000000,0.000000,0.000000,0.000000,8.000000,31.290000
1789080755.676062,0,0.000000,0.000000,0.000000,0.010000,0.000000,0.000000,0.000000,0.000000,8.000000,31.290000
1789080755.697519,0,0.000000,0.000000,0.000000,0.000000,0.000000,0.000000,0.000000,0.000000,8.000000,31.300000
1789080755.698030,0,0.000000,0.000000,0.000000,0.010000,0.000000,0.000000,0.000000,0.000000,8.000000,31.310000
1789080755.719996,0,0.000000,0.000000,0.000000,0.150000,0.000000,0.000000,0.000000,0.000000,8.000000,31.320000
1789080755.740530,0,0.000000,0.000000,0.000000,-0.090000,0.000000,0.000000,0.000000,0.000000,8.000000,31.340000
1789080755.741026,0,0.000000,0.000000,0.000000,0.200000,0.000000,0.000000,0.000000,0.000000,8.000000,31.350000
1789080755.741433,0,0.000000,0.000000,0.000000,0.670000,0.000000,0.000000,0.000000,0.000000,8.000000,31.360000
1789080755.762006,0,0.000000,0.000000,0.000000,0.280000,0.000000,0.000000,0.000000,0.000000,8.000000,31.370000
1789080755.762760,0,0.000000,0.000000,0.000000,0.070000,0.000000,0.000000,0.000000,0.000000,8.000000,31.370000
1789080755.783503,0,0.000000,0.000000,0.000000,0.100000,0.000000,0.000000,0.000000,0.000000,8.000000,31.380000
1789080755.784003,0,0.000000,0.000000,0.000000,0.150000,0.000000,0.000000,0.000000,0.000000,8.000000,31.390000
1789080755.804837,0,0.000000,0.000000,0.000000,0.100000,0.000000,0.000000,0.000000,0.000000,8.000000,31.400000
1789080755.805329,0,0.000000,0.000000,0.000000,-0.140000,0.000000,0.000000,0.000000,0.000000,8.000000,31.420000
1789080755.826134,0,0.000000,0.000000,0.000000,0.000000,0.000000,0.000000,0.000000,0.000000,8.000000,31.430000
1789080755.826595,0,0.000000,0.000000,0.000000,0.070000,0.000000,0.000000,0.000000,0.000000,8.000000,31.440000
1789080755.847657,0,0.000000,0.000000,0.000000,0.200000,0.000000,0.000000,0.000000,0.000000,8.000000,31.450000
1789080755.848383,0,0.000000,0.000000,0.000000,0.100000,0.000000,0.000000,0.000000,0.000000,8.000000,31.450000
1789080755.869317,0,0.000000,0.000000,0.000000,0.000000,0.000000,0.000000,0.000000,0.000000,8.000000,31.470000
1789080755.869816,0,0.000000,0.000000,0.000000,0.230000,0.000000,0.000000,0.000000,0.000000,8.000000,31.480000
1789080755.891092,0,0.000000,0.000000,0.000000,-0.090000,0.000000,0.000000,0.000000,0.000000,8.000000,31.500000
1789080755.891623,0,0.000000,0.000000,0.000000,0.100000,0.000000,0.000000,0.000000,0.000000,8.000000,31.510000
1789080755.913770,0,0.000000,0.000000,0.000000,0.010000,0.000000,0.000000,0.000000,0.000000,8.000000,31.520000
1789080755.914288,0,0.000000,0.000000,0.000000,0.100000,0.000000,0.000000,0.000000,0.000000,8.000000,31.530000
1789080755.914755,0,0.000000,0.000000,0.000000,-0.140000,0.000000,0.000000,0.000000,0.000000,8.000000,31.540000
1789080755.935759,0,0.000000,0.000000,0.000000,0.070000,0.000000,0.000000,0.000000,0.000000,8.000000,31.540000
1789080755.936263,0,0.000000,0.000000,0.000000,0.100000,0.000000,0.000000,0.000000,0.000000,8.000000,31.550000
1789080755.957125,0,0.000000,0.000000,0.000000,0.150000,0.000000,0.000000,0.000000,0.000000,8.000000,31.560000
1789080755.957800,0,0.000000,0.000000,0.000000,0.070000,0.000000,0.000000,0.000000,0.000000,8.000000,31.570000
1789080755.978831,0,0.000000,0.000000,0.000000,0.150000,0.000000,0.000000,0.000000,0.000000,8.000000,31.590000
1789080755.979319,0,0.000000,0.000000,0.000000,0.070000,0.000000,0.000000,0.000000,0.000000,8.000000,31.600000
1789080755.979864,0,0.000000,0.000000,0.000000,-0.140000,0.000000,0.000000,0.000000,0.000000,8.000000,31.610000
1789080756.002190,0,0.000000,0.000000,0.000000,0.000000,0.000000,0.000000,0.000000,0.000000,8.000000,31.620000
1789080756.024080,0,0.000000,0.000000,0.000000,0.070000,0.000000,0.000000,0.000000,0.000000,8.000000,31.620000
1789080756.024574,0,0.000000,0.000000,0.000000,0.010000,0.000000,0.000000,0.000000,0.000000,8.000000,31.630000
1789080756.024987,0,0.000000,0.000000,0.000000,0.150000,0.000000,0.000000,0.000000,0.000000,8.000000,31.640000
1789080756.045876,0,0.000000,0.000000,0.000000,-0.050000,0.000000,0.000000,0.000000,0.000000,8.000000,31.650000
1789080756.046366,0,0.000000,0.000000,0.000000,0.330000,0.000000,0.000000,0.000000,0.000000,8.000000,31.670000
1789080756.068611,0,0.000000,0.000000,0.000000,0.000000,0.000000,0.000000,0.000000,0.000000,8.000000,31.680000
1789080756.069114,0,0.000000,0.000000,0.000000,0.100000,0.000000,0.000000,0.000000,0.000000,8.000000,31.690000
1789080756.090532,0,0.000000,0.000000,0.000000,0.070000,0.000000,0.000000,0.000000,0.000000,8.000000,31.700000
1789080756.091031,0,0.000000,0.000000,0.000000,0.010000,0.000000,0.000000,0.000000,0.000000,8.000000,31.700000
1789080756.091442,0,0.000000,0.000000,0.000000,0.280000,0.000000,0.000000,0.000000,0.000000,8.000000,31.700000
1789080756.112936,0,0.000000,0.000000,0.000000,-0.180000,0.000000,0.000000,0.000000,0.000000,8.000000,31.710000
1789080756.113422,0,0.000000,0.000000,0.000000,0.070000,0.000000,0.000000,0.000000,0.000000,8.000000,31.720000
1789080756.135285,0,0.000000,0.000000,0.000000,-0.050000,0.000000,0.000000,0.000000,0.000000,8.000000,31.730000
1789080756.135800,0,0.000000,0.000000,0.000000,0.100000,0.000000,0.000000,0.000000,0.000000,8.000000,31.750000
1789080756.158415,0,0.000000,0.000000,0.000000,0.010000,0.000000,0.000000,0.000000,0.000000,8.000000,31.760000
1789080756.159000,0,0.000000,0.000000,0.000000,-0.090000,0.000000,0.000000,0.000000,0.000000,8.000000,31.770000
1789080756.181109,0,0.000000,0.000000,0.000000,-0.180000,0.000000,0.000000,0.000000,0.000000,8.000000,31.780000
1789080756.181583,0,0.000000,0.000000,0.000000,0.100000,0.000000,0.000000,0.000000,0.000000,8.000000,31.790000
1789080756.206224,0,0.000000,0.000000,0.000000,0.010000,0.000000,0.000000,0.000000,0.000000,8.000000,31.790000
1789080756.206768,0,0.000000,0.000000,0.000000,-0.090000,0.000000,0.000000,0.000000,0.000000,8.000000,31.800000
1789080756.207186,0,0.000000,0.000000,0.000000,0.070000,0.000000,0.000000,0.000000,0.000000,8.000000,31.810000
1789080756.233659,0,0.000000,0.000000,0.000000,-0.050000,0.000000,0.000000,0.000000,0.000000,8.000000,31.820000
1789080756.234223,0,0.000000,0.000000,0.000000,0.070000,0.000000,0.000000,0.000000,0.000000,8.000000,31.840000
1789080756.258099,0,0.000000,0.000000,0.000000,0.200000,0.000000,0.000000,0.000000,0.000000,8.000000,31.850000
1789080756.258818,0,0.000000,0.000000,0.000000,0.150000,0.000000,0.000000,0.000000,0.000000,8.000000,31.860000
1789080756.259413,0,0.000000,0.000000,0.000000,0.070000,0.000000,0.000000,0.000000,0.000000,8.000000,31.870000
1789080756.285676,0,0.000000,0.000000,0.000000,-0.140000,0.000000,0.000000,0.000000,0.000000,8.000000,31.870000
1789080756.286212,0,0.000000,0.000000,0.000000,0.200000,0.000000,0.000000,0.000000,0.000000,8.000000,31.880000
1789080756.286718,0,0.000000,0.000000,0.000000,0.280000,0.000000,0.000000,0.000000,0.000000,8.000000,31.890000
1789080756.313416,0,0.000000,0.000000,0.000000,-0.050000,0.000000,0.000000,0.000000,0.000000,8.000000,31.900000
1789080756.314121,0,0.000000,0.000000,0.000000,0.100000,0.000000,0.000000,0.000000,0.000000,8.000000,31.920000
1789080756.338016,0,0.000000,0.000000,0.000000,-0.090000,0.000000,0.000000,0.000000,0.000000,8.000000,31.930000
1789080756.338519,0,0.000000,0.000000,0.000000,0.000000,0.000000,0.000000,0.000000,0.000000,8.000000,31.940000
1789080756.339074,0,0.000000,0.000000,0.000000,0.100000,0.000000,0.000000,0.000000,0.000000,8.000000,31.950000
1789080756.339484,0,0.000000,0.000000,0.000000,0.070000,0.000000,0.000000,0.000000,0.000000,8.000000,31.950000
1789080756.364060,0,0.000000,0.000000,0.000000,0.010000,0.000000,0.000000,0.000000,0.000000,8.000000,31.960000
1789080756.364767,0,0.000000,0.000000,0.000000,0.010000,0.000000,0.000000,0.000000,0.000000,8.000000,31.970000
1789080756.387803,0,0.000000,0.000000,0.000000,-0.050000,0.000000,0.000000,0.000000,0.000000,8.000000,31.980000
1789080756.388300,0,0.000000,0.000000,0.000000,0.010000,0.000000,0.000000,0.000000,0.000000,8.000000,32.000000
1789080756.388822,0,0.000000,0.000000,0.000000,-0.090000,0.000000,0.000000,0.000000,0.000000,8.000000,32.000000
1789080756.411779,0,0.000000,0.000000,0.000000,-0.050000,0.000000,0.000000,0.000000,0.000000,8.000000,32.020000
1789080756.412294,0,0.000000,0.000000,0.000000,-0.140000,0.000000,0.000000,0.000000,0.000000,8.000000,32.020000
1789080756.433899,0,0.000000,0.000000,0.000000,0.200000,0.000000,0.000000,0.000000,0.000000,8.000000,32.040000
1789080756.434468,0,0.000000,0.000000,0.000000,0.000000,0.000000,0.000000,0.000000,0.000000,8.000000,32.040000
1789080756.434855,0,0.000000,0.000000,0.000000,0.010000,0.000000,0.000000,0.000000,0.000000,8.000000,32.060000
1789080756.455754,0,0.000000,0.000000,0.000000,0.070000,0.000000,0.000000,0.000000,0.000000,8.000000,32.060000
1789080756.456253,0,0.000000,0.000000,0.000000,-0.050000,0.000000,0.000000,0.000000,0.000000,8.000000,32.080000
1789080756.477575,0,0.000000,0.000000,0.000000,-0.090000,0.000000,0.000000,0.000000,0.000000,8.000000,32.090000
1789080756.478081,0,0.000000,0.000000,0.000000,0.070000,0.000000,0.000000,0.000000,0.000000,8.000000,32.090000
1789080756.499667,0,0.000000,0.000000,0.000000,-0.210000,0.000000,0.000000,0.000000,0.000000,8.000000,32.110000
1789080756.500223,0,0.000000,0.000000,0.000000,0.230000,0.000000,0.000000,0.000000,0.000000,8.000000,32.110000
1789080756.521533,0,0.000000,0.000000,0.000000,0.010000,0.000000,0.000000,0.000000,0.000000,8.000000,32.130000
1789080756.522153,0,0.000000,0.000000,0.000000,0.230000,0.000000,0.000000,0.000000,0.000000,8.000000,32.130000
1789080756.543936,0,0.000000,0.000000,0.000000,-0.180000,0.000000,0.000000,0.000000,0.000000,8.000000,32.150000
1789080756.544461,0,0.000000,0.000000,0.000000,0.200000,0.000000,0.000000,0.000000,0.000000,8.000000,32.150000
1789080756.565860,0,0.000000,0.000000,0.000000,0.200000,0.000000,0.000000,0.000000,0.000000,8.000000,32.160000
1789080756.566356,0,0.000000,0.000000,0.000000,0.010000,0.000000,0.000000,0.000000,0.000000,8.000000,32.180000
1789080756.566874,0,0.000000,0.000000,0.000000,0.070000,0.000000,0.000000,0.000000,0.000000,8.000000,32.180000
1789080756.587825,0,0.000000,0.000000,0.000000,0.070000,0.000000,0.000000,0.000000,0.000000,8.000000,32.200000
1789080756.588420,0,0.000000,0.000000,0.000000,-0.140000,0.000000,0.000000,0.000000,0.000000,8.000000,32.200000
1789080756.609518,0,0.000000,0.000000,0.000000,0.010000,0.000000,0.000000,0.000000,0.000000,8.000000,32.220000
1789080756.610303,0,0.000000,0.000000,0.000000,0.070000,0.000000,0.000000,0.000000,0.000000,8.000000,32.220000
1789080756.632635,0,0.000000,0.000000,0.000000,0.010000,0.000000,0.000000,0.000000,0.000000,8.000000,32.240000
1789080756.653764,0,0.000000,0.000000,0.000000,0.070000,0.000000,0.000000,0.000000,0.000000,8.000000,32.250000
1789080756.654266,0,0.000000,0.000000,0.000000,0.150000,0.000000,0.000000,0.000000,0.000000,8.000000,32.250000
1789080756.654840,0,0.000000,0.000000,0.000000,0.070000,0.000000,0.000000,0.000000,0.000000,8.000000,32.270000
1789080756.678302,0,0.000000,0.000000,0.000000,-0.090000,0.000000,0.000000,0.000000,0.000000,8.000000,32.270000
1789080756.701756,0,0.000000,0.000000,0.000000,0.230000,0.000000,0.000000,0.000000,0.000000,8.000000,32.290000
1789080756.702416,0,0.000000,0.000000,0.000000,0.200000,0.000000,0.000000,0.000000,0.000000,8.000000,32.290000
1789080756.702949,0,0.000000,0.000000,0.000000,0.100000,0.000000,0.000000,0.000000,0.000000,8.000000,32.310000
1789080756.703599,0,0.000000,0.000000,0.000000,0.070000,0.000000,0.000000,0.000000,0.000000,8.000000,32.310000
1789080756.726346,0,0.000000,0.000000,0.000000,0.100000,0.000000,0.000000,0.000000,0.000000,8.000000,32.330000
1789080756.726961,0,0.000000,0.000000,0.000000,0.070000,0.000000,0.000000,0.000000,0.000000,8.000000,32.340000
1789080756.753766,0,0.000000,0.000000,0.000000,0.280000,0.000000,0.000000,0.000000,0.000000,8.000000,32.340000
1789080756.754290,0,0.000000,0.000000,0.000000,0.230000,0.000000,0.000000,0.000000,0.000000,8.000000,32.360000
1789080756.779281,0,0.000000,0.000000,0.000000,0.070000,0.000000,0.000000,0.000000,0.000000,8.000000,32.380000
1789080756.779950,0,0.000000,0.000000,0.000000,0.100000,0.000000,0.000000,0.000000,0.000000,8.000000,32.380000
1789080756.780631,0,0.000000,0.000000,0.000000,0.280000,0.000000,0.000000,0.000000,0.000000,8.000000,32.400000
1789080756.807082,0,0.000000,0.000000,0.000000,-0.210000,0.000000,0.000000,0.000000,0.000000,8.000000,32.400000
1789080756.807707,0,0.000000,0.000000,0.000000,-0.140000,0.000000,0.000000,0.000000,0.000000,8.000000,32.400000
1789080756.832998,0,0.000000,0.000000,0.000000,-0.050000,0.000000,0.000000,0.000000,0.000000,8.000000,32.430000
1789080756.833506,0,0.000000,0.000000,0.000000,0.070000,0.000000,0.000000,0.000000,0.000000,8.000000,32.430000
1789080756.833924,0,0.000000,0.000000,0.000000,0.010000,0.000000,0.000000,0.000000,0.000000,8.000000,32.450000
1789080756.834319,0,0.000000,0.000000,0.000000,-0.050000,0.000000,0.000000,0.000000,0.000000,8.000000,32.450000
1789080756.861160,0,0.000000,0.000000,0.000000,0.200000,0.000000,0.000000,0.000000,0.000000,8.000000,32.470000
1789080756.861706,0,0.000000,0.000000,0.000000,0.100000,0.000000,0.000000,0.000000,0.000000,8.000000,32.470000
1789080756.887807,0,0.000000,0.000000,0.000000,0.670000,0.000000,0.000000,0.000000,0.000000,8.000000,32.490000
1789080756.888311,0,0.000000,0.000000,0.000000,0.070000,0.000000,0.000000,0.000000,0.000000,8.000000,32.500000
1789080756.888703,0,0.000000,0.000000,0.000000,0.010000,0.000000,0.000000,0.000000,0.000000,8.000000,32.500000
1789080756.914252,0,0.000000,0.000000,0.000000,0.200000,0.000000,0.000000,0.000000,0.000000,8.000000,32.520000
1789080756.914937,0,0.000000,0.000000,0.000000,-0.090000,0.000000,0.000000,0.000000,0.000000,8.000000,32.520000
1789080756.915497,0,0.000000,0.000000,0.000000,0.100000,0.000000,0.000000,0.000000,0.000000,8.000000,32.540000
1789080756.941375,0,0.000000,0.000000,0.000000,-0.090000,0.000000,0.000000,0.000000,0.000000,8.000000,32.540000
1789080756.941920,0,0.000000,0.000000,0.000000,0.100000,0.000000,0.000000,0.000000,0.000000,8.000000,32.540000
1789080756.968047,0,0.000000,0.000000,0.000000,0.000000,0.000000,0.000000,0.000000,0.000000,8.000000,32.560000
1789080756.968552,0,0.000000,0.000000,0.000000,0.100000,0.000000,0.000000,0.000000,0.000000,8.000000,32.560000
1789080756.969078,0,0.000000,0.000000,0.000000,0.150000,0.000000,0.000000,0.000000,0.000000,8.000000,32.580000
1789080756.994159,0,0.000000,0.000000,0.000000,0.010000,0.000000,0.000000,0.000000,0.000000,8.000000,32.590000
1789080756.994749,0,0.000000,0.000000,0.000000,0.070000,0.000000,0.000000,0.000000,0.000000,8.000000,32.610000
1789080757.021574,0,0.000000,0.000000,0.000000,-0.180000,0.000000,0.000000,0.000000,0.000000,8.000000,32.610000
1789080757.022078,0,0.000000,0.000000,0.000000,0.000000,0.000000,0.000000,0.000000,0.000000,8.000000,32.630000
1789080757.022604,0,0.000000,0.000000,0.000000,0.070000,0.000000,0.000000,0.000000,0.000000,8.000000,32.630000
1789080757.047964,0,0.000000,0.000000,0.000000,0.100000,0.000000,0.000000,0.000000,0.000000,8.000000,32.650000
1789080757.048612,0,0.000000,0.000000,0.000000,0.070000,0.000000,0.000000,0.000000,0.000000,8.000000,32.650000
1789080757.075079,0,0.000000,0.000000,0.000000,-0.140000,0.000000,0.000000,0.000000,0.000000,8.000000,32.650000
1789080757.075690,0,0.000000,0.000000,0.000000,-0.140000,0.000000,0.000000,0.000000,0.000000,8.000000,32.680000
1789080757.076111,0,0.000000,0.000000,0.000000,0.230000,0.000000,0.000000,0.000000,0.000000,8.000000,32.680000
1789080757.101442,0,0.000000,0.000000,0.000000,0.100000,0.000000,0.000000,0.000000,0.000000,8.000000,32.700000
1789080757.102124,0,0.000000,0.000000,0.000000,0.200000,0.000000,0.000000,0.000000,0.000000,8.000000,32.700000
1789080757.102555,0,0.000000,0.000000,0.000000,-0.180000,0.000000,0.000000,0.000000,0.000000,8.000000,32.720000
1789080757.126995,0,0.000000,0.000000,0.000000,0.150000,0.000000,0.000000,0.000000,0.000000,8.000000,32.720000
1789080757.127498,0,0.000000,0.000000,0.000000,-0.140000,0.000000,0.000000,0.000000,0.000000,8.000000,32.740000
1789080757.153685,0,0.000000,0.000000,0.000000,0.000000,0.000000,0.000000,0.000000,0.000000,8.000000,32.750000
1789080757.154190,0,0.000000,0.000000,0.000000,-0.270000,0.000000,0.000000,0.000000,0.000000,8.000000,32.750000
1789080757.154605,0,0.000000,0.000000,0.000000,0.100000,0.000000,0.000000,0.000000,0.000000,8.000000,32.770000
1789080757.178707,0,0.000000,0.000000,0.000000,0.100000,0.000000,0.000000,0.000000,0.000000,8.000000,32.770000
1789080757.179368,0,0.000000,0.000000,0.000000,-0.140000,0.000000,0.000000,0.000000,0.000000,8.000000,32.790000
1789080757.179801,0,0.000000,0.000000,0.000000,0.010000,0.000000,0.000000,0.000000,0.000000,8.000000,32.790000
1789080757.204409,0,0.000000,0.000000,0.000000,0.200000,0.000000,0.000000,0.000000,0.000000,8.000000,32.810000
1789080757.205107,0,0.000000,0.000000,0.000000,0.070000,0.000000,0.000000,0.000000,0.000000,8.000000,32.810000
1789080757.229578,0,0.000000,0.000000,0.000000,-0.050000,0.000000,0.000000,0.000000,0.000000,8.000000,32.830000
1789080757.230059,0,0.000000,0.000000,0.000000,0.100000,0.000000,0.000000,0.000000,0.000000,8.000000,32.840000
1789080757.230567,0,0.000000,0.000000,0.000000,0.000000,0.000000,0.000000,0.000000,0.000000,8.000000,32.840000
1789080757.257453,0,0.000000,0.000000,0.000000,0.000000,0.000000,0.000000,0.000000,0.000000,8.000000,32.860000
1789080757.257947,0,0.000000,0.000000,0.000000,0.000000,0.000000,0.000000,0.000000,0.000000,8.000000,32.860000
1789080757.258309,0,0.000000,0.000000,0.000000,0.200000,0.000000,0.000000,0.000000,0.000000,8.000000,32.880000
1789080757.283878,0,0.000000,0.000000,0.000000,0.010000,0.000000,0.000000,0.000000,0.000000,8.000000,32.880000
1789080757.284518,0,0.000000,0.000000,0.000000,0.010000,0.000000,0.000000,0.000000,0.000000,8.000000,32.900000
1789080757.309146,0,0.000000,0.000000,0.000000,0.010000,0.000000,0.000000,0.000000,0.000000,8.000000,32.900000
1789080757.309661,0,0.000000,0.000000,0.000000,0.400000,0.000000,0.000000,0.000000,0.000000,8.000000,32.900000
1789080757.336157,0,0.000000,0.000000,0.000000,0.000000,0.000000,0.000000,0.000000,0.000000,8.000000,32.930000
1789080757.336666,0,0.000000,0.000000,0.000000,0.230000,0.000000,0.000000,0.000000,0.000000,8.000000,32.930000
1789080757.337085,0,0.000000,0.000000,0.000000,0.200000,0.000000,0.000000,0.000000,0.000000,8.000000,32.950000
1789080757.337576,0,0.000000,0.000000,0.000000,0.070000,0.000000,0.000000,0.000000,0.000000,8.000000,32.950000
1789080757.362027,0,0.000000,0.000000,0.000000,0.000000,0.000000,0.000000,0.000000,0.000000,8.000000,32.970000
1789080757.362635,0,0.000000,0.000000,0.000000,-0.310000,0.000000,0.000000,0.000000,0.000000,8.000000,32.970000
1789080757.387847,0,0.000000,0.000000,0.000000,-0.090000,0.000000,0.000000,0.000000,0.000000,8.000000,32.990000
1789080757.388358,0,0.000000,0.000000,0.000000,0.000000,0.000000,0.000000,0.000000,0.000000,8.000000,33.000000
1789080757.388895,0,0.000000,0.000000,0.000000,-0.090000,0.000000,0.000000,0.000000,0.000000,8.000000,33.000000
1789080757.413166,0,0.000000,0.000000,0.000000,-0.050000,0.000000,0.000000,0.000000,0.000000,8.000000,33.020000
1789080757.413777,0,0.000000,0.000000,0.000000,0.000000,0.000000,0.000000,0.000000,0.000000,8.000000,33.020000
1789080757.414217,0,0.000000,0.000000,0.000000,0.070000,0.000000,0.000000,0.000000,0.000000,8.000000,33.040000
1789080757.438950,0,0.000000,0.000000,0.000000,0.280000,0.000000,0.000000,0.000000,0.000000,8.000000,33.040000
1789080757.439450,0,0.000000,0.000000,0.000000,-0.180000,0.000000,0.000000,0.000000,0.000000,8.000000,33.060000
1789080757.439967,0,0.000000,0.000000,0.000000,0.010000,0.000000,0.000000,0.000000,0.000000,8.000000,33.060000
1789080757.464467,0,0.000000,0.000000,0.000000,0.100000,0.000000,0.000000,0.000000,0.000000,8.000000,33.080000
1789080757.489755,0,0.000000,0.000000,0.000000,0.000000,0.000000,0.000000,0.000000,0.000000,8.000000,33.090000
1789080757.490311,0,0.000000,0.000000,0.000000,0.100000,0.000000,0.000000,0.000000,0.000000,8.000000,33.090000
1789080757.490758,0,0.000000,0.000000,0.000000,0.150000,0.000000,0.000000,0.000000,0.000000,8.000000,33.110000
1789080757.515399,0,0.000000,0.000000,0.000000,0.150000,0.000000,0.000000,0.000000,0.000000,8.000000,33.110000
1789080757.515874,0,0.000000,0.000000,0.000000,0.000000,0.000000,0.000000,0.000000,0.000000,8.000000,33.130000
1789080757.516245,0,0.000000,0.000000,0.000000,0.010000,0.000000,0.000000,0.000000,0.000000,8.000000,33.130000
1789080757.540918,0,0.000000,0.000000,0.000000,0.010000,0.000000,0.000000,0.000000,0.000000,8.000000,33.150000
1789080757.541417,0,0.000000,0.000000,0.000000,0.000000,0.000000,0.000000,0.000000,0.000000,8.000000,33.150000
1789080757.568079,0,0.000000,0.000000,0.000000,0.000000,0.000000,0.000000,0.000000,0.000000,8.000000,33.150000
1789080757.568665,0,0.000000,0.000000,0.000000,-0.140000,0.000000,0.000000,0.000000,0.000000,8.000000,33.160000
1789080757.569177,0,0.000000,0.000000,0.000000,0.000000,0.000000,0.000000,0.000000,0.000000,8.000000,33.180000
1789080757.593997,0,0.000000,0.000000,0.000000,0.150000,0.000000,0.000000,0.000000,0.000000,8.000000,33.180000
1789080757.594498,0,0.000000,0.000000,0.000000,0.200000,0.000000,0.000000,0.000000,0.000000,8.000000,33.200000
1789080757.620618,0,0.000000,0.000000,0.000000,0.000000,0.000000,0.000000,0.000000,0.000000,8.000000,33.200000
1789080757.621252,0,0.000000,0.000000,0.000000,0.150000,0.000000,0.000000,0.000000,0.000000,8.000000,33.220000
1789080757.646466,0,0.000000,0.000000,0.000000,0.100000,0.000000,0.000000,0.000000,0.000000,8.000000,33.240000
1789080757.647117,0,0.000000,0.000000,0.000000,0.100000,0.000000,0.000000,0.000000,0.000000,8.000000,33.250000
1789080757.647769,0,0.000000,0.000000,0.000000,0.100000,0.000000,0.000000,0.000000,0.000000,8.000000,33.250000
1789080757.671759,0,0.000000,0.000000,0.000000,0.100000,0.000000,0.000000,0.000000,0.000000,8.000000,33.270000
1789080757.672258,0,0.000000,0.000000,0.000000,0.100000,0.000000,0.000000,0.000000,0.000000,8.000000,33.270000
1789080757.672791,0,0.000000,0.000000,0.000000,0.070000,0.000000,0.000000,0.000000,0.000000,8.000000,33.290000
1789080757.697574,0,0.000000,0.000000,0.000000,-0.050000,0.000000,0.000000,0.000000,0.000000,8.000000,33.290000
1789080757.698080,0,0.000000,0.000000,0.000000,-0.210000,0.000000,0.000000,0.000000,0.000000,8.000000,33.310000
1789080757.724136,0,0.000000,0.000000,0.000000,-0.270000,0.000000,0.000000,0.000000,0.000000,8.000000,33.310000
1789080757.724662,0,0.000000,0.000000,0.000000,-0.050000,0.000000,0.000000,0.000000,0.000000,8.000000,33.330000
1789080757.725225,0,0.000000,0.000000,0.000000,0.100000,0.000000,0.000000,0.000000,0.000000,8.000000,33.340000
1789080757.752259,0,0.000000,0.000000,0.000000,0.150000,0.000000,0.000000,0.000000,0.000000,8.000000,33.340000
1789080757.752763,0,0.000000,0.000000,0.000000,0.150000,0.000000,0.000000,0.000000,0.000000,8.000000,33.360000
1789080757.779488,0,0.000000,0.000000,0.000000,0.230000,0.000000,0.000000,0.000000,0.000000,8.000000,33.360000
1789080757.780102,0,0.000000,0.000000,0.000000,-0.180000,0.000000,0.000000,0.000000,0.000000,8.000000,33.380000
1789080757.780681,0,0.000000,0.000000,0.000000,0.150000,0.000000,0.000000,0.000000,0.000000,8.000000,33.380000
1789080757.807605,0,0.000000,0.000000,0.000000,0.150000,0.000000,0.000000,0.000000,0.000000,8.000000,33.400000
1789080757.808113,0,0.000000,0.000000,0.000000,-0.140000,0.000000,0.000000,0.000000,0.000000,8.000000,33.400000
1789080757.808692,0,0.000000,0.000000,0.000000,0.100000,0.000000,0.000000,0.000000,0.000000,8.000000,33.410000
1789080757.837053,0,0.000000,0.000000,0.000000,0.100000,0.000000,0.000000,0.000000,0.000000,8.000000,33.430000
1789080757.837552,0,0.000000,0.000000,0.000000,-0.050000,0.000000,0.000000,0.000000,0.000000,8.000000,33.430000
1789080757.864292,0,0.000000,0.000000,0.000000,-0.090000,0.000000,0.000000,0.000000,0.000000,8.000000,33.450000
1789080757.864962,0,0.000000,0.000000,0.000000,-0.090000,0.000000,0.000000,0.000000,0.000000,8.000000,33.450000
1789080757.865453,0,0.000000,0.000000,0.000000,0.150000,0.000000,0.000000,0.000000,0.000000,8.000000,33.470000
1789080757.893400,0,0.000000,0.000000,0.000000,-0.140000,0.000000,0.000000,0.000000,0.000000,8.000000,33.470000
1789080757.894001,0,0.000000,0.000000,0.000000,0.370000,0.000000,0.000000,0.000000,0.000000,8.000000,33.490000
1789080757.894468,0,0.000000,0.000000,0.000000,0.230000,0.000000,0.000000,0.000000,0.000000,8.000000,33.500000
1789080757.921928,0,0.000000,0.000000,0.000000,0.000000,0.000000,0.000000,0.000000,0.000000,8.000000,33.520000
1789080757.922433,0,0.000000,0.000000,0.000000,0.000000,0.000000,0.000000,0.000000,0.000000,8.000000,33.520000
1789080757.922829,0,0.000000,0.000000,0.000000,0.000000,0.000000,0.000000,0.000000,0.000000,8.000000,33.540000
1789080757.923325,0,0.000000,0.000000,0.000000,-0.050000,0.000000,0.000000,0.000000,0.000000,8.000000,33.540000
1789080757.949471,0,0.000000,0.000000,0.000000,0.100000,0.000000,0.000000,0.000000,0.000000,8.000000,33.540000
1789080757.950275,0,0.000000,0.000000,0.000000,-0.050000,0.000000,0.000000,0.000000,0.000000,8.000000,33.560000
1789080757.977545,0,0.000000,0.000000,0.000000,-0.050000,0.000000,0.000000,0.000000,0.000000,8.000000,33.560000
1789080757.978038,0,0.000000,0.000000,0.000000,0.000000,0.000000,0.000000,0.000000,0.000000,8.000000,33.580000
1789080758.005211,0,0.000000,0.000000,0.000000,0.100000,0.000000,0.000000,0.000000,0.000000,8.000000,33.590000
1789080758.005717,0,0.000000,0.000000,0.000000,0.280000,0.000000,0.000000,0.000000,0.000000,8.000000,33.610000
1789080758.006143,0,0.000000,0.000000,0.000000,-0.090000,0.000000,0.000000,0.000000,0.000000,8.000000,33.610000
1789080758.006648,0,0.000000,0.000000,0.000000,0.000000,0.000000,0.000000,0.000000,0.000000,8.000000,33.630000
1789080758.034431,0,0.000000,0.000000,0.000000,0.150000,0.000000,0.000000,0.000000,0.000000,8.000000,33.630000
1789080758.034908,0,0.000000,0.000000,0.000000,0.000000,0.000000,0.000000,0.000000,0.000000,8.000000,33.630000
1789080758.035420,0,0.000000,0.000000,0.000000,0.000000,0.000000,0.000000,0.000000,0.000000,8.000000,33.650000
1789080758.061912,0,0.000000,0.000000,0.000000,-0.520000,0.000000,0.000000,0.000000,0.000000,8.000000,33.650000
1789080758.062422,0,0.000000,0.000000,0.000000,0.010000,0.000000,0.000000,0.000000,0.000000,8.000000,33.660000
1789080758.091841,0,0.000000,0.000000,0.000000,0.010000,0.000000,0.000000,0.000000,0.000000,8.000000,33.680000
1789080758.092351,0,0.000000,0.000000,0.000000,0.100000,0.000000,0.000000,0.000000,0.000000,8.000000,33.680000
1789080758.092769,0,0.000000,0.000000,0.000000,-0.180000,0.000000,0.000000,0.000000,0.000000,8.000000,33.700000
1789080758.093132,0,0.000000,0.000000,0.000000,0.000000,0.000000,0.000000,0.000000,0.000000,8.000000,33.700000
1789080758.122199,0,0.000000,0.000000,0.000000,0.000000,0.000000,0.000000,0.000000,0.000000,8.000000,33.720000
1789080758.122695,0,0.000000,0.000000,0.000000,0.100000,0.000000,0.000000,0.000000,0.000000,8.000000,33.720000
1789080758.151741,0,0.000000,0.000000,0.000000,0.100000,0.000000,0.000000,0.000000,0.000000,8.000000,33.740000
1789080758.152251,0,0.000000,0.000000,0.000000,0.070000,0.000000,0.000000,0.000000,0.000000,8.000000,33.750000
1789080758.152647,0,0.000000,0.000000,0.000000,0.000000,0.000000,0.000000,0.000000,0.000000,8.000000,33.750000
1789080758.182439,0,0.000000,0.000000,0.000000,0.010000,0.000000,0.000000,0.000000,0.000000,8.000000,33.770000
1789080758.182993,0,0.000000,0.000000,0.000000,0.070000,0.000000,0.000000,0.000000,0.000000,8.000000,33.770000
1789080758.183367,0,0.000000,0.000000,0.000000,0.150000,0.000000,0.000000,0.000000,0.000000,8.000000,33.790000
1789080758.212325,0,0.000000,0.000000,0.000000,-0.050000,0.000000,0.000000,0.000000,0.000000,8.000000,33.790000
1789080758.212831,0,0.000000,0.000000,0.000000,0.000000,0.000000,0.000000,0.000000,0.000000,8.000000,33.810000
1789080758.213248,0,0.000000,0.000000,0.000000,0.010000,0.000000,0.000000,0.000000,0.000000,8.000000,33.810000
1789080758.242179,0,0.000000,0.000000,0.000000,0.200000,0.000000,0.000000,0.000000,0.000000,8.000000,33.830000
1789080758.242804,0,0.000000,0.000000,0.000000,-0.180000,0.000000,0.000000,0.000000,0.000000,8.000000,33.840000
1789080758.243232,0,0.000000,0.000000,0.000000,0.280000,0.000000,0.000000,0.000000,0.000000,8.000000,33.840000
1789080758.272441,0,0.000000,0.000000,0.000000,-0.050000,0.000000,0.000000,0.000000,0.000000,8.000000,33.860000
1789080758.272945,0,0.000000,0.000000,0.000000,0.070000,0.000000,0.000000,0.000000,0.000000,8.000000,33.860000
1789080758.273313,0,0.000000,0.000000,0.000000,0.100000,0.000000,0.000000,0.000000,0.000000,8.000000,33.880000
1789080758.302294,0,0.000000,0.000000,0.000000,0.010000,0.000000,0.000000,0.000000,0.000000,8.000000,33.880000
1789080758.302787,0,0.000000,0.000000,0.000000,0.010000,0.000000,0.000000,0.000000,0.000000,8.000000,33.900000
1789080758.303217,0,0.000000,0.000000,0.000000,0.000000,0.000000,0.000000,0.000000,0.000000,8.000000,33.900000
1789080758.332167,0,0.000000,0.000000,0.000000,-0.660000,0.000000,0.000000,0.000000,0.000000,8.000000,33.910000
1789080758.332679,0,0.000000,0.000000,1.000000,-0.180000,0.000000,0.000000,0.000000,0.000000,8.000000,33.930000
1789080758.333050,0,0.000000,0.000000,1.000000,0.070000,0.000000,0.000000,0.000000,0.000000,8.000000,33.930000
1789080758.359149,0,0.000000,0.000000,1.000000,0.010000,0.000000,0.000000,0.000000,0.000000,8.000000,33.950000
1789080758.359658,0,0.000000,0.000000,1.000000,-0.090000,0.000000,0.000000,0.000000,0.000000,8.000000,33.950000
1789080758.360062,0,0.000000,0.000000,1.000000,0.070000,0.000000,0.000000,0.000000,0.000000,8.000000,33.970000
1789080758.383838,0,0.000000,0.000000,1.000000,0.100000,0.000000,0.000000,0.000000,0.000000,8.000000,33.970000
1789080758.384520,0,0.000000,0.000000,1.000000,0.230000,0.000000,0.000000,0.000000,0.000000,8.000000,33.990000
1789080758.384998,0,0.000000,0.000000,1.000000,0.150000,0.000000,0.000000,0.000000,0.000000,8.000000,34.000000
1789080758.409433,0,0.000000,0.000000,1.000000,0.150000,0.000000,0.000000,0.000000,0.000000,8.000000,34.000000
1789080758.409933,0,0.000000,0.000000,1.000000,-0.140000,0.000000,0.000000,0.000000,0.000000,8.000000,34.020000
1789080758.435186,0,0.000000,0.000000,1.000000,0.070000,0.000000,0.000000,0.000000,0.000000,8.000000,34.020000
1789080758.435698,0,0.000000,0.000000,1.000000,0.000000,0.000000,0.000000,0.000000,0.000000,8.000000,34.040000
1789080758.436110,0,0.000000,0.000000,1.000000,-0.090000,0.000000,0.000000,0.000000,0.000000,8.000000,34.040000
1789080758.460848,0,0.000000,0.000000,1.000000,0.010000,0.000000,0.000000,0.000000,0.000000,8.000000,34.060000
1789080758.461349,0,0.000000,0.000000,1.000000,-0.400000,0.000000,0.000000,0.000000,0.000000,8.000000,34.060000
1789080758.461766,0,0.000000,0.000000,1.000000,0.100000,0.000000,0.000000,0.000000,0.000000,8.000000,34.080000
1789080758.486071,0,0.000000,0.000000,1.000000,-0.180000,0.000000,0.000000,0.000000,0.000000,8.000000,34.090000
1789080758.486583,0,0.000000,0.000000,1.000000,-0.090000,0.000000,0.000000,0.000000,0.000000,8.000000,34.090000
1789080758.511791,0,0.000000,0.000000,1.000000,0.070000,0.000000,0.000000,0.000000,0.000000,8.000000,34.110000
1789080758.512305,0,0.000000,0.000000,1.000000,0.010000,0.000000,0.000000,0.000000,0.000000,8.000000,34.110000
1789080758.512933,0,0.000000,0.000000,1.000000,0.070000,0.000000,0.000000,0.000000,0.000000,8.000000,34.130000
1789080758.538881,0,0.000000,0.000000,1.000000,-0.090000,0.000000,0.000000,0.000000,0.000000,8.000000,34.130000
1789080758.539392,0,0.000000,0.000000,1.000000,0.200000,0.000000,0.000000,0.000000,0.000000,8.000000,34.150000
1789080758.539797,0,0.000000,0.000000,1.000000,-0.660000,0.000000,0.000000,0.000000,0.000000,8.000000,34.150000
1789080758.564108,0,0.000000,0.000000,1.000000,0.280000,0.000000,0.000000,0.000000,0.000000,8.000000,34.160000
1789080758.564618,0,0.000000,0.000000,1.000000,0.010000,0.000000,0.000000,0.000000,0.000000,8.000000,34.180000
1789080758.565039,0,0.000000,0.000000,1.000000,-0.090000,0.000000,0.000000,0.000000,0.000000,8.000000,34.180000
1789080758.589139,0,0.000000,0.000000,1.000000,0.150000,0.000000,0.000000,0.000000,0.000000,8.000000,34.200000
1789080758.589639,0,0.000000,0.000000,1.000000,0.070000,0.000000,0.000000,0.000000,0.000000,8.000000,34.200000
1789080758.614007,0,0.000000,0.000000,1.000000,0.200000,0.000000,0.000000,0.000000,0.000000,8.000000,34.220000
1789080758.614509,0,0.000000,0.000000,1.000000,-0.090000,0.000000,0.000000,0.000000,0.000000,8.000000,34.220000
1789080758.639334,0,0.000000,0.000000,1.000000,0.070000,0.000000,0.000000,0.000000,0.000000,8.000000,34.240000
1789080758.639855,0,0.000000,0.000000,1.000000,0.150000,0.000000,0.000000,0.000000,0.000000,8.000000,34.250000
1789080758.640271,0,0.000000,0.000000,1.000000,-0.050000,0.000000,0.000000,0.000000,0.000000,8.000000,34.250000
1789080758.664650,0,0.000000,0.000000,1.000000,-0.050000,0.000000,0.000000,0.000000,0.000000,8.000000,34.270000
1789080758.665160,0,0.000000,0.000000,1.000000,0.010000,0.000000,0.000000,0.000000,0.000000,8.000000,34.270000
1789080758.665574,0,0.000000,0.000000,1.000000,0.200000,0.000000,0.000000,0.000000,0.000000,8.000000,34.290000
1789080758.690832,0,0.000000,0.000000,1.000000,-0.090000,0.000000,0.000000,0.000000,0.000000,8.000000,34.290000
1789080758.691390,0,0.000000,0.000000,1.000000,0.000000,0.000000,0.000000,0.000000,0.000000,8.000000,34.310000
1789080758.691930,0,0.000000,0.000000,1.000000,-0.050000,0.000000,0.000000,0.000000,0.000000,8.000000,34.310000
1789080758.716299,0,0.000000,0.000000,1.000000,0.150000,0.000000,0.000000,0.000000,0.000000,8.000000,34.330000
1789080758.740674,0,0.000000,0.000000,1.000000,0.100000,0.000000,0.000000,0.000000,0.000000,8.000000,34.340000
1789080758.741178,0,0.000000,0.000000,1.000000,0.150000,0.000000,0.000000,0.000000,0.000000,8.000000,34.340000
1789080758.766544,0,0.000000,0.000000,1.000000,0.150000,0.000000,0.000000,0.000000,0.000000,8.000000,34.360000
1789080758.767033,0,0.000000,0.000000,1.000000,0.280000,0.000000,0.000000,0.000000,0.000000,8.000000,34.360000
1789080758.767517,0,0.000000,0.000000,1.000000,0.010000,0.000000,0.000000,0.000000,0.000000,8.000000,34.380000
1789080758.791562,0,0.000000,0.000000,1.000000,0.150000,0.000000,0.000000,0.000000,0.000000,8.000000,34.380000
1789080758.792052,0,0.000000,0.000000,1.000000,0.070000,0.000000,0.000000,0.000000,0.000000,8.000000,34.400000
1789080758.792461,0,0.000000,0.000000,1.000000,0.200000,0.000000,0.000000,0.000000,0.000000,8.000000,34.400000
1789080758.817390,0,0.000000,0.000000,1.000000,0.010000,0.000000,0.000000,0.000000,0.000000,8.000000,34.410000
1789080758.817898,0,0.000000,0.000000,1.000000,-0.430000,0.000000,0.000000,0.000000,0.000000,8.000000,34.430000
1789080758.842679,0,0.000000,0.000000,1.000000,-0.050000,0.000000,0.000000,0.000000,0.000000,8.000000,34.430000
1789080758.843152,0,0.000000,0.000000,1.000000,0.200000,0.000000,0.000000,0.000000,0.000000,8.000000,34.450000
1789080758.843528,0,0.000000,0.000000,1.000000,0.000000,0.000000,0.000000,0.000000,0.000000,8.000000,34.450000
1789080758.868479,0,0.000000,0.000000,1.000000,-0.050000,0.000000,0.000000,0.000000,0.000000,8.000000,34.470000
1789080758.868983,0,0.000000,0.000000,1.000000,-0.140000,0.000000,0.000000,0.000000,0.000000,8.000000,34.470000
1789080758.869417,0,0.000000,0.000000,1.000000,-0.140000,0.000000,0.000000,0.000000,0.000000,8.000000,34.490000
1789080758.893622,0,0.000000,0.000000,1.000000,0.000000,0.000000,0.000000,0.000000,0.000000,8.000000,34.500000
1789080758.894127,0,0.000000,0.000000,1.000000,0.010000,0.000000,0.000000,0.000000,0.000000,8.000000,34.500000
1789080758.894625,0,0.000000,0.000000,1.000000,0.070000,0.000000,0.000000,0.000000,0.000000,8.000000,34.520000
1789080758.919160,0,0.000000,0.000000,1.000000,-0.090000,0.000000,0.000000,0.000000,0.000000,8.000000,34.520000
1789080758.919670,0,0.000000,0.000000,1.000000,-0.140000,0.000000,0.000000,0.000000,0.000000,8.000000,34.540000
1789080758.944749,0,0.000000,0.000000,1.000000,0.000000,0.000000,0.000000,0.000000,0.000000,8.000000,34.540000
1789080758.945249,0,0.000000,0.000000,1.000000,0.010000,0.000000,0.000000,0.000000,0.000000,8.000000,34.560000
1789080758.969860,0,0.000000,0.000000,1.000000,-0.090000,0.000000,0.000000,0.000000,0.000000,8.000000,34.560000
1789080758.970364,0,0.000000,0.000000,1.000000,0.010000,0.000000,0.000000,0.000000,0.000000,8.000000,34.580000
1789080758.970754,0,0.000000,0.000000,1.000000,-0.090000,0.000000,0.000000,0.000000,0.000000,8.000000,34.590000
1789080758.995307,0,0.000000,0.000000,1.000000,0.100000,0.000000,0.000000,0.000000,0.000000,8.000000,34.590000
1789080758.995809,0,0.000000,0.000000,1.000000,0.280000,0.000000,0.000000,0.000000,0.000000,8.000000,34.610000
1789080759.020439,0,0.000000,0.000000,1.000000,-0.050000,0.000000,0.000000,0.000000,0.000000,8.000000,34.610000
1789080759.020943,0,0.000000,0.000000,1.000000,0.010000,0.000000,0.000000,0.000000,0.000000,8.000000,34.630000
1789080759.021765,0,0.000000,0.000000,1.000000,0.100000,0.000000,0.000000,0.000000,0.000000,8.000000,34.630000
1789080759.045854,0,0.000000,0.000000,1.000000,0.280000,0.000000,0.000000,0.000000,0.000000,8.000000,34.650000
1789080759.046359,0,0.000000,0.000000,1.000000,0.000000,0.000000,0.000000,0.000000,0.000000,8.000000,34.650000
1789080759.071280,0,0.000000,0.000000,1.000000,0.010000,0.000000,0.000000,0.000000,0.000000,8.000000,34.660000
1789080759.071851,0,0.000000,0.000000,1.000000,0.200000,0.000000,0.000000,0.000000,0.000000,8.000000,34.680000
1789080759.097224,0,0.000000,0.000000,1.000000,-0.050000,0.000000,0.000000,0.000000,0.000000,8.000000,34.680000
1789080759.097743,0,0.000000,0.000000,1.000000,0.400000,0.000000,0.000000,0.000000,0.000000,8.000000,34.700000
1789080759.098113,0,0.000000,0.000000,1.000000,0.070000,0.000000,0.000000,0.000000,0.000000,8.000000,34.700000
1789080759.098577,0,0.000000,0.000000,1.000000,0.100000,0.000000,0.000000,0.000000,0.000000,8.000000,34.720000
1789080759.123582,0,0.000000,0.000000,1.000000,-0.140000,0.000000,0.000000,0.000000,0.000000,8.000000,34.720000
1789080759.149555,0,0.000000,0.000000,1.000000,0.150000,0.000000,0.000000,0.000000,0.000000,8.000000,34.740000
1789080759.150073,0,0.000000,0.000000,1.000000,0.070000,0.000000,0.000000,0.000000,0.000000,8.000000,34.750000
1789080759.150475,0,0.000000,0.000000,1.000000,-0.210000,0.000000,0.000000,0.000000,0.000000,8.000000,34.750000
1789080759.150964,0,0.000000,0.000000,1.000000,0.150000,0.000000,0.000000,0.000000,0.000000,8.000000,34.770000
1789080759.175075,0,0.000000,0.000000,1.000000,0.070000,0.000000,0.000000,0.000000,0.000000,8.000000,34.770000
1789080759.175586,0,0.000000,0.000000,1.000000,0.000000,0.000000,0.000000,0.000000,0.000000,8.000000,34.790000
1789080759.199151,0,0.000000,0.000000,1.000000,0.200000,0.000000,0.000000,0.000000,0.000000,8.000000,34.790000
1789080759.199770,0,0.000000,0.000000,1.000000,0.070000,0.000000,0.000000,0.000000,0.000000,8.000000,34.810000
1789080759.200358,0,0.000000,0.000000,1.000000,0.200000,0.000000,0.000000,0.000000,0.000000,8.000000,34.810000
1789080759.224520,0,0.000000,0.000000,1.000000,0.150000,0.000000,0.000000,0.000000,0.000000,8.000000,34.830000
1789080759.225110,0,0.000000,0.000000,1.000000,0.010000,0.000000,0.000000,0.000000,0.000000,8.000000,34.840000
1789080759.249666,0,0.000000,0.000000,1.000000,0.000000,0.000000,0.000000,0.000000,0.000000,8.000000,34.840000
1789080759.250171,0,0.000000,0.000000,1.000000,0.330000,0.000000,0.000000,0.000000,0.000000,8.000000,34.860000
1789080759.276859,0,0.000000,0.000000,1.000000,0.000000,0.000000,0.000000,0.000000,0.000000,8.000000,34.860000
1789080759.277430,0,0.000000,0.000000,1.000000,-0.140000,0.000000,0.000000,0.000000,0.000000,8.000000,34.880000
1789080759.277919,0,0.000000,0.000000,1.000000,0.010000,0.000000,0.000000,0.000000,0.000000,8.000000,34.880000
1789080759.301957,0,0.000000,0.000000,1.000000,0.200000,0.000000,0.000000,0.000000,0.000000,8.000000,34.900000
1789080759.302464,0,0.000000,0.000000,1.000000,0.010000,0.000000,0.000000,0.000000,0.000000,8.000000,34.900000
1789080759.302882,0,0.000000,0.000000,1.000000,0.100000,0.000000,0.000000,0.000000,0.000000,8.000000,34.910000
1789080759.326791,0,0.000000,0.000000,1.000000,0.000000,0.000000,0.000000,0.000000,0.000000,8.000000,34.930000
1789080759.327289,0,0.000000,0.000000,1.000000,-0.310000,0.000000,0.000000,0.000000,0.000000,8.000000,34.930000
1789080759.351364,0,0.000000,0.000000,1.000000,0.010000,0.000000,0.000000,0.000000,0.000000,8.000000,34.950000
1789080759.351867,0,0.000000,0.000000,1.000000,0.070000,0.000000,0.000000,0.000000,0.000000,8.000000,34.950000
1789080759.376252,0,0.000000,0.000000,1.000000,0.100000,0.000000,0.000000,0.000000,0.000000,8.000000,34.970000
1789080759.376754,0,0.000000,0.000000,1.000000,0.200000,0.000000,0.000000,0.000000,0.000000,8.000000,34.970000
1789080759.400734,0,0.000000,0.000000,1.000000,0.200000,0.000000,0.000000,0.000000,0.000000,8.000000,34.990000
1789080759.401207,0,0.000000,0.000000,1.000000,0.230000,0.000000,0.000000,0.000000,0.000000,8.000000,35.000000
1789080759.424997,0,0.000000,0.000000,1.000000,0.150000,0.000000,0.000000,0.000000,0.000000,8.000000,35.020000
1789080759.425465,0,0.000000,0.000000,1.000000,0.280000,0.000000,0.000000,0.000000,0.000000,8.000000,35.020000
1789080759.450358,0,0.000000,0.000000,1.000000,0.230000,0.000000,0.000000,0.000000,0.000000,8.000000,35.040000
1789080759.450867,0,0.000000,0.000000,1.000000,0.100000,0.000000,0.000000,0.000000,0.000000,8.000000,35.040000
1789080759.451286,0,0.000000,0.000000,1.000000,0.010000,0.000000,0.000000,0.000000,0.000000,8.000000,35.060000
1789080759.451665,0,0.000000,0.000000,1.000000,0.200000,0.000000,0.000000,0.000000,0.000000,8.000000,35.060000
1789080759.476727,0,0.000000,0.000000,1.000000,0.000000,0.000000,0.000000,0.000000,0.000000,8.000000,35.080000
1789080759.477441,0,0.000000,0.000000,1.000000,-0.050000,0.000000,0.000000,0.000000,0.000000,8.000000,35.090000
1789080759.501521,0,0.000000,0.000000,1.000000,0.070000,0.000000,0.000000,0.000000,0.000000,8.000000,35.090000
1789080759.502053,0,0.000000,0.000000,1.000000,0.100000,0.000000,0.000000,0.000000,0.000000,8.000000,35.110000
1789080759.502559,0,0.000000,0.000000,1.000000,-0.210000,0.000000,0.000000,0.000000,0.000000,8.000000,35.110000
1789080759.526122,0,0.000000,0.000000,1.000000,0.010000,0.000000,0.000000,0.000000,0.000000,8.000000,35.130000
1789080759.526620,0,0.000000,0.000000,1.000000,0.010000,0.000000,0.000000,0.000000,0.000000,8.000000,35.130000
1789080759.527035,0,0.000000,0.000000,1.000000,-0.140000,0.000000,0.000000,0.000000,0.000000,8.000000,35.150000
1789080759.551034,0,0.000000,0.000000,1.000000,0.070000,0.000000,0.000000,0.000000,0.000000,8.000000,35.150000
1789080759.551551,0,0.000000,0.000000,1.000000,-0.050000,0.000000,0.000000,0.000000,0.000000,8.000000,35.160000
1789080759.575767,0,0.000000,0.000000,1.000000,0.000000,0.000000,0.000000,0.000000,0.000000,8.000000,35.180000
1789080759.576302,0,0.000000,0.000000,1.000000,0.100000,0.000000,0.000000,0.000000,0.000000,8.000000,35.180000
1789080759.576806,0,0.000000,0.000000,1.000000,-0.090000,0.000000,0.000000,0.000000,0.000000,8.000000,35.200000
1789080759.600941,0,0.000000,0.000000,1.000000,0.150000,0.000000,0.000000,0.000000,0.000000,8.000000,35.200000
1789080759.601447,0,0.000000,0.000000,1.000000,-0.090000,0.000000,0.000000,0.000000,0.000000,8.000000,35.220000
1789080759.625437,0,0.000000,0.000000,1.000000,-0.140000,0.000000,0.000000,0.000000,0.000000,8.000000,35.220000
1789080759.625940,0,0.000000,0.000000,1.000000,-0.050000,0.000000,0.000000,0.000000,0.000000,8.000000,35.240000
1789080759.651331,0,0.000000,0.000000,1.000000,0.100000,0.000000,0.000000,0.000000,0.000000,8.000000,35.250000
1789080759.651837,0,0.000000,0.000000,1.000000,-0.090000,0.000000,0.000000,0.000000,0.000000,8.000000,35.250000
1789080759.652244,0,0.000000,0.000000,1.000000,0.200000,0.000000,0.000000,0.000000,0.000000,8.000000,35.270000
1789080759.677151,0,0.000000,0.000000,1.000000,0.000000,0.000000,0.000000,0.000000,0.000000,8.000000,35.270000
1789080759.677660,0,0.000000,0.000000,1.000000,0.200000,0.000000,0.000000,0.000000,0.000000,8.000000,35.290000
1789080759.678056,0,0.000000,0.000000,1.000000,-0.050000,0.000000,0.000000,0.000000,0.000000,8.000000,35.290000
1789080759.702655,0,0.000000,0.000000,1.000000,0.000000,0.000000,0.000000,0.000000,0.000000,8.000000,35.310000
1789080759.703154,0,0.000000,0.000000,1.000000,0.070000,0.000000,0.000000,0.000000,0.000000,8.000000,35.310000
1789080759.703844,0,0.000000,0.000000,1.000000,-0.090000,0.000000,0.000000,0.000000,0.000000,8.000000,35.330000
1789080759.728225,0,0.000000,0.000000,1.000000,0.150000,0.000000,0.000000,0.000000,0.000000,8.000000,35.340000
1789080759.728707,0,0.000000,0.000000,1.000000,0.230000,0.000000,0.000000,0.000000,0.000000,8.000000,35.340000
1789080759.754238,0,0.000000,0.000000,1.000000,0.100000,0.000000,0.000000,0.000000,0.000000,8.000000,35.360000
1789080759.754882,0,0.000000,0.000000,1.000000,0.070000,0.000000,0.000000,0.000000,0.000000,8.000000,35.360000
1789080759.755332,0,0.000000,0.000000,1.000000,-0.180000,0.000000,0.000000,0.000000,0.000000,8.000000,35.360000
1789080759.779646,0,0.000000,0.000000,1.000000,0.150000,0.000000,0.000000,0.000000,0.000000,8.000000,35.380000
1789080759.780157,0,0.000000,0.000000,1.000000,-0.050000,0.000000,0.000000,0.000000,0.000000,8.000000,35.380000
1789080759.780659,0,0.000000,0.000000,1.000000,0.000000,0.000000,0.000000,0.000000,0.000000,8.000000,35.400000
1789080759.805966,0,0.000000,0.000000,1.000000,0.200000,0.000000,0.000000,0.000000,0.000000,8.000000,35.400000
1789080759.831355,0,0.000000,0.000000,1.000000,0.280000,0.000000,0.000000,0.000000,0.000000,8.000000,35.410000
1789080759.831844,0,0.000000,0.000000,1.000000,0.010000,0.000000,0.000000,0.000000,0.000000,8.000000,35.430000
1789080759.832551,0,0.000000,0.000000,1.000000,-0.050000,0.000000,0.000000,0.000000,0.000000,8.000000,35.430000
1789080759.857229,0,0.000000,0.000000,1.000000,0.000000,0.000000,0.000000,0.000000,0.000000,8.000000,35.450000
1789080759.857734,0,0.000000,0.000000,1.000000,0.010000,0.000000,0.000000,0.000000,0.000000,8.000000,35.450000
1789080759.881901,0,0.000000,0.000000,1.000000,0.230000,0.000000,0.000000,0.000000,0.000000,8.000000,35.470000
1789080759.882546,0,0.000000,0.000000,1.000000,0.230000,0.000000,0.000000,0.000000,0.000000,8.000000,35.490000
1789080759.883009,0,0.000000,0.000000,1.000000,0.070000,0.000000,0.000000,0.000000,0.000000,8.000000,35.500000
1789080759.883648,0,0.000000,0.000000,1.000000,0.010000,0.000000,0.000000,0.000000,0.000000,8.000000,35.500000
1789080759.907757,0,0.000000,0.000000,1.000000,0.850000,0.000000,0.000000,0.000000,0.000000,8.000000,35.520000
1789080759.908333,0,0.000000,0.000000,1.000000,-0.050000,0.000000,0.000000,0.000000,0.000000,8.000000,35.520000
1789080759.932994,0,0.000000,0.000000,1.000000,0.070000,0.000000,0.000000,0.000000,0.000000,8.000000,35.520000
1789080759.933500,0,0.000000,0.000000,1.000000,0.000000,0.000000,0.000000,0.000000,0.000000,8.000000,35.540000
1789080759.933902,0,0.000000,0.000000,1.000000,-0.090000,0.000000,0.000000,0.000000,0.000000,8.000000,35.540000
1789080759.958425,0,0.000000,0.000000,1.000000,-0.050000,0.000000,0.000000,0.000000,0.000000,8.000000,35.560000
1789080759.958928,0,0.000000,0.000000,1.000000,0.070000,0.000000,0.000000,0.000000,0.000000,8.000000,35.560000
1789080759.983078,0,0.000000,0.000000,1.000000,-0.140000,0.000000,0.000000,0.000000,0.000000,8.000000,35.580000
1789080759.983559,0,0.000000,0.000000,1.000000,0.150000,0.000000,0.000000,0.000000,0.000000,8.000000,35.590000
1789080759.983974,0,0.000000,0.000000,1.000000,0.100000,0.000000,0.000000,0.000000,0.000000,8.000000,35.590000
1789080760.007977,0,0.000000,0.000000,1.000000,0.010000,0.000000,0.000000,0.000000,0.000000,8.000000,35.610000
1789080760.008487,0,0.000000,0.000000,1.000000,-0.180000,0.000000,0.000000,0.000000,0.000000,8.000000,35.610000
1789080760.033427,0,0.000000,0.000000,1.000000,0.000000,0.000000,0.000000,0.000000,0.000000,8.000000,35.630000
1789080760.033937,0,0.000000,0.000000,1.000000,-0.050000,0.000000,0.000000,0.000000,0.000000,8.000000,35.630000
1789080760.057921,0,0.000000,0.000000,1.000000,0.100000,0.000000,0.000000,0.000000,0.000000,8.000000,35.650000
1789080760.058429,0,0.000000,0.000000,1.000000,0.200000,0.000000,0.000000,0.000000,0.000000,8.000000,35.650000
1789080760.058992,0,0.000000,0.000000,1.000000,0.230000,0.000000,0.000000,0.000000,0.000000,8.000000,35.680000
1789080760.083093,0,0.000000,0.000000,1.000000,0.070000,0.000000,0.000000,0.000000,0.000000,8.000000,35.680000
1789080760.083596,0,0.000000,0.000000,1.000000,0.070000,0.000000,0.000000,0.000000,0.000000,8.000000,35.700000
1789080760.108253,0,0.000000,0.000000,1.000000,0.070000,0.000000,0.000000,0.000000,0.000000,8.000000,35.700000
1789080760.108753,0,0.000000,0.000000,1.000000,0.070000,0.000000,0.000000,0.000000,0.000000,8.000000,35.720000
1789080760.109427,0,0.000000,0.000000,1.000000,0.070000,0.000000,0.000000,0.000000,0.000000,8.000000,35.720000
1789080760.133931,0,0.000000,0.000000,1.000000,0.100000,0.000000,0.000000,0.000000,0.000000,8.000000,35.740000
1789080760.134430,0,0.000000,0.000000,1.000000,-0.090000,0.000000,0.000000,0.000000,0.000000,8.000000,35.750000
1789080760.158429,0,0.000000,0.000000,1.000000,0.070000,0.000000,0.000000,0.000000,0.000000,8.000000,35.750000
1789080760.158937,0,0.000000,0.000000,1.000000,-0.090000,0.000000,0.000000,0.000000,0.000000,8.000000,35.770000
1789080760.159466,0,0.000000,0.000000,1.000000,0.230000,0.000000,0.000000,0.000000,0.000000,8.000000,35.770000
1789080760.183379,0,0.000000,0.000000,1.000000,0.010000,0.000000,0.000000,0.000000,0.000000,8.000000,35.770000
1789080760.183889,0,0.000000,0.000000,1.000000,0.100000,0.000000,0.000000,0.000000,0.000000,8.000000,35.790000
1789080760.184398,0,0.000000,0.000000,1.000000,0.010000,0.000000,0.000000,0.000000,0.000000,8.000000,35.790000
1789080760.208565,0,0.000000,0.000000,1.000000,0.070000,0.000000,0.000000,0.000000,0.000000,8.000000,35.810000
1789080760.209133,0,0.000000,0.000000,1.000000,0.230000,0.000000,0.000000,0.000000,0.000000,8.000000,35.810000
1789080760.233839,0,0.000000,0.000000,1.000000,0.280000,0.000000,0.000000,0.000000,0.000000,8.000000,35.830000
1789080760.234350,0,0.000000,0.000000,1.000000,0.150000,0.000000,0.000000,0.000000,0.000000,8.000000,35.840000
1789080760.259234,0,0.000000,0.000000,1.000000,0.070000,0.000000,0.000000,0.000000,0.000000,8.000000,35.860000
1789080760.259736,0,0.000000,0.000000,1.000000,-0.140000,0.000000,0.000000,0.000000,0.000000,8.000000,35.860000
1789080760.284463,0,0.000000,0.000000,1.000000,0.000000,0.000000,0.000000,0.000000,0.000000,8.000000,35.880000
1789080760.284972,0,0.000000,0.000000,1.000000,-0.090000,0.000000,0.000000,0.000000,0.000000,8.000000,35.880000
1789080760.285397,0,0.000000,0.000000,1.000000,-0.090000,0.000000,0.000000,0.000000,0.000000,8.000000,35.900000
1789080760.308624,0,0.000000,0.000000,1.000000,0.100000,0.000000,0.000000,0.000000,0.000000,8.000000,35.900000
1789080760.309124,0,0.000000,0.000000,1.000000,0.000000,0.000000,0.000000,0.000000,0.000000,8.000000,35.910000
1789080760.331045,0,0.000000,0.000000,1.000000,0.100000,0.000000,0.000000,0.000000,0.000000,8.000000,35.930000
1789080760.331611,0,0.000000,0.000000,1.000000,0.100000,0.000000,0.000000,0.000000,0.000000,8.000000,35.930000
1789080760.332330,0,0.000000,0.000000,1.000000,0.150000,0.000000,0.000000,0.000000,0.000000,8.000000,35.950000
1789080760.353021,0,0.000000,0.000000,1.000000,0.000000,0.000000,0.000000,0.000000,0.000000,8.000000,35.950000
1789080760.353614,0,0.000000,0.000000,1.000000,0.010000,0.000000,0.000000,0.000000,0.000000,8.000000,35.970000
1789080760.354174,0,0.000000,0.000000,1.000000,0.150000,0.000000,0.000000,0.000000,0.000000,8.000000,35.970000
1789080760.376495,0,0.000000,0.000000,1.000000,0.000000,0.000000,0.000000,0.000000,0.000000,8.000000,35.990000
1789080760.377274,0,0.000000,0.000000,1.000000,0.280000,0.000000,0.000000,0.000000,0.000000,8.000000,36.000000
1789080760.400011,0,0.000000,0.000000,1.000000,0.000000,0.000000,0.000000,0.000000,0.000000,8.000000,36.000000
1789080760.400513,0,0.000000,0.000000,1.000000,0.000000,0.000000,0.000000,0.000000,0.000000,8.000000,36.020000
1789080760.422924,0,0.000000,0.000000,1.000000,-0.050000,0.000000,0.000000,0.000000,0.000000,8.000000,36.020000
1789080760.423427,0,0.000000,0.000000,1.000000,0.100000,0.000000,0.000000,0.000000,0.000000,8.000000,36.040000
1789080760.445618,0,0.000000,0.000000,1.000000,-0.090000,0.000000,0.000000,0.000000,0.000000,8.000000,36.040000
1789080760.446121,0,0.000000,0.000000,1.000000,-0.210000,0.000000,0.000000,0.000000,0.000000,8.000000,36.060000
1789080760.446541,0,0.000000,0.000000,1.000000,0.070000,0.000000,0.000000,0.000000,0.000000,8.000000,36.060000
1789080760.468162,0,0.000000,0.000000,1.000000,0.070000,0.000000,0.000000,0.000000,0.000000,8.000000,36.080000
1789080760.468667,0,0.000000,0.000000,1.000000,0.100000,0.000000,0.000000,0.000000,0.000000,8.000000,36.090000
1789080760.490863,0,0.000000,0.000000,1.000000,-0.050000,0.000000,0.000000,0.000000,0.000000,8.000000,36.090000
1789080760.491365,0,0.000000,0.000000,1.000000,0.150000,0.000000,0.000000,0.000000,0.000000,8.000000,36.110000
1789080760.513907,0,0.000000,0.000000,1.000000,0.230000,0.000000,0.000000,0.000000,0.000000,8.000000,36.110000
1789080760.514413,0,0.000000,0.000000,1.000000,0.100000,0.000000,0.000000,0.000000,0.000000,8.000000,36.130000
1789080760.536008,0,0.000000,0.000000,1.000000,0.010000,0.000000,0.000000,0.000000,0.000000,8.000000,36.130000
1789080760.536509,0,0.000000,0.000000,1.000000,0.000000,0.000000,0.000000,0.000000,0.000000,8.000000,36.150000
1789080760.537018,0,0.000000,0.000000,1.000000,0.010000,0.000000,0.000000,0.000000,0.000000,8.000000,36.150000
1789080760.559829,0,0.000000,0.000000,1.000000,-0.090000,0.000000,0.000000,0.000000,0.000000,8.000000,36.160000
1789080760.560319,0,0.000000,0.000000,1.000000,-0.050000,0.000000,0.000000,0.000000,0.000000,8.000000,36.180000
1789080760.582781,0,0.000000,0.000000,1.000000,0.010000,0.000000,0.000000,0.000000,0.000000,8.000000,36.180000
1789080760.583285,0,0.000000,0.000000,1.000000,0.070000,0.000000,0.000000,0.000000,0.000000,8.000000,36.200000
1789080760.606409,0,0.000000,0.000000,1.000000,-0.140000,0.000000,0.000000,0.000000,0.000000,8.000000,36.200000
1789080760.607049,0,0.000000,0.000000,1.000000,0.000000,0.000000,0.000000,0.000000,0.000000,8.000000,36.220000
1789080760.607462,0,0.000000,0.000000,1.000000,0.070000,0.000000,0.000000,0.000000,0.000000,8.000000,36.220000
1789080760.629305,0,0.000000,0.000000,1.000000,-0.180000,0.000000,0.000000,0.000000,0.000000,8.000000,36.240000
1789080760.629854,0,0.000000,0.000000,1.000000,0.010000,0.000000,0.000000,0.000000,0.000000,8.000000,36.250000
1789080760.630454,0,0.000000,0.000000,1.000000,0.070000,0.000000,0.000000,0.000000,0.000000,8.000000,36.250000
1789080760.653012,0,0.000000,0.000000,1.000000,0.000000,0.000000,0.000000,0.000000,0.000000,8.000000,36.270000
1789080760.675271,0,0.000000,0.000000,1.000000,0.100000,0.000000,0.000000,0.000000,0.000000,8.000000,36.270000
1789080760.675769,0,0.000000,0.000000,1.000000,0.100000,0.000000,0.000000,0.000000,0.000000,8.000000,36.290000
1789080760.697216,0,0.000000,0.000000,1.000000,0.070000,0.000000,0.000000,0.000000,0.000000,8.000000,36.290000
1789080760.697699,0,0.000000,0.000000,1.000000,0.000000,0.000000,0.000000,0.000000,0.000000,8.000000,36.310000
1789080760.698267,0,0.000000,0.000000,1.000000,0.010000,0.000000,0.000000,0.000000,0.000000,8.000000,36.310000
1789080760.720015,0,0.000000,0.000000,1.000000,0.280000,0.000000,0.000000,0.000000,0.000000,8.000000,36.330000
1789080760.720706,0,0.000000,0.000000,1.000000,0.070000,0.000000,0.000000,0.000000,0.000000,8.000000,36.340000
1789080760.742232,0,0.000000,0.000000,1.000000,0.100000,0.000000,0.000000,0.000000,0.000000,8.000000,36.340000
1789080760.742735,0,0.000000,0.000000,1.000000,0.200000,0.000000,0.000000,0.000000,0.000000,8.000000,36.360000
1789080760.743327,0,0.000000,0.000000,1.000000,0.150000,0.000000,0.000000,0.000000,0.000000,8.000000,36.360000
1789080760.765146,0,0.000000,0.000000,1.000000,0.000000,0.000000,0.000000,0.000000,0.000000,8.000000,36.380000
1789080760.765923,0,0.000000,0.000000,1.000000,-0.140000,0.000000,0.000000,0.000000,0.000000,8.000000,36.380000
1789080760.788492,0,0.000000,0.000000,1.000000,0.010000,0.000000,0.000000,0.000000,0.000000,8.000000,36.400000
1789080760.788999,0,0.000000,0.000000,1.000000,0.000000,0.000000,0.000000,0.000000,0.000000,8.000000,36.400000
1789080760.811121,0,0.000000,0.000000,1.000000,0.010000,0.000000,0.000000,0.000000,0.000000,8.000000,36.410000
1789080760.811647,0,0.000000,0.000000,1.000000,0.000000,0.000000,0.000000,0.000000,0.000000,8.000000,36.430000
1789080760.833482,0,0.000000,0.000000,1.000000,0.010000,0.000000,0.000000,0.000000,0.000000,8.000000,36.430000
1789080760.834037,0,0.000000,0.000000,1.000000,0.200000,0.000000,0.000000,0.000000,0.000000,8.000000,36.450000
1789080760.834611,0,0.000000,0.000000,1.000000,0.070000,0.000000,0.000000,0.000000,0.000000,8.000000,36.450000
1789080760.857644,0,0.000000,0.000000,1.000000,-0.050000,0.000000,0.000000,0.000000,0.000000,8.000000,36.470000
1789080760.858270,0,0.000000,0.000000,1.000000,0.150000,0.000000,0.000000,0.000000,0.000000,8.000000,36.470000
1789080760.858683,0,0.000000,0.000000,1.000000,0.010000,0.000000,0.000000,0.000000,0.000000,8.000000,36.490000
1789080760.881494,0,0.000000,0.000000,1.000000,0.070000,0.000000,0.000000,0.000000,0.000000,8.000000,36.500000
1789080760.903518,0,0.000000,0.000000,1.000000,-0.050000,0.000000,0.000000,0.000000,0.000000,8.000000,36.500000
1789080760.904030,0,0.000000,0.000000,1.000000,0.010000,0.000000,0.000000,0.000000,0.000000,8.000000,36.520000
1789080760.904427,0,0.000000,0.000000,1.000000,-0.050000,0.000000,0.000000,0.000000,0.000000,8.000000,36.520000
1789080760.926683,0,0.000000,0.000000,1.000000,0.000000,0.000000,0.000000,0.000000,0.000000,8.000000,36.540000
1789080760.927191,0,0.000000,0.000000,1.000000,0.070000,0.000000,0.000000,0.000000,0.000000,8.000000,36.540000
1789080760.950666,0,0.000000,0.000000,1.000000,-0.090000,0.000000,0.000000,0.000000,0.000000,8.000000,36.560000
1789080760.951308,0,0.000000,0.000000,1.000000,0.200000,0.000000,0.000000,0.000000,0.000000,8.000000,36.560000
1789080760.973174,0,0.000000,0.000000,1.000000,0.070000,0.000000,0.000000,0.000000,0.000000,8.000000,36.580000
1789080760.973669,0,0.000000,0.000000,1.000000,0.100000,0.000000,0.000000,0.000000,0.000000,8.000000,36.590000
1789080760.974193,0,0.000000,0.000000,1.000000,-0.090000,0.000000,0.000000,0.000000,0.000000,8.000000,36.590000
1789080760.996329,0,0.000000,0.000000,1.000000,0.100000,0.000000,0.000000,0.000000,0.000000,8.000000,36.610000
1789080761.018025,0,0.000000,0.000000,1.000000,0.000000,0.000000,0.000000,0.000000,0.000000,8.000000,36.610000
1789080761.018527,0,0.000000,0.000000,1.000000,0.070000,0.000000,0.000000,0.000000,0.000000,8.000000,36.630000
1789080761.018937,0,0.000000,0.000000,1.000000,0.230000,0.000000,0.000000,0.000000,0.000000,8.000000,36.630000
1789080761.041684,0,0.000000,0.000000,1.000000,0.540000,0.000000,0.000000,0.000000,0.000000,8.000000,36.650000
1789080761.042181,0,0.000000,0.000000,1.000000,0.070000,0.000000,0.000000,0.000000,0.000000,8.000000,36.650000
1789080761.065253,0,0.000000,0.000000,1.000000,0.100000,0.000000,0.000000,0.000000,0.000000,8.000000,36.660000
1789080761.065755,0,0.000000,0.000000,1.000000,-0.050000,0.000000,0.000000,0.000000,0.000000,8.000000,36.680000
1789080761.087281,0,0.000000,0.000000,1.000000,0.070000,0.000000,0.000000,0.000000,0.000000,8.000000,36.680000
1789080761.087878,0,0.000000,0.000000,1.000000,0.200000,0.000000,0.000000,0.000000,0.000000,8.000000,36.700000
1789080761.088331,0,0.000000,0.000000,1.000000,-0.140000,0.000000,0.000000,0.000000,0.000000,8.000000,36.700000
1789080761.088892,0,0.000000,0.000000,1.000000,0.100000,0.000000,0.000000,0.000000,0.000000,8.000000,36.720000
1789080761.110991,0,0.000000,0.000000,1.000000,-0.050000,0.000000,0.000000,0.000000,0.000000,8.000000,36.720000
1789080761.111659,0,0.000000,0.000000,1.000000,-0.090000,0.000000,0.000000,0.000000,0.000000,8.000000,36.720000
1789080761.133493,0,0.000000,0.000000,1.000000,0.100000,0.000000,0.000000,0.000000,0.000000,8.000000,36.740000
1789080761.134007,0,0.000000,0.000000,1.000000,-0.090000,0.000000,0.000000,0.000000,0.000000,8.000000,36.750000
1789080761.155567,0,0.000000,0.000000,1.000000,0.010000,0.000000,0.000000,0.000000,0.000000,8.000000,36.750000
1789080761.156135,0,0.000000,0.000000,1.000000,0.010000,0.000000,0.000000,0.000000,0.000000,8.000000,36.770000
1789080761.156766,0,0.000000,0.000000,1.000000,-0.090000,0.000000,0.000000,0.000000,0.000000,8.000000,36.770000
1789080761.178097,0,0.000000,0.000000,1.000000,0.010000,0.000000,0.000000,0.000000,0.000000,8.000000,36.790000
1789080761.178581,0,0.000000,0.000000,1.000000,0.000000,0.000000,0.000000,0.000000,0.000000,8.000000,36.790000
1789080761.179117,0,0.000000,0.000000,1.000000,0.500000,0.000000,0.000000,0.000000,0.000000,8.000000,36.810000
1789080761.201921,0,0.000000,0.000000,1.000000,0.010000,0.000000,0.000000,0.000000,0.000000,8.000000,36.810000
1789080761.222458,0,0.000000,0.000000,1.000000,0.000000,0.000000,0.000000,0.000000,0.000000,8.000000,36.830000
1789080761.222968,0,0.000000,0.000000,1.000000,0.150000,0.000000,0.000000,0.000000,0.000000,8.000000,36.840000
1789080761.246349,0,0.000000,0.000000,1.000000,0.000000,0.000000,0.000000,0.000000,0.000000,8.000000,36.840000
1789080761.269192,0,0.000000,0.000000,1.000000,0.070000,0.000000,0.000000,0.000000,0.000000,8.000000,36.860000
1789080761.269696,0,0.000000,0.000000,1.000000,0.010000,0.000000,0.000000,0.000000,0.000000,8.000000,36.860000
1789080761.270260,0,0.000000,0.000000,1.000000,-0.430000,0.000000,0.000000,0.000000,0.000000,8.000000,36.880000
1789080761.292113,0,0.000000,0.000000,1.000000,0.330000,0.000000,0.000000,0.000000,0.000000,8.000000,36.880000
1789080761.292612,0,0.000000,0.000000,1.000000,0.280000,0.000000,0.000000,0.000000,0.000000,8.000000,36.900000
1789080761.314648,0,0.000000,0.000000,1.000000,0.000000,0.000000,0.000000,0.000000,0.000000,8.000000,36.900000
1789080761.337126,0,0.000000,0.000000,1.000000,0.200000,0.000000,0.000000,0.000000,0.000000,8.000000,36.930000
1789080761.337680,0,0.000000,0.000000,1.000000,-0.140000,0.000000,0.000000,0.000000,0.000000,8.000000,36.930000
1789080761.338346,0,0.000000,0.000000,1.000000,0.100000,0.000000,0.000000,0.000000,0.000000,8.000000,36.950000
1789080761.338912,0,0.000000,0.000000,1.000000,-0.090000,0.000000,0.000000,0.000000,0.000000,8.000000,36.950000
1789080761.360874,0,0.000000,0.000000,1.000000,0.000000,0.000000,0.000000,0.000000,0.000000,8.000000,36.970000
1789080761.361371,0,0.000000,0.000000,1.000000,0.200000,0.000000,0.000000,0.000000,0.000000,8.000000,36.970000
1789080761.383545,0,0.000000,0.000000,1.000000,-0.050000,0.000000,0.000000,0.000000,0.000000,8.000000,36.990000
1789080761.384064,0,0.000000,0.000000,1.000000,0.200000,0.000000,0.000000,0.000000,0.000000,8.000000,37.000000
1789080761.406161,0,0.000000,0.000000,1.000000,0.200000,0.000000,0.000000,0.000000,0.000000,8.000000,37.000000
1789080761.406659,0,0.000000,0.000000,1.000000,0.330000,0.000000,0.000000,0.000000,0.000000,8.000000,37.020000
1789080761.428827,0,0.000000,0.000000,1.000000,0.370000,0.000000,0.000000,0.000000,0.000000,8.000000,37.020000
1789080761.429327,0,0.000000,0.000000,1.000000,0.100000,0.000000,0.000000,0.000000,0.000000,8.000000,37.040000
1789080761.451177,0,0.000000,0.000000,1.000000,0.100000,0.000000,0.000000,0.000000,0.000000,8.000000,37.040000
1789080761.451680,0,0.000000,0.000000,1.000000,0.280000,0.000000,0.000000,0.000000,0.000000,8.000000,37.060000
1789080761.473971,0,0.000000,0.000000,1.000000,0.100000,0.000000,0.000000,0.000000,0.000000,8.000000,37.060000
1789080761.474471,0,0.000000,0.000000,1.000000,0.230000,0.000000,0.000000,0.000000,0.000000,8.000000,37.080000
1789080761.474886,0,0.000000,0.000000,1.000000,0.200000,0.000000,0.000000,0.000000,0.000000,8.000000,37.090000
1789080761.496878,0,0.000000,0.000000,1.000000,0.000000,0.000000,0.000000,0.000000,0.000000,8.000000,37.090000
1789080761.497384,0,0.000000,0.000000,1.000000,-0.140000,0.000000,0.000000,0.000000,0.000000,8.000000,37.110000
1789080761.520133,0,0.000000,0.000000,1.000000,-0.050000,0.000000,0.000000,0.000000,0.000000,8.000000,37.110000
1789080761.520712,0,0.000000,0.000000,1.000000,0.070000,0.000000,0.000000,0.000000,0.000000,8.000000,37.130000
1789080761.543085,0,0.000000,0.000000,1.000000,0.100000,0.000000,0.000000,0.000000,0.000000,8.000000,37.130000
1789080761.543586,0,0.000000,0.000000,1.000000,0.000000,0.000000,0.000000,0.000000,0.000000,8.000000,37.150000
1789080761.565384,0,0.000000,0.000000,1.000000,0.000000,0.000000,0.000000,0.000000,0.000000,8.000000,37.150000
1789080761.565872,0,0.000000,0.000000,1.000000,0.000000,0.000000,0.000000,0.000000,0.000000,8.000000,37.160000
1789080761.588316,0,0.000000,0.000000,1.000000,0.200000,0.000000,0.000000,0.000000,0.000000,8.000000,37.180000
1789080761.588810,0,0.000000,0.000000,1.000000,0.100000,0.000000,0.000000,0.000000,0.000000,8.000000,37.200000
1789080761.589339,0,0.000000,0.000000,1.000000,0.370000,0.000000,0.000000,0.000000,0.000000,8.000000,37.200000
1789080761.611341,0,0.000000,0.000000,1.000000,0.070000,0.000000,0.000000,0.000000,0.000000,8.000000,37.220000
1789080761.634640,0,0.000000,0.000000,1.000000,-0.090000,0.000000,0.000000,0.000000,0.000000,8.000000,37.220000
1789080761.635159,0,0.000000,0.000000,1.000000,0.010000,0.000000,0.000000,0.000000,0.000000,8.000000,37.240000
1789080761.657075,0,0.000000,0.000000,1.000000,0.620000,0.000000,0.000000,0.000000,0.000000,8.000000,37.250000
1789080761.657570,0,0.000000,0.000000,1.000000,0.150000,0.000000,0.000000,0.000000,0.000000,8.000000,37.250000
1789080761.657984,0,0.000000,0.000000,1.000000,0.070000,0.000000,0.000000,0.000000,0.000000,8.000000,37.270000
1789080761.679896,0,0.000000,0.000000,1.000000,0.230000,0.000000,0.000000,0.000000,0.000000,8.000000,37.290000
1789080761.680412,0,0.000000,0.000000,1.000000,0.100000,0.000000,0.000000,0.000000,0.000000,8.000000,37.290000
1789080761.680983,0,0.000000,0.000000,1.000000,0.150000,0.000000,0.000000,0.000000,0.000000,8.000000,37.310000
1789080761.702476,0,0.000000,0.000000,1.000000,-0.140000,0.000000,0.000000,0.000000,0.000000,8.000000,37.310000
1789080761.703275,0,0.000000,0.000000,1.000000,0.070000,0.000000,0.000000,0.000000,0.000000,8.000000,37.310000
1789080761.725030,0,0.000000,0.000000,1.000000,-0.140000,0.000000,0.000000,0.000000,0.000000,8.000000,37.330000
1789080761.725524,0,0.000000,0.000000,1.000000,0.000000,0.000000,0.000000,0.000000,0.000000,8.000000,37.340000
1789080761.747157,0,0.000000,0.000000,1.000000,-0.050000,0.000000,0.000000,0.000000,0.000000,8.000000,37.340000
1789080761.747649,0,0.000000,0.000000,1.000000,-0.090000,0.000000,0.000000,0.000000,0.000000,8.000000,37.360000
1789080761.748240,0,0.000000,0.000000,1.000000,0.070000,0.000000,0.000000,0.000000,0.000000,8.000000,37.360000
1789080761.770147,0,0.000000,0.000000,1.000000,0.000000,0.000000,0.000000,0.000000,0.000000,8.000000,37.380000
1789080761.770811,0,0.000000,0.000000,1.000000,0.070000,0.000000,0.000000,0.000000,0.000000,8.000000,37.380000
1789080761.792750,0,0.000000,0.000000,1.000000,0.010000,0.000000,0.000000,0.000000,0.000000,8.000000,37.400000
1789080761.793219,0,0.000000,0.000000,1.000000,0.000000,0.000000,0.000000,0.000000,0.000000,8.000000,37.400000
1789080761.814557,0,0.000000,0.000000,1.000000,0.100000,0.000000,0.000000,0.000000,0.000000,8.000000,37.410000
1789080761.815067,0,0.000000,0.000000,1.000000,0.070000,0.000000,0.000000,0.000000,0.000000,8.000000,37.430000
1789080761.836800,0,0.000000,0.000000,1.000000,0.100000,0.000000,0.000000,0.000000,0.000000,8.000000,37.430000
1789080761.837274,0,0.000000,0.000000,1.000000,-0.050000,0.000000,0.000000,0.000000,0.000000,8.000000,37.450000
1789080761.859175,0,0.000000,0.000000,1.000000,0.010000,0.000000,0.000000,0.000000,0.000000,8.000000,37.450000
1789080761.859751,0,0.000000,0.000000,1.000000,0.070000,0.000000,0.000000,0.000000,0.000000,8.000000,37.470000
1789080761.860157,0,0.000000,0.000000,1.000000,0.070000,0.000000,0.000000,0.000000,0.000000,8.000000,37.470000
1789080761.882066,0,0.000000,0.000000,1.000000,-0.050000,0.000000,0.000000,0.000000,0.000000,8.000000,37.490000
1789080761.904017,0,0.000000,0.000000,1.000000,0.000000,0.000000,0.000000,0.000000,0.000000,8.000000,37.500000
1789080761.904520,0,0.000000,0.000000,1.000000,0.100000,0.000000,0.000000,0.000000,0.000000,8.000000,37.500000
1789080761.904938,0,0.000000,0.000000,1.000000,0.010000,0.000000,0.000000,0.000000,0.000000,8.000000,37.520000
1789080761.927267,0,0.000000,0.000000,1.000000,-0.090000,0.000000,0.000000,0.000000,0.000000,8.000000,37.520000
1789080761.927767,0,0.000000,0.000000,1.000000,0.070000,0.000000,0.000000,0.000000,0.000000,8.000000,37.540000
1789080761.949825,0,0.000000,0.000000,1.000000,0.100000,0.000000,0.000000,0.000000,0.000000,8.000000,37.540000
1789080761.950330,0,0.000000,0.000000,1.000000,0.000000,0.000000,0.000000,0.000000,0.000000,8.000000,37.560000
1789080761.972501,0,0.000000,0.000000,1.000000,0.200000,0.000000,0.000000,0.000000,0.000000,8.000000,37.560000
1789080761.973094,0,0.000000,0.000000,1.000000,0.000000,0.000000,0.000000,0.000000,0.000000,8.000000,37.580000
1789080761.973504,0,0.000000,0.000000,1.000000,0.000000,0.000000,0.000000,0.000000,0.000000,8.000000,37.590000
1789080761.974122,0,0.000000,0.000000,1.000000,0.000000,0.000000,0.000000,0.000000,0.000000,8.000000,37.590000
1789080761.996084,0,0.000000,0.000000,1.000000,-0.090000,0.000000,0.000000,0.000000,0.000000,8.000000,37.610000
1789080761.996759,0,0.000000,0.000000,1.000000,-0.180000,0.000000,0.000000,0.000000,0.000000,8.000000,37.610000
1789080761.997287,0,0.000000,0.000000,1.000000,0.100000,0.000000,0.000000,0.000000,0.000000,8.000000,37.630000
1789080762.019929,0,0.000000,0.000000,1.000000,-0.180000,0.000000,0.000000,0.000000,0.000000,8.000000,37.630000
1789080762.042330,0,0.000000,0.000000,1.000000,0.200000,0.000000,0.000000,0.000000,0.000000,8.000000,37.650000
1789080762.042974,0,0.000000,0.000000,1.000000,0.000000,0.000000,0.000000,0.000000,0.000000,8.000000,37.650000
1789080762.065613,0,0.000000,0.000000,1.000000,0.230000,0.000000,0.000000,0.000000,0.000000,8.000000,37.660000
1789080762.066091,0,0.000000,0.000000,1.000000,0.150000,0.000000,0.000000,0.000000,0.000000,8.000000,37.680000
1789080762.087250,0,0.000000,0.000000,1.000000,0.330000,0.000000,0.000000,0.000000,0.000000,8.000000,37.680000
1789080762.087755,0,0.000000,0.000000,1.000000,-0.090000,0.000000,0.000000,0.000000,0.000000,8.000000,37.700000
1789080762.088378,0,0.000000,0.000000,1.000000,0.000000,0.000000,0.000000,0.000000,0.000000,8.000000,37.700000
1789080762.110949,0,0.000000,0.000000,1.000000,0.280000,0.000000,0.000000,0.000000,0.000000,8.000000,37.720000
1789080762.111565,0,0.000000,0.000000,1.000000,0.070000,0.000000,0.000000,0.000000,0.000000,8.000000,37.720000
1789080762.133315,0,0.000000,0.000000,1.000000,0.200000,0.000000,0.000000,0.000000,0.000000,8.000000,37.740000
1789080762.133909,0,0.000000,0.000000,1.000000,-0.090000,0.000000,0.000000,0.000000,0.000000,8.000000,37.750000
1789080762.134419,0,0.000000,0.000000,1.000000,0.070000,0.000000,0.000000,0.000000,0.000000,8.000000,37.750000
1789080762.156085,0,0.000000,0.000000,1.000000,-0.050000,0.000000,0.000000,0.000000,0.000000,8.000000,37.770000
1789080762.156670,0,0.000000,0.000000,1.000000,-0.140000,0.000000,0.000000,0.000000,0.000000,8.000000,37.770000
1789080762.157076,0,0.000000,0.000000,1.000000,0.010000,0.000000,0.000000,0.000000,0.000000,8.000000,37.790000
1789080762.178516,0,0.000000,0.000000,1.000000,0.100000,0.000000,0.000000,0.000000,0.000000,8.000000,37.790000
1789080762.200150,0,0.000000,0.000000,1.000000,-0.090000,0.000000,0.000000,0.000000,0.000000,8.000000,37.810000
1789080762.200655,0,0.000000,0.000000,1.000000,0.070000,0.000000,0.000000,0.000000,0.000000,8.000000,37.810000
1789080762.222405,0,0.000000,0.000000,1.000000,0.000000,0.000000,0.000000,0.000000,0.000000,8.000000,37.830000
1789080762.222905,0,0.000000,0.000000,1.000000,0.010000,0.000000,0.000000,0.000000,0.000000,8.000000,37.840000
1789080762.243953,0,0.000000,0.000000,1.000000,0.070000,0.000000,0.000000,0.000000,0.000000,8.000000,37.840000
1789080762.244458,0,0.000000,0.000000,1.000000,0.330000,0.000000,0.000000,0.000000,0.000000,8.000000,37.860000
1789080762.268092,0,0.000000,0.000000,1.000000,0.150000,0.000000,0.000000,0.000000,0.000000,8.000000,37.860000
1789080762.290221,0,0.000000,0.000000,1.000000,0.100000,0.000000,0.000000,0.000000,0.000000,8.000000,37.880000
1789080762.290765,0,0.000000,0.000000,1.000000,0.230000,0.000000,0.000000,0.000000,0.000000,8.000000,37.880000
1789080762.291130,0,0.000000,0.000000,1.000000,0.000000,0.000000,0.000000,0.000000,0.000000,8.000000,37.900000
1789080762.291475,0,0.000000,0.000000,1.000000,0.150000,0.000000,0.000000,0.000000,0.000000,8.000000,37.900000
1789080762.313747,0,0.000000,0.000000,1.000000,0.150000,0.000000,0.000000,0.000000,0.000000,8.000000,37.910000
1789080762.314250,0,0.000000,0.000000,1.000000,0.100000,0.000000,0.000000,0.000000,0.000000,8.000000,37.930000
1789080762.336568,0,0.000000,0.000000,1.000000,0.280000,0.000000,0.000000,0.000000,0.000000,8.000000,37.930000
1789080762.337161,0,0.000000,0.000000,1.000000,0.070000,0.000000,0.000000,0.000000,0.000000,8.000000,37.950000
1789080762.358793,0,0.000000,0.000000,1.000000,0.100000,0.000000,0.000000,0.000000,0.000000,8.000000,37.950000
1789080762.359294,0,0.000000,0.000000,1.000000,0.150000,0.000000,0.000000,0.000000,0.000000,8.000000,37.970000
1789080762.381303,0,0.000000,0.000000,1.000000,0.070000,0.000000,0.000000,0.000000,0.000000,8.000000,37.970000
1789080762.381805,0,0.000000,0.000000,1.000000,0.230000,0.000000,0.000000,0.000000,0.000000,8.000000,37.990000
1789080762.403273,0,0.000000,0.000000,1.000000,0.200000,0.000000,0.000000,0.000000,0.000000,8.000000,38.000000
1789080762.403770,0,0.000000,0.000000,1.000000,0.230000,0.000000,0.000000,0.000000,0.000000,8.000000,38.000000
1789080762.425111,0,0.000000,0.000000,1.000000,0.070000,0.000000,0.000000,0.000000,0.000000,8.000000,38.020000
1789080762.425675,0,0.000000,0.000000,1.000000,0.070000,0.000000,0.000000,0.000000,0.000000,8.000000,38.040000
1789080762.447677,0,0.000000,0.000000,1.000000,0.200000,0.000000,0.000000,0.000000,0.000000,8.000000,38.040000
1789080762.448242,0,0.000000,0.000000,1.000000,0.000000,0.000000,0.000000,0.000000,0.000000,8.000000,38.060000
1789080762.470205,0,0.000000,0.000000,1.000000,0.200000,0.000000,0.000000,0.000000,0.000000,8.000000,38.060000
1789080762.470709,0,0.000000,0.000000,1.000000,0.280000,0.000000,0.000000,0.000000,0.000000,8.000000,38.080000
1789080762.471128,0,0.000000,0.000000,1.000000,-0.140000,0.000000,0.000000,0.000000,0.000000,8.000000,38.090000
1789080762.493044,0,0.000000,0.000000,1.000000,0.200000,0.000000,0.000000,0.000000,0.000000,8.000000,38.090000
1789080762.493540,0,0.000000,0.000000,1.000000,0.070000,0.000000,0.000000,0.000000,0.000000,8.000000,38.110000
1789080762.514841,0,0.000000,0.000000,1.000000,-0.050000,0.000000,0.000000,0.000000,0.000000,8.000000,38.110000
1789080762.515422,0,0.000000,0.000000,1.000000,0.150000,0.000000,0.000000,0.000000,0.000000,8.000000,38.130000
1789080762.537627,0,0.000000,0.000000,1.000000,0.000000,0.000000,0.000000,0.000000,0.000000,8.000000,38.130000
1789080762.538126,0,0.000000,0.000000,1.000000,0.010000,0.000000,0.000000,0.000000,0.000000,8.000000,38.150000
1789080762.559918,0,0.000000,0.000000,1.000000,0.010000,0.000000,0.000000,0.000000,0.000000,8.000000,38.150000
1789080762.560543,0,0.000000,0.000000,1.000000,0.010000,0.000000,0.000000,0.000000,0.000000,8.000000,38.160000
1789080762.581838,0,0.000000,0.000000,1.000000,0.230000,0.000000,0.000000,0.000000,0.000000,8.000000,38.180000
1789080762.582422,0,0.000000,0.000000,1.000000,0.150000,0.000000,0.000000,0.000000,0.000000,8.000000,38.180000
1789080762.582918,0,0.000000,0.000000,1.000000,0.010000,0.000000,0.000000,0.000000,0.000000,8.000000,38.200000
1789080762.605489,0,0.000000,0.000000,1.000000,0.100000,0.000000,0.000000,0.000000,0.000000,8.000000,38.200000
1789080762.605983,0,0.000000,0.000000,1.000000,0.330000,0.000000,0.000000,0.000000,0.000000,8.000000,38.220000
1789080762.628886,0,0.000000,0.000000,1.000000,0.070000,0.000000,0.000000,0.000000,0.000000,8.000000,38.220000
1789080762.629386,0,0.000000,0.000000,1.000000,0.000000,0.000000,0.000000,0.000000,0.000000,8.000000,38.240000
1789080762.652060,0,0.000000,0.000000,1.000000,-0.140000,0.000000,0.000000,0.000000,0.000000,8.000000,38.250000
1789080762.652576,0,0.000000,0.000000,1.000000,-0.050000,0.000000,0.000000,0.000000,0.000000,8.000000,38.250000
1789080762.673943,0,0.000000,0.000000,1.000000,0.070000,0.000000,0.000000,0.000000,0.000000,8.000000,38.270000
1789080762.674443,0,0.000000,0.000000,1.000000,0.100000,0.000000,0.000000,0.000000,0.000000,8.000000,38.270000
1789080762.696293,0,0.000000,0.000000,1.000000,0.070000,0.000000,0.000000,0.000000,0.000000,8.000000,38.290000
1789080762.696809,0,0.000000,0.000000,1.000000,0.010000,0.000000,0.000000,0.000000,0.000000,8.000000,38.310000
1789080762.718572,0,0.000000,0.000000,1.000000,0.280000,0.000000,0.000000,0.000000,0.000000,8.000000,38.310000
1789080762.719069,0,0.000000,0.000000,1.000000,0.200000,0.000000,0.000000,0.000000,0.000000,8.000000,38.330000
1789080762.740591,0,0.000000,0.000000,1.000000,0.100000,0.000000,0.000000,0.000000,0.000000,8.000000,38.340000
1789080762.741086,0,0.000000,0.000000,1.000000,0.100000,0.000000,0.000000,0.000000,0.000000,8.000000,38.340000
1789080762.741498,0,0.000000,0.000000,1.000000,0.070000,0.000000,0.000000,0.000000,0.000000,8.000000,38.360000
1789080762.764620,0,0.000000,0.000000,1.000000,0.150000,0.000000,0.000000,0.000000,0.000000,8.000000,38.360000
1789080762.765153,0,0.000000,0.000000,1.000000,0.280000,0.000000,0.000000,0.000000,0.000000,8.000000,38.380000
1789080762.788419,0,0.000000,0.000000,1.000000,0.150000,0.000000,0.000000,0.000000,0.000000,8.000000,38.380000
1789080762.788982,0,0.000000,0.000000,1.000000,0.010000,0.000000,0.000000,0.000000,0.000000,8.000000,38.400000
1789080762.789365,0,0.000000,0.000000,1.000000,-0.270000,0.000000,0.000000,0.000000,0.000000,8.000000,38.400000
1789080762.812150,0,0.000000,0.000000,1.000000,0.000000,0.000000,0.000000,0.000000,0.000000,8.000000,38.410000
1789080762.812650,0,0.000000,0.000000,1.000000,0.010000,0.000000,0.000000,0.000000,0.000000,8.000000,38.430000
1789080762.835329,0,0.000000,0.000000,1.000000,0.070000,0.000000,0.000000,0.000000,0.000000,8.000000,38.430000
1789080762.835830,0,0.000000,0.000000,1.000000,-0.050000,0.000000,0.000000,0.000000,0.000000,8.000000,38.450000
1789080762.836560,0,0.000000,0.000000,1.000000,0.230000,0.000000,0.000000,0.000000,0.000000,8.000000,38.450000
1789080762.858284,0,0.000000,0.000000,1.000000,0.000000,0.000000,0.000000,0.000000,0.000000,8.000000,38.470000
1789080762.858990,0,0.000000,0.000000,1.000000,-0.180000,0.000000,0.000000,0.000000,0.000000,8.000000,38.470000
1789080762.881451,0,0.000000,0.000000,1.000000,0.000000,0.000000,0.000000,0.000000,0.000000,8.000000,38.490000
1789080762.881954,0,0.000000,0.000000,1.000000,0.150000,0.000000,0.000000,0.000000,0.000000,8.000000,38.500000
1789080762.904278,0,0.000000,0.000000,1.000000,0.150000,0.000000,0.000000,0.000000,0.000000,8.000000,38.500000
1789080762.904780,0,0.000000,0.000000,1.000000,0.000000,0.000000,0.000000,0.000000,0.000000,8.000000,38.520000
1789080762.927282,0,0.000000,0.000000,1.000000,0.200000,0.000000,0.000000,0.000000,0.000000,8.000000,38.520000
1789080762.927875,0,0.000000,0.000000,1.000000,0.150000,0.000000,0.000000,0.000000,0.000000,8.000000,38.540000
1789080762.950077,0,0.000000,0.000000,1.000000,0.230000,0.000000,0.000000,0.000000,0.000000,8.000000,38.540000
1789080762.950678,0,0.000000,0.000000,1.000000,0.200000,0.000000,0.000000,0.000000,0.000000,8.000000,38.560000
1789080762.972053,0,0.000000,0.000000,1.000000,0.000000,0.000000,0.000000,0.000000,0.000000,8.000000,38.560000
1789080762.972550,0,0.000000,0.000000,1.000000,0.150000,0.000000,0.000000,0.000000,0.000000,8.000000,38.580000
1789080762.994896,0,0.000000,0.000000,1.000000,0.010000,0.000000,0.000000,0.000000,0.000000,8.000000,38.590000
1789080762.995399,0,0.000000,0.000000,1.000000,0.200000,0.000000,0.000000,0.000000,0.000000,8.000000,38.610000
1789080763.017163,0,0.000000,0.000000,1.000000,0.150000,0.000000,0.000000,0.000000,0.000000,8.000000,38.610000
1789080763.017670,0,0.000000,0.000000,1.000000,-0.090000,0.000000,0.000000,0.000000,0.000000,8.000000,38.630000
1789080763.018088,0,0.000000,0.000000,1.000000,0.200000,0.000000,0.000000,0.000000,0.000000,8.000000,38.630000
1789080763.040023,0,0.000000,0.000000,1.000000,-0.050000,0.000000,0.000000,0.000000,0.000000,8.000000,38.650000
1789080763.040526,0,0.000000,0.000000,1.000000,0.100000,0.000000,0.000000,0.000000,0.000000,8.000000,38.650000
1789080763.063028,0,0.000000,0.000000,1.000000,0.010000,0.000000,0.000000,0.000000,0.000000,8.000000,38.650000
1789080763.063531,0,0.000000,0.000000,1.000000,0.000000,0.000000,0.000000,0.000000,0.000000,8.000000,38.680000
1789080763.063953,0,0.000000,0.000000,1.000000,-0.050000,0.000000,0.000000,0.000000,0.000000,8.000000,38.680000
1789080763.085666,0,0.000000,0.000000,1.000000,0.010000,0.000000,0.000000,0.000000,0.000000,8.000000,38.700000
1789080763.086170,0,0.000000,0.000000,1.000000,0.070000,0.000000,0.000000,0.000000,0.000000,8.000000,38.700000
1789080763.109212,0,0.000000,0.000000,1.000000,-0.090000,0.000000,0.000000,0.000000,0.000000,8.000000,38.720000
1789080763.109746,0,0.000000,0.000000,1.000000,-0.050000,0.000000,0.000000,0.000000,0.000000,8.000000,38.720000
1789080763.131237,0,0.000000,0.000000,1.000000,0.070000,0.000000,0.000000,0.000000,0.000000,8.000000,38.740000
1789080763.131744,0,0.000000,0.000000,1.000000,0.280000,0.000000,0.000000,0.000000,0.000000,8.000000,38.750000
1789080763.153200,0,0.000000,0.000000,1.000000,0.230000,0.000000,0.000000,0.000000,0.000000,8.000000,38.750000
1789080763.153703,0,0.000000,0.000000,1.000000,0.280000,0.000000,0.000000,0.000000,0.000000,8.000000,38.770000
1789080763.175177,0,0.000000,0.000000,1.000000,0.200000,0.000000,0.000000,0.000000,0.000000,8.000000,38.770000
1789080763.175670,0,0.000000,0.000000,1.000000,0.070000,0.000000,0.000000,0.000000,0.000000,8.000000,38.790000
1789080763.198051,0,0.000000,0.000000,1.000000,0.010000,0.000000,0.000000,0.000000,0.000000,8.000000,38.790000
1789080763.198584,0,0.000000,0.000000,1.000000,0.200000,0.000000,0.000000,0.000000,0.000000,8.000000,38.810000
1789080763.220496,0,0.000000,0.000000,1.000000,0.150000,0.000000,0.000000,0.000000,0.000000,8.000000,38.810000
1789080763.221056,0,0.000000,0.000000,1.000000,0.200000,0.000000,0.000000,0.000000,0.000000,8.000000,38.830000
1789080763.242259,0,0.000000,0.000000,1.000000,0.230000,0.000000,0.000000,0.000000,0.000000,8.000000,38.840000
1789080763.242753,0,0.000000,0.000000,1.000000,0.330000,0.000000,0.000000,0.000000,0.000000,8.000000,38.840000
1789080763.243238,0,0.000000,0.000000,1.000000,0.100000,0.000000,0.000000,0.000000,0.000000,8.000000,38.860000
1789080763.266749,0,0.000000,0.000000,1.000000,0.200000,0.000000,0.000000,0.000000,0.000000,8.000000,38.880000
1789080763.267252,0,0.000000,0.000000,1.000000,-0.210000,0.000000,0.000000,0.000000,0.000000,8.000000,38.880000
1789080763.290109,0,0.000000,0.000000,1.000000,0.010000,0.000000,0.000000,0.000000,0.000000,8.000000,38.900000
1789080763.290654,0,0.000000,0.000000,1.000000,-0.050000,0.000000,0.000000,0.000000,0.000000,8.000000,38.900000
1789080763.313602,0,0.000000,0.000000,1.000000,0.200000,0.000000,0.000000,0.000000,0.000000,8.000000,38.910000
1789080763.314150,0,0.000000,0.000000,1.000000,0.200000,0.000000,0.000000,0.000000,0.000000,8.000000,38.930000
1789080763.336207,0,0.000000,0.000000,1.000000,0.070000,0.000000,0.000000,0.000000,0.000000,8.000000,38.930000
1789080763.336727,0,0.000000,0.000000,1.000000,0.070000,0.000000,0.000000,0.000000,0.000000,8.000000,38.950000
1789080763.337137,0,0.000000,0.000000,1.000000,-0.310000,0.000000,0.000000,0.000000,0.000000,8.000000,38.950000
1789080763.360016,0,0.000000,0.000000,1.000000,0.100000,0.000000,0.000000,0.000000,0.000000,8.000000,38.970000
1789080763.360610,0,0.000000,0.000000,1.000000,0.000000,0.000000,0.000000,0.000000,0.000000,8.000000,38.970000
1789080763.382533,0,0.000000,0.000000,1.000000,0.070000,0.000000,0.000000,0.000000,0.000000,8.000000,38.990000
1789080763.383045,0,0.000000,0.000000,1.000000,0.010000,0.000000,0.000000,0.000000,0.000000,8.000000,39.000000
1789080763.383609,0,0.000000,0.000000,1.000000,0.100000,0.000000,0.000000,0.000000,0.000000,8.000000,39.000000
1789080763.405123,0,0.000000,0.000000,1.000000,0.150000,0.000000,0.000000,0.000000,0.000000,8.000000,39.020000
1789080763.405780,0,0.000000,0.000000,1.000000,0.000000,0.000000,0.000000,0.000000,0.000000,8.000000,39.020000
1789080763.427092,0,0.000000,0.000000,1.000000,-0.180000,0.000000,0.000000,0.000000,0.000000,8.000000,39.040000
1789080763.427589,0,0.000000,0.000000,1.000000,0.150000,0.000000,0.000000,0.000000,0.000000,8.000000,39.040000
1789080763.450358,0,0.000000,0.000000,1.000000,0.010000,0.000000,0.000000,0.000000,0.000000,8.000000,39.060000
1789080763.450864,0,0.000000,0.000000,1.000000,-0.140000,0.000000,0.000000,0.000000,0.000000,8.000000,39.060000
1789080763.472514,0,0.000000,0.000000,1.000000,0.010000,0.000000,0.000000,0.000000,0.000000,8.000000,39.080000
1789080763.473155,0,0.000000,0.000000,1.000000,0.010000,0.000000,0.000000,0.000000,0.000000,8.000000,39.090000
1789080763.473758,0,0.000000,0.000000,1.000000,0.010000,0.000000,0.000000,0.000000,0.000000,8.000000,39.090000
1789080763.496219,0,0.000000,0.000000,1.000000,0.100000,0.000000,0.000000,0.000000,0.000000,8.000000,39.110000
1789080763.497217,0,0.000000,0.000000,1.000000,0.000000,0.000000,0.000000,0.000000,0.000000,8.000000,39.110000
1789080763.518135,0,0.000000,0.000000,1.000000,0.070000,0.000000,0.000000,0.000000,0.000000,8.000000,39.130000
1789080763.518620,0,0.000000,0.000000,1.000000,0.000000,0.000000,0.000000,0.000000,0.000000,8.000000,39.130000
1789080763.519181,0,0.000000,0.000000,1.000000,0.010000,0.000000,0.000000,0.000000,0.000000,8.000000,39.150000
1789080763.541998,0,0.000000,0.000000,1.000000,0.070000,0.000000,0.000000,0.000000,0.000000,8.000000,39.150000
1789080763.542804,0,0.000000,0.000000,1.000000,-0.140000,0.000000,0.000000,0.000000,0.000000,8.000000,39.160000
1789080763.564694,0,0.000000,0.000000,1.000000,0.010000,0.000000,0.000000,0.000000,0.000000,8.000000,39.180000
1789080763.565282,0,0.000000,0.000000,1.000000,0.150000,0.000000,0.000000,0.000000,0.000000,8.000000,39.180000
1789080763.587507,0,0.000000,0.000000,1.000000,0.010000,0.000000,0.000000,0.000000,0.000000,8.000000,39.200000
1789080763.588014,0,0.000000,0.000000,1.000000,0.070000,0.000000,0.000000,0.000000,0.000000,8.000000,39.200000
1789080763.610367,0,0.000000,0.000000,1.000000,0.000000,0.000000,0.000000,0.000000,0.000000,8.000000,39.220000
1789080763.610867,0,0.000000,0.000000,1.000000,0.010000,0.000000,0.000000,0.000000,0.000000,8.000000,39.220000
1789080763.632081,0,0.000000,0.000000,1.000000,-0.090000,0.000000,0.000000,0.000000,0.000000,8.000000,39.240000
1789080763.632608,0,0.000000,0.000000,1.000000,0.200000,0.000000,0.000000,0.000000,0.000000,8.000000,39.250000
1789080763.655624,0,0.000000,0.000000,1.000000,0.100000,0.000000,0.000000,0.000000,0.000000,8.000000,39.250000
1789080763.656185,0,0.000000,0.000000,1.000000,0.100000,0.000000,0.000000,0.000000,0.000000,8.000000,39.270000
1789080763.656694,0,0.000000,0.000000,1.000000,0.100000,0.000000,0.000000,0.000000,0.000000,8.000000,39.270000
1789080763.679345,0,0.000000,0.000000,1.000000,-0.050000,0.000000,0.000000,0.000000,0.000000,8.000000,39.290000
1789080763.679831,0,0.000000,0.000000,1.000000,0.010000,0.000000,0.000000,0.000000,0.000000,8.000000,39.290000
1789080763.703287,0,0.000000,0.000000,1.000000,-0.180000,0.000000,0.000000,0.000000,0.000000,8.000000,39.310000
1789080763.703851,0,0.000000,0.000000,1.000000,0.010000,0.000000,0.000000,0.000000,0.000000,8.000000,39.310000
1789080763.704257,0,0.000000,0.000000,1.000000,0.070000,0.000000,0.000000,0.000000,0.000000,8.000000,39.330000
1789080763.727081,0,0.000000,0.000000,1.000000,0.150000,0.000000,0.000000,0.000000,0.000000,8.000000,39.340000
1789080763.727583,0,0.000000,0.000000,1.000000,-0.210000,0.000000,0.000000,0.000000,0.000000,8.000000,39.340000
1789080763.749653,0,0.000000,0.000000,1.000000,0.070000,0.000000,0.000000,0.000000,0.000000,8.000000,39.360000
1789080763.750156,0,0.000000,0.000000,1.000000,0.200000,0.000000,0.000000,0.000000,0.000000,8.000000,39.360000
1789080763.772700,0,0.000000,0.000000,1.000000,0.150000,0.000000,0.000000,0.000000,0.000000,8.000000,39.380000
1789080763.773198,0,0.000000,0.000000,1.000000,0.070000,0.000000,0.000000,0.000000,0.000000,8.000000,39.380000
1789080763.795903,0,0.000000,0.000000,1.000000,-0.140000,0.000000,0.000000,0.000000,0.000000,8.000000,39.400000
1789080763.796405,0,0.000000,0.000000,1.000000,0.010000,0.000000,0.000000,0.000000,0.000000,8.000000,39.400000
1789080763.797095,0,0.000000,0.000000,1.000000,-0.140000,0.000000,0.000000,0.000000,0.000000,8.000000,39.410000
1789080763.819428,0,0.000000,0.000000,1.000000,0.100000,0.000000,0.000000,0.000000,0.000000,8.000000,39.430000
1789080763.820152,0,0.000000,0.000000,1.000000,0.100000,0.000000,0.000000,0.000000,0.000000,8.000000,39.430000
1789080763.842309,0,0.000000,0.000000,1.000000,-0.090000,0.000000,0.000000,0.000000,0.000000,8.000000,39.450000
1789080763.843000,0,0.000000,0.000000,1.000000,0.100000,0.000000,0.000000,0.000000,0.000000,8.000000,39.450000
1789080763.864270,0,0.000000,0.000000,1.000000,0.150000,0.000000,0.000000,0.000000,0.000000,8.000000,39.470000
1789080763.864989,0,0.000000,0.000000,1.000000,0.720000,0.000000,0.000000,0.000000,0.000000,8.000000,39.470000
1789080763.887204,0,0.000000,0.000000,1.000000,0.230000,0.000000,0.000000,0.000000,0.000000,8.000000,39.490000
1789080763.887975,0,0.000000,0.000000,1.000000,0.010000,0.000000,0.000000,0.000000,0.000000,8.000000,39.500000
1789080763.909622,0,0.000000,0.000000,1.000000,0.230000,0.000000,0.000000,0.000000,0.000000,8.000000,39.500000
1789080763.910259,0,0.000000,0.000000,1.000000,-0.050000,0.000000,0.000000,0.000000,0.000000,8.000000,39.520000
1789080763.932574,0,0.000000,0.000000,1.000000,0.100000,0.000000,0.000000,0.000000,0.000000,8.000000,39.520000
1789080763.933204,0,0.000000,0.000000,1.000000,0.200000,0.000000,0.000000,0.000000,0.000000,8.000000,39.540000
1789080763.954985,0,0.000000,0.000000,1.000000,0.150000,0.000000,0.000000,0.000000,0.000000,8.000000,39.540000
1789080763.955488,0,0.000000,0.000000,1.000000,0.720000,0.000000,0.000000,0.000000,0.000000,8.000000,39.560000
1789080763.955904,0,0.000000,0.000000,1.000000,0.000000,0.000000,0.000000,0.000000,0.000000,8.000000,39.580000
1789080763.977573,0,0.000000,0.000000,1.000000,-0.050000,0.000000,0.000000,0.000000,0.000000,8.000000,39.590000
1789080763.978073,0,0.000000,0.000000,1.000000,-0.050000,0.000000,0.000000,0.000000,0.000000,8.000000,39.590000
1789080763.978488,0,0.000000,0.000000,1.000000,-0.180000,0.000000,0.000000,0.000000,0.000000,8.000000,39.610000
1789080764.000670,0,0.000000,0.000000,1.000000,0.200000,0.000000,0.000000,0.000000,0.000000,8.000000,39.610000
1789080764.023497,0,0.000000,0.000000,1.000000,-0.180000,0.000000,0.000000,0.000000,0.000000,8.000000,39.630000
1789080764.024082,0,0.000000,0.000000,1.000000,-0.090000,0.000000,0.000000,0.000000,0.000000,8.000000,39.630000
1789080764.024495,0,0.000000,0.000000,1.000000,0.070000,0.000000,0.000000,0.000000,0.000000,8.000000,39.650000
1789080764.046515,0,0.000000,0.000000,1.000000,-0.090000,0.000000,0.000000,0.000000,0.000000,8.000000,39.650000
1789080764.047029,0,0.000000,0.000000,1.000000,-0.090000,0.000000,0.000000,0.000000,0.000000,8.000000,39.650000
1789080764.068601,0,0.000000,0.000000,1.000000,-0.050000,0.000000,0.000000,0.000000,0.000000,8.000000,39.680000
1789080764.069104,0,0.000000,0.000000,1.000000,0.070000,0.000000,0.000000,0.000000,0.000000,8.000000,39.680000
1789080764.090549,0,0.000000,0.000000,1.000000,0.070000,0.000000,0.000000,0.000000,0.000000,8.000000,39.700000
1789080764.091049,0,0.000000,0.000000,1.000000,0.010000,0.000000,0.000000,0.000000,0.000000,8.000000,39.700000
1789080764.091459,0,0.000000,0.000000,1.000000,0.000000,0.000000,0.000000,0.000000,0.000000,8.000000,39.720000
1789080764.114119,0,0.000000,0.000000,1.000000,0.150000,0.000000,0.000000,0.000000,0.000000,8.000000,39.720000
1789080764.136711,0,0.000000,0.000000,1.000000,0.150000,0.000000,0.000000,0.000000,0.000000,8.000000,39.740000
1789080764.137262,0,0.000000,0.000000,1.000000,0.000000,0.000000,0.000000,0.000000,0.000000,8.000000,39.750000
1789080764.137631,0,0.000000,0.000000,1.000000,0.100000,0.000000,0.000000,0.000000,0.000000,8.000000,39.750000
1789080764.159249,0,0.000000,0.000000,1.000000,0.150000,0.000000,0.000000,0.000000,0.000000,8.000000,39.770000
1789080764.159707,0,0.000000,0.000000,1.000000,0.070000,0.000000,0.000000,0.000000,0.000000,8.000000,39.770000
1789080764.181632,0,0.000000,0.000000,1.000000,0.010000,0.000000,0.000000,0.000000,0.000000,8.000000,39.790000
1789080764.182129,0,0.000000,0.000000,1.000000,0.230000,0.000000,0.000000,0.000000,0.000000,8.000000,39.790000
1789080764.203911,0,0.000000,0.000000,1.000000,0.200000,0.000000,0.000000,0.000000,0.000000,8.000000,39.810000
1789080764.204381,0,0.000000,0.000000,1.000000,0.000000,0.000000,0.000000,0.000000,0.000000,8.000000,39.810000
1789080764.225807,0,0.000000,0.000000,1.000000,0.010000,0.000000,0.000000,0.000000,0.000000,8.000000,39.830000
1789080764.226290,0,0.000000,0.000000,1.000000,0.000000,0.000000,0.000000,0.000000,0.000000,8.000000,39.840000
1789080764.226801,0,0.000000,0.000000,1.000000,-0.050000,0.000000,0.000000,0.000000,0.000000,8.000000,39.840000
1789080764.247954,0,0.000000,0.000000,1.000000,0.100000,0.000000,0.000000,0.000000,0.000000,8.000000,39.860000
1789080764.248456,0,0.000000,0.000000,1.000000,-0.050000,0.000000,0.000000,0.000000,0.000000,8.000000,39.860000
1789080764.271426,0,0.000000,0.000000,1.000000,0.070000,0.000000,0.000000,0.000000,0.000000,8.000000,39.880000
1789080764.271921,0,0.000000,0.000000,1.000000,0.000000,0.000000,0.000000,0.000000,0.000000,8.000000,39.880000
1789080764.294035,0,0.000000,0.000000,1.000000,0.330000,0.000000,0.000000,0.000000,0.000000,8.000000,39.900000
1789080764.294540,0,0.000000,0.000000,1.000000,0.200000,0.000000,0.000000,0.000000,0.000000,8.000000,39.900000
1789080764.317249,0,0.000000,0.000000,1.000000,0.100000,0.000000,0.000000,0.000000,0.000000,8.000000,39.910000
1789080764.317757,0,0.000000,0.000000,1.000000,0.070000,0.000000,0.000000,0.000000,0.000000,8.000000,39.930000
1789080764.318178,0,0.000000,0.000000,1.000000,0.010000,0.000000,0.000000,0.000000,0.000000,8.000000,39.930000
1789080764.339670,0,0.000000,0.000000,1.000000,-0.090000,0.000000,0.000000,0.000000,0.000000,8.000000,39.950000
1789080764.340166,0,0.000000,0.000000,1.000000,0.150000,0.000000,0.000000,0.000000,0.000000,8.000000,39.950000
1789080764.365209,0,0.000000,0.000000,1.000000,0.100000,0.000000,0.000000,0.000000,0.000000,8.000000,39.970000
1789080764.365736,0,0.000000,0.000000,1.000000,-0.050000,0.000000,0.000000,0.000000,0.000000,8.000000,39.970000
1789080764.395746,0,0.000000,0.000000,1.000000,0.150000,0.000000,0.000000,0.000000,0.000000,8.000000,39.990000
1789080764.396278,0,0.000000,0.000000,1.000000,0.070000,0.000000,0.000000,0.000000,0.000000,8.000000,40.000000
1789080764.433044,0,0.000000,0.000000,1.000000,0.100000,0.000000,0.000000,0.000000,0.000000,8.000000,40.000000
1789080764.433567,0,0.000000,0.000000,1.000000,0.100000,0.000000,0.000000,0.000000,0.000000,8.000000,40.020000
1789080764.433958,0,0.000000,0.000000,1.000000,0.100000,0.000000,0.000000,0.000000,0.000000,8.000000,40.020000
1789080764.434553,0,0.000000,0.000000,1.000000,0.010000,0.000000,0.000000,0.000000,0.000000,8.000000,40.040000
1789080764.459507,0,0.000000,0.000000,1.000000,0.010000,0.000000,0.000000,0.000000,0.000000,8.000000,40.040000
1789080764.460011,0,0.000000,0.000000,1.000000,0.000000,0.000000,0.000000,0.000000,0.000000,8.000000,40.060000
1789080764.460517,0,0.000000,0.000000,1.000000,-0.050000,0.000000,0.000000,0.000000,0.000000,8.000000,40.060000
1789080764.461063,0,0.000000,0.000000,1.000000,0.070000,0.000000,0.000000,0.000000,0.000000,8.000000,40.080000
1789080764.482798,0,0.000000,0.000000,1.000000,0.100000,0.000000,0.000000,0.000000,0.000000,8.000000,40.090000
1789080764.483301,0,0.000000,0.000000,1.000000,0.230000,0.000000,0.000000,0.000000,0.000000,8.000000,40.090000
1789080764.504307,0,0.000000,0.000000,1.000000,0.010000,0.000000,0.000000,0.000000,0.000000,8.000000,40.110000
1789080764.504805,0,0.000000,0.000000,1.000000,-0.140000,0.000000,0.000000,0.000000,0.000000,8.000000,40.110000
1789080764.505260,0,0.000000,0.000000,1.000000,0.000000,0.000000,0.000000,0.000000,0.000000,8.000000,40.130000
1789080764.526362,0,0.000000,0.000000,1.000000,0.070000,0.000000,0.000000,0.000000,0.000000,8.000000,40.130000
1789080764.547599,0,0.000000,0.000000,1.000000,0.330000,0.000000,0.000000,0.000000,0.000000,8.000000,40.150000
1789080764.548299,0,0.000000,0.000000,1.000000,0.150000,0.000000,0.000000,0.000000,0.000000,8.000000,40.150000
1789080764.548790,0,0.000000,0.000000,1.000000,0.100000,0.000000,0.000000,0.000000,0.000000,8.000000,40.160000
1789080764.570550,0,0.000000,0.000000,1.000000,-0.090000,0.000000,0.000000,0.000000,0.000000,8.000000,40.180000
1789080764.571056,0,0.000000,0.000000,1.000000,0.200000,0.000000,0.000000,0.000000,0.000000,8.000000,40.180000
1789080764.593346,0,0.000000,0.000000,1.000000,0.010000,0.000000,0.000000,0.000000,0.000000,8.000000,40.200000
1789080764.593846,0,0.000000,0.000000,1.000000,0.460000,0.000000,0.000000,0.000000,0.000000,8.000000,40.200000
1789080764.615773,0,0.000000,0.000000,1.000000,0.010000,0.000000,0.000000,0.000000,0.000000,8.000000,40.220000
1789080764.616406,0,0.000000,0.000000,1.000000,0.070000,0.000000,0.000000,0.000000,0.000000,8.000000,40.220000
1789080764.638718,0,0.000000,0.000000,1.000000,0.670000,0.000000,0.000000,0.000000,0.000000,8.000000,40.240000
1789080764.639219,0,0.000000,0.000000,1.000000,0.000000,0.000000,0.000000,0.000000,0.000000,8.000000,40.250000
1789080764.661699,0,0.000000,0.000000,1.000000,0.230000,0.000000,0.000000,0.000000,0.000000,8.000000,40.250000
1789080764.662207,0,0.000000,0.000000,1.000000,0.150000,0.000000,0.000000,0.000000,0.000000,8.000000,40.270000
1789080764.683768,0,0.000000,0.000000,1.000000,0.150000,0.000000,0.000000,0.000000,0.000000,8.000000,40.270000
1789080764.684293,0,0.000000,0.000000,1.000000,0.100000,0.000000,0.000000,0.000000,0.000000,8.000000,40.290000
1789080764.684697,0,0.000000,0.000000,1.000000,0.070000,0.000000,0.000000,0.000000,0.000000,8.000000,40.290000
1789080764.707198,0,0.000000,0.000000,1.000000,0.100000,0.000000,0.000000,0.000000,0.000000,8.000000,40.310000
1789080764.707693,0,0.000000,0.000000,1.000000,0.070000,0.000000,0.000000,0.000000,0.000000,8.000000,40.330000
1789080764.729500,0,0.000000,0.000000,1.000000,0.150000,0.000000,0.000000,0.000000,0.000000,8.000000,40.330000
1789080764.730000,0,0.000000,0.000000,1.000000,0.070000,0.000000,0.000000,0.000000,0.000000,8.000000,40.340000
1789080764.751483,0,0.000000,0.000000,1.000000,-0.180000,0.000000,0.000000,0.000000,0.000000,8.000000,40.340000
1789080764.751981,0,0.000000,0.000000,1.000000,0.070000,0.000000,0.000000,0.000000,0.000000,8.000000,40.360000
1789080764.773099,0,0.000000,0.000000,1.000000,0.070000,0.000000,0.000000,0.000000,0.000000,8.000000,40.360000
1789080764.773599,0,0.000000,0.000000,1.000000,0.000000,0.000000,0.000000,0.000000,0.000000,8.000000,40.380000
1789080764.794616,0,0.000000,0.000000,1.000000,0.230000,0.000000,0.000000,0.000000,0.000000,8.000000,40.380000
1789080764.795165,0,0.000000,0.000000,1.000000,0.010000,0.000000,0.000000,0.000000,0.000000,8.000000,40.400000
1789080764.795631,0,0.000000,0.000000,1.000000,0.070000,0.000000,0.000000,0.000000,0.000000,8.000000,40.400000
1789080764.816648,0,0.000000,0.000000,1.000000,0.010000,0.000000,0.000000,0.000000,0.000000,8.000000,40.410000
1789080764.817204,0,0.000000,0.000000,1.000000,-0.050000,0.000000,0.000000,0.000000,0.000000,8.000000,40.430000
1789080764.817796,0,0.000000,0.000000,1.000000,-0.050000,0.000000,0.000000,0.000000,0.000000,8.000000,40.430000
1789080764.838795,0,0.000000,0.000000,1.000000,0.000000,0.000000,0.000000,0.000000,0.000000,8.000000,40.450000
1789080764.839502,0,0.000000,0.000000,1.000000,0.070000,0.000000,0.000000,0.000000,0.000000,8.000000,40.450000
1789080764.861343,0,0.000000,0.000000,1.000000,0.010000,0.000000,0.000000,0.000000,0.000000,8.000000,40.470000
1789080764.862038,0,0.000000,0.000000,1.000000,0.070000,0.000000,0.000000,0.000000,0.000000,8.000000,40.470000
1789080764.884112,0,0.000000,0.000000,1.000000,-0.180000,0.000000,0.000000,0.000000,0.000000,8.000000,40.490000
1789080764.884835,0,0.000000,0.000000,1.000000,-0.050000,0.000000,0.000000,0.000000,0.000000,8.000000,40.500000
1789080764.905663,0,0.000000,0.000000,1.000000,0.200000,0.000000,0.000000,0.000000,0.000000,8.000000,40.500000
1789080764.906165,0,0.000000,0.000000,1.000000,0.200000,0.000000,0.000000,0.000000,0.000000,8.000000,40.520000
1789080764.906701,0,0.000000,0.000000,1.000000,0.010000,0.000000,0.000000,0.000000,0.000000,8.000000,40.520000
1789080764.928095,0,0.000000,0.000000,1.000000,0.010000,0.000000,0.000000,0.000000,0.000000,8.000000,40.540000
1789080764.928822,0,0.000000,0.000000,1.000000,-0.090000,0.000000,0.000000,0.000000,0.000000,8.000000,40.540000
1789080764.951499,0,0.000000,0.000000,1.000000,-0.090000,0.000000,0.000000,0.000000,0.000000,8.000000,40.560000
1789080764.952583,0,0.000000,0.000000,1.000000,0.000000,0.000000,0.000000,0.000000,0.000000,8.000000,40.560000
1789080764.974610,0,0.000000,0.000000,1.000000,0.070000,0.000000,0.000000,0.000000,0.000000,8.000000,40.580000
1789080764.975221,0,0.000000,0.000000,1.000000,0.000000,0.000000,0.000000,0.000000,0.000000,8.000000,40.590000
1789080764.975772,0,0.000000,0.000000,1.000000,0.150000,0.000000,0.000000,0.000000,0.000000,8.000000,40.590000
1789080764.996602,0,0.000000,0.000000,1.000000,0.200000,0.000000,0.000000,0.000000,0.000000,8.000000,40.610000
1789080764.997106,0,0.000000,0.000000,1.000000,0.010000,0.000000,0.000000,0.000000,0.000000,8.000000,40.610000
1789080765.018203,0,0.000000,0.000000,1.000000,0.100000,0.000000,0.000000,0.000000,0.000000,8.000000,40.630000
1789080765.018701,0,0.000000,0.000000,1.000000,0.280000,0.000000,0.000000,0.000000,0.000000,8.000000,40.630000
1789080765.040107,0,0.000000,0.000000,1.000000,-0.050000,0.000000,0.000000,0.000000,0.000000,8.000000,40.650000
1789080765.040653,0,0.000000,0.000000,1.000000,-0.140000,0.000000,0.000000,0.000000,0.000000,8.000000,40.650000
1789080765.041207,0,0.000000,0.000000,1.000000,0.200000,0.000000,0.000000,0.000000,0.000000,8.000000,40.660000
1789080765.062633,0,0.000000,0.000000,1.000000,-0.050000,0.000000,0.000000,0.000000,0.000000,8.000000,40.680000
1789080765.063389,0,0.000000,0.000000,1.000000,0.070000,0.000000,0.000000,0.000000,0.000000,8.000000,40.680000
1789080765.084930,0,0.000000,0.000000,1.000000,0.010000,0.000000,0.000000,0.000000,0.000000,8.000000,40.700000
1789080765.085723,0,0.000000,0.000000,1.000000,-0.140000,0.000000,0.000000,0.000000,0.000000,8.000000,40.700000
1789080765.107256,0,0.000000,0.000000,1.000000,-0.090000,0.000000,0.000000,0.000000,0.000000,8.000000,40.720000
1789080765.107921,0,0.000000,0.000000,1.000000,0.000000,0.000000,0.000000,0.000000,0.000000,8.000000,40.720000
1789080765.129228,0,0.000000,0.000000,1.000000,-0.050000,0.000000,0.000000,0.000000,0.000000,8.000000,40.740000
1789080765.129972,0,0.000000,0.000000,1.000000,0.150000,0.000000,0.000000,0.000000,0.000000,8.000000,40.750000
1789080765.152227,0,0.000000,0.000000,1.000000,0.000000,0.000000,0.000000,0.000000,0.000000,8.000000,40.750000
1789080765.152938,0,0.000000,0.000000,1.000000,-0.090000,0.000000,0.000000,0.000000,0.000000,8.000000,40.770000
1789080765.174628,0,0.000000,0.000000,1.000000,-0.140000,0.000000,0.000000,0.000000,0.000000,8.000000,40.770000
1789080765.175130,0,0.000000,0.000000,1.000000,0.010000,0.000000,0.000000,0.000000,0.000000,8.000000,40.790000
1789080765.175548,0,0.000000,0.000000,1.000000,0.150000,0.000000,0.000000,0.000000,0.000000,8.000000,40.790000
1789080765.197212,0,0.000000,0.000000,1.000000,-0.180000,0.000000,0.000000,0.000000,0.000000,8.000000,40.810000
1789080765.197699,0,0.000000,0.000000,1.000000,-0.090000,0.000000,0.000000,0.000000,0.000000,8.000000,40.810000
1789080765.198144,0,0.000000,0.000000,1.000000,0.100000,0.000000,0.000000,0.000000,0.000000,8.000000,40.830000
1789080765.220119,0,0.000000,0.000000,1.000000,-0.050000,0.000000,0.000000,0.000000,0.000000,8.000000,40.840000
1789080765.220762,0,0.000000,0.000000,1.000000,0.070000,0.000000,0.000000,0.000000,0.000000,8.000000,40.840000
1789080765.241968,0,0.000000,0.000000,1.000000,-0.210000,0.000000,0.000000,0.000000,0.000000,8.000000,40.860000
1789080765.243867,0,0.000000,0.000000,1.000000,0.070000,0.000000,0.000000,0.000000,0.000000,8.000000,40.860000
1789080765.265175,0,0.000000,0.000000,1.000000,0.000000,0.000000,0.000000,0.000000,0.000000,8.000000,40.860000
1789080765.265900,0,0.000000,0.000000,1.000000,-0.050000,0.000000,0.000000,0.000000,0.000000,8.000000,40.880000
1789080765.266340,0,0.000000,0.000000,1.000000,0.150000,0.000000,0.000000,0.000000,0.000000,8.000000,40.880000
1789080765.287613,0,0.000000,0.000000,1.000000,0.010000,0.000000,0.000000,0.000000,0.000000,8.000000,40.900000
1789080765.288383,0,0.000000,0.000000,1.000000,-0.210000,0.000000,0.000000,0.000000,0.000000,8.000000,40.900000
1789080765.310573,0,0.000000,0.000000,1.000000,0.150000,0.000000,0.000000,0.000000,0.000000,8.000000,40.910000
1789080765.311486,0,0.000000,0.000000,1.000000,-0.090000,0.000000,0.000000,0.000000,0.000000,8.000000,40.930000
1789080765.335485,0,0.000000,0.000000,1.000000,0.000000,0.000000,0.000000,0.000000,0.000000,8.000000,40.930000
1789080765.336123,0,0.000000,0.000000,1.000000,0.070000,0.000000,0.000000,0.000000,0.000000,8.000000,40.950000
1789080765.358972,0,0.000000,0.000000,1.000000,0.200000,0.000000,0.000000,0.000000,0.000000,8.000000,40.950000
1789080765.359474,0,0.000000,0.000000,1.000000,0.150000,0.000000,0.000000,0.000000,0.000000,8.000000,40.970000
1789080765.383229,0,0.000000,0.000000,1.000000,0.100000,0.000000,0.000000,0.000000,0.000000,8.000000,40.990000
1789080765.383753,0,0.000000,0.000000,1.000000,0.000000,0.000000,0.000000,0.000000,0.000000,8.000000,41.000000
1789080765.408354,0,0.000000,0.000000,1.000000,0.010000,0.000000,0.000000,0.000000,0.000000,8.000000,41.000000
1789080765.408879,0,0.000000,0.000000,1.000000,0.000000,0.000000,0.000000,0.000000,0.000000,8.000000,41.020000
1789080765.409311,0,0.000000,0.000000,1.000000,0.070000,0.000000,0.000000,0.000000,0.000000,8.000000,41.020000
1789080765.433372,0,0.000000,0.000000,1.000000,0.010000,0.000000,0.000000,0.000000,0.000000,8.000000,41.020000
1789080765.433869,0,0.000000,0.000000,1.000000,0.230000,0.000000,0.000000,0.000000,0.000000,8.000000,41.040000
1789080765.434371,0,0.000000,0.000000,1.000000,-0.050000,0.000000,0.000000,0.000000,0.000000,8.000000,41.040000
1789080765.457511,0,0.000000,0.000000,1.000000,0.070000,0.000000,0.000000,0.000000,0.000000,8.000000,41.060000
1789080765.457996,0,0.000000,0.000000,1.000000,0.000000,0.000000,0.000000,0.000000,0.000000,8.000000,41.060000
1789080765.458375,0,0.000000,0.000000,1.000000,-0.050000,0.000000,0.000000,0.000000,0.000000,8.000000,41.080000
1789080765.484212,0,0.000000,0.000000,1.000000,0.070000,0.000000,0.000000,0.000000,0.000000,8.000000,41.090000
1789080765.484739,0,0.000000,0.000000,1.000000,0.000000,0.000000,0.000000,0.000000,0.000000,8.000000,41.090000
1789080765.510270,0,0.000000,0.000000,1.000000,0.000000,0.000000,0.000000,0.000000,0.000000,8.000000,41.110000
1789080765.510915,0,0.000000,0.000000,1.000000,-0.050000,0.000000,0.000000,0.000000,0.000000,8.000000,41.110000
1789080765.537166,0,0.000000,0.000000,1.000000,0.010000,0.000000,0.000000,0.000000,0.000000,8.000000,41.130000
1789080765.537812,0,0.000000,0.000000,1.000000,0.010000,0.000000,0.000000,0.000000,0.000000,8.000000,41.130000
1789080765.561044,0,0.000000,0.000000,1.000000,0.150000,0.000000,0.000000,0.000000,0.000000,8.000000,41.150000
1789080765.561523,0,0.000000,0.000000,1.000000,0.230000,0.000000,0.000000,0.000000,0.000000,8.000000,41.150000
1789080765.562007,0,0.000000,0.000000,1.000000,0.100000,0.000000,0.000000,0.000000,0.000000,8.000000,41.160000
1789080765.585371,0,0.000000,0.000000,1.000000,0.010000,0.000000,0.000000,0.000000,0.000000,8.000000,41.180000
1789080765.586077,0,0.000000,0.000000,1.000000,0.230000,0.000000,0.000000,0.000000,0.000000,8.000000,41.200000
1789080765.609758,0,0.000000,0.000000,1.000000,0.150000,0.000000,0.000000,0.000000,0.000000,8.000000,41.200000
1789080765.610260,0,0.000000,0.000000,1.000000,0.330000,0.000000,0.000000,0.000000,0.000000,8.000000,41.220000
1789080765.632263,0,0.000000,0.000000,1.000000,-0.310000,0.000000,0.000000,0.000000,0.000000,8.000000,41.220000
1789080765.632745,0,0.000000,0.000000,1.000000,0.370000,0.000000,0.000000,0.000000,0.000000,8.000000,41.240000
1789080765.656645,0,0.000000,0.000000,1.000000,0.280000,0.000000,0.000000,0.000000,0.000000,8.000000,41.250000
1789080765.657280,0,0.000000,0.000000,1.000000,0.010000,0.000000,0.000000,0.000000,0.000000,8.000000,41.250000
1789080765.680883,0,0.000000,0.000000,1.000000,0.280000,0.000000,0.000000,0.000000,0.000000,8.000000,41.270000
1789080765.681413,0,0.000000,0.000000,1.000000,0.370000,0.000000,0.000000,0.000000,0.000000,8.000000,41.290000
1789080765.681933,0,0.000000,0.000000,1.000000,0.200000,0.000000,0.000000,0.000000,0.000000,8.000000,41.290000
1789080765.706930,0,0.000000,0.000000,1.000000,0.100000,0.000000,0.000000,0.000000,0.000000,8.000000,41.310000
1789080765.707433,0,0.000000,0.000000,1.000000,0.200000,0.000000,0.000000,0.000000,0.000000,8.000000,41.310000
1789080765.707810,0,0.000000,0.000000,1.000000,0.000000,0.000000,0.000000,0.000000,0.000000,8.000000,41.330000
1789080765.731512,0,0.000000,0.000000,1.000000,0.000000,0.000000,0.000000,0.000000,0.000000,8.000000,41.340000
1789080765.732163,0,0.000000,0.000000,1.000000,0.010000,0.000000,0.000000,0.000000,0.000000,8.000000,41.340000
1789080765.732716,0,0.000000,0.000000,1.000000,0.010000,0.000000,0.000000,0.000000,0.000000,8.000000,41.340000
1789080765.756961,0,0.000000,0.000000,1.000000,0.010000,0.000000,0.000000,0.000000,0.000000,8.000000,41.360000
1789080765.757606,0,0.000000,0.000000,1.000000,-0.050000,0.000000,0.000000,0.000000,0.000000,8.000000,41.360000
1789080765.782264,0,0.000000,0.000000,1.000000,-0.180000,0.000000,0.000000,0.000000,0.000000,8.000000,41.380000
1789080765.782765,0,0.000000,0.000000,1.000000,-0.050000,0.000000,0.000000,0.000000,0.000000,8.000000,41.380000
1789080765.783181,0,0.000000,0.000000,1.000000,0.010000,0.000000,0.000000,0.000000,0.000000,8.000000,41.400000
1789080765.806015,0,0.000000,0.000000,1.000000,-0.050000,0.000000,0.000000,0.000000,0.000000,8.000000,41.400000
1789080765.806518,0,0.000000,0.000000,1.000000,0.100000,0.000000,0.000000,0.000000,0.000000,8.000000,41.410000
1789080765.829517,0,0.000000,0.000000,1.000000,0.000000,0.000000,0.000000,0.000000,0.000000,8.000000,41.430000
1789080765.830132,0,0.000000,0.000000,1.000000,-0.050000,0.000000,0.000000,0.000000,0.000000,8.000000,41.430000
1789080765.830663,0,0.000000,0.000000,1.000000,0.070000,0.000000,0.000000,0.000000,0.000000,8.000000,41.450000
1789080765.854372,0,0.000000,0.000000,1.000000,0.100000,0.000000,0.000000,0.000000,0.000000,8.000000,41.450000
1789080765.854856,0,0.000000,0.000000,1.000000,0.010000,0.000000,0.000000,0.000000,0.000000,8.000000,41.470000
1789080765.878554,0,0.000000,0.000000,1.000000,-0.180000,0.000000,0.000000,0.000000,0.000000,8.000000,41.470000
1789080765.879059,0,0.000000,0.000000,1.000000,0.070000,0.000000,0.000000,0.000000,0.000000,8.000000,41.490000
1789080765.879478,0,0.000000,0.000000,1.000000,-0.180000,0.000000,0.000000,0.000000,0.000000,8.000000,41.500000
1789080765.904281,0,0.000000,0.000000,1.000000,0.070000,0.000000,0.000000,0.000000,0.000000,8.000000,41.500000
1789080765.904841,0,0.000000,0.000000,1.000000,0.000000,0.000000,0.000000,0.000000,0.000000,8.000000,41.520000
1789080765.928975,0,0.000000,0.000000,1.000000,0.150000,0.000000,0.000000,0.000000,0.000000,8.000000,41.520000
1789080765.929477,0,0.000000,0.000000,1.000000,0.010000,0.000000,0.000000,0.000000,0.000000,8.000000,41.540000
1789080765.929991,0,0.000000,0.000000,1.000000,0.000000,0.000000,0.000000,0.000000,0.000000,8.000000,41.540000
1789080765.953764,0,0.000000,0.000000,1.000000,0.150000,0.000000,0.000000,0.000000,0.000000,8.000000,41.560000
1789080765.954272,0,0.000000,0.000000,1.000000,0.010000,0.000000,0.000000,0.000000,0.000000,8.000000,41.560000
1789080765.978109,0,0.000000,0.000000,1.000000,0.200000,0.000000,0.000000,0.000000,0.000000,8.000000,41.580000
1789080765.978611,0,0.000000,0.000000,1.000000,-0.180000,0.000000,0.000000,0.000000,0.000000,8.000000,41.590000
1789080765.979010,0,0.000000,0.000000,1.000000,0.100000,0.000000,0.000000,0.000000,0.000000,8.000000,41.590000
1789080766.004391,0,0.000000,0.000000,1.000000,-0.050000,0.000000,0.000000,0.000000,0.000000,8.000000,41.610000
1789080766.004920,0,0.000000,0.000000,1.000000,-0.140000,0.000000,0.000000,0.000000,0.000000,8.000000,41.610000
1789080766.028379,0,0.000000,0.000000,1.000000,0.100000,0.000000,0.000000,0.000000,0.000000,8.000000,41.630000
1789080766.028862,0,0.000000,0.000000,1.000000,-0.090000,0.000000,0.000000,0.000000,0.000000,8.000000,41.630000
1789080766.029280,0,0.000000,0.000000,1.000000,0.100000,0.000000,0.000000,0.000000,0.000000,8.000000,41.650000
1789080766.052006,0,0.000000,0.000000,1.000000,0.010000,0.000000,0.000000,0.000000,0.000000,8.000000,41.650000
1789080766.052512,0,0.000000,0.000000,1.000000,0.150000,0.000000,0.000000,0.000000,0.000000,8.000000,41.660000
1789080766.052908,0,0.000000,0.000000,1.000000,0.000000,0.000000,0.000000,0.000000,0.000000,8.000000,41.680000
1789080766.095989,0,0.000000,0.000000,1.000000,0.010000,0.000000,0.000000,0.000000,0.000000,8.000000,41.680000
1789080766.096502,0,0.000000,0.000000,1.000000,0.280000,0.000000,0.000000,0.000000,0.000000,8.000000,41.700000
1789080766.097119,0,0.000000,0.000000,1.000000,0.230000,0.000000,0.000000,0.000000,0.000000,8.000000,41.700000
1789080766.097585,0,0.000000,0.000000,1.000000,0.100000,0.000000,0.000000,0.000000,0.000000,8.000000,41.720000
1789080766.120447,0,0.000000,0.000000,1.000000,0.200000,0.000000,0.000000,0.000000,0.000000,8.000000,41.740000
1789080766.143776,0,0.000000,0.000000,1.000000,0.000000,0.000000,0.000000,0.000000,0.000000,8.000000,41.750000
1789080766.144279,0,0.000000,0.000000,1.000000,0.070000,0.000000,0.000000,0.000000,0.000000,8.000000,41.750000
1789080766.144946,0,0.000000,0.000000,1.000000,0.010000,0.000000,0.000000,0.000000,0.000000,8.000000,41.770000
1789080766.168221,0,0.000000,0.000000,1.000000,0.000000,0.000000,0.000000,0.000000,0.000000,8.000000,41.770000
1789080766.168842,0,0.000000,0.000000,1.000000,0.150000,0.000000,0.000000,0.000000,0.000000,8.000000,41.770000
1789080766.193223,0,0.000000,0.000000,1.000000,0.000000,0.000000,0.000000,0.000000,0.000000,8.000000,41.790000
1789080766.193725,0,0.000000,0.000000,1.000000,-0.090000,0.000000,0.000000,0.000000,0.000000,8.000000,41.810000
1789080766.194135,0,0.000000,0.000000,1.000000,0.100000,0.000000,0.000000,0.000000,0.000000,8.000000,41.810000
1789080766.194526,0,0.000000,0.000000,1.000000,-0.050000,0.000000,0.000000,0.000000,0.000000,8.000000,41.810000
1789080766.219862,0,0.000000,0.000000,1.000000,0.070000,0.000000,0.000000,0.000000,0.000000,8.000000,41.830000
1789080766.244719,0,0.000000,0.000000,1.000000,-0.140000,0.000000,0.000000,0.000000,0.000000,8.000000,41.840000
1789080766.245209,0,0.000000,0.000000,1.000000,0.070000,0.000000,0.000000,0.000000,0.000000,8.000000,41.840000
1789080766.245702,0,0.000000,0.000000,1.000000,0.000000,0.000000,0.000000,0.000000,0.000000,8.000000,41.860000
1789080766.270561,0,0.000000,0.000000,1.000000,0.100000,0.000000,0.000000,0.000000,0.000000,8.000000,41.860000
1789080766.271060,0,0.000000,0.000000,1.000000,0.070000,0.000000,0.000000,0.000000,0.000000,8.000000,41.880000
1789080766.294609,0,0.000000,0.000000,1.000000,-0.050000,0.000000,0.000000,0.000000,0.000000,8.000000,41.880000
1789080766.295317,0,0.000000,0.000000,1.000000,0.010000,0.000000,0.000000,0.000000,0.000000,8.000000,41.900000
1789080766.295890,0,0.000000,0.000000,1.000000,0.070000,0.000000,0.000000,0.000000,0.000000,8.000000,41.900000
1789080766.320113,0,0.000000,0.000000,1.000000,-0.270000,0.000000,0.000000,0.000000,0.000000,8.000000,41.910000
1789080766.320734,0,0.000000,0.000000,1.000000,0.200000,0.000000,0.000000,0.000000,0.000000,8.000000,41.930000
1789080766.344816,0,0.000000,0.000000,1.000000,0.000000,0.000000,0.000000,0.000000,0.000000,8.000000,41.930000
1789080766.345298,0,0.000000,0.000000,1.000000,0.010000,0.000000,0.000000,0.000000,0.000000,8.000000,41.950000
1789080766.369723,0,0.000000,0.000000,1.000000,0.070000,0.000000,0.000000,0.000000,0.000000,8.000000,41.970000
1789080766.370303,0,0.000000,0.000000,1.000000,0.010000,0.000000,0.000000,0.000000,0.000000,8.000000,41.970000
1789080766.370757,0,0.000000,0.000000,1.000000,0.000000,0.000000,0.000000,0.000000,0.000000,8.000000,41.990000
1789080766.371486,0,0.000000,0.000000,1.000000,0.010000,0.000000,0.000000,0.000000,0.000000,8.000000,42.000000
1789080766.395290,0,0.000000,0.000000,1.000000,0.000000,0.000000,0.000000,0.000000,0.000000,8.000000,42.000000
1789080766.396011,0,0.000000,0.000000,1.000000,-0.090000,0.000000,0.000000,0.000000,0.000000,8.000000,42.000000
1789080766.420023,0,0.000000,0.000000,1.000000,0.070000,0.000000,0.000000,0.000000,0.000000,8.000000,42.020000
1789080766.420528,0,0.000000,0.000000,1.000000,0.010000,0.000000,0.000000,0.000000,0.000000,8.000000,42.020000
1789080766.444330,0,0.000000,0.000000,1.000000,0.000000,0.000000,0.000000,0.000000,0.000000,8.000000,42.040000
1789080766.444878,0,0.000000,0.000000,1.000000,0.000000,0.000000,0.000000,0.000000,0.000000,8.000000,42.040000
1789080766.445307,0,0.000000,0.000000,1.000000,0.280000,0.000000,0.000000,0.000000,0.000000,8.000000,42.060000
1789080766.468856,0,0.000000,0.000000,1.000000,-0.400000,0.000000,0.000000,0.000000,0.000000,8.000000,42.060000
1789080766.469343,0,0.000000,0.000000,1.000000,0.000000,0.000000,0.000000,0.000000,0.000000,8.000000,42.080000
1789080766.469791,0,0.000000,0.000000,1.000000,0.010000,0.000000,0.000000,0.000000,0.000000,8.000000,42.090000
1789080766.495470,0,0.000000,0.000000,1.000000,-0.050000,0.000000,0.000000,0.000000,0.000000,8.000000,42.090000
1789080766.496037,0,0.000000,0.000000,1.000000,0.010000,0.000000,0.000000,0.000000,0.000000,8.000000,42.110000
1789080766.520049,0,0.000000,0.000000,1.000000,0.010000,0.000000,0.000000,0.000000,0.000000,8.000000,42.110000
1789080766.520631,0,0.000000,0.000000,1.000000,-0.090000,0.000000,0.000000,0.000000,0.000000,8.000000,42.130000
1789080766.521468,0,0.000000,0.000000,1.000000,0.000000,0.000000,0.000000,0.000000,0.000000,8.000000,42.130000
1789080766.544772,0,0.000000,0.000000,1.000000,0.070000,0.000000,0.000000,0.000000,0.000000,8.000000,42.150000
1789080766.545247,0,0.000000,0.000000,1.000000,0.150000,0.000000,0.000000,0.000000,0.000000,8.000000,42.150000
1789080766.568594,0,0.000000,0.000000,1.000000,0.230000,0.000000,0.000000,0.000000,0.000000,8.000000,42.160000
1789080766.569095,0,0.000000,0.000000,1.000000,0.010000,0.000000,0.000000,0.000000,0.000000,8.000000,42.180000
1789080766.593614,0,0.000000,0.000000,1.000000,0.150000,0.000000,0.000000,0.000000,0.000000,8.000000,42.180000
1789080766.594120,0,0.000000,0.000000,1.000000,0.100000,0.000000,0.000000,0.000000,0.000000,8.000000,42.200000
1789080766.618769,0,0.000000,0.000000,1.000000,-0.050000,0.000000,0.000000,0.000000,0.000000,8.000000,42.200000
1789080766.619292,0,0.000000,0.000000,1.000000,0.150000,0.000000,0.000000,0.000000,0.000000,8.000000,42.220000
1789080766.619797,0,0.000000,0.000000,1.000000,-0.050000,0.000000,0.000000,0.000000,0.000000,8.000000,42.220000
1789080766.643531,0,0.000000,0.000000,1.000000,0.000000,0.000000,0.000000,0.000000,0.000000,8.000000,42.240000
1789080766.668795,0,0.000000,0.000000,1.000000,0.150000,0.000000,0.000000,0.000000,0.000000,8.000000,42.250000
1789080766.669306,0,0.000000,0.000000,1.000000,0.070000,0.000000,0.000000,0.000000,0.000000,8.000000,42.270000
1789080766.669735,0,0.000000,0.000000,1.000000,0.150000,0.000000,0.000000,0.000000,0.000000,8.000000,42.270000
1789080766.694571,0,0.000000,0.000000,1.000000,0.070000,0.000000,0.000000,0.000000,0.000000,8.000000,42.290000
1789080766.695074,0,0.000000,0.000000,1.000000,0.000000,0.000000,0.000000,0.000000,0.000000,8.000000,42.290000
1789080766.695637,0,0.000000,0.000000,1.000000,-0.090000,0.000000,0.000000,0.000000,0.000000,8.000000,42.310000
1789080766.696176,0,0.000000,0.000000,1.000000,0.010000,0.000000,0.000000,0.000000,0.000000,8.000000,42.310000
1789080766.721288,0,0.000000,0.000000,1.000000,-0.180000,0.000000,0.000000,0.000000,0.000000,8.000000,42.330000
1789080766.745838,0,0.000000,0.000000,1.000000,0.070000,0.000000,0.000000,0.000000,0.000000,8.000000,42.340000
1789080766.746357,0,0.000000,0.000000,1.000000,-0.090000,0.000000,0.000000,0.000000,0.000000,8.000000,42.340000
1789080766.746782,0,0.000000,0.000000,1.000000,0.150000,0.000000,0.000000,0.000000,0.000000,8.000000,42.360000
1789080766.770664,0,0.000000,0.000000,1.000000,0.330000,0.000000,0.000000,0.000000,0.000000,8.000000,42.360000
1789080766.771178,0,0.000000,0.000000,1.000000,-0.050000,0.000000,0.000000,0.000000,0.000000,8.000000,42.380000
1789080766.771576,0,0.000000,0.000000,1.000000,0.070000,0.000000,0.000000,0.000000,0.000000,8.000000,42.380000
1789080766.797001,0,0.000000,0.000000,1.000000,0.070000,0.000000,0.000000,0.000000,0.000000,8.000000,42.400000
1789080766.797589,0,0.000000,0.000000,1.000000,-0.090000,0.000000,0.000000,0.000000,0.000000,8.000000,42.400000
1789080766.821764,0,0.000000,0.000000,1.000000,-0.180000,0.000000,0.000000,0.000000,0.000000,8.000000,42.410000
1789080766.822269,0,0.000000,0.000000,1.000000,0.150000,0.000000,0.000000,0.000000,0.000000,8.000000,42.430000
1789080766.822680,0,0.000000,0.000000,1.000000,-0.140000,0.000000,0.000000,0.000000,0.000000,8.000000,42.430000
1789080766.823210,0,0.000000,0.000000,1.000000,0.100000,0.000000,0.000000,0.000000,0.000000,8.000000,42.450000
1789080766.846889,0,0.000000,0.000000,1.000000,0.070000,0.000000,0.000000,0.000000,0.000000,8.000000,42.450000
1789080766.871528,0,0.000000,0.000000,1.000000,0.010000,0.000000,0.000000,0.000000,0.000000,8.000000,42.470000
1789080766.872091,0,0.000000,0.000000,1.000000,-0.180000,0.000000,0.000000,0.000000,0.000000,8.000000,42.470000
1789080766.872709,0,0.000000,0.000000,1.000000,0.070000,0.000000,0.000000,0.000000,0.000000,8.000000,42.490000
1789080766.897645,0,0.000000,0.000000,1.000000,0.010000,0.000000,0.000000,0.000000,0.000000,8.000000,42.500000
1789080766.898160,0,0.000000,0.000000,1.000000,0.010000,0.000000,0.000000,0.000000,0.000000,8.000000,42.500000
1789080766.898627,0,0.000000,0.000000,1.000000,0.100000,0.000000,0.000000,0.000000,0.000000,8.000000,42.520000
1789080766.923485,0,0.000000,0.000000,1.000000,0.010000,0.000000,0.000000,0.000000,0.000000,8.000000,42.520000
1789080766.923989,0,0.000000,0.000000,1.000000,0.000000,0.000000,0.000000,0.000000,0.000000,8.000000,42.520000
1789080766.924406,0,0.000000,0.000000,1.000000,0.010000,0.000000,0.000000,0.000000,0.000000,8.000000,42.540000
1789080766.949305,0,0.000000,0.000000,1.000000,-0.090000,0.000000,0.000000,0.000000,0.000000,8.000000,42.540000
1789080766.949884,0,0.000000,0.000000,1.000000,0.010000,0.000000,0.000000,0.000000,0.000000,8.000000,42.560000
1789080766.974203,0,0.000000,0.000000,1.000000,0.010000,0.000000,0.000000,0.000000,0.000000,8.000000,42.560000
1789080766.974681,0,0.000000,0.000000,1.000000,0.150000,0.000000,0.000000,0.000000,0.000000,8.000000,42.580000
1789080766.999586,0,0.000000,0.000000,1.000000,0.150000,0.000000,0.000000,0.000000,0.000000,8.000000,42.590000
1789080767.000134,0,0.000000,0.000000,1.000000,0.000000,0.000000,0.000000,0.000000,0.000000,8.000000,42.610000
1789080767.024605,0,0.000000,0.000000,1.000000,-0.210000,0.000000,0.000000,0.000000,0.000000,8.000000,42.610000
1789080767.025106,0,0.000000,0.000000,1.000000,0.070000,0.000000,0.000000,0.000000,0.000000,8.000000,42.630000
1789080767.025576,0,0.000000,0.000000,1.000000,0.070000,0.000000,0.000000,0.000000,0.000000,8.000000,42.630000
1789080767.049757,0,0.000000,0.000000,1.000000,0.100000,0.000000,0.000000,0.000000,0.000000,8.000000,42.650000
1789080767.050262,0,0.000000,0.000000,1.000000,0.100000,0.000000,0.000000,0.000000,0.000000,8.000000,42.650000
1789080767.074395,0,0.000000,0.000000,1.000000,0.150000,0.000000,0.000000,0.000000,0.000000,8.000000,42.660000
1789080767.075203,0,0.000000,0.000000,1.000000,0.200000,0.000000,0.000000,0.000000,0.000000,8.000000,42.680000
1789080767.099889,0,0.000000,0.000000,1.000000,0.070000,0.000000,0.000000,0.000000,0.000000,8.000000,42.700000
1789080767.100439,0,0.000000,0.000000,1.000000,0.010000,0.000000,0.000000,0.000000,0.000000,8.000000,42.700000
1789080767.101107,0,0.000000,0.000000,1.000000,0.150000,0.000000,0.000000,0.000000,0.000000,8.000000,42.720000
1789080767.124997,0,0.000000,0.000000,1.000000,0.100000,0.000000,0.000000,0.000000,0.000000,8.000000,42.720000
1789080767.125515,0,0.000000,0.000000,1.000000,-0.210000,0.000000,0.000000,0.000000,0.000000,8.000000,42.740000
1789080767.148214,0,0.000000,0.000000,1.000000,-0.050000,0.000000,0.000000,0.000000,0.000000,8.000000,42.750000
1789080767.148722,0,0.000000,0.000000,1.000000,0.070000,0.000000,0.000000,0.000000,0.000000,8.000000,42.750000
1789080767.149149,0,0.000000,0.000000,1.000000,0.010000,0.000000,0.000000,0.000000,0.000000,8.000000,42.770000
1789080767.149777,0,0.000000,0.000000,1.000000,-0.140000,0.000000,0.000000,0.000000,0.000000,8.000000,42.770000
1789080767.173713,0,0.000000,0.000000,1.000000,0.000000,0.000000,0.000000,0.000000,0.000000,8.000000,42.790000
1789080767.174309,0,0.000000,0.000000,1.000000,0.070000,0.000000,0.000000,0.000000,0.000000,8.000000,42.790000
1789080767.199239,0,0.000000,0.000000,1.000000,-0.090000,0.000000,0.000000,0.000000,0.000000,8.000000,42.810000
1789080767.199812,0,0.000000,0.000000,1.000000,0.000000,0.000000,0.000000,0.000000,0.000000,8.000000,42.810000
1789080767.223631,0,0.000000,0.000000,1.000000,-0.050000,0.000000,0.000000,0.000000,0.000000,8.000000,42.830000
1789080767.224126,0,0.000000,0.000000,1.000000,-0.180000,0.000000,0.000000,0.000000,0.000000,8.000000,42.840000
1789080767.224533,0,0.000000,0.000000,1.000000,0.150000,0.000000,0.000000,0.000000,0.000000,8.000000,42.840000
1789080767.249820,0,0.000000,0.000000,1.000000,0.200000,0.000000,0.000000,0.000000,0.000000,8.000000,42.860000
1789080767.250328,0,0.000000,0.000000,1.000000,-0.180000,0.000000,0.000000,0.000000,0.000000,8.000000,42.860000
1789080767.275045,0,0.000000,0.000000,1.000000,-0.050000,0.000000,0.000000,0.000000,0.000000,8.000000,42.880000
1789080767.275547,0,0.000000,0.000000,1.000000,0.200000,0.000000,0.000000,0.000000,0.000000,8.000000,42.880000
1789080767.276082,0,0.000000,0.000000,1.000000,0.150000,0.000000,0.000000,0.000000,0.000000,8.000000,42.900000
1789080767.300875,0,0.000000,0.000000,1.000000,0.100000,0.000000,0.000000,0.000000,0.000000,8.000000,42.900000
1789080767.301431,0,0.000000,0.000000,1.000000,0.000000,0.000000,0.000000,0.000000,0.000000,8.000000,42.900000
1789080767.301844,0,0.000000,0.000000,1.000000,0.150000,0.000000,0.000000,0.000000,0.000000,8.000000,42.910000
1789080767.325746,0,0.000000,0.000000,1.000000,0.100000,0.000000,0.000000,0.000000,0.000000,8.000000,42.930000
1789080767.326247,0,0.000000,0.000000,1.000000,-0.090000,0.000000,0.000000,0.000000,0.000000,8.000000,42.930000
1789080767.352629,0,0.000000,0.000000,1.000000,0.100000,0.000000,0.000000,0.000000,0.000000,8.000000,42.950000
1789080767.353144,0,0.000000,0.000000,1.000000,0.330000,0.000000,0.000000,0.000000,0.000000,8.000000,42.950000
1789080767.377852,0,0.000000,0.000000,1.000000,0.150000,0.000000,0.000000,0.000000,0.000000,8.000000,42.970000
1789080767.378384,0,0.000000,0.000000,1.000000,0.070000,0.000000,0.000000,0.000000,0.000000,8.000000,42.970000
1789080767.378805,0,0.000000,0.000000,1.000000,0.100000,0.000000,0.000000,0.000000,0.000000,8.000000,42.990000
1789080767.403812,0,0.000000,0.000000,1.000000,0.200000,0.000000,0.000000,0.000000,0.000000,8.000000,43.000000
1789080767.404330,0,0.000000,0.000000,1.000000,-0.050000,0.000000,0.000000,0.000000,0.000000,8.000000,43.000000
1789080767.404734,0,0.000000,0.000000,1.000000,-0.090000,0.000000,0.000000,0.000000,0.000000,8.000000,43.020000
1789080767.429398,0,0.000000,0.000000,1.000000,0.070000,0.000000,0.000000,0.000000,0.000000,8.000000,43.020000
1789080767.429913,0,0.000000,0.000000,1.000000,0.150000,0.000000,0.000000,0.000000,0.000000,8.000000,43.040000
1789080767.455476,0,0.000000,0.000000,1.000000,0.070000,0.000000,0.000000,0.000000,0.000000,8.000000,43.040000
1789080767.456101,0,0.000000,0.000000,1.000000,-0.090000,0.000000,0.000000,0.000000,0.000000,8.000000,43.060000
1789080767.480441,0,0.000000,0.000000,1.000000,-0.050000,0.000000,0.000000,0.000000,0.000000,8.000000,43.060000
1789080767.480950,0,0.000000,0.000000,1.000000,0.100000,0.000000,0.000000,0.000000,0.000000,8.000000,43.080000
1789080767.481369,0,0.000000,0.000000,1.000000,0.100000,0.000000,0.000000,0.000000,0.000000,8.000000,43.090000
1789080767.481991,0,0.000000,0.000000,1.000000,0.000000,0.000000,0.000000,0.000000,0.000000,8.000000,43.090000
1789080767.507535,0,0.000000,0.000000,1.000000,0.000000,0.000000,0.000000,0.000000,0.000000,8.000000,43.110000
1789080767.508051,0,0.000000,0.000000,1.000000,0.150000,0.000000,0.000000,0.000000,0.000000,8.000000,43.110000
1789080767.533572,0,0.000000,0.000000,1.000000,-0.210000,0.000000,0.000000,0.000000,0.000000,8.000000,43.130000
1789080767.534379,0,0.000000,0.000000,1.000000,-0.090000,0.000000,0.000000,0.000000,0.000000,8.000000,43.130000
1789080767.534877,0,0.000000,0.000000,1.000000,0.010000,0.000000,0.000000,0.000000,0.000000,8.000000,43.150000
1789080767.559092,0,0.000000,0.000000,1.000000,-0.050000,0.000000,0.000000,0.000000,0.000000,8.000000,43.150000
1789080767.559582,0,0.000000,0.000000,1.000000,0.000000,0.000000,0.000000,0.000000,0.000000,8.000000,43.160000
1789080767.559972,0,0.000000,0.000000,1.000000,0.100000,0.000000,0.000000,0.000000,0.000000,8.000000,43.180000
1789080767.584664,0,0.000000,0.000000,1.000000,0.010000,0.000000,0.000000,0.000000,0.000000,8.000000,43.180000
1789080767.585272,0,0.000000,0.000000,1.000000,0.010000,0.000000,0.000000,0.000000,0.000000,8.000000,43.200000
1789080767.609695,0,0.000000,0.000000,1.000000,0.000000,0.000000,0.000000,0.000000,0.000000,8.000000,43.200000
1789080767.610216,0,0.000000,0.000000,1.000000,0.280000,0.000000,0.000000,0.000000,0.000000,8.000000,43.220000
1789080767.610690,0,0.000000,0.000000,1.000000,-0.050000,0.000000,0.000000,0.000000,0.000000,8.000000,43.220000
1789080767.634840,0,0.000000,0.000000,1.000000,0.010000,0.000000,0.000000,0.000000,0.000000,8.000000,43.240000
1789080767.635346,0,0.000000,0.000000,1.000000,0.200000,0.000000,0.000000,0.000000,0.000000,8.000000,43.250000
1789080767.660755,0,0.000000,0.000000,1.000000,0.000000,0.000000,0.000000,0.000000,0.000000,8.000000,43.250000
1789080767.661285,0,0.000000,0.000000,1.000000,-0.050000,0.000000,0.000000,0.000000,0.000000,8.000000,43.270000
1789080767.685000,0,0.000000,0.000000,1.000000,-0.180000,0.000000,0.000000,0.000000,0.000000,8.000000,43.270000
1789080767.685485,0,0.000000,0.000000,1.000000,0.070000,0.000000,0.000000,0.000000,0.000000,8.000000,43.290000
1789080767.685867,0,0.000000,0.000000,1.000000,-0.050000,0.000000,0.000000,0.000000,0.000000,8.000000,43.290000
1789080767.686230,0,0.000000,0.000000,1.000000,0.000000,0.000000,0.000000,0.000000,0.000000,8.000000,43.310000
1789080767.710636,0,0.000000,0.000000,1.000000,0.100000,0.000000,0.000000,0.000000,0.000000,8.000000,43.310000
1789080767.711137,0,0.000000,0.000000,1.000000,0.070000,0.000000,0.000000,0.000000,0.000000,8.000000,43.330000
1789080767.734477,0,0.000000,0.000000,1.000000,0.000000,0.000000,0.000000,0.000000,0.000000,8.000000,43.340000
1789080767.735010,0,0.000000,0.000000,1.000000,0.000000,0.000000,0.000000,0.000000,0.000000,8.000000,43.340000
1789080767.735451,0,0.000000,0.000000,1.000000,0.150000,0.000000,0.000000,0.000000,0.000000,8.000000,43.360000
1789080767.759048,0,0.000000,0.000000,1.000000,0.070000,0.000000,0.000000,0.000000,0.000000,8.000000,43.360000
1789080767.759537,0,0.000000,0.000000,1.000000,0.230000,0.000000,0.000000,0.000000,0.000000,8.000000,43.380000
1789080767.783203,0,0.000000,0.000000,1.000000,0.000000,0.000000,0.000000,0.000000,0.000000,8.000000,43.380000
1789080767.783706,0,0.000000,0.000000,1.000000,-0.050000,0.000000,0.000000,0.000000,0.000000,8.000000,43.400000
1789080767.808345,0,0.000000,0.000000,1.000000,0.010000,0.000000,0.000000,0.000000,0.000000,8.000000,43.400000
1789080767.808847,0,0.000000,0.000000,1.000000,0.150000,0.000000,0.000000,0.000000,0.000000,8.000000,43.410000
1789080767.809262,0,0.000000,0.000000,1.000000,-0.140000,0.000000,0.000000,0.000000,0.000000,8.000000,43.430000
1789080767.834143,0,0.000000,0.000000,1.000000,-0.050000,0.000000,0.000000,0.000000,0.000000,8.000000,43.430000
1789080767.834658,0,0.000000,0.000000,1.000000,0.200000,0.000000,0.000000,0.000000,0.000000,8.000000,43.450000
1789080767.859177,0,0.000000,0.000000,1.000000,-0.140000,0.000000,0.000000,0.000000,0.000000,8.000000,43.450000
1789080767.859676,0,0.000000,0.000000,1.000000,0.070000,0.000000,0.000000,0.000000,0.000000,8.000000,43.470000
1789080767.884596,0,0.000000,0.000000,1.000000,0.280000,0.000000,0.000000,0.000000,0.000000,8.000000,43.470000
1789080767.885129,0,0.000000,0.000000,1.000000,-0.210000,0.000000,0.000000,0.000000,0.000000,8.000000,43.490000
1789080767.908837,0,0.000000,0.000000,1.000000,0.150000,0.000000,0.000000,0.000000,0.000000,8.000000,43.500000
1789080767.909345,0,0.000000,0.000000,1.000000,0.000000,0.000000,0.000000,0.000000,0.000000,8.000000,43.500000
1789080767.909759,0,0.000000,0.000000,1.000000,0.280000,0.000000,0.000000,0.000000,0.000000,8.000000,43.520000
1789080767.910254,0,0.000000,0.000000,1.000000,0.010000,0.000000,0.000000,0.000000,0.000000,8.000000,43.520000
1789080767.956709,0,0.000000,0.000000,1.000000,0.010000,0.000000,0.000000,0.000000,0.000000,8.000000,43.540000
1789080767.957214,0,0.000000,0.000000,1.000000,0.010000,0.000000,0.000000,0.000000,0.000000,8.000000,43.540000
1789080767.957611,0,0.000000,0.000000,1.000000,-0.050000,0.000000,0.000000,0.000000,0.000000,8.000000,43.560000
1789080767.957992,0,0.000000,0.000000,1.000000,0.070000,0.000000,0.000000,0.000000,0.000000,8.000000,43.560000
1789080767.958554,0,0.000000,0.000000,1.000000,0.280000,0.000000,0.000000,0.000000,0.000000,8.000000,43.580000
1789080767.958955,0,0.000000,0.000000,1.000000,0.100000,0.000000,0.000000,0.000000,0.000000,8.000000,43.590000
1789080767.959332,0,0.000000,0.000000,1.000000,-0.090000,0.000000,0.000000,0.000000,0.000000,8.000000,43.590000
1789080768.005486,0,0.000000,0.000000,1.000000,0.150000,0.000000,0.000000,0.000000,0.000000,8.000000,43.610000
1789080768.006163,0,0.000000,0.000000,1.000000,0.230000,0.000000,0.000000,0.000000,0.000000,8.000000,43.610000
1789080768.006810,0,0.000000,0.000000,1.000000,-0.140000,0.000000,0.000000,0.000000,0.000000,8.000000,43.630000
1789080768.007430,0,0.000000,0.000000,1.000000,0.000000,0.000000,0.000000,0.000000,0.000000,8.000000,43.630000
1789080768.032897,0,0.000000,0.000000,1.000000,0.150000,0.000000,0.000000,0.000000,0.000000,8.000000,43.650000
1789080768.057106,0,0.000000,0.000000,1.000000,0.000000,0.000000,0.000000,0.000000,0.000000,8.000000,43.650000
1789080768.057788,0,0.000000,0.000000,1.000000,0.000000,0.000000,0.000000,0.000000,0.000000,8.000000,43.660000
1789080768.082149,0,0.000000,0.000000,1.000000,0.070000,0.000000,0.000000,0.000000,0.000000,8.000000,43.680000
1789080768.082662,0,0.000000,0.000000,1.000000,0.000000,0.000000,0.000000,0.000000,0.000000,8.000000,43.680000
1789080768.083087,0,0.000000,0.000000,1.000000,0.330000,0.000000,0.000000,0.000000,0.000000,8.000000,43.700000
1789080768.108281,0,0.000000,0.000000,1.000000,0.010000,0.000000,0.000000,0.000000,0.000000,8.000000,43.700000
1789080768.108833,0,0.000000,0.000000,1.000000,-0.140000,0.000000,0.000000,0.000000,0.000000,8.000000,43.720000
1789080768.133050,0,0.000000,0.000000,1.000000,-0.050000,0.000000,0.000000,0.000000,0.000000,8.000000,43.720000
1789080768.133550,0,0.000000,0.000000,1.000000,0.100000,0.000000,0.000000,0.000000,0.000000,8.000000,43.740000
1789080768.134130,0,0.000000,0.000000,1.000000,0.010000,0.000000,0.000000,0.000000,0.000000,8.000000,43.750000
1789080768.157122,0,0.000000,0.000000,1.000000,0.010000,0.000000,0.000000,0.000000,0.000000,8.000000,43.750000
1789080768.157624,0,0.000000,0.000000,1.000000,0.070000,0.000000,0.000000,0.000000,0.000000,8.000000,43.770000
1789080768.181015,0,0.000000,0.000000,1.000000,0.200000,0.000000,0.000000,0.000000,0.000000,8.000000,43.770000
1789080768.181613,0,0.000000,0.000000,1.000000,0.150000,0.000000,0.000000,0.000000,0.000000,8.000000,43.790000
1789080768.204578,0,0.000000,0.000000,1.000000,-0.270000,0.000000,0.000000,0.000000,0.000000,8.000000,43.790000
1789080768.205080,0,0.000000,0.000000,1.000000,0.150000,0.000000,0.000000,0.000000,0.000000,8.000000,43.810000
1789080768.227601,0,0.000000,0.000000,1.000000,0.070000,0.000000,0.000000,0.000000,0.000000,8.000000,43.810000
1789080768.228187,0,0.000000,0.000000,1.000000,0.230000,0.000000,0.000000,0.000000,0.000000,8.000000,43.830000
1789080768.228600,0,0.000000,0.000000,1.000000,0.010000,0.000000,0.000000,0.000000,0.000000,8.000000,43.840000
1789080768.251028,0,0.000000,0.000000,1.000000,-0.050000,0.000000,0.000000,0.000000,0.000000,8.000000,43.860000
1789080768.251536,0,0.000000,0.000000,1.000000,-0.140000,0.000000,0.000000,0.000000,0.000000,8.000000,43.860000
1789080768.253626,0,0.000000,0.000000,1.000000,0.100000,0.000000,0.000000,0.000000,0.000000,8.000000,43.860000
1789080768.276597,0,0.000000,0.000000,1.000000,-0.180000,0.000000,0.000000,0.000000,0.000000,8.000000,43.880000
1789080768.277278,0,0.000000,0.000000,1.000000,-0.090000,0.000000,0.000000,0.000000,0.000000,8.000000,43.900000
1789080768.300386,0,0.000000,0.000000,1.000000,0.010000,0.000000,0.000000,0.000000,0.000000,8.000000,43.900000
1789080768.322898,0,0.000000,0.000000,1.000000,-0.470000,0.000000,0.000000,0.000000,0.000000,8.000000,43.900000
1789080768.323477,0,0.000000,0.000000,1.000000,0.150000,0.000000,0.000000,0.000000,0.000000,8.000000,43.910000
1789080768.323885,0,0.000000,0.000000,1.000000,-0.050000,0.000000,0.000000,0.000000,0.000000,8.000000,43.930000
1789080768.324273,0,0.000000,0.000000,1.000000,0.100000,0.000000,0.000000,0.000000,0.000000,8.000000,43.930000
1789080768.347806,0,0.000000,0.000000,1.000000,0.070000,0.000000,0.000000,0.000000,0.000000,8.000000,43.950000
1789080768.348387,0,0.000000,0.000000,1.000000,-0.050000,0.000000,0.000000,0.000000,0.000000,8.000000,43.950000
1789080768.370422,0,0.000000,0.000000,1.000000,0.720000,0.000000,0.000000,0.000000,0.000000,8.000000,43.970000
1789080768.370928,0,0.000000,0.000000,1.000000,0.150000,0.000000,0.000000,0.000000,0.000000,8.000000,43.970000
1789080768.371487,0,0.000000,0.000000,1.000000,-0.140000,0.000000,0.000000,0.000000,0.000000,8.000000,43.990000
1789080768.392459,0,0.000000,0.000000,1.000000,0.070000,0.000000,0.000000,0.000000,0.000000,8.000000,44.000000
1789080768.393124,0,0.000000,0.000000,1.000000,0.070000,0.000000,0.000000,0.000000,0.000000,8.000000,44.000000
1789080768.416305,0,0.000000,0.000000,1.000000,-0.210000,0.000000,0.000000,0.000000,0.000000,8.000000,44.020000
1789080768.438161,0,0.000000,0.000000,1.000000,0.070000,0.000000,0.000000,0.000000,0.000000,8.000000,44.020000
1789080768.438674,0,0.000000,0.000000,1.000000,0.230000,0.000000,0.000000,0.000000,0.000000,8.000000,44.040000
1789080768.462011,0,0.000000,0.000000,1.000000,0.010000,0.000000,0.000000,0.000000,0.000000,8.000000,44.060000
1789080768.462594,0,0.000000,0.000000,1.000000,0.100000,0.000000,0.000000,0.000000,0.000000,8.000000,44.060000
1789080768.463017,0,0.000000,0.000000,1.000000,0.100000,0.000000,0.000000,0.000000,0.000000,8.000000,44.080000
1789080768.484947,0,0.000000,0.000000,1.000000,0.100000,0.000000,0.000000,0.000000,0.000000,8.000000,44.090000
1789080768.485482,0,0.000000,0.000000,1.000000,-0.090000,0.000000,0.000000,0.000000,0.000000,8.000000,44.090000
1789080768.485964,0,0.000000,0.000000,1.000000,0.200000,0.000000,0.000000,0.000000,0.000000,8.000000,44.110000
1789080768.507669,0,0.000000,0.000000,1.000000,0.150000,0.000000,0.000000,0.000000,0.000000,8.000000,44.110000
1789080768.508277,0,0.000000,0.000000,1.000000,-0.090000,0.000000,0.000000,0.000000,0.000000,8.000000,44.130000
1789080768.530269,0,0.000000,0.000000,1.000000,0.010000,0.000000,0.000000,0.000000,0.000000,8.000000,44.130000
1789080768.530770,0,0.000000,0.000000,1.000000,-0.090000,0.000000,0.000000,0.000000,0.000000,8.000000,44.150000
1789080768.552401,0,0.000000,0.000000,1.000000,0.010000,0.000000,0.000000,0.000000,0.000000,8.000000,44.150000
1789080768.553105,0,0.000000,0.000000,1.000000,0.200000,0.000000,0.000000,0.000000,0.000000,8.000000,44.160000
1789080768.553597,0,0.000000,0.000000,1.000000,-0.090000,0.000000,0.000000,0.000000,0.000000,8.000000,44.180000
1789080768.574842,0,0.000000,0.000000,1.000000,-0.090000,0.000000,0.000000,0.000000,0.000000,8.000000,44.180000
1789080768.575402,0,0.000000,0.000000,1.000000,-0.090000,0.000000,0.000000,0.000000,0.000000,8.000000,44.200000
1789080768.597285,0,0.000000,0.000000,1.000000,0.010000,0.000000,0.000000,0.000000,0.000000,8.000000,44.200000
1789080768.597960,0,0.000000,0.000000,1.000000,0.010000,0.000000,0.000000,0.000000,0.000000,8.000000,44.220000
1789080768.620804,0,0.000000,0.000000,1.000000,0.230000,0.000000,0.000000,0.000000,0.000000,8.000000,44.220000
1789080768.621593,0,0.000000,0.000000,1.000000,0.100000,0.000000,0.000000,0.000000,0.000000,8.000000,44.240000
1789080768.644834,0,0.000000,0.000000,1.000000,0.070000,0.000000,0.000000,0.000000,0.000000,8.000000,44.250000
1789080768.645461,0,0.000000,0.000000,1.000000,0.070000,0.000000,0.000000,0.000000,0.000000,8.000000,44.250000
1789080768.668122,0,0.000000,0.000000,1.000000,0.100000,0.000000,0.000000,0.000000,0.000000,8.000000,44.270000
1789080768.668622,0,0.000000,0.000000,1.000000,0.230000,0.000000,0.000000,0.000000,0.000000,8.000000,44.270000
1789080768.669038,0,0.000000,0.000000,1.000000,-0.050000,0.000000,0.000000,0.000000,0.000000,8.000000,44.290000
1789080768.691812,0,0.000000,0.000000,1.000000,0.010000,0.000000,0.000000,0.000000,0.000000,8.000000,44.290000
1789080768.692394,0,0.000000,0.000000,1.000000,-0.090000,0.000000,0.000000,0.000000,0.000000,8.000000,44.310000
1789080768.715473,0,0.000000,0.000000,1.000000,0.010000,0.000000,0.000000,0.000000,0.000000,8.000000,44.310000
1789080768.715976,0,0.000000,0.000000,1.000000,0.000000,0.000000,0.000000,0.000000,0.000000,8.000000,44.330000
1789080768.738085,0,0.000000,0.000000,1.000000,0.100000,0.000000,0.000000,0.000000,0.000000,8.000000,44.340000
1789080768.738668,0,0.000000,0.000000,1.000000,0.280000,0.000000,0.000000,0.000000,0.000000,8.000000,44.340000
1789080768.739254,0,0.000000,0.000000,1.000000,0.150000,0.000000,0.000000,0.000000,0.000000,8.000000,44.360000
1789080768.760948,0,0.000000,0.000000,1.000000,0.010000,0.000000,0.000000,0.000000,0.000000,8.000000,44.360000
1789080768.761452,0,0.000000,0.000000,1.000000,0.100000,0.000000,0.000000,0.000000,0.000000,8.000000,44.380000
1789080768.762044,0,0.000000,0.000000,1.000000,0.070000,0.000000,0.000000,0.000000,0.000000,8.000000,44.380000
1789080768.784804,0,0.000000,0.000000,1.000000,-0.050000,0.000000,0.000000,0.000000,0.000000,8.000000,44.400000
1789080768.785548,0,0.000000,0.000000,1.000000,0.070000,0.000000,0.000000,0.000000,0.000000,8.000000,44.400000
1789080768.807593,0,0.000000,0.000000,1.000000,-0.050000,0.000000,0.000000,0.000000,0.000000,8.000000,44.410000
1789080768.808222,0,0.000000,0.000000,1.000000,-0.310000,0.000000,0.000000,0.000000,0.000000,8.000000,44.430000
1789080768.830230,0,0.000000,0.000000,1.000000,0.150000,0.000000,0.000000,0.000000,0.000000,8.000000,44.430000
1789080768.830755,0,0.000000,0.000000,1.000000,-0.140000,0.000000,0.000000,0.000000,0.000000,8.000000,44.450000
1789080768.852954,0,0.000000,0.000000,1.000000,-0.090000,0.000000,0.000000,0.000000,0.000000,8.000000,44.450000
1789080768.853592,0,0.000000,0.000000,1.000000,0.010000,0.000000,0.000000,0.000000,0.000000,8.000000,44.470000
1789080768.875471,0,0.000000,0.000000,1.000000,0.070000,0.000000,0.000000,0.000000,0.000000,8.000000,44.470000
1789080768.875969,0,0.000000,0.000000,1.000000,0.010000,0.000000,0.000000,0.000000,0.000000,8.000000,44.490000
1789080768.897640,0,0.000000,0.000000,1.000000,0.370000,0.000000,0.000000,0.000000,0.000000,8.000000,44.500000
1789080768.898150,0,0.000000,0.000000,1.000000,0.230000,0.000000,0.000000,0.000000,0.000000,8.000000,44.500000
1789080768.898679,0,0.000000,0.000000,1.000000,0.100000,0.000000,0.000000,0.000000,0.000000,8.000000,44.520000
1789080768.921023,0,0.000000,0.000000,1.000000,0.100000,0.000000,0.000000,0.000000,0.000000,8.000000,44.520000
1789080768.943638,0,0.000000,0.000000,1.000000,0.070000,0.000000,0.000000,0.000000,0.000000,8.000000,44.540000
1789080768.944165,0,0.000000,0.000000,1.000000,0.000000,0.000000,0.000000,0.000000,0.000000,8.000000,44.540000
1789080768.944649,0,0.000000,0.000000,1.000000,0.150000,0.000000,0.000000,0.000000,0.000000,8.000000,44.560000
1789080768.967275,0,0.000000,0.000000,1.000000,0.070000,0.000000,0.000000,0.000000,0.000000,8.000000,44.560000
1789080768.967788,0,0.000000,0.000000,1.000000,-0.210000,0.000000,0.000000,0.000000,0.000000,8.000000,44.580000
1789080768.968208,0,0.000000,0.000000,1.000000,0.010000,0.000000,0.000000,0.000000,0.000000,8.000000,44.590000
1789080768.989866,0,0.000000,0.000000,1.000000,0.230000,0.000000,0.000000,0.000000,0.000000,8.000000,44.590000
1789080768.990422,0,0.000000,0.000000,1.000000,-0.090000,0.000000,0.000000,0.000000,0.000000,8.000000,44.610000
1789080769.012968,0,0.000000,0.000000,1.000000,0.000000,0.000000,0.000000,0.000000,0.000000,8.000000,44.610000
1789080769.013513,0,0.000000,0.000000,1.000000,0.370000,0.000000,0.000000,0.000000,0.000000,8.000000,44.630000
1789080769.035997,0,0.000000,0.000000,1.000000,-0.180000,0.000000,0.000000,0.000000,0.000000,8.000000,44.630000
1789080769.036495,0,0.000000,0.000000,1.000000,0.010000,0.000000,0.000000,0.000000,0.000000,8.000000,44.650000
1789080769.059088,0,0.000000,0.000000,1.000000,0.000000,0.000000,0.000000,0.000000,0.000000,8.000000,44.650000
1789080769.059766,0,0.000000,0.000000,1.000000,0.200000,0.000000,0.000000,0.000000,0.000000,8.000000,44.660000
1789080769.082365,0,0.000000,0.000000,1.000000,0.200000,0.000000,0.000000,0.000000,0.000000,8.000000,44.680000
1789080769.082874,0,0.000000,0.000000,1.000000,0.100000,0.000000,0.000000,0.000000,0.000000,8.000000,44.680000
1789080769.105095,0,0.000000,0.000000,1.000000,-0.430000,0.000000,0.000000,0.000000,0.000000,8.000000,44.700000
1789080769.105596,0,0.000000,0.000000,1.000000,0.230000,0.000000,0.000000,0.000000,0.000000,8.000000,44.700000
1789080769.127900,0,0.000000,0.000000,1.000000,0.200000,0.000000,0.000000,0.000000,0.000000,8.000000,44.720000
1789080769.128399,0,0.000000,0.000000,1.000000,0.100000,0.000000,0.000000,0.000000,0.000000,8.000000,44.740000
1789080769.150269,0,0.000000,0.000000,1.000000,0.000000,0.000000,0.000000,0.000000,0.000000,8.000000,44.750000
1789080769.150772,0,0.000000,0.000000,1.000000,0.150000,0.000000,0.000000,0.000000,0.000000,8.000000,44.750000
1789080769.151325,0,0.000000,0.000000,1.000000,0.400000,0.000000,0.000000,0.000000,0.000000,8.000000,44.770000
1789080769.173942,0,0.000000,0.000000,1.000000,0.230000,0.000000,0.000000,0.000000,0.000000,8.000000,44.770000
1789080769.174453,0,0.000000,0.000000,1.000000,-0.050000,0.000000,0.000000,0.000000,0.000000,8.000000,44.790000
1789080769.175079,0,0.000000,0.000000,1.000000,0.070000,0.000000,0.000000,0.000000,0.000000,8.000000,44.790000
1789080769.196796,0,0.000000,0.000000,1.000000,0.070000,0.000000,0.000000,0.000000,0.000000,8.000000,44.810000
1789080769.197474,0,0.000000,0.000000,1.000000,0.000000,0.000000,0.000000,0.000000,0.000000,8.000000,44.810000
1789080769.218977,0,0.000000,0.000000,1.000000,0.010000,0.000000,0.000000,0.000000,0.000000,8.000000,44.830000
1789080769.219482,0,0.000000,0.000000,1.000000,-0.090000,0.000000,0.000000,0.000000,0.000000,8.000000,44.840000
1789080769.241210,0,0.000000,0.000000,1.000000,-0.090000,0.000000,0.000000,0.000000,0.000000,8.000000,44.840000
1789080769.241719,0,0.000000,0.000000,1.000000,0.000000,0.000000,0.000000,0.000000,0.000000,8.000000,44.860000
1789080769.265106,0,0.000000,0.000000,1.000000,-0.090000,0.000000,0.000000,0.000000,0.000000,8.000000,44.860000
1789080769.265664,0,0.000000,0.000000,1.000000,-0.050000,0.000000,0.000000,0.000000,0.000000,8.000000,44.880000
1789080769.266249,0,0.000000,0.000000,1.000000,0.070000,0.000000,0.000000,0.000000,0.000000,8.000000,44.880000
1789080769.289083,0,0.000000,0.000000,1.000000,-0.050000,0.000000,0.000000,0.000000,0.000000,8.000000,44.900000
1789080769.289675,0,0.000000,0.000000,1.000000,-0.090000,0.000000,0.000000,0.000000,0.000000,8.000000,44.900000
1789080769.311998,0,0.000000,0.000000,1.000000,0.100000,0.000000,0.000000,0.000000,0.000000,8.000000,44.910000
1789080769.335252,0,0.000000,0.000000,1.000000,0.200000,0.000000,0.000000,0.000000,0.000000,8.000000,44.930000
1789080769.335883,0,0.000000,0.000000,1.000000,0.070000,0.000000,0.000000,0.000000,0.000000,8.000000,44.930000
1789080769.336298,0,0.000000,0.000000,1.000000,-0.140000,0.000000,0.000000,0.000000,0.000000,8.000000,44.950000
1789080769.336688,0,0.000000,0.000000,1.000000,0.100000,0.000000,0.000000,0.000000,0.000000,8.000000,44.950000
1789080769.359680,0,0.000000,0.000000,1.000000,0.200000,0.000000,0.000000,0.000000,0.000000,8.000000,44.970000
1789080769.360182,0,0.000000,0.000000,1.000000,0.150000,0.000000,0.000000,0.000000,0.000000,8.000000,44.970000
1789080769.382238,0,0.000000,0.000000,1.000000,-0.090000,0.000000,0.000000,0.000000,0.000000,8.000000,44.990000
1789080769.382741,0,0.000000,0.000000,1.000000,0.070000,0.000000,0.000000,0.000000,0.000000,8.000000,45.000000
1789080769.404456,0,0.000000,0.000000,1.000000,-0.050000,0.000000,0.000000,0.000000,0.000000,8.000000,45.000000
1789080769.404958,0,0.000000,0.000000,1.000000,0.000000,0.000000,0.000000,0.000000,0.000000,8.000000,45.020000
1789080769.405471,0,0.000000,0.000000,1.000000,0.580000,0.000000,0.000000,0.000000,0.000000,8.000000,45.020000
1789080769.428081,0,0.000000,0.000000,1.000000,0.000000,0.000000,0.000000,0.000000,0.000000,8.000000,45.040000
1789080769.428585,0,0.000000,0.000000,1.000000,0.000000,0.000000,0.000000,0.000000,0.000000,8.000000,45.040000
1789080769.450745,0,0.000000,0.000000,1.000000,-0.090000,0.000000,0.000000,0.000000,0.000000,8.000000,45.060000
1789080769.451252,0,0.000000,0.000000,1.000000,-0.210000,0.000000,0.000000,0.000000,0.000000,8.000000,45.060000
1789080769.451818,0,0.000000,0.000000,1.000000,0.000000,0.000000,0.000000,0.000000,0.000000,8.000000,45.060000
1789080769.473955,0,0.000000,0.000000,1.000000,0.000000,0.000000,0.000000,0.000000,0.000000,8.000000,45.080000
1789080769.474513,0,0.000000,0.000000,1.000000,0.000000,0.000000,0.000000,0.000000,0.000000,8.000000,45.090000
1789080769.496367,0,0.000000,0.000000,1.000000,0.230000,0.000000,0.000000,0.000000,0.000000,8.000000,45.090000
1789080769.497088,0,0.000000,0.000000,1.000000,0.000000,0.000000,0.000000,0.000000,0.000000,8.000000,45.110000
1789080769.497708,0,0.000000,0.000000,1.000000,0.200000,0.000000,0.000000,0.000000,0.000000,8.000000,45.110000
1789080769.520767,0,0.000000,0.000000,1.000000,-0.050000,0.000000,0.000000,0.000000,0.000000,8.000000,45.130000
1789080769.521656,0,0.000000,0.000000,1.000000,0.070000,0.000000,0.000000,0.000000,0.000000,8.000000,45.130000
1789080769.522102,0,0.000000,0.000000,1.000000,0.010000,0.000000,0.000000,0.000000,0.000000,8.000000,45.150000
1789080769.544808,0,0.000000,0.000000,1.000000,0.200000,0.000000,0.000000,0.000000,0.000000,8.000000,45.150000
1789080769.567807,0,0.000000,0.000000,1.000000,0.230000,0.000000,0.000000,0.000000,0.000000,8.000000,45.160000
1789080769.568397,0,0.000000,0.000000,1.000000,-0.140000,0.000000,0.000000,0.000000,0.000000,8.000000,45.180000
1789080769.590810,0,0.000000,0.000000,1.000000,0.070000,0.000000,0.000000,0.000000,0.000000,8.000000,45.180000
1789080769.591308,0,0.000000,0.000000,1.000000,-0.090000,0.000000,0.000000,0.000000,0.000000,8.000000,45.200000
1789080769.614132,0,0.000000,0.000000,1.000000,0.000000,0.000000,0.000000,0.000000,0.000000,8.000000,45.200000
1789080769.637235,0,0.000000,0.000000,1.000000,0.000000,0.000000,0.000000,0.000000,0.000000,8.000000,45.220000
1789080769.637868,0,0.000000,0.000000,1.000000,0.200000,0.000000,0.000000,0.000000,0.000000,8.000000,45.220000
1789080769.638278,0,0.000000,0.000000,1.000000,0.000000,0.000000,0.000000,0.000000,0.000000,8.000000,45.250000
1789080769.661110,0,0.000000,0.000000,1.000000,0.100000,0.000000,0.000000,0.000000,0.000000,8.000000,45.250000
1789080769.661636,0,0.000000,0.000000,1.000000,0.070000,0.000000,0.000000,0.000000,0.000000,8.000000,45.270000
1789080769.662400,0,0.000000,0.000000,1.000000,0.070000,0.000000,0.000000,0.000000,0.000000,8.000000,45.270000
1789080769.685270,0,0.000000,0.000000,1.000000,0.010000,0.000000,0.000000,0.000000,0.000000,8.000000,45.290000
1789080769.685776,0,0.000000,0.000000,1.000000,0.200000,0.000000,0.000000,0.000000,0.000000,8.000000,45.290000
1789080769.707547,0,0.000000,0.000000,1.000000,0.010000,0.000000,0.000000,0.000000,0.000000,8.000000,45.310000
1789080769.708040,0,0.000000,0.000000,1.000000,0.150000,0.000000,0.000000,0.000000,0.000000,8.000000,45.310000
1789080769.730617,0,0.000000,0.000000,1.000000,0.100000,0.000000,0.000000,0.000000,0.000000,8.000000,45.330000
1789080769.731107,0,0.000000,0.000000,1.000000,0.070000,0.000000,0.000000,0.000000,0.000000,8.000000,45.340000
1789080769.753177,0,0.000000,0.000000,1.000000,-0.270000,0.000000,0.000000,0.000000,0.000000,8.000000,45.340000
1789080769.753880,0,0.000000,0.000000,1.000000,0.150000,0.000000,0.000000,0.000000,0.000000,8.000000,45.360000
1789080769.754296,0,0.000000,0.000000,1.000000,0.100000,0.000000,0.000000,0.000000,0.000000,8.000000,45.360000
1789080769.778298,0,0.000000,0.000000,1.000000,0.150000,0.000000,0.000000,0.000000,0.000000,8.000000,45.380000
1789080769.778937,0,0.000000,0.000000,1.000000,0.070000,0.000000,0.000000,0.000000,0.000000,8.000000,45.400000
1789080769.801748,0,0.000000,0.000000,1.000000,0.000000,0.000000,0.000000,0.000000,0.000000,8.000000,45.400000
1789080769.802248,0,0.000000,0.000000,1.000000,0.010000,0.000000,0.000000,0.000000,0.000000,8.000000,45.400000
1789080769.823591,0,0.000000,0.000000,1.000000,-0.140000,0.000000,0.000000,0.000000,0.000000,8.000000,45.410000
1789080769.824091,0,0.000000,0.000000,1.000000,-0.090000,0.000000,0.000000,0.000000,0.000000,8.000000,45.430000
1789080769.824507,0,0.000000,0.000000,1.000000,0.000000,0.000000,0.000000,0.000000,0.000000,8.000000,45.450000
1789080769.864852,0,0.000000,0.000000,1.000000,-0.180000,0.000000,0.000000,0.000000,0.000000,8.000000,45.450000
1789080769.865367,0,0.000000,0.000000,1.000000,0.100000,0.000000,0.000000,0.000000,0.000000,8.000000,45.470000
1789080769.865779,0,0.000000,0.000000,1.000000,-0.050000,0.000000,0.000000,0.000000,0.000000,8.000000,45.470000
1789080769.866149,0,0.000000,0.000000,1.000000,0.100000,0.000000,0.000000,0.000000,0.000000,8.000000,45.490000
1789080769.866673,0,0.000000,0.000000,1.000000,-0.050000,0.000000,0.000000,0.000000,0.000000,8.000000,45.500000
1789080769.867064,0,0.000000,0.000000,1.000000,0.070000,0.000000,0.000000,0.000000,0.000000,8.000000,45.500000
1789080769.906666,0,0.000000,0.000000,1.000000,-0.090000,0.000000,0.000000,0.000000,0.000000,8.000000,45.520000
1789080769.907174,0,0.000000,0.000000,1.000000,0.000000,0.000000,0.000000,0.000000,0.000000,8.000000,45.520000
1789080769.907835,0,0.000000,0.000000,1.000000,0.070000,0.000000,0.000000,0.000000,0.000000,8.000000,45.540000
1789080769.908288,0,0.000000,0.000000,1.000000,-0.050000,0.000000,0.000000,0.000000,0.000000,8.000000,45.540000
1789080769.949027,0,0.000000,0.000000,1.000000,0.150000,0.000000,0.000000,0.000000,0.000000,8.000000,45.560000
1789080769.949538,0,0.000000,0.000000,1.000000,0.010000,0.000000,0.000000,0.000000,0.000000,8.000000,45.560000
1789080769.949951,0,0.000000,0.000000,1.000000,0.100000,0.000000,0.000000,0.000000,0.000000,8.000000,45.580000
1789080769.971514,0,0.000000,0.000000,1.000000,-0.050000,0.000000,0.000000,0.000000,0.000000,8.000000,45.590000
1789080769.994034,0,0.000000,0.000000,1.000000,0.010000,0.000000,0.000000,0.000000,0.000000,8.000000,45.590000
1789080769.994532,0,0.000000,0.000000,1.000000,0.070000,0.000000,0.000000,0.000000,0.000000,8.000000,45.610000
1789080770.016622,0,0.000000,0.000000,1.000000,0.100000,0.000000,0.000000,0.000000,0.000000,8.000000,45.610000
1789080770.017129,0,0.000000,0.000000,1.000000,0.100000,0.000000,0.000000,0.000000,0.000000,8.000000,45.630000
1789080770.017550,0,0.000000,0.000000,1.000000,-0.050000,0.000000,0.000000,0.000000,0.000000,8.000000,45.630000
1789080770.039238,0,0.000000,0.000000,1.000000,0.150000,0.000000,0.000000,0.000000,0.000000,8.000000,45.650000
1789080770.039738,0,0.000000,0.000000,1.000000,0.100000,0.000000,0.000000,0.000000,0.000000,8.000000,45.650000
1789080770.061596,0,0.000000,0.000000,1.000000,-0.090000,0.000000,0.000000,0.000000,0.000000,8.000000,45.660000
1789080770.062103,0,0.000000,0.000000,1.000000,0.150000,0.000000,0.000000,0.000000,0.000000,8.000000,45.680000
1789080770.062700,0,0.000000,0.000000,1.000000,0.230000,0.000000,0.000000,0.000000,0.000000,8.000000,45.680000
1789080770.084617,0,0.000000,0.000000,1.000000,0.010000,0.000000,0.000000,0.000000,0.000000,8.000000,45.700000
1789080770.106613,0,0.000000,0.000000,1.000000,0.000000,0.000000,0.000000,0.000000,0.000000,8.000000,45.700000
1789080770.107081,0,0.000000,0.000000,1.000000,0.070000,0.000000,0.000000,0.000000,0.000000,8.000000,45.720000
1789080770.107478,0,0.000000,0.000000,1.000000,0.070000,0.000000,0.000000,0.000000,0.000000,8.000000,45.720000
1789080770.107980,0,0.000000,0.000000,1.000000,0.150000,0.000000,0.000000,0.000000,0.000000,8.000000,45.720000
1789080770.129590,0,0.000000,0.000000,1.000000,-0.140000,0.000000,0.000000,0.000000,0.000000,8.000000,45.740000
1789080770.152366,0,0.000000,0.000000,1.000000,0.000000,0.000000,0.000000,0.000000,0.000000,8.000000,45.750000
1789080770.153037,0,0.000000,0.000000,1.000000,0.000000,0.000000,0.000000,0.000000,0.000000,8.000000,45.750000
1789080770.153819,0,0.000000,0.000000,1.000000,0.000000,0.000000,0.000000,0.000000,0.000000,8.000000,45.770000
1789080770.178428,0,0.000000,0.000000,1.000000,0.150000,0.000000,0.000000,0.000000,0.000000,8.000000,45.770000
1789080770.179044,0,0.000000,0.000000,1.000000,-0.140000,0.000000,0.000000,0.000000,0.000000,8.000000,45.790000
1789080770.204667,0,0.000000,0.000000,1.000000,0.150000,0.000000,0.000000,0.000000,0.000000,8.000000,45.790000
1789080770.205198,0,0.000000,0.000000,1.000000,0.100000,0.000000,0.000000,0.000000,0.000000,8.000000,45.810000
1789080770.231074,0,0.000000,0.000000,1.000000,0.230000,0.000000,0.000000,0.000000,0.000000,8.000000,45.810000
1789080770.231612,0,0.000000,0.000000,1.000000,0.280000,0.000000,0.000000,0.000000,0.000000,8.000000,45.830000
1789080770.232025,0,0.000000,0.000000,1.000000,-0.140000,0.000000,0.000000,0.000000,0.000000,8.000000,45.840000
1789080770.232528,0,0.000000,0.000000,1.000000,0.070000,0.000000,0.000000,0.000000,0.000000,8.000000,45.840000
1789080770.256861,0,0.000000,0.000000,1.000000,-0.210000,0.000000,0.000000,0.000000,0.000000,8.000000,45.860000
1789080770.257487,0,0.000000,0.000000,1.000000,-0.090000,0.000000,0.000000,0.000000,0.000000,8.000000,45.860000
1789080770.257973,0,0.000000,0.000000,1.000000,0.070000,0.000000,0.000000,0.000000,0.000000,8.000000,45.880000
1789080770.284130,0,0.000000,0.000000,1.000000,0.070000,0.000000,0.000000,0.000000,0.000000,8.000000,45.880000
1789080770.285001,0,0.000000,0.000000,1.000000,0.070000,0.000000,0.000000,0.000000,0.000000,8.000000,45.900000
1789080770.310300,0,0.000000,0.000000,1.000000,0.010000,0.000000,0.000000,0.000000,0.000000,8.000000,45.910000
1789080770.310845,0,0.000000,0.000000,1.000000,0.010000,0.000000,0.000000,0.000000,0.000000,8.000000,45.910000
1789080770.336808,0,0.000000,0.000000,1.000000,0.150000,0.000000,0.000000,0.000000,0.000000,8.000000,45.930000
1789080770.337396,0,0.000000,0.000000,1.000000,-0.050000,0.000000,0.000000,0.000000,0.000000,8.000000,45.930000
1789080770.337927,0,0.000000,0.000000,1.000000,0.230000,0.000000,0.000000,0.000000,0.000000,8.000000,45.950000
1789080770.363925,0,0.000000,0.000000,1.000000,-0.090000,0.000000,0.000000,0.000000,0.000000,8.000000,45.970000
1789080770.364470,0,0.000000,0.000000,1.000000,0.280000,0.000000,0.000000,0.000000,0.000000,8.000000,45.970000
1789080770.390288,0,0.000000,0.000000,1.000000,0.200000,0.000000,0.000000,0.000000,0.000000,8.000000,45.990000
1789080770.390819,0,0.000000,0.000000,1.000000,0.070000,0.000000,0.000000,0.000000,0.000000,8.000000,46.000000
1789080770.417149,0,0.000000,0.000000,1.000000,0.280000,0.000000,0.000000,0.000000,0.000000,8.000000,46.000000
1789080770.417679,0,0.000000,0.000000,1.000000,0.200000,0.000000,0.000000,0.000000,0.000000,8.000000,46.020000
1789080770.444347,0,0.000000,0.000000,1.000000,-0.050000,0.000000,0.000000,0.000000,0.000000,8.000000,46.020000
1789080770.445019,0,0.000000,0.000000,1.000000,0.000000,0.000000,0.000000,0.000000,0.000000,8.000000,46.040000
1789080770.445444,0,0.000000,0.000000,1.000000,0.000000,0.000000,0.000000,0.000000,0.000000,8.000000,46.040000
1789080770.445951,0,0.000000,0.000000,1.000000,0.000000,0.000000,0.000000,0.000000,0.000000,8.000000,46.060000
1789080770.472678,0,0.000000,0.000000,1.000000,0.150000,0.000000,0.000000,0.000000,0.000000,8.000000,46.060000
1789080770.473349,0,0.000000,0.000000,1.000000,-0.090000,0.000000,0.000000,0.000000,0.000000,8.000000,46.080000
1789080770.474077,0,0.000000,0.000000,1.000000,0.000000,0.000000,0.000000,0.000000,0.000000,8.000000,46.090000
1789080770.501093,0,0.000000,0.000000,1.000000,0.010000,0.000000,0.000000,0.000000,0.000000,8.000000,46.090000
1789080770.501704,0,0.000000,0.000000,1.000000,-0.180000,0.000000,0.000000,0.000000,0.000000,8.000000,46.110000
1789080770.527503,0,0.000000,0.000000,1.000000,-0.090000,0.000000,0.000000,0.000000,0.000000,8.000000,46.110000
1789080770.528123,0,0.000000,0.000000,1.000000,0.200000,0.000000,0.000000,0.000000,0.000000,8.000000,46.130000
1789080770.528693,0,0.000000,0.000000,1.000000,0.850000,0.000000,0.000000,0.000000,0.000000,8.000000,46.130000
1789080770.554723,0,0.000000,0.000000,1.000000,0.330000,0.000000,0.000000,0.000000,0.000000,8.000000,46.150000
1789080770.555256,0,0.000000,0.000000,1.000000,0.010000,0.000000,0.000000,0.000000,0.000000,8.000000,46.150000
1789080770.555792,0,0.000000,0.000000,1.000000,-0.140000,0.000000,0.000000,0.000000,0.000000,8.000000,46.160000
1789080770.581576,0,0.000000,0.000000,1.000000,0.000000,0.000000,0.000000,0.000000,0.000000,8.000000,46.180000
1789080770.582097,0,0.000000,0.000000,1.000000,0.070000,0.000000,0.000000,0.000000,0.000000,8.000000,46.180000
1789080770.609194,0,0.000000,0.000000,1.000000,0.200000,0.000000,0.000000,0.000000,0.000000,8.000000,46.200000
1789080770.609851,0,0.000000,0.000000,1.000000,0.070000,0.000000,0.000000,0.000000,0.000000,8.000000,46.200000
1789080770.610268,0,0.000000,0.000000,1.000000,0.000000,0.000000,0.000000,0.000000,0.000000,8.000000,46.220000
1789080770.636718,0,0.000000,0.000000,1.000000,0.000000,0.000000,0.000000,0.000000,0.000000,8.000000,46.220000
1789080770.637263,0,0.000000,0.000000,1.000000,0.010000,0.000000,0.000000,0.000000,0.000000,8.000000,46.240000
1789080770.637675,0,0.000000,0.000000,1.000000,-0.090000,0.000000,0.000000,0.000000,0.000000,8.000000,46.250000
1789080770.663831,0,0.000000,0.000000,1.000000,0.150000,0.000000,0.000000,0.000000,0.000000,8.000000,46.250000
1789080770.664450,0,0.000000,0.000000,1.000000,0.070000,0.000000,0.000000,0.000000,0.000000,8.000000,46.270000
1789080770.664885,0,0.000000,0.000000,1.000000,0.000000,0.000000,0.000000,0.000000,0.000000,8.000000,46.270000
1789080770.691066,0,0.000000,0.000000,1.000000,0.010000,0.000000,0.000000,0.000000,0.000000,8.000000,46.290000
1789080770.691801,0,0.000000,0.000000,1.000000,0.070000,0.000000,0.000000,0.000000,0.000000,8.000000,46.290000
1789080770.692222,0,0.000000,0.000000,1.000000,0.000000,0.000000,0.000000,0.000000,0.000000,8.000000,46.310000
1789080770.718353,0,0.000000,0.000000,1.000000,0.070000,0.000000,0.000000,0.000000,0.000000,8.000000,46.310000
1789080770.719083,0,0.000000,0.000000,1.000000,0.200000,0.000000,0.000000,0.000000,0.000000,8.000000,46.330000
1789080770.742782,0,0.000000,0.000000,1.000000,0.010000,0.000000,0.000000,0.000000,0.000000,8.000000,46.340000
1789080770.743372,0,0.000000,0.000000,1.000000,0.150000,0.000000,0.000000,0.000000,0.000000,8.000000,46.340000
1789080770.768336,0,0.000000,0.000000,1.000000,0.010000,0.000000,0.000000,0.000000,0.000000,8.000000,46.360000
1789080770.768924,0,0.000000,0.000000,1.000000,-0.050000,0.000000,0.000000,0.000000,0.000000,8.000000,46.380000
1789080770.769390,0,0.000000,0.000000,1.000000,0.150000,0.000000,0.000000,0.000000,0.000000,8.000000,46.380000
1789080770.794862,0,0.000000,0.000000,1.000000,0.100000,0.000000,0.000000,0.000000,0.000000,8.000000,46.400000
1789080770.795412,0,0.000000,0.000000,1.000000,0.010000,0.000000,0.000000,0.000000,0.000000,8.000000,46.400000
1789080770.795933,0,0.000000,0.000000,1.000000,0.000000,0.000000,0.000000,0.000000,0.000000,8.000000,46.410000
1789080770.821562,0,0.000000,0.000000,1.000000,0.010000,0.000000,0.000000,0.000000,0.000000,8.000000,46.410000
1789080770.822082,0,0.000000,0.000000,1.000000,-0.270000,0.000000,0.000000,0.000000,0.000000,8.000000,46.430000
1789080770.847997,0,0.000000,0.000000,1.000000,0.070000,0.000000,0.000000,0.000000,0.000000,8.000000,46.430000
1789080770.848583,0,0.000000,0.000000,1.000000,0.200000,0.000000,0.000000,0.000000,0.000000,8.000000,46.450000
1789080770.848977,0,0.000000,0.000000,1.000000,0.200000,0.000000,0.000000,0.000000,0.000000,8.000000,46.450000
1789080770.875886,0,0.000000,0.000000,1.000000,0.000000,0.000000,0.000000,0.000000,0.000000,8.000000,46.470000
1789080770.876505,0,0.000000,0.000000,1.000000,0.070000,0.000000,0.000000,0.000000,0.000000,8.000000,46.470000
1789080770.902295,0,0.000000,0.000000,1.000000,0.370000,0.000000,0.000000,0.000000,0.000000,8.000000,46.490000
1789080770.902842,0,0.000000,0.000000,1.000000,-0.090000,0.000000,0.000000,0.000000,0.000000,8.000000,46.500000
1789080770.903261,0,0.000000,0.000000,1.000000,0.100000,0.000000,0.000000,0.000000,0.000000,8.000000,46.500000
1789080770.928840,0,0.000000,0.000000,1.000000,0.150000,0.000000,0.000000,0.000000,0.000000,8.000000,46.520000
1789080770.929351,0,0.000000,0.000000,1.000000,-0.690000,0.000000,0.000000,0.000000,0.000000,8.000000,46.520000
1789080770.929871,0,0.000000,0.000000,1.000000,0.070000,0.000000,0.000000,0.000000,0.000000,8.000000,46.540000
1789080770.957276,0,0.000000,0.000000,1.000000,0.070000,0.000000,0.000000,0.000000,0.000000,8.000000,46.540000
1789080770.957807,0,0.000000,0.000000,1.000000,0.150000,0.000000,0.000000,0.000000,0.000000,8.000000,46.560000
1789080770.958194,0,0.000000,0.000000,1.000000,-0.050000,0.000000,0.000000,0.000000,0.000000,8.000000,46.560000
1789080770.986203,0,0.000000,0.000000,1.000000,0.100000,0.000000,0.000000,0.000000,0.000000,8.000000,46.580000
1789080770.986986,0,0.000000,0.000000,1.000000,-0.090000,0.000000,0.000000,0.000000,0.000000,8.000000,46.590000
1789080771.014757,0,0.000000,0.000000,1.000000,0.000000,0.000000,0.000000,0.000000,0.000000,8.000000,46.590000
1789080771.015309,0,0.000000,0.000000,1.000000,0.000000,0.000000,0.000000,0.000000,0.000000,8.000000,46.610000
1789080771.015807,0,0.000000,0.000000,1.000000,0.100000,0.000000,0.000000,0.000000,0.000000,8.000000,46.610000
1789080771.041243,0,0.000000,0.000000,1.000000,0.000000,0.000000,0.000000,0.000000,0.000000,8.000000,46.630000
1789080771.041734,0,0.000000,0.000000,1.000000,0.280000,0.000000,0.000000,0.000000,0.000000,8.000000,46.630000
1789080771.042289,0,0.000000,0.000000,1.000000,0.010000,0.000000,0.000000,0.000000,0.000000,8.000000,46.650000
1789080771.070650,0,0.000000,0.000000,1.000000,0.070000,0.000000,0.000000,0.000000,0.000000,8.000000,46.660000
1789080771.071312,0,0.000000,0.000000,1.000000,-0.140000,0.000000,0.000000,0.000000,0.000000,8.000000,46.680000
1789080771.099762,0,0.000000,0.000000,1.000000,0.330000,0.000000,0.000000,0.000000,0.000000,8.000000,46.680000
1789080771.100410,0,0.000000,0.000000,1.000000,0.150000,0.000000,0.000000,0.000000,0.000000,8.000000,46.700000
1789080771.100835,0,0.000000,0.000000,1.000000,0.010000,0.000000,0.000000,0.000000,0.000000,8.000000,46.700000
1789080771.101250,0,0.000000,0.000000,1.000000,-0.050000,0.000000,0.000000,0.000000,0.000000,8.000000,46.720000
1789080771.128603,0,0.000000,0.000000,1.000000,-0.090000,0.000000,0.000000,0.000000,0.000000,8.000000,46.720000
1789080771.129128,0,0.000000,0.000000,1.000000,0.000000,0.000000,0.000000,0.000000,0.000000,8.000000,46.740000
1789080771.129709,0,0.000000,0.000000,1.000000,0.010000,0.000000,0.000000,0.000000,0.000000,8.000000,46.750000
1789080771.156668,0,0.000000,0.000000,1.000000,0.010000,0.000000,0.000000,0.000000,0.000000,8.000000,46.750000
1789080771.157203,0,0.000000,0.000000,1.000000,0.070000,0.000000,0.000000,0.000000,0.000000,8.000000,46.770000
1789080771.184432,0,0.000000,0.000000,1.000000,0.000000,0.000000,0.000000,0.000000,0.000000,8.000000,46.770000
1789080771.185089,0,0.000000,0.000000,1.000000,0.010000,0.000000,0.000000,0.000000,0.000000,8.000000,46.790000
1789080771.185572,0,0.000000,0.000000,1.000000,0.010000,0.000000,0.000000,0.000000,0.000000,8.000000,46.790000
1789080771.212000,0,0.000000,0.000000,1.000000,0.330000,0.000000,0.000000,0.000000,0.000000,8.000000,46.810000
1789080771.212541,0,0.000000,0.000000,1.000000,0.070000,0.000000,0.000000,0.000000,0.000000,8.000000,46.810000
1789080771.212957,0,0.000000,0.000000,1.000000,0.100000,0.000000,0.000000,0.000000,0.000000,8.000000,46.830000
1789080771.239911,0,0.000000,0.000000,1.000000,-0.050000,0.000000,0.000000,0.000000,0.000000,8.000000,46.840000
1789080771.240434,0,0.000000,0.000000,1.000000,-0.050000,0.000000,0.000000,0.000000,0.000000,8.000000,46.840000
1789080771.241032,0,0.000000,0.000000,1.000000,0.100000,0.000000,0.000000,0.000000,0.000000,8.000000,46.840000
1789080771.270049,0,0.000000,0.000000,1.000000,-0.050000,0.000000,0.000000,0.000000,0.000000,8.000000,46.860000
1789080771.270685,0,0.000000,0.000000,1.000000,-0.090000,0.000000,0.000000,0.000000,0.000000,8.000000,46.860000
1789080771.271327,0,0.000000,0.000000,1.000000,0.150000,0.000000,0.000000,0.000000,0.000000,8.000000,46.880000
1789080771.298099,0,0.000000,0.000000,1.000000,0.000000,0.000000,0.000000,0.000000,0.000000,8.000000,46.880000
1789080771.298923,0,0.000000,0.000000,1.000000,-0.310000,0.000000,0.000000,0.000000,0.000000,8.000000,46.900000
1789080771.299654,0,0.000000,0.000000,1.000000,-0.140000,0.000000,0.000000,0.000000,0.000000,8.000000,46.900000
1789080771.325063,0,0.000000,0.000000,1.000000,-0.090000,0.000000,0.000000,0.000000,0.000000,8.000000,46.910000
1789080771.325593,0,0.000000,0.000000,1.000000,-0.090000,0.000000,0.000000,0.000000,0.000000,8.000000,46.930000
1789080771.326210,0,0.000000,0.000000,1.000000,0.100000,0.000000,0.000000,0.000000,0.000000,8.000000,46.930000
1789080771.352119,0,0.000000,0.000000,1.000000,-0.090000,0.000000,0.000000,0.000000,0.000000,8.000000,46.950000
1789080771.352657,0,0.000000,0.000000,1.000000,0.100000,0.000000,0.000000,0.000000,0.000000,8.000000,46.950000
1789080771.378390,0,0.000000,0.000000,1.000000,0.230000,0.000000,0.000000,0.000000,0.000000,8.000000,46.970000
1789080771.378912,0,0.000000,0.000000,1.000000,0.010000,0.000000,0.000000,0.000000,0.000000,8.000000,46.990000
1789080771.379312,0,0.000000,0.000000,1.000000,0.010000,0.000000,0.000000,0.000000,0.000000,8.000000,47.000000
1789080771.405622,0,0.000000,0.000000,1.000000,0.100000,0.000000,0.000000,0.000000,0.000000,8.000000,47.000000
1789080771.406387,0,0.000000,0.000000,1.000000,0.010000,0.000000,0.000000,0.000000,0.000000,8.000000,47.020000
1789080771.406967,0,0.000000,0.000000,1.000000,0.070000,0.000000,0.000000,0.000000,0.000000,8.000000,47.020000
1789080771.434672,0,0.000000,0.000000,1.000000,0.000000,0.000000,0.000000,0.000000,0.000000,8.000000,47.020000
1789080771.435198,0,0.000000,0.000000,1.000000,0.150000,0.000000,0.000000,0.000000,0.000000,8.000000,47.040000
1789080771.461833,0,0.000000,0.000000,1.000000,-0.090000,0.000000,0.000000,0.000000,0.000000,8.000000,47.060000
1789080771.462484,0,0.000000,0.000000,1.000000,0.000000,0.000000,0.000000,0.000000,0.000000,8.000000,47.060000
1789080771.462900,0,0.000000,0.000000,1.000000,0.100000,0.000000,0.000000,0.000000,0.000000,8.000000,47.060000
1789080771.490039,0,0.000000,0.000000,1.000000,-0.050000,0.000000,0.000000,0.000000,0.000000,8.000000,47.080000
1789080771.490578,0,0.000000,0.000000,1.000000,-0.050000,0.000000,0.000000,0.000000,0.000000,8.000000,47.090000
1789080771.516477,0,0.000000,0.000000,1.000000,0.070000,0.000000,0.000000,0.000000,0.000000,8.000000,47.090000
1789080771.517040,0,0.000000,0.000000,1.000000,0.280000,0.000000,0.000000,0.000000,0.000000,8.000000,47.110000
1789080771.517442,0,0.000000,0.000000,1.000000,0.230000,0.000000,0.000000,0.000000,0.000000,8.000000,47.110000
1789080771.517882,0,0.000000,0.000000,1.000000,0.000000,0.000000,0.000000,0.000000,0.000000,8.000000,47.130000
1789080771.543133,0,0.000000,0.000000,1.000000,0.100000,0.000000,0.000000,0.000000,0.000000,8.000000,47.130000
1789080771.543801,0,0.000000,0.000000,1.000000,-0.180000,0.000000,0.000000,0.000000,0.000000,8.000000,47.150000
1789080771.544360,0,0.000000,0.000000,1.000000,0.070000,0.000000,0.000000,0.000000,0.000000,8.000000,47.150000
1789080771.544835,0,0.000000,0.000000,1.000000,0.100000,0.000000,0.000000,0.000000,0.000000,8.000000,47.160000
1789080771.570959,0,0.000000,0.000000,1.000000,-0.050000,0.000000,0.000000,0.000000,0.000000,8.000000,47.180000
1789080771.598259,0,0.000000,0.000000,1.000000,0.200000,0.000000,0.000000,0.000000,0.000000,8.000000,47.200000
1789080771.598849,0,0.000000,0.000000,1.000000,0.000000,0.000000,0.000000,0.000000,0.000000,8.000000,47.200000
1789080771.599236,0,0.000000,0.000000,1.000000,0.000000,0.000000,0.000000,0.000000,0.000000,8.000000,47.200000
1789080771.621918,0,0.000000,0.000000,1.000000,0.000000,0.000000,0.000000,0.000000,0.000000,8.000000,47.220000
1789080771.622417,0,0.000000,0.000000,1.000000,0.070000,0.000000,0.000000,0.000000,0.000000,8.000000,47.220000
1789080771.644721,0,0.000000,0.000000,1.000000,0.150000,0.000000,0.000000,0.000000,0.000000,8.000000,47.240000
1789080771.645217,0,0.000000,0.000000,1.000000,0.070000,0.000000,0.000000,0.000000,0.000000,8.000000,47.250000
1789080771.645773,0,0.000000,0.000000,1.000000,0.100000,0.000000,0.000000,0.000000,0.000000,8.000000,47.270000
1789080771.668336,0,0.000000,0.000000,1.000000,0.330000,0.000000,0.000000,0.000000,0.000000,8.000000,47.270000
1789080771.669134,0,0.000000,0.000000,1.000000,0.000000,0.000000,0.000000,0.000000,0.000000,8.000000,47.290000
1789080771.690350,0,0.000000,0.000000,1.000000,0.200000,0.000000,0.000000,0.000000,0.000000,8.000000,47.290000
1789080771.690847,0,0.000000,0.000000,1.000000,0.150000,0.000000,0.000000,0.000000,0.000000,8.000000,47.290000
1789080771.691536,0,0.000000,0.000000,1.000000,0.010000,0.000000,0.000000,0.000000,0.000000,8.000000,47.310000
1789080771.713641,0,0.000000,0.000000,1.000000,0.100000,0.000000,0.000000,0.000000,0.000000,8.000000,47.310000
1789080771.714232,0,0.000000,0.000000,1.000000,0.100000,0.000000,0.000000,0.000000,0.000000,8.000000,47.330000
1789080771.736410,0,0.000000,0.000000,1.000000,0.230000,0.000000,0.000000,0.000000,0.000000,8.000000,47.340000
1789080771.737026,0,0.000000,0.000000,1.000000,-0.050000,0.000000,0.000000,0.000000,0.000000,8.000000,47.340000
1789080771.759350,0,0.000000,0.000000,1.000000,0.150000,0.000000,0.000000,0.000000,0.000000,8.000000,47.360000
1789080771.759849,0,0.000000,0.000000,1.000000,0.150000,0.000000,0.000000,0.000000,0.000000,8.000000,47.380000
1789080771.783024,0,0.000000,0.000000,1.000000,0.230000,0.000000,0.000000,0.000000,0.000000,8.000000,47.380000
1789080771.806964,0,0.000000,0.000000,1.000000,0.100000,0.000000,0.000000,0.000000,0.000000,8.000000,47.400000
1789080771.807498,0,0.000000,0.000000,1.000000,-0.050000,0.000000,0.000000,0.000000,0.000000,8.000000,47.400000
1789080771.807865,0,0.000000,0.000000,1.000000,-0.050000,0.000000,0.000000,0.000000,0.000000,8.000000,47.410000
1789080771.829938,0,0.000000,0.000000,1.000000,0.010000,0.000000,0.000000,0.000000,0.000000,8.000000,47.430000
1789080771.830455,0,0.000000,0.000000,1.000000,0.200000,0.000000,0.000000,0.000000,0.000000,8.000000,47.430000
1789080771.830859,0,0.000000,0.000000,1.000000,0.330000,0.000000,0.000000,0.000000,0.000000,8.000000,47.450000
1789080771.852849,0,0.000000,0.000000,1.000000,-0.050000,0.000000,0.000000,0.000000,0.000000,8.000000,47.450000
1789080771.853354,0,0.000000,0.000000,1.000000,-0.180000,0.000000,0.000000,0.000000,0.000000,8.000000,47.470000
1789080771.877333,0,0.000000,0.000000,1.000000,-0.340000,0.000000,0.000000,0.000000,0.000000,8.000000,47.470000
1789080771.878104,0,0.000000,0.000000,1.000000,0.150000,0.000000,0.000000,0.000000,0.000000,8.000000,47.490000
1789080771.900766,0,0.000000,0.000000,1.000000,0.010000,0.000000,0.000000,0.000000,0.000000,8.000000,47.500000
1789080771.901595,0,0.000000,0.000000,1.000000,-0.050000,0.000000,0.000000,0.000000,0.000000,8.000000,47.500000
1789080771.925382,0,0.000000,0.000000,1.000000,0.230000,0.000000,0.000000,0.000000,0.000000,8.000000,47.520000
1789080771.925881,0,0.000000,0.000000,1.000000,0.010000,0.000000,0.000000,0.000000,0.000000,8.000000,47.520000
1789080771.926270,0,0.000000,0.000000,1.000000,0.150000,0.000000,0.000000,0.000000,0.000000,8.000000,47.540000
1789080771.949866,0,0.000000,0.000000,1.000000,0.150000,0.000000,0.000000,0.000000,0.000000,8.000000,47.540000
1789080771.950371,0,0.000000,0.000000,1.000000,-0.180000,0.000000,0.000000,0.000000,0.000000,8.000000,47.560000
1789080771.972140,0,0.000000,0.000000,1.000000,0.070000,0.000000,0.000000,0.000000,0.000000,8.000000,47.560000
1789080771.972637,0,0.000000,0.000000,1.000000,0.010000,0.000000,0.000000,0.000000,0.000000,8.000000,47.580000
1789080771.995127,0,0.000000,0.000000,1.000000,0.230000,0.000000,0.000000,0.000000,0.000000,8.000000,47.590000
1789080771.995627,0,0.000000,0.000000,1.000000,0.230000,0.000000,0.000000,0.000000,0.000000,8.000000,47.590000
1789080772.018310,0,0.000000,0.000000,1.000000,0.150000,0.000000,0.000000,0.000000,0.000000,8.000000,47.610000
1789080772.018819,0,0.000000,0.000000,1.000000,0.070000,0.000000,0.000000,0.000000,0.000000,8.000000,47.630000
1789080772.019242,0,0.000000,0.000000,1.000000,-0.050000,0.000000,0.000000,0.000000,0.000000,8.000000,47.630000
1789080772.041339,0,0.000000,0.000000,1.000000,0.100000,0.000000,0.000000,0.000000,0.000000,8.000000,47.650000
1789080772.041857,0,0.000000,0.000000,1.000000,-0.180000,0.000000,0.000000,0.000000,0.000000,8.000000,47.650000
1789080772.066006,0,0.000000,0.000000,1.000000,0.010000,0.000000,0.000000,0.000000,0.000000,8.000000,47.660000
1789080772.066701,0,0.000000,0.000000,1.000000,0.010000,0.000000,0.000000,0.000000,0.000000,8.000000,47.680000
1789080772.067304,0,0.000000,0.000000,1.000000,-0.180000,0.000000,0.000000,0.000000,0.000000,8.000000,47.680000
1789080772.090160,0,0.000000,0.000000,1.000000,0.070000,0.000000,0.000000,0.000000,0.000000,8.000000,47.700000
1789080772.090753,0,0.000000,0.000000,1.000000,0.010000,0.000000,0.000000,0.000000,0.000000,8.000000,47.700000
1789080772.113278,0,0.000000,0.000000,1.000000,0.150000,0.000000,0.000000,0.000000,0.000000,8.000000,47.720000
1789080772.113791,0,0.000000,0.000000,1.000000,0.070000,0.000000,0.000000,0.000000,0.000000,8.000000,47.720000
1789080772.114195,0,0.000000,0.000000,1.000000,0.000000,0.000000,0.000000,0.000000,0.000000,8.000000,47.740000
1789080772.137034,0,0.000000,0.000000,1.000000,0.010000,0.000000,0.000000,0.000000,0.000000,8.000000,47.750000
1789080772.137540,0,0.000000,0.000000,1.000000,-0.090000,0.000000,0.000000,0.000000,0.000000,8.000000,47.750000
1789080772.161192,0,0.000000,0.000000,1.000000,0.000000,0.000000,0.000000,0.000000,0.000000,8.000000,47.770000
1789080772.161690,0,0.000000,0.000000,1.000000,-0.140000,0.000000,0.000000,0.000000,0.000000,8.000000,47.770000
1789080772.184719,0,0.000000,0.000000,1.000000,0.070000,0.000000,0.000000,0.000000,0.000000,8.000000,47.790000
1789080772.185225,0,0.000000,0.000000,1.000000,-0.090000,0.000000,0.000000,0.000000,0.000000,8.000000,47.790000
1789080772.209042,0,0.000000,0.000000,1.000000,0.070000,0.000000,0.000000,0.000000,0.000000,8.000000,47.810000
1789080772.209683,0,0.000000,0.000000,1.000000,0.000000,0.000000,0.000000,0.000000,0.000000,8.000000,47.810000
1789080772.210175,0,0.000000,0.000000,1.000000,-0.140000,0.000000,0.000000,0.000000,0.000000,8.000000,47.830000
1789080772.234022,0,0.000000,0.000000,1.000000,0.000000,0.000000,0.000000,0.000000,0.000000,8.000000,47.840000
1789080772.234535,0,0.000000,0.000000,1.000000,-0.050000,0.000000,0.000000,0.000000,0.000000,8.000000,47.840000
1789080772.234951,0,0.000000,0.000000,1.000000,0.070000,0.000000,0.000000,0.000000,0.000000,8.000000,47.860000
1789080772.257329,0,0.000000,0.000000,1.000000,0.010000,0.000000,0.000000,0.000000,0.000000,8.000000,47.860000
1789080772.257824,0,0.000000,0.000000,1.000000,0.200000,0.000000,0.000000,0.000000,0.000000,8.000000,47.860000
1789080772.282090,0,0.000000,0.000000,1.000000,0.070000,0.000000,0.000000,0.000000,0.000000,8.000000,47.880000
1789080772.282610,0,0.000000,0.000000,1.000000,0.000000,0.000000,0.000000,0.000000,0.000000,8.000000,47.880000
1789080772.305900,0,0.000000,0.000000,1.000000,-0.090000,0.000000,0.000000,0.000000,0.000000,8.000000,47.900000
1789080772.306568,0,0.000000,0.000000,1.000000,0.010000,0.000000,0.000000,0.000000,0.000000,8.000000,47.910000
1789080772.307122,0,0.000000,0.000000,1.000000,0.230000,0.000000,0.000000,0.000000,0.000000,8.000000,47.910000
1789080772.329756,0,0.000000,0.000000,1.000000,0.150000,0.000000,0.000000,0.000000,0.000000,8.000000,47.930000
1789080772.330257,0,0.000000,0.000000,1.000000,0.400000,0.000000,0.000000,0.000000,0.000000,8.000000,47.950000
1789080772.353382,0,0.000000,0.000000,1.000000,0.200000,0.000000,0.000000,0.000000,0.000000,8.000000,47.950000
1789080772.354001,0,0.000000,0.000000,1.000000,0.070000,0.000000,0.000000,0.000000,0.000000,8.000000,47.970000
1789080772.376715,0,0.000000,0.000000,1.000000,0.010000,0.000000,0.000000,0.000000,0.000000,8.000000,47.970000
1789080772.377218,0,0.000000,0.000000,1.000000,0.000000,0.000000,0.000000,0.000000,0.000000,8.000000,47.990000
1789080772.400039,0,0.000000,0.000000,1.000000,0.280000,0.000000,0.000000,0.000000,0.000000,8.000000,48.000000
1789080772.400542,0,0.000000,0.000000,1.000000,0.100000,0.000000,0.000000,0.000000,0.000000,8.000000,48.000000
1789080772.422961,0,0.000000,0.000000,1.000000,0.500000,0.000000,0.000000,0.000000,0.000000,8.000000,48.020000
1789080772.423455,0,0.000000,0.000000,1.000000,0.100000,0.000000,0.000000,0.000000,0.000000,8.000000,48.020000
1789080772.446196,0,0.000000,0.000000,1.000000,0.100000,0.000000,0.000000,0.000000,0.000000,8.000000,48.040000
1789080772.446697,0,0.000000,0.000000,1.000000,-0.050000,0.000000,0.000000,0.000000,0.000000,8.000000,48.040000
1789080772.447117,0,0.000000,0.000000,1.000000,0.000000,0.000000,0.000000,0.000000,0.000000,8.000000,48.060000
1789080772.469858,0,0.000000,0.000000,1.000000,0.000000,0.000000,0.000000,0.000000,0.000000,8.000000,48.060000
1789080772.470357,0,0.000000,0.000000,1.000000,0.010000,0.000000,0.000000,0.000000,0.000000,8.000000,48.080000
1789080772.494227,0,0.000000,0.000000,1.000000,0.100000,0.000000,0.000000,0.000000,0.000000,8.000000,48.090000
1789080772.494859,0,0.000000,0.000000,1.000000,0.150000,0.000000,0.000000,0.000000,0.000000,8.000000,48.090000
1789080772.517551,0,0.000000,0.000000,1.000000,0.200000,0.000000,0.000000,0.000000,0.000000,8.000000,48.110000
1789080772.518067,0,0.000000,0.000000,1.000000,0.150000,0.000000,0.000000,0.000000,0.000000,8.000000,48.130000
1789080772.518583,0,0.000000,0.000000,1.000000,0.230000,0.000000,0.000000,0.000000,0.000000,8.000000,48.130000
1789080772.541449,0,0.000000,0.000000,1.000000,0.010000,0.000000,0.000000,0.000000,0.000000,8.000000,48.150000
1789080772.541951,0,0.000000,0.000000,1.000000,0.010000,0.000000,0.000000,0.000000,0.000000,8.000000,48.150000
1789080772.564729,0,0.000000,0.000000,1.000000,-0.050000,0.000000,0.000000,0.000000,0.000000,8.000000,48.160000
1789080772.565242,0,0.000000,0.000000,1.000000,0.000000,0.000000,0.000000,0.000000,0.000000,8.000000,48.180000
1789080772.565640,0,0.000000,0.000000,1.000000,0.070000,0.000000,0.000000,0.000000,0.000000,8.000000,48.180000
1789080772.589945,0,0.000000,0.000000,1.000000,0.010000,0.000000,0.000000,0.000000,0.000000,8.000000,48.180000
1789080772.590447,0,0.000000,0.000000,1.000000,0.070000,0.000000,0.000000,0.000000,0.000000,8.000000,48.200000
1789080772.612929,0,0.000000,0.000000,1.000000,0.010000,0.000000,0.000000,0.000000,0.000000,8.000000,48.200000
1789080772.613498,0,0.000000,0.000000,1.000000,0.010000,0.000000,0.000000,0.000000,0.000000,8.000000,48.220000
1789080772.614170,0,0.000000,0.000000,1.000000,0.070000,0.000000,0.000000,0.000000,0.000000,8.000000,48.220000
1789080772.636163,0,0.000000,0.000000,1.000000,-0.140000,0.000000,0.000000,0.000000,0.000000,8.000000,48.240000
1789080772.636714,0,0.000000,0.000000,1.000000,0.000000,0.000000,0.000000,0.000000,0.000000,8.000000,48.250000
1789080772.637331,0,0.000000,0.000000,1.000000,0.200000,0.000000,0.000000,0.000000,0.000000,8.000000,48.250000
1789080772.660135,0,0.000000,0.000000,1.000000,-0.050000,0.000000,0.000000,0.000000,0.000000,8.000000,48.270000
1789080772.660637,0,0.000000,0.000000,1.000000,-0.050000,0.000000,0.000000,0.000000,0.000000,8.000000,48.270000
1789080772.682591,0,0.000000,0.000000,1.000000,0.010000,0.000000,0.000000,0.000000,0.000000,8.000000,48.290000
1789080772.683098,0,0.000000,0.000000,1.000000,0.100000,0.000000,0.000000,0.000000,0.000000,8.000000,48.290000
1789080772.706281,0,0.000000,0.000000,1.000000,0.200000,0.000000,0.000000,0.000000,0.000000,8.000000,48.310000
1789080772.730083,0,0.000000,0.000000,1.000000,0.200000,0.000000,0.000000,0.000000,0.000000,8.000000,48.310000
1789080772.730686,0,0.000000,0.000000,1.000000,0.200000,0.000000,0.000000,0.000000,0.000000,8.000000,48.330000
1789080772.731058,0,0.000000,0.000000,1.000000,0.200000,0.000000,0.000000,0.000000,0.000000,8.000000,48.340000
1789080772.754354,0,0.000000,0.000000,1.000000,0.200000,0.000000,0.000000,0.000000,0.000000,8.000000,48.360000
1789080772.754853,0,0.000000,0.000000,1.000000,0.200000,0.000000,0.000000,0.000000,0.000000,8.000000,48.360000
1789080772.777648,0,0.000000,0.000000,1.000000,0.280000,0.000000,0.000000,0.000000,0.000000,8.000000,48.380000
1789080772.778150,0,0.000000,0.000000,1.000000,0.000000,0.000000,0.000000,0.000000,0.000000,8.000000,48.380000
1789080772.778730,0,0.000000,0.000000,1.000000,0.000000,0.000000,0.000000,0.000000,0.000000,8.000000,48.400000
1789080772.801145,0,0.000000,0.000000,1.000000,0.150000,0.000000,0.000000,0.000000,0.000000,8.000000,48.400000
1789080772.801653,0,0.000000,0.000000,1.000000,0.010000,0.000000,0.000000,0.000000,0.000000,8.000000,48.410000
1789080772.824622,0,0.000000,0.000000,1.000000,0.010000,0.000000,0.000000,0.000000,0.000000,8.000000,48.430000
1789080772.825122,0,0.000000,0.000000,1.000000,0.000000,0.000000,0.000000,0.000000,0.000000,8.000000,48.430000
1789080772.847625,0,0.000000,0.000000,1.000000,-0.050000,0.000000,0.000000,0.000000,0.000000,8.000000,48.450000
1789080772.848124,0,0.000000,0.000000,1.000000,0.230000,0.000000,0.000000,0.000000,0.000000,8.000000,48.450000
1789080772.870364,0,0.000000,0.000000,1.000000,0.070000,0.000000,0.000000,0.000000,0.000000,8.000000,48.470000
1789080772.870882,0,0.000000,0.000000,1.000000,0.280000,0.000000,0.000000,0.000000,0.000000,8.000000,48.470000
1789080772.892986,0,0.000000,0.000000,1.000000,0.230000,0.000000,0.000000,0.000000,0.000000,8.000000,48.490000
1789080772.893488,0,0.000000,0.000000,1.000000,0.070000,0.000000,0.000000,0.000000,0.000000,8.000000,48.500000
1789080772.915709,0,0.000000,0.000000,1.000000,0.150000,0.000000,0.000000,0.000000,0.000000,8.000000,48.500000
1789080772.916213,0,0.000000,0.000000,1.000000,0.230000,0.000000,0.000000,0.000000,0.000000,8.000000,48.520000
1789080772.940923,0,0.000000,0.000000,1.000000,0.200000,0.000000,0.000000,0.000000,0.000000,8.000000,48.540000
1789080772.941496,0,0.000000,0.000000,1.000000,0.150000,0.000000,0.000000,0.000000,0.000000,8.000000,48.540000
1789080772.941903,0,0.000000,0.000000,1.000000,-0.050000,0.000000,0.000000,0.000000,0.000000,8.000000,48.560000
1789080772.966680,0,0.000000,0.000000,1.000000,0.100000,0.000000,0.000000,0.000000,0.000000,8.000000,48.560000
1789080772.967235,0,0.000000,0.000000,1.000000,-0.140000,0.000000,0.000000,0.000000,0.000000,8.000000,48.580000
1789080772.967901,0,0.000000,0.000000,1.000000,0.100000,0.000000,0.000000,0.000000,0.000000,8.000000,48.590000
1789080772.991441,0,0.000000,0.000000,1.000000,-0.140000,0.000000,0.000000,0.000000,0.000000,8.000000,48.590000
1789080772.991947,0,0.000000,0.000000,1.000000,-0.140000,0.000000,0.000000,0.000000,0.000000,8.000000,48.610000
1789080772.992562,0,0.000000,0.000000,1.000000,0.070000,0.000000,0.000000,0.000000,0.000000,8.000000,48.610000
1789080773.016938,0,0.000000,0.000000,1.000000,0.000000,0.000000,0.000000,0.000000,0.000000,8.000000,48.610000
1789080773.017439,0,0.000000,0.000000,1.000000,-0.050000,0.000000,0.000000,0.000000,0.000000,8.000000,48.630000
1789080773.041131,0,0.000000,0.000000,1.000000,-0.050000,0.000000,0.000000,0.000000,0.000000,8.000000,48.630000
1789080773.041783,0,0.000000,0.000000,1.000000,0.100000,0.000000,0.000000,0.000000,0.000000,8.000000,48.650000
1789080773.042554,0,0.000000,0.000000,1.000000,0.010000,0.000000,0.000000,0.000000,0.000000,8.000000,48.650000
1789080773.066829,0,0.000000,0.000000,1.000000,-0.180000,0.000000,0.000000,0.000000,0.000000,8.000000,48.660000
1789080773.067439,0,0.000000,0.000000,1.000000,-0.140000,0.000000,0.000000,0.000000,0.000000,8.000000,48.680000
1789080773.092104,0,0.000000,0.000000,1.000000,-0.180000,0.000000,0.000000,0.000000,0.000000,8.000000,48.680000
1789080773.092800,0,0.000000,0.000000,1.000000,-0.140000,0.000000,0.000000,0.000000,0.000000,8.000000,48.700000
1789080773.093333,0,0.000000,0.000000,1.000000,-0.090000,0.000000,0.000000,0.000000,0.000000,8.000000,48.700000
1789080773.118019,0,0.000000,0.000000,1.000000,0.010000,0.000000,0.000000,0.000000,0.000000,8.000000,48.720000
1789080773.118778,0,0.000000,0.000000,1.000000,0.070000,0.000000,0.000000,0.000000,0.000000,8.000000,48.720000
1789080773.119232,0,0.000000,0.000000,1.000000,0.670000,0.000000,0.000000,0.000000,0.000000,8.000000,48.740000
1789080773.143984,0,0.000000,0.000000,1.000000,0.000000,0.000000,0.000000,0.000000,0.000000,8.000000,48.750000
1789080773.144490,0,0.000000,0.000000,1.000000,0.010000,0.000000,0.000000,0.000000,0.000000,8.000000,48.750000
1789080773.169386,0,0.000000,0.000000,1.000000,0.100000,0.000000,0.000000,0.000000,0.000000,8.000000,48.770000
1789080773.169894,0,0.000000,0.000000,1.000000,0.330000,0.000000,0.000000,0.000000,0.000000,8.000000,48.770000
1789080773.170606,0,0.000000,0.000000,1.000000,-0.140000,0.000000,0.000000,0.000000,0.000000,8.000000,48.790000
1789080773.194664,0,0.000000,0.000000,1.000000,-0.050000,0.000000,0.000000,0.000000,0.000000,8.000000,48.790000
1789080773.195165,0,0.000000,0.000000,1.000000,0.100000,0.000000,0.000000,0.000000,0.000000,8.000000,48.810000
1789080773.220019,0,0.000000,0.000000,1.000000,0.010000,0.000000,0.000000,0.000000,0.000000,8.000000,48.810000
1789080773.220643,0,0.000000,0.000000,1.000000,0.000000,0.000000,0.000000,0.000000,0.000000,8.000000,48.830000
1789080773.245146,0,0.000000,0.000000,1.000000,-0.050000,0.000000,0.000000,0.000000,0.000000,8.000000,48.840000
1789080773.245644,0,0.000000,0.000000,1.000000,0.070000,0.000000,0.000000,0.000000,0.000000,8.000000,48.840000
1789080773.246061,0,0.000000,0.000000,1.000000,-0.090000,0.000000,0.000000,0.000000,0.000000,8.000000,48.860000
1789080773.246552,0,0.000000,0.000000,1.000000,0.010000,0.000000,0.000000,0.000000,0.000000,8.000000,48.860000
1789080773.272717,0,0.000000,0.000000,1.000000,0.000000,0.000000,0.000000,0.000000,0.000000,8.000000,48.880000
1789080773.297658,0,0.000000,0.000000,1.000000,0.010000,0.000000,0.000000,0.000000,0.000000,8.000000,48.880000
1789080773.298159,0,0.000000,0.000000,1.000000,0.000000,0.000000,0.000000,0.000000,0.000000,8.000000,48.900000
1789080773.298524,0,0.000000,0.000000,1.000000,0.200000,0.000000,0.000000,0.000000,0.000000,8.000000,48.900000
1789080773.323235,0,0.000000,0.000000,1.000000,0.070000,0.000000,0.000000,0.000000,0.000000,8.000000,48.910000
1789080773.323733,0,0.000000,0.000000,1.000000,0.150000,0.000000,0.000000,0.000000,0.000000,8.000000,48.930000
1789080773.324140,0,0.000000,0.000000,1.000000,0.230000,0.000000,0.000000,0.000000,0.000000,8.000000,48.930000
1789080773.349224,0,0.000000,0.000000,1.000000,0.100000,0.000000,0.000000,0.000000,0.000000,8.000000,48.950000
1789080773.349730,0,0.000000,0.000000,1.000000,0.150000,0.000000,0.000000,0.000000,0.000000,8.000000,48.950000
1789080773.374038,0,0.000000,0.000000,1.000000,0.070000,0.000000,0.000000,0.000000,0.000000,8.000000,48.970000
1789080773.374539,0,0.000000,0.000000,1.000000,0.100000,0.000000,0.000000,0.000000,0.000000,8.000000,48.970000
1789080773.374954,0,0.000000,0.000000,1.000000,0.070000,0.000000,0.000000,0.000000,0.000000,8.000000,48.990000
1789080773.400192,0,0.000000,0.000000,1.000000,0.100000,0.000000,0.000000,0.000000,0.000000,8.000000,49.000000
1789080773.424699,0,0.000000,0.000000,1.000000,0.100000,0.000000,0.000000,0.000000,0.000000,8.000000,49.000000
1789080773.425194,0,0.000000,0.000000,1.000000,0.100000,0.000000,0.000000,0.000000,0.000000,8.000000,49.020000
1789080773.425608,0,0.000000,0.000000,1.000000,0.010000,0.000000,0.000000,0.000000,0.000000,8.000000,49.020000
1789080773.426004,0,0.000000,0.000000,1.000000,0.010000,0.000000,0.000000,0.000000,0.000000,8.000000,49.040000
1789080773.451143,0,0.000000,0.000000,1.000000,-0.090000,0.000000,0.000000,0.000000,0.000000,8.000000,49.040000
1789080773.451641,0,0.000000,0.000000,1.000000,0.070000,0.000000,0.000000,0.000000,0.000000,8.000000,49.060000
1789080773.452046,0,0.000000,0.000000,1.000000,-0.050000,0.000000,0.000000,0.000000,0.000000,8.000000,49.060000
1789080773.476938,0,0.000000,0.000000,1.000000,0.010000,0.000000,0.000000,0.000000,0.000000,8.000000,49.080000
1789080773.477439,0,0.000000,0.000000,1.000000,0.000000,0.000000,0.000000,0.000000,0.000000,8.000000,49.090000
1789080773.502295,0,0.000000,0.000000,1.000000,-0.090000,0.000000,0.000000,0.000000,0.000000,8.000000,49.090000
1789080773.502775,0,0.000000,0.000000,1.000000,0.100000,0.000000,0.000000,0.000000,0.000000,8.000000,49.110000
1789080773.527647,0,0.000000,0.000000,1.000000,0.000000,0.000000,0.000000,0.000000,0.000000,8.000000,49.110000
1789080773.528151,0,0.000000,0.000000,1.000000,0.150000,0.000000,0.000000,0.000000,0.000000,8.000000,49.130000
1789080773.528592,0,0.000000,0.000000,1.000000,0.070000,0.000000,0.000000,0.000000,0.000000,8.000000,49.130000
1789080773.553038,0,0.000000,0.000000,1.000000,0.010000,0.000000,0.000000,0.000000,0.000000,8.000000,49.150000
1789080773.553600,0,0.000000,0.000000,1.000000,-0.050000,0.000000,0.000000,0.000000,0.000000,8.000000,49.150000
1789080773.554121,0,0.000000,0.000000,1.000000,0.000000,0.000000,0.000000,0.000000,0.000000,8.000000,49.160000
1789080773.580962,0,0.000000,0.000000,1.000000,1.050000,0.000000,0.000000,0.000000,0.000000,8.000000,49.180000
1789080773.581469,0,0.000000,0.000000,1.000000,0.230000,0.000000,0.000000,0.000000,0.000000,8.000000,49.180000
1789080773.608384,0,0.000000,0.000000,1.000000,0.150000,0.000000,0.000000,0.000000,0.000000,8.000000,49.200000
1789080773.608939,0,0.000000,0.000000,1.000000,0.750000,0.000000,0.000000,0.000000,0.000000,8.000000,49.200000
1789080773.634747,0,0.000000,0.000000,1.000000,0.070000,0.000000,0.000000,0.000000,0.000000,8.000000,49.220000
1789080773.635250,0,0.000000,0.000000,1.000000,0.230000,0.000000,0.000000,0.000000,0.000000,8.000000,49.220000
1789080773.635649,0,0.000000,0.000000,1.000000,0.100000,0.000000,0.000000,0.000000,0.000000,8.000000,49.240000
1789080773.660185,0,0.000000,0.000000,1.000000,0.070000,0.000000,0.000000,0.000000,0.000000,8.000000,49.250000
1789080773.660692,0,0.000000,0.000000,1.000000,0.280000,0.000000,0.000000,0.000000,0.000000,8.000000,49.250000
1789080773.661109,0,0.000000,0.000000,1.000000,-0.180000,0.000000,0.000000,0.000000,0.000000,8.000000,49.270000
1789080773.661507,0,0.000000,0.000000,1.000000,0.070000,0.000000,0.000000,0.000000,0.000000,8.000000,49.270000
1789080773.686799,0,0.000000,0.000000,1.000000,0.070000,0.000000,0.000000,0.000000,0.000000,8.000000,49.290000
1789080773.687277,0,0.000000,0.000000,1.000000,0.010000,0.000000,0.000000,0.000000,0.000000,8.000000,49.290000
1789080773.711717,0,0.000000,0.000000,1.000000,0.000000,0.000000,0.000000,0.000000,0.000000,8.000000,49.310000
1789080773.712362,0,0.000000,0.000000,1.000000,0.070000,0.000000,0.000000,0.000000,0.000000,8.000000,49.310000
1789080773.712784,0,0.000000,0.000000,1.000000,-0.180000,0.000000,0.000000,0.000000,0.000000,8.000000,49.330000
1789080773.738035,0,0.000000,0.000000,1.000000,0.150000,0.000000,0.000000,0.000000,0.000000,8.000000,49.340000
1789080773.738585,0,0.000000,0.000000,1.000000,0.150000,0.000000,0.000000,0.000000,0.000000,8.000000,49.340000
1789080773.763854,0,0.000000,0.000000,1.000000,0.070000,0.000000,0.000000,0.000000,0.000000,8.000000,49.360000
1789080773.764330,0,0.000000,0.000000,1.000000,0.010000,0.000000,0.000000,0.000000,0.000000,8.000000,49.360000
1789080773.764809,0,0.000000,0.000000,1.000000,-0.090000,0.000000,0.000000,0.000000,0.000000,8.000000,49.380000
1789080773.789081,0,0.000000,0.000000,1.000000,0.100000,0.000000,0.000000,0.000000,0.000000,8.000000,49.380000
1789080773.789613,0,0.000000,0.000000,1.000000,0.150000,0.000000,0.000000,0.000000,0.000000,8.000000,49.400000
1789080773.815733,0,0.000000,0.000000,1.000000,0.070000,0.000000,0.000000,0.000000,0.000000,8.000000,49.400000
1789080773.816314,0,0.000000,0.000000,1.000000,0.150000,0.000000,0.000000,0.000000,0.000000,8.000000,49.410000
1789080773.816989,0,0.000000,0.000000,1.000000,0.100000,0.000000,0.000000,0.000000,0.000000,8.000000,49.430000
1789080773.841317,0,0.000000,0.000000,1.000000,0.150000,0.000000,0.000000,0.000000,0.000000,8.000000,49.430000
1789080773.841820,0,0.000000,0.000000,1.000000,0.070000,0.000000,0.000000,0.000000,0.000000,8.000000,49.450000
1789080773.842357,0,0.000000,0.000000,1.000000,0.230000,0.000000,0.000000,0.000000,0.000000,8.000000,49.450000
1789080773.866843,0,0.000000,0.000000,1.000000,0.000000,0.000000,0.000000,0.000000,0.000000,8.000000,49.470000
1789080773.867348,0,0.000000,0.000000,1.000000,0.000000,0.000000,0.000000,0.000000,0.000000,8.000000,49.470000
1789080773.867982,0,0.000000,0.000000,1.000000,-0.210000,0.000000,0.000000,0.000000,0.000000,8.000000,49.490000
1789080773.891982,0,0.000000,0.000000,1.000000,0.000000,0.000000,0.000000,0.000000,0.000000,8.000000,49.500000
1789080773.892484,0,0.000000,0.000000,1.000000,0.200000,0.000000,0.000000,0.000000,0.000000,8.000000,49.500000
1789080773.917081,0,0.000000,0.000000,1.000000,0.010000,0.000000,0.000000,0.000000,0.000000,8.000000,49.520000
1789080773.917578,0,0.000000,0.000000,1.000000,-0.090000,0.000000,0.000000,0.000000,0.000000,8.000000,49.520000
1789080773.943336,0,0.000000,0.000000,1.000000,0.010000,0.000000,0.000000,0.000000,0.000000,8.000000,49.540000
1789080773.943840,0,0.000000,0.000000,1.000000,0.100000,0.000000,0.000000,0.000000,0.000000,8.000000,49.540000
1789080773.944404,0,0.000000,0.000000,1.000000,-0.210000,0.000000,0.000000,0.000000,0.000000,8.000000,49.560000
1789080773.971148,0,0.000000,0.000000,1.000000,0.070000,0.000000,0.000000,0.000000,0.000000,8.000000,49.560000
1789080773.971772,0,0.000000,0.000000,1.000000,0.010000,0.000000,0.000000,0.000000,0.000000,8.000000,49.580000
1789080773.995466,0,0.000000,0.000000,1.000000,0.070000,0.000000,0.000000,0.000000,0.000000,8.000000,49.590000
1789080773.995969,0,0.000000,0.000000,1.000000,-0.210000,0.000000,0.000000,0.000000,0.000000,8.000000,49.590000
1789080773.996478,0,0.000000,0.000000,1.000000,-0.050000,0.000000,0.000000,0.000000,0.000000,8.000000,49.610000
1789080774.021084,0,0.000000,0.000000,1.000000,0.070000,0.000000,0.000000,0.000000,0.000000,8.000000,49.610000
1789080774.021595,0,0.000000,0.000000,1.000000,0.330000,0.000000,0.000000,0.000000,0.000000,8.000000,49.630000
1789080774.046515,0,0.000000,0.000000,1.000000,0.000000,0.000000,0.000000,0.000000,0.000000,8.000000,49.630000
1789080774.047032,0,0.000000,0.000000,1.000000,0.070000,0.000000,0.000000,0.000000,0.000000,8.000000,49.650000
1789080774.047441,0,0.000000,0.000000,1.000000,0.150000,0.000000,0.000000,0.000000,0.000000,8.000000,49.650000
1789080774.071640,0,0.000000,0.000000,1.000000,0.000000,0.000000,0.000000,0.000000,0.000000,8.000000,49.660000
1789080774.072140,0,0.000000,0.000000,1.000000,0.100000,0.000000,0.000000,0.000000,0.000000,8.000000,49.680000
1789080774.095963,0,0.000000,0.000000,1.000000,-0.090000,0.000000,0.000000,0.000000,0.000000,8.000000,49.680000
1789080774.096465,0,0.000000,0.000000,1.000000,0.150000,0.000000,0.000000,0.000000,0.000000,8.000000,49.700000
1789080774.121751,0,0.000000,0.000000,1.000000,0.200000,0.000000,0.000000,0.000000,0.000000,8.000000,49.700000
1789080774.122423,0,0.000000,0.000000,1.000000,0.150000,0.000000,0.000000,0.000000,0.000000,8.000000,49.720000
1789080774.146962,0,0.000000,0.000000,1.000000,0.100000,0.000000,0.000000,0.000000,0.000000,8.000000,49.740000
1789080774.147470,0,0.000000,0.000000,1.000000,0.150000,0.000000,0.000000,0.000000,0.000000,8.000000,49.750000
1789080774.147852,0,0.000000,0.000000,1.000000,0.200000,0.000000,0.000000,0.000000,0.000000,8.000000,49.750000
1789080774.172330,0,0.000000,0.000000,1.000000,0.280000,0.000000,0.000000,0.000000,0.000000,8.000000,49.770000
1789080774.172836,0,0.000000,0.000000,1.000000,0.150000,0.000000,0.000000,0.000000,0.000000,8.000000,49.770000
1789080774.173251,0,0.000000,0.000000,1.000000,0.370000,0.000000,0.000000,0.000000,0.000000,8.000000,49.790000
1789080774.197441,0,0.000000,0.000000,1.000000,-0.050000,0.000000,0.000000,0.000000,0.000000,8.000000,49.790000
1789080774.197930,0,0.000000,0.000000,1.000000,0.230000,0.000000,0.000000,0.000000,0.000000,8.000000,49.810000
1789080774.198425,0,0.000000,0.000000,1.000000,-0.050000,0.000000,0.000000,0.000000,0.000000,8.000000,49.810000
1789080774.222249,0,0.000000,0.000000,1.000000,-0.090000,0.000000,0.000000,0.000000,0.000000,8.000000,49.830000
1789080774.222748,0,0.000000,0.000000,1.000000,0.150000,0.000000,0.000000,0.000000,0.000000,8.000000,49.840000
1789080774.246557,0,0.000000,0.000000,1.000000,-0.050000,0.000000,0.000000,0.000000,0.000000,8.000000,49.840000
1789080774.247073,0,0.000000,0.000000,1.000000,-0.180000,0.000000,0.000000,0.000000,0.000000,8.000000,49.860000
1789080774.271961,0,0.000000,0.000000,1.000000,0.150000,0.000000,0.000000,0.000000,0.000000,8.000000,49.860000
1789080774.272467,0,0.000000,0.000000,1.000000,0.070000,0.000000,0.000000,0.000000,0.000000,8.000000,49.880000
1789080774.272946,0,0.000000,0.000000,1.000000,0.330000,0.000000,0.000000,0.000000,0.000000,8.000000,49.880000
1789080774.298357,0,0.000000,0.000000,1.000000,0.150000,0.000000,0.000000,0.000000,0.000000,8.000000,49.900000
1789080774.298831,0,0.000000,0.000000,1.000000,0.100000,0.000000,0.000000,0.000000,0.000000,8.000000,49.900000
1789080774.299216,0,0.000000,0.000000,1.000000,-0.140000,0.000000,0.000000,0.000000,0.000000,8.000000,49.910000
1789080774.322212,0,0.000000,0.000000,1.000000,0.010000,0.000000,0.000000,0.000000,0.000000,8.000000,49.930000
1789080774.322717,0,0.000000,0.000000,1.000000,0.000000,0.000000,0.000000,0.000000,0.000000,8.000000,49.930000
1789080774.347661,0,0.000000,0.000000,1.000000,0.200000,0.000000,0.000000,0.000000,0.000000,8.000000,49.950000
1789080774.348577,0,0.000000,0.000000,1.000000,0.150000,0.000000,0.000000,0.000000,0.000000,8.000000,49.950000
1789080774.372164,0,0.000000,0.000000,1.000000,0.200000,0.000000,0.000000,0.000000,0.000000,8.000000,49.970000
1789080774.372667,0,0.000000,0.000000,1.000000,0.070000,0.000000,0.000000,0.000000,0.000000,8.000000,49.970000
1789080774.373083,0,0.000000,0.000000,1.000000,0.150000,0.000000,0.000000,0.000000,0.000000,8.000000,49.990000
1789080774.398830,0,0.000000,0.000000,1.000000,0.010000,0.000000,0.000000,0.000000,0.000000,8.000000,50.000000
1789080774.399487,0,0.000000,0.000000,1.000000,0.100000,0.000000,0.000000,0.000000,0.000000,8.000000,50.000000
1789080774.423828,0,0.000000,0.000000,1.000000,0.100000,0.000000,0.000000,0.000000,0.000000,8.000000,50.020000
1789080774.424326,0,0.000000,0.000000,1.000000,0.000000,0.000000,0.000000,0.000000,0.000000,8.000000,50.020000
1789080774.424836,0,0.000000,0.000000,1.000000,0.000000,0.000000,0.000000,0.000000,0.000000,8.000000,50.040000
1789080774.449667,0,0.000000,0.000000,1.000000,-0.210000,0.000000,0.000000,0.000000,0.000000,8.000000,50.040000
1789080774.450160,0,0.000000,0.000000,1.000000,-0.050000,0.000000,0.000000,0.000000,0.000000,8.000000,50.060000
1789080774.474435,0,0.000000,0.000000,1.000000,-0.050000,0.000000,0.000000,0.000000,0.000000,8.000000,50.060000
1789080774.474942,0,0.000000,0.000000,1.000000,-0.050000,0.000000,0.000000,0.000000,0.000000,8.000000,50.080000
1789080774.475642,0,0.000000,0.000000,1.000000,-0.310000,0.000000,0.000000,0.000000,0.000000,8.000000,50.090000
1789080774.499959,0,0.000000,0.000000,1.000000,0.000000,0.000000,0.000000,0.000000,0.000000,8.000000,50.090000
1789080774.500458,0,0.000000,0.000000,1.000000,-0.050000,0.000000,0.000000,0.000000,0.000000,8.000000,50.110000
1789080774.524907,0,0.000000,0.000000,1.000000,0.000000,0.000000,0.000000,0.000000,0.000000,8.000000,50.110000
1789080774.525537,0,0.000000,0.000000,1.000000,0.000000,0.000000,0.000000,0.000000,0.000000,8.000000,50.130000
1789080774.526066,0,0.000000,0.000000,1.000000,0.100000,0.000000,0.000000,0.000000,0.000000,8.000000,50.130000
1789080774.550083,0,0.000000,0.000000,1.000000,-0.090000,0.000000,0.000000,0.000000,0.000000,8.000000,50.150000
1789080774.550578,0,0.000000,0.000000,1.000000,0.010000,0.000000,0.000000,0.000000,0.000000,8.000000,50.150000
1789080774.551058,0,0.000000,0.000000,1.000000,0.100000,0.000000,0.000000,0.000000,0.000000,8.000000,50.160000
1789080774.574527,0,0.000000,0.000000,1.000000,0.100000,0.000000,0.000000,0.000000,0.000000,8.000000,50.180000
1789080774.575031,0,0.000000,0.000000,1.000000,-0.050000,0.000000,0.000000,0.000000,0.000000,8.000000,50.180000
1789080774.599745,0,0.000000,0.000000,1.000000,0.100000,0.000000,0.000000,0.000000,0.000000,8.000000,50.200000
1789080774.600237,0,0.000000,0.000000,1.000000,0.000000,0.000000,0.000000,0.000000,0.000000,8.000000,50.200000
1789080774.624777,0,0.000000,0.000000,1.000000,-0.050000,0.000000,0.000000,0.000000,0.000000,8.000000,50.220000
1789080774.625283,0,0.000000,0.000000,1.000000,0.070000,0.000000,0.000000,0.000000,0.000000,8.000000,50.220000
1789080774.625913,0,0.000000,0.000000,1.000000,0.100000,0.000000,0.000000,0.000000,0.000000,8.000000,50.240000
1789080774.650086,0,0.000000,0.000000,1.000000,-0.140000,0.000000,0.000000,0.000000,0.000000,8.000000,50.250000
1789080774.650585,0,0.000000,0.000000,1.000000,0.010000,0.000000,0.000000,0.000000,0.000000,8.000000,50.250000
1789080774.674897,0,0.000000,0.000000,1.000000,0.150000,0.000000,0.000000,0.000000,0.000000,8.000000,50.270000
1789080774.675405,0,0.000000,0.000000,1.000000,0.200000,0.000000,0.000000,0.000000,0.000000,8.000000,50.270000
1789080774.700795,0,0.000000,0.000000,1.000000,0.100000,0.000000,0.000000,0.000000,0.000000,8.000000,50.290000
1789080774.701307,0,0.000000,0.000000,1.000000,0.010000,0.000000,0.000000,0.000000,0.000000,8.000000,50.290000
1789080774.701837,0,0.000000,0.000000,1.000000,0.070000,0.000000,0.000000,0.000000,0.000000,8.000000,50.310000
1789080774.725825,0,0.000000,0.000000,1.000000,0.200000,0.000000,0.000000,0.000000,0.000000,8.000000,50.310000
1789080774.726295,0,0.000000,0.000000,1.000000,0.230000,0.000000,0.000000,0.000000,0.000000,8.000000,50.340000
1789080774.726710,0,0.000000,0.000000,1.000000,0.010000,0.000000,0.000000,0.000000,0.000000,8.000000,50.340000
1789080774.751508,0,0.000000,0.000000,1.000000,-0.140000,0.000000,0.000000,0.000000,0.000000,8.000000,50.340000
1789080774.752006,0,0.000000,0.000000,1.000000,0.070000,0.000000,0.000000,0.000000,0.000000,8.000000,50.360000
1789080774.752699,0,0.000000,0.000000,1.000000,-0.090000,0.000000,0.000000,0.000000,0.000000,8.000000,50.360000
1789080774.776517,0,0.000000,0.000000,1.000000,0.010000,0.000000,0.000000,0.000000,0.000000,8.000000,50.380000
1789080774.777021,0,0.000000,0.000000,1.000000,-0.090000,0.000000,0.000000,0.000000,0.000000,8.000000,50.380000
1789080774.801175,0,0.000000,0.000000,1.000000,0.200000,0.000000,0.000000,0.000000,0.000000,8.000000,50.400000
1789080774.801718,0,0.000000,0.000000,1.000000,0.010000,0.000000,0.000000,0.000000,0.000000,8.000000,50.400000
1789080774.802245,0,0.000000,0.000000,1.000000,-0.090000,0.000000,0.000000,0.000000,0.000000,8.000000,50.410000
1789080774.826118,0,0.000000,0.000000,1.000000,-0.090000,0.000000,0.000000,0.000000,0.000000,8.000000,50.430000
1789080774.826679,0,0.000000,0.000000,1.000000,0.070000,0.000000,0.000000,0.000000,0.000000,8.000000,50.430000
1789080774.851579,0,0.000000,0.000000,1.000000,-0.180000,0.000000,0.000000,0.000000,0.000000,8.000000,50.450000
1789080774.852264,0,0.000000,0.000000,1.000000,-0.140000,0.000000,0.000000,0.000000,0.000000,8.000000,50.450000
1789080774.877385,0,0.000000,0.000000,1.000000,0.150000,0.000000,0.000000,0.000000,0.000000,8.000000,50.470000
1789080774.878003,0,0.000000,0.000000,1.000000,0.070000,0.000000,0.000000,0.000000,0.000000,8.000000,50.470000
1789080774.902429,0,0.000000,0.000000,1.000000,0.200000,0.000000,0.000000,0.000000,0.000000,8.000000,50.490000
1789080774.902913,0,0.000000,0.000000,1.000000,0.230000,0.000000,0.000000,0.000000,0.000000,8.000000,50.500000
1789080774.903406,0,0.000000,0.000000,1.000000,0.670000,0.000000,0.000000,0.000000,0.000000,8.000000,50.520000
1789080774.929089,0,0.000000,0.000000,1.000000,0.720000,0.000000,0.000000,0.000000,0.000000,8.000000,50.520000
1789080774.929603,0,0.000000,0.000000,1.000000,0.150000,0.000000,0.000000,0.000000,0.000000,8.000000,50.540000
1789080774.953793,0,0.000000,0.000000,1.000000,0.150000,0.000000,0.000000,0.000000,0.000000,8.000000,50.540000
1789080774.954376,0,0.000000,0.000000,1.000000,0.200000,0.000000,0.000000,0.000000,0.000000,8.000000,50.560000
1789080774.954917,0,0.000000,0.000000,1.000000,0.200000,0.000000,0.000000,0.000000,0.000000,8.000000,50.560000
1789080774.978941,0,0.000000,0.000000,1.000000,-0.140000,0.000000,0.000000,0.000000,0.000000,8.000000,50.580000
1789080774.979448,0,0.000000,0.000000,1.000000,0.070000,0.000000,0.000000,0.000000,0.000000,8.000000,50.590000
1789080774.979944,0,0.000000,0.000000,1.000000,-0.050000,0.000000,0.000000,0.000000,0.000000,8.000000,50.590000
1789080775.004184,0,0.000000,0.000000,1.000000,-0.140000,0.000000,0.000000,0.000000,0.000000,8.000000,50.610000
1789080775.004690,0,0.000000,0.000000,1.000000,0.100000,0.000000,0.000000,0.000000,0.000000,8.000000,50.610000
1789080775.029722,0,0.000000,0.000000,1.000000,0.330000,0.000000,0.000000,0.000000,0.000000,8.000000,50.630000
1789080775.030239,0,0.000000,0.000000,1.000000,-0.090000,0.000000,0.000000,0.000000,0.000000,8.000000,50.630000
1789080775.030809,0,0.000000,0.000000,1.000000,0.010000,0.000000,0.000000,0.000000,0.000000,8.000000,50.650000
1789080775.054351,0,0.000000,0.000000,1.000000,0.010000,0.000000,0.000000,0.000000,0.000000,8.000000,50.650000
1789080775.054841,0,0.000000,0.000000,1.000000,0.150000,0.000000,0.000000,0.000000,0.000000,8.000000,50.660000
1789080775.055255,0,0.000000,0.000000,1.000000,0.000000,0.000000,0.000000,0.000000,0.000000,8.000000,50.680000
1789080775.078789,0,0.000000,0.000000,1.000000,0.200000,0.000000,0.000000,0.000000,0.000000,8.000000,50.680000
1789080775.079294,0,0.000000,0.000000,1.000000,0.000000,0.000000,0.000000,0.000000,0.000000,8.000000,50.700000
1789080775.103677,0,0.000000,0.000000,1.000000,0.070000,0.000000,0.000000,0.000000,0.000000,8.000000,50.700000
1789080775.104185,0,0.000000,0.000000,1.000000,-0.090000,0.000000,0.000000,0.000000,0.000000,8.000000,50.720000
1789080775.128968,0,0.000000,0.000000,1.000000,0.150000,0.000000,0.000000,0.000000,0.000000,8.000000,50.720000
1789080775.129474,0,0.000000,0.000000,1.000000,-0.180000,0.000000,0.000000,0.000000,0.000000,8.000000,50.740000
1789080775.129899,0,0.000000,0.000000,1.000000,0.100000,0.000000,0.000000,0.000000,0.000000,8.000000,50.750000
1789080775.153760,0,0.000000,0.000000,1.000000,0.010000,0.000000,0.000000,0.000000,0.000000,8.000000,50.750000
1789080775.154259,0,0.000000,0.000000,1.000000,-0.180000,0.000000,0.000000,0.000000,0.000000,8.000000,50.770000
1789080775.178953,0,0.000000,0.000000,1.000000,0.150000,0.000000,0.000000,0.000000,0.000000,8.000000,50.770000
1789080775.179456,0,0.000000,0.000000,1.000000,0.070000,0.000000,0.000000,0.000000,0.000000,8.000000,50.790000
1789080775.179869,0,0.000000,0.000000,1.000000,-0.090000,0.000000,0.000000,0.000000,0.000000,8.000000,50.790000
1789080775.203958,0,0.000000,0.000000,1.000000,0.010000,0.000000,0.000000,0.000000,0.000000,8.000000,50.810000
1789080775.204479,0,0.000000,0.000000,1.000000,0.070000,0.000000,0.000000,0.000000,0.000000,8.000000,50.810000
1789080775.229704,0,0.000000,0.000000,1.000000,0.100000,0.000000,0.000000,0.000000,0.000000,8.000000,50.830000
1789080775.230264,0,0.000000,0.000000,1.000000,0.200000,0.000000,0.000000,0.000000,0.000000,8.000000,50.830000
1789080775.255622,0,0.000000,0.000000,1.000000,0.230000,0.000000,0.000000,0.000000,0.000000,8.000000,50.840000
1789080775.256127,0,0.000000,0.000000,1.000000,0.230000,0.000000,0.000000,0.000000,0.000000,8.000000,50.860000
1789080775.256528,0,0.000000,0.000000,1.000000,0.150000,0.000000,0.000000,0.000000,0.000000,8.000000,50.860000
1789080775.257032,0,0.000000,0.000000,1.000000,0.100000,0.000000,0.000000,0.000000,0.000000,8.000000,50.880000
1789080775.281454,0,0.000000,0.000000,1.000000,0.000000,0.000000,0.000000,0.000000,0.000000,8.000000,50.880000
1789080775.281956,0,0.000000,0.000000,1.000000,0.070000,0.000000,0.000000,0.000000,0.000000,8.000000,50.900000
1789080775.306383,0,0.000000,0.000000,1.000000,0.000000,0.000000,0.000000,0.000000,0.000000,8.000000,50.900000
1789080775.306901,0,0.000000,0.000000,1.000000,0.150000,0.000000,0.000000,0.000000,0.000000,8.000000,50.910000
1789080775.307479,0,0.000000,0.000000,1.000000,0.010000,0.000000,0.000000,0.000000,0.000000,8.000000,50.930000
1789080775.330680,0,0.000000,0.000000,1.000000,0.000000,0.000000,0.000000,0.000000,0.000000,8.000000,50.930000
1789080775.331268,0,0.000000,0.000000,1.000000,0.100000,0.000000,0.000000,0.000000,0.000000,8.000000,50.950000
1789080775.354580,0,0.000000,0.000000,1.000000,0.280000,0.000000,0.000000,0.000000,0.000000,8.000000,50.950000
1789080775.355084,0,0.000000,0.000000,1.000000,0.200000,0.000000,0.000000,0.000000,0.000000,8.000000,50.970000
1789080775.379818,0,0.000000,0.000000,1.000000,0.070000,0.000000,0.000000,0.000000,0.000000,8.000000,50.970000
1789080775.402907,0,0.000000,0.000000,1.000000,0.200000,0.000000,0.000000,0.000000,0.000000,8.000000,50.990000
1789080775.403476,0,0.000000,0.000000,1.000000,0.150000,0.000000,0.000000,0.000000,0.000000,8.000000,51.000000
1789080775.403946,0,0.000000,0.000000,1.000000,0.000000,0.000000,0.000000,0.000000,0.000000,8.000000,51.000000
1789080775.404407,0,0.000000,0.000000,1.000000,0.010000,0.000000,0.000000,0.000000,0.000000,8.000000,51.020000
1789080775.404974,0,0.000000,0.000000,1.000000,0.100000,0.000000,0.000000,0.000000,0.000000,8.000000,51.020000
1789080775.429107,0,0.000000,0.000000,1.000000,0.010000,0.000000,0.000000,0.000000,0.000000,8.000000,51.040000
1789080775.429605,0,0.000000,0.000000,1.000000,-0.050000,0.000000,0.000000,0.000000,0.000000,8.000000,51.040000
1789080775.453238,0,0.000000,0.000000,1.000000,0.000000,0.000000,0.000000,0.000000,0.000000,8.000000,51.060000
1789080775.453742,0,0.000000,0.000000,1.000000,0.100000,0.000000,0.000000,0.000000,0.000000,8.000000,51.060000
1789080775.478451,0,0.000000,0.000000,1.000000,0.460000,0.000000,0.000000,0.000000,0.000000,8.000000,51.080000
1789080775.478959,0,0.000000,0.000000,1.000000,-0.050000,0.000000,0.000000,0.000000,0.000000,8.000000,51.090000
1789080775.501682,0,0.000000,0.000000,1.000000,0.010000,0.000000,0.000000,0.000000,0.000000,8.000000,51.090000
1789080775.502189,0,0.000000,0.000000,1.000000,0.460000,0.000000,0.000000,0.000000,0.000000,8.000000,51.110000
1789080775.525848,0,0.000000,0.000000,1.000000,0.100000,0.000000,0.000000,0.000000,0.000000,8.000000,51.110000
1789080775.526314,0,0.000000,0.000000,1.000000,0.150000,0.000000,0.000000,0.000000,0.000000,8.000000,51.130000
1789080775.548548,0,0.000000,0.000000,1.000000,0.230000,0.000000,0.000000,0.000000,0.000000,8.000000,51.130000
1789080775.549012,0,0.000000,0.000000,1.000000,0.070000,0.000000,0.000000,0.000000,0.000000,8.000000,51.150000
1789080775.549388,0,0.000000,0.000000,1.000000,-0.140000,0.000000,0.000000,0.000000,0.000000,8.000000,51.150000
1789080775.573238,0,0.000000,0.000000,1.000000,0.100000,0.000000,0.000000,0.000000,0.000000,8.000000,51.160000
1789080775.573826,0,0.000000,0.000000,1.000000,0.100000,0.000000,0.000000,0.000000,0.000000,8.000000,51.180000
1789080775.596035,0,0.000000,0.000000,1.000000,0.100000,0.000000,0.000000,0.000000,0.000000,8.000000,51.200000
1789080775.596536,0,0.000000,0.000000,1.000000,0.150000,0.000000,0.000000,0.000000,0.000000,8.000000,51.200000
1789080775.618228,0,0.000000,0.000000,1.000000,-0.050000,0.000000,0.000000,0.000000,0.000000,8.000000,51.220000
1789080775.618731,0,0.000000,0.000000,1.000000,-0.270000,0.000000,0.000000,0.000000,0.000000,8.000000,51.220000
1789080775.619141,0,0.000000,0.000000,1.000000,0.000000,0.000000,0.000000,0.000000,0.000000,8.000000,51.240000
1789080775.619544,0,0.000000,0.000000,1.000000,-0.050000,0.000000,0.000000,0.000000,0.000000,8.000000,51.250000
1789080775.641675,0,0.000000,0.000000,1.000000,0.000000,0.000000,0.000000,0.000000,0.000000,8.000000,51.250000
1789080775.663518,0,0.000000,0.000000,1.000000,0.200000,0.000000,0.000000,0.000000,0.000000,8.000000,51.270000
1789080775.664134,0,0.000000,0.000000,1.000000,0.010000,0.000000,0.000000,0.000000,0.000000,8.000000,51.270000
1789080775.664779,0,0.000000,0.000000,1.000000,0.010000,0.000000,0.000000,0.000000,0.000000,8.000000,51.290000
1789080775.686659,0,0.000000,0.000000,1.000000,0.070000,0.000000,0.000000,0.000000,0.000000,8.000000,51.290000
1789080775.687173,0,0.000000,0.000000,1.000000,-0.090000,0.000000,0.000000,0.000000,0.000000,8.000000,51.310000
1789080775.708599,0,0.000000,0.000000,1.000000,0.000000,0.000000,0.000000,0.000000,0.000000,8.000000,51.310000
1789080775.709103,0,0.000000,0.000000,1.000000,-0.180000,0.000000,0.000000,0.000000,0.000000,8.000000,51.330000
1789080775.709683,0,0.000000,0.000000,1.000000,-0.090000,0.000000,0.000000,0.000000,0.000000,8.000000,51.340000
1789080775.730977,0,0.000000,0.000000,1.000000,-0.050000,0.000000,0.000000,0.000000,0.000000,8.000000,51.340000
1789080775.731692,0,0.000000,0.000000,1.000000,-0.090000,0.000000,0.000000,0.000000,0.000000,8.000000,51.360000
1789080775.753249,0,0.000000,0.000000,1.000000,0.000000,0.000000,0.000000,0.000000,0.000000,8.000000,51.360000
1789080775.774827,0,0.000000,0.000000,1.000000,0.150000,0.000000,0.000000,0.000000,0.000000,8.000000,51.380000
1789080775.775378,0,0.000000,0.000000,1.000000,-0.050000,0.000000,0.000000,0.000000,0.000000,8.000000,51.380000
1789080775.775887,0,0.000000,0.000000,1.000000,-0.050000,0.000000,0.000000,0.000000,0.000000,8.000000,51.400000
1789080775.798740,0,0.000000,0.000000,1.000000,0.070000,0.000000,0.000000,0.000000,0.000000,8.000000,51.400000
1789080775.799239,0,0.000000,0.000000,1.000000,-0.090000,0.000000,0.000000,0.000000,0.000000,8.000000,51.410000
1789080775.820938,0,0.000000,0.000000,1.000000,-0.180000,0.000000,0.000000,0.000000,0.000000,8.000000,51.430000
1789080775.821436,0,0.000000,0.000000,1.000000,-0.050000,0.000000,0.000000,0.000000,0.000000,8.000000,51.430000
1789080775.821852,0,0.000000,0.000000,1.000000,0.100000,0.000000,0.000000,0.000000,0.000000,8.000000,51.430000
1789080775.843703,0,0.000000,0.000000,1.000000,0.000000,0.000000,0.000000,0.000000,0.000000,8.000000,51.450000
1789080775.866715,0,0.000000,0.000000,1.000000,0.010000,0.000000,0.000000,0.000000,0.000000,8.000000,51.450000
1789080775.867322,0,0.000000,0.000000,1.000000,0.150000,0.000000,0.000000,0.000000,0.000000,8.000000,51.470000
1789080775.888877,0,0.000000,0.000000,1.000000,0.200000,0.000000,0.000000,0.000000,0.000000,8.000000,51.470000
1789080775.889384,0,0.000000,0.000000,1.000000,0.230000,0.000000,0.000000,0.000000,0.000000,8.000000,51.490000
1789080775.889800,0,0.000000,0.000000,1.000000,0.010000,0.000000,0.000000,0.000000,0.000000,8.000000,51.500000
1789080775.910754,0,0.000000,0.000000,1.000000,0.010000,0.000000,0.000000,0.000000,0.000000,8.000000,51.520000
1789080775.911252,0,0.000000,0.000000,1.000000,0.200000,0.000000,0.000000,0.000000,0.000000,8.000000,51.520000
1789080775.911918,0,0.000000,0.000000,1.000000,0.100000,0.000000,0.000000,0.000000,0.000000,8.000000,51.540000
1789080775.933149,0,0.000000,0.000000,1.000000,0.000000,0.000000,0.000000,0.000000,0.000000,8.000000,51.540000
1789080775.933652,0,0.000000,0.000000,1.000000,0.010000,0.000000,0.000000,0.000000,0.000000,8.000000,51.560000
1789080775.955756,0,0.000000,0.000000,1.000000,-0.090000,0.000000,0.000000,0.000000,0.000000,8.000000,51.560000
1789080775.978838,0,0.000000,0.000000,1.000000,0.000000,0.000000,0.000000,0.000000,0.000000,8.000000,51.580000
1789080775.979338,0,0.000000,0.000000,1.000000,-0.050000,0.000000,0.000000,0.000000,0.000000,8.000000,51.580000
1789080775.979756,0,0.000000,0.000000,1.000000,0.280000,0.000000,0.000000,0.000000,0.000000,8.000000,51.590000
1789080776.002310,0,0.000000,0.000000,1.000000,0.370000,0.000000,0.000000,0.000000,0.000000,8.000000,51.590000
1789080776.002938,0,0.000000,0.000000,1.000000,0.150000,0.000000,0.000000,0.000000,0.000000,8.000000,51.610000
1789080776.003666,0,0.000000,0.000000,1.000000,-0.050000,0.000000,0.000000,0.000000,0.000000,8.000000,51.630000
1789080776.025867,0,0.000000,0.000000,1.000000,0.150000,0.000000,0.000000,0.000000,0.000000,8.000000,51.630000
1789080776.026475,0,0.000000,0.000000,1.000000,-0.140000,0.000000,0.000000,0.000000,0.000000,8.000000,51.650000
1789080776.049050,0,0.000000,0.000000,1.000000,0.000000,0.000000,0.000000,0.000000,0.000000,8.000000,51.650000
1789080776.049639,0,0.000000,0.000000,1.000000,-0.050000,0.000000,0.000000,0.000000,0.000000,8.000000,51.660000
1789080776.070519,0,0.000000,0.000000,1.000000,0.070000,0.000000,0.000000,0.000000,0.000000,8.000000,51.680000
1789080776.071058,0,0.000000,0.000000,1.000000,-0.140000,0.000000,0.000000,0.000000,0.000000,8.000000,51.680000
1789080776.071496,0,0.000000,0.000000,1.000000,0.000000,0.000000,0.000000,0.000000,0.000000,8.000000,51.700000
1789080776.092956,0,0.000000,0.000000,1.000000,0.010000,0.000000,0.000000,0.000000,0.000000,8.000000,51.700000
1789080776.093556,0,0.000000,0.000000,1.000000,-0.140000,0.000000,0.000000,0.000000,0.000000,8.000000,51.720000
1789080776.115417,0,0.000000,0.000000,1.000000,0.000000,0.000000,0.000000,0.000000,0.000000,8.000000,51.720000
1789080776.115955,0,0.000000,0.000000,1.000000,0.070000,0.000000,0.000000,0.000000,0.000000,8.000000,51.740000
1789080776.137674,0,0.000000,0.000000,1.000000,-0.090000,0.000000,0.000000,0.000000,0.000000,8.000000,51.750000
1789080776.138293,0,0.000000,0.000000,1.000000,0.070000,0.000000,0.000000,0.000000,0.000000,8.000000,51.750000
1789080776.159949,0,0.000000,0.000000,1.000000,-0.180000,0.000000,0.000000,0.000000,0.000000,8.000000,51.750000
1789080776.160578,0,0.000000,0.000000,1.000000,0.280000,0.000000,0.000000,0.000000,0.000000,8.000000,51.770000
1789080776.182081,0,0.000000,0.000000,1.000000,0.200000,0.000000,0.000000,0.000000,0.000000,8.000000,51.790000
1789080776.182753,0,0.000000,0.000000,1.000000,0.010000,0.000000,0.000000,0.000000,0.000000,8.000000,51.790000
1789080776.204366,0,0.000000,0.000000,1.000000,0.150000,0.000000,0.000000,0.000000,0.000000,8.000000,51.810000
1789080776.205177,0,0.000000,0.000000,1.000000,0.070000,0.000000,0.000000,0.000000,0.000000,8.000000,51.810000
1789080776.227956,0,0.000000,0.000000,1.000000,0.150000,0.000000,0.000000,0.000000,0.000000,8.000000,51.830000
1789080776.228489,0,0.000000,0.000000,1.000000,0.200000,0.000000,0.000000,0.000000,0.000000,8.000000,51.840000
1789080776.250563,0,0.000000,0.000000,1.000000,-0.140000,0.000000,0.000000,0.000000,0.000000,8.000000,51.840000
1789080776.251127,0,0.000000,0.000000,1.000000,-0.090000,0.000000,0.000000,0.000000,0.000000,8.000000,51.860000
1789080776.251652,0,0.000000,0.000000,1.000000,0.070000,0.000000,0.000000,0.000000,0.000000,8.000000,51.860000
1789080776.274261,0,0.000000,0.000000,1.000000,-0.140000,0.000000,0.000000,0.000000,0.000000,8.000000,51.880000
1789080776.274762,0,0.000000,0.000000,1.000000,0.010000,0.000000,0.000000,0.000000,0.000000,8.000000,51.880000
1789080776.296207,0,0.000000,0.000000,1.000000,0.100000,0.000000,0.000000,0.000000,0.000000,8.000000,51.900000
1789080776.296718,0,0.000000,0.000000,1.000000,-0.050000,0.000000,0.000000,0.000000,0.000000,8.000000,51.900000
1789080776.319134,0,0.000000,0.000000,1.000000,-0.140000,0.000000,0.000000,0.000000,0.000000,8.000000,51.910000
1789080776.319767,0,0.000000,0.000000,1.000000,0.000000,0.000000,0.000000,0.000000,0.000000,8.000000,51.930000
1789080776.320223,0,0.000000,0.000000,1.000000,0.000000,0.000000,0.000000,0.000000,0.000000,8.000000,51.930000
1789080776.320791,0,0.000000,0.000000,1.000000,-0.180000,0.000000,0.000000,0.000000,0.000000,8.000000,51.950000
1789080776.343086,0,0.000000,0.000000,1.000000,0.010000,0.000000,0.000000,0.000000,0.000000,8.000000,51.950000
1789080776.366128,0,0.000000,0.000000,1.000000,0.370000,0.000000,0.000000,0.000000,0.000000,8.000000,51.970000
1789080776.366676,0,0.000000,0.000000,1.000000,0.200000,0.000000,0.000000,0.000000,0.000000,8.000000,51.970000
1789080776.367042,0,0.000000,0.000000,1.000000,-0.180000,0.000000,0.000000,0.000000,0.000000,8.000000,51.990000
1789080776.388734,0,0.000000,0.000000,1.000000,0.150000,0.000000,0.000000,0.000000,0.000000,8.000000,52.000000
1789080776.389234,0,0.000000,0.000000,1.000000,0.150000,0.000000,0.000000,0.000000,0.000000,8.000000,52.000000
1789080776.411060,0,0.000000,0.000000,1.000000,-0.090000,0.000000,0.000000,0.000000,0.000000,8.000000,52.020000
1789080776.411557,0,0.000000,0.000000,1.000000,0.010000,0.000000,0.000000,0.000000,0.000000,8.000000,52.020000
1789080776.433701,0,0.000000,0.000000,1.000000,-0.050000,0.000000,0.000000,0.000000,0.000000,8.000000,52.040000
1789080776.434210,0,0.000000,0.000000,1.000000,0.070000,0.000000,0.000000,0.000000,0.000000,8.000000,52.040000
1789080776.455556,0,0.000000,0.000000,1.000000,-0.050000,0.000000,0.000000,0.000000,0.000000,8.000000,52.060000
1789080776.456057,0,0.000000,0.000000,1.000000,0.010000,0.000000,0.000000,0.000000,0.000000,8.000000,52.060000
1789080776.456477,0,0.000000,0.000000,1.000000,0.010000,0.000000,0.000000,0.000000,0.000000,8.000000,52.080000
1789080776.478332,0,0.000000,0.000000,1.000000,0.100000,0.000000,0.000000,0.000000,0.000000,8.000000,52.090000
1789080776.500865,0,0.000000,0.000000,1.000000,0.010000,0.000000,0.000000,0.000000,0.000000,8.000000,52.090000
1789080776.501371,0,0.000000,0.000000,1.000000,0.100000,0.000000,0.000000,0.000000,0.000000,8.000000,52.110000
1789080776.501791,0,0.000000,0.000000,1.000000,0.100000,0.000000,0.000000,0.000000,0.000000,8.000000,52.110000
1789080776.524028,0,0.000000,0.000000,1.000000,0.070000,0.000000,0.000000,0.000000,0.000000,8.000000,52.130000
1789080776.524528,0,0.000000,0.000000,1.000000,0.100000,0.000000,0.000000,0.000000,0.000000,8.000000,52.130000
1789080776.546731,0,0.000000,0.000000,1.000000,0.070000,0.000000,0.000000,0.000000,0.000000,8.000000,52.150000
1789080776.547311,0,0.000000,0.000000,1.000000,-0.050000,0.000000,0.000000,0.000000,0.000000,8.000000,52.150000
1789080776.547695,0,0.000000,0.000000,1.000000,-0.140000,0.000000,0.000000,0.000000,0.000000,8.000000,52.160000
1789080776.569973,0,0.000000,0.000000,1.000000,-0.140000,0.000000,0.000000,0.000000,0.000000,8.000000,52.180000
1789080776.592957,0,0.000000,0.000000,1.000000,0.100000,0.000000,0.000000,0.000000,0.000000,8.000000,52.180000
1789080776.593559,0,0.000000,0.000000,1.000000,0.070000,0.000000,0.000000,0.000000,0.000000,8.000000,52.200000
1789080776.593938,0,0.000000,0.000000,1.000000,0.150000,0.000000,0.000000,0.000000,0.000000,8.000000,52.200000
1789080776.618742,0,0.000000,0.000000,1.000000,0.070000,0.000000,0.000000,0.000000,0.000000,8.000000,52.220000
1789080776.619324,0,0.000000,0.000000,1.000000,0.000000,0.000000,0.000000,0.000000,0.000000,8.000000,52.220000
1789080776.641358,0,0.000000,0.000000,1.000000,0.000000,0.000000,0.000000,0.000000,0.000000,8.000000,52.240000
1789080776.641891,0,0.000000,0.000000,1.000000,0.070000,0.000000,0.000000,0.000000,0.000000,8.000000,52.250000
1789080776.665005,0,0.000000,0.000000,1.000000,-0.050000,0.000000,0.000000,0.000000,0.000000,8.000000,52.250000
1789080776.665508,0,0.000000,0.000000,1.000000,0.070000,0.000000,0.000000,0.000000,0.000000,8.000000,52.270000
1789080776.665927,0,0.000000,0.000000,1.000000,0.010000,0.000000,0.000000,0.000000,0.000000,8.000000,52.270000
1789080776.666317,0,0.000000,0.000000,1.000000,0.010000,0.000000,0.000000,0.000000,0.000000,8.000000,52.290000
1789080776.688142,0,0.000000,0.000000,1.000000,-0.090000,0.000000,0.000000,0.000000,0.000000,8.000000,52.290000
1789080776.710337,0,0.000000,0.000000,1.000000,0.070000,0.000000,0.000000,0.000000,0.000000,8.000000,52.310000
1789080776.710931,0,0.000000,0.000000,1.000000,0.150000,0.000000,0.000000,0.000000,0.000000,8.000000,52.310000
1789080776.711335,0,0.000000,0.000000,1.000000,-0.090000,0.000000,0.000000,0.000000,0.000000,8.000000,52.330000
1789080776.733059,0,0.000000,0.000000,1.000000,0.100000,0.000000,0.000000,0.000000,0.000000,8.000000,52.340000
1789080776.733664,0,0.000000,0.000000,1.000000,-0.090000,0.000000,0.000000,0.000000,0.000000,8.000000,52.340000
1789080776.754258,0,0.000000,0.000000,1.000000,0.070000,0.000000,0.000000,0.000000,0.000000,8.000000,52.360000
1789080776.754758,0,0.000000,0.000000,1.000000,-0.090000,0.000000,0.000000,0.000000,0.000000,8.000000,52.360000
1789080776.776263,0,0.000000,0.000000,1.000000,0.100000,0.000000,0.000000,0.000000,0.000000,8.000000,52.380000
1789080776.776982,0,0.000000,0.000000,1.000000,0.100000,0.000000,0.000000,0.000000,0.000000,8.000000,52.380000
1789080776.799147,0,0.000000,0.000000,1.000000,0.100000,0.000000,0.000000,0.000000,0.000000,8.000000,52.400000
1789080776.799897,0,0.000000,0.000000,1.000000,0.100000,0.000000,0.000000,0.000000,0.000000,8.000000,52.410000
1789080776.822135,0,0.000000,0.000000,1.000000,0.750000,0.000000,0.000000,0.000000,0.000000,8.000000,52.430000
1789080776.822715,0,0.000000,0.000000,1.000000,-0.050000,0.000000,0.000000,0.000000,0.000000,8.000000,52.430000
1789080776.823210,0,0.000000,0.000000,1.000000,0.100000,0.000000,0.000000,0.000000,0.000000,8.000000,52.450000
1789080776.845811,0,0.000000,0.000000,1.000000,-0.180000,0.000000,0.000000,0.000000,0.000000,8.000000,52.450000
1789080776.867147,0,0.000000,0.000000,1.000000,0.230000,0.000000,0.000000,0.000000,0.000000,8.000000,52.470000
1789080776.867654,0,0.000000,0.000000,1.000000,0.100000,0.000000,0.000000,0.000000,0.000000,8.000000,52.470000
1789080776.889355,0,0.000000,0.000000,1.000000,0.010000,0.000000,0.000000,0.000000,0.000000,8.000000,52.490000
1789080776.889861,0,0.000000,0.000000,1.000000,0.010000,0.000000,0.000000,0.000000,0.000000,8.000000,52.500000
1789080776.911186,0,0.000000,0.000000,1.000000,0.000000,0.000000,0.000000,0.000000,0.000000,8.000000,52.500000
1789080776.911840,0,0.000000,0.000000,1.000000,0.100000,0.000000,0.000000,0.000000,0.000000,8.000000,52.520000
1789080776.933956,0,0.000000,0.000000,1.000000,0.010000,0.000000,0.000000,0.000000,0.000000,8.000000,52.520000
1789080776.934619,0,0.000000,0.000000,1.000000,0.280000,0.000000,0.000000,0.000000,0.000000,8.000000,52.540000
1789080776.956766,0,0.000000,0.000000,1.000000,0.100000,0.000000,0.000000,0.000000,0.000000,8.000000,52.560000
1789080776.957267,0,0.000000,0.000000,1.000000,0.200000,0.000000,0.000000,0.000000,0.000000,8.000000,52.560000
1789080776.978836,0,0.000000,0.000000,1.000000,0.100000,0.000000,0.000000,0.000000,0.000000,8.000000,52.580000
1789080776.979468,0,0.000000,0.000000,1.000000,0.100000,0.000000,0.000000,0.000000,0.000000,8.000000,52.590000
1789080776.980076,0,0.000000,0.000000,1.000000,0.230000,0.000000,0.000000,0.000000,0.000000,8.000000,52.590000
1789080777.002357,0,0.000000,0.000000,1.000000,0.000000,0.000000,0.000000,0.000000,0.000000,8.000000,52.610000
1789080777.002970,0,0.000000,0.000000,1.000000,0.280000,0.000000,0.000000,0.000000,0.000000,8.000000,52.610000
1789080777.029110,0,0.000000,0.000000,1.000000,0.370000,0.000000,0.000000,0.000000,0.000000,8.000000,52.630000
1789080777.029616,0,0.000000,0.000000,1.000000,-0.270000,0.000000,0.000000,0.000000,0.000000,8.000000,52.630000
1789080777.051087,0,0.000000,0.000000,1.000000,0.150000,0.000000,0.000000,0.000000,0.000000,8.000000,52.650000
1789080777.051584,0,0.000000,0.000000,1.000000,-0.050000,0.000000,0.000000,0.000000,0.000000,8.000000,52.650000
1789080777.052154,0,0.000000,0.000000,1.000000,0.200000,0.000000,0.000000,0.000000,0.000000,8.000000,52.660000
1789080777.073048,0,0.000000,0.000000,1.000000,0.280000,0.000000,0.000000,0.000000,0.000000,8.000000,52.680000
1789080777.094747,0,0.000000,0.000000,1.000000,0.230000,0.000000,0.000000,0.000000,0.000000,8.000000,52.680000
1789080777.095250,0,0.000000,0.000000,1.000000,-0.140000,0.000000,0.000000,0.000000,0.000000,8.000000,52.700000
1789080777.116840,0,0.000000,0.000000,1.000000,-0.050000,0.000000,0.000000,0.000000,0.000000,8.000000,52.700000
1789080777.117342,0,0.000000,0.000000,1.000000,0.200000,0.000000,0.000000,0.000000,0.000000,8.000000,52.720000
1789080777.117892,0,0.000000,0.000000,1.000000,0.070000,0.000000,0.000000,0.000000,0.000000,8.000000,52.720000
1789080777.140221,0,0.000000,0.000000,1.000000,0.100000,0.000000,0.000000,0.000000,0.000000,8.000000,52.740000
1789080777.140725,0,0.000000,0.000000,1.000000,0.000000,0.000000,0.000000,0.000000,0.000000,8.000000,52.750000
1789080777.141138,0,0.000000,0.000000,1.000000,0.230000,0.000000,0.000000,0.000000,0.000000,8.000000,52.750000
1789080777.163095,0,0.000000,0.000000,1.000000,0.070000,0.000000,0.000000,0.000000,0.000000,8.000000,52.770000
1789080777.163603,0,0.000000,0.000000,1.000000,0.150000,0.000000,0.000000,0.000000,0.000000,8.000000,52.770000
1789080777.164021,0,0.000000,0.000000,1.000000,0.070000,0.000000,0.000000,0.000000,0.000000,8.000000,52.790000
1789080777.185271,0,0.000000,0.000000,1.000000,0.000000,0.000000,0.000000,0.000000,0.000000,8.000000,52.790000
1789080777.207030,0,0.000000,0.000000,1.000000,0.070000,0.000000,0.000000,0.000000,0.000000,8.000000,52.810000
1789080777.207531,0,0.000000,0.000000,1.000000,0.100000,0.000000,0.000000,0.000000,0.000000,8.000000,52.810000
1789080777.229369,0,0.000000,0.000000,1.000000,-0.210000,0.000000,0.000000,0.000000,0.000000,8.000000,52.830000
1789080777.229866,0,0.000000,0.000000,1.000000,-0.090000,0.000000,0.000000,0.000000,0.000000,8.000000,52.840000
1789080777.230284,0,0.000000,0.000000,1.000000,0.070000,0.000000,0.000000,0.000000,0.000000,8.000000,52.840000
1789080777.251781,0,0.000000,0.000000,1.000000,0.000000,0.000000,0.000000,0.000000,0.000000,8.000000,52.860000
1789080777.252283,0,0.000000,0.000000,1.000000,0.070000,0.000000,0.000000,0.000000,0.000000,8.000000,52.860000
1789080777.277131,0,0.000000,0.000000,1.000000,0.070000,0.000000,0.000000,0.000000,0.000000,8.000000,52.880000
1789080777.277628,0,0.000000,0.000000,1.000000,-0.140000,0.000000,0.000000,0.000000,0.000000,8.000000,52.880000
1789080777.278268,0,0.000000,0.000000,1.000000,-0.140000,0.000000,0.000000,0.000000,0.000000,8.000000,52.900000
1789080777.300269,0,0.000000,0.000000,1.000000,-0.210000,0.000000,0.000000,0.000000,0.000000,8.000000,52.900000
1789080777.300909,0,0.000000,0.000000,1.000000,-0.050000,0.000000,0.000000,0.000000,0.000000,8.000000,52.910000
1789080777.322420,0,0.000000,0.000000,1.000000,0.070000,0.000000,0.000000,0.000000,0.000000,8.000000,52.930000
1789080777.323078,0,0.000000,0.000000,1.000000,0.230000,0.000000,0.000000,0.000000,0.000000,8.000000,52.930000
1789080777.345198,0,0.000000,0.000000,1.000000,0.010000,0.000000,0.000000,0.000000,0.000000,8.000000,52.950000
1789080777.345989,0,0.000000,0.000000,1.000000,0.000000,0.000000,0.000000,0.000000,0.000000,8.000000,52.950000
1789080777.367504,0,0.000000,0.000000,1.000000,0.200000,0.000000,0.000000,0.000000,0.000000,8.000000,52.970000
1789080777.368009,0,0.000000,0.000000,1.000000,0.200000,0.000000,0.000000,0.000000,0.000000,8.000000,52.970000
1789080777.389746,0,0.000000,0.000000,1.000000,0.000000,0.000000,0.000000,0.000000,0.000000,8.000000,52.990000
1789080777.390250,0,0.000000,0.000000,1.000000,-0.140000,0.000000,0.000000,0.000000,0.000000,8.000000,53.000000
1789080777.412498,0,0.000000,0.000000,1.000000,0.100000,0.000000,0.000000,0.000000,0.000000,8.000000,53.000000
1789080777.413137,0,0.000000,0.000000,1.000000,0.070000,0.000000,0.000000,0.000000,0.000000,8.000000,53.020000
1789080777.434163,0,0.000000,0.000000,1.000000,0.150000,0.000000,0.000000,0.000000,0.000000,8.000000,53.040000
1789080777.434683,0,0.000000,0.000000,1.000000,0.100000,0.000000,0.000000,0.000000,0.000000,8.000000,53.040000
1789080777.435349,0,0.000000,0.000000,1.000000,0.200000,0.000000,0.000000,0.000000,0.000000,8.000000,53.060000
1789080777.458127,0,0.000000,0.000000,1.000000,0.010000,0.000000,0.000000,0.000000,0.000000,8.000000,53.060000
1789080777.458809,0,0.000000,0.000000,1.000000,-0.140000,0.000000,0.000000,0.000000,0.000000,8.000000,53.080000
1789080777.481233,0,0.000000,0.000000,1.000000,-0.090000,0.000000,0.000000,0.000000,0.000000,8.000000,53.090000
1789080777.481736,0,0.000000,0.000000,1.000000,0.000000,0.000000,0.000000,0.000000,0.000000,8.000000,53.090000
1789080777.482273,0,0.000000,0.000000,1.000000,0.000000,0.000000,0.000000,0.000000,0.000000,8.000000,53.110000
1789080777.504781,0,0.000000,0.000000,1.000000,0.000000,0.000000,0.000000,0.000000,0.000000,8.000000,53.110000
1789080777.527183,0,0.000000,0.000000,1.000000,0.150000,0.000000,0.000000,0.000000,0.000000,8.000000,53.130000
1789080777.527685,0,0.000000,0.000000,1.000000,-0.180000,0.000000,0.000000,0.000000,0.000000,8.000000,53.130000
1789080777.550368,0,0.000000,0.000000,1.000000,0.150000,0.000000,0.000000,0.000000,0.000000,8.000000,53.150000
1789080777.550868,0,0.000000,0.000000,1.000000,0.150000,0.000000,0.000000,0.000000,0.000000,8.000000,53.150000
1789080777.572370,0,0.000000,0.000000,1.000000,0.070000,0.000000,0.000000,0.000000,0.000000,8.000000,53.160000
1789080777.572873,0,0.000000,0.000000,1.000000,-0.050000,0.000000,0.000000,0.000000,0.000000,8.000000,53.180000
1789080777.594465,0,0.000000,0.000000,1.000000,0.100000,0.000000,0.000000,0.000000,0.000000,8.000000,53.180000
1789080777.594969,0,0.000000,0.000000,1.000000,0.800000,0.000000,0.000000,0.000000,0.000000,8.000000,53.200000
1789080777.617497,0,0.000000,0.000000,1.000000,-0.140000,0.000000,0.000000,0.000000,0.000000,8.000000,53.220000
1789080777.618002,0,0.000000,0.000000,1.000000,0.150000,0.000000,0.000000,0.000000,0.000000,8.000000,53.220000
1789080777.639780,0,0.000000,0.000000,1.000000,0.000000,0.000000,0.000000,0.000000,0.000000,8.000000,53.240000
1789080777.640288,0,0.000000,0.000000,1.000000,0.070000,0.000000,0.000000,0.000000,0.000000,8.000000,53.250000
1789080777.640711,0,0.000000,0.000000,1.000000,0.100000,0.000000,0.000000,0.000000,0.000000,8.000000,53.250000
1789080777.663486,0,0.000000,0.000000,1.000000,-0.050000,0.000000,0.000000,0.000000,0.000000,8.000000,53.270000
1789080777.664040,0,0.000000,0.000000,1.000000,0.100000,0.000000,0.000000,0.000000,0.000000,8.000000,53.270000
1789080777.685691,0,0.000000,0.000000,1.000000,0.000000,0.000000,0.000000,0.000000,0.000000,8.000000,53.290000
1789080777.686194,0,0.000000,0.000000,1.000000,-0.050000,0.000000,0.000000,0.000000,0.000000,8.000000,53.290000
1789080777.686616,0,0.000000,0.000000,1.000000,0.150000,0.000000,0.000000,0.000000,0.000000,8.000000,53.310000
1789080777.709480,0,0.000000,0.000000,1.000000,-0.210000,0.000000,0.000000,0.000000,0.000000,8.000000,53.310000
1789080777.710042,0,0.000000,0.000000,1.000000,0.000000,0.000000,0.000000,0.000000,0.000000,8.000000,53.330000
1789080777.731982,0,0.000000,0.000000,1.000000,-0.180000,0.000000,0.000000,0.000000,0.000000,8.000000,53.340000
1789080777.732486,0,0.000000,0.000000,1.000000,0.000000,0.000000,0.000000,0.000000,0.000000,8.000000,53.340000
1789080777.754011,0,0.000000,0.000000,1.000000,-0.050000,0.000000,0.000000,0.000000,0.000000,8.000000,53.360000
1789080777.754514,0,0.000000,0.000000,1.000000,0.000000,0.000000,0.000000,0.000000,0.000000,8.000000,53.360000
1789080777.776357,0,0.000000,0.000000,1.000000,0.000000,0.000000,0.000000,0.000000,0.000000,8.000000,53.380000
1789080777.776867,0,0.000000,0.000000,1.000000,0.070000,0.000000,0.000000,0.000000,0.000000,8.000000,53.380000
1789080777.798711,0,0.000000,0.000000,1.000000,0.100000,0.000000,0.000000,0.000000,0.000000,8.000000,53.400000
1789080777.799328,0,0.000000,0.000000,1.000000,-0.270000,0.000000,0.000000,0.000000,0.000000,8.000000,53.400000
1789080777.823113,0,0.000000,0.000000,1.000000,0.100000,0.000000,0.000000,0.000000,0.000000,8.000000,53.410000
1789080777.823617,0,0.000000,0.000000,1.000000,0.070000,0.000000,0.000000,0.000000,0.000000,8.000000,53.430000
1789080777.845618,0,0.000000,0.000000,1.000000,0.000000,0.000000,0.000000,0.000000,0.000000,8.000000,53.430000
1789080777.846108,0,0.000000,0.000000,1.000000,0.280000,0.000000,0.000000,0.000000,0.000000,8.000000,53.450000
1789080777.846632,0,0.000000,0.000000,1.000000,0.200000,0.000000,0.000000,0.000000,0.000000,8.000000,53.450000
1789080777.867361,0,0.000000,0.000000,1.000000,0.010000,0.000000,0.000000,0.000000,0.000000,8.000000,53.470000
1789080777.867859,0,0.000000,0.000000,1.000000,0.070000,0.000000,0.000000,0.000000,0.000000,8.000000,53.470000
1789080777.889193,0,0.000000,0.000000,1.000000,0.070000,0.000000,0.000000,0.000000,0.000000,8.000000,53.490000
1789080777.889691,0,0.000000,0.000000,1.000000,-0.180000,0.000000,0.000000,0.000000,0.000000,8.000000,53.500000
1789080777.910103,0,0.000000,0.000000,1.000000,-0.050000,0.000000,0.000000,0.000000,0.000000,8.000000,53.500000
1789080777.910600,0,0.000000,0.000000,1.000000,0.070000,0.000000,0.000000,0.000000,0.000000,8.000000,53.520000
1789080777.911011,0,0.000000,0.000000,1.000000,0.070000,0.000000,0.000000,0.000000,0.000000,8.000000,53.520000
1789080777.932962,0,0.000000,0.000000,1.000000,-0.090000,0.000000,0.000000,0.000000,0.000000,8.000000,53.540000
1789080777.933470,0,0.000000,0.000000,1.000000,0.150000,0.000000,0.000000,0.000000,0.000000,8.000000,53.540000
1789080777.954711,0,0.000000,0.000000,1.000000,-0.090000,0.000000,0.000000,0.000000,0.000000,8.000000,53.560000
1789080777.955211,0,0.000000,0.000000,1.000000,0.000000,0.000000,0.000000,0.000000,0.000000,8.000000,53.560000
1789080777.955623,0,0.000000,0.000000,1.000000,0.150000,0.000000,0.000000,0.000000,0.000000,8.000000,53.580000
1789080777.977667,0,0.000000,0.000000,1.000000,0.010000,0.000000,0.000000,0.000000,0.000000,8.000000,53.590000
1789080777.978250,0,0.000000,0.000000,1.000000,-0.090000,0.000000,0.000000,0.000000,0.000000,8.000000,53.590000
1789080778.000407,0,0.000000,0.000000,1.000000,0.100000,0.000000,0.000000,0.000000,0.000000,8.000000,53.610000
1789080778.000916,0,0.000000,0.000000,1.000000,0.010000,0.000000,0.000000,0.000000,0.000000,8.000000,53.610000
1789080778.022563,0,0.000000,0.000000,1.000000,0.200000,0.000000,0.000000,0.000000,0.000000,8.000000,53.630000
1789080778.023063,0,0.000000,0.000000,1.000000,0.070000,0.000000,0.000000,0.000000,0.000000,8.000000,53.630000
1789080778.044741,0,0.000000,0.000000,1.000000,-0.090000,0.000000,0.000000,0.000000,0.000000,8.000000,53.650000
1789080778.045243,0,0.000000,0.000000,1.000000,0.150000,0.000000,0.000000,0.000000,0.000000,8.000000,53.650000
1789080778.066665,0,0.000000,0.000000,1.000000,-0.090000,0.000000,0.000000,0.000000,0.000000,8.000000,53.660000
1789080778.067254,0,0.000000,0.000000,1.000000,0.010000,0.000000,0.000000,0.000000,0.000000,8.000000,53.680000
1789080778.067681,0,0.000000,0.000000,1.000000,0.010000,0.000000,0.000000,0.000000,0.000000,8.000000,53.680000
1789080778.089576,0,0.000000,0.000000,1.000000,-0.050000,0.000000,0.000000,0.000000,0.000000,8.000000,53.700000
1789080778.090038,0,0.000000,0.000000,1.000000,-0.050000,0.000000,0.000000,0.000000,0.000000,8.000000,53.700000
1789080778.111096,0,0.000000,0.000000,1.000000,-0.050000,0.000000,0.000000,0.000000,0.000000,8.000000,53.720000
1789080778.111642,0,0.000000,0.000000,1.000000,0.070000,0.000000,0.000000,0.000000,0.000000,8.000000,53.720000
1789080778.131974,0,0.000000,0.000000,1.000000,-0.310000,0.000000,0.000000,0.000000,0.000000,8.000000,53.740000
1789080778.132474,0,0.000000,0.000000,1.000000,0.010000,0.000000,0.000000,0.000000,0.000000,8.000000,53.750000
1789080778.132942,0,0.000000,0.000000,1.000000,0.070000,0.000000,0.000000,0.000000,0.000000,8.000000,53.750000
1789080778.154818,0,0.000000,0.000000,1.000000,-0.050000,0.000000,0.000000,0.000000,0.000000,8.000000,53.770000
1789080778.175808,0,0.000000,0.000000,1.000000,0.000000,0.000000,0.000000,0.000000,0.000000,8.000000,53.770000
1789080778.176279,0,0.000000,0.000000,1.000000,0.070000,0.000000,0.000000,0.000000,0.000000,8.000000,53.790000
1789080778.176668,0,0.000000,0.000000,1.000000,0.000000,0.000000,0.000000,0.000000,0.000000,8.000000,53.790000
1789080778.198956,0,0.000000,0.000000,1.000000,0.070000,0.000000,0.000000,0.000000,0.000000,8.000000,53.810000
1789080778.221280,0,0.000000,0.000000,1.000000,0.000000,0.000000,0.000000,0.000000,0.000000,8.000000,53.810000
1789080778.221788,0,0.000000,0.000000,1.000000,-0.050000,0.000000,0.000000,0.000000,0.000000,8.000000,53.830000
1789080778.222205,0,0.000000,0.000000,1.000000,0.010000,0.000000,0.000000,0.000000,0.000000,8.000000,53.840000
1789080778.244993,0,0.000000,0.000000,1.000000,-0.210000,0.000000,0.000000,0.000000,0.000000,8.000000,53.840000
1789080778.245562,0,0.000000,0.000000,1.000000,0.010000,0.000000,0.000000,0.000000,0.000000,8.000000,53.860000
1789080778.246114,0,0.000000,0.000000,1.000000,-0.140000,0.000000,0.000000,0.000000,0.000000,8.000000,53.860000
1789080778.267299,0,0.000000,0.000000,1.000000,-0.140000,0.000000,0.000000,0.000000,0.000000,8.000000,53.880000
1789080778.267965,0,0.000000,0.000000,1.000000,0.000000,0.000000,0.000000,0.000000,0.000000,8.000000,53.880000
1789080778.289847,0,0.000000,0.000000,1.000000,-0.180000,0.000000,0.000000,0.000000,0.000000,8.000000,53.900000
1789080778.291959,0,0.000000,0.000000,1.000000,-0.180000,0.000000,0.000000,0.000000,0.000000,8.000000,53.900000
1789080778.313915,0,0.000000,0.000000,1.000000,0.000000,0.000000,0.000000,0.000000,0.000000,8.000000,53.910000
1789080778.314465,0,0.000000,0.000000,1.000000,0.070000,0.000000,0.000000,0.000000,0.000000,8.000000,53.930000
1789080778.315290,0,0.000000,0.000000,1.000000,-0.050000,0.000000,0.000000,0.000000,0.000000,8.000000,53.930000
1789080778.337910,0,0.000000,0.000000,1.000000,0.000000,0.000000,0.000000,0.000000,0.000000,8.000000,53.950000
1789080778.338492,0,0.000000,0.000000,1.000000,0.100000,0.000000,0.000000,0.000000,0.000000,8.000000,53.950000
1789080778.359561,0,0.000000,0.000000,1.000000,0.070000,0.000000,0.000000,0.000000,0.000000,8.000000,53.970000
1789080778.360068,0,0.000000,0.000000,1.000000,-0.090000,0.000000,0.000000,0.000000,0.000000,8.000000,53.970000
1789080778.381485,0,0.000000,0.000000,1.000000,-0.050000,0.000000,0.000000,0.000000,0.000000,8.000000,53.990000
1789080778.382089,0,0.000000,0.000000,1.000000,0.100000,0.000000,0.000000,0.000000,0.000000,8.000000,54.000000
1789080778.403236,0,0.000000,0.000000,1.000000,0.230000,0.000000,0.000000,0.000000,0.000000,8.000000,54.000000
1789080778.403791,0,0.000000,0.000000,1.000000,0.150000,0.000000,0.000000,0.000000,0.000000,8.000000,54.020000
1789080778.424650,0,0.000000,0.000000,1.000000,0.000000,0.000000,0.000000,0.000000,0.000000,8.000000,54.020000
1789080778.425146,0,0.000000,0.000000,1.000000,0.010000,0.000000,0.000000,0.000000,0.000000,8.000000,54.040000
1789080778.425665,0,0.000000,0.000000,1.000000,0.010000,0.000000,0.000000,0.000000,0.000000,8.000000,54.040000
1789080778.447071,0,0.000000,0.000000,1.000000,-0.050000,0.000000,0.000000,0.000000,0.000000,8.000000,54.060000
1789080778.447690,0,0.000000,0.000000,1.000000,0.010000,0.000000,0.000000,0.000000,0.000000,8.000000,54.060000
1789080778.469066,0,0.000000,0.000000,1.000000,0.000000,0.000000,0.000000,0.000000,0.000000,8.000000,54.080000
1789080778.469761,0,0.000000,0.000000,1.000000,-0.270000,0.000000,0.000000,0.000000,0.000000,8.000000,54.090000
1789080778.491528,0,0.000000,0.000000,1.000000,0.010000,0.000000,0.000000,0.000000,0.000000,8.000000,54.090000
1789080778.513820,0,0.000000,0.000000,1.000000,0.070000,0.000000,0.000000,0.000000,0.000000,8.000000,54.110000
1789080778.514303,0,0.000000,0.000000,1.000000,0.280000,0.000000,0.000000,0.000000,0.000000,8.000000,54.110000
1789080778.514746,0,0.000000,0.000000,1.000000,0.150000,0.000000,0.000000,0.000000,0.000000,8.000000,54.130000
1789080778.536589,0,0.000000,0.000000,1.000000,0.100000,0.000000,0.000000,0.000000,0.000000,8.000000,54.130000
1789080778.537091,0,0.000000,0.000000,1.000000,-0.050000,0.000000,0.000000,0.000000,0.000000,8.000000,54.150000
1789080778.537786,0,0.000000,0.000000,1.000000,0.100000,0.000000,0.000000,0.000000,0.000000,8.000000,54.150000
1789080778.559835,0,0.000000,0.000000,1.000000,0.010000,0.000000,0.000000,0.000000,0.000000,8.000000,54.160000
1789080778.560328,0,0.000000,0.000000,1.000000,0.010000,0.000000,0.000000,0.000000,0.000000,8.000000,54.180000
1789080778.581776,0,0.000000,0.000000,1.000000,0.100000,0.000000,0.000000,0.000000,0.000000,8.000000,54.180000
1789080778.582279,0,0.000000,0.000000,1.000000,0.070000,0.000000,0.000000,0.000000,0.000000,8.000000,54.200000
1789080778.582846,0,0.000000,0.000000,1.000000,-0.210000,0.000000,0.000000,0.000000,0.000000,8.000000,54.200000
1789080778.604508,0,0.000000,0.000000,1.000000,-0.050000,0.000000,0.000000,0.000000,0.000000,8.000000,54.220000
1789080778.626864,0,0.000000,0.000000,1.000000,0.010000,0.000000,0.000000,0.000000,0.000000,8.000000,54.220000
1789080778.627373,0,0.000000,0.000000,1.000000,0.100000,0.000000,0.000000,0.000000,0.000000,8.000000,54.240000
1789080778.627919,0,0.000000,0.000000,1.000000,0.070000,0.000000,0.000000,0.000000,0.000000,8.000000,54.250000
1789080778.649837,0,0.000000,0.000000,1.000000,0.280000,0.000000,0.000000,0.000000,0.000000,8.000000,54.250000
1789080778.650498,0,0.000000,0.000000,1.000000,0.070000,0.000000,0.000000,0.000000,0.000000,8.000000,54.270000
1789080778.671405,0,0.000000,0.000000,1.000000,0.010000,0.000000,0.000000,0.000000,0.000000,8.000000,54.270000
1789080778.671906,0,0.000000,0.000000,1.000000,0.150000,0.000000,0.000000,0.000000,0.000000,8.000000,54.290000
1789080778.672602,0,0.000000,0.000000,1.000000,-0.050000,0.000000,0.000000,0.000000,0.000000,8.000000,54.290000
1789080778.694634,0,0.000000,0.000000,1.000000,0.010000,0.000000,0.000000,0.000000,0.000000,8.000000,54.310000
1789080778.695332,0,0.000000,0.000000,1.000000,-0.090000,0.000000,0.000000,0.000000,0.000000,8.000000,54.310000
1789080778.716775,0,0.000000,0.000000,1.000000,0.000000,0.000000,0.000000,0.000000,0.000000,8.000000,54.330000
1789080778.717285,0,0.000000,0.000000,1.000000,0.010000,0.000000,0.000000,0.000000,0.000000,8.000000,54.340000
1789080778.737950,0,0.000000,0.000000,1.000000,-0.090000,0.000000,0.000000,0.000000,0.000000,8.000000,54.340000
1789080778.738453,0,0.000000,0.000000,1.000000,-0.140000,0.000000,0.000000,0.000000,0.000000,8.000000,54.360000
1789080778.739156,0,0.000000,0.000000,1.000000,0.200000,0.000000,0.000000,0.000000,0.000000,8.000000,54.360000
1789080778.760290,0,0.000000,0.000000,1.000000,-0.090000,0.000000,0.000000,0.000000,0.000000,8.000000,54.380000
1789080778.782337,0,0.000000,0.000000,1.000000,0.370000,0.000000,0.000000,0.000000,0.000000,8.000000,54.380000
1789080778.782890,0,0.000000,0.000000,1.000000,-0.180000,0.000000,0.000000,0.000000,0.000000,8.000000,54.400000
1789080778.804609,0,0.000000,0.000000,1.000000,0.000000,0.000000,0.000000,0.000000,0.000000,8.000000,54.400000
1789080778.805110,0,0.000000,0.000000,1.000000,0.010000,0.000000,0.000000,0.000000,0.000000,8.000000,54.410000
1789080778.825987,0,0.000000,0.000000,1.000000,0.150000,0.000000,0.000000,0.000000,0.000000,8.000000,54.430000
1789080778.826486,0,0.000000,0.000000,1.000000,0.070000,0.000000,0.000000,0.000000,0.000000,8.000000,54.430000
1789080778.827003,0,0.000000,0.000000,1.000000,0.100000,0.000000,0.000000,0.000000,0.000000,8.000000,54.450000
1789080778.848564,0,0.000000,0.000000,1.000000,0.000000,0.000000,0.000000,0.000000,0.000000,8.000000,54.450000
1789080778.849063,0,0.000000,0.000000,1.000000,0.010000,0.000000,0.000000,0.000000,0.000000,8.000000,54.470000
1789080778.870223,0,0.000000,0.000000,1.000000,0.010000,0.000000,0.000000,0.000000,0.000000,8.000000,54.470000
1789080778.870723,0,0.000000,0.000000,1.000000,0.000000,0.000000,0.000000,0.000000,0.000000,8.000000,54.490000
1789080778.892081,0,0.000000,0.000000,1.000000,0.010000,0.000000,0.000000,0.000000,0.000000,8.000000,54.500000
1789080778.892574,0,0.000000,0.000000,1.000000,0.280000,0.000000,0.000000,0.000000,0.000000,8.000000,54.500000
1789080778.915890,0,0.000000,0.000000,1.000000,0.070000,0.000000,0.000000,0.000000,0.000000,8.000000,54.520000
1789080778.916474,0,0.000000,0.000000,1.000000,0.200000,0.000000,0.000000,0.000000,0.000000,8.000000,54.520000
1789080778.939828,0,0.000000,0.000000,1.000000,0.230000,0.000000,0.000000,0.000000,0.000000,8.000000,54.540000
1789080778.940418,0,0.000000,0.000000,1.000000,0.000000,0.000000,0.000000,0.000000,0.000000,8.000000,54.540000
1789080778.940828,0,0.000000,0.000000,1.000000,0.070000,0.000000,0.000000,0.000000,0.000000,8.000000,54.560000
1789080778.962864,0,0.000000,0.000000,1.000000,0.000000,0.000000,0.000000,0.000000,0.000000,8.000000,54.560000
1789080778.963471,0,0.000000,0.000000,1.000000,-0.210000,0.000000,0.000000,0.000000,0.000000,8.000000,54.580000
1789080778.986526,0,0.000000,0.000000,1.000000,0.100000,0.000000,0.000000,0.000000,0.000000,8.000000,54.590000
1789080778.987034,0,0.000000,0.000000,1.000000,0.100000,0.000000,0.000000,0.000000,0.000000,8.000000,54.590000
1789080779.008675,0,0.000000,0.000000,1.000000,0.200000,0.000000,0.000000,0.000000,0.000000,8.000000,54.610000
1789080779.009176,0,0.000000,0.000000,1.000000,-0.090000,0.000000,0.000000,0.000000,0.000000,8.000000,54.610000
1789080779.009595,0,0.000000,0.000000,1.000000,0.100000,0.000000,0.000000,0.000000,0.000000,8.000000,54.630000
1789080779.031573,0,0.000000,0.000000,1.000000,0.100000,0.000000,0.000000,0.000000,0.000000,8.000000,54.630000
1789080779.032068,0,0.000000,0.000000,1.000000,0.230000,0.000000,0.000000,0.000000,0.000000,8.000000,54.650000
1789080779.055019,0,0.000000,0.000000,1.000000,-0.180000,0.000000,0.000000,0.000000,0.000000,8.000000,54.650000
1789080779.055608,0,0.000000,0.000000,1.000000,0.010000,0.000000,0.000000,0.000000,0.000000,8.000000,54.660000
1789080779.077371,0,0.000000,0.000000,1.000000,0.150000,0.000000,0.000000,0.000000,0.000000,8.000000,54.680000
1789080779.077990,0,0.000000,0.000000,1.000000,0.100000,0.000000,0.000000,0.000000,0.000000,8.000000,54.680000
1789080779.078405,0,0.000000,0.000000,1.000000,-0.050000,0.000000,0.000000,0.000000,0.000000,8.000000,54.700000
1789080779.100263,0,0.000000,0.000000,1.000000,0.000000,0.000000,0.000000,0.000000,0.000000,8.000000,54.700000
1789080779.100883,0,0.000000,0.000000,1.000000,0.010000,0.000000,0.000000,0.000000,0.000000,8.000000,54.720000
1789080779.121904,0,0.000000,0.000000,1.000000,0.010000,0.000000,0.000000,0.000000,0.000000,8.000000,54.720000
1789080779.122403,0,0.000000,0.000000,1.000000,0.200000,0.000000,0.000000,0.000000,0.000000,8.000000,54.740000
1789080779.144394,0,0.000000,0.000000,1.000000,0.000000,0.000000,0.000000,0.000000,0.000000,8.000000,54.750000
1789080779.144890,0,0.000000,0.000000,1.000000,0.000000,0.000000,0.000000,0.000000,0.000000,8.000000,54.750000
1789080779.145466,0,0.000000,0.000000,1.000000,-0.090000,0.000000,0.000000,0.000000,0.000000,8.000000,54.770000
1789080779.166628,0,0.000000,0.000000,1.000000,0.000000,0.000000,0.000000,0.000000,0.000000,8.000000,54.770000
1789080779.167338,0,0.000000,0.000000,1.000000,0.100000,0.000000,0.000000,0.000000,0.000000,8.000000,54.790000
1789080779.188200,0,0.000000,0.000000,1.000000,0.000000,0.000000,0.000000,0.000000,0.000000,8.000000,54.790000
1789080779.188721,0,0.000000,0.000000,1.000000,-0.090000,0.000000,0.000000,0.000000,0.000000,8.000000,54.810000
1789080779.189430,0,0.000000,0.000000,1.000000,0.070000,0.000000,0.000000,0.000000,0.000000,8.000000,54.810000
1789080779.211023,0,0.000000,0.000000,1.000000,0.000000,0.000000,0.000000,0.000000,0.000000,8.000000,54.830000
1789080779.233248,0,0.000000,0.000000,1.000000,0.100000,0.000000,0.000000,0.000000,0.000000,8.000000,54.840000
1789080779.233757,0,0.000000,0.000000,1.000000,-0.050000,0.000000,0.000000,0.000000,0.000000,8.000000,54.840000
1789080779.255471,0,0.000000,0.000000,1.000000,0.150000,0.000000,0.000000,0.000000,0.000000,8.000000,54.860000
1789080779.255970,0,0.000000,0.000000,1.000000,0.000000,0.000000,0.000000,0.000000,0.000000,8.000000,54.860000
1789080779.277628,0,0.000000,0.000000,1.000000,0.200000,0.000000,0.000000,0.000000,0.000000,8.000000,54.880000
1789080779.278142,0,0.000000,0.000000,1.000000,0.100000,0.000000,0.000000,0.000000,0.000000,8.000000,54.880000
1789080779.301478,0,0.000000,0.000000,1.000000,0.000000,0.000000,0.000000,0.000000,0.000000,8.000000,54.900000
1789080779.325024,0,0.000000,0.000000,1.000000,0.100000,0.000000,0.000000,0.000000,0.000000,8.000000,54.900000
1789080779.325593,0,0.000000,0.000000,1.000000,0.100000,0.000000,0.000000,0.000000,0.000000,8.000000,54.910000
1789080779.325968,0,0.000000,0.000000,1.000000,0.010000,0.000000,0.000000,0.000000,0.000000,8.000000,54.930000
1789080779.326313,0,0.000000,0.000000,1.000000,0.000000,0.000000,0.000000,0.000000,0.000000,8.000000,54.930000
1789080779.326863,0,0.000000,0.000000,1.000000,0.010000,0.000000,0.000000,0.000000,0.000000,8.000000,54.950000
1789080779.348520,0,0.000000,0.000000,1.000000,-0.210000,0.000000,0.000000,0.000000,0.000000,8.000000,54.950000
1789080779.369488,0,0.000000,0.000000,1.000000,0.100000,0.000000,0.000000,0.000000,0.000000,8.000000,54.970000
1789080779.369987,0,0.000000,0.000000,1.000000,0.100000,0.000000,0.000000,0.000000,0.000000,8.000000,54.970000
1789080779.370398,0,0.000000,0.000000,1.000000,-0.090000,0.000000,0.000000,0.000000,0.000000,8.000000,54.990000
1789080779.392062,0,0.000000,0.000000,1.000000,-0.140000,0.000000,0.000000,0.000000,0.000000,8.000000,55.000000
1789080779.392783,0,0.000000,0.000000,1.000000,0.000000,0.000000,0.000000,0.000000,0.000000,8.000000,55.000000
1789080779.415121,0,0.000000,0.000000,1.000000,0.100000,0.000000,0.000000,0.000000,0.000000,8.000000,55.020000
1789080779.415681,0,0.000000,0.000000,1.000000,-0.050000,0.000000,0.000000,0.000000,0.000000,8.000000,55.020000
1789080779.416267,0,0.000000,0.000000,1.000000,0.000000,0.000000,0.000000,0.000000,0.000000,8.000000,55.040000
1789080779.438057,0,0.000000,0.000000,1.000000,-0.050000,0.000000,0.000000,0.000000,0.000000,8.000000,55.040000
1789080779.438561,0,0.000000,0.000000,1.000000,0.070000,0.000000,0.000000,0.000000,0.000000,8.000000,55.060000
1789080779.461577,0,0.000000,0.000000,1.000000,0.100000,0.000000,0.000000,0.000000,0.000000,8.000000,55.060000
1789080779.462364,0,0.000000,0.000000,1.000000,-0.050000,0.000000,0.000000,0.000000,0.000000,8.000000,55.080000
1789080779.484200,0,0.000000,0.000000,1.000000,0.010000,0.000000,0.000000,0.000000,0.000000,8.000000,55.090000
1789080779.484705,0,0.000000,0.000000,1.000000,0.070000,0.000000,0.000000,0.000000,0.000000,8.000000,55.090000
1789080779.485350,0,0.000000,0.000000,1.000000,0.100000,0.000000,0.000000,0.000000,0.000000,8.000000,55.110000
1789080779.507514,0,0.000000,0.000000,1.000000,0.070000,0.000000,0.000000,0.000000,0.000000,8.000000,55.110000
1789080779.508022,0,0.000000,0.000000,1.000000,-0.180000,0.000000,0.000000,0.000000,0.000000,8.000000,55.130000
1789080779.529684,0,0.000000,0.000000,1.000000,-0.090000,0.000000,0.000000,0.000000,0.000000,8.000000,55.130000
1789080779.530198,0,0.000000,0.000000,1.000000,-1.220000,0.000000,0.000000,0.000000,0.000000,8.000000,55.150000
1789080779.554674,0,0.000000,0.000000,1.000000,0.100000,0.000000,0.000000,0.000000,0.000000,8.000000,55.150000
1789080779.555181,0,0.000000,0.000000,1.000000,0.010000,0.000000,0.000000,0.000000,0.000000,8.000000,55.160000
1789080779.578521,0,0.000000,0.000000,1.000000,0.200000,0.000000,0.000000,0.000000,0.000000,8.000000,55.180000
1789080779.579027,0,0.000000,0.000000,1.000000,0.280000,0.000000,0.000000,0.000000,0.000000,8.000000,55.180000
1789080779.579448,0,0.000000,0.000000,1.000000,0.000000,0.000000,0.000000,0.000000,0.000000,8.000000,55.200000
1789080779.603486,0,0.000000,0.000000,1.000000,-0.090000,0.000000,0.000000,0.000000,0.000000,8.000000,55.200000
1789080779.603993,0,0.000000,0.000000,1.000000,-0.050000,0.000000,0.000000,0.000000,0.000000,8.000000,55.220000
1789080779.627788,0,0.000000,0.000000,1.000000,-0.050000,0.000000,0.000000,0.000000,0.000000,8.000000,55.220000
1789080779.628294,0,0.000000,0.000000,1.000000,0.230000,0.000000,0.000000,0.000000,0.000000,8.000000,55.240000
1789080779.652512,0,0.000000,0.000000,1.000000,0.010000,0.000000,0.000000,0.000000,0.000000,8.000000,55.250000
1789080779.653017,0,0.000000,0.000000,1.000000,-0.050000,0.000000,0.000000,0.000000,0.000000,8.000000,55.250000
1789080779.653439,0,0.000000,0.000000,1.000000,-0.050000,0.000000,0.000000,0.000000,0.000000,8.000000,55.270000
1789080779.676945,0,0.000000,0.000000,1.000000,-0.050000,0.000000,0.000000,0.000000,0.000000,8.000000,55.270000
1789080779.677456,0,0.000000,0.000000,1.000000,0.000000,0.000000,0.000000,0.000000,0.000000,8.000000,55.290000
1789080779.677840,0,0.000000,0.000000,1.000000,-0.470000,0.000000,0.000000,0.000000,0.000000,8.000000,55.290000
1789080779.702310,0,0.000000,0.000000,1.000000,-0.090000,0.000000,0.000000,0.000000,0.000000,8.000000,55.310000
1789080779.702815,0,0.000000,0.000000,1.000000,0.000000,0.000000,0.000000,0.000000,0.000000,8.000000,55.310000
1789080779.703375,0,0.000000,0.000000,1.000000,-0.180000,0.000000,0.000000,0.000000,0.000000,8.000000,55.330000
1789080779.727547,0,0.000000,0.000000,1.000000,0.010000,0.000000,0.000000,0.000000,0.000000,8.000000,55.340000
1789080779.728159,0,0.000000,0.000000,1.000000,0.150000,0.000000,0.000000,0.000000,0.000000,8.000000,55.340000
1789080779.752771,0,0.000000,0.000000,1.000000,-0.270000,0.000000,0.000000,0.000000,0.000000,8.000000,55.360000
1789080779.753304,0,0.000000,0.000000,1.000000,0.070000,0.000000,0.000000,0.000000,0.000000,8.000000,55.360000
1789080779.776879,0,0.000000,0.000000,1.000000,-0.050000,0.000000,0.000000,0.000000,0.000000,8.000000,55.380000
1789080779.777427,0,0.000000,0.000000,1.000000,0.070000,0.000000,0.000000,0.000000,0.000000,8.000000,55.380000
1789080779.777957,0,0.000000,0.000000,1.000000,0.150000,0.000000,0.000000,0.000000,0.000000,8.000000,55.400000
1789080779.801254,0,0.000000,0.000000,1.000000,0.010000,0.000000,0.000000,0.000000,0.000000,8.000000,55.400000
1789080779.801757,0,0.000000,0.000000,1.000000,-0.050000,0.000000,0.000000,0.000000,0.000000,8.000000,55.410000
1789080779.826284,0,0.000000,0.000000,1.000000,0.000000,0.000000,0.000000,0.000000,0.000000,8.000000,55.430000
1789080779.851062,0,0.000000,0.000000,1.000000,0.200000,0.000000,0.000000,0.000000,0.000000,8.000000,55.430000
1789080779.851757,0,0.000000,0.000000,1.000000,0.230000,0.000000,0.000000,0.000000,0.000000,8.000000,55.450000
1789080779.852319,0,0.000000,0.000000,1.000000,0.010000,0.000000,0.000000,0.000000,0.000000,8.000000,55.450000
1789080779.852809,0,0.000000,0.000000,1.000000,0.070000,0.000000,0.000000,0.000000,0.000000,8.000000,55.470000
1789080779.877891,0,0.000000,0.000000,1.000000,0.070000,0.000000,0.000000,0.000000,0.000000,8.000000,55.470000
1789080779.878392,0,0.000000,0.000000,1.000000,-0.050000,0.000000,0.000000,0.000000,0.000000,8.000000,55.490000
1789080779.878805,0,0.000000,0.000000,1.000000,0.150000,0.000000,0.000000,0.000000,0.000000,8.000000,55.500000
1789080779.903122,0,0.000000,0.000000,1.000000,-0.140000,0.000000,0.000000,0.000000,0.000000,8.000000,55.500000
1789080779.903919,0,0.000000,0.000000,1.000000,0.000000,0.000000,0.000000,0.000000,0.000000,8.000000,55.520000
1789080779.926872,0,0.000000,0.000000,1.000000,0.200000,0.000000,0.000000,0.000000,0.000000,8.000000,55.520000
1789080779.927374,0,0.000000,0.000000,1.000000,0.010000,0.000000,0.000000,0.000000,0.000000,8.000000,55.540000
1789080779.927893,0,0.000000,0.000000,1.000000,0.100000,0.000000,0.000000,0.000000,0.000000,8.000000,55.540000
1789080779.952466,0,0.000000,0.000000,1.000000,0.100000,0.000000,0.000000,0.000000,0.000000,8.000000,55.540000
1789080779.953033,0,0.000000,0.000000,1.000000,0.070000,0.000000,0.000000,0.000000,0.000000,8.000000,55.560000
1789080779.976685,0,0.000000,0.000000,1.000000,-0.050000,0.000000,0.000000,0.000000,0.000000,8.000000,55.560000
1789080779.977185,0,0.000000,0.000000,1.000000,0.100000,0.000000,0.000000,0.000000,0.000000,8.000000,55.580000
1789080779.977600,0,0.000000,0.000000,1.000000,0.100000,0.000000,0.000000,0.000000,0.000000,8.000000,55.590000
1789080780.001045,0,0.000000,0.000000,1.000000,0.000000,0.000000,0.000000,0.000000,0.000000,8.000000,55.590000
1789080780.001557,0,0.000000,0.000000,1.000000,0.150000,0.000000,0.000000,0.000000,0.000000,8.000000,55.610000
1789080780.002135,0,0.000000,0.000000,1.000000,0.280000,0.000000,0.000000,0.000000,0.000000,8.000000,55.610000
1789080780.025888,0,0.000000,0.000000,1.000000,0.200000,0.000000,0.000000,0.000000,0.000000,8.000000,55.630000
1789080780.049698,0,0.000000,0.000000,1.000000,0.070000,0.000000,0.000000,0.000000,0.000000,8.000000,55.630000
1789080780.050203,0,0.000000,0.000000,1.000000,0.150000,0.000000,0.000000,0.000000,0.000000,8.000000,55.650000
1789080780.073484,0,0.000000,0.000000,1.000000,0.100000,0.000000,0.000000,0.000000,0.000000,8.000000,55.660000
1789080780.073985,0,0.000000,0.000000,1.000000,0.200000,0.000000,0.000000,0.000000,0.000000,8.000000,55.680000
1789080780.074502,0,0.000000,0.000000,1.000000,0.100000,0.000000,0.000000,0.000000,0.000000,8.000000,55.680000
1789080780.097015,0,0.000000,0.000000,1.000000,0.200000,0.000000,0.000000,0.000000,0.000000,8.000000,55.700000
1789080780.097499,0,0.000000,0.000000,1.000000,0.280000,0.000000,0.000000,0.000000,0.000000,8.000000,55.700000
1789080780.098031,0,0.000000,0.000000,1.000000,0.280000,0.000000,0.000000,0.000000,0.000000,8.000000,55.720000
1789080780.121934,0,0.000000,0.000000,1.000000,0.100000,0.000000,0.000000,0.000000,0.000000,8.000000,55.720000
1789080780.145470,0,0.000000,0.000000,1.000000,0.010000,0.000000,0.000000,0.000000,0.000000,8.000000,55.740000
1789080780.145968,0,0.000000,0.000000,1.000000,0.100000,0.000000,0.000000,0.000000,0.000000,8.000000,55.750000
1789080780.169363,0,0.000000,0.000000,1.000000,0.010000,0.000000,0.000000,0.000000,0.000000,8.000000,55.750000
1789080780.193831,0,0.000000,0.000000,1.000000,0.200000,0.000000,0.000000,0.000000,0.000000,8.000000,55.770000
1789080780.194335,0,0.000000,0.000000,1.000000,0.150000,0.000000,0.000000,0.000000,0.000000,8.000000,55.790000
1789080780.194758,0,0.000000,0.000000,1.000000,0.230000,0.000000,0.000000,0.000000,0.000000,8.000000,55.790000
1789080780.195153,0,0.000000,0.000000,1.000000,0.100000,0.000000,0.000000,0.000000,0.000000,8.000000,55.810000
1789080780.219283,0,0.000000,0.000000,1.000000,0.200000,0.000000,0.000000,0.000000,0.000000,8.000000,55.810000
1789080780.219895,0,0.000000,0.000000,1.000000,0.330000,0.000000,0.000000,0.000000,0.000000,8.000000,55.830000
1789080780.243328,0,0.000000,0.000000,1.000000,0.230000,0.000000,0.000000,0.000000,0.000000,8.000000,55.840000
1789080780.243827,0,0.000000,0.000000,1.000000,0.100000,0.000000,0.000000,0.000000,0.000000,8.000000,55.840000
1789080780.268656,0,0.000000,0.000000,1.000000,-0.140000,0.000000,0.000000,0.000000,0.000000,8.000000,55.860000
1789080780.269302,0,0.000000,0.000000,1.000000,0.100000,0.000000,0.000000,0.000000,0.000000,8.000000,55.860000
1789080780.269728,0,0.000000,0.000000,1.000000,0.200000,0.000000,0.000000,0.000000,0.000000,8.000000,55.880000
1789080780.293487,0,0.000000,0.000000,1.000000,0.000000,0.000000,0.000000,0.000000,0.000000,8.000000,55.900000
1789080780.294036,0,0.000000,0.000000,1.000000,0.100000,0.000000,0.000000,0.000000,0.000000,8.000000,55.900000
1789080780.295891,0,0.000000,0.000000,1.000000,0.200000,0.000000,0.000000,0.000000,0.000000,8.000000,55.910000
1789080780.319652,0,0.000000,0.000000,1.000000,0.280000,0.000000,0.000000,0.000000,0.000000,8.000000,55.930000
1789080780.320281,0,0.000000,0.000000,1.000000,-0.210000,0.000000,0.000000,0.000000,0.000000,8.000000,55.930000
1789080780.344840,0,0.000000,0.000000,1.000000,0.150000,0.000000,0.000000,0.000000,0.000000,8.000000,55.950000
1789080780.345456,0,0.000000,0.000000,1.000000,0.070000,0.000000,0.000000,0.000000,0.000000,8.000000,55.950000
1789080780.369494,0,0.000000,0.000000,1.000000,-0.050000,0.000000,0.000000,0.000000,0.000000,8.000000,55.970000
1789080780.369997,0,0.000000,0.000000,1.000000,0.070000,0.000000,0.000000,0.000000,0.000000,8.000000,55.970000
1789080780.370412,0,0.000000,0.000000,1.000000,0.000000,0.000000,0.000000,0.000000,0.000000,8.000000,55.990000
1789080780.394993,0,0.000000,0.000000,1.000000,-0.270000,0.000000,0.000000,0.000000,0.000000,8.000000,56.000000
1789080780.395500,0,0.000000,0.000000,1.000000,0.070000,0.000000,0.000000,0.000000,0.000000,8.000000,56.000000
1789080780.419741,0,0.000000,0.000000,1.000000,0.100000,0.000000,0.000000,0.000000,0.000000,8.000000,56.020000
1789080780.420243,0,0.000000,0.000000,1.000000,0.010000,0.000000,0.000000,0.000000,0.000000,8.000000,56.020000
1789080780.443063,0,0.000000,0.000000,1.000000,0.010000,0.000000,0.000000,0.000000,0.000000,8.000000,56.040000
1789080780.443698,0,0.000000,0.000000,1.000000,0.280000,0.000000,0.000000,0.000000,0.000000,8.000000,56.040000
1789080780.444187,0,0.000000,0.000000,1.000000,0.230000,0.000000,0.000000,0.000000,0.000000,8.000000,56.060000
1789080780.444805,0,0.000000,0.000000,1.000000,0.100000,0.000000,0.000000,0.000000,0.000000,8.000000,56.060000
1789080780.468531,0,0.000000,0.000000,1.000000,0.100000,0.000000,0.000000,0.000000,0.000000,8.000000,56.080000
1789080780.469177,0,0.000000,0.000000,1.000000,0.000000,0.000000,0.000000,0.000000,0.000000,8.000000,56.090000
1789080780.494848,0,0.000000,0.000000,1.000000,-0.050000,0.000000,0.000000,0.000000,0.000000,8.000000,56.090000
1789080780.495379,0,0.000000,0.000000,1.000000,0.000000,0.000000,0.000000,0.000000,0.000000,8.000000,56.110000
1789080780.520895,0,0.000000,0.000000,1.000000,0.280000,0.000000,0.000000,0.000000,0.000000,8.000000,56.110000
1789080780.521402,0,0.000000,0.000000,1.000000,0.100000,0.000000,0.000000,0.000000,0.000000,8.000000,56.130000
1789080780.521903,0,0.000000,0.000000,1.000000,0.200000,0.000000,0.000000,0.000000,0.000000,8.000000,56.130000
1789080780.547674,0,0.000000,0.000000,1.000000,-0.050000,0.000000,0.000000,0.000000,0.000000,8.000000,56.150000
1789080780.548182,0,0.000000,0.000000,1.000000,0.000000,0.000000,0.000000,0.000000,0.000000,8.000000,56.150000
1789080780.575555,0,0.000000,0.000000,1.000000,0.010000,0.000000,0.000000,0.000000,0.000000,8.000000,56.160000
1789080780.576056,0,0.000000,0.000000,1.000000,0.370000,0.000000,0.000000,0.000000,0.000000,8.000000,56.180000
1789080780.603406,0,0.000000,0.000000,1.000000,0.150000,0.000000,0.000000,0.000000,0.000000,8.000000,56.180000
1789080780.603922,0,0.000000,0.000000,1.000000,0.230000,0.000000,0.000000,0.000000,0.000000,8.000000,56.200000
1789080780.604335,0,0.000000,0.000000,1.000000,0.230000,0.000000,0.000000,0.000000,0.000000,8.000000,56.200000
1789080780.631306,0,0.000000,0.000000,1.000000,0.150000,0.000000,0.000000,0.000000,0.000000,8.000000,56.220000
1789080780.631855,0,0.000000,0.000000,1.000000,1.240000,0.000000,0.000000,0.000000,0.000000,8.000000,56.220000
1789080780.656861,0,0.000000,0.000000,1.000000,-0.050000,0.000000,0.000000,0.000000,0.000000,8.000000,56.240000
1789080780.657353,0,0.000000,0.000000,1.000000,0.100000,0.000000,0.000000,0.000000,0.000000,8.000000,56.250000
1789080780.657738,0,0.000000,0.000000,1.000000,0.100000,0.000000,0.000000,0.000000,0.000000,8.000000,56.270000
1789080780.681670,0,0.000000,0.000000,1.000000,0.150000,0.000000,0.000000,0.000000,0.000000,8.000000,56.270000
1789080780.682222,0,0.000000,0.000000,1.000000,0.010000,0.000000,0.000000,0.000000,0.000000,8.000000,56.290000
1789080780.682616,0,0.000000,0.000000,1.000000,0.000000,0.000000,0.000000,0.000000,0.000000,8.000000,56.290000
1789080780.705503,0,0.000000,0.000000,1.000000,0.010000,0.000000,0.000000,0.000000,0.000000,8.000000,56.310000
1789080780.706105,0,0.000000,0.000000,1.000000,0.010000,0.000000,0.000000,0.000000,0.000000,8.000000,56.310000
1789080780.706575,0,0.000000,0.000000,1.000000,-0.180000,0.000000,0.000000,0.000000,0.000000,8.000000,56.330000
1789080780.731710,0,0.000000,0.000000,1.000000,0.200000,0.000000,0.000000,0.000000,0.000000,8.000000,56.340000
1789080780.732265,0,0.000000,0.000000,1.000000,0.100000,0.000000,0.000000,0.000000,0.000000,8.000000,56.340000
1789080780.756102,0,0.000000,0.000000,1.000000,0.100000,0.000000,0.000000,0.000000,0.000000,8.000000,56.360000
1789080780.756638,0,0.000000,0.000000,1.000000,0.100000,0.000000,0.000000,0.000000,0.000000,8.000000,56.360000
1789080780.757075,0,0.000000,0.000000,1.000000,0.010000,0.000000,0.000000,0.000000,0.000000,8.000000,56.380000
1789080780.779725,0,0.000000,0.000000,1.000000,0.010000,0.000000,0.000000,0.000000,0.000000,8.000000,56.380000
1789080780.780227,0,0.000000,0.000000,1.000000,0.070000,0.000000,0.000000,0.000000,0.000000,8.000000,56.400000
1789080780.780632,0,0.000000,0.000000,1.000000,-0.050000,0.000000,0.000000,0.000000,0.000000,8.000000,56.400000
1789080780.804152,0,0.000000,0.000000,1.000000,0.850000,0.000000,0.000000,0.000000,0.000000,8.000000,56.410000
1789080780.827312,0,0.000000,0.000000,1.000000,0.150000,0.000000,0.000000,0.000000,0.000000,8.000000,56.430000
1789080780.827914,0,0.000000,0.000000,1.000000,0.150000,0.000000,0.000000,0.000000,0.000000,8.000000,56.430000
1789080780.828442,0,0.000000,0.000000,1.000000,0.100000,0.000000,0.000000,0.000000,0.000000,8.000000,56.450000
1789080780.851879,0,0.000000,0.000000,1.000000,0.500000,0.000000,0.000000,0.000000,0.000000,8.000000,56.450000
1789080780.852392,0,0.000000,0.000000,1.000000,0.010000,0.000000,0.000000,0.000000,0.000000,8.000000,56.470000
1789080780.876991,0,0.000000,0.000000,1.000000,0.070000,0.000000,0.000000,0.000000,0.000000,8.000000,56.470000
1789080780.877561,0,0.000000,0.000000,1.000000,0.010000,0.000000,0.000000,0.000000,0.000000,8.000000,56.490000
1789080780.877963,0,0.000000,0.000000,1.000000,0.100000,0.000000,0.000000,0.000000,0.000000,8.000000,56.500000
1789080780.901200,0,0.000000,0.000000,1.000000,0.070000,0.000000,0.000000,0.000000,0.000000,8.000000,56.500000
1789080780.901730,0,0.000000,0.000000,1.000000,0.100000,0.000000,0.000000,0.000000,0.000000,8.000000,56.520000
1789080780.902500,0,0.000000,0.000000,1.000000,-0.140000,0.000000,0.000000,0.000000,0.000000,8.000000,56.520000
1789080780.925967,0,0.000000,0.000000,1.000000,0.230000,0.000000,0.000000,0.000000,0.000000,8.000000,56.540000
1789080780.926586,0,0.000000,0.000000,1.000000,0.000000,0.000000,0.000000,0.000000,0.000000,8.000000,56.540000
1789080780.949778,0,0.000000,0.000000,1.000000,0.070000,0.000000,0.000000,0.000000,0.000000,8.000000,56.560000
1789080780.950259,0,0.000000,0.000000,1.000000,0.150000,0.000000,0.000000,0.000000,0.000000,8.000000,56.560000
1789080780.975168,0,0.000000,0.000000,1.000000,0.000000,0.000000,0.000000,0.000000,0.000000,8.000000,56.580000
1789080780.975763,0,0.000000,0.000000,1.000000,-0.090000,0.000000,0.000000,0.000000,0.000000,8.000000,56.590000
1789080780.999254,0,0.000000,0.000000,1.000000,0.070000,0.000000,0.000000,0.000000,0.000000,8.000000,56.590000
1789080780.999813,0,0.000000,0.000000,1.000000,0.070000,0.000000,0.000000,0.000000,0.000000,8.000000,56.610000
1789080781.000260,0,0.000000,0.000000,1.000000,0.100000,0.000000,0.000000,0.000000,0.000000,8.000000,56.610000
1789080781.023621,0,0.000000,0.000000,1.000000,-0.140000,0.000000,0.000000,0.000000,0.000000,8.000000,56.630000
1789080781.024134,0,0.000000,0.000000,1.000000,0.100000,0.000000,0.000000,0.000000,0.000000,8.000000,56.630000
1789080781.024531,0,0.000000,0.000000,1.000000,0.070000,0.000000,0.000000,0.000000,0.000000,8.000000,56.650000
1789080781.048382,0,0.000000,0.000000,1.000000,-0.180000,0.000000,0.000000,0.000000,0.000000,8.000000,56.650000
1789080781.049304,0,0.000000,0.000000,1.000000,0.150000,0.000000,0.000000,0.000000,0.000000,8.000000,56.660000
1789080781.073278,0,0.000000,0.000000,1.000000,0.100000,0.000000,0.000000,0.000000,0.000000,8.000000,56.680000
1789080781.074095,0,0.000000,0.000000,1.000000,0.000000,0.000000,0.000000,0.000000,0.000000,8.000000,56.680000
1789080781.098072,0,0.000000,0.000000,1.000000,0.000000,0.000000,0.000000,0.000000,0.000000,8.000000,56.680000
1789080781.098563,0,0.000000,0.000000,1.000000,-0.090000,0.000000,0.000000,0.000000,0.000000,8.000000,56.700000
1789080781.098932,0,0.000000,0.000000,1.000000,0.000000,0.000000,0.000000,0.000000,0.000000,8.000000,56.700000
1789080781.122449,0,0.000000,0.000000,1.000000,0.070000,0.000000,0.000000,0.000000,0.000000,8.000000,56.720000
1789080781.122948,0,0.000000,0.000000,1.000000,0.000000,0.000000,0.000000,0.000000,0.000000,8.000000,56.720000
1789080781.146267,0,0.000000,0.000000,1.000000,-0.180000,0.000000,0.000000,0.000000,0.000000,8.000000,56.740000
1789080781.146767,0,0.000000,0.000000,1.000000,0.010000,0.000000,0.000000,0.000000,0.000000,8.000000,56.750000
1789080781.147184,0,0.000000,0.000000,1.000000,0.070000,0.000000,0.000000,0.000000,0.000000,8.000000,56.750000
1789080781.171083,0,0.000000,0.000000,1.000000,0.100000,0.000000,0.000000,0.000000,0.000000,8.000000,56.770000
1789080781.171640,0,0.000000,0.000000,1.000000,0.070000,0.000000,0.000000,0.000000,0.000000,8.000000,56.770000
1789080781.172980,0,0.000000,0.000000,1.000000,-0.210000,0.000000,0.000000,0.000000,0.000000,8.000000,56.790000
1789080781.196714,0,0.000000,0.000000,1.000000,0.000000,0.000000,0.000000,0.000000,0.000000,8.000000,56.790000
1789080781.197237,0,0.000000,0.000000,1.000000,-0.050000,0.000000,0.000000,0.000000,0.000000,8.000000,56.810000
1789080781.197738,0,0.000000,0.000000,1.000000,-0.050000,0.000000,0.000000,0.000000,0.000000,8.000000,56.810000
1789080781.222151,0,0.000000,0.000000,1.000000,0.010000,0.000000,0.000000,0.000000,0.000000,8.000000,56.830000
1789080781.245012,0,0.000000,0.000000,1.000000,0.000000,0.000000,0.000000,0.000000,0.000000,8.000000,56.840000
1789080781.245559,0,0.000000,0.000000,1.000000,-0.050000,0.000000,0.000000,0.000000,0.000000,8.000000,56.840000
1789080781.246151,0,0.000000,0.000000,1.000000,-0.050000,0.000000,0.000000,0.000000,0.000000,8.000000,56.860000
1789080781.246950,0,0.000000,0.000000,1.000000,-0.140000,0.000000,0.000000,0.000000,0.000000,8.000000,56.860000
1789080781.270198,0,0.000000,0.000000,1.000000,0.010000,0.000000,0.000000,0.000000,0.000000,8.000000,56.880000
1789080781.270817,0,0.000000,0.000000,1.000000,0.070000,0.000000,0.000000,0.000000,0.000000,8.000000,56.880000
1789080781.294241,0,0.000000,0.000000,1.000000,-0.050000,0.000000,0.000000,0.000000,0.000000,8.000000,56.900000
1789080781.318118,0,0.000000,0.000000,1.000000,0.070000,0.000000,0.000000,0.000000,0.000000,8.000000,56.900000
1789080781.318613,0,0.000000,0.000000,1.000000,-0.050000,0.000000,0.000000,0.000000,0.000000,8.000000,56.910000
1789080781.319007,0,0.000000,0.000000,1.000000,0.150000,0.000000,0.000000,0.000000,0.000000,8.000000,56.930000
1789080781.342239,0,0.000000,0.000000,1.000000,0.100000,0.000000,0.000000,0.000000,0.000000,8.000000,56.930000
1789080781.342748,0,0.000000,0.000000,1.000000,0.150000,0.000000,0.000000,0.000000,0.000000,8.000000,56.950000
1789080781.366143,0,0.000000,0.000000,1.000000,0.000000,0.000000,0.000000,0.000000,0.000000,8.000000,56.970000
1789080781.366699,0,0.000000,0.000000,1.000000,0.150000,0.000000,0.000000,0.000000,0.000000,8.000000,56.970000
1789080781.390622,0,0.000000,0.000000,1.000000,0.010000,0.000000,0.000000,0.000000,0.000000,8.000000,56.990000
1789080781.391120,0,0.000000,0.000000,1.000000,0.070000,0.000000,0.000000,0.000000,0.000000,8.000000,57.000000
1789080781.391620,0,0.000000,0.000000,1.000000,0.150000,0.000000,0.000000,0.000000,0.000000,8.000000,57.000000
1789080781.415329,0,0.000000,0.000000,1.000000,0.200000,0.000000,0.000000,0.000000,0.000000,8.000000,57.020000
1789080781.415828,0,0.000000,0.000000,1.000000,-0.140000,0.000000,0.000000,0.000000,0.000000,8.000000,57.020000
1789080781.438783,0,0.000000,0.000000,1.000000,0.010000,0.000000,0.000000,0.000000,0.000000,8.000000,57.040000
1789080781.439258,0,0.000000,0.000000,1.000000,0.070000,0.000000,0.000000,0.000000,0.000000,8.000000,57.040000
1789080781.439665,0,0.000000,0.000000,1.000000,-0.090000,0.000000,0.000000,0.000000,0.000000,8.000000,57.060000
1789080781.463068,0,0.000000,0.000000,1.000000,0.010000,0.000000,0.000000,0.000000,0.000000,8.000000,57.060000
1789080781.463578,0,0.000000,0.000000,1.000000,0.000000,0.000000,0.000000,0.000000,0.000000,8.000000,57.080000
1789080781.464140,0,0.000000,0.000000,1.000000,-0.140000,0.000000,0.000000,0.000000,0.000000,8.000000,57.090000
1789080781.486967,0,0.000000,0.000000,1.000000,-0.140000,0.000000,0.000000,0.000000,0.000000,8.000000,57.090000
1789080781.487477,0,0.000000,0.000000,1.000000,-0.050000,0.000000,0.000000,0.000000,0.000000,8.000000,57.110000
1789080781.510898,0,0.000000,0.000000,1.000000,-0.090000,0.000000,0.000000,0.000000,0.000000,8.000000,57.110000
1789080781.511402,0,0.000000,0.000000,1.000000,-0.050000,0.000000,0.000000,0.000000,0.000000,8.000000,57.130000
1789080781.534992,0,0.000000,0.000000,1.000000,-0.090000,0.000000,0.000000,0.000000,0.000000,8.000000,57.130000
1789080781.535499,0,0.000000,0.000000,1.000000,0.100000,0.000000,0.000000,0.000000,0.000000,8.000000,57.150000
1789080781.559201,0,0.000000,0.000000,1.000000,0.230000,0.000000,0.000000,0.000000,0.000000,8.000000,57.150000
1789080781.559710,0,0.000000,0.000000,1.000000,0.230000,0.000000,0.000000,0.000000,0.000000,8.000000,57.160000
1789080781.560133,0,0.000000,0.000000,1.000000,-0.090000,0.000000,0.000000,0.000000,0.000000,8.000000,57.180000
1789080781.583089,0,0.000000,0.000000,1.000000,0.010000,0.000000,0.000000,0.000000,0.000000,8.000000,57.180000
1789080781.583679,0,0.000000,0.000000,1.000000,-0.210000,0.000000,0.000000,0.000000,0.000000,8.000000,57.200000
1789080781.584322,0,0.000000,0.000000,1.000000,0.280000,0.000000,0.000000,0.000000,0.000000,8.000000,57.200000
1789080781.607137,0,0.000000,0.000000,1.000000,0.150000,0.000000,0.000000,0.000000,0.000000,8.000000,57.220000
1789080781.607642,0,0.000000,0.000000,1.000000,0.070000,0.000000,0.000000,0.000000,0.000000,8.000000,57.220000
1789080781.631134,0,0.000000,0.000000,1.000000,0.230000,0.000000,0.000000,0.000000,0.000000,8.000000,57.240000
1789080781.631622,0,0.000000,0.000000,1.000000,0.230000,0.000000,0.000000,0.000000,0.000000,8.000000,57.250000
1789080781.654709,0,0.000000,0.000000,1.000000,0.000000,0.000000,0.000000,0.000000,0.000000,8.000000,57.250000
1789080781.655208,0,0.000000,0.000000,1.000000,0.070000,0.000000,0.000000,0.000000,0.000000,8.000000,57.270000
1789080781.679344,0,0.000000,0.000000,1.000000,0.010000,0.000000,0.000000,0.000000,0.000000,8.000000,57.270000
1789080781.679842,0,0.000000,0.000000,1.000000,0.000000,0.000000,0.000000,0.000000,0.000000,8.000000,57.290000
1789080781.680259,0,0.000000,0.000000,1.000000,-0.140000,0.000000,0.000000,0.000000,0.000000,8.000000,57.290000
1789080781.704827,0,0.000000,0.000000,1.000000,0.150000,0.000000,0.000000,0.000000,0.000000,8.000000,57.310000
1789080781.705639,0,0.000000,0.000000,1.000000,0.070000,0.000000,0.000000,0.000000,0.000000,8.000000,57.310000
1789080781.728411,0,0.000000,0.000000,1.000000,0.330000,0.000000,0.000000,0.000000,0.000000,8.000000,57.330000
1789080781.728939,0,0.000000,0.000000,1.000000,0.330000,0.000000,0.000000,0.000000,0.000000,8.000000,57.340000
1789080781.729349,0,0.000000,0.000000,1.000000,-0.050000,0.000000,0.000000,0.000000,0.000000,8.000000,57.340000
1789080781.753688,0,0.000000,0.000000,1.000000,0.100000,0.000000,0.000000,0.000000,0.000000,8.000000,57.360000
1789080781.754186,0,0.000000,0.000000,1.000000,0.150000,0.000000,0.000000,0.000000,0.000000,8.000000,57.360000
1789080781.777603,0,0.000000,0.000000,1.000000,0.010000,0.000000,0.000000,0.000000,0.000000,8.000000,57.380000
1789080781.778241,0,0.000000,0.000000,1.000000,0.200000,0.000000,0.000000,0.000000,0.000000,8.000000,57.380000
1789080781.779042,0,0.000000,0.000000,1.000000,-0.140000,0.000000,0.000000,0.000000,0.000000,8.000000,57.400000
1789080781.802996,0,0.000000,0.000000,1.000000,0.000000,0.000000,0.000000,0.000000,0.000000,8.000000,57.400000
1789080781.803725,0,0.000000,0.000000,1.000000,0.010000,0.000000,0.000000,0.000000,0.000000,8.000000,57.410000
1789080781.827569,0,0.000000,0.000000,1.000000,0.010000,0.000000,0.000000,0.000000,0.000000,8.000000,57.430000
1789080781.828075,0,0.000000,0.000000,1.000000,0.200000,0.000000,0.000000,0.000000,0.000000,8.000000,57.430000
1789080781.852366,0,0.000000,0.000000,1.000000,0.200000,0.000000,0.000000,0.000000,0.000000,8.000000,57.450000
1789080781.852876,0,0.000000,0.000000,1.000000,0.150000,0.000000,0.000000,0.000000,0.000000,8.000000,57.450000
1789080781.853301,0,0.000000,0.000000,1.000000,0.010000,0.000000,0.000000,0.000000,0.000000,8.000000,57.470000
1789080781.876296,0,0.000000,0.000000,1.000000,0.000000,0.000000,0.000000,0.000000,0.000000,8.000000,57.470000
1789080781.876791,0,0.000000,0.000000,1.000000,0.010000,0.000000,0.000000,0.000000,0.000000,8.000000,57.490000
1789080781.877311,0,0.000000,0.000000,1.000000,-0.820000,0.000000,0.000000,0.000000,0.000000,8.000000,57.500000
1789080781.900811,0,0.000000,0.000000,1.000000,0.070000,0.000000,0.000000,0.000000,0.000000,8.000000,57.500000
1789080781.924467,0,0.000000,0.000000,1.000000,0.100000,0.000000,0.000000,0.000000,0.000000,8.000000,57.520000
1789080781.924972,0,0.000000,0.000000,1.000000,0.330000,0.000000,0.000000,0.000000,0.000000,8.000000,57.520000
1789080781.925503,0,0.000000,0.000000,1.000000,0.280000,0.000000,0.000000,0.000000,0.000000,8.000000,57.540000
1789080781.949694,0,0.000000,0.000000,1.000000,0.200000,0.000000,0.000000,0.000000,0.000000,8.000000,57.540000
1789080781.950204,0,0.000000,0.000000,1.000000,0.010000,0.000000,0.000000,0.000000,0.000000,8.000000,57.560000
1789080781.973362,0,0.000000,0.000000,1.000000,0.000000,0.000000,0.000000,0.000000,0.000000,8.000000,57.560000
1789080781.973868,0,0.000000,0.000000,1.000000,-0.050000,0.000000,0.000000,0.000000,0.000000,8.000000,57.580000
1789080781.974265,0,0.000000,0.000000,1.000000,0.010000,0.000000,0.000000,0.000000,0.000000,8.000000,57.590000
1789080781.997500,0,0.000000,0.000000,1.000000,-0.090000,0.000000,0.000000,0.000000,0.000000,8.000000,57.590000
1789080781.998003,0,0.000000,0.000000,1.000000,0.000000,0.000000,0.000000,0.000000,0.000000,8.000000,57.610000
1789080782.021205,0,0.000000,0.000000,1.000000,0.010000,0.000000,0.000000,0.000000,0.000000,8.000000,57.610000
1789080782.021719,0,0.000000,0.000000,1.000000,0.200000,0.000000,0.000000,0.000000,0.000000,8.000000,57.630000
1789080782.022138,0,0.000000,0.000000,1.000000,0.070000,0.000000,0.000000,0.000000,0.000000,8.000000,57.650000
1789080782.046119,0,0.000000,0.000000,1.000000,0.010000,0.000000,0.000000,0.000000,0.000000,8.000000,57.650000
1789080782.046699,0,0.000000,0.000000,1.000000,-0.140000,0.000000,0.000000,0.000000,0.000000,8.000000,57.650000
1789080782.070169,0,0.000000,0.000000,1.000000,0.000000,0.000000,0.000000,0.000000,0.000000,8.000000,57.660000
1789080782.070704,0,0.000000,0.000000,1.000000,-1.250000,0.000000,0.000000,0.000000,0.000000,8.000000,57.680000
1789080782.071563,0,0.000000,0.000000,1.000000,0.070000,0.000000,0.000000,0.000000,0.000000,8.000000,57.680000
1789080782.096217,0,0.000000,0.000000,1.000000,0.000000,0.000000,0.000000,0.000000,0.000000,8.000000,57.700000
1789080782.096817,0,0.000000,0.000000,1.000000,0.000000,0.000000,0.000000,0.000000,0.000000,8.000000,57.700000
1789080782.120043,0,0.000000,0.000000,1.000000,0.150000,0.000000,0.000000,0.000000,0.000000,8.000000,57.720000
1789080782.120551,0,0.000000,0.000000,1.000000,0.070000,0.000000,0.000000,0.000000,0.000000,8.000000,57.720000
1789080782.143956,0,0.000000,0.000000,1.000000,0.100000,0.000000,0.000000,0.000000,0.000000,8.000000,57.740000
1789080782.144463,0,0.000000,0.000000,1.000000,0.070000,0.000000,0.000000,0.000000,0.000000,8.000000,57.750000
1789080782.167726,0,0.000000,0.000000,1.000000,0.330000,0.000000,0.000000,0.000000,0.000000,8.000000,57.750000
1789080782.168229,0,0.000000,0.000000,1.000000,0.280000,0.000000,0.000000,0.000000,0.000000,8.000000,57.770000
1789080782.168777,0,0.000000,0.000000,1.000000,0.230000,0.000000,0.000000,0.000000,0.000000,8.000000,57.790000
1789080782.191593,0,0.000000,0.000000,1.000000,0.200000,0.000000,0.000000,0.000000,0.000000,8.000000,57.790000
1789080782.192095,0,0.000000,0.000000,1.000000,0.230000,0.000000,0.000000,0.000000,0.000000,8.000000,57.810000
1789080782.215503,0,0.000000,0.000000,1.000000,0.070000,0.000000,0.000000,0.000000,0.000000,8.000000,57.810000
1789080782.216005,0,0.000000,0.000000,1.000000,0.150000,0.000000,0.000000,0.000000,0.000000,8.000000,57.830000
1789080782.238689,0,0.000000,0.000000,1.000000,0.070000,0.000000,0.000000,0.000000,0.000000,8.000000,57.840000
1789080782.239188,0,0.000000,0.000000,1.000000,-0.050000,0.000000,0.000000,0.000000,0.000000,8.000000,57.840000
1789080782.239602,0,0.000000,0.000000,1.000000,0.010000,0.000000,0.000000,0.000000,0.000000,8.000000,57.860000
1789080782.262776,0,0.000000,0.000000,1.000000,0.150000,0.000000,0.000000,0.000000,0.000000,8.000000,57.860000
1789080782.286689,0,0.000000,0.000000,1.000000,0.200000,0.000000,0.000000,0.000000,0.000000,8.000000,57.880000
1789080782.287188,0,0.000000,0.000000,1.000000,0.010000,0.000000,0.000000,0.000000,0.000000,8.000000,57.880000
1789080782.310745,0,0.000000,0.000000,1.000000,-0.090000,0.000000,0.000000,0.000000,0.000000,8.000000,57.900000
1789080782.311430,0,0.000000,0.000000,1.000000,0.100000,0.000000,0.000000,0.000000,0.000000,8.000000,57.900000
1789080782.312015,0,0.000000,0.000000,1.000000,0.150000,0.000000,0.000000,0.000000,0.000000,8.000000,57.910000
1789080782.336745,0,0.000000,0.000000,1.000000,0.370000,0.000000,0.000000,0.000000,0.000000,8.000000,57.930000
1789080782.337255,0,0.000000,0.000000,1.000000,0.150000,0.000000,0.000000,0.000000,0.000000,8.000000,57.930000
1789080782.337741,0,0.000000,0.000000,1.000000,0.150000,0.000000,0.000000,0.000000,0.000000,8.000000,57.950000
1789080782.362067,0,0.000000,0.000000,1.000000,0.200000,0.000000,0.000000,0.000000,0.000000,8.000000,57.970000
1789080782.362586,0,0.000000,0.000000,1.000000,-0.050000,0.000000,0.000000,0.000000,0.000000,8.000000,57.970000
1789080782.385982,0,0.000000,0.000000,1.000000,0.200000,0.000000,0.000000,0.000000,0.000000,8.000000,57.990000
1789080782.386488,0,0.000000,0.000000,1.000000,0.200000,0.000000,0.000000,0.000000,0.000000,8.000000,58.000000
1789080782.410689,0,0.000000,0.000000,1.000000,-0.210000,0.000000,0.000000,0.000000,0.000000,8.000000,58.000000
1789080782.411179,0,0.000000,0.000000,1.000000,-0.050000,0.000000,0.000000,0.000000,0.000000,8.000000,58.020000
1789080782.434514,0,0.000000,0.000000,1.000000,0.150000,0.000000,0.000000,0.000000,0.000000,8.000000,58.020000
1789080782.435021,0,0.000000,0.000000,1.000000,0.070000,0.000000,0.000000,0.000000,0.000000,8.000000,58.040000
1789080782.435419,0,0.000000,0.000000,1.000000,0.200000,0.000000,0.000000,0.000000,0.000000,8.000000,58.040000
1789080782.459160,0,0.000000,0.000000,1.000000,-0.210000,0.000000,0.000000,0.000000,0.000000,8.000000,58.060000
1789080782.459667,0,0.000000,0.000000,1.000000,0.000000,0.000000,0.000000,0.000000,0.000000,8.000000,58.060000
1789080782.482591,0,0.000000,0.000000,1.000000,0.100000,0.000000,0.000000,0.000000,0.000000,8.000000,58.080000
1789080782.483101,0,0.000000,0.000000,1.000000,0.150000,0.000000,0.000000,0.000000,0.000000,8.000000,58.090000
1789080782.483868,0,0.000000,0.000000,1.000000,-0.140000,0.000000,0.000000,0.000000,0.000000,8.000000,58.090000
1789080782.508284,0,0.000000,0.000000,1.000000,0.330000,0.000000,0.000000,0.000000,0.000000,8.000000,58.110000
1789080782.508979,0,0.000000,0.000000,1.000000,0.100000,0.000000,0.000000,0.000000,0.000000,8.000000,58.110000
1789080782.532505,0,0.000000,0.000000,1.000000,0.330000,0.000000,0.000000,0.000000,0.000000,8.000000,58.130000
1789080782.533009,0,0.000000,0.000000,1.000000,0.000000,0.000000,0.000000,0.000000,0.000000,8.000000,58.130000
1789080782.557120,0,0.000000,0.000000,1.000000,0.280000,0.000000,0.000000,0.000000,0.000000,8.000000,58.150000
1789080782.557626,0,0.000000,0.000000,1.000000,-0.140000,0.000000,0.000000,0.000000,0.000000,8.000000,58.150000
1789080782.581885,0,0.000000,0.000000,1.000000,0.230000,0.000000,0.000000,0.000000,0.000000,8.000000,58.160000
1789080782.582425,0,0.000000,0.000000,1.000000,0.010000,0.000000,0.000000,0.000000,0.000000,8.000000,58.180000
1789080782.582789,0,0.000000,0.000000,1.000000,0.150000,0.000000,0.000000,0.000000,0.000000,8.000000,58.200000
1789080782.606223,0,0.000000,0.000000,1.000000,-0.050000,0.000000,0.000000,0.000000,0.000000,8.000000,58.200000
1789080782.606735,0,0.000000,0.000000,1.000000,0.010000,0.000000,0.000000,0.000000,0.000000,8.000000,58.200000
1789080782.607158,0,0.000000,0.000000,1.000000,0.070000,0.000000,0.000000,0.000000,0.000000,8.000000,58.220000
1789080782.630786,0,0.000000,0.000000,1.000000,-0.050000,0.000000,0.000000,0.000000,0.000000,8.000000,58.240000
1789080782.631278,0,0.000000,0.000000,1.000000,0.230000,0.000000,0.000000,0.000000,0.000000,8.000000,58.240000
1789080782.654358,0,0.000000,0.000000,1.000000,0.230000,0.000000,0.000000,0.000000,0.000000,8.000000,58.250000
1789080782.654866,0,0.000000,0.000000,1.000000,0.200000,0.000000,0.000000,0.000000,0.000000,8.000000,58.270000
1789080782.678848,0,0.000000,0.000000,1.000000,0.000000,0.000000,0.000000,0.000000,0.000000,8.000000,58.270000
1789080782.679349,0,0.000000,0.000000,1.000000,0.100000,0.000000,0.000000,0.000000,0.000000,8.000000,58.290000
1789080782.680060,0,0.000000,0.000000,1.000000,0.100000,0.000000,0.000000,0.000000,0.000000,8.000000,58.290000
1789080782.703788,0,0.000000,0.000000,1.000000,0.750000,0.000000,0.000000,0.000000,0.000000,8.000000,58.310000
1789080782.704289,0,0.000000,0.000000,1.000000,-0.050000,0.000000,0.000000,0.000000,0.000000,8.000000,58.310000
1789080782.727314,0,0.000000,0.000000,1.000000,-0.310000,0.000000,0.000000,0.000000,0.000000,8.000000,58.330000
1789080782.727811,0,0.000000,0.000000,1.000000,0.070000,0.000000,0.000000,0.000000,0.000000,8.000000,58.340000
1789080782.751749,0,0.000000,0.000000,1.000000,0.100000,0.000000,0.000000,0.000000,0.000000,8.000000,58.340000
1789080782.752373,0,0.000000,0.000000,1.000000,0.330000,0.000000,0.000000,0.000000,0.000000,8.000000,58.360000
1789080782.752856,0,0.000000,0.000000,1.000000,0.010000,0.000000,0.000000,0.000000,0.000000,8.000000,58.360000
1789080782.776859,0,0.000000,0.000000,1.000000,0.070000,0.000000,0.000000,0.000000,0.000000,8.000000,58.380000
1789080782.777402,0,0.000000,0.000000,1.000000,0.200000,0.000000,0.000000,0.000000,0.000000,8.000000,58.380000
1789080782.801130,0,0.000000,0.000000,1.000000,-0.090000,0.000000,0.000000,0.000000,0.000000,8.000000,58.400000
1789080782.801630,0,0.000000,0.000000,1.000000,0.000000,0.000000,0.000000,0.000000,0.000000,8.000000,58.400000
1789080782.802022,0,0.000000,0.000000,1.000000,0.100000,0.000000,0.000000,0.000000,0.000000,8.000000,58.410000
1789080782.825677,0,0.000000,0.000000,1.000000,-0.050000,0.000000,0.000000,0.000000,0.000000,8.000000,58.430000
1789080782.826179,0,0.000000,0.000000,1.000000,0.150000,0.000000,0.000000,0.000000,0.000000,8.000000,58.430000
1789080782.849135,0,0.000000,0.000000,1.000000,0.100000,0.000000,0.000000,0.000000,0.000000,8.000000,58.450000
1789080782.849638,0,0.000000,0.000000,1.000000,-0.180000,0.000000,0.000000,0.000000,0.000000,8.000000,58.450000
1789080782.850055,0,0.000000,0.000000,1.000000,-0.140000,0.000000,0.000000,0.000000,0.000000,8.000000,58.470000
1789080782.873628,0,0.000000,0.000000,1.000000,0.200000,0.000000,0.000000,0.000000,0.000000,8.000000,58.470000
1789080782.874167,0,0.000000,0.000000,1.000000,0.000000,0.000000,0.000000,0.000000,0.000000,8.000000,58.490000
1789080782.874911,0,0.000000,0.000000,1.000000,-0.090000,0.000000,0.000000,0.000000,0.000000,8.000000,58.500000
1789080782.898732,0,0.000000,0.000000,1.000000,0.070000,0.000000,0.000000,0.000000,0.000000,8.000000,58.500000
1789080782.899316,0,0.000000,0.000000,1.000000,0.070000,0.000000,0.000000,0.000000,0.000000,8.000000,58.520000
1789080782.922253,0,0.000000,0.000000,1.000000,0.000000,0.000000,0.000000,0.000000,0.000000,8.000000,58.520000
1789080782.922755,0,0.000000,0.000000,1.000000,0.070000,0.000000,0.000000,0.000000,0.000000,8.000000,58.520000
1789080782.923156,0,0.000000,0.000000,1.000000,-0.140000,0.000000,0.000000,0.000000,0.000000,8.000000,58.540000
1789080782.946149,0,0.000000,0.000000,1.000000,-0.090000,0.000000,0.000000,0.000000,0.000000,8.000000,58.540000
1789080782.946653,0,0.000000,0.000000,1.000000,0.100000,0.000000,0.000000,0.000000,0.000000,8.000000,58.560000
1789080782.970348,0,0.000000,0.000000,1.000000,-0.520000,0.000000,0.000000,0.000000,0.000000,8.000000,58.560000
1789080782.970854,0,0.000000,0.000000,1.000000,0.010000,0.000000,0.000000,0.000000,0.000000,8.000000,58.580000
1789080782.994784,0,0.000000,0.000000,1.000000,0.000000,0.000000,0.000000,0.000000,0.000000,8.000000,58.590000
1789080782.995389,0,0.000000,0.000000,1.000000,0.230000,0.000000,0.000000,0.000000,0.000000,8.000000,58.590000
1789080782.995800,0,0.000000,0.000000,1.000000,0.000000,0.000000,0.000000,0.000000,0.000000,8.000000,58.610000
1789080783.018134,0,0.000000,0.000000,1.000000,0.000000,0.000000,0.000000,0.000000,0.000000,8.000000,58.610000
1789080783.018639,0,0.000000,0.000000,1.000000,-0.180000,0.000000,0.000000,0.000000,0.000000,8.000000,58.630000
1789080783.019063,0,0.000000,0.000000,1.000000,-0.140000,0.000000,0.000000,0.000000,0.000000,8.000000,58.630000
1789080783.041419,0,0.000000,0.000000,1.000000,-0.050000,0.000000,0.000000,0.000000,0.000000,8.000000,58.650000
1789080783.041930,0,0.000000,0.000000,1.000000,0.280000,0.000000,0.000000,0.000000,0.000000,8.000000,58.650000
1789080783.042343,0,0.000000,0.000000,1.000000,-0.050000,0.000000,0.000000,0.000000,0.000000,8.000000,58.660000
1789080783.064754,0,0.000000,0.000000,1.000000,0.100000,0.000000,0.000000,0.000000,0.000000,8.000000,58.680000
1789080783.086905,0,0.000000,0.000000,1.000000,-0.430000,0.000000,0.000000,0.000000,0.000000,8.000000,58.680000
1789080783.087408,0,0.000000,0.000000,1.000000,0.010000,0.000000,0.000000,0.000000,0.000000,8.000000,58.700000
1789080783.109021,0,0.000000,0.000000,1.000000,0.370000,0.000000,0.000000,0.000000,0.000000,8.000000,58.700000
1789080783.109512,0,0.000000,0.000000,1.000000,0.000000,0.000000,0.000000,0.000000,0.000000,8.000000,58.720000
1789080783.132576,0,0.000000,0.000000,1.000000,-0.270000,0.000000,0.000000,0.000000,0.000000,8.000000,58.720000
1789080783.133078,0,0.000000,0.000000,1.000000,0.100000,0.000000,0.000000,0.000000,0.000000,8.000000,58.740000
1789080783.155410,0,0.000000,0.000000,1.000000,0.100000,0.000000,0.000000,0.000000,0.000000,8.000000,58.750000
1789080783.155912,0,0.000000,0.000000,1.000000,0.330000,0.000000,0.000000,0.000000,0.000000,8.000000,58.770000
1789080783.178695,0,0.000000,0.000000,1.000000,0.460000,0.000000,0.000000,0.000000,0.000000,8.000000,58.770000
1789080783.179199,0,0.000000,0.000000,1.000000,0.100000,0.000000,0.000000,0.000000,0.000000,8.000000,58.790000
1789080783.201530,0,0.000000,0.000000,1.000000,0.280000,0.000000,0.000000,0.000000,0.000000,8.000000,58.790000
1789080783.202034,0,0.000000,0.000000,1.000000,0.070000,0.000000,0.000000,0.000000,0.000000,8.000000,58.810000
1789080783.202452,0,0.000000,0.000000,1.000000,0.200000,0.000000,0.000000,0.000000,0.000000,8.000000,58.810000
1789080783.224582,0,0.000000,0.000000,1.000000,-0.140000,0.000000,0.000000,0.000000,0.000000,8.000000,58.830000
1789080783.225310,0,0.000000,0.000000,1.000000,0.010000,0.000000,0.000000,0.000000,0.000000,8.000000,58.840000
1789080783.247642,0,0.000000,0.000000,1.000000,0.070000,0.000000,0.000000,0.000000,0.000000,8.000000,58.840000
1789080783.248169,0,0.000000,0.000000,1.000000,0.200000,0.000000,0.000000,0.000000,0.000000,8.000000,58.860000
1789080783.248842,0,0.000000,0.000000,1.000000,0.010000,0.000000,0.000000,0.000000,0.000000,8.000000,58.860000
1789080783.272286,0,0.000000,0.000000,1.000000,-0.090000,0.000000,0.000000,0.000000,0.000000,8.000000,58.880000
1789080783.272933,0,0.000000,0.000000,1.000000,0.100000,0.000000,0.000000,0.000000,0.000000,8.000000,58.880000
1789080783.295575,0,0.000000,0.000000,1.000000,0.200000,0.000000,0.000000,0.000000,0.000000,8.000000,58.900000
1789080783.296138,0,0.000000,0.000000,1.000000,0.100000,0.000000,0.000000,0.000000,0.000000,8.000000,58.900000
1789080783.296548,0,0.000000,0.000000,1.000000,0.010000,0.000000,0.000000,0.000000,0.000000,8.000000,58.910000
1789080783.320019,0,0.000000,0.000000,1.000000,-0.140000,0.000000,0.000000,0.000000,0.000000,8.000000,58.930000
1789080783.320521,0,0.000000,0.000000,1.000000,0.150000,0.000000,0.000000,0.000000,0.000000,8.000000,58.930000
1789080783.343360,0,0.000000,0.000000,1.000000,-0.210000,0.000000,0.000000,0.000000,0.000000,8.000000,58.950000
1789080783.343860,0,0.000000,0.000000,1.000000,0.150000,0.000000,0.000000,0.000000,0.000000,8.000000,58.950000
1789080783.367181,0,0.000000,0.000000,1.000000,0.100000,0.000000,0.000000,0.000000,0.000000,8.000000,58.970000
1789080783.367695,0,0.000000,0.000000,1.000000,-0.050000,0.000000,0.000000,0.000000,0.000000,8.000000,58.970000
1789080783.390902,0,0.000000,0.000000,1.000000,0.070000,0.000000,0.000000,0.000000,0.000000,8.000000,58.990000
1789080783.391578,0,0.000000,0.000000,1.000000,0.100000,0.000000,0.000000,0.000000,0.000000,8.000000,59.000000
1789080783.392175,0,0.000000,0.000000,1.000000,-0.180000,0.000000,0.000000,0.000000,0.000000,8.000000,59.000000
1789080783.414575,0,0.000000,0.000000,1.000000,0.000000,0.000000,0.000000,0.000000,0.000000,8.000000,59.020000
1789080783.415074,0,0.000000,0.000000,1.000000,0.010000,0.000000,0.000000,0.000000,0.000000,8.000000,59.020000
1789080783.415472,0,0.000000,0.000000,1.000000,0.100000,0.000000,0.000000,0.000000,0.000000,8.000000,59.040000
1789080783.437800,0,0.000000,0.000000,1.000000,-0.050000,0.000000,0.000000,0.000000,0.000000,8.000000,59.040000
1789080783.438302,0,0.000000,0.000000,1.000000,0.070000,0.000000,0.000000,0.000000,0.000000,8.000000,59.060000
1789080783.460552,0,0.000000,0.000000,1.000000,0.010000,0.000000,0.000000,0.000000,0.000000,8.000000,59.060000
1789080783.461051,0,0.000000,0.000000,1.000000,-0.340000,0.000000,0.000000,0.000000,0.000000,8.000000,59.080000
1789080783.461467,0,0.000000,0.000000,1.000000,0.070000,0.000000,0.000000,0.000000,0.000000,8.000000,59.090000
1789080783.484571,0,0.000000,0.000000,1.000000,-0.090000,0.000000,0.000000,0.000000,0.000000,8.000000,59.090000
1789080783.485071,0,0.000000,0.000000,1.000000,-0.180000,0.000000,0.000000,0.000000,0.000000,8.000000,59.090000
1789080783.508384,0,0.000000,0.000000,1.000000,0.070000,0.000000,0.000000,0.000000,0.000000,8.000000,59.110000
1789080783.508961,0,0.000000,0.000000,1.000000,-0.050000,0.000000,0.000000,0.000000,0.000000,8.000000,59.110000
1789080783.532677,0,0.000000,0.000000,1.000000,0.100000,0.000000,0.000000,0.000000,0.000000,8.000000,59.130000
1789080783.533186,0,0.000000,0.000000,1.000000,0.010000,0.000000,0.000000,0.000000,0.000000,8.000000,59.130000
1789080783.556456,0,0.000000,0.000000,1.000000,0.200000,0.000000,0.000000,0.000000,0.000000,8.000000,59.150000
1789080783.557016,0,0.000000,0.000000,1.000000,-0.050000,0.000000,0.000000,0.000000,0.000000,8.000000,59.150000
1789080783.557471,0,0.000000,0.000000,1.000000,0.000000,0.000000,0.000000,0.000000,0.000000,8.000000,59.160000
1789080783.580226,0,0.000000,0.000000,1.000000,0.000000,0.000000,0.000000,0.000000,0.000000,8.000000,59.180000
1789080783.580733,0,0.000000,0.000000,1.000000,-0.090000,0.000000,0.000000,0.000000,0.000000,8.000000,59.180000
1789080783.581208,0,0.000000,0.000000,1.000000,0.070000,0.000000,0.000000,0.000000,0.000000,8.000000,59.200000
1789080783.603050,0,0.000000,0.000000,1.000000,0.100000,0.000000,0.000000,0.000000,0.000000,8.000000,59.200000
1789080783.603557,0,0.000000,0.000000,1.000000,0.200000,0.000000,0.000000,0.000000,0.000000,8.000000,59.220000
1789080783.626093,0,0.000000,0.000000,1.000000,0.200000,0.000000,0.000000,0.000000,0.000000,8.000000,59.220000
1789080783.626589,0,0.000000,0.000000,1.000000,0.100000,0.000000,0.000000,0.000000,0.000000,8.000000,59.240000
1789080783.649865,0,0.000000,0.000000,1.000000,0.100000,0.000000,0.000000,0.000000,0.000000,8.000000,59.250000
1789080783.650423,0,0.000000,0.000000,1.000000,-0.180000,0.000000,0.000000,0.000000,0.000000,8.000000,59.270000
1789080783.677113,0,0.000000,0.000000,1.000000,-0.090000,0.000000,0.000000,0.000000,0.000000,8.000000,59.270000
1789080783.677620,0,0.000000,0.000000,1.000000,0.000000,0.000000,0.000000,0.000000,0.000000,8.000000,59.290000
1789080783.702341,0,0.000000,0.000000,1.000000,0.010000,0.000000,0.000000,0.000000,0.000000,8.000000,59.290000
1789080783.702868,0,0.000000,0.000000,1.000000,0.070000,0.000000,0.000000,0.000000,0.000000,8.000000,59.310000
1789080783.703272,0,0.000000,0.000000,1.000000,0.010000,0.000000,0.000000,0.000000,0.000000,8.000000,59.310000
1789080783.727876,0,0.000000,0.000000,1.000000,0.280000,0.000000,0.000000,0.000000,0.000000,8.000000,59.330000
1789080783.728382,0,0.000000,0.000000,1.000000,0.100000,0.000000,0.000000,0.000000,0.000000,8.000000,59.340000
1789080783.755376,0,0.000000,0.000000,1.000000,0.010000,0.000000,0.000000,0.000000,0.000000,8.000000,59.340000
1789080783.755969,0,0.000000,0.000000,1.000000,0.330000,0.000000,0.000000,0.000000,0.000000,8.000000,59.360000
1789080783.756485,0,0.000000,0.000000,1.000000,0.070000,0.000000,0.000000,0.000000,0.000000,8.000000,59.360000
1789080783.781815,0,0.000000,0.000000,1.000000,0.010000,0.000000,0.000000,0.000000,0.000000,8.000000,59.380000
1789080783.782321,0,0.000000,0.000000,1.000000,0.070000,0.000000,0.000000,0.000000,0.000000,8.000000,59.380000
1789080783.807670,0,0.000000,0.000000,1.000000,0.230000,0.000000,0.000000,0.000000,0.000000,8.000000,59.400000
1789080783.808173,0,0.000000,0.000000,1.000000,0.200000,0.000000,0.000000,0.000000,0.000000,8.000000,59.400000
1789080783.808591,0,0.000000,0.000000,1.000000,0.200000,0.000000,0.000000,0.000000,0.000000,8.000000,59.410000
1789080783.833678,0,0.000000,0.000000,1.000000,-0.140000,0.000000,0.000000,0.000000,0.000000,8.000000,59.430000
1789080783.834183,0,0.000000,0.000000,1.000000,0.230000,0.000000,0.000000,0.000000,0.000000,8.000000,59.430000
1789080783.858226,0,0.000000,0.000000,1.000000,0.200000,0.000000,0.000000,0.000000,0.000000,8.000000,59.450000
1789080783.858722,0,0.000000,0.000000,1.000000,0.010000,0.000000,0.000000,0.000000,0.000000,8.000000,59.450000
1789080783.859131,0,0.000000,0.000000,1.000000,0.010000,0.000000,0.000000,0.000000,0.000000,8.000000,59.470000
1789080783.883460,0,0.000000,0.000000,1.000000,0.000000,0.000000,0.000000,0.000000,0.000000,8.000000,59.470000
1789080783.883964,0,0.000000,0.000000,1.000000,0.010000,0.000000,0.000000,0.000000,0.000000,8.000000,59.490000
1789080783.907912,0,0.000000,0.000000,1.000000,-0.050000,0.000000,0.000000,0.000000,0.000000,8.000000,59.500000
1789080783.908411,0,0.000000,0.000000,1.000000,0.070000,0.000000,0.000000,0.000000,0.000000,8.000000,59.500000
1789080783.908926,0,0.000000,0.000000,1.000000,0.370000,0.000000,0.000000,0.000000,0.000000,8.000000,59.520000
1789080783.932139,0,0.000000,0.000000,1.000000,-0.090000,0.000000,0.000000,0.000000,0.000000,8.000000,59.520000
1789080783.932642,0,0.000000,0.000000,1.000000,-0.050000,0.000000,0.000000,0.000000,0.000000,8.000000,59.540000
1789080783.933263,0,0.000000,0.000000,1.000000,0.100000,0.000000,0.000000,0.000000,0.000000,8.000000,59.540000
1789080783.956438,0,0.000000,0.000000,1.000000,0.230000,0.000000,0.000000,0.000000,0.000000,8.000000,59.560000
1789080783.956939,0,0.000000,0.000000,1.000000,0.230000,0.000000,0.000000,0.000000,0.000000,8.000000,59.560000
1789080783.980207,0,0.000000,0.000000,1.000000,0.200000,0.000000,0.000000,0.000000,0.000000,8.000000,59.590000
1789080783.980714,0,0.000000,0.000000,1.000000,0.200000,0.000000,0.000000,0.000000,0.000000,8.000000,59.590000
1789080784.005550,0,0.000000,0.000000,1.000000,0.200000,0.000000,0.000000,0.000000,0.000000,8.000000,59.610000
1789080784.030204,0,0.000000,0.000000,1.000000,0.100000,0.000000,0.000000,0.000000,0.000000,8.000000,59.610000
1789080784.030707,0,0.000000,0.000000,1.000000,0.100000,0.000000,0.000000,0.000000,0.000000,8.000000,59.630000
1789080784.031096,0,0.000000,0.000000,1.000000,0.230000,0.000000,0.000000,0.000000,0.000000,8.000000,59.630000
1789080784.031478,0,0.000000,0.000000,1.000000,-0.050000,0.000000,0.000000,0.000000,0.000000,8.000000,59.650000
1789080784.055771,0,0.000000,0.000000,1.000000,0.070000,0.000000,0.000000,0.000000,0.000000,8.000000,59.650000
1789080784.056281,0,0.000000,0.000000,1.000000,-0.050000,0.000000,0.000000,0.000000,0.000000,8.000000,59.660000
1789080784.056702,0,0.000000,0.000000,1.000000,0.010000,0.000000,0.000000,0.000000,0.000000,8.000000,59.680000
1789080784.081391,0,0.000000,0.000000,1.000000,0.000000,0.000000,0.000000,0.000000,0.000000,8.000000,59.680000
1789080784.081898,0,0.000000,0.000000,1.000000,0.150000,0.000000,0.000000,0.000000,0.000000,8.000000,59.700000
1789080784.105966,0,0.000000,0.000000,1.000000,0.070000,0.000000,0.000000,0.000000,0.000000,8.000000,59.700000
1789080784.106460,0,0.000000,0.000000,1.000000,0.000000,0.000000,0.000000,0.000000,0.000000,8.000000,59.720000
1789080784.129907,0,0.000000,0.000000,1.000000,-0.050000,0.000000,0.000000,0.000000,0.000000,8.000000,59.720000
1789080784.130420,0,0.000000,0.000000,1.000000,0.150000,0.000000,0.000000,0.000000,0.000000,8.000000,59.740000
1789080784.130816,0,0.000000,0.000000,1.000000,0.230000,0.000000,0.000000,0.000000,0.000000,8.000000,59.750000
1789080784.155204,0,0.000000,0.000000,1.000000,0.010000,0.000000,0.000000,0.000000,0.000000,8.000000,59.750000
1789080784.155705,0,0.000000,0.000000,1.000000,0.070000,0.000000,0.000000,0.000000,0.000000,8.000000,59.770000
1789080784.179806,0,0.000000,0.000000,1.000000,0.150000,0.000000,0.000000,0.000000,0.000000,8.000000,59.770000
1789080784.180323,0,0.000000,0.000000,1.000000,0.010000,0.000000,0.000000,0.000000,0.000000,8.000000,59.790000
1789080784.180741,0,0.000000,0.000000,1.000000,0.100000,0.000000,0.000000,0.000000,0.000000,8.000000,59.790000
1789080784.204997,0,0.000000,0.000000,1.000000,0.000000,0.000000,0.000000,0.000000,0.000000,8.000000,59.790000
1789080784.205498,0,0.000000,0.000000,1.000000,0.070000,0.000000,0.000000,0.000000,0.000000,8.000000,59.810000
1789080784.230461,0,0.000000,0.000000,1.000000,0.200000,0.000000,0.000000,0.000000,0.000000,8.000000,59.810000
1789080784.231079,0,0.000000,0.000000,1.000000,0.330000,0.000000,0.000000,0.000000,0.000000,8.000000,59.840000
1789080784.231531,0,0.000000,0.000000,1.000000,-0.050000,0.000000,0.000000,0.000000,0.000000,8.000000,59.840000
1789080784.255260,0,0.000000,0.000000,1.000000,-0.090000,0.000000,0.000000,0.000000,0.000000,8.000000,59.840000
1789080784.255765,0,0.000000,0.000000,1.000000,0.100000,0.000000,0.000000,0.000000,0.000000,8.000000,59.860000
1789080784.256287,0,0.000000,0.000000,1.000000,0.010000,0.000000,0.000000,0.000000,0.000000,8.000000,59.880000
1789080784.280402,0,0.000000,0.000000,1.000000,0.000000,0.000000,0.000000,0.000000,0.000000,8.000000,59.880000
1789080784.280909,0,0.000000,0.000000,1.000000,0.280000,0.000000,0.000000,0.000000,0.000000,8.000000,59.880000
1789080784.306474,0,0.000000,0.000000,1.000000,0.150000,0.000000,0.000000,0.000000,0.000000,8.000000,59.900000
1789080784.307081,0,0.000000,0.000000,1.000000,-0.210000,0.000000,0.000000,0.000000,0.000000,8.000000,59.910000
1789080784.331914,0,0.000000,0.000000,1.000000,0.010000,0.000000,0.000000,0.000000,0.000000,8.000000,59.930000
1789080784.332583,0,0.000000,0.000000,1.000000,0.200000,0.000000,0.000000,0.000000,0.000000,8.000000,59.930000
1789080784.333124,0,0.000000,0.000000,1.000000,0.070000,0.000000,0.000000,0.000000,0.000000,8.000000,59.950000
1789080784.357431,0,0.000000,0.000000,1.000000,0.070000,0.000000,0.000000,0.000000,0.000000,8.000000,59.950000
1789080784.357927,0,0.000000,0.000000,1.000000,0.070000,0.000000,0.000000,0.000000,0.000000,8.000000,59.970000
1789080784.382130,0,0.000000,0.000000,1.000000,0.000000,0.000000,0.000000,0.000000,0.000000,8.000000,59.970000
1789080784.382639,0,0.000000,0.000000,1.000000,0.330000,0.000000,0.000000,0.000000,0.000000,8.000000,59.990000
1789080784.383054,0,0.000000,0.000000,1.000000,0.230000,0.000000,0.000000,0.000000,0.000000,8.000000,60.000000
1789080784.407050,0,0.000000,0.000000,1.000000,0.010000,0.000000,0.000000,0.000000,0.000000,8.000000,60.000000
1789080784.407555,0,0.000000,0.000000,1.000000,0.150000,0.000000,0.000000,0.000000,0.000000,8.000000,60.020000
1789080784.408107,0,0.000000,0.000000,1.000000,0.200000,0.000000,0.000000,0.000000,0.000000,8.000000,60.020000
1789080784.431849,0,0.000000,0.000000,1.000000,-0.210000,0.000000,0.000000,0.000000,0.000000,8.000000,60.040000
1789080784.432361,0,0.000000,0.000000,1.000000,0.150000,0.000000,0.000000,0.000000,0.000000,8.000000,60.040000
1789080784.456346,0,0.000000,0.000000,1.000000,0.100000,0.000000,0.000000,0.000000,0.000000,8.000000,60.060000
1789080784.456938,0,0.000000,0.000000,1.000000,0.100000,0.000000,0.000000,0.000000,0.000000,8.000000,60.060000
1789080784.481041,0,0.000000,0.000000,1.000000,0.280000,0.000000,0.000000,0.000000,0.000000,8.000000,60.080000
1789080784.481541,0,0.000000,0.000000,1.000000,-0.050000,0.000000,0.000000,0.000000,0.000000,8.000000,60.090000
1789080784.482064,0,0.000000,0.000000,1.000000,0.100000,0.000000,0.000000,0.000000,0.000000,8.000000,60.090000
1789080784.507120,0,0.000000,0.000000,1.000000,-0.090000,0.000000,0.000000,0.000000,0.000000,8.000000,60.110000
1789080784.507686,0,0.000000,0.000000,1.000000,0.010000,0.000000,0.000000,0.000000,0.000000,8.000000,60.110000
1789080784.531764,0,0.000000,0.000000,1.000000,0.070000,0.000000,0.000000,0.000000,0.000000,8.000000,60.130000
1789080784.532256,0,0.000000,0.000000,1.000000,-0.050000,0.000000,0.000000,0.000000,0.000000,8.000000,60.130000
1789080784.532776,0,0.000000,0.000000,1.000000,-0.090000,0.000000,0.000000,0.000000,0.000000,8.000000,60.150000
1789080784.556716,0,0.000000,0.000000,1.000000,0.200000,0.000000,0.000000,0.000000,0.000000,8.000000,60.150000
1789080784.557213,0,0.000000,0.000000,1.000000,0.010000,0.000000,0.000000,0.000000,0.000000,8.000000,60.160000
1789080784.557627,0,0.000000,0.000000,1.000000,0.150000,0.000000,0.000000,0.000000,0.000000,8.000000,60.180000
1789080784.582121,0,0.000000,0.000000,1.000000,0.200000,0.000000,0.000000,0.000000,0.000000,8.000000,60.180000
1789080784.582626,0,0.000000,0.000000,1.000000,0.100000,0.000000,0.000000,0.000000,0.000000,8.000000,60.200000
1789080784.606953,0,0.000000,0.000000,1.000000,-0.090000,0.000000,0.000000,0.000000,0.000000,8.000000,60.200000
1789080784.607462,0,0.000000,0.000000,1.000000,-0.140000,0.000000,0.000000,0.000000,0.000000,8.000000,60.220000
1789080784.608057,0,0.000000,0.000000,1.000000,0.070000,0.000000,0.000000,0.000000,0.000000,8.000000,60.220000
1789080784.632045,0,0.000000,0.000000,1.000000,0.540000,0.000000,0.000000,0.000000,0.000000,8.000000,60.240000
1789080784.632556,0,0.000000,0.000000,1.000000,0.330000,0.000000,0.000000,0.000000,0.000000,8.000000,60.250000
1789080784.656776,0,0.000000,0.000000,1.000000,-0.090000,0.000000,0.000000,0.000000,0.000000,8.000000,60.250000
1789080784.657275,0,0.000000,0.000000,1.000000,0.200000,0.000000,0.000000,0.000000,0.000000,8.000000,60.270000
1789080784.682001,0,0.000000,0.000000,1.000000,0.150000,0.000000,0.000000,0.000000,0.000000,8.000000,60.270000
1789080784.682531,0,0.000000,0.000000,1.000000,0.100000,0.000000,0.000000,0.000000,0.000000,8.000000,60.290000
1789080784.683060,0,0.000000,0.000000,1.000000,0.230000,0.000000,0.000000,0.000000,0.000000,8.000000,60.290000
1789080784.707188,0,0.000000,0.000000,1.000000,-0.140000,0.000000,0.000000,0.000000,0.000000,8.000000,60.310000
1789080784.707687,0,0.000000,0.000000,1.000000,0.330000,0.000000,0.000000,0.000000,0.000000,8.000000,60.310000
1789080784.708100,0,0.000000,0.000000,1.000000,0.010000,0.000000,0.000000,0.000000,0.000000,8.000000,60.330000
1789080784.731543,0,0.000000,0.000000,1.000000,0.070000,0.000000,0.000000,0.000000,0.000000,8.000000,60.340000
1789080784.732044,0,0.000000,0.000000,1.000000,0.100000,0.000000,0.000000,0.000000,0.000000,8.000000,60.340000
1789080784.756404,0,0.000000,0.000000,1.000000,-0.090000,0.000000,0.000000,0.000000,0.000000,8.000000,60.360000
1789080784.756909,0,0.000000,0.000000,1.000000,0.010000,0.000000,0.000000,0.000000,0.000000,8.000000,60.360000
1789080784.781576,0,0.000000,0.000000,1.000000,-0.090000,0.000000,0.000000,0.000000,0.000000,8.000000,60.380000
1789080784.782077,0,0.000000,0.000000,1.000000,0.000000,0.000000,0.000000,0.000000,0.000000,8.000000,60.380000
1789080784.806086,0,0.000000,0.000000,1.000000,0.100000,0.000000,0.000000,0.000000,0.000000,8.000000,60.400000
1789080784.806589,0,0.000000,0.000000,1.000000,0.000000,0.000000,0.000000,0.000000,0.000000,8.000000,60.400000
1789080784.807006,0,0.000000,0.000000,1.000000,-0.050000,0.000000,0.000000,0.000000,0.000000,8.000000,60.410000
1789080784.831322,0,0.000000,0.000000,1.000000,0.000000,0.000000,0.000000,0.000000,0.000000,8.000000,60.430000
1789080784.831872,0,0.000000,0.000000,1.000000,0.200000,0.000000,0.000000,0.000000,0.000000,8.000000,60.430000
1789080784.832524,0,0.000000,0.000000,1.000000,0.070000,0.000000,0.000000,0.000000,0.000000,8.000000,60.450000
1789080784.855634,0,0.000000,0.000000,1.000000,0.000000,0.000000,0.000000,0.000000,0.000000,8.000000,60.450000
1789080784.856123,0,0.000000,0.000000,1.000000,0.200000,0.000000,0.000000,0.000000,0.000000,8.000000,60.470000
1789080784.856632,0,0.000000,0.000000,1.000000,0.000000,0.000000,0.000000,0.000000,0.000000,8.000000,60.470000
1789080784.879865,0,0.000000,0.000000,1.000000,0.070000,0.000000,0.000000,0.000000,0.000000,8.000000,60.490000
1789080784.880376,0,0.000000,0.000000,1.000000,-0.090000,0.000000,0.000000,0.000000,0.000000,8.000000,60.500000
1789080784.905056,0,0.000000,0.000000,1.000000,0.010000,0.000000,0.000000,0.000000,0.000000,8.000000,60.500000
1789080784.905562,0,0.000000,0.000000,1.000000,0.010000,0.000000,0.000000,0.000000,0.000000,8.000000,60.520000
1789080784.928523,0,0.000000,0.000000,1.000000,0.150000,0.000000,0.000000,0.000000,0.000000,8.000000,60.520000
1789080784.929079,0,0.000000,0.000000,1.000000,0.010000,0.000000,0.000000,0.000000,0.000000,8.000000,60.540000
1789080784.929674,0,0.000000,0.000000,1.000000,0.100000,0.000000,0.000000,0.000000,0.000000,8.000000,60.540000
1789080784.953279,0,0.000000,0.000000,1.000000,0.100000,0.000000,0.000000,0.000000,0.000000,8.000000,60.560000
1789080784.953898,0,0.000000,0.000000,1.000000,0.150000,0.000000,0.000000,0.000000,0.000000,8.000000,60.560000
1789080784.979184,0,0.000000,0.000000,1.000000,0.000000,0.000000,0.000000,0.000000,0.000000,8.000000,60.580000
1789080784.979771,0,0.000000,0.000000,1.000000,-0.310000,0.000000,0.000000,0.000000,0.000000,8.000000,60.590000
1789080785.003595,0,0.000000,0.000000,1.000000,0.150000,0.000000,0.000000,0.000000,0.000000,8.000000,60.590000
1789080785.004233,0,0.000000,0.000000,1.000000,0.010000,0.000000,0.000000,0.000000,0.000000,8.000000,60.610000
1789080785.004821,0,0.000000,0.000000,1.000000,0.370000,0.000000,0.000000,0.000000,0.000000,8.000000,60.610000
1789080785.029156,0,0.000000,0.000000,1.000000,-0.140000,0.000000,0.000000,0.000000,0.000000,8.000000,60.630000
1789080785.029657,0,0.000000,0.000000,1.000000,0.070000,0.000000,0.000000,0.000000,0.000000,8.000000,60.630000
1789080785.053436,0,0.000000,0.000000,1.000000,0.000000,0.000000,0.000000,0.000000,0.000000,8.000000,60.650000
1789080785.053941,0,0.000000,0.000000,1.000000,0.150000,0.000000,0.000000,0.000000,0.000000,8.000000,60.650000
1789080785.077741,0,0.000000,0.000000,1.000000,0.100000,0.000000,0.000000,0.000000,0.000000,8.000000,60.660000
1789080785.078359,0,0.000000,0.000000,1.000000,0.100000,0.000000,0.000000,0.000000,0.000000,8.000000,60.680000
1789080785.078813,0,0.000000,0.000000,1.000000,0.000000,0.000000,0.000000,0.000000,0.000000,8.000000,60.680000
1789080785.102942,0,0.000000,0.000000,1.000000,0.230000,0.000000,0.000000,0.000000,0.000000,8.000000,60.700000
1789080785.103449,0,0.000000,0.000000,1.000000,0.010000,0.000000,0.000000,0.000000,0.000000,8.000000,60.700000
1789080785.104102,0,0.000000,0.000000,1.000000,0.010000,0.000000,0.000000,0.000000,0.000000,8.000000,60.720000
1789080785.126932,0,0.000000,0.000000,1.000000,0.000000,0.000000,0.000000,0.000000,0.000000,8.000000,60.720000
1789080785.127433,0,0.000000,0.000000,1.000000,-0.090000,0.000000,0.000000,0.000000,0.000000,8.000000,60.740000
1789080785.149187,0,0.000000,0.000000,1.000000,0.150000,0.000000,0.000000,0.000000,0.000000,8.000000,60.750000
1789080785.149689,0,0.000000,0.000000,1.000000,0.150000,0.000000,0.000000,0.000000,0.000000,8.000000,60.770000
1789080785.171899,0,0.000000,0.000000,1.000000,0.010000,0.000000,0.000000,0.000000,0.000000,8.000000,60.770000
1789080785.172402,0,0.000000,0.000000,1.000000,0.150000,0.000000,0.000000,0.000000,0.000000,8.000000,60.790000
1789080785.172801,0,0.000000,0.000000,1.000000,-0.180000,0.000000,0.000000,0.000000,0.000000,8.000000,60.790000
1789080785.194092,0,0.000000,0.000000,1.000000,-0.050000,0.000000,0.000000,0.000000,0.000000,8.000000,60.810000
1789080785.194583,0,0.000000,0.000000,1.000000,0.100000,0.000000,0.000000,0.000000,0.000000,8.000000,60.810000
1789080785.216563,0,0.000000,0.000000,1.000000,-0.140000,0.000000,0.000000,0.000000,0.000000,8.000000,60.810000
1789080785.238977,0,0.000000,0.000000,1.000000,-0.090000,0.000000,0.000000,0.000000,0.000000,8.000000,60.840000
1789080785.239475,0,0.000000,0.000000,1.000000,0.150000,0.000000,0.000000,0.000000,0.000000,8.000000,60.840000
1789080785.239885,0,0.000000,0.000000,1.000000,0.230000,0.000000,0.000000,0.000000,0.000000,8.000000,60.860000
1789080785.262355,0,0.000000,0.000000,1.000000,0.100000,0.000000,0.000000,0.000000,0.000000,8.000000,60.860000
1789080785.262854,0,0.000000,0.000000,1.000000,0.880000,0.000000,0.000000,0.000000,0.000000,8.000000,60.880000
1789080785.285592,0,0.000000,0.000000,1.000000,-0.180000,0.000000,0.000000,0.000000,0.000000,8.000000,60.880000
1789080785.286094,0,0.000000,0.000000,1.000000,0.070000,0.000000,0.000000,0.000000,0.000000,8.000000,60.900000
1789080785.309547,0,0.000000,0.000000,1.000000,0.150000,0.000000,0.000000,0.000000,0.000000,8.000000,60.900000
1789080785.310048,0,0.000000,0.000000,1.000000,0.200000,0.000000,0.000000,0.000000,0.000000,8.000000,60.910000
1789080785.310560,0,0.000000,0.000000,1.000000,-0.140000,0.000000,0.000000,0.000000,0.000000,8.000000,60.930000
1789080785.332557,0,0.000000,0.000000,1.000000,0.150000,0.000000,0.000000,0.000000,0.000000,8.000000,60.930000
1789080785.333065,0,0.000000,0.000000,1.000000,0.010000,0.000000,0.000000,0.000000,0.000000,8.000000,60.950000
1789080785.333619,0,0.000000,0.000000,1.000000,0.100000,0.000000,0.000000,0.000000,0.000000,8.000000,60.950000
1789080785.355338,0,0.000000,0.000000,1.000000,0.070000,0.000000,0.000000,0.000000,0.000000,8.000000,60.970000
1789080785.355934,0,0.000000,0.000000,1.000000,0.070000,0.000000,0.000000,0.000000,0.000000,8.000000,60.970000
1789080785.378583,0,0.000000,0.000000,1.000000,-0.180000,0.000000,0.000000,0.000000,0.000000,8.000000,60.990000
1789080785.379299,0,0.000000,0.000000,1.000000,0.000000,0.000000,0.000000,0.000000,0.000000,8.000000,61.000000
1789080785.402231,0,0.000000,0.000000,1.000000,0.280000,0.000000,0.000000,0.000000,0.000000,8.000000,61.000000
1789080785.402738,0,0.000000,0.000000,1.000000,0.070000,0.000000,0.000000,0.000000,0.000000,8.000000,61.020000
1789080785.403137,0,0.000000,0.000000,1.000000,-0.210000,0.000000,0.000000,0.000000,0.000000,8.000000,61.020000
1789080785.425966,0,0.000000,0.000000,1.000000,0.150000,0.000000,0.000000,0.000000,0.000000,8.000000,61.040000
1789080785.426465,0,0.000000,0.000000,1.000000,-0.140000,0.000000,0.000000,0.000000,0.000000,8.000000,61.040000
1789080785.449656,0,0.000000,0.000000,1.000000,0.200000,0.000000,0.000000,0.000000,0.000000,8.000000,61.060000
1789080785.450159,0,0.000000,0.000000,1.000000,0.000000,0.000000,0.000000,0.000000,0.000000,8.000000,61.060000
1789080785.472781,0,0.000000,0.000000,1.000000,0.150000,0.000000,0.000000,0.000000,0.000000,8.000000,61.080000
1789080785.473282,0,0.000000,0.000000,1.000000,0.010000,0.000000,0.000000,0.000000,0.000000,8.000000,61.090000
1789080785.473700,0,0.000000,0.000000,1.000000,0.000000,0.000000,0.000000,0.000000,0.000000,8.000000,61.090000
1789080785.497847,0,0.000000,0.000000,1.000000,0.330000,0.000000,0.000000,0.000000,0.000000,8.000000,61.090000
1789080785.498730,0,0.000000,0.000000,1.000000,0.100000,0.000000,0.000000,0.000000,0.000000,8.000000,61.110000
1789080785.521815,0,0.000000,0.000000,1.000000,-0.140000,0.000000,0.000000,0.000000,0.000000,8.000000,61.110000
1789080785.522443,0,0.000000,0.000000,1.000000,0.100000,0.000000,0.000000,0.000000,0.000000,8.000000,61.130000
1789080785.545998,0,0.000000,0.000000,1.000000,0.230000,0.000000,0.000000,0.000000,0.000000,8.000000,61.150000
1789080785.546499,0,0.000000,0.000000,1.000000,0.200000,0.000000,0.000000,0.000000,0.000000,8.000000,61.150000
1789080785.569162,0,0.000000,0.000000,1.000000,0.200000,0.000000,0.000000,0.000000,0.000000,8.000000,61.160000
1789080785.569667,0,0.000000,0.000000,1.000000,0.280000,0.000000,0.000000,0.000000,0.000000,8.000000,61.180000
1789080785.594026,0,0.000000,0.000000,1.000000,0.330000,0.000000,0.000000,0.000000,0.000000,8.000000,61.200000
1789080785.594737,0,0.000000,0.000000,1.000000,0.150000,0.000000,0.000000,0.000000,0.000000,8.000000,61.200000
1789080785.616920,0,0.000000,0.000000,1.000000,0.000000,0.000000,0.000000,0.000000,0.000000,8.000000,61.220000
1789080785.617423,0,0.000000,0.000000,1.000000,0.010000,0.000000,0.000000,0.000000,0.000000,8.000000,61.220000
1789080785.618079,0,0.000000,0.000000,1.000000,0.100000,0.000000,0.000000,0.000000,0.000000,8.000000,61.240000
1789080785.639039,0,0.000000,0.000000,1.000000,0.010000,0.000000,0.000000,0.000000,0.000000,8.000000,61.250000
1789080785.639677,0,0.000000,0.000000,1.000000,0.280000,0.000000,0.000000,0.000000,0.000000,8.000000,61.250000
1789080785.661230,0,0.000000,0.000000,1.000000,0.100000,0.000000,0.000000,0.000000,0.000000,8.000000,61.270000
1789080785.661897,0,0.000000,0.000000,1.000000,0.330000,0.000000,0.000000,0.000000,0.000000,8.000000,61.270000
1789080785.683726,0,0.000000,0.000000,1.000000,0.150000,0.000000,0.000000,0.000000,0.000000,8.000000,61.290000
1789080785.705865,0,0.000000,0.000000,1.000000,0.230000,0.000000,0.000000,0.000000,0.000000,8.000000,61.290000
1789080785.706370,0,0.000000,0.000000,1.000000,0.330000,0.000000,0.000000,0.000000,0.000000,8.000000,61.310000
1789080785.728980,0,0.000000,0.000000,1.000000,0.280000,0.000000,0.000000,0.000000,0.000000,8.000000,61.330000
1789080785.729516,0,0.000000,0.000000,1.000000,0.070000,0.000000,0.000000,0.000000,0.000000,8.000000,61.340000
1789080785.751799,0,0.000000,0.000000,1.000000,0.100000,0.000000,0.000000,0.000000,0.000000,8.000000,61.340000
1789080785.752300,0,0.000000,0.000000,1.000000,0.330000,0.000000,0.000000,0.000000,0.000000,8.000000,61.360000
1789080785.774320,0,0.000000,0.000000,1.000000,1.580000,0.000000,0.000000,0.000000,0.000000,8.000000,61.360000
1789080785.774821,0,0.000000,0.000000,1.000000,0.150000,0.000000,0.000000,0.000000,0.000000,8.000000,61.380000
1789080785.775367,0,0.000000,0.000000,1.000000,0.150000,0.000000,0.000000,0.000000,0.000000,8.000000,61.400000
1789080785.800286,0,0.000000,0.000000,1.000000,0.070000,0.000000,0.000000,0.000000,0.000000,8.000000,61.400000
1789080785.800999,0,0.000000,0.000000,1.000000,0.070000,0.000000,0.000000,0.000000,0.000000,8.000000,61.410000
1789080785.826153,0,0.000000,0.000000,1.000000,0.200000,0.000000,0.000000,0.000000,0.000000,8.000000,61.430000
1789080785.851275,0,0.000000,0.000000,1.000000,0.070000,0.000000,0.000000,0.000000,0.000000,8.000000,61.430000
1789080785.851805,0,0.000000,0.000000,1.000000,0.150000,0.000000,0.000000,0.000000,0.000000,8.000000,61.450000
1789080785.875295,0,0.000000,0.000000,1.000000,0.200000,0.000000,0.000000,0.000000,0.000000,8.000000,61.450000
1789080785.875798,0,0.000000,0.000000,1.000000,-0.050000,0.000000,0.000000,0.000000,0.000000,8.000000,61.470000
1789080785.876311,0,0.000000,0.000000,1.000000,-0.090000,0.000000,0.000000,0.000000,0.000000,8.000000,61.490000
1789080785.899894,0,0.000000,0.000000,1.000000,0.200000,0.000000,0.000000,0.000000,0.000000,8.000000,61.500000
1789080785.900390,0,0.000000,0.000000,1.000000,0.010000,0.000000,0.000000,0.000000,0.000000,8.000000,61.500000
1789080785.924071,0,0.000000,0.000000,1.000000,-1.090000,0.000000,0.000000,0.000000,0.000000,8.000000,61.520000
1789080785.924565,0,0.000000,0.000000,1.000000,0.070000,0.000000,0.000000,0.000000,0.000000,8.000000,61.520000
1789080785.947346,0,0.000000,0.000000,1.000000,0.280000,0.000000,0.000000,0.000000,0.000000,8.000000,61.540000
1789080785.947841,0,0.000000,0.000000,1.000000,0.070000,0.000000,0.000000,0.000000,0.000000,8.000000,61.540000
1789080785.969449,0,0.000000,0.000000,1.000000,0.010000,0.000000,0.000000,0.000000,0.000000,8.000000,61.560000
1789080785.969949,0,0.000000,0.000000,1.000000,0.070000,0.000000,0.000000,0.000000,0.000000,8.000000,61.560000
1789080785.970360,0,0.000000,0.000000,1.000000,0.100000,0.000000,0.000000,0.000000,0.000000,8.000000,61.590000
1789080785.970926,0,0.000000,0.000000,1.000000,0.070000,0.000000,0.000000,0.000000,0.000000,8.000000,61.590000
1789080785.992722,0,0.000000,0.000000,1.000000,-0.140000,0.000000,0.000000,0.000000,0.000000,8.000000,61.590000
1789080785.993414,0,0.000000,0.000000,1.000000,0.200000,0.000000,0.000000,0.000000,0.000000,8.000000,61.610000
1789080786.015138,0,0.000000,0.000000,1.000000,0.230000,0.000000,0.000000,0.000000,0.000000,8.000000,61.610000
1789080786.015948,0,0.000000,0.000000,1.000000,-0.180000,0.000000,0.000000,0.000000,0.000000,8.000000,61.630000
1789080786.037932,0,0.000000,0.000000,1.000000,0.580000,0.000000,0.000000,0.000000,0.000000,8.000000,61.630000
1789080786.038615,0,0.000000,0.000000,1.000000,0.670000,0.000000,0.000000,0.000000,0.000000,8.000000,61.650000
1789080786.059857,0,0.000000,0.000000,1.000000,0.070000,0.000000,0.000000,0.000000,0.000000,8.000000,61.650000
1789080786.060351,0,0.000000,0.000000,1.000000,0.070000,0.000000,0.000000,0.000000,0.000000,8.000000,61.660000
1789080786.060867,0,0.000000,0.000000,1.000000,0.010000,0.000000,0.000000,0.000000,0.000000,8.000000,61.680000
1789080786.082988,0,0.000000,0.000000,1.000000,-0.050000,0.000000,0.000000,0.000000,0.000000,8.000000,61.680000
1789080786.083648,0,0.000000,0.000000,1.000000,-0.340000,0.000000,0.000000,0.000000,0.000000,8.000000,61.700000
1789080786.104979,0,0.000000,0.000000,1.000000,-0.140000,0.000000,0.000000,0.000000,0.000000,8.000000,61.700000
1789080786.105671,0,0.000000,0.000000,1.000000,0.230000,0.000000,0.000000,0.000000,0.000000,8.000000,61.720000
1789080786.126981,0,0.000000,0.000000,1.000000,0.200000,0.000000,0.000000,0.000000,0.000000,8.000000,61.720000
1789080786.127575,0,0.000000,0.000000,1.000000,0.010000,0.000000,0.000000,0.000000,0.000000,8.000000,61.740000
1789080786.128300,0,0.000000,0.000000,1.000000,0.070000,0.000000,0.000000,0.000000,0.000000,8.000000,61.750000
1789080786.150058,0,0.000000,0.000000,1.000000,0.010000,0.000000,0.000000,0.000000,0.000000,8.000000,61.750000
1789080786.150706,0,0.000000,0.000000,1.000000,-0.090000,0.000000,0.000000,0.000000,0.000000,8.000000,61.770000
1789080786.171714,0,0.000000,0.000000,1.000000,1.450000,0.000000,0.000000,0.000000,0.000000,8.000000,61.770000
1789080786.172457,0,0.000000,0.000000,1.000000,-0.050000,0.000000,0.000000,0.000000,0.000000,8.000000,61.790000
1789080786.194102,0,0.000000,0.000000,1.000000,0.200000,0.000000,0.000000,0.000000,0.000000,8.000000,61.790000
1789080786.194801,0,0.000000,0.000000,1.000000,0.000000,0.000000,0.000000,0.000000,0.000000,8.000000,61.810000
1789080786.216711,0,0.000000,0.000000,1.000000,0.000000,0.000000,0.000000,0.000000,0.000000,8.000000,61.830000
1789080786.217212,0,0.000000,0.000000,1.000000,-0.180000,0.000000,0.000000,0.000000,0.000000,8.000000,61.840000
1789080786.239111,0,0.000000,0.000000,1.000000,0.100000,0.000000,0.000000,0.000000,0.000000,8.000000,61.840000
1789080786.239622,0,0.000000,0.000000,1.000000,0.010000,0.000000,0.000000,0.000000,0.000000,8.000000,61.840000
1789080786.262593,0,0.000000,0.000000,1.000000,0.010000,0.000000,0.000000,0.000000,0.000000,8.000000,61.860000
1789080786.263202,0,0.000000,0.000000,1.000000,0.100000,0.000000,0.000000,0.000000,0.000000,8.000000,61.860000
1789080786.286086,0,0.000000,0.000000,1.000000,0.010000,0.000000,0.000000,0.000000,0.000000,8.000000,61.880000
1789080786.286594,0,0.000000,0.000000,1.000000,0.000000,0.000000,0.000000,0.000000,0.000000,8.000000,61.880000
1789080786.287015,0,0.000000,0.000000,1.000000,0.070000,0.000000,0.000000,0.000000,0.000000,8.000000,61.900000
1789080786.309856,0,0.000000,0.000000,1.000000,0.010000,0.000000,0.000000,0.000000,0.000000,8.000000,61.900000
1789080786.310470,0,0.000000,0.000000,1.000000,-0.090000,0.000000,0.000000,0.000000,0.000000,8.000000,61.910000
1789080786.334773,0,0.000000,0.000000,1.000000,-0.050000,0.000000,0.000000,0.000000,0.000000,8.000000,61.930000
1789080786.335277,0,0.000000,0.000000,1.000000,-0.470000,0.000000,0.000000,0.000000,0.000000,8.000000,61.930000
1789080786.335694,0,0.000000,0.000000,1.000000,-0.050000,0.000000,0.000000,0.000000,0.000000,8.000000,61.950000
1789080786.357175,0,0.000000,0.000000,1.000000,0.000000,0.000000,0.000000,0.000000,0.000000,8.000000,61.950000
1789080786.357678,0,0.000000,0.000000,1.000000,0.100000,0.000000,0.000000,0.000000,0.000000,8.000000,61.970000
1789080786.379637,0,0.000000,0.000000,1.000000,-0.090000,0.000000,0.000000,0.000000,0.000000,8.000000,61.970000
1789080786.380265,0,0.000000,0.000000,1.000000,-0.090000,0.000000,0.000000,0.000000,0.000000,8.000000,61.990000
1789080786.401481,0,0.000000,0.000000,1.000000,0.070000,0.000000,0.000000,0.000000,0.000000,8.000000,62.000000
1789080786.401982,0,0.000000,0.000000,1.000000,0.000000,0.000000,0.000000,0.000000,0.000000,8.000000,62.000000
1789080786.402507,0,0.000000,0.000000,1.000000,0.100000,0.000000,0.000000,0.000000,0.000000,8.000000,62.020000
1789080786.424654,0,0.000000,0.000000,1.000000,-0.180000,0.000000,0.000000,0.000000,0.000000,8.000000,62.020000
1789080786.446941,0,0.000000,0.000000,1.000000,0.070000,0.000000,0.000000,0.000000,0.000000,8.000000,62.040000
1789080786.447433,0,0.000000,0.000000,1.000000,-0.050000,0.000000,0.000000,0.000000,0.000000,8.000000,62.040000
1789080786.469285,0,0.000000,0.000000,1.000000,0.200000,0.000000,0.000000,0.000000,0.000000,8.000000,62.060000
1789080786.469786,0,0.000000,0.000000,1.000000,0.200000,0.000000,0.000000,0.000000,0.000000,8.000000,62.060000
1789080786.470203,0,0.000000,0.000000,1.000000,0.230000,0.000000,0.000000,0.000000,0.000000,8.000000,62.090000
1789080786.491988,0,0.000000,0.000000,1.000000,0.100000,0.000000,0.000000,0.000000,0.000000,8.000000,62.090000
1789080786.492519,0,0.000000,0.000000,1.000000,0.000000,0.000000,0.000000,0.000000,0.000000,8.000000,62.110000
1789080786.514235,0,0.000000,0.000000,1.000000,0.150000,0.000000,0.000000,0.000000,0.000000,8.000000,62.110000
1789080786.514743,0,0.000000,0.000000,1.000000,0.150000,0.000000,0.000000,0.000000,0.000000,8.000000,62.130000
1789080786.537507,0,0.000000,0.000000,1.000000,0.280000,0.000000,0.000000,0.000000,0.000000,8.000000,62.130000
1789080786.538114,0,0.000000,0.000000,1.000000,0.000000,0.000000,0.000000,0.000000,0.000000,8.000000,62.150000
1789080786.560785,0,0.000000,0.000000,1.000000,0.200000,0.000000,0.000000,0.000000,0.000000,8.000000,62.150000
1789080786.561427,0,0.000000,0.000000,1.000000,0.000000,0.000000,0.000000,0.000000,0.000000,8.000000,62.160000
1789080786.583576,0,0.000000,0.000000,1.000000,0.000000,0.000000,0.000000,0.000000,0.000000,8.000000,62.180000
1789080786.584080,0,0.000000,0.000000,1.000000,0.150000,0.000000,0.000000,0.000000,0.000000,8.000000,62.180000
1789080786.605875,0,0.000000,0.000000,1.000000,0.230000,0.000000,0.000000,0.000000,0.000000,8.000000,62.200000
1789080786.606373,0,0.000000,0.000000,1.000000,0.100000,0.000000,0.000000,0.000000,0.000000,8.000000,62.200000
1789080786.606786,0,0.000000,0.000000,1.000000,0.010000,0.000000,0.000000,0.000000,0.000000,8.000000,62.220000
1789080786.628040,0,0.000000,0.000000,1.000000,0.100000,0.000000,0.000000,0.000000,0.000000,8.000000,62.220000
1789080786.628545,0,0.000000,0.000000,1.000000,-0.090000,0.000000,0.000000,0.000000,0.000000,8.000000,62.240000
1789080786.651618,0,0.000000,0.000000,1.000000,-0.140000,0.000000,0.000000,0.000000,0.000000,8.000000,62.250000
1789080786.652126,0,0.000000,0.000000,1.000000,0.100000,0.000000,0.000000,0.000000,0.000000,8.000000,62.250000
1789080786.674697,0,0.000000,0.000000,1.000000,0.150000,0.000000,0.000000,0.000000,0.000000,8.000000,62.270000
1789080786.675294,0,0.000000,0.000000,1.000000,0.070000,0.000000,0.000000,0.000000,0.000000,8.000000,62.270000
1789080786.697155,0,0.000000,0.000000,1.000000,0.100000,0.000000,0.000000,0.000000,0.000000,8.000000,62.290000
1789080786.697662,0,0.000000,0.000000,1.000000,0.000000,0.000000,0.000000,0.000000,0.000000,8.000000,62.310000
1789080786.698365,0,0.000000,0.000000,1.000000,-0.090000,0.000000,0.000000,0.000000,0.000000,8.000000,62.310000
1789080786.720283,0,0.000000,0.000000,1.000000,0.100000,0.000000,0.000000,0.000000,0.000000,8.000000,62.330000
1789080786.720952,0,0.000000,0.000000,1.000000,0.330000,0.000000,0.000000,0.000000,0.000000,8.000000,62.340000
1789080786.742900,0,0.000000,0.000000,1.000000,0.200000,0.000000,0.000000,0.000000,0.000000,8.000000,62.340000
1789080786.743410,0,0.000000,0.000000,1.000000,0.000000,0.000000,0.000000,0.000000,0.000000,8.000000,62.360000
1789080786.743959,0,0.000000,0.000000,1.000000,0.000000,0.000000,0.000000,0.000000,0.000000,8.000000,62.360000
1789080786.765374,0,0.000000,0.000000,1.000000,0.000000,0.000000,0.000000,0.000000,0.000000,8.000000,62.380000
1789080786.765978,0,0.000000,0.000000,1.000000,0.150000,0.000000,0.000000,0.000000,0.000000,8.000000,62.380000
1789080786.787294,0,0.000000,0.000000,1.000000,0.010000,0.000000,0.000000,0.000000,0.000000,8.000000,62.400000
1789080786.810448,0,0.000000,0.000000,1.000000,0.000000,0.000000,0.000000,0.000000,0.000000,8.000000,62.400000
1789080786.810964,0,0.000000,0.000000,1.000000,0.230000,0.000000,0.000000,0.000000,0.000000,8.000000,62.410000
1789080786.811379,0,0.000000,0.000000,1.000000,0.200000,0.000000,0.000000,0.000000,0.000000,8.000000,62.430000
1789080786.832479,0,0.000000,0.000000,1.000000,-0.050000,0.000000,0.000000,0.000000,0.000000,8.000000,62.430000
1789080786.832983,0,0.000000,0.000000,1.000000,0.070000,0.000000,0.000000,0.000000,0.000000,8.000000,62.450000
1789080786.833492,0,0.000000,0.000000,1.000000,0.100000,0.000000,0.000000,0.000000,0.000000,8.000000,62.450000
1789080786.856332,0,0.000000,0.000000,1.000000,0.000000,0.000000,0.000000,0.000000,0.000000,8.000000,62.470000
1789080786.857108,0,0.000000,0.000000,1.000000,-0.090000,0.000000,0.000000,0.000000,0.000000,8.000000,62.470000
1789080786.879150,0,0.000000,0.000000,1.000000,0.150000,0.000000,0.000000,0.000000,0.000000,8.000000,62.490000
1789080786.879651,0,0.000000,0.000000,1.000000,0.100000,0.000000,0.000000,0.000000,0.000000,8.000000,62.500000
1789080786.901101,0,0.000000,0.000000,1.000000,-0.140000,0.000000,0.000000,0.000000,0.000000,8.000000,62.500000
1789080786.901599,0,0.000000,0.000000,1.000000,-0.050000,0.000000,0.000000,0.000000,0.000000,8.000000,62.520000
1789080786.922961,0,0.000000,0.000000,1.000000,0.070000,0.000000,0.000000,0.000000,0.000000,8.000000,62.520000
1789080786.923463,0,0.000000,0.000000,1.000000,0.010000,0.000000,0.000000,0.000000,0.000000,8.000000,62.540000
1789080786.943870,0,0.000000,0.000000,1.000000,0.150000,0.000000,0.000000,0.000000,0.000000,8.000000,62.540000
1789080786.944369,0,0.000000,0.000000,1.000000,0.010000,0.000000,0.000000,0.000000,0.000000,8.000000,62.560000
1789080786.944893,0,0.000000,0.000000,1.000000,-0.090000,0.000000,0.000000,0.000000,0.000000,8.000000,62.560000
1789080786.968146,0,0.000000,0.000000,1.000000,-0.090000,0.000000,0.000000,0.000000,0.000000,8.000000,62.580000
1789080786.989048,0,0.000000,0.000000,1.000000,-0.050000,0.000000,0.000000,0.000000,0.000000,8.000000,62.590000
1789080786.989550,0,0.000000,0.000000,1.000000,0.230000,0.000000,0.000000,0.000000,0.000000,8.000000,62.590000
1789080786.990136,0,0.000000,0.000000,1.000000,0.100000,0.000000,0.000000,0.000000,0.000000,8.000000,62.610000
1789080787.012503,0,0.000000,0.000000,1.000000,-0.210000,0.000000,0.000000,0.000000,0.000000,8.000000,62.610000
1789080787.013269,0,0.000000,0.000000,1.000000,-0.050000,0.000000,0.000000,0.000000,0.000000,8.000000,62.630000
1789080787.034946,0,0.000000,0.000000,1.000000,0.150000,0.000000,0.000000,0.000000,0.000000,8.000000,62.630000
1789080787.035449,0,0.000000,0.000000,1.000000,0.100000,0.000000,0.000000,0.000000,0.000000,8.000000,62.650000
1789080787.056924,0,0.000000,0.000000,1.000000,0.010000,0.000000,0.000000,0.000000,0.000000,8.000000,62.650000
1789080787.057429,0,0.000000,0.000000,1.000000,0.000000,0.000000,0.000000,0.000000,0.000000,8.000000,62.660000
1789080787.058006,0,0.000000,0.000000,1.000000,0.000000,0.000000,0.000000,0.000000,0.000000,8.000000,62.680000
1789080787.080753,0,0.000000,0.000000,1.000000,0.010000,0.000000,0.000000,0.000000,0.000000,8.000000,62.680000
1789080787.081257,0,0.000000,0.000000,1.000000,0.150000,0.000000,0.000000,0.000000,0.000000,8.000000,62.700000
1789080787.103337,0,0.000000,0.000000,1.000000,0.070000,0.000000,0.000000,0.000000,0.000000,8.000000,62.700000
1789080787.103894,0,0.000000,0.000000,1.000000,0.000000,0.000000,0.000000,0.000000,0.000000,8.000000,62.720000
1789080787.125611,0,0.000000,0.000000,1.000000,0.230000,0.000000,0.000000,0.000000,0.000000,8.000000,62.720000
1789080787.126171,0,0.000000,0.000000,1.000000,0.010000,0.000000,0.000000,0.000000,0.000000,8.000000,62.740000
1789080787.126885,0,0.000000,0.000000,1.000000,0.000000,0.000000,0.000000,0.000000,0.000000,8.000000,62.750000
1789080787.147615,0,0.000000,0.000000,1.000000,-0.140000,0.000000,0.000000,0.000000,0.000000,8.000000,62.750000
1789080787.148312,0,0.000000,0.000000,1.000000,0.150000,0.000000,0.000000,0.000000,0.000000,8.000000,62.770000
1789080787.148863,0,0.000000,0.000000,1.000000,0.010000,0.000000,0.000000,0.000000,0.000000,8.000000,62.770000
1789080787.170281,0,0.000000,0.000000,1.000000,-0.140000,0.000000,0.000000,0.000000,0.000000,8.000000,62.790000
1789080787.191161,0,0.000000,0.000000,1.000000,0.010000,0.000000,0.000000,0.000000,0.000000,8.000000,62.790000
1789080787.191846,0,0.000000,0.000000,1.000000,0.100000,0.000000,0.000000,0.000000,0.000000,8.000000,62.810000
1789080787.213484,0,0.000000,0.000000,1.000000,0.070000,0.000000,0.000000,0.000000,0.000000,8.000000,62.810000
1789080787.235789,0,0.000000,0.000000,1.000000,0.750000,0.000000,0.000000,0.000000,0.000000,8.000000,62.830000
1789080787.236290,0,0.000000,0.000000,1.000000,0.280000,0.000000,0.000000,0.000000,0.000000,8.000000,62.840000
1789080787.258007,0,0.000000,0.000000,1.000000,0.150000,0.000000,0.000000,0.000000,0.000000,8.000000,62.840000
1789080787.258506,0,0.000000,0.000000,1.000000,0.150000,0.000000,0.000000,0.000000,0.000000,8.000000,62.860000
1789080787.259019,0,0.000000,0.000000,1.000000,0.010000,0.000000,0.000000,0.000000,0.000000,8.000000,62.880000
1789080787.281940,0,0.000000,0.000000,1.000000,0.100000,0.000000,0.000000,0.000000,0.000000,8.000000,62.880000
1789080787.282534,0,0.000000,0.000000,1.000000,-0.340000,0.000000,0.000000,0.000000,0.000000,8.000000,62.900000
1789080787.304021,0,0.000000,0.000000,1.000000,-0.050000,0.000000,0.000000,0.000000,0.000000,8.000000,62.900000
1789080787.304521,0,0.000000,0.000000,1.000000,0.010000,0.000000,0.000000,0.000000,0.000000,8.000000,62.910000
1789080787.306245,0,0.000000,0.000000,1.000000,0.000000,0.000000,0.000000,0.000000,0.000000,8.000000,62.930000
1789080787.327930,0,0.000000,0.000000,1.000000,0.100000,0.000000,0.000000,0.000000,0.000000,8.000000,62.930000
1789080787.328556,0,0.000000,0.000000,1.000000,0.000000,0.000000,0.000000,0.000000,0.000000,8.000000,62.950000
1789080787.351511,0,0.000000,0.000000,1.000000,-0.140000,0.000000,0.000000,0.000000,0.000000,8.000000,62.950000
1789080787.352311,0,0.000000,0.000000,1.000000,0.010000,0.000000,0.000000,0.000000,0.000000,8.000000,62.970000
1789080787.373614,0,0.000000,0.000000,1.000000,0.100000,0.000000,0.000000,0.000000,0.000000,8.000000,62.970000
1789080787.374169,0,0.000000,0.000000,1.000000,0.070000,0.000000,0.000000,0.000000,0.000000,8.000000,62.990000
1789080787.374910,0,0.000000,0.000000,1.000000,0.010000,0.000000,0.000000,0.000000,0.000000,8.000000,63.000000
1789080787.396778,0,0.000000,0.000000,1.000000,0.010000,0.000000,0.000000,0.000000,0.000000,8.000000,63.000000
1789080787.397582,0,0.000000,0.000000,1.000000,0.010000,0.000000,0.000000,0.000000,0.000000,8.000000,63.020000
1789080787.420183,0,0.000000,0.000000,1.000000,0.100000,0.000000,0.000000,0.000000,0.000000,8.000000,63.020000
1789080787.420679,0,0.000000,0.000000,1.000000,0.000000,0.000000,0.000000,0.000000,0.000000,8.000000,63.040000
1789080787.421193,0,0.000000,0.000000,1.000000,0.010000,0.000000,0.000000,0.000000,0.000000,8.000000,63.040000
1789080787.443624,0,0.000000,0.000000,1.000000,0.070000,0.000000,0.000000,0.000000,0.000000,8.000000,63.060000
1789080787.444333,0,0.000000,0.000000,1.000000,0.200000,0.000000,0.000000,0.000000,0.000000,8.000000,63.060000
1789080787.466090,0,0.000000,0.000000,1.000000,0.010000,0.000000,0.000000,0.000000,0.000000,8.000000,63.080000
1789080787.466704,0,0.000000,0.000000,1.000000,0.000000,0.000000,0.000000,0.000000,0.000000,8.000000,63.090000
1789080787.488343,0,0.000000,0.000000,1.000000,0.100000,0.000000,0.000000,0.000000,0.000000,8.000000,63.090000
1789080787.488843,0,0.000000,0.000000,1.000000,0.000000,0.000000,0.000000,0.000000,0.000000,8.000000,63.110000
1789080787.510979,0,0.000000,0.000000,1.000000,-0.050000,0.000000,0.000000,0.000000,0.000000,8.000000,63.110000
1789080787.511475,0,0.000000,0.000000,1.000000,-0.050000,0.000000,0.000000,0.000000,0.000000,8.000000,63.110000
1789080787.533083,0,0.000000,0.000000,1.000000,0.010000,0.000000,0.000000,0.000000,0.000000,8.000000,63.130000
1789080787.533587,0,0.000000,0.000000,1.000000,0.280000,0.000000,0.000000,0.000000,0.000000,8.000000,63.130000
1789080787.533987,0,0.000000,0.000000,1.000000,0.070000,0.000000,0.000000,0.000000,0.000000,8.000000,63.150000
1789080787.555481,0,0.000000,0.000000,1.000000,0.100000,0.000000,0.000000,0.000000,0.000000,8.000000,63.150000
1789080787.555983,0,0.000000,0.000000,1.000000,-0.050000,0.000000,0.000000,0.000000,0.000000,8.000000,63.160000
1789080787.578373,0,0.000000,0.000000,1.000000,0.460000,0.000000,0.000000,0.000000,0.000000,8.000000,63.180000
1789080787.578880,0,0.000000,0.000000,1.000000,0.000000,0.000000,0.000000,0.000000,0.000000,8.000000,63.180000
1789080787.600273,0,0.000000,0.000000,1.000000,0.230000,0.000000,0.000000,0.000000,0.000000,8.000000,63.200000
1789080787.600778,0,0.000000,0.000000,1.000000,0.000000,0.000000,0.000000,0.000000,0.000000,8.000000,63.200000
1789080787.601192,0,0.000000,0.000000,1.000000,0.100000,0.000000,0.000000,0.000000,0.000000,8.000000,63.220000
1789080787.623501,0,0.000000,0.000000,1.000000,0.200000,0.000000,0.000000,0.000000,0.000000,8.000000,63.220000
1789080787.624002,0,0.000000,0.000000,1.000000,-0.090000,0.000000,0.000000,0.000000,0.000000,8.000000,63.240000
1789080787.645792,0,0.000000,0.000000,1.000000,0.100000,0.000000,0.000000,0.000000,0.000000,8.000000,63.250000
1789080787.646297,0,0.000000,0.000000,1.000000,0.070000,0.000000,0.000000,0.000000,0.000000,8.000000,63.250000
1789080787.646716,0,0.000000,0.000000,1.000000,-0.140000,0.000000,0.000000,0.000000,0.000000,8.000000,63.270000
1789080787.668124,0,0.000000,0.000000,1.000000,0.100000,0.000000,0.000000,0.000000,0.000000,8.000000,63.270000
1789080787.668626,0,0.000000,0.000000,1.000000,0.100000,0.000000,0.000000,0.000000,0.000000,8.000000,63.290000
1789080787.690587,0,0.000000,0.000000,1.000000,0.010000,0.000000,0.000000,0.000000,0.000000,8.000000,63.290000
1789080787.691090,0,0.000000,0.000000,1.000000,-0.140000,0.000000,0.000000,0.000000,0.000000,8.000000,63.310000
1789080787.714064,0,0.000000,0.000000,1.000000,0.100000,0.000000,0.000000,0.000000,0.000000,8.000000,63.310000
1789080787.736181,0,0.000000,0.000000,1.000000,0.100000,0.000000,0.000000,0.000000,0.000000,8.000000,63.330000
1789080787.736684,0,0.000000,0.000000,1.000000,0.330000,0.000000,0.000000,0.000000,0.000000,8.000000,63.340000
1789080787.737181,0,0.000000,0.000000,1.000000,0.200000,0.000000,0.000000,0.000000,0.000000,8.000000,63.340000
1789080787.759278,0,0.000000,0.000000,1.000000,0.070000,0.000000,0.000000,0.000000,0.000000,8.000000,63.360000
1789080787.759788,0,0.000000,0.000000,1.000000,0.280000,0.000000,0.000000,0.000000,0.000000,8.000000,63.380000
1789080787.781662,0,0.000000,0.000000,1.000000,0.070000,0.000000,0.000000,0.000000,0.000000,8.000000,63.380000
1789080787.782157,0,0.000000,0.000000,1.000000,0.000000,0.000000,0.000000,0.000000,0.000000,8.000000,63.400000
1789080787.804327,0,0.000000,0.000000,1.000000,0.070000,0.000000,0.000000,0.000000,0.000000,8.000000,63.400000
1789080787.804965,0,0.000000,0.000000,1.000000,0.000000,0.000000,0.000000,0.000000,0.000000,8.000000,63.410000
1789080787.827576,0,0.000000,0.000000,1.000000,0.000000,0.000000,0.000000,0.000000,0.000000,8.000000,63.430000
1789080787.828071,0,0.000000,0.000000,1.000000,0.000000,0.000000,0.000000,0.000000,0.000000,8.000000,63.430000
1789080787.828482,0,0.000000,0.000000,1.000000,0.150000,0.000000,0.000000,0.000000,0.000000,8.000000,63.450000
1789080787.849894,0,0.000000,0.000000,1.000000,0.150000,0.000000,0.000000,0.000000,0.000000,8.000000,63.450000
1789080787.850405,0,0.000000,0.000000,1.000000,0.010000,0.000000,0.000000,0.000000,0.000000,8.000000,63.470000
1789080787.871920,0,0.000000,0.000000,1.000000,0.280000,0.000000,0.000000,0.000000,0.000000,8.000000,63.470000
1789080787.872422,0,0.000000,0.000000,1.000000,0.200000,0.000000,0.000000,0.000000,0.000000,8.000000,63.490000
1789080787.894289,0,0.000000,0.000000,1.000000,0.000000,0.000000,0.000000,0.000000,0.000000,8.000000,63.500000
1789080787.894789,0,0.000000,0.000000,1.000000,-0.050000,0.000000,0.000000,0.000000,0.000000,8.000000,63.500000
1789080787.916098,0,0.000000,0.000000,1.000000,0.070000,0.000000,0.000000,0.000000,0.000000,8.000000,63.520000
1789080787.916603,0,0.000000,0.000000,1.000000,0.200000,0.000000,0.000000,0.000000,0.000000,8.000000,63.520000
1789080787.917020,0,0.000000,0.000000,1.000000,-0.090000,0.000000,0.000000,0.000000,0.000000,8.000000,63.540000
1789080787.938862,0,0.000000,0.000000,1.000000,0.100000,0.000000,0.000000,0.000000,0.000000,8.000000,63.540000
1789080787.960284,0,0.000000,0.000000,1.000000,0.000000,0.000000,0.000000,0.000000,0.000000,8.000000,63.560000
1789080787.960782,0,0.000000,0.000000,1.000000,0.100000,0.000000,0.000000,0.000000,0.000000,8.000000,63.560000
1789080787.961301,0,0.000000,0.000000,1.000000,0.010000,0.000000,0.000000,0.000000,0.000000,8.000000,63.580000
1789080787.961758,0,0.000000,0.000000,1.000000,-0.050000,0.000000,0.000000,0.000000,0.000000,8.000000,63.580000
1789080787.984076,0,0.000000,0.000000,1.000000,-0.140000,0.000000,0.000000,0.000000,0.000000,8.000000,63.590000
1789080787.984593,0,0.000000,0.000000,1.000000,0.100000,0.000000,0.000000,0.000000,0.000000,8.000000,63.590000
1789080788.008890,0,0.000000,0.000000,1.000000,0.010000,0.000000,0.000000,0.000000,0.000000,8.000000,63.610000
1789080788.009443,0,0.000000,0.000000,1.000000,-0.140000,0.000000,0.000000,0.000000,0.000000,8.000000,63.610000
1789080788.032781,0,0.000000,0.000000,1.000000,0.100000,0.000000,0.000000,0.000000,0.000000,8.000000,63.630000
1789080788.033290,0,0.000000,0.000000,1.000000,0.000000,0.000000,0.000000,0.000000,0.000000,8.000000,63.630000
1789080788.033851,0,0.000000,0.000000,1.000000,-0.090000,0.000000,0.000000,0.000000,0.000000,8.000000,63.650000
1789080788.055931,0,0.000000,0.000000,1.000000,0.010000,0.000000,0.000000,0.000000,0.000000,8.000000,63.650000
1789080788.056485,0,0.000000,0.000000,1.000000,0.000000,0.000000,0.000000,0.000000,0.000000,8.000000,63.660000
1789080788.056929,0,0.000000,0.000000,1.000000,-0.050000,0.000000,0.000000,0.000000,0.000000,8.000000,63.680000
1789080788.080130,0,0.000000,0.000000,1.000000,0.000000,0.000000,0.000000,0.000000,0.000000,8.000000,63.680000
1789080788.080751,0,0.000000,0.000000,1.000000,0.100000,0.000000,0.000000,0.000000,0.000000,8.000000,63.700000
1789080788.102759,0,0.000000,0.000000,1.000000,0.200000,0.000000,0.000000,0.000000,0.000000,8.000000,63.700000
1789080788.103259,0,0.000000,0.000000,1.000000,-0.050000,0.000000,0.000000,0.000000,0.000000,8.000000,63.720000
1789080788.103672,0,0.000000,0.000000,1.000000,0.100000,0.000000,0.000000,0.000000,0.000000,8.000000,63.720000
1789080788.127985,0,0.000000,0.000000,1.000000,-0.180000,0.000000,0.000000,0.000000,0.000000,8.000000,63.740000
1789080788.152374,0,0.000000,0.000000,1.000000,0.100000,0.000000,0.000000,0.000000,0.000000,8.000000,63.750000
1789080788.152872,0,0.000000,0.000000,1.000000,0.230000,0.000000,0.000000,0.000000,0.000000,8.000000,63.750000
1789080788.176192,0,0.000000,0.000000,1.000000,0.010000,0.000000,0.000000,0.000000,0.000000,8.000000,63.770000
1789080788.176682,0,0.000000,0.000000,1.000000,0.230000,0.000000,0.000000,0.000000,0.000000,8.000000,63.770000
1789080788.177280,0,0.000000,0.000000,1.000000,0.150000,0.000000,0.000000,0.000000,0.000000,8.000000,63.790000
1789080788.201338,0,0.000000,0.000000,1.000000,0.010000,0.000000,0.000000,0.000000,0.000000,8.000000,63.790000
1789080788.201845,0,0.000000,0.000000,1.000000,0.230000,0.000000,0.000000,0.000000,0.000000,8.000000,63.810000
1789080788.225302,0,0.000000,0.000000,1.000000,-0.050000,0.000000,0.000000,0.000000,0.000000,8.000000,63.810000
1789080788.225839,0,0.000000,0.000000,1.000000,0.200000,0.000000,0.000000,0.000000,0.000000,8.000000,63.830000
1789080788.226220,0,0.000000,0.000000,1.000000,0.000000,0.000000,0.000000,0.000000,0.000000,8.000000,63.840000
1789080788.250661,0,0.000000,0.000000,1.000000,0.070000,0.000000,0.000000,0.000000,0.000000,8.000000,63.840000
1789080788.251224,0,0.000000,0.000000,1.000000,-0.090000,0.000000,0.000000,0.000000,0.000000,8.000000,63.860000
1789080788.275590,0,0.000000,0.000000,1.000000,-0.140000,0.000000,0.000000,0.000000,0.000000,8.000000,63.860000
1789080788.276090,0,0.000000,0.000000,1.000000,0.000000,0.000000,0.000000,0.000000,0.000000,8.000000,63.880000
1789080788.276507,0,0.000000,0.000000,1.000000,-0.140000,0.000000,0.000000,0.000000,0.000000,8.000000,63.880000
1789080788.276881,0,0.000000,0.000000,1.000000,0.000000,0.000000,0.000000,0.000000,0.000000,8.000000,63.900000
1789080788.300754,0,0.000000,0.000000,1.000000,0.010000,0.000000,0.000000,0.000000,0.000000,8.000000,63.900000
1789080788.325088,0,0.000000,0.000000,1.000000,-0.050000,0.000000,0.000000,0.000000,0.000000,8.000000,63.910000
1789080788.325588,0,0.000000,0.000000,1.000000,0.000000,0.000000,0.000000,0.000000,0.000000,8.000000,63.930000
1789080788.325963,0,0.000000,0.000000,1.000000,-0.050000,0.000000,0.000000,0.000000,0.000000,8.000000,63.930000
1789080788.349899,0,0.000000,0.000000,1.000000,0.070000,0.000000,0.000000,0.000000,0.000000,8.000000,63.950000
1789080788.350430,0,0.000000,0.000000,1.000000,0.000000,0.000000,0.000000,0.000000,0.000000,8.000000,63.950000
1789080788.374205,0,0.000000,0.000000,1.000000,-0.050000,0.000000,0.000000,0.000000,0.000000,8.000000,63.970000
1789080788.374703,0,0.000000,0.000000,1.000000,-0.050000,0.000000,0.000000,0.000000,0.000000,8.000000,63.970000
1789080788.398898,0,0.000000,0.000000,1.000000,0.230000,0.000000,0.000000,0.000000,0.000000,8.000000,63.990000
1789080788.399404,0,0.000000,0.000000,1.000000,0.070000,0.000000,0.000000,0.000000,0.000000,8.000000,64.010000
1789080788.423599,0,0.000000,0.000000,1.000000,0.010000,0.000000,0.000000,0.000000,0.000000,8.000000,64.010000
1789080788.424104,0,0.000000,0.000000,1.000000,-0.050000,0.000000,0.000000,0.000000,0.000000,8.000000,64.020000
1789080788.448887,0,0.000000,0.000000,1.000000,0.200000,0.000000,0.000000,0.000000,0.000000,8.000000,64.040000
1789080788.449399,0,0.000000,0.000000,1.000000,0.070000,0.000000,0.000000,0.000000,0.000000,8.000000,64.050000
1789080788.449804,0,0.000000,0.000000,1.000000,0.330000,0.000000,0.000000,0.000000,0.000000,8.000000,64.050000
1789080788.473402,0,0.000000,0.000000,1.000000,-0.050000,0.000000,0.000000,0.000000,0.000000,8.000000,64.060000
1789080788.473902,0,0.000000,0.000000,1.000000,0.070000,0.000000,0.000000,0.000000,0.000000,8.000000,64.080000
1789080788.474285,0,0.000000,0.000000,1.000000,0.070000,0.000000,0.000000,0.000000,0.000000,8.000000,64.080000
1789080788.499618,0,0.000000,0.000000,1.000000,0.070000,0.000000,0.000000,0.000000,0.000000,8.000000,64.090000
1789080788.500127,0,0.000000,0.000000,1.000000,0.000000,0.000000,0.000000,0.000000,0.000000,8.000000,64.110000
1789080788.524231,0,0.000000,0.000000,1.000000,0.070000,0.000000,0.000000,0.000000,0.000000,8.000000,64.120000
1789080788.524756,0,0.000000,0.000000,1.000000,0.100000,0.000000,0.000000,0.000000,0.000000,8.000000,64.120000
1789080788.525175,0,0.000000,0.000000,1.000000,0.070000,0.000000,0.000000,0.000000,0.000000,8.000000,64.130000
1789080788.548661,0,0.000000,0.000000,1.000000,0.280000,0.000000,0.000000,0.000000,0.000000,8.000000,64.150000
1789080788.549161,0,0.000000,0.000000,1.000000,0.200000,0.000000,0.000000,0.000000,0.000000,8.000000,64.160000
1789080788.573148,0,0.000000,0.000000,1.000000,0.150000,0.000000,0.000000,0.000000,0.000000,8.000000,64.160000
1789080788.597724,0,0.000000,0.000000,1.000000,0.230000,0.000000,0.000000,0.000000,0.000000,8.000000,64.190000
1789080788.598229,0,0.000000,0.000000,1.000000,0.200000,0.000000,0.000000,0.000000,0.000000,8.000000,64.190000
1789080788.598751,0,0.000000,0.000000,1.000000,0.070000,0.000000,0.000000,0.000000,0.000000,8.000000,64.200000
1789080788.622779,0,0.000000,0.000000,1.000000,0.070000,0.000000,0.000000,0.000000,0.000000,8.000000,64.220000
1789080788.623286,0,0.000000,0.000000,1.000000,0.070000,0.000000,0.000000,0.000000,0.000000,8.000000,64.230000
1789080788.647731,0,0.000000,0.000000,1.000000,-0.090000,0.000000,0.000000,0.000000,0.000000,8.000000,64.230000
1789080788.648257,0,0.000000,0.000000,1.000000,0.400000,0.000000,0.000000,0.000000,0.000000,8.000000,64.250000
1789080788.648727,0,0.000000,0.000000,1.000000,0.230000,0.000000,0.000000,0.000000,0.000000,8.000000,64.260000
1789080788.671848,0,0.000000,0.000000,1.000000,-0.210000,0.000000,0.000000,0.000000,0.000000,8.000000,64.260000
1789080788.672362,0,0.000000,0.000000,1.000000,0.070000,0.000000,0.000000,0.000000,0.000000,8.000000,64.270000
1789080788.672763,0,0.000000,0.000000,1.000000,0.100000,0.000000,0.000000,0.000000,0.000000,8.000000,64.290000
1789080788.673252,0,0.000000,0.000000,1.000000,0.070000,0.000000,0.000000,0.000000,0.000000,8.000000,64.300000
1789080788.697028,0,0.000000,0.000000,1.000000,0.200000,0.000000,0.000000,0.000000,0.000000,8.000000,64.300000
1789080788.721710,0,0.000000,0.000000,1.000000,0.010000,0.000000,0.000000,0.000000,0.000000,8.000000,64.310000
1789080788.722221,0,0.000000,0.000000,1.000000,0.150000,0.000000,0.000000,0.000000,0.000000,8.000000,64.330000
1789080788.746847,0,0.000000,0.000000,1.000000,0.150000,0.000000,0.000000,0.000000,0.000000,8.000000,64.330000
1789080788.747419,0,0.000000,0.000000,1.000000,-0.270000,0.000000,0.000000,0.000000,0.000000,8.000000,64.340000
1789080788.747828,0,0.000000,0.000000,1.000000,0.010000,0.000000,0.000000,0.000000,0.000000,8.000000,64.360000
1789080788.748466,0,0.000000,0.000000,1.000000,-0.090000,0.000000,0.000000,0.000000,0.000000,8.000000,64.370000
1789080788.772961,0,0.000000,0.000000,1.000000,0.150000,0.000000,0.000000,0.000000,0.000000,8.000000,64.370000
1789080788.773459,0,0.000000,0.000000,1.000000,-0.210000,0.000000,0.000000,0.000000,0.000000,8.000000,64.380000
1789080788.798061,0,0.000000,0.000000,1.000000,0.010000,0.000000,0.000000,0.000000,0.000000,8.000000,64.400000
1789080788.798567,0,0.000000,0.000000,1.000000,0.000000,0.000000,0.000000,0.000000,0.000000,8.000000,64.410000
1789080788.822646,0,0.000000,0.000000,1.000000,0.010000,0.000000,0.000000,0.000000,0.000000,8.000000,64.410000
1789080788.823153,0,0.000000,0.000000,1.000000,-0.090000,0.000000,0.000000,0.000000,0.000000,8.000000,64.430000
1789080788.823571,0,0.000000,0.000000,1.000000,-0.090000,0.000000,0.000000,0.000000,0.000000,8.000000,64.440000
1789080788.847965,0,0.000000,0.000000,1.000000,-0.180000,0.000000,0.000000,0.000000,0.000000,8.000000,64.440000
1789080788.848466,0,0.000000,0.000000,1.000000,0.200000,0.000000,0.000000,0.000000,0.000000,8.000000,64.450000
1789080788.873038,0,0.000000,0.000000,1.000000,-0.140000,0.000000,0.000000,0.000000,0.000000,8.000000,64.470000
1789080788.873598,0,0.000000,0.000000,1.000000,0.070000,0.000000,0.000000,0.000000,0.000000,8.000000,64.480000
1789080788.897776,0,0.000000,0.000000,1.000000,0.230000,0.000000,0.000000,0.000000,0.000000,8.000000,64.480000
1789080788.898292,0,0.000000,0.000000,1.000000,0.100000,0.000000,0.000000,0.000000,0.000000,8.000000,64.500000
1789080788.898688,0,0.000000,0.000000,1.000000,-0.050000,0.000000,0.000000,0.000000,0.000000,8.000000,64.510000
1789080788.922571,0,0.000000,0.000000,1.000000,-0.050000,0.000000,0.000000,0.000000,0.000000,8.000000,64.510000
1789080788.923079,0,0.000000,0.000000,1.000000,-0.180000,0.000000,0.000000,0.000000,0.000000,8.000000,64.520000
1789080788.947243,0,0.000000,0.000000,1.000000,0.000000,0.000000,0.000000,0.000000,0.000000,8.000000,64.540000
1789080788.947752,0,0.000000,0.000000,1.000000,0.070000,0.000000,0.000000,0.000000,0.000000,8.000000,64.550000
1789080788.948141,0,0.000000,0.000000,1.000000,0.280000,0.000000,0.000000,0.000000,0.000000,8.000000,64.550000
1789080788.974839,0,0.000000,0.000000,1.000000,0.010000,0.000000,0.000000,0.000000,0.000000,8.000000,64.560000
1789080788.975352,0,0.000000,0.000000,1.000000,0.280000,0.000000,0.000000,0.000000,0.000000,8.000000,64.580000
1789080788.975749,0,0.000000,0.000000,1.000000,-0.050000,0.000000,0.000000,0.000000,0.000000,8.000000,64.580000
1789080788.976263,0,0.000000,0.000000,1.000000,0.150000,0.000000,0.000000,0.000000,0.000000,8.000000,64.590000
1789080789.002993,0,0.000000,0.000000,1.000000,-0.180000,0.000000,0.000000,0.000000,0.000000,8.000000,64.610000
1789080789.029052,0,0.000000,0.000000,1.000000,0.000000,0.000000,0.000000,0.000000,0.000000,8.000000,64.620000
1789080789.029562,0,0.000000,0.000000,1.000000,0.100000,0.000000,0.000000,0.000000,0.000000,8.000000,64.620000
1789080789.030019,0,0.000000,0.000000,1.000000,0.010000,0.000000,0.000000,0.000000,0.000000,8.000000,64.630000
1789080789.055052,0,0.000000,0.000000,1.000000,-0.050000,0.000000,0.000000,0.000000,0.000000,8.000000,64.650000
1789080789.055557,0,0.000000,0.000000,1.000000,0.200000,0.000000,0.000000,0.000000,0.000000,8.000000,64.660000
1789080789.056195,0,0.000000,0.000000,1.000000,0.200000,0.000000,0.000000,0.000000,0.000000,8.000000,64.660000
1789080789.080937,0,0.000000,0.000000,1.000000,0.200000,0.000000,0.000000,0.000000,0.000000,8.000000,64.680000
1789080789.081444,0,0.000000,0.000000,1.000000,-0.050000,0.000000,0.000000,0.000000,0.000000,8.000000,64.690000
1789080789.081983,0,0.000000,0.000000,1.000000,0.070000,0.000000,0.000000,0.000000,0.000000,8.000000,64.690000
1789080789.106877,0,0.000000,0.000000,1.000000,0.000000,0.000000,0.000000,0.000000,0.000000,8.000000,64.700000
1789080789.107380,0,0.000000,0.000000,1.000000,0.150000,0.000000,0.000000,0.000000,0.000000,8.000000,64.720000
1789080789.108147,0,0.000000,0.000000,1.000000,-0.430000,0.000000,0.000000,0.000000,0.000000,8.000000,64.730000
1789080789.133929,0,0.000000,0.000000,1.000000,0.010000,0.000000,0.000000,0.000000,0.000000,8.000000,64.730000
1789080789.160744,0,0.000000,0.000000,1.000000,-0.180000,0.000000,0.000000,0.000000,0.000000,8.000000,64.750000
1789080789.161255,0,0.000000,0.000000,1.000000,0.100000,0.000000,0.000000,0.000000,0.000000,8.000000,64.760000
1789080789.161782,0,0.000000,0.000000,1.000000,0.000000,0.000000,0.000000,0.000000,0.000000,8.000000,64.760000
1789080789.186378,0,0.000000,0.000000,1.000000,0.010000,0.000000,0.000000,0.000000,0.000000,8.000000,64.770000
1789080789.186879,0,0.000000,0.000000,1.000000,0.200000,0.000000,0.000000,0.000000,0.000000,8.000000,64.790000
1789080789.187272,0,0.000000,0.000000,1.000000,0.100000,0.000000,0.000000,0.000000,0.000000,8.000000,64.800000
1789080789.213270,0,0.000000,0.000000,1.000000,-0.210000,0.000000,0.000000,0.000000,0.000000,8.000000,64.800000
1789080789.213904,0,0.000000,0.000000,1.000000,0.720000,0.000000,0.000000,0.000000,0.000000,8.000000,64.810000
1789080789.214335,0,0.000000,0.000000,1.000000,-0.520000,0.000000,0.000000,0.000000,0.000000,8.000000,64.830000
1789080789.240067,0,0.000000,0.000000,1.000000,0.150000,0.000000,0.000000,0.000000,0.000000,8.000000,64.830000
1789080789.240578,0,0.000000,0.000000,1.000000,0.000000,0.000000,0.000000,0.000000,0.000000,8.000000,64.840000
1789080789.265636,0,0.000000,0.000000,1.000000,0.070000,0.000000,0.000000,0.000000,0.000000,8.000000,64.860000
1789080789.266189,0,0.000000,0.000000,1.000000,-0.270000,0.000000,0.000000,0.000000,0.000000,8.000000,64.870000
1789080789.266590,0,0.000000,0.000000,1.000000,0.010000,0.000000,0.000000,0.000000,0.000000,8.000000,64.870000
1789080789.267337,0,0.000000,0.000000,1.000000,-0.090000,0.000000,0.000000,0.000000,0.000000,8.000000,64.880000
1789080789.292479,0,0.000000,0.000000,1.000000,0.070000,0.000000,0.000000,0.000000,0.000000,8.000000,64.900000
1789080789.318216,0,0.000000,0.000000,1.000000,0.070000,0.000000,0.000000,0.000000,0.000000,8.000000,64.910000
1789080789.318832,0,0.000000,0.000000,1.000000,-0.140000,0.000000,0.000000,0.000000,0.000000,8.000000,64.910000
1789080789.319242,0,0.000000,0.000000,1.000000,0.540000,0.000000,0.000000,0.000000,0.000000,8.000000,64.930000
1789080789.344807,0,0.000000,0.000000,1.000000,0.000000,0.000000,0.000000,0.000000,0.000000,8.000000,64.940000
1789080789.345314,0,0.000000,0.000000,1.000000,0.010000,0.000000,0.000000,0.000000,0.000000,8.000000,64.940000
1789080789.370154,0,0.000000,0.000000,1.000000,-0.310000,0.000000,0.000000,0.000000,0.000000,8.000000,64.950000
1789080789.370658,0,0.000000,0.000000,1.000000,-0.180000,0.000000,0.000000,0.000000,0.000000,8.000000,64.970000
1789080789.371054,0,0.000000,0.000000,1.000000,0.000000,0.000000,0.000000,0.000000,0.000000,8.000000,64.980000
1789080789.371448,0,0.000000,0.000000,1.000000,0.200000,0.000000,0.000000,0.000000,0.000000,8.000000,64.980000
1789080789.395899,0,0.000000,0.000000,1.000000,-0.090000,0.000000,0.000000,0.000000,0.000000,8.000000,65.000000
1789080789.396377,0,0.000000,0.000000,1.000000,0.010000,0.000000,0.000000,0.000000,0.000000,8.000000,65.010000
1789080789.421225,0,0.000000,0.000000,1.000000,0.150000,0.000000,0.000000,0.000000,0.000000,8.000000,65.010000
1789080789.421769,0,0.000000,0.000000,1.000000,0.070000,0.000000,0.000000,0.000000,0.000000,8.000000,65.020000
1789080789.422439,0,0.000000,0.000000,1.000000,-0.090000,0.000000,0.000000,0.000000,0.000000,8.000000,65.040000
1789080789.447169,0,0.000000,0.000000,1.000000,-0.090000,0.000000,0.000000,0.000000,0.000000,8.000000,65.050000
1789080789.447645,0,0.000000,0.000000,1.000000,0.230000,0.000000,0.000000,0.000000,0.000000,8.000000,65.050000
1789080789.448148,0,0.000000,0.000000,1.000000,-0.090000,0.000000,0.000000,0.000000,0.000000,8.000000,65.060000
1789080789.472059,0,0.000000,0.000000,1.000000,0.000000,0.000000,0.000000,0.000000,0.000000,8.000000,65.080000
1789080789.472561,0,0.000000,0.000000,1.000000,0.100000,0.000000,0.000000,0.000000,0.000000,8.000000,65.080000
1789080789.497515,0,0.000000,0.000000,1.000000,0.000000,0.000000,0.000000,0.000000,0.000000,8.000000,65.090000
1789080789.498047,0,0.000000,0.000000,1.000000,0.100000,0.000000,0.000000,0.000000,0.000000,8.000000,65.110000
1789080789.498561,0,0.000000,0.000000,1.000000,0.070000,0.000000,0.000000,0.000000,0.000000,8.000000,65.120000
1789080789.522273,0,0.000000,0.000000,1.000000,0.070000,0.000000,0.000000,0.000000,0.000000,8.000000,65.120000
1789080789.522781,0,0.000000,0.000000,1.000000,-0.210000,0.000000,0.000000,0.000000,0.000000,8.000000,65.130000
1789080789.547639,0,0.000000,0.000000,1.000000,0.000000,0.000000,0.000000,0.000000,0.000000,8.000000,65.150000
1789080789.548285,0,0.000000,0.000000,1.000000,0.010000,0.000000,0.000000,0.000000,0.000000,8.000000,65.160000
1789080789.572570,0,0.000000,0.000000,1.000000,0.010000,0.000000,0.000000,0.000000,0.000000,8.000000,65.160000
1789080789.573067,0,0.000000,0.000000,1.000000,0.280000,0.000000,0.000000,0.000000,0.000000,8.000000,65.180000
1789080789.573467,0,0.000000,0.000000,1.000000,0.010000,0.000000,0.000000,0.000000,0.000000,8.000000,65.190000
1789080789.598293,0,0.000000,0.000000,1.000000,-0.090000,0.000000,0.000000,0.000000,0.000000,8.000000,65.190000
1789080789.598794,0,0.000000,0.000000,1.000000,0.000000,0.000000,0.000000,0.000000,0.000000,8.000000,65.200000
1789080789.599206,0,0.000000,0.000000,1.000000,0.070000,0.000000,0.000000,0.000000,0.000000,8.000000,65.220000
1789080789.623828,0,0.000000,0.000000,1.000000,-0.050000,0.000000,0.000000,0.000000,0.000000,8.000000,65.230000
1789080789.624468,0,0.000000,0.000000,1.000000,-0.050000,0.000000,0.000000,0.000000,0.000000,8.000000,65.230000
1789080789.649401,0,0.000000,0.000000,1.000000,0.010000,0.000000,0.000000,0.000000,0.000000,8.000000,65.250000
1789080789.649909,0,0.000000,0.000000,1.000000,0.070000,0.000000,0.000000,0.000000,0.000000,8.000000,65.260000
1789080789.650328,0,0.000000,0.000000,1.000000,0.070000,0.000000,0.000000,0.000000,0.000000,8.000000,65.260000
1789080789.674388,0,0.000000,0.000000,1.000000,0.070000,0.000000,0.000000,0.000000,0.000000,8.000000,65.260000
1789080789.674886,0,0.000000,0.000000,1.000000,0.150000,0.000000,0.000000,0.000000,0.000000,8.000000,65.270000
1789080789.675306,0,0.000000,0.000000,1.000000,0.070000,0.000000,0.000000,0.000000,0.000000,8.000000,65.290000
1789080789.700956,0,0.000000,0.000000,1.000000,0.000000,0.000000,0.000000,0.000000,0.000000,8.000000,65.300000
1789080789.701487,0,0.000000,0.000000,1.000000,0.010000,0.000000,0.000000,0.000000,0.000000,8.000000,65.300000
1789080789.725527,0,0.000000,0.000000,1.000000,0.010000,0.000000,0.000000,0.000000,0.000000,8.000000,65.310000
1789080789.726002,0,0.000000,0.000000,1.000000,0.000000,0.000000,0.000000,0.000000,0.000000,8.000000,65.330000
1789080789.750369,0,0.000000,0.000000,1.000000,0.010000,0.000000,0.000000,0.000000,0.000000,8.000000,65.330000
1789080789.750899,0,0.000000,0.000000,1.000000,0.200000,0.000000,0.000000,0.000000,0.000000,8.000000,65.340000
1789080789.751357,0,0.000000,0.000000,1.000000,0.010000,0.000000,0.000000,0.000000,0.000000,8.000000,65.370000
1789080789.775265,0,0.000000,0.000000,1.000000,0.070000,0.000000,0.000000,0.000000,0.000000,8.000000,65.370000
1789080789.775776,0,0.000000,0.000000,1.000000,-0.090000,0.000000,0.000000,0.000000,0.000000,8.000000,65.380000
1789080789.776427,0,0.000000,0.000000,1.000000,0.010000,0.000000,0.000000,0.000000,0.000000,8.000000,65.400000
1789080789.800675,0,0.000000,0.000000,1.000000,-0.090000,0.000000,0.000000,0.000000,0.000000,8.000000,65.410000
1789080789.801266,0,0.000000,0.000000,1.000000,-0.050000,0.000000,0.000000,0.000000,0.000000,8.000000,65.410000
1789080789.825359,0,0.000000,0.000000,1.000000,0.070000,0.000000,0.000000,0.000000,0.000000,8.000000,65.430000
1789080789.825866,0,0.000000,0.000000,1.000000,-0.560000,0.000000,0.000000,0.000000,0.000000,8.000000,65.440000
1789080789.851059,0,0.000000,0.000000,1.000000,0.200000,0.000000,0.000000,0.000000,0.000000,8.000000,65.440000
1789080789.851564,0,0.000000,0.000000,1.000000,0.100000,0.000000,0.000000,0.000000,0.000000,8.000000,65.450000
1789080789.852081,0,0.000000,0.000000,1.000000,0.230000,0.000000,0.000000,0.000000,0.000000,8.000000,65.470000
1789080789.876546,0,0.000000,0.000000,1.000000,-0.140000,0.000000,0.000000,0.000000,0.000000,8.000000,65.480000
1789080789.900467,0,0.000000,0.000000,1.000000,0.200000,0.000000,0.000000,0.000000,0.000000,8.000000,65.480000
1789080789.900970,0,0.000000,0.000000,1.000000,0.100000,0.000000,0.000000,0.000000,0.000000,8.000000,65.500000
1789080789.901388,0,0.000000,0.000000,1.000000,0.200000,0.000000,0.000000,0.000000,0.000000,8.000000,65.510000
1789080789.925729,0,0.000000,0.000000,1.000000,0.150000,0.000000,0.000000,0.000000,0.000000,8.000000,65.510000
1789080789.926229,0,0.000000,0.000000,1.000000,-0.310000,0.000000,0.000000,0.000000,0.000000,8.000000,65.520000
1789080789.950414,0,0.000000,0.000000,1.000000,-0.180000,0.000000,0.000000,0.000000,0.000000,8.000000,65.540000
1789080789.950922,0,0.000000,0.000000,1.000000,0.070000,0.000000,0.000000,0.000000,0.000000,8.000000,65.550000
1789080789.951344,0,0.000000,0.000000,1.000000,0.150000,0.000000,0.000000,0.000000,0.000000,8.000000,65.560000
1789080789.976176,0,0.000000,0.000000,1.000000,-0.520000,0.000000,0.000000,0.000000,0.000000,8.000000,65.580000
1789080789.976781,0,0.000000,0.000000,1.000000,-0.090000,0.000000,0.000000,0.000000,0.000000,8.000000,65.580000
1789080790.001792,0,0.000000,0.000000,1.000000,0.000000,0.000000,0.000000,0.000000,0.000000,8.000000,65.590000
1789080790.002405,0,0.000000,0.000000,1.000000,0.100000,0.000000,0.000000,0.000000,0.000000,8.000000,65.610000
1789080790.002816,0,0.000000,0.000000,1.000000,0.000000,0.000000,0.000000,0.000000,0.000000,8.000000,65.620000
1789080790.029047,0,0.000000,0.000000,1.000000,0.000000,0.000000,0.000000,0.000000,0.000000,8.000000,65.620000
1789080790.029600,0,0.000000,0.000000,1.000000,0.230000,0.000000,0.000000,0.000000,0.000000,8.000000,65.630000
1789080790.054154,0,0.000000,0.000000,1.000000,-0.090000,0.000000,0.000000,0.000000,0.000000,8.000000,65.630000
1789080790.054639,0,0.000000,0.000000,1.000000,0.200000,0.000000,0.000000,0.000000,0.000000,8.000000,65.660000
1789080790.055010,0,0.000000,0.000000,1.000000,0.200000,0.000000,0.000000,0.000000,0.000000,8.000000,65.660000
1789080790.055465,0,0.000000,0.000000,1.000000,0.150000,0.000000,0.000000,0.000000,0.000000,8.000000,65.680000
1789080790.079898,0,0.000000,0.000000,1.000000,0.000000,0.000000,0.000000,0.000000,0.000000,8.000000,65.690000
1789080790.080414,0,0.000000,0.000000,1.000000,0.000000,0.000000,0.000000,0.000000,0.000000,8.000000,65.690000
1789080790.104735,0,0.000000,0.000000,1.000000,0.000000,0.000000,0.000000,0.000000,0.000000,8.000000,65.700000
1789080790.105266,0,0.000000,0.000000,1.000000,-0.050000,0.000000,0.000000,0.000000,0.000000,8.000000,65.720000
1789080790.105837,0,0.000000,0.000000,1.000000,0.720000,0.000000,0.000000,0.000000,0.000000,8.000000,65.730000
1789080790.129982,0,0.000000,0.000000,1.000000,0.010000,0.000000,0.000000,0.000000,0.000000,8.000000,65.730000
1789080790.130503,0,0.000000,0.000000,1.000000,0.070000,0.000000,0.000000,0.000000,0.000000,8.000000,65.750000
1789080790.155273,0,0.000000,0.000000,1.000000,0.150000,0.000000,0.000000,0.000000,0.000000,8.000000,65.760000
1789080790.155780,0,0.000000,0.000000,1.000000,-0.050000,0.000000,0.000000,0.000000,0.000000,8.000000,65.760000
1789080790.179880,0,0.000000,0.000000,1.000000,0.150000,0.000000,0.000000,0.000000,0.000000,8.000000,65.770000
1789080790.180421,0,0.000000,0.000000,1.000000,0.200000,0.000000,0.000000,0.000000,0.000000,8.000000,65.790000
1789080790.180809,0,0.000000,0.000000,1.000000,0.010000,0.000000,0.000000,0.000000,0.000000,8.000000,65.790000
1789080790.205480,0,0.000000,0.000000,1.000000,0.070000,0.000000,0.000000,0.000000,0.000000,8.000000,65.800000
1789080790.205990,0,0.000000,0.000000,1.000000,0.150000,0.000000,0.000000,0.000000,0.000000,8.000000,65.800000
1789080790.230825,0,0.000000,0.000000,1.000000,1.580000,0.000000,0.000000,0.000000,0.000000,8.000000,65.810000
1789080790.231301,0,0.000000,0.000000,1.000000,0.230000,0.000000,0.000000,0.000000,0.000000,8.000000,65.830000
1789080790.258198,0,0.000000,0.000000,1.000000,0.230000,0.000000,0.000000,0.000000,0.000000,8.000000,65.840000
1789080790.258704,0,0.000000,0.000000,1.000000,0.010000,0.000000,0.000000,0.000000,0.000000,8.000000,65.860000
1789080790.259106,0,0.000000,0.000000,1.000000,0.150000,0.000000,0.000000,0.000000,0.000000,8.000000,65.870000
1789080790.285599,0,0.000000,0.000000,1.000000,0.010000,0.000000,0.000000,0.000000,0.000000,8.000000,65.870000
1789080790.286106,0,0.000000,0.000000,1.000000,0.070000,0.000000,0.000000,0.000000,0.000000,8.000000,65.880000
1789080790.312325,0,0.000000,0.000000,1.000000,-0.270000,0.000000,0.000000,0.000000,0.000000,8.000000,65.900000
1789080790.312839,0,0.000000,0.000000,1.000000,0.100000,0.000000,0.000000,0.000000,0.000000,8.000000,65.910000
1789080790.313292,0,0.000000,0.000000,1.000000,0.100000,0.000000,0.000000,0.000000,0.000000,8.000000,65.910000
1789080790.340418,0,0.000000,0.000000,1.000000,0.100000,0.000000,0.000000,0.000000,0.000000,8.000000,65.930000
1789080790.340927,0,0.000000,0.000000,1.000000,0.100000,0.000000,0.000000,0.000000,0.000000,8.000000,65.940000
1789080790.341419,0,0.000000,0.000000,1.000000,0.070000,0.000000,0.000000,0.000000,0.000000,8.000000,65.940000
1789080790.367879,0,0.000000,0.000000,1.000000,0.070000,0.000000,0.000000,0.000000,0.000000,8.000000,65.970000
1789080790.368390,0,0.000000,0.000000,1.000000,0.100000,0.000000,0.000000,0.000000,0.000000,8.000000,65.970000
1789080790.393742,0,0.000000,0.000000,1.000000,0.280000,0.000000,0.000000,0.000000,0.000000,8.000000,65.980000
1789080790.394237,0,0.000000,0.000000,1.000000,0.070000,0.000000,0.000000,0.000000,0.000000,8.000000,65.980000
1789080790.394630,0,0.000000,0.000000,1.000000,-0.090000,0.000000,0.000000,0.000000,0.000000,8.000000,66.000000
1789080790.421582,0,0.000000,0.000000,1.000000,0.150000,0.000000,0.000000,0.000000,0.000000,8.000000,66.010000
1789080790.422093,0,0.000000,0.000000,1.000000,0.230000,0.000000,0.000000,0.000000,0.000000,8.000000,66.020000
1789080790.422766,0,0.000000,0.000000,1.000000,0.150000,0.000000,0.000000,0.000000,0.000000,8.000000,66.040000
1789080790.449416,0,0.000000,0.000000,1.000000,0.070000,0.000000,0.000000,0.000000,0.000000,8.000000,66.050000
1789080790.449985,0,0.000000,0.000000,1.000000,0.330000,0.000000,0.000000,0.000000,0.000000,8.000000,66.050000
1789080790.476678,0,0.000000,0.000000,1.000000,0.150000,0.000000,0.000000,0.000000,0.000000,8.000000,66.060000
1789080790.477204,0,0.000000,0.000000,1.000000,0.000000,0.000000,0.000000,0.000000,0.000000,8.000000,66.080000
1789080790.477624,0,0.000000,0.000000,1.000000,0.100000,0.000000,0.000000,0.000000,0.000000,8.000000,66.080000
1789080790.503892,0,0.000000,0.000000,1.000000,0.010000,0.000000,0.000000,0.000000,0.000000,8.000000,66.090000
1789080790.504399,0,0.000000,0.000000,1.000000,0.070000,0.000000,0.000000,0.000000,0.000000,8.000000,66.110000
1789080790.504801,0,0.000000,0.000000,1.000000,0.000000,0.000000,0.000000,0.000000,0.000000,8.000000,66.120000
1789080790.505488,0,0.000000,0.000000,1.000000,0.070000,0.000000,0.000000,0.000000,0.000000,8.000000,66.120000
1789080790.531987,0,0.000000,0.000000,1.000000,-0.140000,0.000000,0.000000,0.000000,0.000000,8.000000,66.130000
1789080790.532487,0,0.000000,0.000000,1.000000,-0.050000,0.000000,0.000000,0.000000,0.000000,8.000000,66.150000
1789080790.559203,0,0.000000,0.000000,1.000000,-0.140000,0.000000,0.000000,0.000000,0.000000,8.000000,66.160000
1789080790.559701,0,0.000000,0.000000,1.000000,0.070000,0.000000,0.000000,0.000000,0.000000,8.000000,66.160000
1789080790.586080,0,0.000000,0.000000,1.000000,-0.050000,0.000000,0.000000,0.000000,0.000000,8.000000,66.180000
1789080790.586627,0,0.000000,0.000000,1.000000,-0.090000,0.000000,0.000000,0.000000,0.000000,8.000000,66.190000
1789080790.587044,0,0.000000,0.000000,1.000000,0.150000,0.000000,0.000000,0.000000,0.000000,8.000000,66.190000
1789080790.615243,0,0.000000,0.000000,1.000000,-0.050000,0.000000,0.000000,0.000000,0.000000,8.000000,66.200000
1789080790.615776,0,0.000000,0.000000,1.000000,-0.090000,0.000000,0.000000,0.000000,0.000000,8.000000,66.220000
1789080790.616190,0,0.000000,0.000000,1.000000,0.010000,0.000000,0.000000,0.000000,0.000000,8.000000,66.230000
1789080790.644572,0,0.000000,0.000000,1.000000,0.100000,0.000000,0.000000,0.000000,0.000000,8.000000,66.230000
1789080790.645211,0,0.000000,0.000000,1.000000,-0.050000,0.000000,0.000000,0.000000,0.000000,8.000000,66.250000
1789080790.645635,0,0.000000,0.000000,1.000000,-0.050000,0.000000,0.000000,0.000000,0.000000,8.000000,66.260000
1789080790.674742,0,0.000000,0.000000,1.000000,-0.050000,0.000000,0.000000,0.000000,0.000000,8.000000,66.260000
1789080790.675294,0,0.000000,0.000000,1.000000,-0.050000,0.000000,0.000000,0.000000,0.000000,8.000000,66.270000
1789080790.675770,0,0.000000,0.000000,1.000000,-0.090000,0.000000,0.000000,0.000000,0.000000,8.000000,66.290000
1789080790.702857,0,0.000000,0.000000,1.000000,-0.050000,0.000000,0.000000,0.000000,0.000000,8.000000,66.300000
1789080790.703380,0,0.000000,0.000000,1.000000,0.100000,0.000000,0.000000,0.000000,0.000000,8.000000,66.300000
1789080790.703789,0,0.000000,0.000000,1.000000,0.000000,0.000000,0.000000,0.000000,0.000000,8.000000,66.310000
1789080790.731087,0,0.000000,0.000000,1.000000,-0.050000,0.000000,0.000000,0.000000,0.000000,8.000000,66.330000
1789080790.731607,0,0.000000,0.000000,1.000000,0.010000,0.000000,0.000000,0.000000,0.000000,8.000000,66.330000
1789080790.732025,0,0.000000,0.000000,1.000000,-0.090000,0.000000,0.000000,0.000000,0.000000,8.000000,66.340000
1789080790.758342,0,0.000000,0.000000,1.000000,0.010000,0.000000,0.000000,0.000000,0.000000,8.000000,66.360000
1789080790.758857,0,0.000000,0.000000,1.000000,-0.050000,0.000000,0.000000,0.000000,0.000000,8.000000,66.370000
1789080790.784361,0,0.000000,0.000000,1.000000,-0.140000,0.000000,0.000000,0.000000,0.000000,8.000000,66.370000
1789080790.784847,0,0.000000,0.000000,1.000000,-0.140000,0.000000,0.000000,0.000000,0.000000,8.000000,66.380000
1789080790.785261,0,0.000000,0.000000,1.000000,-0.210000,0.000000,0.000000,0.000000,0.000000,8.000000,66.400000
1789080790.810390,0,0.000000,0.000000,1.000000,0.010000,0.000000,0.000000,0.000000,0.000000,8.000000,66.410000
1789080790.810940,0,0.000000,0.000000,1.000000,-0.210000,0.000000,0.000000,0.000000,0.000000,8.000000,66.410000
1789080790.811528,0,0.000000,0.000000,1.000000,0.150000,0.000000,0.000000,0.000000,0.000000,8.000000,66.430000
1789080790.836965,0,0.000000,0.000000,1.000000,0.000000,0.000000,0.000000,0.000000,0.000000,8.000000,66.440000
1789080790.837476,0,0.000000,0.000000,1.000000,0.010000,0.000000,0.000000,0.000000,0.000000,8.000000,66.440000
1789080790.837881,0,0.000000,0.000000,1.000000,0.010000,0.000000,0.000000,0.000000,0.000000,8.000000,66.450000
1789080790.865426,0,0.000000,0.000000,1.000000,0.000000,0.000000,0.000000,0.000000,0.000000,8.000000,66.470000
1789080790.865986,0,0.000000,0.000000,1.000000,0.070000,0.000000,0.000000,0.000000,0.000000,8.000000,66.480000
1789080790.892867,0,0.000000,0.000000,1.000000,-0.140000,0.000000,0.000000,0.000000,0.000000,8.000000,66.480000
1789080790.893366,0,0.000000,0.000000,1.000000,-0.050000,0.000000,0.000000,0.000000,0.000000,8.000000,66.500000
1789080790.893794,0,0.000000,0.000000,1.000000,-0.090000,0.000000,0.000000,0.000000,0.000000,8.000000,66.510000
1789080790.919978,0,0.000000,0.000000,1.000000,0.000000,0.000000,0.000000,0.000000,0.000000,8.000000,66.510000
1789080790.920486,0,0.000000,0.000000,1.000000,0.000000,0.000000,0.000000,0.000000,0.000000,8.000000,66.520000
1789080790.920879,0,0.000000,0.000000,1.000000,-0.210000,0.000000,0.000000,0.000000,0.000000,8.000000,66.540000
1789080790.921250,0,0.000000,0.000000,1.000000,0.000000,0.000000,0.000000,0.000000,0.000000,8.000000,66.550000
1789080790.945982,0,0.000000,0.000000,1.000000,0.000000,0.000000,0.000000,0.000000,0.000000,8.000000,66.550000
1789080790.946820,0,0.000000,0.000000,1.000000,0.150000,0.000000,0.000000,0.000000,0.000000,8.000000,66.560000
1789080790.972558,0,0.000000,0.000000,1.000000,0.010000,0.000000,0.000000,0.000000,0.000000,8.000000,66.580000
1789080790.973040,0,0.000000,0.000000,1.000000,-0.050000,0.000000,0.000000,0.000000,0.000000,8.000000,66.580000
1789080790.996382,0,0.000000,0.000000,1.000000,-0.560000,0.000000,0.000000,0.000000,0.000000,8.000000,66.590000
1789080790.996901,0,0.000000,0.000000,1.000000,0.000000,0.000000,0.000000,0.000000,0.000000,8.000000,66.610000
