epoch,mark,Desired Torque (L),Measured Torque (L),Desired Torque (R),Measured Torque (R),Toe FSR (L),Stance Phase (L),Toe FSR (R),Stance Phase (R),Channel 8,Exoskeleton time (seconds)
1789149123.206736,0,0.000000,0.000000,0.000000,0.000000,0.000000,0.000000,0.000000,0.000000,8.000000,42.470000
1789149123.255980,0,0.000000,0.000000,0.000000,0.210000,0.000000,0.000000,0.000000,0.000000,8.000000,42.490000
1789149123.256418,0,0.000000,0.000000,0.000000,0.210000,0.000000,0.000000,0.000000,0.000000,8.000000,42.500000
1789149123.257016,0,0.000000,0.000000,0.000000,0.000000,0.000000,0.000000,0.000000,0.000000,8.000000,42.500000
1789149123.257392,0,0.000000,0.000000,0.000000,-0.010000,0.000000,0.000000,0.000000,0.000000,8.000000,42.520000
1789149123.309580,0,0.000000,0.000000,0.000000,-0.200000,0.000000,0.000000,0.000000,0.000000,8.000000,42.520000
1789149123.310041,0,0.000000,0.000000,0.000000,0.050000,0.000000,0.000000,0.000000,0.000000,8.000000,42.540000
1789149123.310389,0,0.000000,0.000000,0.000000,0.000000,0.000000,0.000000,0.000000,0.000000,8.000000,42.540000
1789149123.310704,0,0.000000,0.000000,0.000000,-0.010000,0.000000,0.000000,0.000000,0.000000,8.000000,42.560000
1789149123.311481,0,0.000000,0.000000,0.000000,-0.070000,0.000000,0.000000,0.000000,0.000000,8.000000,42.560000
1789149123.311875,0,0.000000,0.000000,0.000000,-0.010000,0.000000,0.000000,0.000000,0.000000,8.000000,42.580000
1789149123.362782,0,0.000000,0.000000,0.000000,0.000000,0.000000,0.000000,0.000000,0.000000,8.000000,42.590000
1789149123.363269,0,0.000000,0.000000,0.000000,0.050000,0.000000,0.000000,0.000000,0.000000,8.000000,42.590000
1789149123.364440,0,0.000000,0.000000,0.000000,0.000000,0.000000,0.000000,0.000000,0.000000,8.000000,42.610000
1789149123.365168,0,0.000000,0.000000,0.000000,0.000000,0.000000,0.000000,0.000000,0.000000,8.000000,42.610000
1789149123.365656,0,0.000000,0.000000,0.000000,0.050000,0.000000,0.000000,0.000000,0.000000,8.000000,42.630000
1789149123.421552,0,0.000000,0.000000,0.000000,0.000000,0.000000,0.000000,0.000000,0.000000,8.000000,42.630000
1789149123.422079,0,0.000000,0.000000,0.000000,0.000000,0.000000,0.000000,0.000000,0.000000,8.000000,42.650000
1789149123.422476,0,0.000000,0.000000,0.000000,0.000000,0.000000,0.000000,0.000000,0.000000,8.000000,42.650000
1789149123.423154,0,0.000000,0.000000,0.000000,-0.100000,0.000000,0.000000,0.000000,0.000000,8.000000,42.660000
1789149123.423587,0,0.000000,0.000000,0.000000,-0.010000,0.000000,0.000000,0.000000,0.000000,8.000000,42.680000
1789149123.423960,0,0.000000,0.000000,0.000000,0.180000,0.000000,0.000000,0.000000,0.000000,8.000000,42.680000
1789149123.424326,0,0.000000,0.000000,0.000000,0.000000,0.000000,0.000000,0.000000,0.000000,8.000000,42.700000
1789149123.486701,0,0.000000,0.000000,0.000000,0.100000,0.000000,0.000000,0.000000,0.000000,8.000000,42.700000
1789149123.487187,0,0.000000,0.000000,0.000000,-0.230000,0.000000,0.000000,0.000000,0.000000,8.000000,42.720000
1789149123.487696,0,0.000000,0.000000,0.000000,-0.100000,0.000000,0.000000,0.000000,0.000000,8.000000,42.720000
1789149123.488276,0,0.000000,0.000000,0.000000,-0.100000,0.000000,0.000000,0.000000,0.000000,8.000000,42.740000
1789149123.488679,0,0.000000,0.000000,0.000000,-0.010000,0.000000,0.000000,0.000000,0.000000,8.000000,42.750000
1789149123.489031,0,0.000000,0.000000,0.000000,-0.070000,0.000000,0.000000,0.000000,0.000000,8.000000,42.750000
1789149123.537879,0,0.000000,0.000000,0.000000,-0.070000,0.000000,0.000000,0.000000,0.000000,8.000000,42.770000
1789149123.538349,0,0.000000,0.000000,0.000000,0.180000,0.000000,0.000000,0.000000,0.000000,8.000000,42.770000
1789149123.538952,0,0.000000,0.000000,0.000000,0.140000,0.000000,0.000000,0.000000,0.000000,8.000000,42.790000
1789149123.539344,0,0.000000,0.000000,0.000000,0.140000,0.000000,0.000000,0.000000,0.000000,8.000000,42.790000
1789149123.539679,0,0.000000,0.000000,0.000000,-0.150000,0.000000,0.000000,0.000000,0.000000,8.000000,42.810000
1789149123.588457,0,0.000000,0.000000,0.000000,0.000000,0.000000,0.000000,0.000000,0.000000,8.000000,42.810000
1789149123.588907,0,0.000000,0.000000,0.000000,0.000000,0.000000,0.000000,0.000000,0.000000,8.000000,42.830000
1789149123.589534,0,0.000000,0.000000,0.000000,0.180000,0.000000,0.000000,0.000000,0.000000,8.000000,42.840000
1789149123.589913,0,0.000000,0.000000,0.000000,0.180000,0.000000,0.000000,0.000000,0.000000,8.000000,42.840000
1789149123.590244,0,0.000000,0.000000,0.000000,0.180000,0.000000,0.000000,0.000000,0.000000,8.000000,42.860000
1789149123.641603,0,0.000000,0.000000,0.000000,-0.010000,0.000000,0.000000,0.000000,0.000000,8.000000,42.860000
1789149123.642084,0,0.000000,0.000000,0.000000,0.050000,0.000000,0.000000,0.000000,0.000000,8.000000,42.880000
1789149123.642779,0,0.000000,0.000000,0.000000,-0.150000,0.000000,0.000000,0.000000,0.000000,8.000000,42.880000
1789149123.643221,0,0.000000,0.000000,0.000000,0.140000,0.000000,0.000000,0.000000,0.000000,8.000000,42.900000
1789149123.673223,0,0.000000,0.000000,0.000000,0.270000,0.000000,0.000000,0.000000,0.000000,8.000000,42.900000
1789149123.697509,0,0.000000,0.000000,0.000000,0.140000,0.000000,0.000000,0.000000,0.000000,8.000000,42.910000
1789149123.698478,0,0.000000,0.000000,0.000000,0.050000,0.000000,0.000000,0.000000,0.000000,8.000000,42.930000
1789149123.699224,0,0.000000,0.000000,0.000000,-0.070000,0.000000,0.000000,0.000000,0.000000,8.000000,42.930000
1789149123.699865,0,0.000000,0.000000,0.000000,-0.010000,0.000000,0.000000,0.000000,0.000000,8.000000,42.950000
1789149123.724347,0,0.000000,0.000000,0.000000,0.000000,0.000000,0.000000,0.000000,0.000000,8.000000,42.950000
1789149123.724826,0,0.000000,0.000000,0.000000,-0.150000,0.000000,0.000000,0.000000,0.000000,8.000000,42.970000
1789149123.750025,0,0.000000,0.000000,0.000000,0.050000,0.000000,0.000000,0.000000,0.000000,8.000000,42.970000
1789149123.750494,0,0.000000,0.000000,0.000000,0.100000,0.000000,0.000000,0.000000,0.000000,8.000000,42.990000
1789149123.774622,0,0.000000,0.000000,0.000000,0.100000,0.000000,0.000000,0.000000,0.000000,8.000000,43.000000
1789149123.775089,0,0.000000,0.000000,0.000000,-0.230000,0.000000,0.000000,0.000000,0.000000,8.000000,43.000000
1789149123.775457,0,0.000000,0.000000,0.000000,-0.010000,0.000000,0.000000,0.000000,0.000000,8.000000,43.020000
1789149123.799773,0,0.000000,0.000000,0.000000,0.000000,0.000000,0.000000,0.000000,0.000000,8.000000,43.020000
1789149123.800262,0,0.000000,0.000000,0.000000,-0.010000,0.000000,0.000000,0.000000,0.000000,8.000000,43.040000
1789149123.800688,0,0.000000,0.000000,0.000000,-0.010000,0.000000,0.000000,0.000000,0.000000,8.000000,43.040000
1789149123.825001,0,0.000000,0.000000,0.000000,-0.010000,0.000000,0.000000,0.000000,0.000000,8.000000,43.060000
1789149123.825480,0,0.000000,0.000000,0.000000,-0.010000,0.000000,0.000000,0.000000,0.000000,8.000000,43.060000
1789149123.826168,0,0.000000,0.000000,0.000000,-0.010000,0.000000,0.000000,0.000000,0.000000,8.000000,43.080000
1789149123.851671,0,0.000000,0.000000,0.000000,-0.100000,0.000000,0.000000,0.000000,0.000000,8.000000,43.090000
1789149123.852145,0,0.000000,0.000000,0.000000,0.000000,0.000000,0.000000,0.000000,0.000000,8.000000,43.090000
1789149123.877284,0,0.000000,0.000000,0.000000,0.000000,0.000000,0.000000,0.000000,0.000000,8.000000,43.110000
1789149123.877754,0,0.000000,0.000000,0.000000,0.000000,0.000000,0.000000,0.000000,0.000000,8.000000,43.110000
1789149123.878134,0,0.000000,0.000000,0.000000,-0.100000,0.000000,0.000000,0.000000,0.000000,8.000000,43.130000
1789149123.903745,0,0.000000,0.000000,0.000000,-0.010000,0.000000,0.000000,0.000000,0.000000,8.000000,43.130000
1789149123.904213,0,0.000000,0.000000,0.000000,-0.150000,0.000000,0.000000,0.000000,0.000000,8.000000,43.150000
1789149123.928371,0,0.000000,0.000000,0.000000,-0.010000,0.000000,0.000000,0.000000,0.000000,8.000000,43.150000
1789149123.928920,0,0.000000,0.000000,0.000000,-0.010000,0.000000,0.000000,0.000000,0.000000,8.000000,43.160000
1789149123.929421,0,0.000000,0.000000,0.000000,0.050000,0.000000,0.000000,0.000000,0.000000,8.000000,43.180000
1789149123.954940,0,0.000000,0.000000,0.000000,0.000000,0.000000,0.000000,0.000000,0.000000,8.000000,43.180000
1789149123.955511,0,0.000000,0.000000,0.000000,-0.010000,0.000000,0.000000,0.000000,0.000000,8.000000,43.200000
1789149123.956009,0,0.000000,0.000000,0.000000,-0.010000,0.000000,0.000000,0.000000,0.000000,8.000000,43.200000
1789149123.980977,0,0.000000,0.000000,0.000000,0.000000,0.000000,0.000000,0.000000,0.000000,8.000000,43.220000
1789149123.981665,0,0.000000,0.000000,0.000000,-0.010000,0.000000,0.000000,0.000000,0.000000,8.000000,43.220000
1789149124.006870,0,0.000000,0.000000,0.000000,0.100000,0.000000,0.000000,0.000000,0.000000,8.000000,43.240000
1789149124.007381,0,0.000000,0.000000,0.000000,-0.010000,0.000000,0.000000,0.000000,0.000000,8.000000,43.250000
1789149124.007769,0,0.000000,0.000000,0.000000,0.000000,0.000000,0.000000,0.000000,0.000000,8.000000,43.250000
1789149124.033539,0,0.000000,0.000000,0.000000,0.000000,0.000000,0.000000,0.000000,0.000000,8.000000,43.270000
1789149124.034317,0,0.000000,0.000000,0.000000,-0.010000,0.000000,0.000000,0.000000,0.000000,8.000000,43.270000
1789149124.060509,0,0.000000,0.000000,0.000000,0.210000,0.000000,0.000000,0.000000,0.000000,8.000000,43.290000
1789149124.060984,0,0.000000,0.000000,0.000000,0.000000,0.000000,0.000000,0.000000,0.000000,8.000000,43.290000
1789149124.061509,0,0.000000,0.000000,0.000000,0.050000,0.000000,0.000000,0.000000,0.000000,8.000000,43.290000
1789149124.087695,0,0.000000,0.000000,0.000000,0.100000,0.000000,0.000000,0.000000,0.000000,8.000000,43.310000
1789149124.088172,0,0.000000,0.000000,0.000000,0.140000,0.000000,0.000000,0.000000,0.000000,8.000000,43.310000
1789149124.117371,0,0.000000,0.000000,0.000000,0.050000,0.000000,0.000000,0.000000,0.000000,8.000000,43.330000
1789149124.118107,0,0.000000,0.000000,0.000000,-0.010000,0.000000,0.000000,0.000000,0.000000,8.000000,43.340000
1789149124.118593,0,0.000000,0.000000,0.000000,0.000000,0.000000,0.000000,0.000000,0.000000,8.000000,43.340000
1789149124.143217,0,0.000000,0.000000,0.000000,0.050000,0.000000,0.000000,0.000000,0.000000,8.000000,43.360000
1789149124.143703,0,0.000000,0.000000,0.000000,0.100000,0.000000,0.000000,0.000000,0.000000,8.000000,43.360000
1789149124.144192,0,0.000000,0.000000,0.000000,-0.010000,0.000000,0.000000,0.000000,0.000000,8.000000,43.380000
1789149124.169959,0,0.000000,0.000000,0.000000,0.180000,0.000000,0.000000,0.000000,0.000000,8.000000,43.380000
1789149124.170618,0,0.000000,0.000000,0.000000,0.140000,0.000000,0.000000,0.000000,0.000000,8.000000,43.400000
1789149124.194131,0,0.000000,0.000000,0.000000,0.000000,0.000000,0.000000,0.000000,0.000000,8.000000,43.410000
1789149124.194604,0,0.000000,0.000000,0.000000,-0.010000,0.000000,0.000000,0.000000,0.000000,8.000000,43.430000
1789149124.194996,0,0.000000,0.000000,0.000000,-0.070000,0.000000,0.000000,0.000000,0.000000,8.000000,43.430000
1789149124.195464,0,0.000000,0.000000,0.000000,0.180000,0.000000,0.000000,0.000000,0.000000,8.000000,43.450000
1789149124.218562,0,0.000000,0.000000,0.000000,-0.070000,0.000000,0.000000,0.000000,0.000000,8.000000,43.450000
1789149124.219085,0,0.000000,0.000000,0.000000,0.100000,0.000000,0.000000,0.000000,0.000000,8.000000,43.450000
1789149124.243087,0,0.000000,0.000000,0.000000,0.000000,0.000000,0.000000,0.000000,0.000000,8.000000,43.470000
1789149124.267070,0,0.000000,0.000000,0.000000,0.000000,0.000000,0.000000,0.000000,0.000000,8.000000,43.470000
1789149124.267607,0,0.000000,0.000000,0.000000,0.000000,0.000000,0.000000,0.000000,0.000000,8.000000,43.490000
1789149124.268009,0,0.000000,0.000000,0.000000,0.100000,0.000000,0.000000,0.000000,0.000000,8.000000,43.500000
1789149124.291743,0,0.000000,0.000000,0.000000,-0.150000,0.000000,0.000000,0.000000,0.000000,8.000000,43.500000
1789149124.292265,0,0.000000,0.000000,0.000000,0.100000,0.000000,0.000000,0.000000,0.000000,8.000000,43.520000
1789149124.292771,0,0.000000,0.000000,0.000000,-0.100000,0.000000,0.000000,0.000000,0.000000,8.000000,43.520000
1789149124.318093,0,0.000000,0.000000,0.000000,0.180000,0.000000,0.000000,0.000000,0.000000,8.000000,43.540000
1789149124.318730,0,0.000000,0.000000,0.000000,0.140000,0.000000,0.000000,0.000000,0.000000,8.000000,43.560000
1789149124.319465,0,0.000000,0.000000,0.000000,0.100000,0.000000,0.000000,0.000000,0.000000,8.000000,43.560000
1789149124.344449,0,0.000000,0.000000,0.000000,0.100000,0.000000,0.000000,0.000000,0.000000,8.000000,43.560000
1789149124.344982,0,0.000000,0.000000,0.000000,0.050000,0.000000,0.000000,0.000000,0.000000,8.000000,43.580000
1789149124.345472,0,0.000000,0.000000,0.000000,-0.010000,0.000000,0.000000,0.000000,0.000000,8.000000,43.590000
1789149124.371771,0,0.000000,0.000000,0.000000,-0.100000,0.000000,0.000000,0.000000,0.000000,8.000000,43.590000
1789149124.372328,0,0.000000,0.000000,0.000000,-0.100000,0.000000,0.000000,0.000000,0.000000,8.000000,43.610000
1789149124.396455,0,0.000000,0.000000,0.000000,-0.070000,0.000000,0.000000,0.000000,0.000000,8.000000,43.610000
1789149124.397005,0,0.000000,0.000000,0.000000,0.000000,0.000000,0.000000,0.000000,0.000000,8.000000,43.630000
1789149124.397435,0,0.000000,0.000000,0.000000,0.000000,0.000000,0.000000,0.000000,0.000000,8.000000,43.630000
1789149124.423085,0,0.000000,0.000000,0.000000,-0.010000,0.000000,0.000000,0.000000,0.000000,8.000000,43.650000
1789149124.423575,0,0.000000,0.000000,0.000000,0.000000,0.000000,0.000000,0.000000,0.000000,8.000000,43.650000
1789149124.449614,0,0.000000,0.000000,0.000000,0.000000,0.000000,0.000000,0.000000,0.000000,8.000000,43.660000
1789149124.450177,0,0.000000,0.000000,0.000000,0.000000,0.000000,0.000000,0.000000,0.000000,8.000000,43.680000
1789149124.451048,0,0.000000,0.000000,0.000000,-0.010000,0.000000,0.000000,0.000000,0.000000,8.000000,43.680000
1789149124.476063,0,0.000000,0.000000,0.000000,0.000000,0.000000,0.000000,0.000000,0.000000,8.000000,43.700000
1789149124.476545,0,0.000000,0.000000,0.000000,-0.070000,0.000000,0.000000,0.000000,0.000000,8.000000,43.700000
1789149124.476941,0,0.000000,0.000000,0.000000,0.050000,0.000000,0.000000,0.000000,0.000000,8.000000,43.720000
1789149124.502157,0,0.000000,0.000000,0.000000,0.100000,0.000000,0.000000,0.000000,0.000000,8.000000,43.720000
1789149124.502659,0,0.000000,0.000000,0.000000,-0.070000,0.000000,0.000000,0.000000,0.000000,8.000000,43.740000
1789149124.503195,0,0.000000,0.000000,0.000000,0.050000,0.000000,0.000000,0.000000,0.000000,8.000000,43.750000
1789149124.528668,0,0.000000,0.000000,0.000000,-0.100000,0.000000,0.000000,0.000000,0.000000,8.000000,43.750000
1789149124.529150,0,0.000000,0.000000,0.000000,-0.100000,0.000000,0.000000,0.000000,0.000000,8.000000,43.770000
1789149124.554948,0,0.000000,0.000000,0.000000,-0.100000,0.000000,0.000000,0.000000,0.000000,8.000000,43.770000
1789149124.555433,0,0.000000,0.000000,0.000000,0.050000,0.000000,0.000000,0.000000,0.000000,8.000000,43.790000
1789149124.555807,0,0.000000,0.000000,0.000000,-0.100000,0.000000,0.000000,0.000000,0.000000,8.000000,43.790000
1789149124.580961,0,0.000000,0.000000,0.000000,0.000000,0.000000,0.000000,0.000000,0.000000,8.000000,43.810000
1789149124.581773,0,0.000000,0.000000,0.000000,-0.100000,0.000000,0.000000,0.000000,0.000000,8.000000,43.810000
1789149124.582306,0,0.000000,0.000000,0.000000,0.100000,0.000000,0.000000,0.000000,0.000000,8.000000,43.830000
1789149124.608442,0,0.000000,0.000000,0.000000,0.000000,0.000000,0.000000,0.000000,0.000000,8.000000,43.840000
1789149124.608963,0,0.000000,0.000000,0.000000,0.140000,0.000000,0.000000,0.000000,0.000000,8.000000,43.840000
1789149124.609441,0,0.000000,0.000000,0.000000,-0.100000,0.000000,0.000000,0.000000,0.000000,8.000000,43.860000
1789149124.637457,0,0.000000,0.000000,0.000000,0.000000,0.000000,0.000000,0.000000,0.000000,8.000000,43.860000
1789149124.637964,0,0.000000,0.000000,0.000000,-0.150000,0.000000,0.000000,0.000000,0.000000,8.000000,43.880000
1789149124.665977,0,0.000000,0.000000,0.000000,-0.010000,0.000000,0.000000,0.000000,0.000000,8.000000,43.880000
1789149124.666543,0,0.000000,0.000000,0.000000,0.000000,0.000000,0.000000,0.000000,0.000000,8.000000,43.900000
1789149124.695534,0,0.000000,0.000000,0.000000,0.000000,0.000000,0.000000,0.000000,0.000000,8.000000,43.900000
1789149124.696040,0,0.000000,0.000000,0.000000,-0.010000,0.000000,0.000000,0.000000,0.000000,8.000000,43.910000
1789149124.696467,0,0.000000,0.000000,0.000000,-0.100000,0.000000,0.000000,0.000000,0.000000,8.000000,43.930000
1789149124.726515,0,0.000000,0.000000,0.000000,0.000000,0.000000,0.000000,0.000000,0.000000,8.000000,43.930000
1789149124.727051,0,0.000000,0.000000,0.000000,-0.150000,0.000000,0.000000,0.000000,0.000000,8.000000,43.950000
1789149124.727466,0,0.000000,0.000000,0.000000,0.000000,0.000000,0.000000,0.000000,0.000000,8.000000,43.950000
1789149124.755346,0,0.000000,0.000000,0.000000,-0.010000,0.000000,0.000000,0.000000,0.000000,8.000000,43.970000
1789149124.755870,0,0.000000,0.000000,0.000000,-0.010000,0.000000,0.000000,0.000000,0.000000,8.000000,43.970000
1789149124.756256,0,0.000000,0.000000,0.000000,0.000000,0.000000,0.000000,0.000000,0.000000,8.000000,43.990000
1789149124.756668,0,0.000000,0.000000,0.000000,-0.100000,0.000000,0.000000,0.000000,0.000000,8.000000,44.000000
1789149124.786181,0,0.000000,0.000000,0.000000,0.180000,0.000000,0.000000,0.000000,0.000000,8.000000,44.000000
1789149124.786815,0,0.000000,0.000000,0.000000,0.000000,0.000000,0.000000,0.000000,0.000000,8.000000,44.020000
1789149124.816572,0,0.000000,0.000000,0.000000,0.000000,0.000000,0.000000,0.000000,0.000000,8.000000,44.020000
1789149124.817221,0,0.000000,0.000000,0.000000,0.000000,0.000000,0.000000,0.000000,0.000000,8.000000,44.040000
1789149124.817945,0,0.000000,0.000000,0.000000,-0.100000,0.000000,0.000000,0.000000,0.000000,8.000000,44.040000
1789149124.818370,0,0.000000,0.000000,0.000000,-0.010000,0.000000,0.000000,0.000000,0.000000,8.000000,44.060000
1789149124.874520,0,0.000000,0.000000,0.000000,-0.100000,0.000000,0.000000,0.000000,0.000000,8.000000,44.080000
1789149124.875007,0,0.000000,0.000000,0.000000,0.100000,0.000000,0.000000,0.000000,0.000000,8.000000,44.090000
1789149124.875412,0,0.000000,0.000000,0.000000,-0.070000,0.000000,0.000000,0.000000,0.000000,8.000000,44.090000
1789149124.875804,0,0.000000,0.000000,0.000000,0.000000,0.000000,0.000000,0.000000,0.000000,8.000000,44.110000
1789149124.876173,0,0.000000,0.000000,0.000000,0.000000,0.000000,0.000000,0.000000,0.000000,8.000000,44.110000
1789149124.877197,0,0.000000,0.000000,0.000000,-0.150000,0.000000,0.000000,0.000000,0.000000,8.000000,44.130000
1789149124.877609,0,0.000000,0.000000,0.000000,0.050000,0.000000,0.000000,0.000000,0.000000,8.000000,44.130000
1789149124.935061,0,0.000000,0.000000,0.000000,-0.010000,0.000000,0.000000,0.000000,0.000000,8.000000,44.150000
1789149124.935572,0,0.000000,0.000000,0.000000,-0.150000,0.000000,0.000000,0.000000,0.000000,8.000000,44.150000
1789149124.935950,0,0.000000,0.000000,0.000000,-0.100000,0.000000,0.000000,0.000000,0.000000,8.000000,44.160000
1789149124.936313,0,0.000000,0.000000,0.000000,-0.100000,0.000000,0.000000,0.000000,0.000000,8.000000,44.180000
1789149124.937609,0,0.000000,0.000000,0.000000,-0.150000,0.000000,0.000000,0.000000,0.000000,8.000000,44.180000
1789149124.992699,0,0.000000,0.000000,0.000000,-0.070000,0.000000,0.000000,0.000000,0.000000,8.000000,44.200000
1789149124.993205,0,0.000000,0.000000,0.000000,-0.200000,0.000000,0.000000,0.000000,0.000000,8.000000,44.200000
1789149124.993572,0,0.000000,0.000000,0.000000,-0.150000,0.000000,0.000000,0.000000,0.000000,8.000000,44.220000
1789149124.994096,0,0.000000,0.000000,0.000000,-0.100000,0.000000,0.000000,0.000000,0.000000,8.000000,44.220000
1789149124.994550,0,0.000000,0.000000,0.000000,0.100000,0.000000,0.000000,0.000000,0.000000,8.000000,44.240000
1789149124.995293,0,0.000000,0.000000,0.000000,-0.010000,0.000000,0.000000,0.000000,0.000000,8.000000,44.250000
1789149125.047653,0,0.000000,0.000000,0.000000,-0.070000,0.000000,0.000000,0.000000,0.000000,8.000000,44.250000
1789149125.048183,0,0.000000,0.000000,0.000000,-0.100000,0.000000,0.000000,0.000000,0.000000,8.000000,44.270000
1789149125.048709,0,0.000000,0.000000,0.000000,-0.100000,0.000000,0.000000,0.000000,0.000000,8.000000,44.270000
1789149125.049996,0,0.000000,0.000000,0.000000,-0.010000,0.000000,0.000000,0.000000,0.000000,8.000000,44.290000
1789149125.050425,0,0.000000,0.000000,0.000000,-0.200000,0.000000,0.000000,0.000000,0.000000,8.000000,44.290000
1789149125.050819,0,0.000000,0.000000,0.000000,0.100000,0.000000,0.000000,0.000000,0.000000,8.000000,44.310000
1789149125.104003,0,0.000000,0.000000,0.000000,-0.150000,0.000000,0.000000,0.000000,0.000000,8.000000,44.310000
1789149125.104502,0,0.000000,0.000000,0.000000,-0.100000,0.000000,0.000000,0.000000,0.000000,8.000000,44.310000
1789149125.104933,0,0.000000,0.000000,0.000000,-0.150000,0.000000,0.000000,0.000000,0.000000,8.000000,44.330000
1789149125.105321,0,0.000000,0.000000,0.000000,-0.070000,0.000000,0.000000,0.000000,0.000000,8.000000,44.340000
1789149125.107884,0,0.000000,0.000000,0.000000,0.000000,0.000000,0.000000,0.000000,0.000000,8.000000,44.360000
1789149125.108360,0,0.000000,0.000000,0.000000,0.100000,0.000000,0.000000,0.000000,0.000000,8.000000,44.360000
1789149125.137644,0,0.000000,0.000000,0.000000,-0.100000,0.000000,0.000000,0.000000,0.000000,8.000000,44.380000
1789149125.167407,0,0.000000,0.000000,0.000000,-0.100000,0.000000,0.000000,0.000000,0.000000,8.000000,44.380000
1789149125.167918,0,0.000000,0.000000,0.000000,0.000000,0.000000,0.000000,0.000000,0.000000,8.000000,44.400000
1789149125.168295,0,0.000000,0.000000,0.000000,-0.010000,0.000000,0.000000,0.000000,0.000000,8.000000,44.400000
1789149125.199013,0,0.000000,0.000000,0.000000,-0.150000,0.000000,0.000000,0.000000,0.000000,8.000000,44.410000
1789149125.199554,0,0.000000,0.000000,0.000000,-0.010000,0.000000,0.000000,0.000000,0.000000,8.000000,44.430000
1789149125.229769,0,0.000000,0.000000,0.000000,-0.070000,0.000000,0.000000,0.000000,0.000000,8.000000,44.430000
1789149125.230267,0,0.000000,0.000000,0.000000,-0.070000,0.000000,0.000000,0.000000,0.000000,8.000000,44.450000
1789149125.230686,0,0.000000,0.000000,0.000000,-0.010000,0.000000,0.000000,0.000000,0.000000,8.000000,44.450000
1789149125.261357,0,0.000000,0.000000,0.000000,-0.150000,0.000000,0.000000,0.000000,0.000000,8.000000,44.470000
1789149125.261844,0,0.000000,0.000000,0.000000,-0.200000,0.000000,0.000000,0.000000,0.000000,8.000000,44.470000
1789149125.262244,0,0.000000,0.000000,0.000000,-0.150000,0.000000,0.000000,0.000000,0.000000,8.000000,44.490000
1789149125.262604,0,0.000000,0.000000,0.000000,-0.150000,0.000000,0.000000,0.000000,0.000000,8.000000,44.500000
1789149125.293476,0,0.000000,0.000000,0.000000,-0.150000,0.000000,0.000000,0.000000,0.000000,8.000000,44.500000
1789149125.293980,0,0.000000,0.000000,0.000000,-0.070000,0.000000,0.000000,0.000000,0.000000,8.000000,44.520000
1789149125.294388,0,0.000000,0.000000,0.000000,-0.010000,0.000000,0.000000,0.000000,0.000000,8.000000,44.520000
1789149125.324421,0,0.000000,0.000000,0.000000,0.100000,0.000000,0.000000,0.000000,0.000000,8.000000,44.540000
1789149125.325105,0,0.000000,0.000000,0.000000,-0.100000,0.000000,0.000000,0.000000,0.000000,8.000000,44.540000
1789149125.325572,0,0.000000,0.000000,0.000000,0.100000,0.000000,0.000000,0.000000,0.000000,8.000000,44.560000
1789149125.355096,0,0.000000,0.000000,0.000000,0.100000,0.000000,0.000000,0.000000,0.000000,8.000000,44.560000
1789149125.355846,0,0.000000,0.000000,0.000000,-0.330000,0.000000,0.000000,0.000000,0.000000,8.000000,44.580000
1789149125.356375,0,0.000000,0.000000,0.000000,-0.100000,0.000000,0.000000,0.000000,0.000000,8.000000,44.590000
1789149125.387686,0,0.000000,0.000000,0.000000,0.000000,0.000000,0.000000,0.000000,0.000000,8.000000,44.590000
1789149125.388345,0,0.000000,0.000000,0.000000,-0.370000,0.000000,0.000000,0.000000,0.000000,8.000000,44.610000
1789149125.388782,0,0.000000,0.000000,0.000000,-0.070000,0.000000,0.000000,0.000000,0.000000,8.000000,44.610000
1789149125.389148,0,0.000000,0.000000,0.000000,-0.200000,0.000000,0.000000,0.000000,0.000000,8.000000,44.630000
1789149125.422671,0,0.000000,0.000000,0.000000,-0.070000,0.000000,0.000000,0.000000,0.000000,8.000000,44.630000
1789149125.423409,0,0.000000,0.000000,0.000000,-0.200000,0.000000,0.000000,0.000000,0.000000,8.000000,44.650000
1789149125.423905,0,0.000000,0.000000,0.000000,-0.280000,0.000000,0.000000,0.000000,0.000000,8.000000,44.650000
1789149125.456311,0,0.000000,0.000000,0.000000,-0.150000,0.000000,0.000000,0.000000,0.000000,8.000000,44.660000
1789149125.456813,0,0.000000,0.000000,0.000000,-0.280000,0.000000,0.000000,0.000000,0.000000,8.000000,44.680000
1789149125.457220,0,0.000000,0.000000,0.000000,-0.230000,0.000000,0.000000,0.000000,0.000000,8.000000,44.680000
1789149125.457669,0,0.000000,0.000000,0.000000,-0.200000,0.000000,0.000000,0.000000,0.000000,8.000000,44.700000
1789149125.490745,0,0.000000,0.000000,0.000000,-0.150000,0.000000,0.000000,0.000000,0.000000,8.000000,44.700000
1789149125.491230,0,0.000000,0.000000,0.000000,-0.100000,0.000000,0.000000,0.000000,0.000000,8.000000,44.720000
1789149125.491636,0,0.000000,0.000000,0.000000,-0.200000,0.000000,0.000000,0.000000,0.000000,8.000000,44.720000
1789149125.518522,0,0.000000,0.000000,0.000000,-0.200000,0.000000,0.000000,0.000000,0.000000,8.000000,44.740000
1789149125.519031,0,0.000000,0.000000,0.000000,-0.280000,0.000000,0.000000,0.000000,0.000000,8.000000,44.750000
1789149125.519572,0,0.000000,0.000000,0.000000,-0.150000,0.000000,0.000000,0.000000,0.000000,8.000000,44.750000
1789149125.545692,0,0.000000,0.000000,0.000000,-0.200000,0.000000,0.000000,0.000000,0.000000,8.000000,44.770000
1789149125.546201,0,0.000000,0.000000,0.000000,-0.280000,0.000000,0.000000,0.000000,0.000000,8.000000,44.770000
1789149125.546601,0,0.000000,0.000000,0.000000,-0.200000,0.000000,0.000000,0.000000,0.000000,8.000000,44.790000
1789149125.573722,0,0.000000,0.000000,0.000000,-0.200000,0.000000,0.000000,0.000000,0.000000,8.000000,44.790000
1789149125.574237,0,0.000000,0.000000,0.000000,-0.200000,0.000000,0.000000,0.000000,0.000000,8.000000,44.810000
1789149125.574635,0,0.000000,0.000000,0.000000,-0.280000,0.000000,0.000000,0.000000,0.000000,8.000000,44.810000
1789149125.601299,0,0.000000,0.000000,0.000000,-0.150000,0.000000,0.000000,0.000000,0.000000,8.000000,44.830000
1789149125.601841,0,0.000000,0.000000,0.000000,-0.100000,0.000000,0.000000,0.000000,0.000000,8.000000,44.840000
1789149125.602323,0,0.000000,0.000000,0.000000,-0.150000,0.000000,0.000000,0.000000,0.000000,8.000000,44.840000
1789149125.628542,0,0.000000,0.000000,0.000000,0.000000,0.000000,0.000000,0.000000,0.000000,8.000000,44.860000
1789149125.629045,0,0.000000,0.000000,0.000000,-0.100000,0.000000,0.000000,0.000000,0.000000,8.000000,44.860000
1789149125.629569,0,0.000000,0.000000,0.000000,-0.070000,0.000000,0.000000,0.000000,0.000000,8.000000,44.880000
1789149125.629968,0,0.000000,0.000000,0.000000,-0.070000,0.000000,0.000000,0.000000,0.000000,8.000000,44.880000
1789149125.658560,0,0.000000,0.000000,0.000000,-0.200000,0.000000,0.000000,0.000000,0.000000,8.000000,44.900000
1789149125.685486,0,0.000000,0.000000,0.000000,-0.070000,0.000000,0.000000,0.000000,0.000000,8.000000,44.900000
1789149125.686175,0,0.000000,0.000000,0.000000,-0.010000,0.000000,0.000000,0.000000,0.000000,8.000000,44.910000
1789149125.686759,0,0.000000,0.000000,0.000000,-0.070000,0.000000,0.000000,0.000000,0.000000,8.000000,44.930000
1789149125.713243,0,0.000000,0.000000,0.000000,0.000000,0.000000,0.000000,0.000000,0.000000,8.000000,44.930000
1789149125.713764,0,0.000000,0.000000,0.000000,-0.150000,0.000000,0.000000,0.000000,0.000000,8.000000,44.930000
1789149125.714355,0,0.000000,0.000000,0.000000,0.000000,0.000000,0.000000,0.000000,0.000000,8.000000,44.950000
1789149125.740430,0,0.000000,0.000000,0.000000,-0.070000,0.000000,0.000000,0.000000,0.000000,8.000000,44.950000
1789149125.740934,0,0.000000,0.000000,0.000000,-0.010000,0.000000,0.000000,0.000000,0.000000,8.000000,44.970000
1789149125.741354,0,0.000000,0.000000,0.000000,-0.330000,0.000000,0.000000,0.000000,0.000000,8.000000,44.970000
1789149125.767283,0,0.000000,0.000000,0.000000,0.000000,0.000000,0.000000,0.000000,0.000000,8.000000,44.990000
1789149125.767840,0,0.000000,0.000000,0.000000,-0.100000,0.000000,0.000000,0.000000,0.000000,8.000000,45.000000
1789149125.768276,0,0.000000,0.000000,0.000000,-0.070000,0.000000,0.000000,0.000000,0.000000,8.000000,45.000000
1789149125.793901,0,0.000000,0.000000,0.000000,-0.150000,0.000000,0.000000,0.000000,0.000000,8.000000,45.020000
1789149125.794430,0,0.000000,0.000000,0.000000,-0.100000,0.000000,0.000000,0.000000,0.000000,8.000000,45.020000
1789149125.794870,0,0.000000,0.000000,0.000000,-0.010000,0.000000,0.000000,0.000000,0.000000,8.000000,45.040000
1789149125.822621,0,0.000000,0.000000,0.000000,-0.200000,0.000000,0.000000,0.000000,0.000000,8.000000,45.040000
1789149125.823126,0,0.000000,0.000000,0.000000,0.100000,0.000000,0.000000,0.000000,0.000000,8.000000,45.060000
1789149125.849759,0,0.000000,0.000000,0.000000,0.000000,0.000000,0.000000,0.000000,0.000000,8.000000,45.060000
1789149125.850715,0,0.000000,0.000000,0.000000,-0.150000,0.000000,0.000000,0.000000,0.000000,8.000000,45.080000
1789149125.851319,0,0.000000,0.000000,0.000000,-0.010000,0.000000,0.000000,0.000000,0.000000,8.000000,45.090000
1789149125.851899,0,0.000000,0.000000,0.000000,-0.010000,0.000000,0.000000,0.000000,0.000000,8.000000,45.090000
1789149125.879157,0,0.000000,0.000000,0.000000,-0.370000,0.000000,0.000000,0.000000,0.000000,8.000000,45.110000
1789149125.879822,0,0.000000,0.000000,0.000000,0.180000,0.000000,0.000000,0.000000,0.000000,8.000000,45.110000
1789149125.906696,0,0.000000,0.000000,0.000000,-0.150000,0.000000,0.000000,0.000000,0.000000,8.000000,45.130000
1789149125.907227,0,0.000000,0.000000,0.000000,0.100000,0.000000,0.000000,0.000000,0.000000,8.000000,45.130000
1789149125.907756,0,0.000000,0.000000,0.000000,-0.100000,0.000000,0.000000,0.000000,0.000000,8.000000,45.150000
1789149125.934913,0,0.000000,0.000000,0.000000,0.000000,0.000000,0.000000,0.000000,0.000000,8.000000,45.150000
1789149125.935485,0,0.000000,0.000000,0.000000,-0.010000,0.000000,0.000000,0.000000,0.000000,8.000000,45.160000
1789149125.963033,0,0.000000,0.000000,0.000000,-0.100000,0.000000,0.000000,0.000000,0.000000,8.000000,45.180000
1789149125.963824,0,0.000000,0.000000,0.000000,0.000000,0.000000,0.000000,0.000000,0.000000,8.000000,45.180000
1789149125.964378,0,0.000000,0.000000,0.000000,0.000000,0.000000,0.000000,0.000000,0.000000,8.000000,45.200000
1789149125.991822,0,0.000000,0.000000,0.000000,-0.070000,0.000000,0.000000,0.000000,0.000000,8.000000,45.200000
1789149125.992569,0,0.000000,0.000000,0.000000,-0.010000,0.000000,0.000000,0.000000,0.000000,8.000000,45.220000
1789149125.993164,0,0.000000,0.000000,0.000000,-0.100000,0.000000,0.000000,0.000000,0.000000,8.000000,45.220000
1789149126.021275,0,0.000000,0.000000,0.000000,0.050000,0.000000,0.000000,0.000000,0.000000,8.000000,45.240000
1789149126.021900,0,0.000000,0.000000,0.000000,0.000000,0.000000,0.000000,0.000000,0.000000,8.000000,45.250000
1789149126.022434,0,0.000000,0.000000,0.000000,-0.070000,0.000000,0.000000,0.000000,0.000000,8.000000,45.250000
1789149126.023015,0,0.000000,0.000000,0.000000,0.000000,0.000000,0.000000,0.000000,0.000000,8.000000,45.270000
1789149126.051318,0,0.000000,0.000000,0.000000,0.050000,0.000000,0.000000,0.000000,0.000000,8.000000,45.270000
1789149126.052125,0,0.000000,0.000000,0.000000,-0.100000,0.000000,0.000000,0.000000,0.000000,8.000000,45.290000
1789149126.052946,0,0.000000,0.000000,0.000000,0.100000,0.000000,0.000000,0.000000,0.000000,8.000000,45.290000
1789149126.080059,0,0.000000,0.000000,0.000000,-0.010000,0.000000,0.000000,0.000000,0.000000,8.000000,45.310000
1789149126.080849,0,0.000000,0.000000,0.000000,-0.070000,0.000000,0.000000,0.000000,0.000000,8.000000,45.310000
1789149126.081808,0,0.000000,0.000000,0.000000,-0.200000,0.000000,0.000000,0.000000,0.000000,8.000000,45.330000
1789149126.110517,0,0.000000,0.000000,0.000000,-0.010000,0.000000,0.000000,0.000000,0.000000,8.000000,45.340000
1789149126.111164,0,0.000000,0.000000,0.000000,0.050000,0.000000,0.000000,0.000000,0.000000,8.000000,45.340000
1789149126.139419,0,0.000000,0.000000,0.000000,0.050000,0.000000,0.000000,0.000000,0.000000,8.000000,45.360000
1789149126.139998,0,0.000000,0.000000,0.000000,0.000000,0.000000,0.000000,0.000000,0.000000,8.000000,45.360000
1789149126.140706,0,0.000000,0.000000,0.000000,0.100000,0.000000,0.000000,0.000000,0.000000,8.000000,45.380000
1789149126.168118,0,0.000000,0.000000,0.000000,-0.010000,0.000000,0.000000,0.000000,0.000000,8.000000,45.380000
1789149126.168788,0,0.000000,0.000000,0.000000,0.050000,0.000000,0.000000,0.000000,0.000000,8.000000,45.400000
1789149126.169452,0,0.000000,0.000000,0.000000,0.270000,0.000000,0.000000,0.000000,0.000000,8.000000,45.400000
1789149126.198143,0,0.000000,0.000000,0.000000,0.000000,0.000000,0.000000,0.000000,0.000000,8.000000,45.410000
1789149126.198829,0,0.000000,0.000000,0.000000,0.000000,0.000000,0.000000,0.000000,0.000000,8.000000,45.430000
1789149126.226749,0,0.000000,0.000000,0.000000,0.140000,0.000000,0.000000,0.000000,0.000000,8.000000,45.430000
1789149126.227325,0,0.000000,0.000000,0.000000,-0.010000,0.000000,0.000000,0.000000,0.000000,8.000000,45.450000
1789149126.227749,0,0.000000,0.000000,0.000000,0.000000,0.000000,0.000000,0.000000,0.000000,8.000000,45.450000
1789149126.228158,0,0.000000,0.000000,0.000000,0.140000,0.000000,0.000000,0.000000,0.000000,8.000000,45.470000
1789149126.256519,0,0.000000,0.000000,0.000000,-0.010000,0.000000,0.000000,0.000000,0.000000,8.000000,45.470000
1789149126.257058,0,0.000000,0.000000,0.000000,0.100000,0.000000,0.000000,0.000000,0.000000,8.000000,45.490000
1789149126.257470,0,0.000000,0.000000,0.000000,0.100000,0.000000,0.000000,0.000000,0.000000,8.000000,45.500000
1789149126.287097,0,0.000000,0.000000,0.000000,-0.070000,0.000000,0.000000,0.000000,0.000000,8.000000,45.500000
1789149126.287730,0,0.000000,0.000000,0.000000,0.100000,0.000000,0.000000,0.000000,0.000000,8.000000,45.520000
1789149126.315584,0,0.000000,0.000000,0.000000,0.100000,0.000000,0.000000,0.000000,0.000000,8.000000,45.520000
1789149126.316211,0,0.000000,0.000000,0.000000,0.000000,0.000000,0.000000,0.000000,0.000000,8.000000,45.540000
1789149126.316634,0,0.000000,0.000000,0.000000,0.000000,0.000000,0.000000,0.000000,0.000000,8.000000,45.540000
1789149126.317016,0,0.000000,0.000000,0.000000,0.100000,0.000000,0.000000,0.000000,0.000000,8.000000,45.560000
1789149126.345321,0,0.000000,0.000000,0.000000,0.050000,0.000000,0.000000,0.000000,0.000000,8.000000,45.560000
1789149126.345953,0,0.000000,0.000000,0.000000,0.100000,0.000000,0.000000,0.000000,0.000000,8.000000,45.580000
1789149126.374266,0,0.000000,0.000000,0.000000,0.050000,0.000000,0.000000,0.000000,0.000000,8.000000,45.590000
1789149126.374829,0,0.000000,0.000000,0.000000,-0.010000,0.000000,0.000000,0.000000,0.000000,8.000000,45.590000
1789149126.375262,0,0.000000,0.000000,0.000000,0.050000,0.000000,0.000000,0.000000,0.000000,8.000000,45.610000
1789149126.375759,0,0.000000,0.000000,0.000000,0.050000,0.000000,0.000000,0.000000,0.000000,8.000000,45.610000
1789149126.402515,0,0.000000,0.000000,0.000000,0.000000,0.000000,0.000000,0.000000,0.000000,8.000000,45.630000
1789149126.403085,0,0.000000,0.000000,0.000000,0.000000,0.000000,0.000000,0.000000,0.000000,8.000000,45.630000
1789149126.428550,0,0.000000,0.000000,0.000000,-0.010000,0.000000,0.000000,0.000000,0.000000,8.000000,45.650000
1789149126.429059,0,0.000000,0.000000,0.000000,0.100000,0.000000,0.000000,0.000000,0.000000,8.000000,45.650000
1789149126.429479,0,0.000000,0.000000,0.000000,0.100000,0.000000,0.000000,0.000000,0.000000,8.000000,45.660000
1789149126.479662,0,0.000000,0.000000,0.000000,0.100000,0.000000,0.000000,0.000000,0.000000,8.000000,45.680000
1789149126.480367,0,0.000000,0.000000,0.000000,-0.010000,0.000000,0.000000,0.000000,0.000000,8.000000,45.680000
1789149126.480891,0,0.000000,0.000000,0.000000,0.310000,0.000000,0.000000,0.000000,0.000000,8.000000,45.700000
1789149126.481514,0,0.000000,0.000000,0.000000,0.400000,0.000000,0.000000,0.000000,0.000000,8.000000,45.700000
1789149126.482018,0,0.000000,0.000000,0.000000,-0.100000,0.000000,0.000000,0.000000,0.000000,8.000000,45.720000
1789149126.482798,0,0.000000,0.000000,0.000000,0.050000,0.000000,0.000000,0.000000,0.000000,8.000000,45.720000
1789149126.483240,0,0.000000,0.000000,0.000000,0.100000,0.000000,0.000000,0.000000,0.000000,8.000000,45.740000
1789149126.512545,0,0.000000,0.000000,0.000000,0.310000,0.000000,0.000000,0.000000,0.000000,8.000000,45.750000
1789149126.540821,0,0.000000,0.000000,0.000000,0.000000,0.000000,0.000000,0.000000,0.000000,8.000000,45.750000
1789149126.541483,0,0.000000,0.000000,0.000000,-0.010000,0.000000,0.000000,0.000000,0.000000,8.000000,45.770000
1789149126.541949,0,0.000000,0.000000,0.000000,0.000000,0.000000,0.000000,0.000000,0.000000,8.000000,45.770000
1789149126.542355,0,0.000000,0.000000,0.000000,0.050000,0.000000,0.000000,0.000000,0.000000,8.000000,45.790000
1789149126.571115,0,0.000000,0.000000,0.000000,0.050000,0.000000,0.000000,0.000000,0.000000,8.000000,45.790000
1789149126.598223,0,0.000000,0.000000,0.000000,0.050000,0.000000,0.000000,0.000000,0.000000,8.000000,45.810000
1789149126.598981,0,0.000000,0.000000,0.000000,-0.070000,0.000000,0.000000,0.000000,0.000000,8.000000,45.810000
1789149126.599559,0,0.000000,0.000000,0.000000,0.100000,0.000000,0.000000,0.000000,0.000000,8.000000,45.830000
1789149126.600224,0,0.000000,0.000000,0.000000,0.180000,0.000000,0.000000,0.000000,0.000000,8.000000,45.840000
1789149126.628449,0,0.000000,0.000000,0.000000,0.140000,0.000000,0.000000,0.000000,0.000000,8.000000,45.840000
1789149126.628989,0,0.000000,0.000000,0.000000,-0.010000,0.000000,0.000000,0.000000,0.000000,8.000000,45.860000
1789149126.629430,0,0.000000,0.000000,0.000000,0.050000,0.000000,0.000000,0.000000,0.000000,8.000000,45.860000
1789149126.629840,0,0.000000,0.000000,0.000000,0.000000,0.000000,0.000000,0.000000,0.000000,8.000000,45.880000
1789149126.657679,0,0.000000,0.000000,0.000000,0.100000,0.000000,0.000000,0.000000,0.000000,8.000000,45.880000
1789149126.684011,0,0.000000,0.000000,0.000000,0.050000,0.000000,0.000000,0.000000,0.000000,8.000000,45.900000
1789149126.684851,0,0.000000,0.000000,0.000000,0.100000,0.000000,0.000000,0.000000,0.000000,8.000000,45.900000
1789149126.685472,0,0.000000,0.000000,0.000000,0.100000,0.000000,0.000000,0.000000,0.000000,8.000000,45.910000
1789149126.712921,0,0.000000,0.000000,0.000000,-0.070000,0.000000,0.000000,0.000000,0.000000,8.000000,45.930000
1789149126.713582,0,0.000000,0.000000,0.000000,0.310000,0.000000,0.000000,0.000000,0.000000,8.000000,45.930000
1789149126.714018,0,0.000000,0.000000,0.000000,0.210000,0.000000,0.000000,0.000000,0.000000,8.000000,45.950000
1789149126.714458,0,0.000000,0.000000,0.000000,0.050000,0.000000,0.000000,0.000000,0.000000,8.000000,45.950000
1789149126.741754,0,0.000000,0.000000,0.000000,0.100000,0.000000,0.000000,0.000000,0.000000,8.000000,45.970000
1789149126.742343,0,0.000000,0.000000,0.000000,0.100000,0.000000,0.000000,0.000000,0.000000,8.000000,45.970000
1789149126.743051,0,0.000000,0.000000,0.000000,-0.150000,0.000000,0.000000,0.000000,0.000000,8.000000,45.990000
1789149126.769957,0,0.000000,0.000000,0.000000,0.050000,0.000000,0.000000,0.000000,0.000000,8.000000,45.990000
1789149126.770622,0,0.000000,0.000000,0.000000,0.270000,0.000000,0.000000,0.000000,0.000000,8.000000,46.000000
1789149126.771145,0,0.000000,0.000000,0.000000,0.000000,0.000000,0.000000,0.000000,0.000000,8.000000,46.000000
1789149126.799116,0,0.000000,0.000000,0.000000,0.050000,0.000000,0.000000,0.000000,0.000000,8.000000,46.020000
1789149126.799864,0,0.000000,0.000000,0.000000,0.050000,0.000000,0.000000,0.000000,0.000000,8.000000,46.020000
1789149126.800292,0,0.000000,0.000000,0.000000,0.140000,0.000000,0.000000,0.000000,0.000000,8.000000,46.040000
1789149126.827261,0,0.000000,0.000000,0.000000,-0.010000,0.000000,0.000000,0.000000,0.000000,8.000000,46.040000
1789149126.827779,0,0.000000,0.000000,0.000000,0.100000,0.000000,0.000000,0.000000,0.000000,8.000000,46.060000
1789149126.855208,0,0.000000,0.000000,0.000000,0.000000,0.000000,0.000000,0.000000,0.000000,8.000000,46.060000
1789149126.855718,0,0.000000,0.000000,0.000000,0.050000,0.000000,0.000000,0.000000,0.000000,8.000000,46.080000
1789149126.883237,0,0.000000,0.000000,0.000000,0.000000,0.000000,0.000000,0.000000,0.000000,8.000000,46.090000
1789149126.883827,0,0.000000,0.000000,0.000000,0.000000,0.000000,0.000000,0.000000,0.000000,8.000000,46.090000
1789149126.884292,0,0.000000,0.000000,0.000000,0.100000,0.000000,0.000000,0.000000,0.000000,8.000000,46.110000
1789149126.910085,0,0.000000,0.000000,0.000000,0.100000,0.000000,0.000000,0.000000,0.000000,8.000000,46.110000
1789149126.910582,0,0.000000,0.000000,0.000000,0.100000,0.000000,0.000000,0.000000,0.000000,8.000000,46.130000
1789149126.910958,0,0.000000,0.000000,0.000000,0.100000,0.000000,0.000000,0.000000,0.000000,8.000000,46.130000
1789149126.911310,0,0.000000,0.000000,0.000000,-0.200000,0.000000,0.000000,0.000000,0.000000,8.000000,46.150000
1789149126.939355,0,0.000000,0.000000,0.000000,0.050000,0.000000,0.000000,0.000000,0.000000,8.000000,46.150000
1789149126.939877,0,0.000000,0.000000,0.000000,0.050000,0.000000,0.000000,0.000000,0.000000,8.000000,46.160000
1789149126.940291,0,0.000000,0.000000,0.000000,0.000000,0.000000,0.000000,0.000000,0.000000,8.000000,46.180000
1789149126.967853,0,0.000000,0.000000,0.000000,0.000000,0.000000,0.000000,0.000000,0.000000,8.000000,46.180000
1789149126.968341,0,0.000000,0.000000,0.000000,0.100000,0.000000,0.000000,0.000000,0.000000,8.000000,46.200000
1789149126.968746,0,0.000000,0.000000,0.000000,0.180000,0.000000,0.000000,0.000000,0.000000,8.000000,46.200000
1789149126.994389,0,0.000000,0.000000,0.000000,0.140000,0.000000,0.000000,0.000000,0.000000,8.000000,46.220000
1789149126.994900,0,0.000000,0.000000,0.000000,-0.070000,0.000000,0.000000,0.000000,0.000000,8.000000,46.220000
1789149126.995320,0,0.000000,0.000000,0.000000,-0.010000,0.000000,0.000000,0.000000,0.000000,8.000000,46.240000
1789149127.023285,0,0.000000,0.000000,0.000000,0.100000,0.000000,0.000000,0.000000,0.000000,8.000000,46.250000
1789149127.023828,0,0.000000,0.000000,0.000000,-0.010000,0.000000,0.000000,0.000000,0.000000,8.000000,46.250000
1789149127.051523,0,0.000000,0.000000,0.000000,0.100000,0.000000,0.000000,0.000000,0.000000,8.000000,46.270000
1789149127.052051,0,0.000000,0.000000,0.000000,0.140000,0.000000,0.000000,0.000000,0.000000,8.000000,46.270000
1789149127.052457,0,0.000000,0.000000,0.000000,0.310000,0.000000,0.000000,0.000000,0.000000,8.000000,46.290000
1789149127.079017,0,0.000000,0.000000,0.000000,0.000000,0.000000,0.000000,0.000000,0.000000,8.000000,46.290000
1789149127.079571,0,0.000000,0.000000,0.000000,0.100000,0.000000,0.000000,0.000000,0.000000,8.000000,46.310000
1789149127.080034,0,0.000000,0.000000,0.000000,0.140000,0.000000,0.000000,0.000000,0.000000,8.000000,46.310000
1789149127.108006,0,0.000000,0.000000,0.000000,0.000000,0.000000,0.000000,0.000000,0.000000,8.000000,46.330000
1789149127.108489,0,0.000000,0.000000,0.000000,0.000000,0.000000,0.000000,0.000000,0.000000,8.000000,46.340000
1789149127.109046,0,0.000000,0.000000,0.000000,0.140000,0.000000,0.000000,0.000000,0.000000,8.000000,46.340000
1789149127.109544,0,0.000000,0.000000,0.000000,0.180000,0.000000,0.000000,0.000000,0.000000,8.000000,46.360000
1789149127.137251,0,0.000000,0.000000,0.000000,0.100000,0.000000,0.000000,0.000000,0.000000,8.000000,46.360000
1789149127.137825,0,0.000000,0.000000,0.000000,-0.010000,0.000000,0.000000,0.000000,0.000000,8.000000,46.380000
1789149127.163390,0,0.000000,0.000000,0.000000,0.000000,0.000000,0.000000,0.000000,0.000000,8.000000,46.380000
1789149127.163911,0,0.000000,0.000000,0.000000,0.100000,0.000000,0.000000,0.000000,0.000000,8.000000,46.400000
1789149127.164330,0,0.000000,0.000000,0.000000,0.180000,0.000000,0.000000,0.000000,0.000000,8.000000,46.400000
1789149127.191343,0,0.000000,0.000000,0.000000,0.140000,0.000000,0.000000,0.000000,0.000000,8.000000,46.410000
1789149127.192027,0,0.000000,0.000000,0.000000,0.340000,0.000000,0.000000,0.000000,0.000000,8.000000,46.430000
1789149127.218974,0,0.000000,0.000000,0.000000,0.310000,0.000000,0.000000,0.000000,0.000000,8.000000,46.430000
1789149127.219510,0,0.000000,0.000000,0.000000,0.310000,0.000000,0.000000,0.000000,0.000000,8.000000,46.450000
1789149127.245225,0,0.000000,0.000000,0.000000,0.180000,0.000000,0.000000,0.000000,0.000000,8.000000,46.450000
1789149127.245744,0,0.000000,0.000000,0.000000,0.050000,0.000000,0.000000,0.000000,0.000000,8.000000,46.470000
1789149127.246151,0,0.000000,0.000000,0.000000,0.310000,0.000000,0.000000,0.000000,0.000000,8.000000,46.470000
1789149127.246543,0,0.000000,0.000000,0.000000,0.210000,0.000000,0.000000,0.000000,0.000000,8.000000,46.490000
1789149127.272766,0,0.000000,0.000000,0.000000,0.050000,0.000000,0.000000,0.000000,0.000000,8.000000,46.500000
1789149127.273298,0,0.000000,0.000000,0.000000,0.100000,0.000000,0.000000,0.000000,0.000000,8.000000,46.500000
1789149127.299020,0,0.000000,0.000000,0.000000,0.180000,0.000000,0.000000,0.000000,0.000000,8.000000,46.520000
1789149127.299537,0,0.000000,0.000000,0.000000,0.180000,0.000000,0.000000,0.000000,0.000000,8.000000,46.520000
1789149127.299901,0,0.000000,0.000000,0.000000,0.050000,0.000000,0.000000,0.000000,0.000000,8.000000,46.540000
1789149127.300414,0,0.000000,0.000000,0.000000,0.310000,0.000000,0.000000,0.000000,0.000000,8.000000,46.540000
1789149127.326086,0,0.000000,0.000000,0.000000,0.210000,0.000000,0.000000,0.000000,0.000000,8.000000,46.560000
1789149127.326609,0,0.000000,0.000000,0.000000,0.180000,0.000000,0.000000,0.000000,0.000000,8.000000,46.560000
1789149127.352490,0,0.000000,0.000000,0.000000,0.100000,0.000000,0.000000,0.000000,0.000000,8.000000,46.580000
1789149127.352998,0,0.000000,0.000000,0.000000,0.140000,0.000000,0.000000,0.000000,0.000000,8.000000,46.590000
1789149127.353487,0,0.000000,0.000000,0.000000,0.000000,0.000000,0.000000,0.000000,0.000000,8.000000,46.590000
1789149127.353958,0,0.000000,0.000000,0.000000,0.180000,0.000000,0.000000,0.000000,0.000000,8.000000,46.610000
1789149127.380035,0,0.000000,0.000000,0.000000,0.180000,0.000000,0.000000,0.000000,0.000000,8.000000,46.610000
1789149127.380701,0,0.000000,0.000000,0.000000,0.180000,0.000000,0.000000,0.000000,0.000000,8.000000,46.630000
1789149127.405192,0,0.000000,0.000000,0.000000,0.140000,0.000000,0.000000,0.000000,0.000000,8.000000,46.630000
1789149127.405816,0,0.000000,0.000000,0.000000,0.100000,0.000000,0.000000,0.000000,0.000000,8.000000,46.650000
1789149127.430223,0,0.000000,0.000000,0.000000,0.100000,0.000000,0.000000,0.000000,0.000000,8.000000,46.650000
1789149127.430751,0,0.000000,0.000000,0.000000,0.140000,0.000000,0.000000,0.000000,0.000000,8.000000,46.660000
1789149127.455521,0,0.000000,0.000000,0.000000,0.340000,0.000000,0.000000,0.000000,0.000000,8.000000,46.680000
1789149127.456041,0,0.000000,0.000000,0.000000,0.340000,0.000000,0.000000,0.000000,0.000000,8.000000,46.680000
1789149127.456636,0,0.000000,0.000000,0.000000,0.400000,0.000000,0.000000,0.000000,0.000000,8.000000,46.700000
1789149127.482683,0,0.000000,0.000000,0.000000,-0.010000,0.000000,0.000000,0.000000,0.000000,8.000000,46.700000
1789149127.483205,0,0.000000,0.000000,0.000000,0.270000,0.000000,0.000000,0.000000,0.000000,8.000000,46.720000
1789149127.509538,0,0.000000,0.000000,0.000000,0.340000,0.000000,0.000000,0.000000,0.000000,8.000000,46.720000
1789149127.510051,0,0.000000,0.000000,0.000000,0.310000,0.000000,0.000000,0.000000,0.000000,8.000000,46.740000
1789149127.510477,0,0.000000,0.000000,0.000000,0.270000,0.000000,0.000000,0.000000,0.000000,8.000000,46.750000
1789149127.536741,0,0.000000,0.000000,0.000000,0.050000,0.000000,0.000000,0.000000,0.000000,8.000000,46.750000
1789149127.537271,0,0.000000,0.000000,0.000000,0.210000,0.000000,0.000000,0.000000,0.000000,8.000000,46.770000
1789149127.562640,0,0.000000,0.000000,0.000000,0.100000,0.000000,0.000000,0.000000,0.000000,8.000000,46.770000
1789149127.563207,0,0.000000,0.000000,0.000000,0.140000,0.000000,0.000000,0.000000,0.000000,8.000000,46.790000
1789149127.563620,0,0.000000,0.000000,0.000000,0.270000,0.000000,0.000000,0.000000,0.000000,8.000000,46.790000
1789149127.591463,0,0.000000,0.000000,0.000000,0.100000,0.000000,0.000000,0.000000,0.000000,8.000000,46.810000
1789149127.591965,0,0.000000,0.000000,0.000000,0.210000,0.000000,0.000000,0.000000,0.000000,8.000000,46.810000
1789149127.618090,0,0.000000,0.000000,0.000000,0.140000,0.000000,0.000000,0.000000,0.000000,8.000000,46.830000
1789149127.618610,0,0.000000,0.000000,0.000000,0.050000,0.000000,0.000000,0.000000,0.000000,8.000000,46.840000
1789149127.619059,0,0.000000,0.000000,0.000000,0.140000,0.000000,0.000000,0.000000,0.000000,8.000000,46.840000
1789149127.619433,0,0.000000,0.000000,0.000000,0.210000,0.000000,0.000000,0.000000,0.000000,8.000000,46.860000
1789149127.644682,0,0.000000,0.000000,0.000000,0.340000,0.000000,0.000000,0.000000,0.000000,8.000000,46.860000
1789149127.645186,0,0.000000,0.000000,0.000000,0.310000,0.000000,0.000000,0.000000,0.000000,8.000000,46.880000
1789149127.645603,0,0.000000,0.000000,0.000000,0.140000,0.000000,0.000000,0.000000,0.000000,8.000000,46.880000
1789149127.672357,0,0.000000,0.000000,0.000000,0.180000,0.000000,0.000000,0.000000,0.000000,8.000000,46.900000
1789149127.672871,0,0.000000,0.000000,0.000000,0.210000,0.000000,0.000000,0.000000,0.000000,8.000000,46.900000
1789149127.673291,0,0.000000,0.000000,0.000000,0.180000,0.000000,0.000000,0.000000,0.000000,8.000000,46.910000
1789149127.699650,0,0.000000,0.000000,0.000000,0.140000,0.000000,0.000000,0.000000,0.000000,8.000000,46.930000
1789149127.700157,0,0.000000,0.000000,0.000000,0.210000,0.000000,0.000000,0.000000,0.000000,8.000000,46.930000
1789149127.726822,0,0.000000,0.000000,0.000000,0.000000,0.000000,0.000000,0.000000,0.000000,8.000000,46.950000
1789149127.727336,0,0.000000,0.000000,0.000000,0.270000,0.000000,0.000000,0.000000,0.000000,8.000000,46.950000
1789149127.727736,0,0.000000,0.000000,0.000000,0.180000,0.000000,0.000000,0.000000,0.000000,8.000000,46.970000
1789149127.753215,0,0.000000,0.000000,0.000000,0.270000,0.000000,0.000000,0.000000,0.000000,8.000000,46.970000
1789149127.753743,0,0.000000,0.000000,0.000000,0.210000,0.000000,0.000000,0.000000,0.000000,8.000000,46.990000
1789149127.754138,0,0.000000,0.000000,0.000000,0.180000,0.000000,0.000000,0.000000,0.000000,8.000000,47.000000
1789149127.779962,0,0.000000,0.000000,0.000000,0.210000,0.000000,0.000000,0.000000,0.000000,8.000000,47.000000
1789149127.780514,0,0.000000,0.000000,0.000000,0.050000,0.000000,0.000000,0.000000,0.000000,8.000000,47.020000
1789149127.780903,0,0.000000,0.000000,0.000000,0.140000,0.000000,0.000000,0.000000,0.000000,8.000000,47.020000
1789149127.807626,0,0.000000,0.000000,0.000000,0.050000,0.000000,0.000000,0.000000,0.000000,8.000000,47.040000
1789149127.808236,0,0.000000,0.000000,0.000000,0.000000,0.000000,0.000000,0.000000,0.000000,8.000000,47.040000
1789149127.834468,0,0.000000,0.000000,0.000000,0.270000,0.000000,0.000000,0.000000,0.000000,8.000000,47.060000
1789149127.834988,0,0.000000,0.000000,0.000000,0.180000,0.000000,0.000000,0.000000,0.000000,8.000000,47.060000
1789149127.835377,0,0.000000,0.000000,0.000000,0.140000,0.000000,0.000000,0.000000,0.000000,8.000000,47.080000
1789149127.861461,0,0.000000,0.000000,0.000000,0.270000,0.000000,0.000000,0.000000,0.000000,8.000000,47.090000
1789149127.861973,0,0.000000,0.000000,0.000000,0.180000,0.000000,0.000000,0.000000,0.000000,8.000000,47.090000
1789149127.888803,0,0.000000,0.000000,0.000000,0.310000,0.000000,0.000000,0.000000,0.000000,8.000000,47.110000
1789149127.889301,0,0.000000,0.000000,0.000000,0.180000,0.000000,0.000000,0.000000,0.000000,8.000000,47.110000
1789149127.889714,0,0.000000,0.000000,0.000000,0.180000,0.000000,0.000000,0.000000,0.000000,8.000000,47.130000
1789149127.916871,0,0.000000,0.000000,0.000000,0.180000,0.000000,0.000000,0.000000,0.000000,8.000000,47.130000
1789149127.917459,0,0.000000,0.000000,0.000000,0.210000,0.000000,0.000000,0.000000,0.000000,8.000000,47.150000
1789149127.917856,0,0.000000,0.000000,0.000000,0.180000,0.000000,0.000000,0.000000,0.000000,8.000000,47.150000
1789149127.918216,0,0.000000,0.000000,0.000000,0.050000,0.000000,0.000000,0.000000,0.000000,8.000000,47.160000
1789149127.942348,0,0.000000,0.000000,0.000000,0.050000,0.000000,0.000000,0.000000,0.000000,8.000000,47.180000
1789149127.942863,0,0.000000,0.000000,0.000000,0.270000,0.000000,0.000000,0.000000,0.000000,8.000000,47.180000
1789149127.968123,0,0.000000,0.000000,0.000000,0.140000,0.000000,0.000000,0.000000,0.000000,8.000000,47.200000
1789149127.968638,0,0.000000,0.000000,0.000000,0.180000,0.000000,0.000000,0.000000,0.000000,8.000000,47.200000
1789149127.994655,0,0.000000,0.000000,0.000000,0.180000,0.000000,0.000000,0.000000,0.000000,8.000000,47.220000
1789149127.995226,0,0.000000,0.000000,0.000000,0.310000,0.000000,0.000000,0.000000,0.000000,8.000000,47.220000
1789149127.995644,0,0.000000,0.000000,0.000000,0.310000,0.000000,0.000000,0.000000,0.000000,8.000000,47.240000
1789149128.023378,0,0.000000,0.000000,0.000000,0.270000,0.000000,0.000000,0.000000,0.000000,8.000000,47.250000
1789149128.023882,0,0.000000,0.000000,0.000000,0.180000,0.000000,0.000000,0.000000,0.000000,8.000000,47.250000
1789149128.049128,0,0.000000,0.000000,0.000000,0.140000,0.000000,0.000000,0.000000,0.000000,8.000000,47.270000
1789149128.049839,0,0.000000,0.000000,0.000000,0.210000,0.000000,0.000000,0.000000,0.000000,8.000000,47.270000
1789149128.050302,0,0.000000,0.000000,0.000000,0.050000,0.000000,0.000000,0.000000,0.000000,8.000000,47.290000
1789149128.050983,0,0.000000,0.000000,0.000000,-0.100000,0.000000,0.000000,0.000000,0.000000,8.000000,47.290000
1789149128.075799,0,0.000000,0.000000,0.000000,0.340000,0.000000,0.000000,0.000000,0.000000,8.000000,47.310000
1789149128.076306,0,0.000000,0.000000,0.000000,0.180000,0.000000,0.000000,0.000000,0.000000,8.000000,47.310000
1789149128.102651,0,0.000000,0.000000,0.000000,0.140000,0.000000,0.000000,0.000000,0.000000,8.000000,47.330000
1789149128.103123,0,0.000000,0.000000,0.000000,0.100000,0.000000,0.000000,0.000000,0.000000,8.000000,47.340000
1789149128.103504,0,0.000000,0.000000,0.000000,0.180000,0.000000,0.000000,0.000000,0.000000,8.000000,47.340000
1789149128.129765,0,0.000000,0.000000,0.000000,0.180000,0.000000,0.000000,0.000000,0.000000,8.000000,47.360000
1789149128.130553,0,0.000000,0.000000,0.000000,0.100000,0.000000,0.000000,0.000000,0.000000,8.000000,47.360000
1789149128.131223,0,0.000000,0.000000,0.000000,0.180000,0.000000,0.000000,0.000000,0.000000,8.000000,47.380000
1789149128.156894,0,0.000000,0.000000,0.000000,0.050000,0.000000,0.000000,0.000000,0.000000,8.000000,47.380000
1789149128.157364,0,0.000000,0.000000,0.000000,0.180000,0.000000,0.000000,0.000000,0.000000,8.000000,47.400000
1789149128.157778,0,0.000000,0.000000,0.000000,0.210000,0.000000,0.000000,0.000000,0.000000,8.000000,47.400000
1789149128.184339,0,0.000000,0.000000,0.000000,0.000000,0.000000,0.000000,0.000000,0.000000,8.000000,47.410000
1789149128.184896,0,0.000000,0.000000,0.000000,0.180000,0.000000,0.000000,0.000000,0.000000,8.000000,47.430000
1789149128.209395,0,0.000000,0.000000,0.000000,0.140000,0.000000,0.000000,0.000000,0.000000,8.000000,47.430000
1789149128.209881,0,0.000000,0.000000,0.000000,0.140000,0.000000,0.000000,0.000000,0.000000,8.000000,47.450000
1789149128.210287,0,0.000000,0.000000,0.000000,0.140000,0.000000,0.000000,0.000000,0.000000,8.000000,47.450000
1789149128.235555,0,0.000000,0.000000,0.000000,-0.010000,0.000000,0.000000,0.000000,0.000000,8.000000,47.470000
1789149128.236120,0,0.000000,0.000000,1.000000,0.180000,0.000000,0.000000,0.000000,0.000000,8.000000,47.470000
1789149128.261360,0,0.000000,0.000000,1.000000,0.100000,0.000000,0.000000,0.000000,0.000000,8.000000,47.490000
1789149128.261842,0,0.000000,0.000000,1.000000,0.340000,0.000000,0.000000,0.000000,0.000000,8.000000,47.500000
1789149128.262253,0,0.000000,0.000000,1.000000,0.140000,0.000000,0.000000,0.000000,0.000000,8.000000,47.500000
1789149128.287045,0,0.000000,0.000000,1.000000,0.050000,0.000000,0.000000,0.000000,0.000000,8.000000,47.520000
1789149128.287682,0,0.000000,0.000000,1.000000,0.100000,0.000000,0.000000,0.000000,0.000000,8.000000,47.520000
1789149128.288166,0,0.000000,0.000000,1.000000,0.270000,0.000000,0.000000,0.000000,0.000000,8.000000,47.540000
1789149128.311693,0,0.000000,0.000000,1.000000,0.100000,0.000000,0.000000,0.000000,0.000000,8.000000,47.540000
1789149128.312189,0,0.000000,0.000000,1.000000,-0.010000,0.000000,0.000000,0.000000,0.000000,8.000000,47.560000
1789149128.336468,0,0.000000,0.000000,1.000000,-0.540000,0.000000,0.000000,0.000000,0.000000,8.000000,47.560000
1789149128.336983,0,0.000000,0.000000,1.000000,-0.460000,0.000000,0.000000,0.000000,0.000000,8.000000,47.580000
1789149128.363178,0,0.000000,0.000000,1.000000,-0.280000,0.000000,0.000000,0.000000,0.000000,8.000000,47.590000
1789149128.363702,0,0.000000,0.000000,1.000000,-0.400000,0.000000,0.000000,0.000000,0.000000,8.000000,47.590000
1789149128.364102,0,0.000000,0.000000,1.000000,-0.400000,0.000000,0.000000,0.000000,0.000000,8.000000,47.590000
1789149128.389685,0,0.000000,0.000000,1.000000,-0.400000,0.000000,0.000000,0.000000,0.000000,8.000000,47.610000
1789149128.390217,0,0.000000,0.000000,1.000000,-0.500000,0.000000,0.000000,0.000000,0.000000,8.000000,47.630000
1789149128.390627,0,0.000000,0.000000,1.000000,-0.720000,0.000000,0.000000,0.000000,0.000000,8.000000,47.630000
1789149128.416623,0,0.000000,0.000000,1.000000,-0.620000,0.000000,0.000000,0.000000,0.000000,8.000000,47.650000
1789149128.417127,0,0.000000,0.000000,1.000000,-0.500000,0.000000,0.000000,0.000000,0.000000,8.000000,47.650000
1789149128.417550,0,0.000000,0.000000,1.000000,-0.670000,0.000000,0.000000,0.000000,0.000000,8.000000,47.660000
1789149128.442712,0,0.000000,0.000000,1.000000,-0.720000,0.000000,0.000000,0.000000,0.000000,8.000000,47.680000
1789149128.443218,0,0.000000,0.000000,1.000000,-0.670000,0.000000,0.000000,0.000000,0.000000,8.000000,47.680000
1789149128.468372,0,0.000000,0.000000,1.000000,-0.400000,0.000000,0.000000,0.000000,0.000000,8.000000,47.680000
1789149128.468892,0,0.000000,0.000000,1.000000,-0.720000,0.000000,0.000000,0.000000,0.000000,8.000000,47.700000
1789149128.495265,0,0.000000,0.000000,1.000000,-0.930000,0.000000,0.000000,0.000000,0.000000,8.000000,47.700000
1789149128.495850,0,0.000000,0.000000,1.000000,-0.720000,0.000000,0.000000,0.000000,0.000000,8.000000,47.720000
1789149128.496247,0,0.000000,0.000000,1.000000,-0.930000,0.000000,0.000000,0.000000,0.000000,8.000000,47.720000
1789149128.523367,0,0.000000,0.000000,1.000000,-0.880000,0.000000,0.000000,0.000000,0.000000,8.000000,47.740000
1789149128.523877,0,0.000000,0.000000,1.000000,-1.050000,0.000000,0.000000,0.000000,0.000000,8.000000,47.750000
1789149128.524459,0,0.000000,0.000000,1.000000,-0.670000,0.000000,0.000000,0.000000,0.000000,8.000000,47.750000
1789149128.552393,0,0.000000,0.000000,1.000000,-0.750000,0.000000,0.000000,0.000000,0.000000,8.000000,47.770000
1789149128.552902,0,0.000000,0.000000,1.000000,-1.010000,0.000000,0.000000,0.000000,0.000000,8.000000,47.790000
1789149128.553319,0,0.000000,0.000000,1.000000,-1.050000,0.000000,0.000000,0.000000,0.000000,8.000000,47.790000
1789149128.579187,0,0.000000,0.000000,1.000000,-1.010000,0.000000,0.000000,0.000000,0.000000,8.000000,47.810000
1789149128.579725,0,0.000000,0.000000,1.000000,-0.930000,0.000000,0.000000,0.000000,0.000000,8.000000,47.810000
1789149128.606066,0,0.000000,0.000000,1.000000,-0.800000,0.000000,0.000000,0.000000,0.000000,8.000000,47.830000
1789149128.606557,0,0.000000,0.000000,1.000000,-0.980000,0.000000,0.000000,0.000000,0.000000,8.000000,47.830000
1789149128.606973,0,0.000000,0.000000,1.000000,-0.850000,0.000000,0.000000,0.000000,0.000000,8.000000,47.840000
1789149128.607462,0,0.000000,0.000000,1.000000,-0.880000,0.000000,0.000000,0.000000,0.000000,8.000000,47.840000
1789149128.634625,0,0.000000,0.000000,1.000000,-0.720000,0.000000,0.000000,0.000000,0.000000,8.000000,47.860000
1789149128.635122,0,0.000000,0.000000,1.000000,-0.800000,0.000000,0.000000,0.000000,0.000000,8.000000,47.860000
1789149128.661852,0,0.000000,0.000000,1.000000,-0.750000,0.000000,0.000000,0.000000,0.000000,8.000000,47.880000
1789149128.662591,0,0.000000,0.000000,1.000000,-0.800000,0.000000,0.000000,0.000000,0.000000,8.000000,47.880000
1789149128.663072,0,0.000000,0.000000,1.000000,-0.620000,0.000000,0.000000,0.000000,0.000000,8.000000,47.900000
1789149128.689441,0,0.000000,0.000000,1.000000,-0.400000,0.000000,0.000000,0.000000,0.000000,8.000000,47.900000
1789149128.689952,0,0.000000,0.000000,1.000000,-0.460000,0.000000,0.000000,0.000000,0.000000,8.000000,47.910000
1789149128.690473,0,0.000000,0.000000,1.000000,-0.370000,0.000000,0.000000,0.000000,0.000000,8.000000,47.930000
1789149128.716945,0,0.000000,0.000000,1.000000,-0.230000,0.000000,0.000000,0.000000,0.000000,8.000000,47.930000
1789149128.717476,0,0.000000,0.000000,1.000000,-0.460000,0.000000,0.000000,0.000000,0.000000,8.000000,47.950000
1789149128.743732,0,0.000000,0.000000,1.000000,-0.230000,0.000000,0.000000,0.000000,0.000000,8.000000,47.950000
1789149128.744435,0,0.000000,0.000000,1.000000,-0.370000,0.000000,0.000000,0.000000,0.000000,8.000000,47.970000
1789149128.744870,0,0.000000,0.000000,1.000000,-0.200000,0.000000,0.000000,0.000000,0.000000,8.000000,47.970000
1789149128.771370,0,0.000000,0.000000,1.000000,-0.150000,0.000000,0.000000,0.000000,0.000000,8.000000,48.000000
1789149128.771888,0,0.000000,0.000000,1.000000,-0.150000,0.000000,0.000000,0.000000,0.000000,8.000000,48.000000
1789149128.796715,0,0.000000,0.000000,1.000000,0.000000,0.000000,0.000000,0.000000,0.000000,8.000000,48.000000
1789149128.797323,0,0.000000,0.000000,1.000000,-0.330000,0.000000,0.000000,0.000000,0.000000,8.000000,48.020000
1789149128.797915,0,0.000000,0.000000,1.000000,-0.280000,0.000000,0.000000,0.000000,0.000000,8.000000,48.040000
1789149128.824791,0,0.000000,0.000000,1.000000,-0.330000,0.000000,0.000000,0.000000,0.000000,8.000000,48.040000
1789149128.825356,0,0.000000,0.000000,1.000000,-0.280000,0.000000,0.000000,0.000000,0.000000,8.000000,48.060000
1789149128.825868,0,0.000000,0.000000,1.000000,-0.230000,0.000000,0.000000,0.000000,0.000000,8.000000,48.060000
1789149128.852232,0,0.000000,0.000000,1.000000,-0.400000,0.000000,0.000000,0.000000,0.000000,8.000000,48.080000
1789149128.852765,0,0.000000,0.000000,1.000000,-0.400000,0.000000,0.000000,0.000000,0.000000,8.000000,48.090000
1789149128.853366,0,0.000000,0.000000,1.000000,-0.150000,0.000000,0.000000,0.000000,0.000000,8.000000,48.090000
1789149128.879493,0,0.000000,0.000000,1.000000,-0.010000,0.000000,0.000000,0.000000,0.000000,8.000000,48.110000
1789149128.880254,0,0.000000,0.000000,1.000000,-0.330000,0.000000,0.000000,0.000000,0.000000,8.000000,48.110000
1789149128.905833,0,0.000000,0.000000,1.000000,-0.460000,0.000000,0.000000,0.000000,0.000000,8.000000,48.130000
1789149128.906355,0,0.000000,0.000000,1.000000,-0.370000,0.000000,0.000000,0.000000,0.000000,8.000000,48.130000
1789149128.906747,0,0.000000,0.000000,1.000000,-0.460000,0.000000,0.000000,0.000000,0.000000,8.000000,48.150000
1789149128.907100,0,0.000000,0.000000,1.000000,-0.540000,0.000000,0.000000,0.000000,0.000000,8.000000,48.150000
1789149128.932302,0,0.000000,0.000000,1.000000,-0.460000,0.000000,0.000000,0.000000,0.000000,8.000000,48.160000
1789149128.932928,0,0.000000,0.000000,1.000000,-0.400000,0.000000,0.000000,0.000000,0.000000,8.000000,48.180000
1789149128.958772,0,0.000000,0.000000,1.000000,-0.370000,0.000000,0.000000,0.000000,0.000000,8.000000,48.180000
1789149128.959283,0,0.000000,0.000000,1.000000,-0.400000,0.000000,0.000000,0.000000,0.000000,8.000000,48.200000
1789149128.959702,0,0.000000,0.000000,1.000000,-0.330000,0.000000,0.000000,0.000000,0.000000,8.000000,48.200000
1789149128.985378,0,0.000000,0.000000,1.000000,-0.330000,0.000000,0.000000,0.000000,0.000000,8.000000,48.220000
1789149128.985901,0,0.000000,0.000000,1.000000,-0.400000,0.000000,0.000000,0.000000,0.000000,8.000000,48.220000
1789149129.011513,0,0.000000,0.000000,1.000000,-0.460000,0.000000,0.000000,0.000000,0.000000,8.000000,48.220000
1789149129.012039,0,0.000000,0.000000,1.000000,-0.330000,0.000000,0.000000,0.000000,0.000000,8.000000,48.240000
1789149129.012439,0,0.000000,0.000000,1.000000,-0.460000,0.000000,0.000000,0.000000,0.000000,8.000000,48.250000
1789149129.012799,0,0.000000,0.000000,1.000000,-0.370000,0.000000,0.000000,0.000000,0.000000,8.000000,48.250000
1789149129.039857,0,0.000000,0.000000,1.000000,-0.460000,0.000000,0.000000,0.000000,0.000000,8.000000,48.270000
1789149129.040371,0,0.000000,0.000000,1.000000,-0.280000,0.000000,0.000000,0.000000,0.000000,8.000000,48.270000
1789149129.066218,0,0.000000,0.000000,1.000000,-0.460000,0.000000,0.000000,0.000000,0.000000,8.000000,48.290000
1789149129.066825,0,0.000000,0.000000,1.000000,-0.400000,0.000000,0.000000,0.000000,0.000000,8.000000,48.290000
1789149129.094122,0,0.000000,0.000000,1.000000,-0.330000,0.000000,0.000000,0.000000,0.000000,8.000000,48.310000
1789149129.094634,0,0.000000,0.000000,1.000000,-0.230000,0.000000,0.000000,0.000000,0.000000,8.000000,48.310000
1789149129.095060,0,0.000000,0.000000,1.000000,-0.280000,0.000000,0.000000,0.000000,0.000000,8.000000,48.330000
1789149129.095554,0,0.000000,0.000000,1.000000,-0.370000,0.000000,0.000000,0.000000,0.000000,8.000000,48.340000
1789149129.124455,0,0.000000,0.000000,1.000000,-0.200000,0.000000,0.000000,0.000000,0.000000,8.000000,48.340000
1789149129.125040,0,0.000000,0.000000,1.000000,-0.280000,0.000000,0.000000,0.000000,0.000000,8.000000,48.360000
1789149129.125580,0,0.000000,0.000000,1.000000,-0.330000,0.000000,0.000000,0.000000,0.000000,8.000000,48.360000
1789149129.152638,0,0.000000,0.000000,1.000000,-0.400000,0.000000,0.000000,0.000000,0.000000,8.000000,48.380000
1789149129.153109,0,0.000000,0.000000,1.000000,-0.400000,0.000000,0.000000,0.000000,0.000000,8.000000,48.380000
1789149129.180848,0,0.000000,0.000000,1.000000,-0.330000,0.000000,0.000000,0.000000,0.000000,8.000000,48.400000
1789149129.181420,0,0.000000,0.000000,1.000000,-0.230000,0.000000,0.000000,0.000000,0.000000,8.000000,48.400000
1789149129.181821,0,0.000000,0.000000,1.000000,-0.230000,0.000000,0.000000,0.000000,0.000000,8.000000,48.410000
1789149129.210028,0,0.000000,0.000000,1.000000,-0.370000,0.000000,0.000000,0.000000,0.000000,8.000000,48.430000
1789149129.210534,0,0.000000,0.000000,1.000000,-0.400000,0.000000,0.000000,0.000000,0.000000,8.000000,48.430000
1789149129.210954,0,0.000000,0.000000,1.000000,-0.280000,0.000000,0.000000,0.000000,0.000000,8.000000,48.450000
1789149129.237345,0,0.000000,0.000000,1.000000,-0.580000,0.000000,0.000000,0.000000,0.000000,8.000000,48.450000
1789149129.237859,0,0.000000,0.000000,1.000000,-0.670000,0.000000,0.000000,0.000000,0.000000,8.000000,48.470000
1789149129.238291,0,0.000000,0.000000,1.000000,-0.280000,0.000000,0.000000,0.000000,0.000000,8.000000,48.470000
1789149129.265394,0,0.000000,0.000000,1.000000,-0.330000,0.000000,0.000000,0.000000,0.000000,8.000000,48.490000
1789149129.265906,0,0.000000,0.000000,1.000000,-0.370000,0.000000,0.000000,0.000000,0.000000,8.000000,48.500000
1789149129.292819,0,0.000000,0.000000,1.000000,-0.370000,0.000000,0.000000,0.000000,0.000000,8.000000,48.500000
1789149129.293324,0,0.000000,0.000000,1.000000,-0.370000,0.000000,0.000000,0.000000,0.000000,8.000000,48.520000
1789149129.293702,0,0.000000,0.000000,1.000000,-0.330000,0.000000,0.000000,0.000000,0.000000,8.000000,48.520000
1789149129.294078,0,0.000000,0.000000,1.000000,-0.370000,0.000000,0.000000,0.000000,0.000000,8.000000,48.540000
1789149129.320775,0,0.000000,0.000000,1.000000,-0.280000,0.000000,0.000000,0.000000,0.000000,8.000000,48.540000
1789149129.321281,0,0.000000,0.000000,1.000000,-0.370000,0.000000,0.000000,0.000000,0.000000,8.000000,48.560000
1789149129.321676,0,0.000000,0.000000,1.000000,-0.330000,0.000000,0.000000,0.000000,0.000000,8.000000,48.560000
1789149129.348941,0,0.000000,0.000000,1.000000,-0.370000,0.000000,0.000000,0.000000,0.000000,8.000000,48.580000
1789149129.349460,0,0.000000,0.000000,1.000000,-0.330000,0.000000,0.000000,0.000000,0.000000,8.000000,48.590000
1789149129.350000,0,0.000000,0.000000,1.000000,-0.370000,0.000000,0.000000,0.000000,0.000000,8.000000,48.590000
1789149129.400213,0,0.000000,0.000000,1.000000,-0.330000,0.000000,0.000000,0.000000,0.000000,8.000000,48.610000
1789149129.400729,0,0.000000,0.000000,1.000000,-0.150000,0.000000,0.000000,0.000000,0.000000,8.000000,48.610000
1789149129.401137,0,0.000000,0.000000,1.000000,-0.200000,0.000000,0.000000,0.000000,0.000000,8.000000,48.630000
1789149129.401508,0,0.000000,0.000000,1.000000,-0.330000,0.000000,0.000000,0.000000,0.000000,8.000000,48.630000
1789149129.402041,0,0.000000,0.000000,1.000000,-0.370000,0.000000,0.000000,0.000000,0.000000,8.000000,48.650000
1789149129.402417,0,0.000000,0.000000,1.000000,-0.280000,0.000000,0.000000,0.000000,0.000000,8.000000,48.650000
1789149129.402776,0,0.000000,0.000000,1.000000,-0.330000,0.000000,0.000000,0.000000,0.000000,8.000000,48.660000
1789149129.450230,0,0.000000,0.000000,1.000000,-0.330000,0.000000,0.000000,0.000000,0.000000,8.000000,48.680000
1789149129.450897,0,0.000000,0.000000,1.000000,-0.330000,0.000000,0.000000,0.000000,0.000000,8.000000,48.680000
1789149129.451358,0,0.000000,0.000000,1.000000,-0.330000,0.000000,0.000000,0.000000,0.000000,8.000000,48.700000
1789149129.451893,0,0.000000,0.000000,1.000000,-0.370000,0.000000,0.000000,0.000000,0.000000,8.000000,48.700000
1789149129.452306,0,0.000000,0.000000,1.000000,-0.330000,0.000000,0.000000,0.000000,0.000000,8.000000,48.720000
1789149129.500685,0,0.000000,0.000000,1.000000,-0.330000,0.000000,0.000000,0.000000,0.000000,8.000000,48.720000
1789149129.501194,0,0.000000,0.000000,1.000000,-0.330000,0.000000,0.000000,0.000000,0.000000,8.000000,48.740000
1789149129.501622,0,0.000000,0.000000,1.000000,-0.400000,0.000000,0.000000,0.000000,0.000000,8.000000,48.750000
1789149129.502202,0,0.000000,0.000000,1.000000,-0.400000,0.000000,0.000000,0.000000,0.000000,8.000000,48.750000
1789149129.502725,0,0.000000,0.000000,1.000000,-0.460000,0.000000,0.000000,0.000000,0.000000,8.000000,48.770000
1789149129.527516,0,0.000000,0.000000,1.000000,-0.330000,0.000000,0.000000,0.000000,0.000000,8.000000,48.770000
1789149129.555382,0,0.000000,0.000000,1.000000,-0.370000,0.000000,0.000000,0.000000,0.000000,8.000000,48.790000
1789149129.555911,0,0.000000,0.000000,1.000000,-0.370000,0.000000,0.000000,0.000000,0.000000,8.000000,48.790000
1789149129.581248,0,0.000000,0.000000,1.000000,-0.540000,0.000000,0.000000,0.000000,0.000000,8.000000,48.810000
1789149129.581787,0,0.000000,0.000000,1.000000,-0.370000,0.000000,0.000000,0.000000,0.000000,8.000000,48.810000
1789149129.582183,0,0.000000,0.000000,1.000000,-0.280000,0.000000,0.000000,0.000000,0.000000,8.000000,48.830000
1789149129.607882,0,0.000000,0.000000,1.000000,-0.330000,0.000000,0.000000,0.000000,0.000000,8.000000,48.840000
1789149129.608414,0,0.000000,0.000000,1.000000,-0.400000,0.000000,0.000000,0.000000,0.000000,8.000000,48.840000
1789149129.635281,0,0.000000,0.000000,1.000000,-0.100000,0.000000,0.000000,0.000000,0.000000,8.000000,48.860000
1789149129.635795,0,0.000000,0.000000,1.000000,-0.100000,0.000000,0.000000,0.000000,0.000000,8.000000,48.860000
1789149129.636224,0,0.000000,0.000000,1.000000,-0.280000,0.000000,0.000000,0.000000,0.000000,8.000000,48.880000
1789149129.662107,0,0.000000,0.000000,1.000000,-0.460000,0.000000,0.000000,0.000000,0.000000,8.000000,48.880000
1789149129.662665,0,0.000000,0.000000,1.000000,-0.400000,0.000000,0.000000,0.000000,0.000000,8.000000,48.900000
1789149129.663339,0,0.000000,0.000000,1.000000,-0.540000,0.000000,0.000000,0.000000,0.000000,8.000000,48.900000
1789149129.689609,0,0.000000,0.000000,1.000000,-0.330000,0.000000,0.000000,0.000000,0.000000,8.000000,48.910000
1789149129.690121,0,0.000000,0.000000,1.000000,-0.370000,0.000000,0.000000,0.000000,0.000000,8.000000,48.930000
1789149129.690542,0,0.000000,0.000000,1.000000,-0.330000,0.000000,0.000000,0.000000,0.000000,8.000000,48.930000
1789149129.717544,0,0.000000,0.000000,1.000000,-0.460000,0.000000,0.000000,0.000000,0.000000,8.000000,48.950000
1789149129.718088,0,0.000000,0.000000,1.000000,-0.460000,0.000000,0.000000,0.000000,0.000000,8.000000,48.950000
1789149129.718494,0,0.000000,0.000000,1.000000,-0.460000,0.000000,0.000000,0.000000,0.000000,8.000000,48.970000
1789149129.744502,0,0.000000,0.000000,1.000000,-0.200000,0.000000,0.000000,0.000000,0.000000,8.000000,48.970000
1789149129.745013,0,0.000000,0.000000,1.000000,-0.400000,0.000000,0.000000,0.000000,0.000000,8.000000,48.990000
1789149129.745599,0,0.000000,0.000000,1.000000,-0.330000,0.000000,0.000000,0.000000,0.000000,8.000000,49.000000
1789149129.772504,0,0.000000,0.000000,1.000000,-0.330000,0.000000,0.000000,0.000000,0.000000,8.000000,49.000000
1789149129.773016,0,0.000000,0.000000,1.000000,-0.460000,0.000000,0.000000,0.000000,0.000000,8.000000,49.020000
1789149129.799271,0,0.000000,0.000000,1.000000,-0.580000,0.000000,0.000000,0.000000,0.000000,8.000000,49.020000
1789149129.799843,0,0.000000,0.000000,1.000000,-0.330000,0.000000,0.000000,0.000000,0.000000,8.000000,49.020000
1789149129.826203,0,0.000000,0.000000,1.000000,-0.500000,0.000000,0.000000,0.000000,0.000000,8.000000,49.040000
1789149129.826780,0,0.000000,0.000000,1.000000,-0.460000,0.000000,0.000000,0.000000,0.000000,8.000000,49.040000
1789149129.827190,0,0.000000,0.000000,1.000000,0.050000,0.000000,0.000000,0.000000,0.000000,8.000000,49.060000
1789149129.852107,0,0.000000,0.000000,1.000000,-0.500000,0.000000,0.000000,0.000000,0.000000,8.000000,49.080000
1789149129.852636,0,0.000000,0.000000,1.000000,-0.400000,0.000000,0.000000,0.000000,0.000000,8.000000,49.090000
1789149129.853045,0,0.000000,0.000000,1.000000,-0.370000,0.000000,0.000000,0.000000,0.000000,8.000000,49.090000
1789149129.879411,0,0.000000,0.000000,1.000000,-0.370000,0.000000,0.000000,0.000000,0.000000,8.000000,49.110000
1789149129.879923,0,0.000000,0.000000,1.000000,-0.400000,0.000000,0.000000,0.000000,0.000000,8.000000,49.110000
1789149129.907697,0,0.000000,0.000000,1.000000,-0.230000,0.000000,0.000000,0.000000,0.000000,8.000000,49.130000
1789149129.908355,0,0.000000,0.000000,1.000000,-0.460000,0.000000,0.000000,0.000000,0.000000,8.000000,49.130000
1789149129.908857,0,0.000000,0.000000,1.000000,-0.400000,0.000000,0.000000,0.000000,0.000000,8.000000,49.150000
1789149129.935440,0,0.000000,0.000000,1.000000,-0.280000,0.000000,0.000000,0.000000,0.000000,8.000000,49.150000
1789149129.935959,0,0.000000,0.000000,1.000000,-0.500000,0.000000,0.000000,0.000000,0.000000,8.000000,49.160000
1789149129.936360,0,0.000000,0.000000,1.000000,-0.370000,0.000000,0.000000,0.000000,0.000000,8.000000,49.180000
1789149129.936865,0,0.000000,0.000000,1.000000,-0.540000,0.000000,0.000000,0.000000,0.000000,8.000000,49.180000
1789149129.962563,0,0.000000,0.000000,1.000000,-0.500000,0.000000,0.000000,0.000000,0.000000,8.000000,49.200000
1789149129.963066,0,0.000000,0.000000,1.000000,-0.500000,0.000000,0.000000,0.000000,0.000000,8.000000,49.200000
1789149129.963617,0,0.000000,0.000000,1.000000,-0.580000,0.000000,0.000000,0.000000,0.000000,8.000000,49.200000
1789149129.989811,0,0.000000,0.000000,1.000000,-0.400000,0.000000,0.000000,0.000000,0.000000,8.000000,49.220000
1789149129.990376,0,0.000000,0.000000,1.000000,-0.500000,0.000000,0.000000,0.000000,0.000000,8.000000,49.220000
1789149130.016169,0,0.000000,0.000000,1.000000,-0.580000,0.000000,0.000000,0.000000,0.000000,8.000000,49.240000
1789149130.016711,0,0.000000,0.000000,1.000000,-0.400000,0.000000,0.000000,0.000000,0.000000,8.000000,49.250000
1789149130.017197,0,0.000000,0.000000,1.000000,-0.500000,0.000000,0.000000,0.000000,0.000000,8.000000,49.250000
1789149130.043758,0,0.000000,0.000000,1.000000,-0.580000,0.000000,0.000000,0.000000,0.000000,8.000000,49.270000
1789149130.070596,0,0.000000,0.000000,1.000000,-0.280000,0.000000,0.000000,0.000000,0.000000,8.000000,49.270000
1789149130.071109,0,0.000000,0.000000,1.000000,-0.460000,0.000000,0.000000,0.000000,0.000000,8.000000,49.290000
1789149130.071535,0,0.000000,0.000000,1.000000,-0.400000,0.000000,0.000000,0.000000,0.000000,8.000000,49.290000
1789149130.071929,0,0.000000,0.000000,1.000000,-0.330000,0.000000,0.000000,0.000000,0.000000,8.000000,49.310000
1789149130.097606,0,0.000000,0.000000,1.000000,-0.230000,0.000000,0.000000,0.000000,0.000000,8.000000,49.310000
1789149130.098148,0,0.000000,0.000000,1.000000,-0.370000,0.000000,0.000000,0.000000,0.000000,8.000000,49.330000
1789149130.098533,0,0.000000,0.000000,1.000000,-0.370000,0.000000,0.000000,0.000000,0.000000,8.000000,49.340000
1789149130.128737,0,0.000000,0.000000,1.000000,-0.370000,0.000000,0.000000,0.000000,0.000000,8.000000,49.340000
1789149130.129303,0,0.000000,0.000000,1.000000,-0.460000,0.000000,0.000000,0.000000,0.000000,8.000000,49.360000
1789149130.155871,0,0.000000,0.000000,1.000000,-0.370000,0.000000,0.000000,0.000000,0.000000,8.000000,49.360000
1789149130.156421,0,0.000000,0.000000,1.000000,-0.500000,0.000000,0.000000,0.000000,0.000000,8.000000,49.380000
1789149130.156842,0,0.000000,0.000000,1.000000,-0.460000,0.000000,0.000000,0.000000,0.000000,8.000000,49.380000
1789149130.181709,0,0.000000,0.000000,1.000000,-0.370000,0.000000,0.000000,0.000000,0.000000,8.000000,49.400000
1789149130.182254,0,0.000000,0.000000,1.000000,-0.370000,0.000000,0.000000,0.000000,0.000000,8.000000,49.400000
1789149130.182646,0,0.000000,0.000000,1.000000,-0.370000,0.000000,0.000000,0.000000,0.000000,8.000000,49.410000
1789149130.209649,0,0.000000,0.000000,1.000000,-0.500000,0.000000,0.000000,0.000000,0.000000,8.000000,49.430000
1789149130.210159,0,0.000000,0.000000,1.000000,-0.330000,0.000000,0.000000,0.000000,0.000000,8.000000,49.430000
1789149130.235881,0,0.000000,0.000000,1.000000,-0.400000,0.000000,0.000000,0.000000,0.000000,8.000000,49.450000
1789149130.236442,0,0.000000,0.000000,1.000000,-0.070000,0.000000,0.000000,0.000000,0.000000,8.000000,49.450000
1789149130.237111,0,0.000000,0.000000,1.000000,-0.100000,0.000000,0.000000,0.000000,0.000000,8.000000,49.470000
1789149130.237635,0,0.000000,0.000000,1.000000,-0.010000,0.000000,0.000000,0.000000,0.000000,8.000000,49.470000
1789149130.264052,0,0.000000,0.000000,1.000000,-0.100000,0.000000,0.000000,0.000000,0.000000,8.000000,49.490000
1789149130.264609,0,0.000000,0.000000,1.000000,-0.460000,0.000000,0.000000,0.000000,0.000000,8.000000,49.500000
1789149130.265114,0,0.000000,0.000000,1.000000,-0.460000,0.000000,0.000000,0.000000,0.000000,8.000000,49.500000
1789149130.292514,0,0.000000,0.000000,1.000000,-0.370000,0.000000,0.000000,0.000000,0.000000,8.000000,49.520000
1789149130.319722,0,0.000000,0.000000,1.000000,-0.280000,0.000000,0.000000,0.000000,0.000000,8.000000,49.520000
1789149130.320289,0,0.000000,0.000000,1.000000,-0.370000,0.000000,0.000000,0.000000,0.000000,8.000000,49.540000
1789149130.320716,0,0.000000,0.000000,1.000000,-0.400000,0.000000,0.000000,0.000000,0.000000,8.000000,49.540000
1789149130.346041,0,0.000000,0.000000,1.000000,-0.400000,0.000000,0.000000,0.000000,0.000000,8.000000,49.560000
1789149130.346545,0,0.000000,0.000000,1.000000,-0.330000,0.000000,0.000000,0.000000,0.000000,8.000000,49.560000
1789149130.346969,0,0.000000,0.000000,1.000000,-0.230000,0.000000,0.000000,0.000000,0.000000,8.000000,49.580000
1789149130.347479,0,0.000000,0.000000,1.000000,-0.540000,0.000000,0.000000,0.000000,0.000000,8.000000,49.590000
1789149130.374068,0,0.000000,0.000000,1.000000,-0.620000,0.000000,0.000000,0.000000,0.000000,8.000000,49.590000
1789149130.374586,0,0.000000,0.000000,1.000000,-0.540000,0.000000,0.000000,0.000000,0.000000,8.000000,49.610000
1789149130.401217,0,0.000000,0.000000,1.000000,-0.750000,0.000000,0.000000,0.000000,0.000000,8.000000,49.610000
1789149130.401734,0,0.000000,0.000000,1.000000,-0.750000,0.000000,0.000000,0.000000,0.000000,8.000000,49.630000
1789149130.402153,0,0.000000,0.000000,1.000000,-0.880000,0.000000,0.000000,0.000000,0.000000,8.000000,49.630000
1789149130.428750,0,0.000000,0.000000,1.000000,-0.980000,0.000000,0.000000,0.000000,0.000000,8.000000,49.650000
1789149130.429222,0,0.000000,0.000000,1.000000,-1.010000,0.000000,0.000000,0.000000,0.000000,8.000000,49.650000
1789149130.429614,0,0.000000,0.000000,1.000000,-1.190000,0.000000,0.000000,0.000000,0.000000,8.000000,49.660000
1789149130.430072,0,0.000000,0.000000,1.000000,-1.370000,0.000000,0.000000,0.000000,0.000000,8.000000,49.680000
1789149130.458441,0,0.000000,0.000000,1.000000,-1.370000,0.000000,0.000000,0.000000,0.000000,8.000000,49.680000
1789149130.458955,0,0.000000,0.000000,1.000000,-1.580000,0.000000,0.000000,0.000000,0.000000,8.000000,49.700000
1789149130.484842,0,0.000000,0.000000,1.000000,-1.790000,0.000000,0.000000,0.000000,0.000000,8.000000,49.700000
1789149130.485662,0,0.000000,0.000000,1.000000,-1.880000,0.000000,0.000000,0.000000,0.000000,8.000000,49.720000
1789149130.486130,0,0.000000,0.000000,1.000000,-1.920000,0.000000,0.000000,0.000000,0.000000,8.000000,49.720000
1789149130.509950,0,0.000000,0.000000,1.000000,-1.970000,0.000000,0.000000,0.000000,0.000000,8.000000,49.740000
1789149130.510557,0,0.000000,0.000000,1.000000,-2.140000,0.000000,0.000000,0.000000,0.000000,8.000000,49.750000
1789149130.511015,0,0.000000,0.000000,1.000000,-2.190000,0.000000,0.000000,0.000000,0.000000,8.000000,49.750000
1789149130.535964,0,0.000000,0.000000,1.000000,-2.310000,0.000000,0.000000,0.000000,0.000000,8.000000,49.770000
1789149130.536496,0,0.000000,0.000000,1.000000,-2.400000,0.000000,0.000000,0.000000,0.000000,8.000000,49.770000
1789149130.536957,0,0.000000,0.000000,1.000000,-2.260000,0.000000,0.000000,0.000000,0.000000,8.000000,49.790000
1789149130.563297,0,0.000000,0.000000,1.000000,-2.230000,0.000000,0.000000,0.000000,0.000000,8.000000,49.790000
1789149130.563998,0,0.000000,0.000000,1.000000,-2.400000,0.000000,0.000000,0.000000,0.000000,8.000000,49.810000
1789149130.564489,0,0.000000,0.000000,1.000000,-2.570000,0.000000,0.000000,0.000000,0.000000,8.000000,49.810000
1789149130.591651,0,0.000000,0.000000,1.000000,-2.610000,0.000000,0.000000,0.000000,0.000000,8.000000,49.830000
1789149130.618475,0,0.000000,0.000000,1.000000,-2.710000,0.000000,0.000000,0.000000,0.000000,8.000000,49.840000
1789149130.619087,0,0.000000,0.000000,1.000000,-2.830000,0.000000,0.000000,0.000000,0.000000,8.000000,49.840000
1789149130.619661,0,0.000000,0.000000,1.000000,-2.830000,0.000000,0.000000,0.000000,0.000000,8.000000,49.860000
1789149130.620136,0,0.000000,0.000000,1.000000,-3.180000,0.000000,0.000000,0.000000,0.000000,8.000000,49.860000
1789149130.646462,0,0.000000,0.000000,1.000000,-2.830000,0.000000,0.000000,0.000000,0.000000,8.000000,49.880000
1789149130.646972,0,0.000000,0.000000,1.000000,-2.750000,0.000000,0.000000,0.000000,0.000000,8.000000,49.880000
1789149130.647497,0,0.000000,0.000000,1.000000,-3.140000,0.000000,0.000000,0.000000,0.000000,8.000000,49.900000
1789149130.675219,0,0.000000,0.000000,1.000000,-3.090000,0.000000,0.000000,0.000000,0.000000,8.000000,49.900000
1789149130.675747,0,0.000000,0.000000,1.000000,-3.350000,0.000000,0.000000,0.000000,0.000000,8.000000,49.910000
1789149130.704765,0,0.000000,0.000000,1.000000,-3.300000,0.000000,0.000000,0.000000,0.000000,8.000000,49.930000
1789149130.705345,0,0.000000,0.000000,1.000000,-0.800000,0.000000,0.000000,0.000000,0.000000,8.000000,49.930000
1789149130.705752,0,0.000000,0.000000,1.000000,-2.450000,0.000000,0.000000,0.000000,0.000000,8.000000,49.950000
1789149130.755956,0,0.000000,0.000000,1.000000,-0.400000,0.000000,0.000000,0.000000,0.000000,8.000000,49.950000
1789149130.756497,0,0.000000,0.000000,1.000000,-3.750000,0.000000,0.000000,0.000000,0.000000,8.000000,49.970000
1789149130.756913,0,0.000000,0.000000,1.000000,-2.310000,0.000000,0.000000,0.000000,0.000000,8.000000,49.970000
1789149130.757300,0,0.000000,0.000000,1.000000,-2.350000,0.000000,0.000000,0.000000,0.000000,8.000000,49.990000
1789149130.757685,0,0.000000,0.000000,1.000000,-2.310000,0.000000,0.000000,0.000000,0.000000,8.000000,50.000000
1789149130.758241,0,0.000000,0.000000,1.000000,-2.710000,0.000000,0.000000,0.000000,0.000000,8.000000,50.000000
1789149130.758649,0,0.000000,0.000000,1.000000,-2.920000,0.000000,0.000000,0.000000,0.000000,8.000000,50.020000
1789149130.810914,0,0.000000,0.000000,1.000000,-2.750000,0.000000,0.000000,0.000000,0.000000,8.000000,50.020000
1789149130.811633,0,0.000000,0.000000,1.000000,-2.710000,0.000000,0.000000,0.000000,0.000000,8.000000,50.040000
1789149130.812084,0,0.000000,0.000000,1.000000,-2.190000,0.000000,0.000000,0.000000,0.000000,8.000000,50.040000
1789149130.812482,0,0.000000,0.000000,1.000000,-2.310000,0.000000,0.000000,0.000000,0.000000,8.000000,50.060000
1789149130.812879,0,0.000000,0.000000,1.000000,-2.570000,0.000000,0.000000,0.000000,0.000000,8.000000,50.060000
1789149130.838712,0,0.000000,0.000000,1.000000,-2.400000,0.000000,0.000000,0.000000,0.000000,8.000000,50.080000
1789149130.839214,0,0.000000,0.000000,1.000000,-2.350000,0.000000,0.000000,0.000000,0.000000,8.000000,50.090000
1789149130.862778,0,0.000000,0.000000,1.000000,-2.230000,0.000000,0.000000,0.000000,0.000000,8.000000,50.090000
1789149130.863281,0,0.000000,0.000000,1.000000,-2.230000,0.000000,0.000000,0.000000,0.000000,8.000000,50.110000
1789149130.914518,0,0.000000,0.000000,1.000000,-1.840000,0.000000,0.000000,0.000000,0.000000,8.000000,50.110000
1789149130.915054,0,0.000000,0.000000,1.000000,-2.000000,0.000000,0.000000,0.000000,0.000000,8.000000,50.130000
1789149130.915578,0,0.000000,0.000000,1.000000,-2.140000,0.000000,0.000000,0.000000,0.000000,8.000000,50.130000
1789149130.916050,0,0.000000,0.000000,1.000000,-1.920000,0.000000,0.000000,0.000000,0.000000,8.000000,50.150000
1789149130.916413,0,0.000000,0.000000,1.000000,-1.620000,0.000000,0.000000,0.000000,0.000000,8.000000,50.150000
1789149130.916829,0,0.000000,0.000000,1.000000,-1.880000,0.000000,0.000000,0.000000,0.000000,8.000000,50.160000
1789149130.965960,0,0.000000,0.000000,1.000000,-1.750000,0.000000,0.000000,0.000000,0.000000,8.000000,50.180000
1789149130.966477,0,0.000000,0.000000,1.000000,-1.660000,0.000000,0.000000,0.000000,0.000000,8.000000,50.180000
1789149130.967133,0,0.000000,0.000000,1.000000,-1.620000,0.000000,0.000000,0.000000,0.000000,8.000000,50.200000
1789149130.967675,0,0.000000,0.000000,1.000000,-1.660000,0.000000,0.000000,0.000000,0.000000,8.000000,50.200000
1789149130.968272,0,0.000000,0.000000,1.000000,-1.270000,0.000000,0.000000,0.000000,0.000000,8.000000,50.220000
1789149130.968701,0,0.000000,0.000000,1.000000,-1.270000,0.000000,0.000000,0.000000,0.000000,8.000000,50.220000
1789149130.994755,0,0.000000,0.000000,1.000000,-1.450000,0.000000,0.000000,0.000000,0.000000,8.000000,50.240000
1789149131.021641,0,0.000000,0.000000,1.000000,-1.530000,0.000000,0.000000,0.000000,0.000000,8.000000,50.250000
1789149131.022149,0,0.000000,0.000000,1.000000,-1.450000,0.000000,0.000000,0.000000,0.000000,8.000000,50.250000
1789149131.048878,0,0.000000,0.000000,1.000000,-1.190000,0.000000,0.000000,0.000000,0.000000,8.000000,50.270000
1789149131.049380,0,0.000000,0.000000,1.000000,-1.110000,0.000000,0.000000,0.000000,0.000000,8.000000,50.270000
1789149131.049762,0,0.000000,0.000000,1.000000,-1.140000,0.000000,0.000000,0.000000,0.000000,8.000000,50.290000
1789149131.074949,0,0.000000,0.000000,1.000000,-0.880000,0.000000,0.000000,0.000000,0.000000,8.000000,50.290000
1789149131.075463,0,0.000000,0.000000,1.000000,-0.800000,0.000000,0.000000,0.000000,0.000000,8.000000,50.310000
1789149131.103220,0,0.000000,0.000000,1.000000,-0.750000,0.000000,0.000000,0.000000,0.000000,8.000000,50.310000
1789149131.103738,0,0.000000,0.000000,1.000000,-0.540000,0.000000,0.000000,0.000000,0.000000,8.000000,50.330000
1789149131.105764,0,0.000000,0.000000,1.000000,-0.540000,0.000000,0.000000,0.000000,0.000000,8.000000,50.340000
1789149131.133127,0,0.000000,0.000000,1.000000,-0.500000,0.000000,0.000000,0.000000,0.000000,8.000000,50.340000
1789149131.133632,0,0.000000,0.000000,1.000000,-0.460000,0.000000,0.000000,0.000000,0.000000,8.000000,50.360000
1789149131.134162,0,0.000000,0.000000,1.000000,-0.400000,0.000000,0.000000,0.000000,0.000000,8.000000,50.360000
1789149131.134772,0,0.000000,0.000000,1.000000,-0.460000,0.000000,0.000000,0.000000,0.000000,8.000000,50.380000
1789149131.162119,0,0.000000,0.000000,1.000000,-0.370000,0.000000,0.000000,0.000000,0.000000,8.000000,50.380000
1789149131.162651,0,0.000000,0.000000,1.000000,-0.460000,0.000000,0.000000,0.000000,0.000000,8.000000,50.380000
1789149131.163043,0,0.000000,0.000000,1.000000,-0.230000,0.000000,0.000000,0.000000,0.000000,8.000000,50.400000
1789149131.190288,0,0.000000,0.000000,1.000000,-0.330000,0.000000,0.000000,0.000000,0.000000,8.000000,50.400000
1789149131.190798,0,0.000000,0.000000,1.000000,-0.100000,0.000000,0.000000,0.000000,0.000000,8.000000,50.410000
1789149131.218632,0,0.000000,0.000000,1.000000,-0.330000,0.000000,0.000000,0.000000,0.000000,8.000000,50.430000
1789149131.219245,0,0.000000,0.000000,1.000000,-0.280000,0.000000,0.000000,0.000000,0.000000,8.000000,50.430000
1789149131.219682,0,0.000000,0.000000,1.000000,-0.370000,0.000000,0.000000,0.000000,0.000000,8.000000,50.450000
1789149131.247144,0,0.000000,0.000000,1.000000,-0.460000,0.000000,0.000000,0.000000,0.000000,8.000000,50.450000
1789149131.247741,0,0.000000,0.000000,1.000000,-0.460000,0.000000,0.000000,0.000000,0.000000,8.000000,50.470000
1789149131.248462,0,0.000000,0.000000,1.000000,-0.230000,0.000000,0.000000,0.000000,0.000000,8.000000,50.470000
1789149131.277473,0,0.000000,0.000000,1.000000,-0.370000,0.000000,0.000000,0.000000,0.000000,8.000000,50.490000
1789149131.278245,0,0.000000,0.000000,1.000000,-0.540000,0.000000,0.000000,0.000000,0.000000,8.000000,50.500000
1789149131.307558,0,0.000000,0.000000,1.000000,-0.850000,0.000000,0.000000,0.000000,0.000000,8.000000,50.520000
1789149131.308228,0,0.000000,0.000000,1.000000,-0.850000,0.000000,0.000000,0.000000,0.000000,8.000000,50.520000
1789149131.308716,0,0.000000,0.000000,1.000000,-1.240000,0.000000,0.000000,0.000000,0.000000,8.000000,50.540000
1789149131.309109,0,0.000000,0.000000,1.000000,-1.370000,0.000000,0.000000,0.000000,0.000000,8.000000,50.540000
1789149131.336113,0,0.000000,0.000000,1.000000,-1.370000,0.000000,0.000000,0.000000,0.000000,8.000000,50.560000
1789149131.336662,0,0.000000,0.000000,1.000000,-1.710000,0.000000,0.000000,0.000000,0.000000,8.000000,50.560000
1789149131.337128,0,0.000000,0.000000,1.000000,-1.840000,0.000000,0.000000,0.000000,0.000000,8.000000,50.580000
1789149131.362880,0,0.000000,0.000000,1.000000,-2.000000,0.000000,0.000000,0.000000,0.000000,8.000000,50.590000
1789149131.363457,0,0.000000,0.000000,1.000000,-2.000000,0.000000,0.000000,0.000000,0.000000,8.000000,50.590000
1789149131.363898,0,0.000000,0.000000,1.000000,-2.490000,0.000000,0.000000,0.000000,0.000000,8.000000,50.610000
1789149131.390228,0,0.000000,0.000000,1.000000,-2.190000,0.000000,0.000000,0.000000,0.000000,8.000000,50.610000
1789149131.390738,0,0.000000,0.000000,1.000000,-2.350000,0.000000,0.000000,0.000000,0.000000,8.000000,50.630000
1789149131.418278,0,0.000000,0.000000,1.000000,-2.490000,0.000000,0.000000,0.000000,0.000000,8.000000,50.630000
1789149131.418792,0,0.000000,0.000000,1.000000,-2.490000,0.000000,0.000000,0.000000,0.000000,8.000000,50.650000
1789149131.419187,0,0.000000,0.000000,1.000000,-2.570000,0.000000,0.000000,0.000000,0.000000,8.000000,50.650000
1789149131.446705,0,0.000000,0.000000,1.000000,-2.610000,0.000000,0.000000,0.000000,0.000000,8.000000,50.660000
1789149131.447306,0,0.000000,0.000000,1.000000,-2.750000,0.000000,0.000000,0.000000,0.000000,8.000000,50.680000
1789149131.447731,0,0.000000,0.000000,1.000000,-2.520000,0.000000,0.000000,0.000000,0.000000,8.000000,50.680000
1789149131.474502,0,0.000000,0.000000,1.000000,-2.660000,0.000000,0.000000,0.000000,0.000000,8.000000,50.680000
1789149131.475068,0,0.000000,0.000000,1.000000,-2.750000,0.000000,0.000000,0.000000,0.000000,8.000000,50.700000
1789149131.475649,0,0.000000,0.000000,1.000000,-2.780000,0.000000,0.000000,0.000000,0.000000,8.000000,50.700000
1789149131.503077,0,0.000000,0.000000,1.000000,-3.000000,0.000000,0.000000,0.000000,0.000000,8.000000,50.720000
1789149131.503955,0,0.000000,0.000000,1.000000,-2.780000,0.000000,0.000000,0.000000,0.000000,8.000000,50.720000
1789149131.504473,0,0.000000,0.000000,1.000000,-3.140000,0.000000,0.000000,0.000000,0.000000,8.000000,50.740000
1789149131.505105,0,0.000000,0.000000,1.000000,-3.090000,0.000000,0.000000,0.000000,0.000000,8.000000,50.750000
1789149131.530751,0,0.000000,0.000000,1.000000,-2.880000,0.000000,0.000000,0.000000,0.000000,8.000000,50.750000
1789149131.531395,0,0.000000,0.000000,1.000000,-2.920000,0.000000,0.000000,0.000000,0.000000,8.000000,50.770000
1789149131.531801,0,0.000000,0.000000,1.000000,-0.580000,0.000000,0.000000,0.000000,0.000000,8.000000,50.770000
1789149131.557673,0,0.000000,0.000000,1.000000,-0.670000,0.000000,0.000000,0.000000,0.000000,8.000000,50.790000
1789149131.558429,0,0.000000,0.000000,1.000000,-1.010000,0.000000,0.000000,0.000000,0.000000,8.000000,50.790000
1789149131.585049,0,0.000000,0.000000,1.000000,-1.660000,0.000000,0.000000,0.000000,0.000000,8.000000,50.810000
1789149131.585561,0,0.000000,0.000000,1.000000,-2.140000,0.000000,0.000000,0.000000,0.000000,8.000000,50.810000
1789149131.585977,0,0.000000,0.000000,1.000000,-2.140000,0.000000,0.000000,0.000000,0.000000,8.000000,50.830000
1789149131.613298,0,0.000000,0.000000,1.000000,-1.920000,0.000000,0.000000,0.000000,0.000000,8.000000,50.840000
1789149131.613819,0,0.000000,0.000000,1.000000,-2.230000,0.000000,0.000000,0.000000,0.000000,8.000000,50.840000
1789149131.614580,0,0.000000,0.000000,1.000000,-2.400000,0.000000,0.000000,0.000000,0.000000,8.000000,50.860000
1789149131.643167,0,0.000000,0.000000,1.000000,-2.260000,0.000000,0.000000,0.000000,0.000000,8.000000,50.860000
1789149131.643673,0,0.000000,0.000000,1.000000,-2.400000,0.000000,0.000000,0.000000,0.000000,8.000000,50.880000
1789149131.673338,0,0.000000,0.000000,1.000000,-2.260000,0.000000,0.000000,0.000000,0.000000,8.000000,50.880000
1789149131.673846,0,0.000000,0.000000,1.000000,-2.310000,0.000000,0.000000,0.000000,0.000000,8.000000,50.900000
1789149131.674265,0,0.000000,0.000000,1.000000,-2.260000,0.000000,0.000000,0.000000,0.000000,8.000000,50.900000
1789149131.701831,0,0.000000,0.000000,1.000000,-2.260000,0.000000,0.000000,0.000000,0.000000,8.000000,50.910000
1789149131.702343,0,0.000000,0.000000,1.000000,-2.400000,0.000000,0.000000,0.000000,0.000000,8.000000,50.930000
1789149131.702750,0,0.000000,0.000000,1.000000,-2.350000,0.000000,0.000000,0.000000,0.000000,8.000000,50.930000
1789149131.703118,0,0.000000,0.000000,1.000000,-2.450000,0.000000,0.000000,0.000000,0.000000,8.000000,50.950000
1789149131.730351,0,0.000000,0.000000,1.000000,-2.520000,0.000000,0.000000,0.000000,0.000000,8.000000,50.950000
1789149131.757993,0,0.000000,0.000000,1.000000,-2.450000,0.000000,0.000000,0.000000,0.000000,8.000000,50.970000
1789149131.758681,0,0.000000,0.000000,1.000000,-2.520000,0.000000,0.000000,0.000000,0.000000,8.000000,50.970000
1789149131.759164,0,0.000000,0.000000,1.000000,-2.400000,0.000000,0.000000,0.000000,0.000000,8.000000,50.990000
1789149131.759562,0,0.000000,0.000000,1.000000,-2.780000,0.000000,0.000000,0.000000,0.000000,8.000000,51.000000
1789149131.787045,0,0.000000,0.000000,1.000000,-2.710000,0.000000,0.000000,0.000000,0.000000,8.000000,51.000000
1789149131.787553,0,0.000000,0.000000,1.000000,-2.780000,0.000000,0.000000,0.000000,0.000000,8.000000,51.020000
1789149131.787932,0,0.000000,0.000000,1.000000,-2.610000,0.000000,0.000000,0.000000,0.000000,8.000000,51.020000
1789149131.815550,0,0.000000,0.000000,1.000000,-2.970000,0.000000,0.000000,0.000000,0.000000,8.000000,51.040000
1789149131.816052,0,0.000000,0.000000,1.000000,-3.000000,0.000000,0.000000,0.000000,0.000000,8.000000,51.040000
1789149131.816424,0,0.000000,0.000000,1.000000,-1.500000,0.000000,0.000000,0.000000,0.000000,8.000000,51.060000
1789149131.843463,0,0.000000,0.000000,1.000000,-1.530000,0.000000,0.000000,0.000000,0.000000,8.000000,51.060000
1789149131.843975,0,0.000000,0.000000,1.000000,-0.230000,0.000000,0.000000,0.000000,0.000000,8.000000,51.080000
1789149131.844385,0,0.000000,0.000000,1.000000,-2.400000,0.000000,0.000000,0.000000,0.000000,8.000000,51.090000
1789149131.871888,0,0.000000,0.000000,1.000000,-1.920000,0.000000,0.000000,0.000000,0.000000,8.000000,51.090000
1789149131.872398,0,0.000000,0.000000,1.000000,-1.920000,0.000000,0.000000,0.000000,0.000000,8.000000,51.110000
1789149131.900275,0,0.000000,0.000000,1.000000,-1.970000,0.000000,0.000000,0.000000,0.000000,8.000000,51.110000
1789149131.901167,0,0.000000,0.000000,1.000000,-2.050000,0.000000,0.000000,0.000000,0.000000,8.000000,51.130000
1789149131.901613,0,0.000000,0.000000,1.000000,-2.140000,0.000000,0.000000,0.000000,0.000000,8.000000,51.130000
1789149131.902013,0,0.000000,0.000000,1.000000,-2.190000,0.000000,0.000000,0.000000,0.000000,8.000000,51.150000
1789149131.929378,0,0.000000,0.000000,1.000000,-2.230000,0.000000,0.000000,0.000000,0.000000,8.000000,51.150000
1789149131.929881,0,0.000000,0.000000,1.000000,-2.050000,0.000000,0.000000,0.000000,0.000000,8.000000,51.160000
1789149131.930534,0,0.000000,0.000000,1.000000,-2.450000,0.000000,0.000000,0.000000,0.000000,8.000000,51.180000
1789149131.958196,0,0.000000,0.000000,1.000000,-2.140000,0.000000,0.000000,0.000000,0.000000,8.000000,51.180000
1789149131.958713,0,0.000000,0.000000,1.000000,-2.490000,0.000000,0.000000,0.000000,0.000000,8.000000,51.200000
1789149131.959477,0,0.000000,0.000000,1.000000,-2.570000,0.000000,0.000000,0.000000,0.000000,8.000000,51.200000
1789149131.986269,0,0.000000,0.000000,1.000000,-2.450000,0.000000,0.000000,0.000000,0.000000,8.000000,51.220000
1789149132.012976,0,0.000000,0.000000,1.000000,-2.350000,0.000000,0.000000,0.000000,0.000000,8.000000,51.220000
1789149132.013463,0,0.000000,0.000000,1.000000,-2.490000,0.000000,0.000000,0.000000,0.000000,8.000000,51.240000
1789149132.013887,0,0.000000,0.000000,1.000000,-2.190000,0.000000,0.000000,0.000000,0.000000,8.000000,51.250000
1789149132.014282,0,0.000000,0.000000,1.000000,-2.310000,0.000000,0.000000,0.000000,0.000000,8.000000,51.250000
1789149132.042126,0,0.000000,0.000000,1.000000,-2.520000,0.000000,0.000000,0.000000,0.000000,8.000000,51.270000
1789149132.042635,0,0.000000,0.000000,1.000000,-2.520000,0.000000,0.000000,0.000000,0.000000,8.000000,51.270000
1789149132.043223,0,0.000000,0.000000,1.000000,-2.710000,0.000000,0.000000,0.000000,0.000000,8.000000,51.290000
1789149132.071300,0,0.000000,0.000000,1.000000,-2.570000,0.000000,0.000000,0.000000,0.000000,8.000000,51.290000
1789149132.071795,0,0.000000,0.000000,1.000000,-2.570000,0.000000,0.000000,0.000000,0.000000,8.000000,51.310000
1789149132.072469,0,0.000000,0.000000,1.000000,-2.710000,0.000000,0.000000,0.000000,0.000000,8.000000,51.310000
1789149132.099438,0,0.000000,0.000000,1.000000,-2.710000,0.000000,0.000000,0.000000,0.000000,8.000000,51.330000
1789149132.099977,0,0.000000,0.000000,1.000000,-2.750000,0.000000,0.000000,0.000000,0.000000,8.000000,51.340000
1789149132.100393,0,0.000000,0.000000,1.000000,-2.880000,0.000000,0.000000,0.000000,0.000000,8.000000,51.340000
1789149132.128816,0,0.000000,0.000000,1.000000,-2.880000,0.000000,0.000000,0.000000,0.000000,8.000000,51.360000
1789149132.157192,0,0.000000,0.000000,1.000000,-2.880000,0.000000,0.000000,0.000000,0.000000,8.000000,51.360000
1789149132.157680,0,0.000000,0.000000,1.000000,-2.880000,0.000000,0.000000,0.000000,0.000000,8.000000,51.380000
1789149132.158085,0,0.000000,0.000000,1.000000,-2.830000,0.000000,0.000000,0.000000,0.000000,8.000000,51.380000
1789149132.186337,0,0.000000,0.000000,1.000000,-2.880000,0.000000,0.000000,0.000000,0.000000,8.000000,51.400000
1789149132.186839,0,0.000000,0.000000,1.000000,-1.270000,0.000000,0.000000,0.000000,0.000000,8.000000,51.400000
1789149132.187222,0,0.000000,0.000000,1.000000,-2.310000,0.000000,0.000000,0.000000,0.000000,8.000000,51.410000
1789149132.215358,0,0.000000,0.000000,1.000000,-0.620000,0.000000,0.000000,0.000000,0.000000,8.000000,51.430000
1789149132.215884,0,0.000000,0.000000,1.000000,-1.840000,0.000000,0.000000,0.000000,0.000000,8.000000,51.430000
1789149132.243665,0,0.000000,0.000000,1.000000,-1.750000,0.000000,0.000000,0.000000,0.000000,8.000000,51.430000
1789149132.244173,0,0.000000,0.000000,1.000000,-1.920000,0.000000,0.000000,0.000000,0.000000,8.000000,51.450000
1789149132.244599,0,0.000000,0.000000,1.000000,-1.840000,0.000000,0.000000,0.000000,0.000000,8.000000,51.450000
1789149132.244995,0,0.000000,0.000000,1.000000,-1.880000,0.000000,0.000000,0.000000,0.000000,8.000000,51.470000
1789149132.245382,0,0.000000,0.000000,1.000000,-1.790000,0.000000,0.000000,0.000000,0.000000,8.000000,51.470000
1789149132.272953,0,0.000000,0.000000,1.000000,-1.840000,0.000000,0.000000,0.000000,0.000000,8.000000,51.490000
1789149132.273469,0,0.000000,0.000000,1.000000,-1.750000,0.000000,0.000000,0.000000,0.000000,8.000000,51.500000
1789149132.273860,0,0.000000,0.000000,1.000000,-1.750000,0.000000,0.000000,0.000000,0.000000,8.000000,51.500000
1789149132.300136,0,0.000000,0.000000,1.000000,-1.750000,0.000000,0.000000,0.000000,0.000000,8.000000,51.520000
1789149132.300787,0,0.000000,0.000000,1.000000,-1.790000,0.000000,0.000000,0.000000,0.000000,8.000000,51.520000
1789149132.352241,0,0.000000,0.000000,1.000000,-1.880000,0.000000,0.000000,0.000000,0.000000,8.000000,51.540000
1789149132.352855,0,0.000000,0.000000,1.000000,-1.580000,0.000000,0.000000,0.000000,0.000000,8.000000,51.540000
1789149132.353310,0,0.000000,0.000000,1.000000,-1.580000,0.000000,0.000000,0.000000,0.000000,8.000000,51.560000
1789149132.353720,0,0.000000,0.000000,1.000000,-1.620000,0.000000,0.000000,0.000000,0.000000,8.000000,51.560000
1789149132.354116,0,0.000000,0.000000,1.000000,-1.620000,0.000000,0.000000,0.000000,0.000000,8.000000,51.580000
1789149132.354734,0,0.000000,0.000000,1.000000,-1.530000,0.000000,0.000000,0.000000,0.000000,8.000000,51.590000
1789149132.355152,0,0.000000,0.000000,1.000000,-1.270000,0.000000,0.000000,0.000000,0.000000,8.000000,51.590000
1789149132.355507,0,0.000000,0.000000,1.000000,-1.240000,0.000000,0.000000,0.000000,0.000000,8.000000,51.610000
1789149132.381187,0,0.000000,0.000000,1.000000,-1.400000,0.000000,0.000000,0.000000,0.000000,8.000000,51.610000
1789149132.408548,0,0.000000,0.000000,1.000000,-1.320000,0.000000,0.000000,0.000000,0.000000,8.000000,51.630000
1789149132.409051,0,0.000000,0.000000,1.000000,-1.400000,0.000000,0.000000,0.000000,0.000000,8.000000,51.630000
1789149132.409843,0,0.000000,0.000000,1.000000,-1.140000,0.000000,0.000000,0.000000,0.000000,8.000000,51.650000
1789149132.459471,0,0.000000,0.000000,1.000000,-1.240000,0.000000,0.000000,0.000000,0.000000,8.000000,51.650000
1789149132.459986,0,0.000000,0.000000,1.000000,-0.750000,0.000000,0.000000,0.000000,0.000000,8.000000,51.660000
1789149132.460591,0,0.000000,0.000000,1.000000,-0.880000,0.000000,0.000000,0.000000,0.000000,8.000000,51.680000
1789149132.461322,0,0.000000,0.000000,1.000000,-0.750000,0.000000,0.000000,0.000000,0.000000,8.000000,51.680000
1789149132.461724,0,0.000000,0.000000,1.000000,-0.930000,0.000000,0.000000,0.000000,0.000000,8.000000,51.700000
1789149132.462096,0,0.000000,0.000000,1.000000,-1.010000,0.000000,0.000000,0.000000,0.000000,8.000000,51.720000
1789149132.512260,0,0.000000,0.000000,1.000000,-0.980000,0.000000,0.000000,0.000000,0.000000,8.000000,51.720000
1789149132.512747,0,0.000000,0.000000,1.000000,-1.010000,0.000000,0.000000,0.000000,0.000000,8.000000,51.740000
1789149132.513163,0,0.000000,0.000000,1.000000,-0.930000,0.000000,0.000000,0.000000,0.000000,8.000000,51.750000
1789149132.513536,0,0.000000,0.000000,1.000000,-0.670000,0.000000,0.000000,0.000000,0.000000,8.000000,51.750000
1789149132.514092,0,0.000000,0.000000,1.000000,-0.850000,0.000000,0.000000,0.000000,0.000000,8.000000,51.770000
1789149132.514478,0,0.000000,0.000000,1.000000,-0.980000,0.000000,0.000000,0.000000,0.000000,8.000000,51.770000
1789149132.568327,0,0.000000,0.000000,1.000000,-0.880000,0.000000,0.000000,0.000000,0.000000,8.000000,51.790000
1789149132.568842,0,0.000000,0.000000,1.000000,-0.800000,0.000000,0.000000,0.000000,0.000000,8.000000,51.790000
1789149132.569236,0,0.000000,0.000000,1.000000,-0.930000,0.000000,0.000000,0.000000,0.000000,8.000000,51.810000
1789149132.569604,0,0.000000,0.000000,1.000000,-1.010000,0.000000,0.000000,0.000000,0.000000,8.000000,51.810000
1789149132.570004,0,0.000000,0.000000,1.000000,-0.880000,0.000000,0.000000,0.000000,0.000000,8.000000,51.830000
1789149132.620129,0,0.000000,0.000000,1.000000,-0.800000,0.000000,0.000000,0.000000,0.000000,8.000000,51.840000
1789149132.620645,0,0.000000,0.000000,1.000000,-0.670000,0.000000,0.000000,0.000000,0.000000,8.000000,51.840000
1789149132.621298,0,0.000000,0.000000,1.000000,-1.110000,0.000000,0.000000,0.000000,0.000000,8.000000,51.860000
1789149132.621695,0,0.000000,0.000000,1.000000,-1.010000,0.000000,0.000000,0.000000,0.000000,8.000000,51.860000
1789149132.622054,0,0.000000,0.000000,1.000000,-1.010000,0.000000,0.000000,0.000000,0.000000,8.000000,51.880000
1789149132.672648,0,0.000000,0.000000,1.000000,-0.800000,0.000000,0.000000,0.000000,0.000000,8.000000,51.880000
1789149132.673473,0,0.000000,0.000000,1.000000,-1.010000,0.000000,0.000000,0.000000,0.000000,8.000000,51.900000
1789149132.673891,0,0.000000,0.000000,1.000000,-1.270000,0.000000,0.000000,0.000000,0.000000,8.000000,51.900000
1789149132.674272,0,0.000000,0.000000,1.000000,-1.110000,0.000000,0.000000,0.000000,0.000000,8.000000,51.910000
1789149132.674634,0,0.000000,0.000000,1.000000,-1.190000,0.000000,0.000000,0.000000,0.000000,8.000000,51.930000
1789149132.701312,0,0.000000,0.000000,1.000000,-1.270000,0.000000,0.000000,0.000000,0.000000,8.000000,51.930000
1789149132.753076,0,0.000000,0.000000,1.000000,-1.370000,0.000000,0.000000,0.000000,0.000000,8.000000,51.950000
1789149132.753599,0,0.000000,0.000000,1.000000,-1.530000,0.000000,0.000000,0.000000,0.000000,8.000000,51.970000
1789149132.754030,0,0.000000,0.000000,1.000000,-1.620000,0.000000,0.000000,0.000000,0.000000,8.000000,51.970000
1789149132.754424,0,0.000000,0.000000,1.000000,-2.090000,0.000000,0.000000,0.000000,0.000000,8.000000,51.990000
1789149132.754804,0,0.000000,0.000000,1.000000,-2.230000,0.000000,0.000000,0.000000,0.000000,8.000000,52.000000
1789149132.755358,0,0.000000,0.000000,1.000000,-2.450000,0.000000,0.000000,0.000000,0.000000,8.000000,52.000000
1789149132.755773,0,0.000000,0.000000,1.000000,-2.400000,0.000000,0.000000,0.000000,0.000000,8.000000,52.020000
1789149132.782931,0,0.000000,0.000000,1.000000,-2.260000,0.000000,0.000000,0.000000,0.000000,8.000000,52.020000
1789149132.809622,0,0.000000,0.000000,1.000000,-2.570000,0.000000,0.000000,0.000000,0.000000,8.000000,52.040000
1789149132.810169,0,0.000000,0.000000,1.000000,-2.520000,0.000000,0.000000,0.000000,0.000000,8.000000,52.040000
1789149132.837687,0,0.000000,0.000000,1.000000,-2.520000,0.000000,0.000000,0.000000,0.000000,8.000000,52.040000
1789149132.838216,0,0.000000,0.000000,1.000000,-2.660000,0.000000,0.000000,0.000000,0.000000,8.000000,52.060000
1789149132.838626,0,0.000000,0.000000,1.000000,-2.660000,0.000000,0.000000,0.000000,0.000000,8.000000,52.060000
1789149132.866730,0,0.000000,0.000000,1.000000,-2.660000,0.000000,0.000000,0.000000,0.000000,8.000000,52.080000
1789149132.867257,0,0.000000,0.000000,1.000000,-0.750000,0.000000,0.000000,0.000000,0.000000,8.000000,52.090000
1789149132.867681,0,0.000000,0.000000,1.000000,-2.230000,0.000000,0.000000,0.000000,0.000000,8.000000,52.090000
1789149132.868190,0,0.000000,0.000000,1.000000,-1.620000,0.000000,0.000000,0.000000,0.000000,8.000000,52.110000
1789149132.895410,0,0.000000,0.000000,1.000000,-1.840000,0.000000,0.000000,0.000000,0.000000,8.000000,52.110000
1789149132.895921,0,0.000000,0.000000,1.000000,-2.090000,0.000000,0.000000,0.000000,0.000000,8.000000,52.130000
1789149132.924210,0,0.000000,0.000000,1.000000,-2.000000,0.000000,0.000000,0.000000,0.000000,8.000000,52.130000
1789149132.924726,0,0.000000,0.000000,1.000000,-2.000000,0.000000,0.000000,0.000000,0.000000,8.000000,52.150000
1789149132.925144,0,0.000000,0.000000,1.000000,-2.090000,0.000000,0.000000,0.000000,0.000000,8.000000,52.150000
1789149132.952688,0,0.000000,0.000000,1.000000,-1.880000,0.000000,0.000000,0.000000,0.000000,8.000000,52.160000
1789149132.953205,0,0.000000,0.000000,1.000000,-1.840000,0.000000,0.000000,0.000000,0.000000,8.000000,52.180000
1789149132.953632,0,0.000000,0.000000,1.000000,-1.790000,0.000000,0.000000,0.000000,0.000000,8.000000,52.180000
1789149132.981302,0,0.000000,0.000000,1.000000,-1.710000,0.000000,0.000000,0.000000,0.000000,8.000000,52.200000
1789149132.981866,0,0.000000,0.000000,1.000000,-1.750000,0.000000,0.000000,0.000000,0.000000,8.000000,52.200000
1789149133.008647,0,0.000000,0.000000,1.000000,-1.620000,0.000000,0.000000,0.000000,0.000000,8.000000,52.220000
1789149133.009182,0,0.000000,0.000000,1.000000,-1.450000,0.000000,0.000000,0.000000,0.000000,8.000000,52.220000
1789149133.009567,0,0.000000,0.000000,1.000000,-1.320000,0.000000,0.000000,0.000000,0.000000,8.000000,52.240000
1789149133.010039,0,0.000000,0.000000,1.000000,-1.500000,0.000000,0.000000,0.000000,0.000000,8.000000,52.250000
1789149133.036714,0,0.000000,0.000000,1.000000,-1.500000,0.000000,0.000000,0.000000,0.000000,8.000000,52.250000
1789149133.037249,0,0.000000,0.000000,1.000000,-1.450000,0.000000,0.000000,0.000000,0.000000,8.000000,52.270000
1789149133.087671,0,0.000000,0.000000,1.000000,-1.370000,0.000000,0.000000,0.000000,0.000000,8.000000,52.270000
1789149133.088292,0,0.000000,0.000000,1.000000,-1.140000,0.000000,0.000000,0.000000,0.000000,8.000000,52.290000
1789149133.088792,0,0.000000,0.000000,1.000000,-1.320000,0.000000,0.000000,0.000000,0.000000,8.000000,52.290000
1789149133.089249,0,0.000000,0.000000,1.000000,-1.320000,0.000000,0.000000,0.000000,0.000000,8.000000,52.310000
1789149133.090573,0,0.000000,0.000000,1.000000,-1.370000,0.000000,0.000000,0.000000,0.000000,8.000000,52.340000
1789149133.090976,0,0.000000,0.000000,1.000000,-0.670000,0.000000,0.000000,0.000000,0.000000,8.000000,52.340000
1789149133.118705,0,0.000000,0.000000,1.000000,-0.880000,0.000000,0.000000,0.000000,0.000000,8.000000,52.360000
1789149133.145345,0,0.000000,0.000000,1.000000,-0.620000,0.000000,0.000000,0.000000,0.000000,8.000000,52.360000
1789149133.145910,0,0.000000,0.000000,1.000000,-0.670000,0.000000,0.000000,0.000000,0.000000,8.000000,52.380000
1789149133.146553,0,0.000000,0.000000,1.000000,-0.540000,0.000000,0.000000,0.000000,0.000000,8.000000,52.400000
1789149133.174706,0,0.000000,0.000000,1.000000,-0.500000,0.000000,0.000000,0.000000,0.000000,8.000000,52.400000
1789149133.175322,0,0.000000,0.000000,1.000000,-0.330000,0.000000,0.000000,0.000000,0.000000,8.000000,52.410000
1789149133.175780,0,0.000000,0.000000,1.000000,-0.330000,0.000000,0.000000,0.000000,0.000000,8.000000,52.430000
1789149133.203358,0,0.000000,0.000000,1.000000,-0.230000,0.000000,0.000000,0.000000,0.000000,8.000000,52.430000
1789149133.203874,0,0.000000,0.000000,1.000000,-0.200000,0.000000,0.000000,0.000000,0.000000,8.000000,52.430000
1789149133.231824,0,0.000000,0.000000,1.000000,-0.230000,0.000000,0.000000,0.000000,0.000000,8.000000,52.450000
1789149133.232561,0,0.000000,0.000000,1.000000,0.000000,0.000000,0.000000,0.000000,0.000000,8.000000,52.450000
1789149133.232990,0,0.000000,0.000000,1.000000,-0.370000,0.000000,0.000000,0.000000,0.000000,8.000000,52.470000
1789149133.258869,0,0.000000,0.000000,1.000000,-0.280000,0.000000,0.000000,0.000000,0.000000,8.000000,52.490000
1789149133.259405,0,0.000000,0.000000,1.000000,-0.370000,0.000000,0.000000,0.000000,0.000000,8.000000,52.500000
1789149133.259882,0,0.000000,0.000000,1.000000,-0.400000,0.000000,0.000000,0.000000,0.000000,8.000000,52.500000
1789149133.287763,0,0.000000,0.000000,1.000000,-0.500000,0.000000,0.000000,0.000000,0.000000,8.000000,52.520000
1789149133.288287,0,0.000000,0.000000,1.000000,-0.400000,0.000000,0.000000,0.000000,0.000000,8.000000,52.520000
1789149133.288811,0,0.000000,0.000000,1.000000,-0.500000,0.000000,0.000000,0.000000,0.000000,8.000000,52.520000
1789149133.315795,0,0.000000,0.000000,1.000000,-0.370000,0.000000,0.000000,0.000000,0.000000,8.000000,52.540000
1789149133.316453,0,0.000000,0.000000,1.000000,-0.500000,0.000000,0.000000,0.000000,0.000000,8.000000,52.540000
1789149133.343269,0,0.000000,0.000000,1.000000,-0.400000,0.000000,0.000000,0.000000,0.000000,8.000000,52.560000
1789149133.343821,0,0.000000,0.000000,1.000000,-0.580000,0.000000,0.000000,0.000000,0.000000,8.000000,52.560000
1789149133.344218,0,0.000000,0.000000,1.000000,-0.540000,0.000000,0.000000,0.000000,0.000000,8.000000,52.580000
1789149133.395968,0,0.000000,0.000000,1.000000,-0.720000,0.000000,0.000000,0.000000,0.000000,8.000000,52.590000
1789149133.396569,0,0.000000,0.000000,1.000000,-0.400000,0.000000,0.000000,0.000000,0.000000,8.000000,52.590000
1789149133.397102,0,0.000000,0.000000,1.000000,-0.580000,0.000000,0.000000,0.000000,0.000000,8.000000,52.610000
1789149133.397582,0,0.000000,0.000000,1.000000,-0.540000,0.000000,0.000000,0.000000,0.000000,8.000000,52.610000
1789149133.398065,0,0.000000,0.000000,1.000000,-0.800000,0.000000,0.000000,0.000000,0.000000,8.000000,52.650000
1789149133.425125,0,0.000000,0.000000,1.000000,-1.190000,0.000000,0.000000,0.000000,0.000000,8.000000,52.650000
1789149133.451703,0,0.000000,0.000000,1.000000,-1.140000,0.000000,0.000000,0.000000,0.000000,8.000000,52.660000
1789149133.452206,0,0.000000,0.000000,1.000000,-1.580000,0.000000,0.000000,0.000000,0.000000,8.000000,52.680000
1789149133.452599,0,0.000000,0.000000,1.000000,-1.240000,0.000000,0.000000,0.000000,0.000000,8.000000,52.680000
1789149133.453267,0,0.000000,0.000000,1.000000,-1.450000,0.000000,0.000000,0.000000,0.000000,8.000000,52.700000
1789149133.480062,0,0.000000,0.000000,1.000000,-1.270000,0.000000,0.000000,0.000000,0.000000,8.000000,52.700000
1789149133.480752,0,0.000000,0.000000,1.000000,-1.620000,0.000000,0.000000,0.000000,0.000000,8.000000,52.720000
1789149133.507741,0,0.000000,0.000000,1.000000,-1.790000,0.000000,0.000000,0.000000,0.000000,8.000000,52.720000
1789149133.508265,0,0.000000,0.000000,1.000000,-1.750000,0.000000,0.000000,0.000000,0.000000,8.000000,52.740000
1789149133.508713,0,0.000000,0.000000,1.000000,-1.920000,0.000000,0.000000,0.000000,0.000000,8.000000,52.750000
1789149133.535861,0,0.000000,0.000000,1.000000,-1.920000,0.000000,0.000000,0.000000,0.000000,8.000000,52.750000
1789149133.536495,0,0.000000,0.000000,1.000000,-1.840000,0.000000,0.000000,0.000000,0.000000,8.000000,52.770000
1789149133.537020,0,0.000000,0.000000,1.000000,-1.970000,0.000000,0.000000,0.000000,0.000000,8.000000,52.770000
1789149133.564121,0,0.000000,0.000000,1.000000,-1.840000,0.000000,0.000000,0.000000,0.000000,8.000000,52.790000
1789149133.564651,0,0.000000,0.000000,1.000000,-2.090000,0.000000,0.000000,0.000000,0.000000,8.000000,52.790000
1789149133.565225,0,0.000000,0.000000,1.000000,-2.090000,0.000000,0.000000,0.000000,0.000000,8.000000,52.810000
1789149133.591919,0,0.000000,0.000000,1.000000,-2.260000,0.000000,0.000000,0.000000,0.000000,8.000000,52.810000
1789149133.592427,0,0.000000,0.000000,1.000000,-2.520000,0.000000,0.000000,0.000000,0.000000,8.000000,52.830000
1789149133.592837,0,0.000000,0.000000,1.000000,-2.710000,0.000000,0.000000,0.000000,0.000000,8.000000,52.840000
1789149133.620037,0,0.000000,0.000000,1.000000,-2.750000,0.000000,0.000000,0.000000,0.000000,8.000000,52.840000
1789149133.647336,0,0.000000,0.000000,1.000000,-2.830000,0.000000,0.000000,0.000000,0.000000,8.000000,52.860000
1789149133.647875,0,0.000000,0.000000,1.000000,-3.040000,0.000000,0.000000,0.000000,0.000000,8.000000,52.860000
1789149133.648336,0,0.000000,0.000000,1.000000,-0.370000,0.000000,0.000000,0.000000,0.000000,8.000000,52.880000
1789149133.648718,0,0.000000,0.000000,1.000000,-0.500000,0.000000,0.000000,0.000000,0.000000,8.000000,52.880000
1789149133.676972,0,0.000000,0.000000,1.000000,-2.190000,0.000000,0.000000,0.000000,0.000000,8.000000,52.900000
1789149133.677539,0,0.000000,0.000000,1.000000,-0.500000,0.000000,0.000000,0.000000,0.000000,8.000000,52.900000
1789149133.677948,0,0.000000,0.000000,1.000000,-3.440000,0.000000,0.000000,0.000000,0.000000,8.000000,52.910000
1789149133.706409,0,0.000000,0.000000,1.000000,-0.670000,0.000000,0.000000,0.000000,0.000000,8.000000,52.930000
1789149133.706937,0,0.000000,0.000000,1.000000,-2.780000,0.000000,0.000000,0.000000,0.000000,8.000000,52.930000
1789149133.734921,0,0.000000,0.000000,1.000000,-0.500000,0.000000,0.000000,0.000000,0.000000,8.000000,52.950000
1789149133.735443,0,0.000000,0.000000,1.000000,-1.400000,0.000000,0.000000,0.000000,0.000000,8.000000,52.950000
1789149133.736038,0,0.000000,0.000000,1.000000,-0.880000,0.000000,0.000000,0.000000,0.000000,8.000000,52.970000
1789149133.736471,0,0.000000,0.000000,1.000000,-0.720000,0.000000,0.000000,0.000000,0.000000,8.000000,52.970000
1789149133.763999,0,0.000000,0.000000,1.000000,-2.090000,0.000000,0.000000,0.000000,0.000000,8.000000,52.990000
1789149133.764705,0,0.000000,0.000000,1.000000,-1.190000,0.000000,0.000000,0.000000,0.000000,8.000000,53.000000
1789149133.793038,0,0.000000,0.000000,1.000000,-1.320000,0.000000,0.000000,0.000000,0.000000,8.000000,53.000000
1789149133.793524,0,0.000000,0.000000,1.000000,-1.240000,0.000000,0.000000,0.000000,0.000000,8.000000,53.020000
1789149133.793919,0,0.000000,0.000000,1.000000,-1.050000,0.000000,0.000000,0.000000,0.000000,8.000000,53.020000
1789149133.794284,0,0.000000,0.000000,1.000000,-0.850000,0.000000,0.000000,0.000000,0.000000,8.000000,53.040000
1789149133.822387,0,0.000000,0.000000,1.000000,-0.720000,0.000000,0.000000,0.000000,0.000000,8.000000,53.040000
1789149133.849310,0,0.000000,0.000000,1.000000,-0.400000,0.000000,0.000000,0.000000,0.000000,8.000000,53.060000
1789149133.849810,0,0.000000,0.000000,1.000000,-0.330000,0.000000,0.000000,0.000000,0.000000,8.000000,53.060000
1789149133.850178,0,0.000000,0.000000,1.000000,-0.460000,0.000000,0.000000,0.000000,0.000000,8.000000,53.060000
1789149133.850563,0,0.000000,0.000000,1.000000,-0.230000,0.000000,0.000000,0.000000,0.000000,8.000000,53.080000
1789149133.878198,0,0.000000,0.000000,1.000000,-0.330000,0.000000,0.000000,0.000000,0.000000,8.000000,53.090000
1789149133.878693,0,0.000000,0.000000,1.000000,-0.330000,0.000000,0.000000,0.000000,0.000000,8.000000,53.090000
1789149133.879110,0,0.000000,0.000000,1.000000,-0.280000,0.000000,0.000000,0.000000,0.000000,8.000000,53.110000
1789149133.879614,0,0.000000,0.000000,1.000000,-0.230000,0.000000,0.000000,0.000000,0.000000,8.000000,53.110000
1789149133.906710,0,0.000000,0.000000,1.000000,-0.150000,0.000000,0.000000,0.000000,0.000000,8.000000,53.130000
1789149133.907230,0,0.000000,0.000000,1.000000,0.210000,0.000000,0.000000,0.000000,0.000000,8.000000,53.130000
1789149133.934297,0,0.000000,0.000000,1.000000,0.140000,0.000000,0.000000,0.000000,0.000000,8.000000,53.150000
1789149133.934904,0,0.000000,0.000000,1.000000,0.000000,0.000000,0.000000,0.000000,0.000000,8.000000,53.150000
1789149133.935619,0,0.000000,0.000000,1.000000,0.140000,0.000000,0.000000,0.000000,0.000000,8.000000,53.160000
1789149133.961891,0,0.000000,0.000000,1.000000,0.140000,0.000000,0.000000,0.000000,0.000000,8.000000,53.180000
1789149133.962381,0,0.000000,0.000000,1.000000,-0.010000,0.000000,0.000000,0.000000,0.000000,8.000000,53.200000
1789149133.962787,0,0.000000,0.000000,1.000000,-0.100000,0.000000,0.000000,0.000000,0.000000,8.000000,53.200000
1789149133.963269,0,0.000000,0.000000,1.000000,-0.230000,0.000000,0.000000,0.000000,0.000000,8.000000,53.220000
1789149133.990399,0,0.000000,0.000000,1.000000,-0.200000,0.000000,0.000000,0.000000,0.000000,8.000000,53.220000
1789149133.991236,0,0.000000,0.000000,1.000000,-0.100000,0.000000,0.000000,0.000000,0.000000,8.000000,53.240000
1789149134.019440,0,0.000000,0.000000,1.000000,-0.200000,0.000000,0.000000,0.000000,0.000000,8.000000,53.240000
1789149134.019925,0,0.000000,0.000000,1.000000,-0.330000,0.000000,0.000000,0.000000,0.000000,8.000000,53.250000
1789149134.020320,0,0.000000,0.000000,1.000000,-0.460000,0.000000,0.000000,0.000000,0.000000,8.000000,53.250000
1789149134.047731,0,0.000000,0.000000,1.000000,-0.330000,0.000000,0.000000,0.000000,0.000000,8.000000,53.270000
1789149134.048292,0,0.000000,0.000000,1.000000,-0.460000,0.000000,0.000000,0.000000,0.000000,8.000000,53.270000
1789149134.076284,0,0.000000,0.000000,1.000000,-0.400000,0.000000,0.000000,0.000000,0.000000,8.000000,53.290000
1789149134.077067,0,0.000000,0.000000,1.000000,-0.620000,0.000000,0.000000,0.000000,0.000000,8.000000,53.290000
1789149134.077575,0,0.000000,0.000000,1.000000,-0.540000,0.000000,0.000000,0.000000,0.000000,8.000000,53.310000
1789149134.104931,0,0.000000,0.000000,1.000000,-0.500000,0.000000,0.000000,0.000000,0.000000,8.000000,53.310000
1789149134.105451,0,0.000000,0.000000,1.000000,-0.750000,0.000000,0.000000,0.000000,0.000000,8.000000,53.330000
1789149134.105863,0,0.000000,0.000000,1.000000,-0.880000,0.000000,0.000000,0.000000,0.000000,8.000000,53.340000
1789149134.106404,0,0.000000,0.000000,1.000000,-0.880000,0.000000,0.000000,0.000000,0.000000,8.000000,53.340000
1789149134.134142,0,0.000000,0.000000,1.000000,-1.050000,0.000000,0.000000,0.000000,0.000000,8.000000,53.360000
1789149134.134799,0,0.000000,0.000000,1.000000,-1.240000,0.000000,0.000000,0.000000,0.000000,8.000000,53.360000
1789149134.135290,0,0.000000,0.000000,1.000000,-1.400000,0.000000,0.000000,0.000000,0.000000,8.000000,53.380000
1789149134.163256,0,0.000000,0.000000,1.000000,-1.580000,0.000000,0.000000,0.000000,0.000000,8.000000,53.380000
1789149134.193348,0,0.000000,0.000000,1.000000,-1.620000,0.000000,0.000000,0.000000,0.000000,8.000000,53.400000
1789149134.193836,0,0.000000,0.000000,1.000000,-1.660000,0.000000,0.000000,0.000000,0.000000,8.000000,53.400000
1789149134.194236,0,0.000000,0.000000,1.000000,-1.500000,0.000000,0.000000,0.000000,0.000000,8.000000,53.410000
1789149134.194628,0,0.000000,0.000000,1.000000,-1.790000,0.000000,0.000000,0.000000,0.000000,8.000000,53.430000
1789149134.223429,0,0.000000,0.000000,1.000000,-1.750000,0.000000,0.000000,0.000000,0.000000,8.000000,53.430000
1789149134.223948,0,0.000000,0.000000,1.000000,-1.750000,0.000000,0.000000,0.000000,0.000000,8.000000,53.450000
1789149134.224357,0,0.000000,0.000000,1.000000,-1.710000,0.000000,0.000000,0.000000,0.000000,8.000000,53.450000
1789149134.252504,0,0.000000,0.000000,1.000000,-1.790000,0.000000,0.000000,0.000000,0.000000,8.000000,53.470000
1789149134.253026,0,0.000000,0.000000,1.000000,-1.880000,0.000000,0.000000,0.000000,0.000000,8.000000,53.470000
1789149134.253419,0,0.000000,0.000000,1.000000,-1.920000,0.000000,0.000000,0.000000,0.000000,8.000000,53.490000
1789149134.282490,0,0.000000,0.000000,1.000000,-1.840000,0.000000,0.000000,0.000000,0.000000,8.000000,53.500000
1789149134.283045,0,0.000000,0.000000,1.000000,-1.970000,0.000000,0.000000,0.000000,0.000000,8.000000,53.520000
1789149134.283481,0,0.000000,0.000000,1.000000,-2.490000,0.000000,0.000000,0.000000,0.000000,8.000000,53.520000
1789149134.312629,0,0.000000,0.000000,1.000000,-2.660000,0.000000,0.000000,0.000000,0.000000,8.000000,53.540000
1789149134.313190,0,0.000000,0.000000,1.000000,-2.880000,0.000000,0.000000,0.000000,0.000000,8.000000,53.540000
1789149134.313807,0,0.000000,0.000000,1.000000,-2.970000,0.000000,0.000000,0.000000,0.000000,8.000000,53.560000
1789149134.343684,0,0.000000,0.000000,1.000000,-3.040000,0.000000,0.000000,0.000000,0.000000,8.000000,53.560000
1789149134.344239,0,0.000000,0.000000,1.000000,-3.140000,0.000000,0.000000,0.000000,0.000000,8.000000,53.580000
1789149134.344650,0,0.000000,0.000000,1.000000,-3.300000,0.000000,0.000000,0.000000,0.000000,8.000000,53.590000
1789149134.372780,0,0.000000,0.000000,1.000000,-3.440000,0.000000,0.000000,0.000000,0.000000,8.000000,53.590000
1789149134.373329,0,0.000000,0.000000,1.000000,-3.350000,0.000000,0.000000,0.000000,0.000000,8.000000,53.610000
1789149134.403383,0,0.000000,0.000000,1.000000,-3.400000,0.000000,0.000000,0.000000,0.000000,8.000000,53.610000
1789149134.403937,0,0.000000,0.000000,1.000000,-3.490000,0.000000,0.000000,0.000000,0.000000,8.000000,53.610000
1789149134.404494,0,0.000000,0.000000,1.000000,-0.370000,0.000000,0.000000,0.000000,0.000000,8.000000,53.630000
1789149134.404993,0,0.000000,0.000000,1.000000,-4.510000,0.000000,0.000000,0.000000,0.000000,8.000000,53.630000
1789149134.432808,0,0.000000,0.000000,1.000000,-0.880000,0.000000,0.000000,0.000000,0.000000,8.000000,53.650000
1789149134.433364,0,0.000000,0.000000,1.000000,-2.660000,0.000000,0.000000,0.000000,0.000000,8.000000,53.650000
1789149134.433791,0,0.000000,0.000000,1.000000,-2.830000,0.000000,0.000000,0.000000,0.000000,8.000000,53.660000
1789149134.459088,0,0.000000,0.000000,1.000000,-0.500000,0.000000,0.000000,0.000000,0.000000,8.000000,53.680000
1789149134.459781,0,0.000000,0.000000,1.000000,-3.040000,0.000000,0.000000,0.000000,0.000000,8.000000,53.680000
1789149134.461227,0,0.000000,0.000000,1.000000,-1.500000,0.000000,0.000000,0.000000,0.000000,8.000000,53.700000
1789149134.488668,0,0.000000,0.000000,1.000000,-2.260000,0.000000,0.000000,0.000000,0.000000,8.000000,53.700000
1789149134.489197,0,0.000000,0.000000,1.000000,-2.400000,0.000000,0.000000,0.000000,0.000000,8.000000,53.720000
1789149134.489588,0,0.000000,0.000000,1.000000,-2.000000,0.000000,0.000000,0.000000,0.000000,8.000000,53.720000
1789149134.489960,0,0.000000,0.000000,1.000000,-2.050000,0.000000,0.000000,0.000000,0.000000,8.000000,53.740000
1789149134.517526,0,0.000000,0.000000,1.000000,-2.260000,0.000000,0.000000,0.000000,0.000000,8.000000,53.750000
1789149134.544207,0,0.000000,0.000000,1.000000,-2.450000,0.000000,0.000000,0.000000,0.000000,8.000000,53.750000
1789149134.544769,0,0.000000,0.000000,1.000000,-2.090000,0.000000,0.000000,0.000000,0.000000,8.000000,53.770000
1789149134.545184,0,0.000000,0.000000,1.000000,-2.000000,0.000000,0.000000,0.000000,0.000000,8.000000,53.770000
1789149134.573750,0,0.000000,0.000000,1.000000,-1.970000,0.000000,0.000000,0.000000,0.000000,8.000000,53.790000
1789149134.574278,0,0.000000,0.000000,1.000000,-2.230000,0.000000,0.000000,0.000000,0.000000,8.000000,53.790000
1789149134.603062,0,0.000000,0.000000,1.000000,-2.190000,0.000000,0.000000,0.000000,0.000000,8.000000,53.810000
1789149134.603864,0,0.000000,0.000000,1.000000,-2.050000,0.000000,0.000000,0.000000,0.000000,8.000000,53.810000
1789149134.604385,0,0.000000,0.000000,1.000000,-2.000000,0.000000,0.000000,0.000000,0.000000,8.000000,53.830000
1789149134.604800,0,0.000000,0.000000,1.000000,-1.920000,0.000000,0.000000,0.000000,0.000000,8.000000,53.840000
1789149134.633753,0,0.000000,0.000000,1.000000,-1.660000,0.000000,0.000000,0.000000,0.000000,8.000000,53.840000
1789149134.634473,0,0.000000,0.000000,1.000000,-1.450000,0.000000,0.000000,0.000000,0.000000,8.000000,53.860000
1789149134.635038,0,0.000000,0.000000,1.000000,-1.270000,0.000000,0.000000,0.000000,0.000000,8.000000,53.860000
1789149134.662911,0,0.000000,0.000000,1.000000,-1.190000,0.000000,0.000000,0.000000,0.000000,8.000000,53.880000
1789149134.663943,0,0.000000,0.000000,1.000000,-0.800000,0.000000,0.000000,0.000000,0.000000,8.000000,53.880000
1789149134.664819,0,0.000000,0.000000,1.000000,-0.850000,0.000000,0.000000,0.000000,0.000000,8.000000,53.900000
1789149134.665398,0,0.000000,0.000000,1.000000,-0.750000,0.000000,0.000000,0.000000,0.000000,8.000000,53.900000
1789149134.694414,0,0.000000,0.000000,1.000000,-0.540000,0.000000,0.000000,0.000000,0.000000,8.000000,53.910000
1789149134.695131,0,0.000000,0.000000,1.000000,-0.540000,0.000000,0.000000,0.000000,0.000000,8.000000,53.930000
1789149134.722894,0,0.000000,0.000000,1.000000,-0.460000,0.000000,0.000000,0.000000,0.000000,8.000000,53.930000
1789149134.723397,0,0.000000,0.000000,1.000000,0.050000,0.000000,0.000000,0.000000,0.000000,8.000000,53.950000
1789149134.723808,0,0.000000,0.000000,1.000000,-0.200000,0.000000,0.000000,0.000000,0.000000,8.000000,53.950000
1789149134.724197,0,0.000000,0.000000,1.000000,-0.200000,0.000000,0.000000,0.000000,0.000000,8.000000,53.970000
1789149134.751929,0,0.000000,0.000000,1.000000,-0.100000,0.000000,0.000000,0.000000,0.000000,8.000000,53.970000
1789149134.778103,0,0.000000,0.000000,1.000000,-0.100000,0.000000,0.000000,0.000000,0.000000,8.000000,53.990000
1789149134.778824,0,0.000000,0.000000,1.000000,-0.070000,0.000000,0.000000,0.000000,0.000000,8.000000,54.000000
1789149134.779318,0,0.000000,0.000000,1.000000,0.000000,0.000000,0.000000,0.000000,0.000000,8.000000,54.000000
1789149134.779721,0,0.000000,0.000000,1.000000,0.000000,0.000000,0.000000,0.000000,0.000000,8.000000,54.020000
1789149134.806071,0,0.000000,0.000000,1.000000,0.000000,0.000000,0.000000,0.000000,0.000000,8.000000,54.020000
1789149134.806581,0,0.000000,0.000000,1.000000,-0.150000,0.000000,0.000000,0.000000,0.000000,8.000000,54.040000
1789149134.807005,0,0.000000,0.000000,1.000000,0.000000,0.000000,0.000000,0.000000,0.000000,8.000000,54.040000
1789149134.831654,0,0.000000,0.000000,1.000000,-0.100000,0.000000,0.000000,0.000000,0.000000,8.000000,54.060000
1789149134.832310,0,0.000000,0.000000,1.000000,-0.150000,0.000000,0.000000,0.000000,0.000000,8.000000,54.060000
1789149134.858377,0,0.000000,0.000000,1.000000,-0.200000,0.000000,0.000000,0.000000,0.000000,8.000000,54.080000
1789149134.858908,0,0.000000,0.000000,1.000000,-0.330000,0.000000,0.000000,0.000000,0.000000,8.000000,54.090000
1789149134.859320,0,0.000000,0.000000,1.000000,-0.370000,0.000000,0.000000,0.000000,0.000000,8.000000,54.090000
1789149134.884910,0,0.000000,0.000000,1.000000,-0.620000,0.000000,0.000000,0.000000,0.000000,8.000000,54.110000
1789149134.885456,0,0.000000,0.000000,1.000000,-0.200000,0.000000,0.000000,0.000000,0.000000,8.000000,54.110000
1789149134.912132,0,0.000000,0.000000,1.000000,-0.460000,0.000000,0.000000,0.000000,0.000000,8.000000,54.130000
1789149134.912819,0,0.000000,0.000000,1.000000,-0.540000,0.000000,0.000000,0.000000,0.000000,8.000000,54.130000
1789149134.913295,0,0.000000,0.000000,1.000000,-0.580000,0.000000,0.000000,0.000000,0.000000,8.000000,54.150000
1789149134.914104,0,0.000000,0.000000,1.000000,-0.460000,0.000000,0.000000,0.000000,0.000000,8.000000,54.150000
1789149134.940015,0,0.000000,0.000000,1.000000,-1.050000,0.000000,0.000000,0.000000,0.000000,8.000000,54.160000
1789149134.940609,0,0.000000,0.000000,1.000000,-0.750000,0.000000,0.000000,0.000000,0.000000,8.000000,54.180000
1789149134.986690,0,0.000000,0.000000,1.000000,-0.750000,0.000000,0.000000,0.000000,0.000000,8.000000,54.180000
1789149134.987200,0,0.000000,0.000000,1.000000,-1.190000,0.000000,0.000000,0.000000,0.000000,8.000000,54.180000
1789149134.987628,0,0.000000,0.000000,1.000000,-0.750000,0.000000,0.000000,0.000000,0.000000,8.000000,54.200000
1789149134.988025,0,0.000000,0.000000,1.000000,-1.110000,0.000000,0.000000,0.000000,0.000000,8.000000,54.220000
1789149134.988409,0,0.000000,0.000000,1.000000,-1.050000,0.000000,0.000000,0.000000,0.000000,8.000000,54.220000
1789149134.988790,0,0.000000,0.000000,1.000000,-1.580000,0.000000,0.000000,0.000000,0.000000,8.000000,54.240000
1789149134.989166,0,0.000000,0.000000,1.000000,-1.750000,0.000000,0.000000,0.000000,0.000000,8.000000,54.250000
1789149134.989551,0,0.000000,0.000000,1.000000,-1.790000,0.000000,0.000000,0.000000,0.000000,8.000000,54.250000
1789149135.036596,0,0.000000,0.000000,1.000000,-1.840000,0.000000,0.000000,0.000000,0.000000,8.000000,54.270000
1789149135.037240,0,0.000000,0.000000,1.000000,-1.710000,0.000000,0.000000,0.000000,0.000000,8.000000,54.270000
1789149135.037896,0,0.000000,0.000000,1.000000,-1.970000,0.000000,0.000000,0.000000,0.000000,8.000000,54.290000
1789149135.038398,0,0.000000,0.000000,1.000000,-2.000000,0.000000,0.000000,0.000000,0.000000,8.000000,54.290000
1789149135.038888,0,0.000000,0.000000,1.000000,-2.190000,0.000000,0.000000,0.000000,0.000000,8.000000,54.310000
1789149135.064140,0,0.000000,0.000000,1.000000,-2.090000,0.000000,0.000000,0.000000,0.000000,8.000000,54.310000
1789149135.089644,0,0.000000,0.000000,1.000000,-2.400000,0.000000,0.000000,0.000000,0.000000,8.000000,54.330000
1789149135.306178,0,0.000000,0.000000,1.000000,-2.350000,0.000000,0.000000,0.000000,0.000000,8.000000,54.340000
1789149135.306734,0,0.000000,0.000000,1.000000,-2.260000,0.000000,0.000000,0.000000,0.000000,8.000000,54.340000
1789149135.307155,0,0.000000,0.000000,1.000000,-2.450000,0.000000,0.000000,0.000000,0.000000,8.000000,54.360000
1789149135.307674,0,0.000000,0.000000,1.000000,-2.570000,0.000000,0.000000,0.000000,0.000000,8.000000,54.360000
1789149135.308061,0,0.000000,0.000000,1.000000,-2.660000,0.000000,0.000000,0.000000,0.000000,8.000000,54.360000
1789149135.308453,0,0.000000,0.000000,1.000000,-1.790000,0.000000,0.000000,0.000000,0.000000,8.000000,54.380000
1789149135.308818,0,0.000000,0.000000,1.000000,-1.140000,0.000000,0.000000,0.000000,0.000000,8.000000,54.380000
1789149135.309174,0,0.000000,0.000000,1.000000,-2.310000,0.000000,0.000000,0.000000,0.000000,8.000000,54.400000
1789149135.309561,0,0.000000,0.000000,1.000000,-0.880000,0.000000,0.000000,0.000000,0.000000,8.000000,54.400000
1789149135.309919,0,0.000000,0.000000,1.000000,-2.450000,0.000000,0.000000,0.000000,0.000000,8.000000,54.410000
1789149135.310294,0,0.000000,0.000000,1.000000,-1.050000,0.000000,0.000000,0.000000,0.000000,8.000000,54.430000
1789149135.310674,0,0.000000,0.000000,1.000000,-1.240000,0.000000,0.000000,0.000000,0.000000,8.000000,54.430000
1789149135.311035,0,0.000000,0.000000,1.000000,-2.000000,0.000000,0.000000,0.000000,0.000000,8.000000,54.450000
1789149135.311387,0,0.000000,0.000000,1.000000,-2.350000,0.000000,0.000000,0.000000,0.000000,8.000000,54.450000
1789149135.311754,0,0.000000,0.000000,1.000000,-2.520000,0.000000,0.000000,0.000000,0.000000,8.000000,54.470000
1789149135.312093,0,0.000000,0.000000,1.000000,-2.310000,0.000000,0.000000,0.000000,0.000000,8.000000,54.470000
1789149135.312456,0,0.000000,0.000000,1.000000,-2.090000,0.000000,0.000000,0.000000,0.000000,8.000000,54.490000
1789149135.312823,0,0.000000,0.000000,1.000000,-2.090000,0.000000,0.000000,0.000000,0.000000,8.000000,54.500000
1789149135.313182,0,0.000000,0.000000,1.000000,-2.050000,0.000000,0.000000,0.000000,0.000000,8.000000,54.500000
1789149135.313543,0,0.000000,0.000000,1.000000,-1.660000,0.000000,0.000000,0.000000,0.000000,8.000000,54.520000
1789149135.313917,0,0.000000,0.000000,1.000000,-1.400000,0.000000,0.000000,0.000000,0.000000,8.000000,54.520000
1789149135.314292,0,0.000000,0.000000,1.000000,-1.370000,0.000000,0.000000,0.000000,0.000000,8.000000,54.540000
1789149135.314667,0,0.000000,0.000000,1.000000,-1.240000,0.000000,0.000000,0.000000,0.000000,8.000000,54.540000
1789149135.341264,0,0.000000,0.000000,1.000000,-1.050000,0.000000,0.000000,0.000000,0.000000,8.000000,54.560000
1789149135.341785,0,0.000000,0.000000,1.000000,-0.670000,0.000000,0.000000,0.000000,0.000000,8.000000,54.560000
1789149135.342170,0,0.000000,0.000000,1.000000,-0.620000,0.000000,0.000000,0.000000,0.000000,8.000000,54.580000
1789149135.367806,0,0.000000,0.000000,1.000000,-0.540000,0.000000,0.000000,0.000000,0.000000,8.000000,54.590000
1789149135.368351,0,0.000000,0.000000,1.000000,-0.400000,0.000000,0.000000,0.000000,0.000000,8.000000,54.590000
1789149135.368758,0,0.000000,0.000000,1.000000,-0.200000,0.000000,0.000000,0.000000,0.000000,8.000000,54.610000
1789149135.393710,0,0.000000,0.000000,1.000000,-0.230000,0.000000,0.000000,0.000000,0.000000,8.000000,54.610000
1789149135.394520,0,0.000000,0.000000,1.000000,-0.100000,0.000000,0.000000,0.000000,0.000000,8.000000,54.630000
1789149135.421645,0,0.000000,0.000000,1.000000,-0.200000,0.000000,0.000000,0.000000,0.000000,8.000000,54.630000
1789149135.422169,0,0.000000,0.000000,1.000000,0.000000,0.000000,0.000000,0.000000,0.000000,8.000000,54.650000
1789149135.447147,0,0.000000,0.000000,1.000000,0.210000,0.000000,0.000000,0.000000,0.000000,8.000000,54.650000
1789149135.447706,0,0.000000,0.000000,1.000000,-0.070000,0.000000,0.000000,0.000000,0.000000,8.000000,54.660000
1789149135.448194,0,0.000000,0.000000,1.000000,-0.150000,0.000000,0.000000,0.000000,0.000000,8.000000,54.680000
1789149135.448613,0,0.000000,0.000000,1.000000,0.000000,0.000000,0.000000,0.000000,0.000000,8.000000,54.680000
1789149135.495849,0,0.000000,0.000000,1.000000,-0.070000,0.000000,0.000000,0.000000,0.000000,8.000000,54.700000
1789149135.496341,0,0.000000,0.000000,1.000000,-0.070000,0.000000,0.000000,0.000000,0.000000,8.000000,54.700000
1789149135.496719,0,0.000000,0.000000,1.000000,0.140000,0.000000,0.000000,0.000000,0.000000,8.000000,54.720000
1789149135.497354,0,0.000000,0.000000,1.000000,-0.200000,0.000000,0.000000,0.000000,0.000000,8.000000,54.720000
1789149135.497804,0,0.000000,0.000000,1.000000,-0.230000,0.000000,0.000000,0.000000,0.000000,8.000000,54.740000
1789149135.498249,0,0.000000,0.000000,1.000000,-0.370000,0.000000,0.000000,0.000000,0.000000,8.000000,54.750000
1789149135.498691,0,0.000000,0.000000,1.000000,-0.370000,0.000000,0.000000,0.000000,0.000000,8.000000,54.750000
1789149135.499133,0,0.000000,0.000000,1.000000,-0.580000,0.000000,0.000000,0.000000,0.000000,8.000000,54.770000
1789149135.545232,0,0.000000,0.000000,1.000000,-0.460000,0.000000,0.000000,0.000000,0.000000,8.000000,54.770000
1789149135.546188,0,0.000000,0.000000,1.000000,-0.230000,0.000000,0.000000,0.000000,0.000000,8.000000,54.790000
1789149135.547261,0,0.000000,0.000000,1.000000,-0.400000,0.000000,0.000000,0.000000,0.000000,8.000000,54.790000
1789149135.547779,0,0.000000,0.000000,1.000000,-0.620000,0.000000,0.000000,0.000000,0.000000,8.000000,54.810000
1789149135.595587,0,0.000000,0.000000,1.000000,-0.500000,0.000000,0.000000,0.000000,0.000000,8.000000,54.810000
1789149135.596102,0,0.000000,0.000000,1.000000,-0.540000,0.000000,0.000000,0.000000,0.000000,8.000000,54.830000
1789149135.596504,0,0.000000,0.000000,1.000000,-0.620000,0.000000,0.000000,0.000000,0.000000,8.000000,54.840000
1789149135.597106,0,0.000000,0.000000,1.000000,-0.880000,0.000000,0.000000,0.000000,0.000000,8.000000,54.840000
1789149135.597519,0,0.000000,0.000000,1.000000,-0.750000,0.000000,0.000000,0.000000,0.000000,8.000000,54.860000
1789149135.647274,0,0.000000,0.000000,1.000000,-0.800000,0.000000,0.000000,0.000000,0.000000,8.000000,54.860000
1789149135.647861,0,0.000000,0.000000,1.000000,-0.850000,0.000000,0.000000,0.000000,0.000000,8.000000,54.880000
1789149135.648518,0,0.000000,0.000000,1.000000,-0.930000,0.000000,0.000000,0.000000,0.000000,8.000000,54.880000
1789149135.701113,0,0.000000,0.000000,1.000000,-1.110000,0.000000,0.000000,0.000000,0.000000,8.000000,54.900000
1789149135.701640,0,0.000000,0.000000,1.000000,-1.010000,0.000000,0.000000,0.000000,0.000000,8.000000,54.900000
1789149135.702091,0,0.000000,0.000000,1.000000,-1.190000,0.000000,0.000000,0.000000,0.000000,8.000000,54.910000
1789149135.702511,0,0.000000,0.000000,1.000000,-1.110000,0.000000,0.000000,0.000000,0.000000,8.000000,54.930000
1789149135.702913,0,0.000000,0.000000,1.000000,-1.140000,0.000000,0.000000,0.000000,0.000000,8.000000,54.930000
1789149135.703520,0,0.000000,0.000000,1.000000,-1.110000,0.000000,0.000000,0.000000,0.000000,8.000000,54.950000
1789149135.704029,0,0.000000,0.000000,1.000000,-1.110000,0.000000,0.000000,0.000000,0.000000,8.000000,54.950000
1789149135.753299,0,0.000000,0.000000,1.000000,-0.800000,0.000000,0.000000,0.000000,0.000000,8.000000,54.970000
1789149135.753851,0,0.000000,0.000000,1.000000,-1.050000,0.000000,0.000000,0.000000,0.000000,8.000000,54.970000
1789149135.754280,0,0.000000,0.000000,1.000000,-1.110000,0.000000,0.000000,0.000000,0.000000,8.000000,54.990000
1789149135.754710,0,0.000000,0.000000,1.000000,-1.110000,0.000000,0.000000,0.000000,0.000000,8.000000,55.000000
1789149135.755455,0,0.000000,0.000000,1.000000,-0.930000,0.000000,0.000000,0.000000,0.000000,8.000000,55.000000
1789149135.756128,0,0.000000,0.000000,1.000000,-0.800000,0.000000,0.000000,0.000000,0.000000,8.000000,55.020000
1789149135.756703,0,0.000000,0.000000,1.000000,-0.880000,0.000000,0.000000,0.000000,0.000000,8.000000,55.020000
1789149135.783110,0,0.000000,0.000000,1.000000,-0.880000,0.000000,0.000000,0.000000,0.000000,8.000000,55.040000
1789149135.811724,0,0.000000,0.000000,1.000000,-0.800000,0.000000,0.000000,0.000000,0.000000,8.000000,55.040000
1789149135.812270,0,0.000000,0.000000,1.000000,-0.880000,0.000000,0.000000,0.000000,0.000000,8.000000,55.060000
1789149135.840333,0,0.000000,0.000000,1.000000,-1.010000,0.000000,0.000000,0.000000,0.000000,8.000000,55.060000
1789149135.841164,0,0.000000,0.000000,1.000000,-0.800000,0.000000,0.000000,0.000000,0.000000,8.000000,55.080000
1789149135.841872,0,0.000000,0.000000,1.000000,-0.850000,0.000000,0.000000,0.000000,0.000000,8.000000,55.090000
1789149135.869186,0,0.000000,0.000000,1.000000,-0.980000,0.000000,0.000000,0.000000,0.000000,8.000000,55.090000
1789149135.869904,0,0.000000,0.000000,1.000000,-0.880000,0.000000,0.000000,0.000000,0.000000,8.000000,55.090000
1789149135.870748,0,0.000000,0.000000,1.000000,-0.850000,0.000000,0.000000,0.000000,0.000000,8.000000,55.110000
1789149135.898500,0,0.000000,0.000000,1.000000,-0.800000,0.000000,0.000000,0.000000,0.000000,8.000000,55.110000
1789149135.899381,0,0.000000,0.000000,1.000000,-0.670000,0.000000,0.000000,0.000000,0.000000,8.000000,55.130000
1789149135.900119,0,0.000000,0.000000,1.000000,-0.800000,0.000000,0.000000,0.000000,0.000000,8.000000,55.130000
1789149135.926804,0,0.000000,0.000000,1.000000,-0.850000,0.000000,0.000000,0.000000,0.000000,8.000000,55.150000
1789149135.927397,0,0.000000,0.000000,1.000000,-0.930000,0.000000,0.000000,0.000000,0.000000,8.000000,55.150000
1789149135.927958,0,0.000000,0.000000,1.000000,-0.880000,0.000000,0.000000,0.000000,0.000000,8.000000,55.160000
1789149135.954820,0,0.000000,0.000000,1.000000,-0.930000,0.000000,0.000000,0.000000,0.000000,8.000000,55.180000
1789149135.955387,0,0.000000,0.000000,1.000000,-0.850000,0.000000,0.000000,0.000000,0.000000,8.000000,55.180000
1789149135.983011,0,0.000000,0.000000,1.000000,-0.850000,0.000000,0.000000,0.000000,0.000000,8.000000,55.200000
1789149135.983862,0,0.000000,0.000000,1.000000,-0.850000,0.000000,0.000000,0.000000,0.000000,8.000000,55.200000
1789149135.984668,0,0.000000,0.000000,1.000000,-0.670000,0.000000,0.000000,0.000000,0.000000,8.000000,55.220000
1789149136.014264,0,0.000000,0.000000,1.000000,-0.930000,0.000000,0.000000,0.000000,0.000000,8.000000,55.220000
1789149136.015036,0,0.000000,0.000000,1.000000,-0.930000,0.000000,0.000000,0.000000,0.000000,8.000000,55.240000
1789149136.015755,0,0.000000,0.000000,1.000000,-0.930000,0.000000,0.000000,0.000000,0.000000,8.000000,55.250000
1789149136.044621,0,0.000000,0.000000,1.000000,-1.050000,0.000000,0.000000,0.000000,0.000000,8.000000,55.250000
1789149136.045168,0,0.000000,0.000000,1.000000,-1.110000,0.000000,0.000000,0.000000,0.000000,8.000000,55.270000
1789149136.045591,0,0.000000,0.000000,1.000000,-1.110000,0.000000,0.000000,0.000000,0.000000,8.000000,55.270000
1789149136.073547,0,0.000000,0.000000,1.000000,-1.240000,0.000000,0.000000,0.000000,0.000000,8.000000,55.290000
1789149136.074094,0,0.000000,0.000000,1.000000,-1.190000,0.000000,0.000000,0.000000,0.000000,8.000000,55.290000
1789149136.074528,0,0.000000,0.000000,1.000000,-1.050000,0.000000,0.000000,0.000000,0.000000,8.000000,55.310000
1789149136.101594,0,0.000000,0.000000,1.000000,-1.050000,0.000000,0.000000,0.000000,0.000000,8.000000,55.310000
1789149136.102141,0,0.000000,0.000000,1.000000,-1.270000,0.000000,0.000000,0.000000,0.000000,8.000000,55.330000
1789149136.102554,0,0.000000,0.000000,1.000000,-1.320000,0.000000,0.000000,0.000000,0.000000,8.000000,55.340000
1789149136.132180,0,0.000000,0.000000,1.000000,-1.370000,0.000000,0.000000,0.000000,0.000000,8.000000,55.340000
1789149136.133068,0,0.000000,0.000000,1.000000,-1.500000,0.000000,0.000000,0.000000,0.000000,8.000000,55.360000
1789149136.159495,0,0.000000,0.000000,1.000000,-1.320000,0.000000,0.000000,0.000000,0.000000,8.000000,55.360000
1789149136.160219,0,0.000000,0.000000,1.000000,-1.270000,0.000000,0.000000,0.000000,0.000000,8.000000,55.380000
1789149136.160722,0,0.000000,0.000000,1.000000,-1.270000,0.000000,0.000000,0.000000,0.000000,8.000000,55.400000
1789149136.161284,0,0.000000,0.000000,1.000000,-1.500000,0.000000,0.000000,0.000000,0.000000,8.000000,55.400000
1789149136.189178,0,0.000000,0.000000,1.000000,-1.500000,0.000000,0.000000,0.000000,0.000000,8.000000,55.410000
1789149136.189729,0,0.000000,0.000000,1.000000,-1.620000,0.000000,0.000000,0.000000,0.000000,8.000000,55.430000
1789149136.190486,0,0.000000,0.000000,1.000000,-1.620000,0.000000,0.000000,0.000000,0.000000,8.000000,55.430000
1789149136.217580,0,0.000000,0.000000,1.000000,-1.710000,0.000000,0.000000,0.000000,0.000000,8.000000,55.430000
1789149136.218136,0,0.000000,0.000000,1.000000,-1.710000,0.000000,0.000000,0.000000,0.000000,8.000000,55.450000
1789149136.218545,0,0.000000,0.000000,1.000000,-1.710000,0.000000,0.000000,0.000000,0.000000,8.000000,55.450000
1789149136.246594,0,0.000000,0.000000,1.000000,-1.750000,0.000000,0.000000,0.000000,0.000000,8.000000,55.470000
1789149136.247195,0,0.000000,0.000000,1.000000,-1.710000,0.000000,0.000000,0.000000,0.000000,8.000000,55.470000
1789149136.273631,0,0.000000,0.000000,1.000000,-1.660000,0.000000,0.000000,0.000000,0.000000,8.000000,55.490000
1789149136.274201,0,0.000000,0.000000,1.000000,-1.620000,0.000000,0.000000,0.000000,0.000000,8.000000,55.500000
1789149136.274983,0,0.000000,0.000000,1.000000,-1.500000,0.000000,0.000000,0.000000,0.000000,8.000000,55.500000
1789149136.302085,0,0.000000,0.000000,1.000000,-1.400000,0.000000,0.000000,0.000000,0.000000,8.000000,55.520000
1789149136.302592,0,0.000000,0.000000,1.000000,-1.450000,0.000000,0.000000,0.000000,0.000000,8.000000,55.520000
1789149136.303126,0,0.000000,0.000000,1.000000,-1.140000,0.000000,0.000000,0.000000,0.000000,8.000000,55.540000
1789149136.330622,0,0.000000,0.000000,1.000000,-1.370000,0.000000,0.000000,0.000000,0.000000,8.000000,55.540000
1789149136.331254,0,0.000000,0.000000,1.000000,-1.320000,0.000000,0.000000,0.000000,0.000000,8.000000,55.560000
1789149136.332215,0,0.000000,0.000000,1.000000,-1.320000,0.000000,0.000000,0.000000,0.000000,8.000000,55.560000
1789149136.358481,0,0.000000,0.000000,1.000000,-1.240000,0.000000,0.000000,0.000000,0.000000,8.000000,55.580000
1789149136.359044,0,0.000000,0.000000,1.000000,-1.140000,0.000000,0.000000,0.000000,0.000000,8.000000,55.590000
1789149136.359469,0,0.000000,0.000000,1.000000,-1.140000,0.000000,0.000000,0.000000,0.000000,8.000000,55.590000
1789149136.386876,0,0.000000,0.000000,1.000000,-1.050000,0.000000,0.000000,0.000000,0.000000,8.000000,55.610000
1789149136.387427,0,0.000000,0.000000,1.000000,-1.010000,0.000000,0.000000,0.000000,0.000000,8.000000,55.610000
1789149136.387836,0,0.000000,0.000000,1.000000,-0.150000,0.000000,0.000000,0.000000,0.000000,8.000000,55.630000
1789149136.413923,0,0.000000,0.000000,1.000000,-0.580000,0.000000,0.000000,0.000000,0.000000,8.000000,55.630000
1789149136.414490,0,0.000000,0.000000,1.000000,-0.750000,0.000000,0.000000,0.000000,0.000000,8.000000,55.650000
1789149136.415013,0,0.000000,0.000000,1.000000,-0.880000,0.000000,0.000000,0.000000,0.000000,8.000000,55.650000
1789149136.442044,0,0.000000,0.000000,1.000000,-0.750000,0.000000,0.000000,0.000000,0.000000,8.000000,55.660000
1789149136.442595,0,0.000000,0.000000,1.000000,-0.720000,0.000000,0.000000,0.000000,0.000000,8.000000,55.680000
1789149136.443199,0,0.000000,0.000000,1.000000,-0.620000,0.000000,0.000000,0.000000,0.000000,8.000000,55.680000
1789149136.469668,0,0.000000,0.000000,1.000000,-0.400000,0.000000,0.000000,0.000000,0.000000,8.000000,55.700000
1789149136.470473,0,0.000000,0.000000,1.000000,-0.580000,0.000000,0.000000,0.000000,0.000000,8.000000,55.700000
1789149136.497634,0,0.000000,0.000000,1.000000,-0.800000,0.000000,0.000000,0.000000,0.000000,8.000000,55.720000
1789149136.498197,0,0.000000,0.000000,1.000000,-0.500000,0.000000,0.000000,0.000000,0.000000,8.000000,55.720000
1789149136.498642,0,0.000000,0.000000,1.000000,-0.540000,0.000000,0.000000,0.000000,0.000000,8.000000,55.740000
1789149136.524538,0,0.000000,0.000000,1.000000,-0.400000,0.000000,0.000000,0.000000,0.000000,8.000000,55.750000
1789149136.525273,0,0.000000,0.000000,1.000000,-0.670000,0.000000,0.000000,0.000000,0.000000,8.000000,55.750000
1789149136.525756,0,0.000000,0.000000,1.000000,-0.880000,0.000000,0.000000,0.000000,0.000000,8.000000,55.770000
1789149136.526384,0,0.000000,0.000000,1.000000,-0.670000,0.000000,0.000000,0.000000,0.000000,8.000000,55.770000
1789149136.552733,0,0.000000,0.000000,1.000000,-0.620000,0.000000,0.000000,0.000000,0.000000,8.000000,55.790000
1789149136.578388,0,0.000000,0.000000,1.000000,-0.720000,0.000000,0.000000,0.000000,0.000000,8.000000,55.790000
1789149136.578886,0,0.000000,0.000000,1.000000,-0.670000,0.000000,0.000000,0.000000,0.000000,8.000000,55.810000
1789149136.579365,0,0.000000,0.000000,1.000000,-0.620000,0.000000,0.000000,0.000000,0.000000,8.000000,55.810000
1789149136.605341,0,0.000000,0.000000,1.000000,-0.330000,0.000000,0.000000,0.000000,0.000000,8.000000,55.830000
1789149136.605829,0,0.000000,0.000000,1.000000,-0.460000,0.000000,0.000000,0.000000,0.000000,8.000000,55.840000
1789149136.631417,0,0.000000,0.000000,1.000000,-0.540000,0.000000,0.000000,0.000000,0.000000,8.000000,55.840000
1789149136.631938,0,0.000000,0.000000,1.000000,-0.370000,0.000000,0.000000,0.000000,0.000000,8.000000,55.860000
1789149136.632352,0,0.000000,0.000000,1.000000,-0.540000,0.000000,0.000000,0.000000,0.000000,8.000000,55.860000
1789149136.659060,0,0.000000,0.000000,1.000000,-0.500000,0.000000,0.000000,0.000000,0.000000,8.000000,55.880000
1789149136.659562,0,0.000000,0.000000,1.000000,-0.460000,0.000000,0.000000,0.000000,0.000000,8.000000,55.880000
1789149136.685036,0,0.000000,0.000000,1.000000,-0.620000,0.000000,0.000000,0.000000,0.000000,8.000000,55.900000
1789149136.685585,0,0.000000,0.000000,1.000000,-0.540000,0.000000,0.000000,0.000000,0.000000,8.000000,55.900000
1789149136.686004,0,0.000000,0.000000,1.000000,-0.500000,0.000000,0.000000,0.000000,0.000000,8.000000,55.910000
1789149136.686398,0,0.000000,0.000000,1.000000,-0.280000,0.000000,0.000000,0.000000,0.000000,8.000000,55.930000
1789149136.711916,0,0.000000,0.000000,1.000000,-0.720000,0.000000,0.000000,0.000000,0.000000,8.000000,55.930000
1789149136.712454,0,0.000000,0.000000,1.000000,-0.620000,0.000000,0.000000,0.000000,0.000000,8.000000,55.950000
1789149136.713180,0,0.000000,0.000000,1.000000,-0.540000,0.000000,0.000000,0.000000,0.000000,8.000000,55.950000
1789149136.738581,0,0.000000,0.000000,1.000000,-0.580000,0.000000,0.000000,0.000000,0.000000,8.000000,55.970000
1789149136.739105,0,0.000000,0.000000,1.000000,-0.670000,0.000000,0.000000,0.000000,0.000000,8.000000,55.970000
1789149136.763843,0,0.000000,0.000000,1.000000,-0.720000,0.000000,0.000000,0.000000,0.000000,8.000000,55.990000
1789149136.764412,0,0.000000,0.000000,1.000000,-0.720000,0.000000,0.000000,0.000000,0.000000,8.000000,56.000000
1789149136.788866,0,0.000000,0.000000,1.000000,-0.720000,0.000000,0.000000,0.000000,0.000000,8.000000,56.000000
1789149136.789364,0,0.000000,0.000000,1.000000,-0.460000,0.000000,0.000000,0.000000,0.000000,8.000000,56.020000
1789149136.789762,0,0.000000,0.000000,1.000000,-0.580000,0.000000,0.000000,0.000000,0.000000,8.000000,56.020000
1789149136.813162,0,0.000000,0.000000,1.000000,-0.720000,0.000000,0.000000,0.000000,0.000000,8.000000,56.040000
1789149136.813933,0,0.000000,0.000000,1.000000,-0.720000,0.000000,0.000000,0.000000,0.000000,8.000000,56.040000
1789149136.814453,0,0.000000,0.000000,1.000000,-0.850000,0.000000,0.000000,0.000000,0.000000,8.000000,56.060000
1789149136.838993,0,0.000000,0.000000,1.000000,-0.620000,0.000000,0.000000,0.000000,0.000000,8.000000,56.060000
1789149136.839478,0,0.000000,0.000000,1.000000,-0.400000,0.000000,0.000000,0.000000,0.000000,8.000000,56.080000
1789149136.839969,0,0.000000,0.000000,1.000000,-0.540000,0.000000,0.000000,0.000000,0.000000,8.000000,56.090000
1789149136.866090,0,0.000000,0.000000,1.000000,-0.670000,0.000000,0.000000,0.000000,0.000000,8.000000,56.090000
1789149136.890327,0,0.000000,0.000000,1.000000,-0.670000,0.000000,0.000000,0.000000,0.000000,8.000000,56.110000
1789149136.890836,0,0.000000,0.000000,1.000000,-0.500000,0.000000,0.000000,0.000000,0.000000,8.000000,56.110000
1789149136.891490,0,0.000000,0.000000,1.000000,-0.750000,0.000000,0.000000,0.000000,0.000000,8.000000,56.130000
1789149136.936680,0,0.000000,0.000000,1.000000,-0.280000,0.000000,0.000000,0.000000,0.000000,8.000000,56.130000
1789149136.937200,0,0.000000,0.000000,1.000000,-0.200000,0.000000,0.000000,0.000000,0.000000,8.000000,56.150000
1789149136.937632,0,0.000000,0.000000,1.000000,-0.280000,0.000000,0.000000,0.000000,0.000000,8.000000,56.150000
1789149136.938025,0,0.000000,0.000000,1.000000,-0.580000,0.000000,0.000000,0.000000,0.000000,8.000000,56.160000
1789149136.938591,0,0.000000,0.000000,1.000000,-0.500000,0.000000,0.000000,0.000000,0.000000,8.000000,56.200000
1789149136.983752,0,0.000000,0.000000,1.000000,-0.580000,0.000000,0.000000,0.000000,0.000000,8.000000,56.200000
1789149136.984291,0,0.000000,0.000000,1.000000,-0.540000,0.000000,0.000000,0.000000,0.000000,8.000000,56.220000
1789149136.984941,0,0.000000,0.000000,1.000000,-0.500000,0.000000,0.000000,0.000000,0.000000,8.000000,56.220000
1789149136.985395,0,0.000000,0.000000,1.000000,-0.540000,0.000000,0.000000,0.000000,0.000000,8.000000,56.240000
1789149136.985766,0,0.000000,0.000000,1.000000,-0.670000,0.000000,0.000000,0.000000,0.000000,8.000000,56.250000
1789149137.029258,0,0.000000,0.000000,1.000000,-0.580000,0.000000,0.000000,0.000000,0.000000,8.000000,56.250000
1789149137.029778,0,0.000000,0.000000,1.000000,-0.670000,0.000000,0.000000,0.000000,0.000000,8.000000,56.270000
1789149137.030459,0,0.000000,0.000000,1.000000,-0.670000,0.000000,0.000000,0.000000,0.000000,8.000000,56.270000
1789149137.030908,0,0.000000,0.000000,1.000000,-0.800000,0.000000,0.000000,0.000000,0.000000,8.000000,56.290000
1789149137.031328,0,0.000000,0.000000,1.000000,-0.670000,0.000000,0.000000,0.000000,0.000000,8.000000,56.290000
1789149137.076833,0,0.000000,0.000000,1.000000,-0.750000,0.000000,0.000000,0.000000,0.000000,8.000000,56.310000
1789149137.077413,0,0.000000,0.000000,1.000000,-1.190000,0.000000,0.000000,0.000000,0.000000,8.000000,56.310000
1789149137.078002,0,0.000000,0.000000,1.000000,-0.980000,0.000000,0.000000,0.000000,0.000000,8.000000,56.330000
1789149137.078451,0,0.000000,0.000000,1.000000,-0.930000,0.000000,0.000000,0.000000,0.000000,8.000000,56.340000
1789149137.125388,0,0.000000,0.000000,1.000000,-0.980000,0.000000,0.000000,0.000000,0.000000,8.000000,56.340000
1789149137.125912,0,0.000000,0.000000,1.000000,-1.010000,0.000000,0.000000,0.000000,0.000000,8.000000,56.360000
1789149137.126467,0,0.000000,0.000000,1.000000,-1.240000,0.000000,0.000000,0.000000,0.000000,8.000000,56.360000
1789149137.127076,0,0.000000,0.000000,1.000000,-1.190000,0.000000,0.000000,0.000000,0.000000,8.000000,56.380000
1789149137.127493,0,0.000000,0.000000,1.000000,-1.530000,0.000000,0.000000,0.000000,0.000000,8.000000,56.380000
1789149137.127870,0,0.000000,0.000000,1.000000,-1.710000,0.000000,0.000000,0.000000,0.000000,8.000000,56.400000
1789149137.171890,0,0.000000,0.000000,1.000000,-1.750000,0.000000,0.000000,0.000000,0.000000,8.000000,56.400000
1789149137.172408,0,0.000000,0.000000,1.000000,-1.750000,0.000000,0.000000,0.000000,0.000000,8.000000,56.410000
1789149137.172995,0,0.000000,0.000000,1.000000,-2.000000,0.000000,0.000000,0.000000,0.000000,8.000000,56.430000
1789149137.173406,0,0.000000,0.000000,1.000000,-1.880000,0.000000,0.000000,0.000000,0.000000,8.000000,56.430000
1789149137.217126,0,0.000000,0.000000,1.000000,-1.970000,0.000000,0.000000,0.000000,0.000000,8.000000,56.450000
1789149137.217647,0,0.000000,0.000000,1.000000,-2.050000,0.000000,0.000000,0.000000,0.000000,8.000000,56.450000
1789149137.218031,0,0.000000,0.000000,1.000000,-2.000000,0.000000,0.000000,0.000000,0.000000,8.000000,56.470000
1789149137.218559,0,0.000000,0.000000,1.000000,-2.090000,0.000000,0.000000,0.000000,0.000000,8.000000,56.470000
1789149137.218923,0,0.000000,0.000000,1.000000,-2.190000,0.000000,0.000000,0.000000,0.000000,8.000000,56.490000
1789149137.260885,0,0.000000,0.000000,1.000000,-2.190000,0.000000,0.000000,0.000000,0.000000,8.000000,56.500000
1789149137.261396,0,0.000000,0.000000,1.000000,-0.500000,0.000000,0.000000,0.000000,0.000000,8.000000,56.500000
1789149137.261819,0,0.000000,0.000000,1.000000,-2.140000,0.000000,0.000000,0.000000,0.000000,8.000000,56.520000
1789149137.262380,0,0.000000,0.000000,1.000000,-0.280000,0.000000,0.000000,0.000000,0.000000,8.000000,56.520000
1789149137.306035,0,0.000000,0.000000,1.000000,-0.930000,0.000000,0.000000,0.000000,0.000000,8.000000,56.540000
1789149137.306549,0,0.000000,0.000000,1.000000,-2.570000,0.000000,0.000000,0.000000,0.000000,8.000000,56.540000
1789149137.307130,0,0.000000,0.000000,1.000000,-1.840000,0.000000,0.000000,0.000000,0.000000,8.000000,56.560000
1789149137.307546,0,0.000000,0.000000,1.000000,-2.050000,0.000000,0.000000,0.000000,0.000000,8.000000,56.560000
1789149137.348929,0,0.000000,0.000000,1.000000,-2.000000,0.000000,0.000000,0.000000,0.000000,8.000000,56.580000
1789149137.349449,0,0.000000,0.000000,1.000000,-1.920000,0.000000,0.000000,0.000000,0.000000,8.000000,56.590000
1789149137.349873,0,0.000000,0.000000,1.000000,-2.190000,0.000000,0.000000,0.000000,0.000000,8.000000,56.590000
1789149137.350441,0,0.000000,0.000000,1.000000,-2.490000,0.000000,0.000000,0.000000,0.000000,8.000000,56.610000
1789149137.350852,0,0.000000,0.000000,1.000000,-2.050000,0.000000,0.000000,0.000000,0.000000,8.000000,56.610000
1789149137.392298,0,0.000000,0.000000,1.000000,-0.620000,0.000000,0.000000,0.000000,0.000000,8.000000,56.630000
1789149137.392906,0,0.000000,0.000000,1.000000,-3.140000,0.000000,0.000000,0.000000,0.000000,8.000000,56.630000
1789149137.393486,0,0.000000,0.000000,1.000000,-1.580000,0.000000,0.000000,0.000000,0.000000,8.000000,56.650000
1789149137.393873,0,0.000000,0.000000,1.000000,-2.000000,0.000000,0.000000,0.000000,0.000000,8.000000,56.650000
1789149137.420954,0,0.000000,0.000000,1.000000,-0.460000,0.000000,0.000000,0.000000,0.000000,8.000000,56.660000
1789149137.445173,0,0.000000,0.000000,1.000000,-2.610000,0.000000,0.000000,0.000000,0.000000,8.000000,56.680000
1789149137.446336,0,0.000000,0.000000,1.000000,-1.450000,0.000000,0.000000,0.000000,0.000000,8.000000,56.680000
1789149137.446945,0,0.000000,0.000000,1.000000,-1.400000,0.000000,0.000000,0.000000,0.000000,8.000000,56.700000
1789149137.472724,0,0.000000,0.000000,1.000000,-2.190000,0.000000,0.000000,0.000000,0.000000,8.000000,56.700000
1789149137.473227,0,0.000000,0.000000,1.000000,-1.970000,0.000000,0.000000,0.000000,0.000000,8.000000,56.720000
1789149137.498258,0,0.000000,0.000000,1.000000,-2.000000,0.000000,0.000000,0.000000,0.000000,8.000000,56.720000
1789149137.498786,0,0.000000,0.000000,1.000000,-2.190000,0.000000,0.000000,0.000000,0.000000,8.000000,56.740000
1789149137.499216,0,0.000000,0.000000,1.000000,-2.090000,0.000000,0.000000,0.000000,0.000000,8.000000,56.750000
1789149137.524344,0,0.000000,0.000000,1.000000,-2.230000,0.000000,0.000000,0.000000,0.000000,8.000000,56.750000
1789149137.524851,0,0.000000,0.000000,1.000000,-2.490000,0.000000,0.000000,0.000000,0.000000,8.000000,56.770000
1789149137.525277,0,0.000000,0.000000,1.000000,-2.260000,0.000000,0.000000,0.000000,0.000000,8.000000,56.770000
1789149137.551807,0,0.000000,0.000000,1.000000,-2.230000,0.000000,0.000000,0.000000,0.000000,8.000000,56.790000
1789149137.576153,0,0.000000,0.000000,1.000000,-2.230000,0.000000,0.000000,0.000000,0.000000,8.000000,56.790000
1789149137.576663,0,0.000000,0.000000,1.000000,-2.310000,0.000000,0.000000,0.000000,0.000000,8.000000,56.810000
1789149137.577281,0,0.000000,0.000000,1.000000,-0.580000,0.000000,0.000000,0.000000,0.000000,8.000000,56.810000
1789149137.602004,0,0.000000,0.000000,1.000000,-0.980000,0.000000,0.000000,0.000000,0.000000,8.000000,56.830000
1789149137.602535,0,0.000000,0.000000,1.000000,-2.000000,0.000000,0.000000,0.000000,0.000000,8.000000,56.840000
1789149137.627694,0,0.000000,0.000000,1.000000,-1.710000,0.000000,0.000000,0.000000,0.000000,8.000000,56.840000
1789149137.628180,0,0.000000,0.000000,1.000000,-2.350000,0.000000,0.000000,0.000000,0.000000,8.000000,56.860000
1789149137.628578,0,0.000000,0.000000,1.000000,-0.670000,0.000000,0.000000,0.000000,0.000000,8.000000,56.860000
1789149137.629074,0,0.000000,0.000000,1.000000,-1.010000,0.000000,0.000000,0.000000,0.000000,8.000000,56.880000
1789149137.653498,0,0.000000,0.000000,1.000000,-1.920000,0.000000,0.000000,0.000000,0.000000,8.000000,56.880000
1789149137.654024,0,0.000000,0.000000,1.000000,-1.580000,0.000000,0.000000,0.000000,0.000000,8.000000,56.900000
1789149137.680187,0,0.000000,0.000000,1.000000,-2.260000,0.000000,0.000000,0.000000,0.000000,8.000000,56.900000
1789149137.680757,0,0.000000,0.000000,1.000000,-0.370000,0.000000,0.000000,0.000000,0.000000,8.000000,56.900000
1789149137.681156,0,0.000000,0.000000,1.000000,-1.500000,0.000000,0.000000,0.000000,0.000000,8.000000,56.910000
1789149137.705724,0,0.000000,0.000000,1.000000,-1.190000,0.000000,0.000000,0.000000,0.000000,8.000000,56.930000
1789149137.706234,0,0.000000,0.000000,1.000000,-0.720000,0.000000,0.000000,0.000000,0.000000,8.000000,56.930000
1789149137.706645,0,0.000000,0.000000,1.000000,-3.000000,0.000000,0.000000,0.000000,0.000000,8.000000,56.950000
1789149137.733314,0,0.000000,0.000000,1.000000,-0.720000,0.000000,0.000000,0.000000,0.000000,8.000000,56.950000
1789149137.733834,0,0.000000,0.000000,1.000000,-0.930000,0.000000,0.000000,0.000000,0.000000,8.000000,56.970000
1789149137.734432,0,0.000000,0.000000,1.000000,-1.840000,0.000000,0.000000,0.000000,0.000000,8.000000,56.970000
1789149137.761320,0,0.000000,0.000000,1.000000,-0.670000,0.000000,0.000000,0.000000,0.000000,8.000000,56.990000
1789149137.787034,0,0.000000,0.000000,1.000000,-2.230000,0.000000,0.000000,0.000000,0.000000,8.000000,57.000000
1789149137.787545,0,0.000000,0.000000,1.000000,-1.710000,0.000000,0.000000,0.000000,0.000000,8.000000,57.000000
1789149137.787973,0,0.000000,0.000000,1.000000,-1.370000,0.000000,0.000000,0.000000,0.000000,8.000000,57.020000
1789149137.788364,0,0.000000,0.000000,1.000000,-1.840000,0.000000,0.000000,0.000000,0.000000,8.000000,57.020000
1789149137.814665,0,0.000000,0.000000,1.000000,-1.270000,0.000000,0.000000,0.000000,0.000000,8.000000,57.040000
1789149137.815217,0,0.000000,0.000000,1.000000,-1.620000,0.000000,0.000000,0.000000,0.000000,8.000000,57.040000
1789149137.840151,0,0.000000,0.000000,1.000000,-1.530000,0.000000,0.000000,0.000000,0.000000,8.000000,57.060000
1789149137.840711,0,0.000000,0.000000,1.000000,-1.400000,0.000000,0.000000,0.000000,0.000000,8.000000,57.060000
1789149137.841116,0,0.000000,0.000000,1.000000,-1.400000,0.000000,0.000000,0.000000,0.000000,8.000000,57.080000
1789149137.865019,0,0.000000,0.000000,1.000000,-1.320000,0.000000,0.000000,0.000000,0.000000,8.000000,57.090000
1789149137.865539,0,0.000000,0.000000,1.000000,-1.190000,0.000000,0.000000,0.000000,0.000000,8.000000,57.090000
1789149137.865905,0,0.000000,0.000000,1.000000,-1.050000,0.000000,0.000000,0.000000,0.000000,8.000000,57.110000
1789149137.889012,0,0.000000,0.000000,1.000000,-0.880000,0.000000,0.000000,0.000000,0.000000,8.000000,57.110000
1789149137.889524,0,0.000000,0.000000,1.000000,-0.720000,0.000000,0.000000,0.000000,0.000000,8.000000,57.130000
1789149137.890080,0,0.000000,0.000000,1.000000,-0.670000,0.000000,0.000000,0.000000,0.000000,8.000000,57.130000
1789149137.916209,0,0.000000,0.000000,1.000000,-0.500000,0.000000,0.000000,0.000000,0.000000,8.000000,57.150000
1789149137.916718,0,0.000000,0.000000,1.000000,-0.460000,0.000000,0.000000,0.000000,0.000000,8.000000,57.150000
1789149137.941299,0,0.000000,0.000000,1.000000,-0.460000,0.000000,0.000000,0.000000,0.000000,8.000000,57.160000
1789149137.941808,0,0.000000,0.000000,1.000000,-0.280000,0.000000,0.000000,0.000000,0.000000,8.000000,57.180000
1789149137.967507,0,0.000000,0.000000,1.000000,-0.330000,0.000000,0.000000,0.000000,0.000000,8.000000,57.180000
1789149137.968052,0,0.000000,0.000000,1.000000,-0.150000,0.000000,0.000000,0.000000,0.000000,8.000000,57.200000
1789149137.968421,0,0.000000,0.000000,1.000000,-0.070000,0.000000,0.000000,0.000000,0.000000,8.000000,57.200000
1789149137.994573,0,0.000000,0.000000,1.000000,-0.100000,0.000000,0.000000,0.000000,0.000000,8.000000,57.220000
1789149137.995068,0,0.000000,0.000000,1.000000,-0.010000,0.000000,0.000000,0.000000,0.000000,8.000000,57.220000
1789149138.021861,0,0.000000,0.000000,1.000000,0.000000,0.000000,0.000000,0.000000,0.000000,8.000000,57.240000
1789149138.022370,0,0.000000,0.000000,1.000000,0.310000,0.000000,0.000000,0.000000,0.000000,8.000000,57.250000
1789149138.022781,0,0.000000,0.000000,1.000000,0.180000,0.000000,0.000000,0.000000,0.000000,8.000000,57.250000
1789149138.023146,0,0.000000,0.000000,1.000000,0.000000,0.000000,0.000000,0.000000,0.000000,8.000000,57.270000
1789149138.049065,0,0.000000,0.000000,1.000000,-0.200000,0.000000,0.000000,0.000000,0.000000,8.000000,57.270000
1789149138.049747,0,0.000000,0.000000,1.000000,0.000000,0.000000,0.000000,0.000000,0.000000,8.000000,57.290000
1789149138.074802,0,0.000000,0.000000,1.000000,-0.200000,0.000000,0.000000,0.000000,0.000000,8.000000,57.290000
1789149138.075374,0,0.000000,0.000000,1.000000,0.180000,0.000000,0.000000,0.000000,0.000000,8.000000,57.310000
1789149138.101537,0,0.000000,0.000000,1.000000,0.100000,0.000000,0.000000,0.000000,0.000000,8.000000,57.310000
1789149138.102169,0,0.000000,0.000000,1.000000,0.270000,0.000000,0.000000,0.000000,0.000000,8.000000,57.330000
1789149138.128232,0,0.000000,0.000000,1.000000,0.100000,0.000000,0.000000,0.000000,0.000000,8.000000,57.340000
1789149138.128747,0,0.000000,0.000000,1.000000,0.100000,0.000000,0.000000,0.000000,0.000000,8.000000,57.340000
1789149138.129150,0,0.000000,0.000000,1.000000,-0.070000,0.000000,0.000000,0.000000,0.000000,8.000000,57.360000
1789149138.129513,0,0.000000,0.000000,1.000000,-0.230000,0.000000,0.000000,0.000000,0.000000,8.000000,57.360000
1789149138.154650,0,0.000000,0.000000,1.000000,-0.330000,0.000000,0.000000,0.000000,0.000000,8.000000,57.380000
1789149138.155164,0,0.000000,0.000000,1.000000,-0.670000,0.000000,0.000000,0.000000,0.000000,8.000000,57.380000
1789149138.155568,0,0.000000,0.000000,1.000000,-0.580000,0.000000,0.000000,0.000000,0.000000,8.000000,57.400000
1789149138.181105,0,0.000000,0.000000,1.000000,-0.850000,0.000000,0.000000,0.000000,0.000000,8.000000,57.400000
1789149138.181628,0,0.000000,0.000000,1.000000,-0.930000,0.000000,0.000000,0.000000,0.000000,8.000000,57.410000
1789149138.182338,0,0.000000,0.000000,1.000000,-1.010000,0.000000,0.000000,0.000000,0.000000,8.000000,57.430000
1789149138.207129,0,0.000000,0.000000,1.000000,-1.190000,0.000000,0.000000,0.000000,0.000000,8.000000,57.430000
1789149138.207634,0,0.000000,0.000000,1.000000,-1.500000,0.000000,0.000000,0.000000,0.000000,8.000000,57.450000
1789149138.232537,0,0.000000,0.000000,1.000000,-1.580000,0.000000,0.000000,0.000000,0.000000,8.000000,57.450000
1789149138.233111,0,0.000000,0.000000,1.000000,-1.580000,0.000000,0.000000,0.000000,0.000000,8.000000,57.470000
1789149138.233569,0,0.000000,0.000000,1.000000,-1.880000,0.000000,0.000000,0.000000,0.000000,8.000000,57.470000
1789149138.258499,0,0.000000,0.000000,1.000000,-2.140000,0.000000,0.000000,0.000000,0.000000,8.000000,57.490000
1789149138.259013,0,0.000000,0.000000,1.000000,-2.260000,0.000000,0.000000,0.000000,0.000000,8.000000,57.500000
1789149138.259631,0,0.000000,0.000000,1.000000,-2.310000,0.000000,0.000000,0.000000,0.000000,8.000000,57.500000
1789149138.285743,0,0.000000,0.000000,1.000000,-2.400000,0.000000,0.000000,0.000000,0.000000,8.000000,57.520000
1789149138.286265,0,0.000000,0.000000,1.000000,-2.610000,0.000000,0.000000,0.000000,0.000000,8.000000,57.520000
1789149138.312157,0,0.000000,0.000000,1.000000,-0.540000,0.000000,0.000000,0.000000,0.000000,8.000000,57.540000
1789149138.312667,0,0.000000,0.000000,1.000000,-2.830000,0.000000,0.000000,0.000000,0.000000,8.000000,57.540000
1789149138.313062,0,0.000000,0.000000,1.000000,-0.400000,0.000000,0.000000,0.000000,0.000000,8.000000,57.560000
1789149138.339530,0,0.000000,0.000000,1.000000,-2.140000,0.000000,0.000000,0.000000,0.000000,8.000000,57.560000
1789149138.340035,0,0.000000,0.000000,1.000000,-2.450000,0.000000,0.000000,0.000000,0.000000,8.000000,57.560000
1789149138.340457,0,0.000000,0.000000,1.000000,-2.350000,0.000000,0.000000,0.000000,0.000000,8.000000,57.580000
1789149138.366730,0,0.000000,0.000000,1.000000,-0.460000,0.000000,0.000000,0.000000,0.000000,8.000000,57.590000
1789149138.367429,0,0.000000,0.000000,1.000000,-3.400000,0.000000,0.000000,0.000000,0.000000,8.000000,57.590000
1789149138.393715,0,0.000000,0.000000,1.000000,-0.400000,0.000000,0.000000,0.000000,0.000000,8.000000,57.610000
1789149138.394220,0,0.000000,0.000000,1.000000,-1.450000,0.000000,0.000000,0.000000,0.000000,8.000000,57.610000
1789149138.394714,0,0.000000,0.000000,1.000000,-1.370000,0.000000,0.000000,0.000000,0.000000,8.000000,57.630000
1789149138.395186,0,0.000000,0.000000,1.000000,-1.620000,0.000000,0.000000,0.000000,0.000000,8.000000,57.630000
1789149138.423202,0,0.000000,0.000000,1.000000,-1.790000,0.000000,0.000000,0.000000,0.000000,8.000000,57.650000
1789149138.450757,0,0.000000,0.000000,1.000000,-1.750000,0.000000,0.000000,0.000000,0.000000,8.000000,57.650000
1789149138.451338,0,0.000000,0.000000,1.000000,-1.620000,0.000000,0.000000,0.000000,0.000000,8.000000,57.660000
1789149138.451765,0,0.000000,0.000000,1.000000,-1.400000,0.000000,0.000000,0.000000,0.000000,8.000000,57.680000
1789149138.477901,0,0.000000,0.000000,1.000000,-2.190000,0.000000,0.000000,0.000000,0.000000,8.000000,57.680000
1789149138.478410,0,0.000000,0.000000,1.000000,-0.400000,0.000000,0.000000,0.000000,0.000000,8.000000,57.700000
1789149138.478810,0,0.000000,0.000000,1.000000,-2.350000,0.000000,0.000000,0.000000,0.000000,8.000000,57.700000
1789149138.479174,0,0.000000,0.000000,1.000000,-0.500000,0.000000,0.000000,0.000000,0.000000,8.000000,57.720000
1789149138.506035,0,0.000000,0.000000,1.000000,-1.110000,0.000000,0.000000,0.000000,0.000000,8.000000,57.720000
1789149138.506601,0,0.000000,0.000000,1.000000,-1.920000,0.000000,0.000000,0.000000,0.000000,8.000000,57.740000
1789149138.534088,0,0.000000,0.000000,1.000000,-1.370000,0.000000,0.000000,0.000000,0.000000,8.000000,57.750000
1789149138.534600,0,0.000000,0.000000,1.000000,-1.750000,0.000000,0.000000,0.000000,0.000000,8.000000,57.750000
1789149138.534981,0,0.000000,0.000000,1.000000,-1.620000,0.000000,0.000000,0.000000,0.000000,8.000000,57.770000
1789149138.561212,0,0.000000,0.000000,1.000000,-1.370000,0.000000,0.000000,0.000000,0.000000,8.000000,57.770000
1789149138.561726,0,0.000000,0.000000,1.000000,-1.530000,0.000000,0.000000,0.000000,0.000000,8.000000,57.790000
1789149138.562141,0,0.000000,0.000000,1.000000,-1.370000,0.000000,0.000000,0.000000,0.000000,8.000000,57.790000
1789149138.589060,0,0.000000,0.000000,1.000000,-1.320000,0.000000,0.000000,0.000000,0.000000,8.000000,57.810000
1789149138.589580,0,0.000000,0.000000,1.000000,-1.270000,0.000000,0.000000,0.000000,0.000000,8.000000,57.810000
1789149138.590009,0,0.000000,0.000000,1.000000,-1.140000,0.000000,0.000000,0.000000,0.000000,8.000000,57.830000
1789149138.590507,0,0.000000,0.000000,1.000000,-0.980000,0.000000,0.000000,0.000000,0.000000,8.000000,57.840000
1789149138.618298,0,0.000000,0.000000,1.000000,-0.800000,0.000000,0.000000,0.000000,0.000000,8.000000,57.840000
1789149138.644778,0,0.000000,0.000000,1.000000,-0.720000,0.000000,0.000000,0.000000,0.000000,8.000000,57.860000
1789149138.645365,0,0.000000,0.000000,1.000000,-0.460000,0.000000,0.000000,0.000000,0.000000,8.000000,57.860000
1789149138.645878,0,0.000000,0.000000,1.000000,-0.540000,0.000000,0.000000,0.000000,0.000000,8.000000,57.880000
1789149138.646334,0,0.000000,0.000000,1.000000,-0.460000,0.000000,0.000000,0.000000,0.000000,8.000000,57.880000
1789149138.673041,0,0.000000,0.000000,1.000000,-0.280000,0.000000,0.000000,0.000000,0.000000,8.000000,57.900000
1789149138.673512,0,0.000000,0.000000,1.000000,-0.280000,0.000000,0.000000,0.000000,0.000000,8.000000,57.900000
1789149138.673913,0,0.000000,0.000000,1.000000,-0.010000,0.000000,0.000000,0.000000,0.000000,8.000000,57.910000
1789149138.700331,0,0.000000,0.000000,1.000000,-0.150000,0.000000,0.000000,0.000000,0.000000,8.000000,57.930000
1789149138.700857,0,0.000000,0.000000,1.000000,-0.200000,0.000000,0.000000,0.000000,0.000000,8.000000,57.930000
1789149138.726597,0,0.000000,0.000000,1.000000,0.100000,0.000000,0.000000,0.000000,0.000000,8.000000,57.950000
1789149138.727153,0,0.000000,0.000000,1.000000,0.100000,0.000000,0.000000,0.000000,0.000000,8.000000,57.950000
1789149138.727630,0,0.000000,0.000000,1.000000,0.000000,0.000000,0.000000,0.000000,0.000000,8.000000,57.970000
1789149138.752782,0,0.000000,0.000000,1.000000,-0.010000,0.000000,0.000000,0.000000,0.000000,8.000000,57.970000
1789149138.753351,0,0.000000,0.000000,1.000000,0.000000,0.000000,0.000000,0.000000,0.000000,8.000000,57.990000
1789149138.753782,0,0.000000,0.000000,1.000000,0.100000,0.000000,0.000000,0.000000,0.000000,8.000000,58.000000
1789149138.778773,0,0.000000,0.000000,1.000000,0.000000,0.000000,0.000000,0.000000,0.000000,8.000000,58.000000
1789149138.779271,0,0.000000,0.000000,1.000000,0.140000,0.000000,0.000000,0.000000,0.000000,8.000000,58.020000
1789149138.804329,0,0.000000,0.000000,1.000000,0.050000,0.000000,0.000000,0.000000,0.000000,8.000000,58.020000
1789149138.804833,0,0.000000,0.000000,1.000000,0.140000,0.000000,0.000000,0.000000,0.000000,8.000000,58.040000
1789149138.805408,0,0.000000,0.000000,1.000000,0.000000,0.000000,0.000000,0.000000,0.000000,8.000000,58.040000
1789149138.831587,0,0.000000,0.000000,1.000000,-0.010000,0.000000,0.000000,0.000000,0.000000,8.000000,58.060000
1789149138.832297,0,0.000000,0.000000,1.000000,-0.100000,0.000000,0.000000,0.000000,0.000000,8.000000,58.060000
1789149138.832957,0,0.000000,0.000000,1.000000,-0.100000,0.000000,0.000000,0.000000,0.000000,8.000000,58.080000
1789149138.859109,0,0.000000,0.000000,1.000000,-0.460000,0.000000,0.000000,0.000000,0.000000,8.000000,58.090000
1789149138.859620,0,0.000000,0.000000,1.000000,-0.330000,0.000000,0.000000,0.000000,0.000000,8.000000,58.090000
1789149138.860104,0,0.000000,0.000000,1.000000,-0.200000,0.000000,0.000000,0.000000,0.000000,8.000000,58.110000
1789149138.886635,0,0.000000,0.000000,1.000000,-0.370000,0.000000,0.000000,0.000000,0.000000,8.000000,58.110000
1789149138.887147,0,0.000000,0.000000,1.000000,-0.500000,0.000000,0.000000,0.000000,0.000000,8.000000,58.130000
1789149138.913347,0,0.000000,0.000000,1.000000,-0.540000,0.000000,0.000000,0.000000,0.000000,8.000000,58.130000
1789149138.914096,0,0.000000,0.000000,1.000000,-0.540000,0.000000,0.000000,0.000000,0.000000,8.000000,58.150000
1789149138.914562,0,0.000000,0.000000,1.000000,-0.850000,0.000000,0.000000,0.000000,0.000000,8.000000,58.150000
1789149138.941139,0,0.000000,0.000000,1.000000,-1.010000,0.000000,0.000000,0.000000,0.000000,8.000000,58.160000
1789149138.941716,0,0.000000,0.000000,1.000000,-1.270000,0.000000,0.000000,0.000000,0.000000,8.000000,58.180000
1789149138.942231,0,0.000000,0.000000,1.000000,-1.270000,0.000000,0.000000,0.000000,0.000000,8.000000,58.180000
1789149138.968763,0,0.000000,0.000000,1.000000,-1.530000,0.000000,0.000000,0.000000,0.000000,8.000000,58.200000
1789149138.969294,0,0.000000,0.000000,1.000000,-1.880000,0.000000,0.000000,0.000000,0.000000,8.000000,58.200000
1789149138.969706,0,0.000000,0.000000,1.000000,-1.790000,0.000000,0.000000,0.000000,0.000000,8.000000,58.220000
1789149138.994701,0,0.000000,0.000000,1.000000,-1.920000,0.000000,0.000000,0.000000,0.000000,8.000000,58.220000
1789149138.995210,0,0.000000,0.000000,1.000000,-2.050000,0.000000,0.000000,0.000000,0.000000,8.000000,58.240000
1789149138.995627,0,0.000000,0.000000,1.000000,-0.880000,0.000000,0.000000,0.000000,0.000000,8.000000,58.250000
1789149139.022352,0,0.000000,0.000000,1.000000,-0.800000,0.000000,0.000000,0.000000,0.000000,8.000000,58.250000
1789149139.023001,0,0.000000,0.000000,1.000000,-1.580000,0.000000,0.000000,0.000000,0.000000,8.000000,58.270000
1789149139.049922,0,0.000000,0.000000,1.000000,-0.460000,0.000000,0.000000,0.000000,0.000000,8.000000,58.270000
1789149139.050416,0,0.000000,0.000000,1.000000,-2.780000,0.000000,0.000000,0.000000,0.000000,8.000000,58.270000
1789149139.078023,0,0.000000,0.000000,1.000000,-0.500000,0.000000,0.000000,0.000000,0.000000,8.000000,58.290000
1789149139.078577,0,0.000000,0.000000,1.000000,-3.440000,0.000000,0.000000,0.000000,0.000000,8.000000,58.290000
1789149139.079008,0,0.000000,0.000000,1.000000,-0.720000,0.000000,0.000000,0.000000,0.000000,8.000000,58.310000
1789149139.106995,0,0.000000,0.000000,1.000000,-3.230000,0.000000,0.000000,0.000000,0.000000,8.000000,58.310000
1789149139.107504,0,0.000000,0.000000,1.000000,-2.190000,0.000000,0.000000,0.000000,0.000000,8.000000,58.330000
1789149139.107920,0,0.000000,0.000000,1.000000,-0.540000,0.000000,0.000000,0.000000,0.000000,8.000000,58.340000
1789149139.109531,0,0.000000,0.000000,1.000000,-2.880000,0.000000,0.000000,0.000000,0.000000,8.000000,58.340000
1789149139.136520,0,0.000000,0.000000,1.000000,-0.720000,0.000000,0.000000,0.000000,0.000000,8.000000,58.360000
1789149139.137164,0,0.000000,0.000000,1.000000,-3.350000,0.000000,0.000000,0.000000,0.000000,8.000000,58.360000
1789149139.137640,0,0.000000,0.000000,1.000000,-2.780000,0.000000,0.000000,0.000000,0.000000,8.000000,58.380000
1789149139.162348,0,0.000000,0.000000,1.000000,-1.970000,0.000000,0.000000,0.000000,0.000000,8.000000,58.380000
1789149139.162858,0,0.000000,0.000000,1.000000,-2.710000,0.000000,0.000000,0.000000,0.000000,8.000000,58.400000
1789149139.188788,0,0.000000,0.000000,1.000000,-2.490000,0.000000,0.000000,0.000000,0.000000,8.000000,58.400000
1789149139.189344,0,0.000000,0.000000,1.000000,-2.000000,0.000000,0.000000,0.000000,0.000000,8.000000,58.410000
1789149139.214256,0,0.000000,0.000000,1.000000,-1.970000,0.000000,0.000000,0.000000,0.000000,8.000000,58.430000
1789149139.214782,0,0.000000,0.000000,1.000000,-1.840000,0.000000,0.000000,0.000000,0.000000,8.000000,58.450000
1789149139.241232,0,0.000000,0.000000,1.000000,-1.920000,0.000000,0.000000,0.000000,0.000000,8.000000,58.450000
1789149139.241744,0,0.000000,0.000000,1.000000,-1.710000,0.000000,0.000000,0.000000,0.000000,8.000000,58.470000
1789149139.242316,0,0.000000,0.000000,1.000000,-1.620000,0.000000,0.000000,0.000000,0.000000,8.000000,58.470000
1789149139.269431,0,0.000000,0.000000,1.000000,-1.660000,0.000000,0.000000,0.000000,0.000000,8.000000,58.490000
1789149139.270056,0,0.000000,0.000000,1.000000,-1.580000,0.000000,0.000000,0.000000,0.000000,8.000000,58.500000
1789149139.270549,0,0.000000,0.000000,1.000000,-1.270000,0.000000,0.000000,0.000000,0.000000,8.000000,58.500000
1789149139.295152,0,0.000000,0.000000,1.000000,-1.320000,0.000000,0.000000,0.000000,0.000000,8.000000,58.520000
1789149139.295665,0,0.000000,0.000000,1.000000,-1.010000,0.000000,0.000000,0.000000,0.000000,8.000000,58.520000
1789149139.296084,0,0.000000,0.000000,1.000000,-0.750000,0.000000,0.000000,0.000000,0.000000,8.000000,58.540000
1789149139.321830,0,0.000000,0.000000,1.000000,-0.850000,0.000000,0.000000,0.000000,0.000000,8.000000,58.540000
1789149139.322345,0,0.000000,0.000000,1.000000,-0.720000,0.000000,0.000000,0.000000,0.000000,8.000000,58.560000
1789149139.322748,0,0.000000,0.000000,1.000000,-0.670000,0.000000,0.000000,0.000000,0.000000,8.000000,58.560000
1789149139.348467,0,0.000000,0.000000,1.000000,-0.540000,0.000000,0.000000,0.000000,0.000000,8.000000,58.580000
1789149139.349189,0,0.000000,0.000000,1.000000,-0.400000,0.000000,0.000000,0.000000,0.000000,8.000000,58.590000
1789149139.374259,0,0.000000,0.000000,1.000000,-0.200000,0.000000,0.000000,0.000000,0.000000,8.000000,58.590000
1789149139.374773,0,0.000000,0.000000,1.000000,-0.200000,0.000000,0.000000,0.000000,0.000000,8.000000,58.610000
1789149139.375204,0,0.000000,0.000000,1.000000,-0.100000,0.000000,0.000000,0.000000,0.000000,8.000000,58.610000
1789149139.375768,0,0.000000,0.000000,1.000000,-0.010000,0.000000,0.000000,0.000000,0.000000,8.000000,58.630000
1789149139.402039,0,0.000000,0.000000,1.000000,0.000000,0.000000,0.000000,0.000000,0.000000,8.000000,58.630000
1789149139.402557,0,0.000000,0.000000,1.000000,-0.070000,0.000000,0.000000,0.000000,0.000000,8.000000,58.650000
1789149139.427820,0,0.000000,0.000000,1.000000,0.140000,0.000000,0.000000,0.000000,0.000000,8.000000,58.650000
1789149139.428372,0,0.000000,0.000000,1.000000,0.000000,0.000000,0.000000,0.000000,0.000000,8.000000,58.660000
1789149139.428874,0,0.000000,0.000000,1.000000,0.000000,0.000000,0.000000,0.000000,0.000000,8.000000,58.680000
1789149139.454412,0,0.000000,0.000000,1.000000,0.180000,0.000000,0.000000,0.000000,0.000000,8.000000,58.680000
1789149139.454924,0,0.000000,0.000000,1.000000,0.180000,0.000000,0.000000,0.000000,0.000000,8.000000,58.700000
1789149139.480694,0,0.000000,0.000000,1.000000,0.180000,0.000000,0.000000,0.000000,0.000000,8.000000,58.700000
1789149139.481236,0,0.000000,0.000000,1.000000,0.180000,0.000000,0.000000,0.000000,0.000000,8.000000,58.720000
1789149139.481659,0,0.000000,0.000000,1.000000,0.100000,0.000000,0.000000,0.000000,0.000000,8.000000,58.720000
1789149139.507636,0,0.000000,0.000000,1.000000,0.050000,0.000000,0.000000,0.000000,0.000000,8.000000,58.740000
1789149139.508287,0,0.000000,0.000000,1.000000,0.000000,0.000000,0.000000,0.000000,0.000000,8.000000,58.750000
1789149139.534789,0,0.000000,0.000000,1.000000,-0.150000,0.000000,0.000000,0.000000,0.000000,8.000000,58.750000
1789149139.535320,0,0.000000,0.000000,1.000000,-0.200000,0.000000,0.000000,0.000000,0.000000,8.000000,58.770000
1789149139.535727,0,0.000000,0.000000,1.000000,-0.100000,0.000000,0.000000,0.000000,0.000000,8.000000,58.770000
1789149139.562162,0,0.000000,0.000000,1.000000,-0.010000,0.000000,0.000000,0.000000,0.000000,8.000000,58.770000
1789149139.562680,0,0.000000,0.000000,1.000000,-0.070000,0.000000,0.000000,0.000000,0.000000,8.000000,58.790000
1789149139.563082,0,0.000000,0.000000,1.000000,-0.230000,0.000000,0.000000,0.000000,0.000000,8.000000,58.790000
1789149139.590844,0,0.000000,0.000000,1.000000,-0.400000,0.000000,0.000000,0.000000,0.000000,8.000000,58.810000
1789149139.591430,0,0.000000,0.000000,1.000000,-0.500000,0.000000,0.000000,0.000000,0.000000,8.000000,58.810000
1789149139.591848,0,0.000000,0.000000,1.000000,-0.460000,0.000000,0.000000,0.000000,0.000000,8.000000,58.830000
1789149139.617931,0,0.000000,0.000000,1.000000,-0.800000,0.000000,0.000000,0.000000,0.000000,8.000000,58.840000
1789149139.618620,0,0.000000,0.000000,1.000000,-0.720000,0.000000,0.000000,0.000000,0.000000,8.000000,58.840000
1789149139.619093,0,0.000000,0.000000,1.000000,-0.800000,0.000000,0.000000,0.000000,0.000000,8.000000,58.860000
1789149139.645295,0,0.000000,0.000000,1.000000,-0.930000,0.000000,0.000000,0.000000,0.000000,8.000000,58.860000
1789149139.645918,0,0.000000,0.000000,1.000000,-1.050000,0.000000,0.000000,0.000000,0.000000,8.000000,58.880000
1789149139.646402,0,0.000000,0.000000,1.000000,-1.050000,0.000000,0.000000,0.000000,0.000000,8.000000,58.880000
1789149139.674538,0,0.000000,0.000000,1.000000,-1.400000,0.000000,0.000000,0.000000,0.000000,8.000000,58.900000
1789149139.675085,0,0.000000,0.000000,1.000000,-1.580000,0.000000,0.000000,0.000000,0.000000,8.000000,58.900000
1789149139.703362,0,0.000000,0.000000,1.000000,-0.370000,0.000000,0.000000,0.000000,0.000000,8.000000,58.910000
1789149139.703878,0,0.000000,0.000000,1.000000,-0.750000,0.000000,0.000000,0.000000,0.000000,8.000000,58.930000
1789149139.704298,0,0.000000,0.000000,1.000000,-1.500000,0.000000,0.000000,0.000000,0.000000,8.000000,58.930000
1789149139.730557,0,0.000000,0.000000,1.000000,-0.230000,0.000000,0.000000,0.000000,0.000000,8.000000,58.950000
1789149139.731068,0,0.000000,0.000000,1.000000,-2.230000,0.000000,0.000000,0.000000,0.000000,8.000000,58.950000
1789149139.731509,0,0.000000,0.000000,1.000000,-0.580000,0.000000,0.000000,0.000000,0.000000,8.000000,58.970000
1789149139.731880,0,0.000000,0.000000,1.000000,-2.190000,0.000000,0.000000,0.000000,0.000000,8.000000,58.970000
1789149139.758888,0,0.000000,0.000000,1.000000,-0.460000,0.000000,0.000000,0.000000,0.000000,8.000000,58.990000
1789149139.759396,0,0.000000,0.000000,1.000000,-2.660000,0.000000,0.000000,0.000000,0.000000,8.000000,59.000000
1789149139.786007,0,0.000000,0.000000,1.000000,-0.580000,0.000000,0.000000,0.000000,0.000000,8.000000,59.000000
1789149139.786728,0,0.000000,0.000000,1.000000,-3.000000,0.000000,0.000000,0.000000,0.000000,8.000000,59.020000
1789149139.787182,0,0.000000,0.000000,1.000000,-0.460000,0.000000,0.000000,0.000000,0.000000,8.000000,59.020000
1789149139.814666,0,0.000000,0.000000,1.000000,-2.970000,0.000000,0.000000,0.000000,0.000000,8.000000,59.040000
1789149139.815266,0,0.000000,0.000000,1.000000,-0.580000,0.000000,0.000000,0.000000,0.000000,8.000000,59.040000
1789149139.815700,0,0.000000,0.000000,1.000000,-3.350000,0.000000,0.000000,0.000000,0.000000,8.000000,59.060000
1789149139.841910,0,0.000000,0.000000,1.000000,-0.750000,0.000000,0.000000,0.000000,0.000000,8.000000,59.060000
1789149139.842415,0,0.000000,0.000000,1.000000,-2.490000,0.000000,0.000000,0.000000,0.000000,8.000000,59.080000
1789149139.842930,0,0.000000,0.000000,1.000000,-0.540000,0.000000,0.000000,0.000000,0.000000,8.000000,59.090000
1789149139.869577,0,0.000000,0.000000,1.000000,-2.490000,0.000000,0.000000,0.000000,0.000000,8.000000,59.090000
1789149139.870078,0,0.000000,0.000000,1.000000,-0.370000,0.000000,0.000000,0.000000,0.000000,8.000000,59.110000
1789149139.870482,0,0.000000,0.000000,1.000000,-1.370000,0.000000,0.000000,0.000000,0.000000,8.000000,59.110000
1789149139.897827,0,0.000000,0.000000,1.000000,-1.660000,0.000000,0.000000,0.000000,0.000000,8.000000,59.130000
1789149139.898687,0,0.000000,0.000000,1.000000,-0.670000,0.000000,0.000000,0.000000,0.000000,8.000000,59.130000
1789149139.924074,0,0.000000,0.000000,1.000000,-2.140000,0.000000,0.000000,0.000000,0.000000,8.000000,59.150000
1789149139.924691,0,0.000000,0.000000,1.000000,-1.790000,0.000000,0.000000,0.000000,0.000000,8.000000,59.150000
1789149139.925105,0,0.000000,0.000000,1.000000,-1.530000,0.000000,0.000000,0.000000,0.000000,8.000000,59.160000
1789149139.953299,0,0.000000,0.000000,1.000000,-1.920000,0.000000,0.000000,0.000000,0.000000,8.000000,59.180000
1789149139.953814,0,0.000000,0.000000,1.000000,-1.370000,0.000000,0.000000,0.000000,0.000000,8.000000,59.180000
1789149139.979638,0,0.000000,0.000000,1.000000,-1.240000,0.000000,0.000000,0.000000,0.000000,8.000000,59.200000
1789149139.980217,0,0.000000,0.000000,1.000000,-1.190000,0.000000,0.000000,0.000000,0.000000,8.000000,59.200000
1789149139.980704,0,0.000000,0.000000,1.000000,-1.110000,0.000000,0.000000,0.000000,0.000000,8.000000,59.220000
1789149139.981223,0,0.000000,0.000000,1.000000,-0.980000,0.000000,0.000000,0.000000,0.000000,8.000000,59.220000
1789149140.007569,0,0.000000,0.000000,1.000000,-0.980000,0.000000,0.000000,0.000000,0.000000,8.000000,59.240000
1789149140.008078,0,0.000000,0.000000,1.000000,-0.670000,0.000000,0.000000,0.000000,0.000000,8.000000,59.250000
1789149140.008598,0,0.000000,0.000000,1.000000,-0.540000,0.000000,0.000000,0.000000,0.000000,8.000000,59.250000
1789149140.035378,0,0.000000,0.000000,1.000000,-0.460000,0.000000,0.000000,0.000000,0.000000,8.000000,59.270000
1789149140.036210,0,0.000000,0.000000,1.000000,-0.280000,0.000000,0.000000,0.000000,0.000000,8.000000,59.270000
1789149140.061595,0,0.000000,0.000000,1.000000,-0.280000,0.000000,0.000000,0.000000,0.000000,8.000000,59.290000
1789149140.062131,0,0.000000,0.000000,1.000000,-0.100000,0.000000,0.000000,0.000000,0.000000,8.000000,59.290000
1789149140.088307,0,0.000000,0.000000,1.000000,0.180000,0.000000,0.000000,0.000000,0.000000,8.000000,59.310000
1789149140.088895,0,0.000000,0.000000,1.000000,0.050000,0.000000,0.000000,0.000000,0.000000,8.000000,59.310000
1789149140.090500,0,0.000000,0.000000,1.000000,0.140000,0.000000,0.000000,0.000000,0.000000,8.000000,59.330000
1789149140.116115,0,0.000000,0.000000,1.000000,0.270000,0.000000,0.000000,0.000000,0.000000,8.000000,59.340000
1789149140.116628,0,0.000000,0.000000,1.000000,0.140000,0.000000,0.000000,0.000000,0.000000,8.000000,59.340000
1789149140.142994,0,0.000000,0.000000,1.000000,0.100000,0.000000,0.000000,0.000000,0.000000,8.000000,59.360000
1789149140.143558,0,0.000000,0.000000,1.000000,0.180000,0.000000,0.000000,0.000000,0.000000,8.000000,59.360000
1789149140.143966,0,0.000000,0.000000,1.000000,0.000000,0.000000,0.000000,0.000000,0.000000,8.000000,59.380000
1789149140.169208,0,0.000000,0.000000,1.000000,0.000000,0.000000,0.000000,0.000000,0.000000,8.000000,59.380000
1789149140.169736,0,0.000000,0.000000,1.000000,0.050000,0.000000,0.000000,0.000000,0.000000,8.000000,59.400000
1789149140.170126,0,0.000000,0.000000,1.000000,0.050000,0.000000,0.000000,0.000000,0.000000,8.000000,59.400000
1789149140.170663,0,0.000000,0.000000,1.000000,-0.010000,0.000000,0.000000,0.000000,0.000000,8.000000,59.410000
1789149140.197147,0,0.000000,0.000000,1.000000,0.050000,0.000000,0.000000,0.000000,0.000000,8.000000,59.430000
1789149140.197682,0,0.000000,0.000000,1.000000,-0.010000,0.000000,0.000000,0.000000,0.000000,8.000000,59.430000
1789149140.226494,0,0.000000,0.000000,1.000000,-0.100000,0.000000,0.000000,0.000000,0.000000,8.000000,59.450000
1789149140.226979,0,0.000000,0.000000,1.000000,-0.280000,0.000000,0.000000,0.000000,0.000000,8.000000,59.450000
1789149140.253032,0,0.000000,0.000000,1.000000,-0.400000,0.000000,0.000000,0.000000,0.000000,8.000000,59.470000
1789149140.253559,0,0.000000,0.000000,1.000000,-0.400000,0.000000,0.000000,0.000000,0.000000,8.000000,59.470000
1789149140.253958,0,0.000000,0.000000,1.000000,-0.330000,0.000000,0.000000,0.000000,0.000000,8.000000,59.490000
1789149140.254491,0,0.000000,0.000000,1.000000,-0.400000,0.000000,0.000000,0.000000,0.000000,8.000000,59.500000
1789149140.279552,0,0.000000,0.000000,1.000000,-0.540000,0.000000,0.000000,0.000000,0.000000,8.000000,59.500000
1789149140.280214,0,0.000000,0.000000,1.000000,-0.540000,0.000000,0.000000,0.000000,0.000000,8.000000,59.520000
1789149140.306353,0,0.000000,0.000000,1.000000,-0.580000,0.000000,0.000000,0.000000,0.000000,8.000000,59.520000
1789149140.306849,0,0.000000,0.000000,1.000000,-0.540000,0.000000,0.000000,0.000000,0.000000,8.000000,59.540000
1789149140.307356,0,0.000000,0.000000,1.000000,-0.720000,0.000000,0.000000,0.000000,0.000000,8.000000,59.540000
1789149140.355322,0,0.000000,0.000000,1.000000,-1.110000,0.000000,0.000000,0.000000,0.000000,8.000000,59.560000
1789149140.355843,0,0.000000,0.000000,1.000000,-1.110000,0.000000,0.000000,0.000000,0.000000,8.000000,59.560000
1789149140.356268,0,0.000000,0.000000,1.000000,-1.370000,0.000000,0.000000,0.000000,0.000000,8.000000,59.580000
1789149140.356667,0,0.000000,0.000000,1.000000,-1.270000,0.000000,0.000000,0.000000,0.000000,8.000000,59.590000
1789149140.357308,0,0.000000,0.000000,1.000000,-1.400000,0.000000,0.000000,0.000000,0.000000,8.000000,59.590000
1789149140.357825,0,0.000000,0.000000,1.000000,-1.010000,0.000000,0.000000,0.000000,0.000000,8.000000,59.610000
1789149140.358234,0,0.000000,0.000000,1.000000,-1.240000,0.000000,0.000000,0.000000,0.000000,8.000000,59.610000
1789149140.406534,0,0.000000,0.000000,1.000000,-1.660000,0.000000,0.000000,0.000000,0.000000,8.000000,59.630000
1789149140.407058,0,0.000000,0.000000,1.000000,-1.240000,0.000000,0.000000,0.000000,0.000000,8.000000,59.630000
1789149140.407635,0,0.000000,0.000000,1.000000,-1.370000,0.000000,0.000000,0.000000,0.000000,8.000000,59.650000
1789149140.408038,0,0.000000,0.000000,1.000000,-1.450000,0.000000,0.000000,0.000000,0.000000,8.000000,59.650000
1789149140.408422,0,0.000000,0.000000,1.000000,-1.450000,0.000000,0.000000,0.000000,0.000000,8.000000,59.660000
1789149140.460388,0,0.000000,0.000000,1.000000,-1.270000,0.000000,0.000000,0.000000,0.000000,8.000000,59.680000
1789149140.461148,0,0.000000,0.000000,1.000000,-1.450000,0.000000,0.000000,0.000000,0.000000,8.000000,59.680000
1789149140.461599,0,0.000000,0.000000,1.000000,-1.450000,0.000000,0.000000,0.000000,0.000000,8.000000,59.700000
1789149140.462011,0,0.000000,0.000000,1.000000,-1.710000,0.000000,0.000000,0.000000,0.000000,8.000000,59.700000
1789149140.462443,0,0.000000,0.000000,1.000000,-1.840000,0.000000,0.000000,0.000000,0.000000,8.000000,59.720000
1789149140.490851,0,0.000000,0.000000,1.000000,-1.840000,0.000000,0.000000,0.000000,0.000000,8.000000,59.720000
1789149140.545786,0,0.000000,0.000000,1.000000,-2.050000,0.000000,0.000000,0.000000,0.000000,8.000000,59.740000
1789149140.546352,0,0.000000,0.000000,1.000000,-2.140000,0.000000,0.000000,0.000000,0.000000,8.000000,59.750000
1789149140.547042,0,0.000000,0.000000,1.000000,-2.140000,0.000000,0.000000,0.000000,0.000000,8.000000,59.750000
1789149140.547624,0,0.000000,0.000000,1.000000,-2.400000,0.000000,0.000000,0.000000,0.000000,8.000000,59.770000
1789149140.548409,0,0.000000,0.000000,1.000000,-2.610000,0.000000,0.000000,0.000000,0.000000,8.000000,59.770000
1789149140.548907,0,0.000000,0.000000,1.000000,-2.450000,0.000000,0.000000,0.000000,0.000000,8.000000,59.790000
1789149140.549333,0,0.000000,0.000000,1.000000,-2.490000,0.000000,0.000000,0.000000,0.000000,8.000000,59.790000
1789149140.549898,0,0.000000,0.000000,1.000000,-0.540000,0.000000,0.000000,0.000000,0.000000,8.000000,59.810000
1789149140.578645,0,0.000000,0.000000,1.000000,-2.310000,0.000000,0.000000,0.000000,0.000000,8.000000,59.810000
1789149140.607230,0,0.000000,0.000000,1.000000,-1.050000,0.000000,0.000000,0.000000,0.000000,8.000000,59.830000
1789149140.607786,0,0.000000,0.000000,1.000000,-2.610000,0.000000,0.000000,0.000000,0.000000,8.000000,59.840000
1789149140.636080,0,0.000000,0.000000,1.000000,-2.000000,0.000000,0.000000,0.000000,0.000000,8.000000,59.840000
1789149140.636666,0,0.000000,0.000000,1.000000,-2.660000,0.000000,0.000000,0.000000,0.000000,8.000000,59.860000
1789149140.637086,0,0.000000,0.000000,1.000000,-0.460000,0.000000,0.000000,0.000000,0.000000,8.000000,59.860000
1789149140.665168,0,0.000000,0.000000,1.000000,-3.780000,0.000000,0.000000,0.000000,0.000000,8.000000,59.880000
1789149140.665740,0,0.000000,0.000000,1.000000,-0.540000,0.000000,0.000000,0.000000,0.000000,8.000000,59.880000
1789149140.666159,0,0.000000,0.000000,1.000000,-2.000000,0.000000,0.000000,0.000000,0.000000,8.000000,59.900000
1789149140.695229,0,0.000000,0.000000,1.000000,-2.090000,0.000000,0.000000,0.000000,0.000000,8.000000,59.900000
1789149140.695767,0,0.000000,0.000000,1.000000,-2.000000,0.000000,0.000000,0.000000,0.000000,8.000000,59.910000
1789149140.696179,0,0.000000,0.000000,1.000000,-2.310000,0.000000,0.000000,0.000000,0.000000,8.000000,59.930000
1789149140.725055,0,0.000000,0.000000,1.000000,-2.400000,0.000000,0.000000,0.000000,0.000000,8.000000,59.930000
1789149140.725595,0,0.000000,0.000000,1.000000,-2.400000,0.000000,0.000000,0.000000,0.000000,8.000000,59.950000
1789149140.726006,0,0.000000,0.000000,1.000000,-2.520000,0.000000,0.000000,0.000000,0.000000,8.000000,59.950000
1789149140.754014,0,0.000000,0.000000,1.000000,-2.450000,0.000000,0.000000,0.000000,0.000000,8.000000,59.970000
1789149140.754551,0,0.000000,0.000000,1.000000,-2.610000,0.000000,0.000000,0.000000,0.000000,8.000000,59.970000
1789149140.754976,0,0.000000,0.000000,1.000000,-0.620000,0.000000,0.000000,0.000000,0.000000,8.000000,59.990000
1789149140.755382,0,0.000000,0.000000,1.000000,-1.400000,0.000000,0.000000,0.000000,0.000000,8.000000,60.000000
1789149140.783330,0,0.000000,0.000000,1.000000,-1.840000,0.000000,0.000000,0.000000,0.000000,8.000000,60.000000
1789149140.784496,0,0.000000,0.000000,1.000000,-0.500000,0.000000,0.000000,0.000000,0.000000,8.000000,60.020000
1789149140.814604,0,0.000000,0.000000,1.000000,-2.920000,0.000000,0.000000,0.000000,0.000000,8.000000,60.020000
1789149140.815210,0,0.000000,0.000000,1.000000,-1.970000,0.000000,0.000000,0.000000,0.000000,8.000000,60.040000
1789149140.844191,0,0.000000,0.000000,1.000000,-1.840000,0.000000,0.000000,0.000000,0.000000,8.000000,60.040000
1789149140.844752,0,0.000000,0.000000,1.000000,-2.190000,0.000000,0.000000,0.000000,0.000000,8.000000,60.060000
1789149140.845198,0,0.000000,0.000000,1.000000,-1.880000,0.000000,0.000000,0.000000,0.000000,8.000000,60.060000
1789149140.875365,0,0.000000,0.000000,1.000000,-2.050000,0.000000,0.000000,0.000000,0.000000,8.000000,60.080000
1789149140.875978,0,0.000000,0.000000,1.000000,-2.050000,0.000000,0.000000,0.000000,0.000000,8.000000,60.090000
1789149140.876508,0,0.000000,0.000000,1.000000,-2.450000,0.000000,0.000000,0.000000,0.000000,8.000000,60.110000
1789149140.876961,0,0.000000,0.000000,1.000000,-2.350000,0.000000,0.000000,0.000000,0.000000,8.000000,60.110000
1789149140.907234,0,0.000000,0.000000,1.000000,-2.610000,0.000000,0.000000,0.000000,0.000000,8.000000,60.130000
1789149140.907751,0,0.000000,0.000000,1.000000,-2.830000,0.000000,0.000000,0.000000,0.000000,8.000000,60.130000
1789149140.908157,0,0.000000,0.000000,1.000000,-2.830000,0.000000,0.000000,0.000000,0.000000,8.000000,60.150000
1789149140.936631,0,0.000000,0.000000,1.000000,-2.660000,0.000000,0.000000,0.000000,0.000000,8.000000,60.150000
1789149140.937135,0,0.000000,0.000000,1.000000,-2.750000,0.000000,0.000000,0.000000,0.000000,8.000000,60.160000
1789149140.937699,0,0.000000,0.000000,1.000000,-0.540000,0.000000,0.000000,0.000000,0.000000,8.000000,60.180000
1789149140.964819,0,0.000000,0.000000,1.000000,-3.560000,0.000000,0.000000,0.000000,0.000000,8.000000,60.180000
1789149140.965452,0,0.000000,0.000000,1.000000,-1.140000,0.000000,0.000000,0.000000,0.000000,8.000000,60.200000
1789149140.991865,0,0.000000,0.000000,1.000000,-2.750000,0.000000,0.000000,0.000000,0.000000,8.000000,60.200000
1789149140.992374,0,0.000000,0.000000,1.000000,-1.790000,0.000000,0.000000,0.000000,0.000000,8.000000,60.220000
1789149140.992952,0,0.000000,0.000000,1.000000,-0.980000,0.000000,0.000000,0.000000,0.000000,8.000000,60.220000
1789149140.993375,0,0.000000,0.000000,1.000000,-2.570000,0.000000,0.000000,0.000000,0.000000,8.000000,60.240000
1789149141.022665,0,0.000000,0.000000,1.000000,-1.320000,0.000000,0.000000,0.000000,0.000000,8.000000,60.250000
1789149141.023196,0,0.000000,0.000000,1.000000,-1.270000,0.000000,0.000000,0.000000,0.000000,8.000000,60.250000
1789149141.053326,0,0.000000,0.000000,1.000000,-1.270000,0.000000,0.000000,0.000000,0.000000,8.000000,60.250000
1789149141.053807,0,0.000000,0.000000,1.000000,-1.450000,0.000000,0.000000,0.000000,0.000000,8.000000,60.270000
1789149141.054186,0,0.000000,0.000000,1.000000,-1.320000,0.000000,0.000000,0.000000,0.000000,8.000000,60.270000
1789149141.054535,0,0.000000,0.000000,1.000000,-1.320000,0.000000,0.000000,0.000000,0.000000,8.000000,60.290000
1789149141.054977,0,0.000000,0.000000,1.000000,-1.320000,0.000000,0.000000,0.000000,0.000000,8.000000,60.290000
1789149141.084169,0,0.000000,0.000000,1.000000,-1.370000,0.000000,0.000000,0.000000,0.000000,8.000000,60.310000
1789149141.174437,0,0.000000,0.000000,1.000000,-1.500000,0.000000,0.000000,0.000000,0.000000,8.000000,60.310000
1789149141.174936,0,0.000000,0.000000,1.000000,-1.450000,0.000000,0.000000,0.000000,0.000000,8.000000,60.330000
1789149141.175332,0,0.000000,0.000000,1.000000,-1.450000,0.000000,0.000000,0.000000,0.000000,8.000000,60.340000
1789149141.175695,0,0.000000,0.000000,1.000000,-1.400000,0.000000,0.000000,0.000000,0.000000,8.000000,60.340000
1789149141.176164,0,0.000000,0.000000,1.000000,-1.450000,0.000000,0.000000,0.000000,0.000000,8.000000,60.360000
1789149141.176534,0,0.000000,0.000000,1.000000,-1.530000,0.000000,0.000000,0.000000,0.000000,8.000000,60.360000
1789149141.176892,0,0.000000,0.000000,1.000000,-1.620000,0.000000,0.000000,0.000000,0.000000,8.000000,60.380000
1789149141.177253,0,0.000000,0.000000,1.000000,-1.620000,0.000000,0.000000,0.000000,0.000000,8.000000,60.380000
1789149141.177608,0,0.000000,0.000000,1.000000,-1.710000,0.000000,0.000000,0.000000,0.000000,8.000000,60.400000
1789149141.178030,0,0.000000,0.000000,1.000000,-1.750000,0.000000,0.000000,0.000000,0.000000,8.000000,60.400000
1789149141.206294,0,0.000000,0.000000,1.000000,-1.790000,0.000000,0.000000,0.000000,0.000000,8.000000,60.410000
1789149141.206820,0,0.000000,0.000000,1.000000,-1.710000,0.000000,0.000000,0.000000,0.000000,8.000000,60.430000
1789149141.260059,0,0.000000,0.000000,1.000000,-1.530000,0.000000,0.000000,0.000000,0.000000,8.000000,60.430000
1789149141.260550,0,0.000000,0.000000,1.000000,-1.840000,0.000000,0.000000,0.000000,0.000000,8.000000,60.450000
1789149141.260954,0,0.000000,0.000000,1.000000,-1.790000,0.000000,0.000000,0.000000,0.000000,8.000000,60.450000
1789149141.261346,0,0.000000,0.000000,1.000000,-1.790000,0.000000,0.000000,0.000000,0.000000,8.000000,60.470000
1789149141.261774,0,0.000000,0.000000,1.000000,-1.750000,0.000000,0.000000,0.000000,0.000000,8.000000,60.500000
1789149141.262322,0,0.000000,0.000000,1.000000,-1.530000,0.000000,0.000000,0.000000,0.000000,8.000000,60.500000
1789149141.262875,0,0.000000,0.000000,1.000000,-1.400000,0.000000,0.000000,0.000000,0.000000,8.000000,60.520000
1789149141.293150,0,0.000000,0.000000,1.000000,-1.320000,0.000000,0.000000,0.000000,0.000000,8.000000,60.520000
1789149141.324164,0,0.000000,0.000000,1.000000,-1.140000,0.000000,0.000000,0.000000,0.000000,8.000000,60.540000
1789149141.324716,0,0.000000,0.000000,1.000000,-1.190000,0.000000,0.000000,0.000000,0.000000,8.000000,60.540000
1789149141.325110,0,0.000000,0.000000,1.000000,-0.800000,0.000000,0.000000,0.000000,0.000000,8.000000,60.560000
1789149141.325601,0,0.000000,0.000000,1.000000,-0.750000,0.000000,0.000000,0.000000,0.000000,8.000000,60.560000
1789149141.356123,0,0.000000,0.000000,1.000000,-0.750000,0.000000,0.000000,0.000000,0.000000,8.000000,60.580000
1789149141.356682,0,0.000000,0.000000,1.000000,-0.620000,0.000000,0.000000,0.000000,0.000000,8.000000,60.590000
1789149141.387161,0,0.000000,0.000000,1.000000,-0.580000,0.000000,0.000000,0.000000,0.000000,8.000000,60.590000
1789149141.387916,0,0.000000,0.000000,1.000000,-0.500000,0.000000,0.000000,0.000000,0.000000,8.000000,60.610000
1789149141.388433,0,0.000000,0.000000,1.000000,-0.070000,0.000000,0.000000,0.000000,0.000000,8.000000,60.610000
1789149141.418742,0,0.000000,0.000000,1.000000,-0.100000,0.000000,0.000000,0.000000,0.000000,8.000000,60.630000
1789149141.419249,0,0.000000,0.000000,1.000000,0.050000,0.000000,0.000000,0.000000,0.000000,8.000000,60.630000
1789149141.419622,0,0.000000,0.000000,1.000000,-0.150000,0.000000,0.000000,0.000000,0.000000,8.000000,60.650000
1789149141.449538,0,0.000000,0.000000,1.000000,-0.100000,0.000000,0.000000,0.000000,0.000000,8.000000,60.650000
1789149141.450019,0,0.000000,0.000000,1.000000,-0.150000,0.000000,0.000000,0.000000,0.000000,8.000000,60.660000
1789149141.450442,0,0.000000,0.000000,1.000000,-0.010000,0.000000,0.000000,0.000000,0.000000,8.000000,60.680000
1789149141.450857,0,0.000000,0.000000,1.000000,-0.280000,0.000000,0.000000,0.000000,0.000000,8.000000,60.680000
1789149141.481237,0,0.000000,0.000000,1.000000,-0.100000,0.000000,0.000000,0.000000,0.000000,8.000000,60.700000
1789149141.481752,0,0.000000,0.000000,1.000000,-0.370000,0.000000,0.000000,0.000000,0.000000,8.000000,60.700000
1789149141.482292,0,0.000000,0.000000,1.000000,-0.200000,0.000000,0.000000,0.000000,0.000000,8.000000,60.720000
1789149141.511069,0,0.000000,0.000000,1.000000,-0.280000,0.000000,0.000000,0.000000,0.000000,8.000000,60.720000
1789149141.511548,0,0.000000,0.000000,1.000000,-0.280000,0.000000,0.000000,0.000000,0.000000,8.000000,60.740000
1789149141.540045,0,0.000000,0.000000,1.000000,-0.230000,0.000000,0.000000,0.000000,0.000000,8.000000,60.750000
1789149141.540581,0,0.000000,0.000000,1.000000,0.050000,0.000000,0.000000,0.000000,0.000000,8.000000,60.750000
1789149141.540991,0,0.000000,0.000000,1.000000,-0.150000,0.000000,0.000000,0.000000,0.000000,8.000000,60.770000
1789149141.567922,0,0.000000,0.000000,1.000000,0.000000,0.000000,0.000000,0.000000,0.000000,8.000000,60.770000
1789149141.568417,0,0.000000,0.000000,1.000000,0.050000,0.000000,0.000000,0.000000,0.000000,8.000000,60.790000
1789149141.568975,0,0.000000,0.000000,1.000000,-0.280000,0.000000,0.000000,0.000000,0.000000,8.000000,60.790000
1789149141.569442,0,0.000000,0.000000,1.000000,-0.280000,0.000000,0.000000,0.000000,0.000000,8.000000,60.810000
1789149141.596899,0,0.000000,0.000000,1.000000,-0.200000,0.000000,0.000000,0.000000,0.000000,8.000000,60.810000
1789149141.597458,0,0.000000,0.000000,1.000000,-0.330000,0.000000,0.000000,0.000000,0.000000,8.000000,60.830000
1789149141.597893,0,0.000000,0.000000,1.000000,-0.230000,0.000000,0.000000,0.000000,0.000000,8.000000,60.840000
1789149141.628284,0,0.000000,0.000000,1.000000,-0.280000,0.000000,0.000000,0.000000,0.000000,8.000000,60.840000
1789149141.628954,0,0.000000,0.000000,1.000000,-0.230000,0.000000,0.000000,0.000000,0.000000,8.000000,60.860000
1789149141.629510,0,0.000000,0.000000,1.000000,-0.540000,0.000000,0.000000,0.000000,0.000000,8.000000,60.860000
1789149141.630308,0,0.000000,0.000000,1.000000,-0.150000,0.000000,0.000000,0.000000,0.000000,8.000000,60.880000
1789149141.658870,0,0.000000,0.000000,1.000000,-0.500000,0.000000,0.000000,0.000000,0.000000,8.000000,60.880000
1789149141.659539,0,0.000000,0.000000,1.000000,-0.150000,0.000000,0.000000,0.000000,0.000000,8.000000,60.900000
1789149141.687586,0,0.000000,0.000000,1.000000,-0.400000,0.000000,0.000000,0.000000,0.000000,8.000000,60.900000
1789149141.688117,0,0.000000,0.000000,1.000000,-0.580000,0.000000,0.000000,0.000000,0.000000,8.000000,60.910000
1789149141.688656,0,0.000000,0.000000,1.000000,-0.540000,0.000000,0.000000,0.000000,0.000000,8.000000,60.930000
1789149141.689133,0,0.000000,0.000000,1.000000,-0.370000,0.000000,0.000000,0.000000,0.000000,8.000000,60.930000
1789149141.717177,0,0.000000,0.000000,1.000000,-0.230000,0.000000,0.000000,0.000000,0.000000,8.000000,60.950000
1789149141.743675,0,0.000000,0.000000,1.000000,-0.500000,0.000000,0.000000,0.000000,0.000000,8.000000,60.950000
1789149141.744387,0,0.000000,0.000000,1.000000,-0.500000,0.000000,0.000000,0.000000,0.000000,8.000000,60.970000
1789149141.745064,0,0.000000,0.000000,1.000000,-0.540000,0.000000,0.000000,0.000000,0.000000,8.000000,60.970000
1789149141.778196,0,0.000000,0.000000,1.000000,0.520000,0.000000,0.000000,0.000000,0.000000,8.000000,60.990000
1789149141.778736,0,0.000000,0.000000,1.000000,0.740000,0.000000,0.000000,0.000000,0.000000,8.000000,61.000000
1789149141.779248,0,0.000000,0.000000,1.000000,-0.280000,0.000000,0.000000,0.000000,0.000000,8.000000,61.000000
1789149141.811316,0,0.000000,0.000000,1.000000,-0.230000,0.000000,0.000000,0.000000,0.000000,8.000000,61.020000
1789149141.811801,0,0.000000,0.000000,1.000000,-0.230000,0.000000,0.000000,0.000000,0.000000,8.000000,61.020000
1789149141.812361,0,0.000000,0.000000,1.000000,-0.100000,0.000000,0.000000,0.000000,0.000000,8.000000,61.040000
1789149141.812795,0,0.000000,0.000000,1.000000,-0.100000,0.000000,0.000000,0.000000,0.000000,8.000000,61.040000
1789149141.843611,0,0.000000,0.000000,1.000000,-0.150000,0.000000,0.000000,0.000000,0.000000,8.000000,61.060000
1789149141.844102,0,0.000000,0.000000,1.000000,-0.200000,0.000000,0.000000,0.000000,0.000000,8.000000,61.060000
1789149141.844494,0,0.000000,0.000000,1.000000,-0.330000,0.000000,0.000000,0.000000,0.000000,8.000000,61.080000
1789149141.875095,0,0.000000,0.000000,1.000000,-0.200000,0.000000,0.000000,0.000000,0.000000,8.000000,61.090000
1789149141.875638,0,0.000000,0.000000,1.000000,0.100000,0.000000,0.000000,0.000000,0.000000,8.000000,61.090000
1789149141.903099,0,0.000000,0.000000,1.000000,-0.230000,0.000000,0.000000,0.000000,0.000000,8.000000,61.110000
1789149141.903762,0,0.000000,0.000000,1.000000,-0.400000,0.000000,0.000000,0.000000,0.000000,8.000000,61.110000
1789149141.904243,0,0.000000,0.000000,1.000000,-0.070000,0.000000,0.000000,0.000000,0.000000,8.000000,61.130000
1789149141.904651,0,0.000000,0.000000,1.000000,-0.330000,0.000000,0.000000,0.000000,0.000000,8.000000,61.130000
1789149141.935560,0,0.000000,0.000000,1.000000,-0.400000,0.000000,0.000000,0.000000,0.000000,8.000000,61.150000
1789149141.936072,0,0.000000,0.000000,1.000000,-0.280000,0.000000,0.000000,0.000000,0.000000,8.000000,61.150000
1789149141.936494,0,0.000000,0.000000,1.000000,-0.540000,0.000000,0.000000,0.000000,0.000000,8.000000,61.160000
1789149141.936901,0,0.000000,0.000000,1.000000,-0.330000,0.000000,0.000000,0.000000,0.000000,8.000000,61.180000
1789149141.965569,0,0.000000,0.000000,1.000000,-1.110000,0.000000,0.000000,0.000000,0.000000,8.000000,61.180000
1789149141.966152,0,0.000000,0.000000,1.000000,-1.370000,0.000000,0.000000,0.000000,0.000000,8.000000,61.200000
1789149141.966642,0,0.000000,0.000000,1.000000,-0.330000,0.000000,0.000000,0.000000,0.000000,8.000000,61.200000
1789149141.967413,0,0.000000,0.000000,1.000000,-2.450000,0.000000,0.000000,0.000000,0.000000,8.000000,61.220000
1789149141.996247,0,0.000000,0.000000,1.000000,-0.670000,0.000000,0.000000,0.000000,0.000000,8.000000,61.220000
1789149141.997063,0,0.000000,0.000000,1.000000,-1.450000,0.000000,0.000000,0.000000,0.000000,8.000000,61.240000
1789149141.997731,0,0.000000,0.000000,1.000000,-1.750000,0.000000,0.000000,0.000000,0.000000,8.000000,61.250000
1789149142.028183,0,0.000000,0.000000,1.000000,-0.620000,0.000000,0.000000,0.000000,0.000000,8.000000,61.250000
1789149142.028876,0,0.000000,0.000000,1.000000,-0.540000,0.000000,0.000000,0.000000,0.000000,8.000000,61.270000
1789149142.029499,0,0.000000,0.000000,1.000000,-3.440000,0.000000,0.000000,0.000000,0.000000,8.000000,61.270000
1789149142.059058,0,0.000000,0.000000,1.000000,-1.140000,0.000000,0.000000,0.000000,0.000000,8.000000,61.290000
1789149142.059587,0,0.000000,0.000000,1.000000,-0.400000,0.000000,0.000000,0.000000,0.000000,8.000000,61.290000
1789149142.060011,0,0.000000,0.000000,1.000000,-1.010000,0.000000,0.000000,0.000000,0.000000,8.000000,61.310000
1789149142.088810,0,0.000000,0.000000,1.000000,-3.300000,0.000000,0.000000,0.000000,0.000000,8.000000,61.310000
1789149142.089476,0,0.000000,0.000000,1.000000,-1.110000,0.000000,0.000000,0.000000,0.000000,8.000000,61.330000
1789149142.120650,0,0.000000,0.000000,1.000000,-0.540000,0.000000,0.000000,0.000000,0.000000,8.000000,61.330000
1789149142.121255,0,0.000000,0.000000,1.000000,-3.490000,0.000000,0.000000,0.000000,0.000000,8.000000,61.340000
1789149142.121712,0,0.000000,0.000000,1.000000,-1.110000,0.000000,0.000000,0.000000,0.000000,8.000000,61.340000
1789149142.122150,0,0.000000,0.000000,1.000000,-0.200000,0.000000,0.000000,0.000000,0.000000,8.000000,61.360000
1789149142.150305,0,0.000000,0.000000,1.000000,-3.440000,0.000000,0.000000,0.000000,0.000000,8.000000,61.360000
1789149142.150857,0,0.000000,0.000000,1.000000,-1.050000,0.000000,0.000000,0.000000,0.000000,8.000000,61.380000
1789149142.151284,0,0.000000,0.000000,1.000000,-2.570000,0.000000,0.000000,0.000000,0.000000,8.000000,61.380000
1789149142.179389,0,0.000000,0.000000,1.000000,-0.880000,0.000000,0.000000,0.000000,0.000000,8.000000,61.400000
1789149142.179928,0,0.000000,0.000000,1.000000,-2.400000,0.000000,0.000000,0.000000,0.000000,8.000000,61.400000
1789149142.180543,0,0.000000,0.000000,1.000000,-1.190000,0.000000,0.000000,0.000000,0.000000,8.000000,61.410000
1789149142.210059,0,0.000000,0.000000,1.000000,-2.310000,0.000000,0.000000,0.000000,0.000000,8.000000,61.430000
1789149142.210591,0,0.000000,0.000000,1.000000,-2.000000,0.000000,0.000000,0.000000,0.000000,8.000000,61.430000
1789149142.210971,0,0.000000,0.000000,1.000000,-1.270000,0.000000,0.000000,0.000000,0.000000,8.000000,61.450000
1789149142.239131,0,0.000000,0.000000,1.000000,-1.790000,0.000000,0.000000,0.000000,0.000000,8.000000,61.450000
1789149142.239663,0,0.000000,0.000000,1.000000,-1.500000,0.000000,0.000000,0.000000,0.000000,8.000000,61.470000
1789149142.240074,0,0.000000,0.000000,1.000000,-1.620000,0.000000,0.000000,0.000000,0.000000,8.000000,61.470000
1789149142.268544,0,0.000000,0.000000,1.000000,-1.450000,0.000000,0.000000,0.000000,0.000000,8.000000,61.490000
1789149142.269040,0,0.000000,0.000000,1.000000,-1.400000,0.000000,0.000000,0.000000,0.000000,8.000000,61.500000
1789149142.269436,0,0.000000,0.000000,1.000000,-1.240000,0.000000,0.000000,0.000000,0.000000,8.000000,61.500000
1789149142.296407,0,0.000000,0.000000,1.000000,-1.320000,0.000000,0.000000,0.000000,0.000000,8.000000,61.520000
1789149142.297053,0,0.000000,0.000000,1.000000,-1.110000,0.000000,0.000000,0.000000,0.000000,8.000000,61.520000
1789149142.297619,0,0.000000,0.000000,1.000000,-0.880000,0.000000,0.000000,0.000000,0.000000,8.000000,61.540000
1789149142.325949,0,0.000000,0.000000,1.000000,-0.720000,0.000000,0.000000,0.000000,0.000000,8.000000,61.540000
1789149142.326479,0,0.000000,0.000000,1.000000,-0.670000,0.000000,0.000000,0.000000,0.000000,8.000000,61.560000
1789149142.326899,0,0.000000,0.000000,1.000000,-0.620000,0.000000,0.000000,0.000000,0.000000,8.000000,61.560000
1789149142.355559,0,0.000000,0.000000,1.000000,-0.500000,0.000000,0.000000,0.000000,0.000000,8.000000,61.580000
1789149142.356090,0,0.000000,0.000000,1.000000,-0.460000,0.000000,0.000000,0.000000,0.000000,8.000000,61.590000
1789149142.356643,0,0.000000,0.000000,1.000000,-0.540000,0.000000,0.000000,0.000000,0.000000,8.000000,61.590000
1789149142.384001,0,0.000000,0.000000,1.000000,-0.500000,0.000000,0.000000,0.000000,0.000000,8.000000,61.610000
1789149142.384525,0,0.000000,0.000000,1.000000,-0.460000,0.000000,0.000000,0.000000,0.000000,8.000000,61.610000
1789149142.385124,0,0.000000,0.000000,1.000000,-0.620000,0.000000,0.000000,0.000000,0.000000,8.000000,61.630000
1789149142.412093,0,0.000000,0.000000,1.000000,-0.720000,0.000000,0.000000,0.000000,0.000000,8.000000,61.630000
1789149142.412623,0,0.000000,0.000000,1.000000,-0.720000,0.000000,0.000000,0.000000,0.000000,8.000000,61.650000
1789149142.441391,0,0.000000,0.000000,1.000000,-0.880000,0.000000,0.000000,0.000000,0.000000,8.000000,61.650000
1789149142.441973,0,0.000000,0.000000,1.000000,-0.850000,0.000000,0.000000,0.000000,0.000000,8.000000,61.660000
1789149142.442499,0,0.000000,0.000000,1.000000,-0.720000,0.000000,0.000000,0.000000,0.000000,8.000000,61.680000
1789149142.471474,0,0.000000,0.000000,1.000000,-0.930000,0.000000,0.000000,0.000000,0.000000,8.000000,61.680000
1789149142.471984,0,0.000000,0.000000,1.000000,-1.110000,0.000000,0.000000,0.000000,0.000000,8.000000,61.700000
1789149142.499865,0,0.000000,0.000000,1.000000,-0.800000,0.000000,0.000000,0.000000,0.000000,8.000000,61.700000
1789149142.500399,0,0.000000,0.000000,1.000000,-0.930000,0.000000,0.000000,0.000000,0.000000,8.000000,61.720000
1789149142.500879,0,0.000000,0.000000,1.000000,-0.800000,0.000000,0.000000,0.000000,0.000000,8.000000,61.720000
1789149142.528112,0,0.000000,0.000000,1.000000,-0.880000,0.000000,0.000000,0.000000,0.000000,8.000000,61.740000
1789149142.528648,0,0.000000,0.000000,1.000000,-1.140000,0.000000,0.000000,0.000000,0.000000,8.000000,61.750000
1789149142.529053,0,0.000000,0.000000,1.000000,-1.240000,0.000000,0.000000,0.000000,0.000000,8.000000,61.750000
1789149142.557836,0,0.000000,0.000000,1.000000,-1.010000,0.000000,0.000000,0.000000,0.000000,8.000000,61.770000
1789149142.558353,0,0.000000,0.000000,1.000000,-0.980000,0.000000,0.000000,0.000000,0.000000,8.000000,61.770000
1789149142.586581,0,0.000000,0.000000,1.000000,-0.980000,0.000000,0.000000,0.000000,0.000000,8.000000,61.790000
1789149142.587092,0,0.000000,0.000000,1.000000,-0.880000,0.000000,0.000000,0.000000,0.000000,8.000000,61.810000
1789149142.587494,0,0.000000,0.000000,1.000000,-1.110000,0.000000,0.000000,0.000000,0.000000,8.000000,61.810000
1789149142.587901,0,0.000000,0.000000,1.000000,-1.050000,0.000000,0.000000,0.000000,0.000000,8.000000,61.830000
1789149142.617617,0,0.000000,0.000000,1.000000,-1.050000,0.000000,0.000000,0.000000,0.000000,8.000000,61.840000
1789149142.618140,0,0.000000,0.000000,1.000000,-1.050000,0.000000,0.000000,0.000000,0.000000,8.000000,61.840000
1789149142.618515,0,0.000000,0.000000,1.000000,-0.930000,0.000000,0.000000,0.000000,0.000000,8.000000,61.860000
1789149142.619068,0,0.000000,0.000000,1.000000,-0.850000,0.000000,0.000000,0.000000,0.000000,8.000000,61.860000
1789149142.647092,0,0.000000,0.000000,1.000000,-0.930000,0.000000,0.000000,0.000000,0.000000,8.000000,61.880000
1789149142.647637,0,0.000000,0.000000,1.000000,-0.800000,0.000000,0.000000,0.000000,0.000000,8.000000,61.880000
1789149142.677255,0,0.000000,0.000000,1.000000,-0.850000,0.000000,0.000000,0.000000,0.000000,8.000000,61.900000
1789149142.677892,0,0.000000,0.000000,1.000000,-0.800000,0.000000,0.000000,0.000000,0.000000,8.000000,61.900000
1789149142.706330,0,0.000000,0.000000,1.000000,-0.500000,0.000000,0.000000,0.000000,0.000000,8.000000,61.910000
1789149142.706847,0,0.000000,0.000000,1.000000,-0.500000,0.000000,0.000000,0.000000,0.000000,8.000000,61.930000
1789149142.707254,0,0.000000,0.000000,1.000000,-0.540000,0.000000,0.000000,0.000000,0.000000,8.000000,61.930000
1789149142.707663,0,0.000000,0.000000,1.000000,-0.580000,0.000000,0.000000,0.000000,0.000000,8.000000,61.950000
1789149142.736302,0,0.000000,0.000000,1.000000,-0.540000,0.000000,0.000000,0.000000,0.000000,8.000000,61.950000
1789149142.736801,0,0.000000,0.000000,1.000000,-0.620000,0.000000,0.000000,0.000000,0.000000,8.000000,61.970000
1789149142.737394,0,0.000000,0.000000,1.000000,-0.460000,0.000000,0.000000,0.000000,0.000000,8.000000,61.970000
1789149142.765400,0,0.000000,0.000000,1.000000,-0.460000,0.000000,0.000000,0.000000,0.000000,8.000000,61.990000
1789149142.765891,0,0.000000,0.000000,1.000000,-0.460000,0.000000,0.000000,0.000000,0.000000,8.000000,62.000000
1789149142.766286,0,0.000000,0.000000,1.000000,-0.460000,0.000000,0.000000,0.000000,0.000000,8.000000,62.000000
1789149142.794271,0,0.000000,0.000000,1.000000,-0.500000,0.000000,0.000000,0.000000,0.000000,8.000000,62.020000
1789149142.794785,0,0.000000,0.000000,1.000000,-0.460000,0.000000,0.000000,0.000000,0.000000,8.000000,62.020000
1789149142.823647,0,0.000000,0.000000,1.000000,-0.400000,0.000000,0.000000,0.000000,0.000000,8.000000,62.040000
1789149142.824145,0,0.000000,0.000000,1.000000,-0.370000,0.000000,0.000000,0.000000,0.000000,8.000000,62.040000
1789149142.824526,0,0.000000,0.000000,1.000000,-0.370000,0.000000,0.000000,0.000000,0.000000,8.000000,62.060000
1789149142.824907,0,0.000000,0.000000,1.000000,-0.400000,0.000000,0.000000,0.000000,0.000000,8.000000,62.060000
1789149142.852899,0,0.000000,0.000000,1.000000,-0.280000,0.000000,0.000000,0.000000,0.000000,8.000000,62.080000
1789149142.853437,0,0.000000,0.000000,1.000000,-0.370000,0.000000,0.000000,0.000000,0.000000,8.000000,62.090000
1789149142.853856,0,0.000000,0.000000,1.000000,-0.370000,0.000000,0.000000,0.000000,0.000000,8.000000,62.090000
1789149142.883839,0,0.000000,0.000000,1.000000,-0.500000,0.000000,0.000000,0.000000,0.000000,8.000000,62.110000
1789149142.884367,0,0.000000,0.000000,1.000000,-0.720000,0.000000,0.000000,0.000000,0.000000,8.000000,62.110000
1789149142.884767,0,0.000000,0.000000,1.000000,-0.400000,0.000000,0.000000,0.000000,0.000000,8.000000,62.110000
1789149142.916269,0,0.000000,0.000000,1.000000,-0.330000,0.000000,0.000000,0.000000,0.000000,8.000000,62.130000
1789149142.916820,0,0.000000,0.000000,1.000000,-0.500000,0.000000,0.000000,0.000000,0.000000,8.000000,62.130000
1789149142.917256,0,0.000000,0.000000,1.000000,-0.620000,0.000000,0.000000,0.000000,0.000000,8.000000,62.150000
1789149142.945247,0,0.000000,0.000000,1.000000,-0.580000,0.000000,0.000000,0.000000,0.000000,8.000000,62.150000
1789149142.945772,0,0.000000,0.000000,1.000000,-0.670000,0.000000,0.000000,0.000000,0.000000,8.000000,62.160000
1789149142.946177,0,0.000000,0.000000,1.000000,-0.540000,0.000000,0.000000,0.000000,0.000000,8.000000,62.180000
1789149142.974028,0,0.000000,0.000000,1.000000,-0.670000,0.000000,0.000000,0.000000,0.000000,8.000000,62.180000
1789149142.974555,0,0.000000,0.000000,1.000000,-0.750000,0.000000,0.000000,0.000000,0.000000,8.000000,62.200000
1789149142.974962,0,0.000000,0.000000,1.000000,-0.720000,0.000000,0.000000,0.000000,0.000000,8.000000,62.200000
1789149143.002963,0,0.000000,0.000000,1.000000,-0.750000,0.000000,0.000000,0.000000,0.000000,8.000000,62.220000
1789149143.003686,0,0.000000,0.000000,1.000000,-0.850000,0.000000,0.000000,0.000000,0.000000,8.000000,62.220000
1789149143.004240,0,0.000000,0.000000,1.000000,-0.880000,0.000000,0.000000,0.000000,0.000000,8.000000,62.240000
1789149143.031648,0,0.000000,0.000000,1.000000,-0.800000,0.000000,0.000000,0.000000,0.000000,8.000000,62.250000
1789149143.032215,0,0.000000,0.000000,1.000000,-0.750000,0.000000,0.000000,0.000000,0.000000,8.000000,62.250000
1789149143.032629,0,0.000000,0.000000,1.000000,-0.620000,0.000000,0.000000,0.000000,0.000000,8.000000,62.270000
1789149143.060920,0,0.000000,0.000000,1.000000,-0.980000,0.000000,0.000000,0.000000,0.000000,8.000000,62.270000
1789149143.061438,0,0.000000,0.000000,1.000000,-0.850000,0.000000,0.000000,0.000000,0.000000,8.000000,62.290000
1789149143.061931,0,0.000000,0.000000,1.000000,-0.800000,0.000000,0.000000,0.000000,0.000000,8.000000,62.290000
1789149143.089574,0,0.000000,0.000000,1.000000,-0.620000,0.000000,0.000000,0.000000,0.000000,8.000000,62.310000
1789149143.090097,0,0.000000,0.000000,1.000000,-0.580000,0.000000,0.000000,0.000000,0.000000,8.000000,62.310000
1789149143.090479,0,0.000000,0.000000,1.000000,-0.580000,0.000000,0.000000,0.000000,0.000000,8.000000,62.330000
1789149143.091925,0,0.000000,0.000000,1.000000,-0.620000,0.000000,0.000000,0.000000,0.000000,8.000000,62.340000
1789149143.119828,0,0.000000,0.000000,1.000000,-0.580000,0.000000,0.000000,0.000000,0.000000,8.000000,62.340000
1789149143.120394,0,0.000000,0.000000,1.000000,-0.620000,0.000000,0.000000,0.000000,0.000000,8.000000,62.360000
1789149143.147838,0,0.000000,0.000000,1.000000,-0.370000,0.000000,0.000000,0.000000,0.000000,8.000000,62.360000
1789149143.148359,0,0.000000,0.000000,1.000000,-0.580000,0.000000,0.000000,0.000000,0.000000,8.000000,62.380000
1789149143.176758,0,0.000000,0.000000,1.000000,-0.200000,0.000000,0.000000,0.000000,0.000000,8.000000,62.380000
1789149143.177273,0,0.000000,0.000000,1.000000,-0.100000,0.000000,0.000000,0.000000,0.000000,8.000000,62.400000
1789149143.177692,0,0.000000,0.000000,1.000000,-0.200000,0.000000,0.000000,0.000000,0.000000,8.000000,62.400000
1789149143.178062,0,0.000000,0.000000,1.000000,-0.070000,0.000000,0.000000,0.000000,0.000000,8.000000,62.410000
1789149143.206832,0,0.000000,0.000000,1.000000,-0.100000,0.000000,0.000000,0.000000,0.000000,8.000000,62.430000
1789149143.207346,0,0.000000,0.000000,1.000000,-0.070000,0.000000,0.000000,0.000000,0.000000,8.000000,62.430000
1789149143.234829,0,0.000000,0.000000,1.000000,-0.150000,0.000000,0.000000,0.000000,0.000000,8.000000,62.450000
1789149143.235349,0,0.000000,0.000000,1.000000,-0.150000,0.000000,0.000000,0.000000,0.000000,8.000000,62.450000
1789149143.235775,0,0.000000,0.000000,1.000000,-0.460000,0.000000,0.000000,0.000000,0.000000,8.000000,62.470000
1789149143.236169,0,0.000000,0.000000,1.000000,-0.280000,0.000000,0.000000,0.000000,0.000000,8.000000,62.470000
1789149143.264470,0,0.000000,0.000000,1.000000,-0.230000,0.000000,0.000000,0.000000,0.000000,8.000000,62.490000
1789149143.265024,0,0.000000,0.000000,1.000000,0.050000,0.000000,0.000000,0.000000,0.000000,8.000000,62.500000
1789149143.293789,0,0.000000,0.000000,1.000000,-0.150000,0.000000,0.000000,0.000000,0.000000,8.000000,62.500000
1789149143.294303,0,0.000000,0.000000,1.000000,-0.010000,0.000000,0.000000,0.000000,0.000000,8.000000,62.520000
1789149143.294852,0,0.000000,0.000000,1.000000,-0.150000,0.000000,0.000000,0.000000,0.000000,8.000000,62.520000
1789149143.322446,0,0.000000,0.000000,1.000000,0.610000,0.000000,0.000000,0.000000,0.000000,8.000000,62.540000
1789149143.322953,0,0.000000,0.000000,1.000000,-0.010000,0.000000,0.000000,0.000000,0.000000,8.000000,62.540000
1789149143.323340,0,0.000000,0.000000,1.000000,0.310000,0.000000,0.000000,0.000000,0.000000,8.000000,62.560000
1789149143.351414,0,0.000000,0.000000,1.000000,-0.200000,0.000000,0.000000,0.000000,0.000000,8.000000,62.560000
1789149143.351941,0,0.000000,0.000000,1.000000,0.000000,0.000000,0.000000,0.000000,0.000000,8.000000,62.580000
1789149143.352369,0,0.000000,0.000000,1.000000,0.430000,0.000000,0.000000,0.000000,0.000000,8.000000,62.590000
1789149143.353093,0,0.000000,0.000000,1.000000,-0.370000,0.000000,0.000000,0.000000,0.000000,8.000000,62.590000
1789149143.380257,0,0.000000,0.000000,1.000000,-0.460000,0.000000,0.000000,0.000000,0.000000,8.000000,62.610000
1789149143.380862,0,0.000000,0.000000,1.000000,0.270000,0.000000,0.000000,0.000000,0.000000,8.000000,62.610000
1789149143.409811,0,0.000000,0.000000,1.000000,0.000000,0.000000,0.000000,0.000000,0.000000,8.000000,62.630000
1789149143.410348,0,0.000000,0.000000,1.000000,-0.100000,0.000000,0.000000,0.000000,0.000000,8.000000,62.630000
1789149143.410736,0,0.000000,0.000000,1.000000,-0.280000,0.000000,0.000000,0.000000,0.000000,8.000000,62.650000
1789149143.438388,0,0.000000,0.000000,1.000000,-0.500000,0.000000,0.000000,0.000000,0.000000,8.000000,62.650000
1789149143.438996,0,0.000000,0.000000,1.000000,-0.150000,0.000000,0.000000,0.000000,0.000000,8.000000,62.660000
1789149143.439406,0,0.000000,0.000000,1.000000,-0.230000,0.000000,0.000000,0.000000,0.000000,8.000000,62.680000
1789149143.466914,0,0.000000,0.000000,1.000000,-0.070000,0.000000,0.000000,0.000000,0.000000,8.000000,62.680000
1789149143.467605,0,0.000000,0.000000,1.000000,-0.280000,0.000000,0.000000,0.000000,0.000000,8.000000,62.700000
1789149143.468061,0,0.000000,0.000000,1.000000,-0.330000,0.000000,0.000000,0.000000,0.000000,8.000000,62.700000
1789149143.496101,0,0.000000,0.000000,1.000000,-0.100000,0.000000,0.000000,0.000000,0.000000,8.000000,62.720000
1789149143.496613,0,0.000000,0.000000,1.000000,-0.070000,0.000000,0.000000,0.000000,0.000000,8.000000,62.720000
1789149143.497135,0,0.000000,0.000000,1.000000,-0.370000,0.000000,0.000000,0.000000,0.000000,8.000000,62.740000
1789149143.524682,0,0.000000,0.000000,1.000000,0.560000,0.000000,0.000000,0.000000,0.000000,8.000000,62.750000
1789149143.525200,0,0.000000,0.000000,1.000000,-0.100000,0.000000,0.000000,0.000000,0.000000,8.000000,62.750000
1789149143.525619,0,0.000000,0.000000,1.000000,0.000000,0.000000,0.000000,0.000000,0.000000,8.000000,62.770000
1789149143.526114,0,0.000000,0.000000,1.000000,-0.280000,0.000000,0.000000,0.000000,0.000000,8.000000,62.770000
1789149143.553711,0,0.000000,0.000000,1.000000,0.000000,0.000000,0.000000,0.000000,0.000000,8.000000,62.790000
1789149143.581251,0,0.000000,0.000000,1.000000,-0.150000,0.000000,0.000000,0.000000,0.000000,8.000000,62.790000
1789149143.581758,0,0.000000,0.000000,1.000000,-0.150000,0.000000,0.000000,0.000000,0.000000,8.000000,62.810000
1789149143.582311,0,0.000000,0.000000,1.000000,-0.280000,0.000000,0.000000,0.000000,0.000000,8.000000,62.810000
1789149143.582717,0,0.000000,0.000000,1.000000,-0.150000,0.000000,0.000000,0.000000,0.000000,8.000000,62.830000
1789149143.610431,0,0.000000,0.000000,1.000000,-0.010000,0.000000,0.000000,0.000000,0.000000,8.000000,62.840000
1789149143.610940,0,0.000000,0.000000,1.000000,-0.400000,0.000000,0.000000,0.000000,0.000000,8.000000,62.840000
1789149143.638576,0,0.000000,0.000000,1.000000,-0.370000,0.000000,0.000000,0.000000,0.000000,8.000000,62.860000
1789149143.639097,0,0.000000,0.000000,1.000000,0.050000,0.000000,0.000000,0.000000,0.000000,8.000000,62.860000
1789149143.639488,0,0.000000,0.000000,1.000000,-0.230000,0.000000,0.000000,0.000000,0.000000,8.000000,62.880000
1789149143.668204,0,0.000000,0.000000,1.000000,0.430000,0.000000,0.000000,0.000000,0.000000,8.000000,62.880000
1789149143.668734,0,0.000000,0.000000,1.000000,-0.280000,0.000000,0.000000,0.000000,0.000000,8.000000,62.900000
1789149143.669115,0,0.000000,0.000000,1.000000,-0.370000,0.000000,0.000000,0.000000,0.000000,8.000000,62.900000
1789149143.669580,0,0.000000,0.000000,1.000000,-0.280000,0.000000,0.000000,0.000000,0.000000,8.000000,62.910000
1789149143.697275,0,0.000000,0.000000,1.000000,-0.200000,0.000000,0.000000,0.000000,0.000000,8.000000,62.930000
1789149143.697875,0,0.000000,0.000000,1.000000,-0.230000,0.000000,0.000000,0.000000,0.000000,8.000000,62.930000
1789149143.727563,0,0.000000,0.000000,1.000000,-0.460000,0.000000,0.000000,0.000000,0.000000,8.000000,62.950000
1789149143.728234,0,0.000000,0.000000,1.000000,-0.070000,0.000000,0.000000,0.000000,0.000000,8.000000,62.950000
1789149143.756431,0,0.000000,0.000000,1.000000,-0.150000,0.000000,0.000000,0.000000,0.000000,8.000000,62.970000
1789149143.757112,0,0.000000,0.000000,1.000000,-0.010000,0.000000,0.000000,0.000000,0.000000,8.000000,62.970000
1789149143.757766,0,0.000000,0.000000,1.000000,0.140000,0.000000,0.000000,0.000000,0.000000,8.000000,62.990000
1789149143.784951,0,0.000000,0.000000,1.000000,-0.200000,0.000000,0.000000,0.000000,0.000000,8.000000,63.000000
1789149143.785582,0,0.000000,0.000000,1.000000,-0.150000,0.000000,0.000000,0.000000,0.000000,8.000000,63.000000
1789149143.786023,0,0.000000,0.000000,1.000000,0.100000,0.000000,0.000000,0.000000,0.000000,8.000000,63.020000
1789149143.814004,0,0.000000,0.000000,1.000000,-0.460000,0.000000,0.000000,0.000000,0.000000,8.000000,63.040000
1789149143.814557,0,0.000000,0.000000,1.000000,-0.150000,0.000000,0.000000,0.000000,0.000000,8.000000,63.040000
1789149143.814973,0,0.000000,0.000000,1.000000,-0.280000,0.000000,0.000000,0.000000,0.000000,8.000000,63.060000
1789149143.842211,0,0.000000,0.000000,1.000000,-0.280000,0.000000,0.000000,0.000000,0.000000,8.000000,63.060000
1789149143.842696,0,0.000000,0.000000,1.000000,-0.200000,0.000000,0.000000,0.000000,0.000000,8.000000,63.080000
1789149143.843087,0,0.000000,0.000000,1.000000,-0.010000,0.000000,0.000000,0.000000,0.000000,8.000000,63.090000
