epoch,mark,Desired Torque (L),Measured Torque (L),Desired Torque (R),Measured Torque (R),Toe FSR (L),Stance Phase (L),Toe FSR (R),Stance Phase (R),Channel 8,Exoskeleton time (seconds)
1789078788.121071,0,0.000000,0.000000,0.000000,0.000000,0.000000,0.000000,1.000000,0.000000,8.000000,58.220000
1789078788.146323,0,0.000000,0.000000,0.000000,0.000000,0.000000,0.000000,1.000000,0.000000,8.000000,58.240000
1789078788.168585,0,0.000000,0.000000,0.000000,0.050000,0.000000,0.000000,1.500000,0.000000,8.000000,58.250000
1789078788.169186,0,0.000000,0.000000,0.000000,0.000000,0.000000,0.000000,1.250000,0.000000,8.000000,58.250000
1789078788.187959,0,0.000000,0.000000,0.000000,-0.150000,0.000000,0.000000,1.000000,0.000000,8.000000,58.270000
1789078788.189006,0,0.000000,0.000000,0.000000,0.180000,0.000000,0.000000,0.490000,0.000000,8.000000,58.270000
1789078788.212408,0,0.000000,0.000000,0.000000,0.050000,0.000000,0.000000,1.500000,0.000000,8.000000,58.290000
1789078788.212901,0,0.000000,0.000000,0.000000,-0.070000,0.000000,0.000000,0.740000,0.000000,8.000000,58.290000
1789078788.233662,0,0.000000,0.000000,0.000000,0.000000,0.000000,0.000000,1.000000,0.000000,8.000000,58.310000
1789078788.234139,0,0.000000,0.000000,0.000000,0.100000,0.000000,0.000000,0.180000,0.000000,8.000000,58.310000
1789078788.258881,0,0.000000,0.000000,0.000000,0.000000,0.000000,0.000000,0.620000,0.000000,8.000000,58.330000
1789078788.259687,0,0.000000,0.000000,0.000000,0.180000,0.000000,0.000000,0.620000,0.000000,8.000000,58.340000
1789078788.260394,0,0.000000,0.000000,0.000000,-0.070000,0.000000,0.000000,0.430000,0.000000,8.000000,58.340000
1789078788.270956,0,0.000000,0.000000,0.000000,0.050000,0.000000,0.000000,0.700000,0.000000,8.000000,58.360000
1789078788.280922,0,0.000000,0.000000,0.000000,-0.010000,0.000000,0.000000,0.520000,0.000000,8.000000,58.360000
1789078788.290839,0,0.000000,0.000000,0.000000,-0.100000,0.000000,0.000000,0.620000,0.000000,8.000000,58.380000
1789078788.301088,0,0.000000,0.000000,0.000000,0.050000,0.000000,0.000000,0.430000,0.000000,8.000000,58.380000
1789078788.311728,0,0.000000,0.000000,0.000000,-0.010000,0.000000,0.000000,0.520000,0.000000,8.000000,58.400000
1789078788.322065,0,0.000000,0.000000,0.000000,0.050000,0.000000,0.000000,0.700000,0.000000,8.000000,58.400000
1789078788.333178,0,0.000000,0.000000,0.000000,0.100000,0.000000,0.000000,0.520000,0.000000,8.000000,58.410000
1789078788.344485,0,0.000000,0.000000,0.000000,0.000000,0.000000,0.000000,0.620000,0.000000,8.000000,58.430000
1789078788.356541,0,0.000000,0.000000,0.000000,0.100000,0.000000,0.000000,0.430000,0.000000,8.000000,58.430000
1789078788.367239,0,0.000000,0.000000,0.000000,0.000000,0.000000,0.000000,0.340000,0.000000,8.000000,58.450000
1789078788.378274,0,0.000000,0.000000,0.000000,0.140000,0.000000,0.000000,0.430000,0.000000,8.000000,58.450000
1789078788.378730,0,0.000000,0.000000,0.000000,0.050000,0.000000,0.000000,0.810000,0.000000,8.000000,58.470000
1789078788.397481,0,0.000000,0.000000,0.000000,0.050000,0.000000,0.000000,0.340000,0.000000,8.000000,58.470000
1789078788.398102,0,0.000000,0.000000,0.000000,-0.070000,0.000000,0.000000,0.620000,0.000000,8.000000,58.470000
1789078788.398558,0,0.000000,0.000000,0.000000,0.000000,0.000000,0.000000,0.520000,0.000000,8.000000,58.490000
1789078788.416236,0,0.000000,0.000000,0.000000,0.000000,0.000000,0.000000,0.700000,0.000000,8.000000,58.500000
1789078788.434091,0,0.000000,0.000000,0.000000,0.050000,0.000000,0.000000,0.520000,0.000000,8.000000,58.500000
1789078788.434744,0,0.000000,0.000000,0.000000,-0.070000,0.000000,0.000000,0.520000,0.000000,8.000000,58.520000
1789078788.455436,0,0.000000,0.000000,0.000000,-0.010000,0.000000,0.000000,0.700000,0.000000,8.000000,58.520000
1789078788.456142,0,0.000000,0.000000,0.000000,0.050000,0.000000,0.000000,0.620000,0.000000,8.000000,58.540000
1789078788.478063,0,0.000000,0.000000,0.000000,-0.070000,0.000000,0.000000,0.620000,0.000000,8.000000,58.540000
1789078788.478843,0,0.000000,0.000000,0.000000,0.100000,0.000000,0.000000,0.430000,0.000000,8.000000,58.560000
1789078788.490678,0,0.000000,0.000000,0.000000,0.000000,0.000000,0.000000,0.520000,0.000000,8.000000,58.580000
1789078788.501936,0,0.000000,0.000000,0.000000,-0.010000,0.000000,0.000000,0.700000,0.000000,8.000000,58.590000
1789078788.514465,0,0.000000,0.000000,0.000000,0.000000,0.000000,0.000000,0.430000,0.000000,8.000000,58.590000
1789078788.529440,0,0.000000,0.000000,0.000000,-0.100000,0.000000,0.000000,0.430000,0.000000,8.000000,58.610000
1789078788.542059,0,0.000000,0.000000,0.000000,0.050000,0.000000,0.000000,0.700000,0.000000,8.000000,58.610000
1789078788.542527,0,0.000000,0.000000,0.000000,-0.070000,0.000000,0.000000,0.520000,0.000000,8.000000,58.630000
1789078788.554629,0,0.000000,0.000000,0.000000,0.000000,0.000000,0.000000,0.700000,0.000000,8.000000,58.630000
1789078788.569015,0,0.000000,0.000000,0.000000,-0.070000,0.000000,0.000000,0.620000,0.000000,8.000000,58.650000
1789078788.582469,0,0.000000,0.000000,0.000000,0.050000,0.000000,0.000000,0.620000,0.000000,8.000000,58.650000
1789078788.582941,0,0.000000,0.000000,0.000000,0.180000,0.000000,0.000000,0.810000,0.000000,8.000000,58.660000
1789078788.596503,0,0.000000,0.000000,0.000000,0.000000,0.000000,0.000000,0.520000,0.000000,8.000000,58.680000
1789078788.609601,0,0.000000,0.000000,0.000000,0.100000,0.000000,0.000000,0.620000,0.000000,8.000000,58.680000
1789078788.621633,0,0.000000,0.000000,0.000000,0.000000,0.000000,0.000000,0.620000,0.000000,8.000000,58.700000
1789078788.634196,0,0.000000,0.000000,0.000000,-0.010000,0.000000,0.000000,0.700000,0.000000,8.000000,58.700000
1789078788.634871,0,0.000000,0.000000,0.000000,-0.010000,0.000000,0.000000,0.520000,0.000000,8.000000,58.720000
1789078788.654490,0,0.000000,0.000000,0.000000,0.050000,0.000000,0.000000,0.520000,0.000000,8.000000,58.720000
1789078788.655006,0,0.000000,0.000000,0.000000,0.000000,0.000000,0.000000,0.620000,0.000000,8.000000,58.740000
1789078788.655424,0,0.000000,0.000000,0.000000,0.180000,0.000000,0.000000,0.700000,0.000000,8.000000,58.750000
1789078788.672590,0,0.000000,0.000000,0.000000,-0.010000,0.000000,0.000000,0.520000,0.000000,8.000000,58.750000
1789078788.690008,0,0.000000,0.000000,0.000000,0.430000,0.000000,0.000000,0.430000,0.000000,8.000000,58.770000
1789078788.690475,0,0.000000,0.000000,0.000000,0.000000,0.000000,0.000000,0.700000,0.000000,8.000000,58.770000
1789078788.690990,0,0.000000,0.000000,0.000000,-0.070000,0.000000,0.000000,0.810000,0.000000,8.000000,58.790000
1789078788.709227,0,0.000000,0.000000,0.000000,0.000000,0.000000,0.000000,0.340000,0.000000,8.000000,58.790000
1789078788.727322,0,0.000000,0.000000,0.000000,0.100000,0.000000,0.000000,0.700000,0.000000,8.000000,58.810000
1789078788.727789,0,0.000000,0.000000,0.000000,-0.100000,0.000000,0.000000,0.430000,0.000000,8.000000,58.810000
1789078788.745949,0,0.000000,0.000000,0.000000,-0.010000,0.000000,0.000000,0.620000,0.000000,8.000000,58.830000
1789078788.746558,0,0.000000,0.000000,0.000000,0.000000,0.000000,0.000000,0.700000,0.000000,8.000000,58.840000
1789078788.764129,0,0.000000,0.000000,0.000000,0.050000,0.000000,0.000000,0.620000,0.000000,8.000000,58.840000
1789078788.764726,0,0.000000,0.000000,0.000000,0.050000,0.000000,0.000000,0.890000,0.000000,8.000000,58.860000
1789078788.782511,0,0.000000,0.000000,0.000000,0.000000,0.000000,0.000000,0.890000,0.000000,8.000000,58.860000
1789078788.783110,0,0.000000,0.000000,0.000000,-0.010000,0.000000,0.000000,0.430000,0.000000,8.000000,58.880000
1789078788.800163,0,0.000000,0.000000,0.000000,-0.070000,0.000000,0.000000,0.620000,0.000000,8.000000,58.880000
1789078788.810340,0,0.000000,0.000000,0.000000,-0.150000,0.000000,0.000000,0.430000,0.000000,8.000000,58.900000
1789078788.820772,0,0.000000,0.000000,0.000000,0.050000,0.000000,0.000000,0.700000,0.000000,8.000000,58.900000
1789078788.838870,0,0.000000,0.000000,0.000000,0.140000,0.000000,0.000000,0.520000,0.000000,8.000000,58.910000
1789078788.839440,0,0.000000,0.000000,0.000000,0.000000,0.000000,0.000000,0.430000,0.000000,8.000000,58.930000
1789078788.848906,0,0.000000,0.000000,0.000000,-0.010000,0.000000,0.000000,0.340000,0.000000,8.000000,58.930000
1789078788.867345,0,0.000000,0.000000,0.000000,-0.010000,0.000000,0.000000,0.700000,0.000000,8.000000,58.950000
1789078788.868025,0,0.000000,0.000000,0.000000,0.000000,0.000000,0.000000,0.700000,0.000000,8.000000,58.950000
1789078788.885934,0,0.000000,0.000000,0.000000,0.100000,0.000000,0.000000,0.430000,0.000000,8.000000,58.970000
1789078788.887277,0,0.000000,0.000000,0.000000,-0.010000,0.000000,0.000000,0.430000,0.000000,8.000000,58.970000
1789078788.905143,0,0.000000,0.000000,0.000000,0.000000,0.000000,0.000000,0.700000,0.000000,8.000000,58.990000
1789078788.923292,0,0.000000,0.000000,0.000000,-0.100000,0.000000,0.000000,0.890000,0.000000,8.000000,59.000000
1789078788.923921,0,0.000000,0.000000,0.000000,-0.100000,0.000000,0.000000,0.890000,0.000000,8.000000,59.000000
1789078788.942469,0,0.000000,0.000000,0.000000,0.100000,0.000000,0.000000,0.810000,0.000000,8.000000,59.020000
1789078788.960155,0,0.000000,0.000000,0.000000,0.000000,0.000000,0.000000,0.700000,0.000000,8.000000,59.040000
1789078788.960611,0,0.000000,0.000000,0.000000,0.050000,0.000000,0.000000,0.700000,0.000000,8.000000,59.040000
1789078788.979468,0,0.000000,0.000000,0.000000,0.050000,0.000000,0.000000,0.520000,0.000000,8.000000,59.060000
1789078788.990797,0,0.000000,0.000000,0.000000,0.000000,0.000000,0.000000,1.190000,0.000000,8.000000,59.060000
1789078789.001841,0,0.000000,0.000000,0.000000,0.000000,0.000000,0.000000,0.430000,0.000000,8.000000,59.080000
1789078789.002340,0,0.000000,0.000000,0.000000,-0.100000,0.000000,0.000000,0.430000,0.000000,8.000000,59.090000
1789078789.014549,0,0.000000,0.000000,0.000000,-0.070000,0.000000,0.000000,0.620000,0.000000,8.000000,59.090000
1789078789.026675,0,0.000000,0.000000,0.000000,0.050000,0.000000,0.000000,0.600000,0.000000,8.000000,59.110000
1789078789.037907,0,0.000000,0.000000,0.000000,0.100000,0.000000,0.000000,0.930000,0.000000,8.000000,59.110000
1789078789.049065,0,0.000000,0.000000,0.000000,0.000000,0.000000,0.000000,0.670000,0.000000,8.000000,59.130000
1789078789.061532,0,0.000000,0.000000,0.000000,-0.010000,0.000000,0.000000,0.800000,0.000000,8.000000,59.130000
1789078789.062323,0,0.000000,0.000000,0.000000,0.050000,0.000000,0.000000,0.540000,0.000000,8.000000,59.150000
1789078789.073970,0,0.000000,0.000000,0.000000,-0.070000,0.000000,0.000000,0.600000,0.000000,8.000000,59.150000
1789078789.085238,0,0.000000,0.000000,0.000000,0.100000,0.000000,0.000000,0.670000,0.000000,8.000000,59.150000
1789078789.097136,0,0.000000,0.000000,0.000000,0.000000,0.000000,0.000000,0.600000,0.000000,8.000000,59.160000
1789078789.108059,0,0.000000,0.000000,0.000000,-0.010000,0.000000,0.000000,0.600000,0.000000,8.000000,59.180000
1789078789.118109,0,0.000000,0.000000,0.000000,-0.070000,0.000000,0.000000,0.800000,0.000000,8.000000,59.180000
1789078789.131469,0,0.000000,0.000000,0.000000,-0.200000,0.000000,0.000000,0.800000,0.000000,8.000000,59.200000
1789078789.144793,0,0.000000,0.000000,0.000000,0.140000,0.000000,0.000000,0.540000,0.000000,8.000000,59.200000
1789078789.145530,0,0.000000,0.000000,0.000000,0.000000,0.000000,0.000000,0.860000,0.000000,8.000000,59.220000
1789078789.156661,0,0.000000,0.000000,0.000000,0.000000,0.000000,0.000000,0.800000,0.000000,8.000000,59.240000
1789078789.167268,0,0.000000,0.000000,0.000000,0.000000,0.000000,0.000000,0.930000,0.000000,8.000000,59.250000
1789078789.187224,0,0.000000,0.000000,0.000000,-0.010000,0.000000,0.000000,0.730000,0.000000,8.000000,59.250000
1789078789.188186,0,0.000000,0.000000,0.000000,0.100000,0.000000,0.000000,0.670000,0.000000,8.000000,59.270000
1789078789.189348,0,0.000000,0.000000,0.000000,-0.010000,0.000000,0.000000,0.670000,0.000000,8.000000,59.270000
1789078789.208006,0,0.000000,0.000000,0.000000,0.000000,0.000000,0.000000,0.670000,0.000000,8.000000,59.290000
1789078789.227965,0,0.000000,0.000000,0.000000,0.050000,0.000000,0.000000,0.730000,0.000000,8.000000,59.290000
1789078789.228745,0,0.000000,0.000000,0.000000,0.000000,0.000000,0.000000,0.670000,0.000000,8.000000,59.310000
1789078789.240263,0,0.000000,0.000000,0.000000,-0.100000,0.000000,0.000000,0.800000,0.000000,8.000000,59.310000
1789078789.251656,0,0.000000,0.000000,0.000000,0.050000,0.000000,0.000000,0.730000,0.000000,8.000000,59.330000
1789078789.263047,0,0.000000,0.000000,0.000000,-0.010000,0.000000,0.000000,0.670000,0.000000,8.000000,59.340000
1789078789.263510,0,0.000000,0.000000,0.000000,0.050000,0.000000,0.000000,0.930000,0.000000,8.000000,59.340000
1789078789.275218,0,0.000000,0.000000,0.000000,0.000000,0.000000,0.000000,0.670000,0.000000,8.000000,59.360000
1789078789.286378,0,0.000000,0.000000,0.000000,0.000000,0.000000,0.000000,0.730000,0.000000,8.000000,59.360000
1789078789.298016,0,0.000000,0.000000,0.000000,-0.700000,0.000000,0.000000,0.860000,0.000000,8.000000,59.380000
1789078789.309876,0,0.000000,0.000000,0.000000,-0.150000,0.000000,0.000000,0.600000,0.000000,8.000000,59.380000
1789078789.320742,0,0.000000,0.000000,0.000000,0.000000,0.000000,0.000000,0.600000,0.000000,8.000000,59.400000
1789078789.321287,0,0.000000,0.000000,0.000000,0.000000,0.000000,0.000000,0.730000,0.000000,8.000000,59.400000
1789078789.331338,0,0.000000,0.000000,0.000000,0.000000,0.000000,0.000000,0.670000,0.000000,8.000000,59.410000
1789078789.349966,0,0.000000,0.000000,0.000000,-0.150000,0.000000,0.000000,0.600000,0.000000,8.000000,59.430000
1789078789.350835,0,0.000000,0.000000,0.000000,0.100000,0.000000,0.000000,0.600000,0.000000,8.000000,59.430000
1789078789.351479,0,0.000000,0.000000,0.000000,-0.010000,0.000000,0.000000,0.730000,0.000000,8.000000,59.450000
1789078789.369215,0,0.000000,0.000000,0.000000,0.000000,0.000000,0.000000,0.600000,0.000000,8.000000,59.450000
1789078789.388098,0,0.000000,0.000000,0.000000,0.000000,0.000000,0.000000,0.540000,0.000000,8.000000,59.470000
1789078789.388601,0,0.000000,0.000000,0.000000,-0.010000,0.000000,0.000000,0.670000,0.000000,8.000000,59.470000
1789078789.389156,0,0.000000,0.000000,0.000000,0.000000,0.000000,0.000000,0.670000,0.000000,8.000000,59.490000
1789078789.407089,0,0.000000,0.000000,0.000000,0.000000,0.000000,0.000000,0.730000,0.000000,8.000000,59.500000
1789078789.425738,0,0.000000,0.000000,0.000000,-0.070000,0.000000,0.000000,0.580000,0.000000,8.000000,59.500000
1789078789.426209,0,0.000000,0.000000,0.000000,-0.070000,0.000000,0.000000,0.470000,0.000000,8.000000,59.520000
1789078789.426732,0,0.000000,0.000000,0.000000,-0.070000,0.000000,0.000000,0.690000,0.000000,8.000000,59.520000
1789078789.444758,0,0.000000,0.000000,0.000000,0.050000,0.000000,0.000000,0.690000,0.000000,8.000000,59.540000
1789078789.461406,0,0.000000,0.000000,0.000000,0.000000,0.000000,0.000000,0.690000,0.000000,8.000000,59.540000
1789078789.461869,0,0.000000,0.000000,0.000000,0.000000,0.000000,0.000000,0.630000,0.000000,8.000000,59.560000
1789078789.478565,0,0.000000,0.000000,0.000000,0.100000,0.000000,0.000000,0.630000,0.000000,8.000000,59.560000
1789078789.479217,0,0.000000,0.000000,0.000000,-0.280000,0.000000,0.000000,0.520000,0.000000,8.000000,59.580000
1789078789.495509,0,0.000000,0.000000,0.000000,-0.010000,0.000000,0.000000,0.580000,0.000000,8.000000,59.590000
1789078789.512933,0,0.000000,0.000000,0.000000,0.050000,0.000000,0.000000,0.630000,0.000000,8.000000,59.590000
1789078789.513904,0,0.000000,0.000000,0.000000,0.000000,0.000000,0.000000,0.520000,0.000000,8.000000,59.590000
1789078789.524806,0,0.000000,0.000000,0.000000,0.000000,0.000000,0.000000,0.520000,0.000000,8.000000,59.610000
1789078789.542121,0,0.000000,0.000000,0.000000,0.000000,0.000000,0.000000,0.810000,0.000000,8.000000,59.610000
1789078789.542852,0,0.000000,0.000000,0.000000,0.050000,0.000000,0.000000,0.690000,0.000000,8.000000,59.630000
1789078789.552775,0,0.000000,0.000000,0.000000,0.180000,0.000000,0.000000,0.470000,0.000000,8.000000,59.630000
1789078789.571369,0,0.000000,0.000000,0.000000,0.000000,0.000000,0.000000,0.470000,0.000000,8.000000,59.650000
1789078789.572073,0,0.000000,0.000000,0.000000,0.140000,0.000000,0.000000,0.470000,0.000000,8.000000,59.650000
1789078789.589449,0,0.000000,0.000000,0.000000,0.100000,0.000000,0.000000,0.630000,0.000000,8.000000,59.660000
1789078789.589960,0,0.000000,0.000000,0.000000,-0.070000,0.000000,0.000000,0.520000,0.000000,8.000000,59.680000
1789078789.606816,0,0.000000,0.000000,0.000000,0.100000,0.000000,0.000000,0.750000,0.000000,8.000000,59.680000
1789078789.607439,0,0.000000,0.000000,0.000000,-0.010000,0.000000,0.000000,0.520000,0.000000,8.000000,59.700000
1789078789.623881,0,0.000000,0.000000,0.000000,0.000000,0.000000,0.000000,0.520000,0.000000,8.000000,59.700000
1789078789.624497,0,0.000000,0.000000,0.000000,0.100000,0.000000,0.000000,0.630000,0.000000,8.000000,59.720000
1789078789.641341,0,0.000000,0.000000,0.000000,0.000000,0.000000,0.000000,0.520000,0.000000,8.000000,59.720000
1789078789.641969,0,0.000000,0.000000,0.000000,0.050000,0.000000,0.000000,0.580000,0.000000,8.000000,59.740000
1789078789.658113,0,0.000000,0.000000,0.000000,-0.150000,0.000000,0.000000,0.690000,0.000000,8.000000,59.750000
1789078789.668813,0,0.000000,0.000000,0.000000,0.050000,0.000000,0.000000,0.520000,0.000000,8.000000,59.750000
1789078789.678654,0,0.000000,0.000000,0.000000,0.000000,0.000000,0.000000,0.690000,0.000000,8.000000,59.770000
1789078789.688525,0,0.000000,0.000000,0.000000,0.050000,0.000000,0.000000,0.630000,0.000000,8.000000,59.770000
1789078789.705500,0,0.000000,0.000000,0.000000,0.100000,0.000000,0.000000,0.580000,0.000000,8.000000,59.790000
1789078789.716081,0,0.000000,0.000000,0.000000,-0.010000,0.000000,0.000000,0.470000,0.000000,8.000000,59.790000
1789078789.727051,0,0.000000,0.000000,0.000000,-0.150000,0.000000,0.000000,0.520000,0.000000,8.000000,59.810000
1789078789.737504,0,0.000000,0.000000,0.000000,-0.070000,0.000000,0.000000,0.470000,0.000000,8.000000,59.810000
1789078789.747476,0,0.000000,0.000000,0.000000,0.000000,0.000000,0.000000,0.520000,0.000000,8.000000,59.830000
1789078789.748056,0,0.000000,0.000000,0.000000,-0.070000,0.000000,0.000000,0.690000,0.000000,8.000000,59.840000
1789078789.758965,0,0.000000,0.000000,0.000000,-0.010000,0.000000,0.000000,0.370000,0.000000,8.000000,59.840000
1789078789.776358,0,0.000000,0.000000,0.000000,-0.010000,0.000000,0.000000,0.520000,0.000000,8.000000,59.860000
1789078789.776896,0,0.000000,0.000000,0.000000,0.100000,0.000000,0.000000,0.470000,0.000000,8.000000,59.860000
1789078789.777335,0,0.000000,0.000000,0.000000,-0.010000,0.000000,0.000000,0.630000,0.000000,8.000000,59.880000
1789078789.793816,0,0.000000,0.000000,0.000000,-0.100000,0.000000,0.000000,0.750000,0.000000,8.000000,59.880000
1789078789.811174,0,0.000000,0.000000,0.000000,-0.010000,0.000000,0.000000,0.520000,0.000000,8.000000,59.900000
1789078789.811800,0,0.000000,0.000000,0.000000,-0.010000,0.000000,0.000000,0.630000,0.000000,8.000000,59.900000
1789078789.828807,0,0.000000,0.000000,0.000000,0.050000,0.000000,0.000000,0.520000,0.000000,8.000000,59.910000
1789078789.839729,0,0.000000,0.000000,0.000000,0.000000,0.000000,0.000000,0.580000,0.000000,8.000000,59.930000
1789078789.850158,0,0.000000,0.000000,0.000000,0.050000,0.000000,0.000000,0.750000,0.000000,8.000000,59.930000
1789078789.861213,0,0.000000,0.000000,0.000000,0.050000,0.000000,0.000000,0.580000,0.000000,8.000000,59.950000
1789078789.872608,0,0.000000,0.000000,0.000000,0.000000,0.000000,0.000000,0.520000,0.000000,8.000000,59.950000
1789078789.883655,0,0.000000,0.000000,0.000000,0.050000,0.000000,0.000000,0.690000,0.000000,8.000000,59.970000
1789078789.884230,0,0.000000,0.000000,0.000000,0.000000,0.000000,0.000000,0.520000,0.000000,8.000000,59.970000
1789078789.894314,0,0.000000,0.000000,0.000000,0.000000,0.000000,0.000000,0.580000,0.000000,8.000000,59.970000
1789078789.911805,0,0.000000,0.000000,0.000000,0.050000,0.000000,0.000000,0.630000,0.000000,8.000000,59.990000
1789078789.912487,0,0.000000,0.000000,0.000000,0.000000,0.000000,0.000000,0.580000,0.000000,8.000000,60.000000
1789078789.922467,0,0.000000,0.000000,0.000000,0.000000,0.000000,0.000000,0.580000,0.000000,8.000000,60.000000
1789078789.940940,0,0.000000,0.000000,0.000000,0.050000,0.000000,0.000000,0.750000,0.000000,8.000000,60.020000
1789078789.941962,0,0.000000,0.000000,0.000000,0.100000,0.000000,0.000000,0.520000,0.000000,8.000000,60.020000
1789078789.942520,0,0.000000,0.000000,0.000000,0.050000,0.000000,0.000000,0.520000,0.000000,8.000000,60.040000
1789078789.959473,0,0.000000,0.000000,0.000000,0.180000,0.000000,0.000000,0.520000,0.000000,8.000000,60.040000
1789078789.976234,0,0.000000,0.000000,0.000000,-0.200000,0.000000,0.000000,0.690000,0.000000,8.000000,60.060000
1789078789.993296,0,0.000000,0.000000,0.000000,-0.070000,0.000000,0.000000,0.630000,0.000000,8.000000,60.060000
1789078790.003500,0,0.000000,0.000000,0.000000,0.000000,0.000000,0.000000,0.580000,0.000000,8.000000,60.080000
1789078790.015085,0,0.000000,0.000000,0.000000,0.000000,0.000000,0.000000,0.580000,0.000000,8.000000,60.090000
1789078790.025973,0,0.000000,0.000000,0.000000,0.360000,0.000000,0.000000,0.520000,0.000000,8.000000,60.090000
1789078790.026560,0,0.000000,0.000000,0.000000,-0.100000,0.000000,0.000000,0.690000,0.000000,8.000000,60.110000
1789078790.043538,0,0.000000,0.000000,0.000000,0.050000,0.000000,0.000000,0.750000,0.000000,8.000000,60.110000
1789078790.044189,0,0.000000,0.000000,0.000000,-0.010000,0.000000,0.000000,0.580000,0.000000,8.000000,60.130000
1789078790.062144,0,0.000000,0.000000,0.000000,-0.670000,0.000000,0.000000,0.580000,0.000000,8.000000,60.130000
1789078790.062620,0,0.000000,0.000000,0.000000,0.430000,0.000000,0.000000,0.520000,0.000000,8.000000,60.150000
1789078790.079356,0,0.000000,0.000000,0.000000,-0.670000,0.000000,0.000000,0.520000,0.000000,8.000000,60.150000
1789078790.079977,0,0.000000,0.000000,0.000000,0.050000,0.000000,0.000000,0.750000,0.000000,8.000000,60.160000
1789078790.096664,0,0.000000,0.000000,0.000000,0.050000,0.000000,0.000000,0.520000,0.000000,8.000000,60.180000
1789078790.097262,0,0.000000,0.000000,0.000000,0.000000,0.000000,0.000000,0.630000,0.000000,8.000000,60.180000
1789078790.113626,0,0.000000,0.000000,0.000000,0.180000,0.000000,0.000000,0.750000,0.000000,8.000000,60.200000
1789078790.124618,0,0.000000,0.000000,0.000000,0.000000,0.000000,0.000000,0.630000,0.000000,8.000000,60.200000
1789078790.134099,0,0.000000,0.000000,0.000000,0.100000,0.000000,0.000000,0.520000,0.000000,8.000000,60.220000
1789078790.151577,0,0.000000,0.000000,0.000000,0.100000,0.000000,0.000000,0.750000,0.000000,8.000000,60.220000
1789078790.152151,0,0.000000,0.000000,0.000000,-0.070000,0.000000,0.000000,0.580000,0.000000,8.000000,60.240000
1789078790.169095,0,0.000000,0.000000,0.000000,-0.010000,0.000000,0.000000,0.630000,0.000000,8.000000,60.250000
1789078790.170353,0,0.000000,0.000000,0.000000,-0.010000,0.000000,0.000000,0.630000,0.000000,8.000000,60.250000
1789078790.188553,0,0.000000,0.000000,0.000000,-0.010000,0.000000,0.000000,0.690000,0.000000,8.000000,60.270000
1789078790.210038,0,0.000000,0.000000,0.000000,-0.100000,0.000000,0.000000,0.580000,0.000000,8.000000,60.270000
1789078790.210716,0,0.000000,0.000000,0.000000,-0.150000,0.000000,0.000000,0.520000,0.000000,8.000000,60.290000
1789078790.229703,0,0.000000,0.000000,0.000000,0.000000,0.000000,0.000000,0.580000,0.000000,8.000000,60.310000
1789078790.230358,0,0.000000,0.000000,0.000000,-0.070000,0.000000,0.000000,0.520000,0.000000,8.000000,60.310000
1789078790.250020,0,0.000000,0.000000,0.000000,0.000000,0.000000,0.000000,0.580000,0.000000,8.000000,60.330000
1789078790.250624,0,0.000000,0.000000,0.000000,0.050000,0.000000,0.000000,0.630000,0.000000,8.000000,60.340000
1789078790.272418,0,0.000000,0.000000,0.000000,0.050000,0.000000,0.000000,0.580000,0.000000,8.000000,60.340000
1789078790.273558,0,0.000000,0.000000,0.000000,-0.500000,0.000000,0.000000,0.690000,0.000000,8.000000,60.360000
1789078790.295226,0,0.000000,0.000000,0.000000,-0.100000,0.000000,0.000000,0.520000,0.000000,8.000000,60.360000
1789078790.295969,0,0.000000,0.000000,0.000000,0.000000,0.000000,0.000000,0.630000,0.000000,8.000000,60.380000
1789078790.308193,0,0.000000,0.000000,0.000000,-0.010000,0.000000,0.000000,0.630000,0.000000,8.000000,60.380000
1789078790.320725,0,0.000000,0.000000,0.000000,0.100000,0.000000,0.000000,0.630000,0.000000,8.000000,60.400000
1789078790.332963,0,0.000000,0.000000,0.000000,-0.150000,0.000000,0.000000,0.580000,0.000000,8.000000,60.400000
1789078790.345651,0,0.000000,0.000000,0.000000,-0.010000,0.000000,0.000000,0.690000,0.000000,8.000000,60.410000
1789078790.346154,0,0.000000,0.000000,0.000000,0.100000,0.000000,0.000000,0.520000,0.000000,8.000000,60.430000
1789078790.359289,0,0.000000,0.000000,0.000000,0.000000,0.000000,0.000000,0.520000,0.000000,8.000000,60.430000
1789078790.373101,0,0.000000,0.000000,0.000000,0.180000,0.000000,0.000000,0.580000,0.000000,8.000000,60.450000
1789078790.385474,0,0.000000,0.000000,0.000000,0.100000,0.000000,0.000000,0.630000,0.000000,8.000000,60.450000
1789078790.386116,0,0.000000,0.000000,0.000000,-0.010000,0.000000,0.000000,0.630000,0.000000,8.000000,60.470000
1789078790.398597,0,0.000000,0.000000,0.000000,0.050000,0.000000,0.000000,0.580000,0.000000,8.000000,60.470000
1789078790.410599,0,0.000000,0.000000,0.000000,0.050000,0.000000,0.000000,0.690000,0.000000,8.000000,60.490000
1789078790.411194,0,0.000000,0.000000,0.000000,0.050000,0.000000,0.000000,0.520000,0.000000,8.000000,60.500000
1789078790.432363,0,0.000000,0.000000,0.000000,-0.010000,0.000000,0.000000,0.630000,0.000000,8.000000,60.500000
1789078790.432861,0,0.000000,0.000000,0.000000,0.100000,0.000000,0.000000,0.470000,0.000000,8.000000,60.520000
1789078790.433551,0,0.000000,0.000000,0.000000,0.050000,0.000000,0.000000,0.750000,0.000000,8.000000,60.520000
1789078790.456252,0,0.000000,0.000000,0.000000,-0.010000,0.000000,0.000000,0.520000,0.000000,8.000000,60.540000
1789078790.456982,0,0.000000,0.000000,0.000000,0.050000,0.000000,0.000000,0.630000,0.000000,8.000000,60.540000
1789078790.457407,0,0.000000,0.000000,0.000000,0.000000,0.000000,0.000000,0.750000,0.000000,8.000000,60.560000
1789078790.481298,0,0.000000,0.000000,0.000000,0.000000,0.000000,0.000000,0.630000,0.000000,8.000000,60.560000
1789078790.507220,0,0.000000,0.000000,0.000000,-0.010000,0.000000,0.000000,0.580000,0.000000,8.000000,60.580000
1789078790.508432,0,0.000000,0.000000,0.000000,-0.070000,0.000000,0.000000,0.630000,0.000000,8.000000,60.590000
1789078790.531621,0,0.000000,0.000000,0.000000,0.050000,0.000000,0.000000,0.750000,0.000000,8.000000,60.590000
1789078790.532187,0,0.000000,0.000000,0.000000,-0.570000,0.000000,0.000000,0.690000,0.000000,8.000000,60.610000
1789078790.557393,0,0.000000,0.000000,0.000000,0.140000,0.000000,0.000000,0.750000,0.000000,8.000000,60.610000
1789078790.557964,0,0.000000,0.000000,0.000000,0.100000,0.000000,0.000000,0.750000,0.000000,8.000000,60.630000
1789078790.558647,0,0.000000,0.000000,0.000000,-0.100000,0.000000,0.000000,0.630000,0.000000,8.000000,60.630000
1789078790.583539,0,0.000000,0.000000,0.000000,0.000000,0.000000,0.000000,0.630000,0.000000,8.000000,60.650000
1789078790.584512,0,0.000000,0.000000,0.000000,0.100000,0.000000,0.000000,0.750000,0.000000,8.000000,60.650000
1789078790.600778,0,0.000000,0.000000,0.000000,0.050000,0.000000,0.000000,0.690000,0.000000,8.000000,60.660000
1789078790.616124,0,0.000000,0.000000,0.000000,0.180000,0.000000,0.000000,0.690000,0.000000,8.000000,60.680000
1789078790.616781,0,0.000000,0.000000,0.000000,0.140000,0.000000,0.000000,0.690000,0.000000,8.000000,60.700000
1789078790.630705,0,0.000000,0.000000,0.000000,0.140000,0.000000,0.000000,0.690000,0.000000,8.000000,60.700000
1789078790.644727,0,0.000000,0.000000,0.000000,0.000000,0.000000,0.000000,0.580000,0.000000,8.000000,60.720000
1789078790.658879,0,0.000000,0.000000,0.000000,0.100000,0.000000,0.000000,0.690000,0.000000,8.000000,60.720000
1789078790.659415,0,0.000000,0.000000,0.000000,0.050000,0.000000,0.000000,0.630000,0.000000,8.000000,60.740000
1789078790.672903,0,0.000000,0.000000,0.000000,-0.010000,0.000000,0.000000,0.630000,0.000000,8.000000,60.750000
1789078790.687114,0,0.000000,0.000000,0.000000,-0.010000,0.000000,0.000000,0.690000,0.000000,8.000000,60.750000
1789078790.701121,0,0.000000,0.000000,0.000000,0.000000,0.000000,0.000000,0.690000,0.000000,8.000000,60.770000
1789078790.702109,0,0.000000,0.000000,0.000000,0.000000,0.000000,0.000000,0.810000,0.000000,8.000000,60.770000
1789078790.717195,0,0.000000,0.000000,0.000000,-0.100000,0.000000,0.000000,0.630000,0.000000,8.000000,60.790000
1789078790.731766,0,0.000000,0.000000,0.000000,0.000000,0.000000,0.000000,0.630000,0.000000,8.000000,60.790000
1789078790.732268,0,0.000000,0.000000,0.000000,0.000000,0.000000,0.000000,0.690000,0.000000,8.000000,60.810000
1789078790.745975,0,0.000000,0.000000,0.000000,0.000000,0.000000,0.000000,0.750000,0.000000,8.000000,60.810000
1789078790.759216,0,0.000000,0.000000,0.000000,-0.150000,0.000000,0.000000,0.630000,0.000000,8.000000,60.830000
1789078790.759732,0,0.000000,0.000000,0.000000,0.000000,0.000000,0.000000,0.580000,0.000000,8.000000,60.840000
1789078790.772492,0,0.000000,0.000000,0.000000,0.490000,0.000000,0.000000,0.580000,0.000000,8.000000,60.840000
1789078790.785013,0,0.000000,0.000000,0.000000,-0.010000,0.000000,0.000000,0.520000,0.000000,8.000000,60.860000
1789078790.785748,0,0.000000,0.000000,0.000000,0.000000,0.000000,0.000000,0.520000,0.000000,8.000000,60.860000
1789078790.799402,0,0.000000,0.000000,0.000000,0.100000,0.000000,0.000000,0.580000,0.000000,8.000000,60.880000
1789078790.812404,0,0.000000,0.000000,0.000000,-0.010000,0.000000,0.000000,0.750000,0.000000,8.000000,60.880000
1789078790.824749,0,0.000000,0.000000,0.000000,-0.070000,0.000000,0.000000,0.580000,0.000000,8.000000,60.900000
1789078790.825304,0,0.000000,0.000000,0.000000,0.000000,0.000000,0.000000,0.580000,0.000000,8.000000,60.900000
1789078790.836862,0,0.000000,0.000000,0.000000,0.050000,0.000000,0.000000,0.630000,0.000000,8.000000,60.910000
1789078790.848579,0,0.000000,0.000000,0.000000,-0.010000,0.000000,0.000000,0.580000,0.000000,8.000000,60.930000
1789078790.861582,0,0.000000,0.000000,0.000000,0.000000,0.000000,0.000000,0.580000,0.000000,8.000000,60.930000
1789078790.874316,0,0.000000,0.000000,0.000000,-0.010000,0.000000,0.000000,0.630000,0.000000,8.000000,60.950000
1789078790.874829,0,0.000000,0.000000,0.000000,0.050000,0.000000,0.000000,0.580000,0.000000,8.000000,60.950000
1789078790.887996,0,0.000000,0.000000,0.000000,-0.010000,0.000000,0.000000,0.370000,0.000000,8.000000,60.970000
1789078790.900400,0,0.000000,0.000000,0.000000,0.100000,0.000000,0.000000,0.520000,0.000000,8.000000,60.970000
1789078790.900983,0,0.000000,0.000000,0.000000,-0.100000,0.000000,0.000000,0.520000,0.000000,8.000000,60.990000
1789078790.915080,0,0.000000,0.000000,0.000000,0.000000,0.000000,0.000000,0.520000,0.000000,8.000000,61.000000
1789078790.927205,0,0.000000,0.000000,0.000000,0.100000,0.000000,0.000000,0.690000,0.000000,8.000000,61.000000
1789078790.927805,0,0.000000,0.000000,0.000000,0.230000,0.000000,0.000000,0.520000,0.000000,8.000000,61.020000
1789078790.948772,0,0.000000,0.000000,0.000000,0.050000,0.000000,0.000000,0.520000,0.000000,8.000000,61.020000
1789078790.949312,0,0.000000,0.000000,0.000000,-0.070000,0.000000,0.000000,0.630000,0.000000,8.000000,61.040000
1789078790.971177,0,0.000000,0.000000,0.000000,-0.070000,0.000000,0.000000,0.750000,0.000000,8.000000,61.040000
1789078790.971869,0,0.000000,0.000000,0.000000,0.050000,0.000000,0.000000,0.630000,0.000000,8.000000,61.060000
1789078790.972551,0,0.000000,0.000000,0.000000,0.050000,0.000000,0.000000,0.750000,0.000000,8.000000,61.060000
1789078790.992545,0,0.000000,0.000000,0.000000,-0.010000,0.000000,0.000000,0.750000,0.000000,8.000000,61.080000
1789078790.993296,0,0.000000,0.000000,0.000000,0.000000,0.000000,0.000000,0.630000,0.000000,8.000000,61.090000
1789078791.015376,0,0.000000,0.000000,0.000000,0.000000,0.000000,0.000000,0.580000,0.000000,8.000000,61.090000
1789078791.016833,0,0.000000,0.000000,0.000000,0.000000,0.000000,0.000000,0.690000,0.000000,8.000000,61.110000
1789078791.017869,0,0.000000,0.000000,0.000000,0.100000,0.000000,0.000000,0.750000,0.000000,8.000000,61.110000
1789078791.039883,0,0.000000,0.000000,0.000000,-0.010000,0.000000,0.000000,0.520000,0.000000,8.000000,61.110000
1789078791.040591,0,0.000000,0.000000,0.000000,-0.070000,0.000000,0.000000,0.630000,0.000000,8.000000,61.130000
1789078791.061244,0,0.000000,0.000000,0.000000,0.100000,0.000000,0.000000,0.690000,0.000000,8.000000,61.130000
1789078791.061934,0,0.000000,0.000000,0.000000,0.000000,0.000000,0.000000,0.520000,0.000000,8.000000,61.150000
1789078791.082932,0,0.000000,0.000000,0.000000,-0.010000,0.000000,0.000000,0.410000,0.000000,8.000000,61.150000
1789078791.083912,0,0.000000,0.000000,0.000000,0.000000,0.000000,0.000000,0.580000,0.000000,8.000000,61.160000
1789078791.105274,0,0.000000,0.000000,0.000000,-0.010000,0.000000,0.000000,0.580000,0.000000,8.000000,61.180000
1789078791.117083,0,0.000000,0.000000,0.000000,-0.070000,0.000000,0.000000,0.630000,0.000000,8.000000,61.200000
1789078791.131640,0,0.000000,0.000000,0.000000,-0.100000,0.000000,0.000000,0.690000,0.000000,8.000000,61.200000
1789078791.144667,0,0.000000,0.000000,0.000000,0.050000,0.000000,0.000000,0.630000,0.000000,8.000000,61.220000
1789078791.157230,0,0.000000,0.000000,0.000000,-0.010000,0.000000,0.000000,0.630000,0.000000,8.000000,61.220000
1789078791.157761,0,0.000000,0.000000,0.000000,-0.070000,0.000000,0.000000,0.520000,0.000000,8.000000,61.240000
1789078791.170825,0,0.000000,0.000000,0.000000,-0.070000,0.000000,0.000000,0.580000,0.000000,8.000000,61.250000
1789078791.184056,0,0.000000,0.000000,0.000000,0.000000,0.000000,0.000000,0.520000,0.000000,8.000000,61.250000
1789078791.185100,0,0.000000,0.000000,0.000000,-0.010000,0.000000,0.000000,0.580000,0.000000,8.000000,61.270000
1789078791.199008,0,0.000000,0.000000,0.000000,-0.010000,0.000000,0.000000,0.690000,0.000000,8.000000,61.270000
1789078791.212201,0,0.000000,0.000000,0.000000,-0.150000,0.000000,0.000000,0.690000,0.000000,8.000000,61.290000
1789078791.224245,0,0.000000,0.000000,0.000000,0.100000,0.000000,0.000000,0.520000,0.000000,8.000000,61.290000
1789078791.224812,0,0.000000,0.000000,0.000000,0.050000,0.000000,0.000000,0.520000,0.000000,8.000000,61.310000
1789078791.236988,0,0.000000,0.000000,0.000000,0.050000,0.000000,0.000000,0.520000,0.000000,8.000000,61.310000
1789078791.249590,0,0.000000,0.000000,0.000000,0.000000,0.000000,0.000000,0.580000,0.000000,8.000000,61.330000
1789078791.250244,0,0.000000,0.000000,0.000000,0.000000,0.000000,0.000000,0.630000,0.000000,8.000000,61.340000
1789078791.275526,0,0.000000,0.000000,0.000000,-0.070000,0.000000,0.000000,0.810000,0.000000,8.000000,61.340000
1789078791.276713,0,0.000000,0.000000,0.000000,0.100000,0.000000,0.000000,0.520000,0.000000,8.000000,61.360000
1789078791.289098,0,0.000000,0.000000,0.000000,0.050000,0.000000,0.000000,0.630000,0.000000,8.000000,61.360000
1789078791.289644,0,0.000000,0.000000,0.000000,0.050000,0.000000,0.000000,0.630000,0.000000,8.000000,61.380000
1789078791.314795,0,0.000000,0.000000,0.000000,-0.010000,0.000000,0.000000,0.520000,0.000000,8.000000,61.380000
1789078791.315732,0,0.000000,0.000000,0.000000,-0.010000,0.000000,0.000000,0.580000,0.000000,8.000000,61.400000
1789078791.317170,0,0.000000,0.000000,0.000000,0.100000,0.000000,0.000000,0.630000,0.000000,8.000000,61.400000
1789078791.317621,0,0.000000,0.000000,0.000000,-0.150000,0.000000,0.000000,0.630000,0.000000,8.000000,61.410000
1789078791.338390,0,0.000000,0.000000,0.000000,-0.010000,0.000000,0.000000,0.520000,0.000000,8.000000,61.410000
1789078791.360535,0,0.000000,0.000000,0.000000,0.000000,0.000000,0.000000,0.520000,0.000000,8.000000,61.430000
1789078791.361051,0,0.000000,0.000000,0.000000,-0.070000,0.000000,0.000000,0.630000,0.000000,8.000000,61.430000
1789078791.362007,0,0.000000,0.000000,0.000000,-0.070000,0.000000,0.000000,0.750000,0.000000,8.000000,61.450000
1789078791.383542,0,0.000000,0.000000,0.000000,-0.010000,0.000000,0.000000,0.580000,0.000000,8.000000,61.450000
1789078791.384965,0,0.000000,0.000000,0.000000,-0.070000,0.000000,0.000000,0.520000,0.000000,8.000000,61.470000
1789078791.406461,0,0.000000,0.000000,0.000000,-0.070000,0.000000,0.000000,0.580000,0.000000,8.000000,61.470000
1789078791.406992,0,0.000000,0.000000,0.000000,-0.150000,0.000000,0.000000,0.630000,0.000000,8.000000,61.490000
1789078791.427506,0,0.000000,0.000000,0.000000,-0.070000,0.000000,0.000000,0.580000,0.000000,8.000000,61.500000
1789078791.428203,0,0.000000,0.000000,0.000000,0.490000,0.000000,0.000000,0.750000,0.000000,8.000000,61.500000
1789078791.429013,0,0.000000,0.000000,0.000000,0.050000,0.000000,0.000000,0.520000,0.000000,8.000000,61.520000
1789078791.450260,0,0.000000,0.000000,0.000000,0.310000,0.000000,0.000000,0.470000,0.000000,8.000000,61.520000
1789078791.451157,0,0.000000,0.000000,0.000000,0.100000,0.000000,0.000000,0.520000,0.000000,8.000000,61.540000
1789078791.471895,0,0.000000,0.000000,0.000000,0.140000,0.000000,0.000000,0.520000,0.000000,8.000000,61.540000
1789078791.472474,0,0.000000,0.000000,0.000000,0.000000,0.000000,0.000000,0.630000,0.000000,8.000000,61.560000
1789078791.498666,0,0.000000,0.000000,0.000000,0.000000,0.000000,0.000000,0.580000,0.000000,8.000000,61.560000
1789078791.499339,0,0.000000,0.000000,0.000000,-0.070000,0.000000,0.000000,0.630000,0.000000,8.000000,61.580000
1789078791.500161,0,0.000000,0.000000,0.000000,0.050000,0.000000,0.000000,0.810000,0.000000,8.000000,61.590000
1789078791.523353,0,0.000000,0.000000,0.000000,0.000000,0.000000,0.000000,0.630000,0.000000,8.000000,61.590000
1789078791.524768,0,0.000000,0.000000,0.000000,0.520000,0.000000,0.000000,0.690000,0.000000,8.000000,61.610000
1789078791.538323,0,0.000000,0.000000,0.000000,0.000000,0.000000,0.000000,0.580000,0.000000,8.000000,61.610000
1789078791.538834,0,0.000000,0.000000,0.000000,0.100000,0.000000,0.000000,0.630000,0.000000,8.000000,61.630000
1789078791.559610,0,0.000000,0.000000,0.000000,0.180000,0.000000,0.000000,0.520000,0.000000,8.000000,61.630000
1789078791.560539,0,0.000000,0.000000,0.000000,-0.010000,0.000000,0.000000,0.810000,0.000000,8.000000,61.650000
1789078791.580614,0,0.000000,0.000000,0.000000,0.000000,0.000000,0.000000,0.580000,0.000000,8.000000,61.650000
1789078791.592698,0,0.000000,0.000000,0.000000,0.000000,0.000000,0.000000,0.630000,0.000000,8.000000,61.660000
1789078791.604380,0,0.000000,0.000000,0.000000,0.180000,0.000000,0.000000,0.520000,0.000000,8.000000,61.680000
1789078791.604959,0,0.000000,0.000000,0.000000,0.100000,0.000000,0.000000,0.690000,0.000000,8.000000,61.680000
1789078791.625754,0,0.000000,0.000000,0.000000,0.000000,0.000000,0.000000,0.630000,0.000000,8.000000,61.700000
1789078791.626337,0,0.000000,0.000000,0.000000,0.050000,0.000000,0.000000,0.690000,0.000000,8.000000,61.700000
1789078791.627054,0,0.000000,0.000000,0.000000,0.000000,0.000000,0.000000,0.520000,0.000000,8.000000,61.720000
1789078791.649585,0,0.000000,0.000000,0.000000,-0.070000,0.000000,0.000000,0.520000,0.000000,8.000000,61.720000
1789078791.650796,0,0.000000,0.000000,0.000000,0.100000,0.000000,0.000000,0.470000,0.000000,8.000000,61.740000
1789078791.662570,0,0.000000,0.000000,0.000000,0.140000,0.000000,0.000000,0.580000,0.000000,8.000000,61.750000
1789078791.674951,0,0.000000,0.000000,0.000000,0.000000,0.000000,0.000000,0.630000,0.000000,8.000000,61.750000
1789078791.688098,0,0.000000,0.000000,0.000000,-0.070000,0.000000,0.000000,0.580000,0.000000,8.000000,61.770000
1789078791.701151,0,0.000000,0.000000,0.000000,-0.010000,0.000000,0.000000,0.690000,0.000000,8.000000,61.770000
1789078791.714635,0,0.000000,0.000000,0.000000,-0.010000,0.000000,0.000000,0.580000,0.000000,8.000000,61.790000
1789078791.727442,0,0.000000,0.000000,0.000000,-0.200000,0.000000,0.000000,0.630000,0.000000,8.000000,61.790000
1789078791.727926,0,0.000000,0.000000,0.000000,-0.010000,0.000000,0.000000,0.630000,0.000000,8.000000,61.810000
1789078791.740605,0,0.000000,0.000000,0.000000,-0.150000,0.000000,0.000000,0.630000,0.000000,8.000000,61.810000
1789078791.752410,0,0.000000,0.000000,0.000000,-0.010000,0.000000,0.000000,0.580000,0.000000,8.000000,61.830000
1789078791.753099,0,0.000000,0.000000,0.000000,-0.010000,0.000000,0.000000,0.690000,0.000000,8.000000,61.840000
1789078791.765677,0,0.000000,0.000000,0.000000,-0.100000,0.000000,0.000000,0.630000,0.000000,8.000000,61.840000
1789078791.779357,0,0.000000,0.000000,0.000000,0.100000,0.000000,0.000000,0.750000,0.000000,8.000000,61.860000
1789078791.791895,0,0.000000,0.000000,0.000000,0.100000,0.000000,0.000000,0.580000,0.000000,8.000000,61.860000
1789078791.792823,0,0.000000,0.000000,0.000000,0.050000,0.000000,0.000000,0.690000,0.000000,8.000000,61.880000
1789078791.812388,0,0.000000,0.000000,0.000000,-0.010000,0.000000,0.000000,0.520000,0.000000,8.000000,61.880000
1789078791.812879,0,0.000000,0.000000,0.000000,0.050000,0.000000,0.000000,0.580000,0.000000,8.000000,61.900000
1789078791.825201,0,0.000000,0.000000,0.000000,-0.010000,0.000000,0.000000,0.370000,0.000000,8.000000,61.900000
1789078791.836719,0,0.000000,0.000000,0.000000,0.000000,0.000000,0.000000,0.750000,0.000000,8.000000,61.910000
1789078791.848239,0,0.000000,0.000000,0.000000,0.000000,0.000000,0.000000,0.630000,0.000000,8.000000,61.930000
1789078791.849518,0,0.000000,0.000000,0.000000,0.050000,0.000000,0.000000,0.630000,0.000000,8.000000,61.930000
1789078791.869088,0,0.000000,0.000000,0.000000,0.100000,0.000000,0.000000,0.520000,0.000000,8.000000,61.950000
1789078791.882724,0,0.000000,0.000000,0.000000,-0.010000,0.000000,0.000000,0.580000,0.000000,8.000000,61.950000
1789078791.895662,0,0.000000,0.000000,0.000000,-0.010000,0.000000,0.000000,0.690000,0.000000,8.000000,61.970000
1789078791.908301,0,0.000000,0.000000,0.000000,0.140000,0.000000,0.000000,0.520000,0.000000,8.000000,61.970000
1789078791.921732,0,0.000000,0.000000,0.000000,-0.100000,0.000000,0.000000,0.370000,0.000000,8.000000,61.990000
1789078791.922241,0,0.000000,0.000000,0.000000,0.000000,0.000000,0.000000,0.870000,0.000000,8.000000,62.000000
1789078791.934489,0,0.000000,0.000000,0.000000,0.000000,0.000000,0.000000,0.690000,0.000000,8.000000,62.000000
1789078791.935346,0,0.000000,0.000000,0.000000,0.050000,0.000000,0.000000,0.580000,0.000000,8.000000,62.020000
1789078791.948187,0,0.000000,0.000000,0.000000,-0.010000,0.000000,0.000000,0.690000,0.000000,8.000000,62.020000
1789078791.948677,0,0.000000,0.000000,0.000000,0.050000,0.000000,0.000000,0.520000,0.000000,8.000000,62.040000
1789078791.969043,0,0.000000,0.000000,0.000000,0.000000,0.000000,0.000000,0.580000,0.000000,8.000000,62.040000
1789078791.970457,0,0.000000,0.000000,0.000000,0.050000,0.000000,0.000000,0.580000,0.000000,8.000000,62.060000
1789078791.991328,0,0.000000,0.000000,0.000000,-0.070000,0.000000,0.000000,0.690000,0.000000,8.000000,62.060000
1789078791.991807,0,0.000000,0.000000,0.000000,0.050000,0.000000,0.000000,0.580000,0.000000,8.000000,62.080000
1789078792.012434,0,0.000000,0.000000,0.000000,0.050000,0.000000,0.000000,0.520000,0.000000,8.000000,62.090000
1789078792.013025,0,0.000000,0.000000,0.000000,-0.010000,0.000000,0.000000,0.690000,0.000000,8.000000,62.090000
1789078792.014345,0,0.000000,0.000000,0.000000,0.050000,0.000000,0.000000,0.630000,0.000000,8.000000,62.110000
1789078792.034785,0,0.000000,0.000000,0.000000,0.050000,0.000000,0.000000,0.580000,0.000000,8.000000,62.110000
1789078792.035246,0,0.000000,0.000000,0.000000,-0.010000,0.000000,0.000000,0.580000,0.000000,8.000000,62.130000
1789078792.056413,0,0.000000,0.000000,0.000000,-0.070000,0.000000,0.000000,0.690000,0.000000,8.000000,62.130000
1789078792.067412,0,0.000000,0.000000,0.000000,0.000000,0.000000,0.000000,0.630000,0.000000,8.000000,62.150000
1789078792.088622,0,0.000000,0.000000,0.000000,0.000000,0.000000,0.000000,0.690000,0.000000,8.000000,62.150000
1789078792.089129,0,0.000000,0.000000,0.000000,0.050000,0.000000,0.000000,0.690000,0.000000,8.000000,62.160000
1789078792.110343,0,0.000000,0.000000,0.000000,0.100000,0.000000,0.000000,0.690000,0.000000,8.000000,62.180000
1789078792.110954,0,0.000000,0.000000,0.000000,-0.010000,0.000000,0.000000,0.580000,0.000000,8.000000,62.180000
1789078792.131553,0,0.000000,0.000000,0.000000,0.100000,0.000000,0.000000,0.750000,0.000000,8.000000,62.200000
1789078792.132188,0,0.000000,0.000000,0.000000,0.000000,0.000000,0.000000,0.690000,0.000000,8.000000,62.220000
1789078792.133287,0,0.000000,0.000000,0.000000,-0.540000,0.000000,0.000000,0.520000,0.000000,8.000000,62.220000
1789078792.153366,0,0.000000,0.000000,0.000000,0.050000,0.000000,0.000000,0.750000,0.000000,8.000000,62.240000
1789078792.156202,0,0.000000,0.000000,0.000000,-0.010000,0.000000,0.000000,0.520000,0.000000,8.000000,62.250000
1789078792.175620,0,0.000000,0.000000,0.000000,-0.010000,0.000000,0.000000,0.630000,0.000000,8.000000,62.250000
1789078792.176127,0,0.000000,0.000000,0.000000,0.050000,0.000000,0.000000,0.520000,0.000000,8.000000,62.270000
1789078792.195946,0,0.000000,0.000000,0.000000,-0.620000,0.000000,0.000000,0.520000,0.000000,8.000000,62.270000
1789078792.216638,0,0.000000,0.000000,0.000000,-0.100000,0.000000,0.000000,0.750000,0.000000,8.000000,62.290000
1789078792.217884,0,0.000000,0.000000,0.000000,-0.010000,0.000000,0.000000,0.520000,0.000000,8.000000,62.290000
1789078792.229857,0,0.000000,0.000000,0.000000,0.100000,0.000000,0.000000,0.690000,0.000000,8.000000,62.310000
1789078792.240957,0,0.000000,0.000000,0.000000,0.100000,0.000000,0.000000,0.580000,0.000000,8.000000,62.310000
1789078792.261323,0,0.000000,0.000000,0.000000,-0.200000,0.000000,0.000000,0.690000,0.000000,8.000000,62.330000
1789078792.261820,0,0.000000,0.000000,0.000000,-0.010000,0.000000,0.000000,0.690000,0.000000,8.000000,62.340000
1789078792.262192,0,0.000000,0.000000,0.000000,-0.070000,0.000000,0.000000,0.690000,0.000000,8.000000,62.340000
1789078792.263363,0,0.000000,0.000000,0.000000,0.000000,0.000000,0.000000,0.520000,0.000000,8.000000,62.360000
1789078792.282895,0,0.000000,0.000000,0.000000,0.050000,0.000000,0.000000,0.690000,0.000000,8.000000,62.360000
1789078792.295360,0,0.000000,0.000000,0.000000,0.140000,0.000000,0.000000,0.520000,0.000000,8.000000,62.380000
1789078792.310079,0,0.000000,0.000000,0.000000,0.000000,0.000000,0.000000,0.750000,0.000000,8.000000,62.380000
1789078792.310648,0,0.000000,0.000000,0.000000,0.050000,0.000000,0.000000,0.690000,0.000000,8.000000,62.400000
1789078792.322675,0,0.000000,0.000000,0.000000,0.050000,0.000000,0.000000,0.690000,0.000000,8.000000,62.400000
1789078792.334356,0,0.000000,0.000000,0.000000,-0.200000,0.000000,0.000000,0.580000,0.000000,8.000000,62.410000
1789078792.346424,0,0.000000,0.000000,0.000000,-0.010000,0.000000,0.000000,0.580000,0.000000,8.000000,62.430000
1789078792.358212,0,0.000000,0.000000,0.000000,-0.010000,0.000000,0.000000,0.690000,0.000000,8.000000,62.430000
1789078792.370120,0,0.000000,0.000000,0.000000,0.050000,0.000000,0.000000,0.630000,0.000000,8.000000,62.430000
1789078792.381909,0,0.000000,0.000000,0.000000,-0.010000,0.000000,0.000000,0.580000,0.000000,8.000000,62.450000
1789078792.382450,0,0.000000,0.000000,0.000000,0.050000,0.000000,0.000000,0.520000,0.000000,8.000000,62.450000
1789078792.402626,0,0.000000,0.000000,0.000000,-0.070000,0.000000,0.000000,0.580000,0.000000,8.000000,62.470000
1789078792.403669,0,0.000000,0.000000,0.000000,-0.010000,0.000000,0.000000,0.690000,0.000000,8.000000,62.490000
1789078792.423034,0,0.000000,0.000000,0.000000,0.100000,0.000000,0.000000,0.750000,0.000000,8.000000,62.500000
1789078792.424236,0,0.000000,0.000000,0.000000,-0.150000,0.000000,0.000000,0.750000,0.000000,8.000000,62.500000
1789078792.434562,0,0.000000,0.000000,0.000000,-0.010000,0.000000,0.000000,0.750000,0.000000,8.000000,62.520000
1789078792.455351,0,0.000000,0.000000,0.000000,0.050000,0.000000,0.000000,0.580000,0.000000,8.000000,62.520000
1789078792.455852,0,0.000000,0.000000,0.000000,-0.010000,0.000000,0.000000,0.690000,0.000000,8.000000,62.540000
1789078792.456256,0,0.000000,0.000000,0.000000,-0.010000,0.000000,0.000000,0.580000,0.000000,8.000000,62.540000
1789078792.476053,0,0.000000,0.000000,0.000000,0.050000,0.000000,0.000000,0.750000,0.000000,8.000000,62.560000
1789078792.476671,0,0.000000,0.000000,0.000000,0.100000,0.000000,0.000000,0.470000,0.000000,8.000000,62.560000
1789078792.496849,0,0.000000,0.000000,0.000000,-0.070000,0.000000,0.000000,0.580000,0.000000,8.000000,62.580000
1789078792.498396,0,0.000000,0.000000,0.000000,0.100000,0.000000,0.000000,0.630000,0.000000,8.000000,62.590000
1789078792.509128,0,0.000000,0.000000,0.000000,0.000000,0.000000,0.000000,0.630000,0.000000,8.000000,62.590000
1789078792.520535,0,0.000000,0.000000,0.000000,0.100000,0.000000,0.000000,0.520000,0.000000,8.000000,62.610000
1789078792.533988,0,0.000000,0.000000,0.000000,0.050000,0.000000,0.000000,0.410000,0.000000,8.000000,62.610000
1789078792.546085,0,0.000000,0.000000,0.000000,0.050000,0.000000,0.000000,0.630000,0.000000,8.000000,62.630000
1789078792.547621,0,0.000000,0.000000,0.000000,0.100000,0.000000,0.000000,0.630000,0.000000,8.000000,62.630000
1789078792.567923,0,0.000000,0.000000,0.000000,0.360000,0.000000,0.000000,0.520000,0.000000,8.000000,62.650000
1789078792.568431,0,0.000000,0.000000,0.000000,-0.010000,0.000000,0.000000,0.630000,0.000000,8.000000,62.650000
1789078792.570105,0,0.000000,0.000000,0.000000,-0.070000,0.000000,0.000000,0.470000,0.000000,8.000000,62.660000
1789078792.589194,0,0.000000,0.000000,0.000000,-0.010000,0.000000,0.000000,0.580000,0.000000,8.000000,62.680000
1789078792.590445,0,0.000000,0.000000,0.000000,0.100000,0.000000,0.000000,0.690000,0.000000,8.000000,62.680000
1789078792.611257,0,0.000000,0.000000,0.000000,0.100000,0.000000,0.000000,0.630000,0.000000,8.000000,62.700000
1789078792.623176,0,0.000000,0.000000,0.000000,0.100000,0.000000,0.000000,0.630000,0.000000,8.000000,62.700000
1789078792.634454,0,0.000000,0.000000,0.000000,0.140000,0.000000,0.000000,0.520000,0.000000,8.000000,62.700000
1789078792.646555,0,0.000000,0.000000,0.000000,0.000000,0.000000,0.000000,0.580000,0.000000,8.000000,62.720000
1789078792.660834,0,0.000000,0.000000,0.000000,0.100000,0.000000,0.000000,0.470000,0.000000,8.000000,62.720000
1789078792.662770,0,0.000000,0.000000,0.000000,-0.070000,0.000000,0.000000,0.580000,0.000000,8.000000,62.740000
1789078792.673723,0,0.000000,0.000000,0.000000,0.050000,0.000000,0.000000,0.690000,0.000000,8.000000,62.750000
1789078792.686714,0,0.000000,0.000000,0.000000,0.050000,0.000000,0.000000,0.690000,0.000000,8.000000,62.750000
1789078792.699079,0,0.000000,0.000000,0.000000,-0.540000,0.000000,0.000000,0.520000,0.000000,8.000000,62.770000
1789078792.711369,0,0.000000,0.000000,0.000000,-0.070000,0.000000,0.000000,0.520000,0.000000,8.000000,62.770000
1789078792.713123,0,0.000000,0.000000,0.000000,0.000000,0.000000,0.000000,0.580000,0.000000,8.000000,62.790000
1789078792.725292,0,0.000000,0.000000,0.000000,-0.010000,0.000000,0.000000,0.580000,0.000000,8.000000,62.810000
1789078792.748386,0,0.000000,0.000000,0.000000,-0.070000,0.000000,0.000000,0.750000,0.000000,8.000000,62.810000
1789078792.761279,0,0.000000,0.000000,0.000000,0.000000,0.000000,0.000000,0.520000,0.000000,8.000000,62.830000
1789078792.761808,0,0.000000,0.000000,0.000000,0.310000,0.000000,0.000000,0.750000,0.000000,8.000000,62.840000
1789078792.762217,0,0.000000,0.000000,0.000000,0.000000,0.000000,0.000000,0.630000,0.000000,8.000000,62.840000
1789078792.775477,0,0.000000,0.000000,0.000000,-0.010000,0.000000,0.000000,0.580000,0.000000,8.000000,62.860000
1789078792.787463,0,0.000000,0.000000,0.000000,0.000000,0.000000,0.000000,0.630000,0.000000,8.000000,62.860000
1789078792.788264,0,0.000000,0.000000,0.000000,-0.010000,0.000000,0.000000,0.690000,0.000000,8.000000,62.880000
1789078792.799951,0,0.000000,0.000000,0.000000,-0.010000,0.000000,0.000000,0.520000,0.000000,8.000000,62.880000
1789078792.812777,0,0.000000,0.000000,0.000000,-0.150000,0.000000,0.000000,0.690000,0.000000,8.000000,62.880000
1789078792.824595,0,0.000000,0.000000,0.000000,0.000000,0.000000,0.000000,0.630000,0.000000,8.000000,62.900000
1789078792.825185,0,0.000000,0.000000,0.000000,-0.100000,0.000000,0.000000,0.470000,0.000000,8.000000,62.900000
1789078792.844150,0,0.000000,0.000000,0.000000,-0.150000,0.000000,0.000000,0.870000,0.000000,8.000000,62.910000
1789078792.844801,0,0.000000,0.000000,0.000000,0.050000,0.000000,0.000000,0.520000,0.000000,8.000000,62.930000
1789078792.863044,0,0.000000,0.000000,0.000000,-0.010000,0.000000,0.000000,0.580000,0.000000,8.000000,62.930000
1789078792.863849,0,0.000000,0.000000,0.000000,0.050000,0.000000,0.000000,0.690000,0.000000,8.000000,62.950000
1789078792.883345,0,0.000000,0.000000,0.000000,-0.070000,0.000000,0.000000,0.580000,0.000000,8.000000,62.950000
1789078792.884328,0,0.000000,0.000000,0.000000,0.000000,0.000000,0.000000,0.690000,0.000000,8.000000,62.970000
1789078792.903358,0,0.000000,0.000000,0.000000,0.000000,0.000000,0.000000,0.580000,0.000000,8.000000,62.970000
1789078792.904298,0,0.000000,0.000000,0.000000,0.100000,0.000000,0.000000,0.520000,0.000000,8.000000,62.990000
1789078792.923597,0,0.000000,0.000000,0.000000,-0.010000,0.000000,0.000000,0.520000,0.000000,8.000000,63.000000
1789078792.924422,0,0.000000,0.000000,0.000000,-0.070000,0.000000,0.000000,0.580000,0.000000,8.000000,63.000000
1789078792.943270,0,0.000000,0.000000,0.000000,0.050000,0.000000,0.000000,0.630000,0.000000,8.000000,63.020000
1789078792.944113,0,0.000000,0.000000,0.000000,0.050000,0.000000,0.000000,0.690000,0.000000,8.000000,63.020000
1789078792.962650,0,0.000000,0.000000,0.000000,-0.330000,0.000000,0.000000,0.630000,0.000000,8.000000,63.040000
1789078792.963368,0,0.000000,0.000000,0.000000,0.000000,0.000000,0.000000,0.690000,0.000000,8.000000,63.040000
1789078792.974040,0,0.000000,0.000000,0.000000,-0.070000,0.000000,0.000000,0.520000,0.000000,8.000000,63.060000
1789078792.992862,0,0.000000,0.000000,0.000000,-0.010000,0.000000,0.000000,0.630000,0.000000,8.000000,63.060000
1789078793.003625,0,0.000000,0.000000,0.000000,-0.010000,0.000000,0.000000,0.630000,0.000000,8.000000,63.080000
1789078793.004183,0,0.000000,0.000000,0.000000,0.050000,0.000000,0.000000,0.580000,0.000000,8.000000,63.090000
1789078793.024182,0,0.000000,0.000000,0.000000,-0.010000,0.000000,0.000000,0.520000,0.000000,8.000000,63.090000
1789078793.025022,0,0.000000,0.000000,0.000000,0.050000,0.000000,0.000000,0.870000,0.000000,8.000000,63.110000
1789078793.025473,0,0.000000,0.000000,0.000000,-0.010000,0.000000,0.000000,0.520000,0.000000,8.000000,63.110000
1789078793.043824,0,0.000000,0.000000,0.000000,-0.070000,0.000000,0.000000,0.630000,0.000000,8.000000,63.130000
1789078793.063053,0,0.000000,0.000000,0.000000,0.000000,0.000000,0.000000,0.630000,0.000000,8.000000,63.130000
1789078793.063860,0,0.000000,0.000000,0.000000,0.000000,0.000000,0.000000,0.750000,0.000000,8.000000,63.150000
1789078793.082436,0,0.000000,0.000000,0.000000,0.000000,0.000000,0.000000,0.630000,0.000000,8.000000,63.150000
1789078793.083173,0,0.000000,0.000000,0.000000,-0.100000,0.000000,0.000000,0.470000,0.000000,8.000000,63.160000
1789078793.102381,0,0.000000,0.000000,0.000000,-0.010000,0.000000,0.000000,1.050000,0.000000,8.000000,63.180000
1789078793.103490,0,0.000000,0.000000,0.000000,0.050000,0.000000,0.000000,0.690000,0.000000,8.000000,63.180000
1789078793.122130,0,0.000000,0.000000,0.000000,-0.010000,0.000000,0.000000,0.630000,0.000000,8.000000,63.200000
1789078793.122650,0,0.000000,0.000000,0.000000,0.140000,0.000000,0.000000,0.520000,0.000000,8.000000,63.200000
1789078793.123339,0,0.000000,0.000000,0.000000,0.050000,0.000000,0.000000,0.690000,0.000000,8.000000,63.220000
1789078793.141380,0,0.000000,0.000000,1.000000,0.000000,0.000000,0.000000,0.520000,0.000000,8.000000,63.220000
1789078793.162022,0,0.000000,0.000000,1.000000,0.000000,0.000000,0.000000,0.690000,0.000000,8.000000,63.240000
1789078793.162516,0,0.000000,0.000000,1.000000,-0.010000,0.000000,0.000000,0.750000,0.000000,8.000000,63.250000
1789078793.182684,0,0.000000,0.000000,1.000000,-0.010000,0.000000,0.000000,0.690000,0.000000,8.000000,63.250000
1789078793.183179,0,0.000000,0.000000,1.000000,0.050000,0.000000,0.000000,0.690000,0.000000,8.000000,63.270000
1789078793.184424,0,0.000000,0.000000,1.000000,-0.070000,0.000000,0.000000,0.520000,0.000000,8.000000,63.270000
1789078793.204848,0,0.000000,0.000000,1.000000,0.050000,0.000000,0.000000,0.690000,0.000000,8.000000,63.290000
1789078793.217123,0,0.000000,0.000000,1.000000,0.100000,0.000000,0.000000,0.370000,0.000000,8.000000,63.290000
1789078793.237838,0,0.000000,0.000000,1.000000,-0.010000,0.000000,0.000000,0.690000,0.000000,8.000000,63.310000
1789078793.238374,0,0.000000,0.000000,1.000000,-0.280000,0.000000,0.000000,0.630000,0.000000,8.000000,63.310000
1789078793.239084,0,0.000000,0.000000,1.000000,-0.010000,0.000000,0.000000,0.410000,0.000000,8.000000,63.330000
1789078793.258621,0,0.000000,0.000000,1.000000,-0.070000,0.000000,0.000000,0.690000,0.000000,8.000000,63.340000
1789078793.259420,0,0.000000,0.000000,1.000000,-0.230000,0.000000,0.000000,0.470000,0.000000,8.000000,63.340000
1789078793.278805,0,0.000000,0.000000,1.000000,-0.070000,0.000000,0.000000,0.630000,0.000000,8.000000,63.360000
1789078793.279354,0,0.000000,0.000000,1.000000,-0.010000,0.000000,0.000000,0.630000,0.000000,8.000000,63.360000
1789078793.298578,0,0.000000,0.000000,1.000000,-0.010000,0.000000,0.000000,0.750000,0.000000,8.000000,63.380000
1789078793.299211,0,0.000000,0.000000,1.000000,-0.370000,0.000000,0.000000,0.690000,0.000000,8.000000,63.380000
1789078793.318782,0,0.000000,0.000000,1.000000,-0.100000,0.000000,0.000000,0.750000,0.000000,8.000000,63.400000
1789078793.319447,0,0.000000,0.000000,1.000000,-0.200000,0.000000,0.000000,0.630000,0.000000,8.000000,63.400000
1789078793.338724,0,0.000000,0.000000,1.000000,0.050000,0.000000,0.000000,0.690000,0.000000,8.000000,63.410000
1789078793.339228,0,0.000000,0.000000,1.000000,-0.620000,0.000000,0.000000,0.690000,0.000000,8.000000,63.430000
1789078793.359816,0,0.000000,0.000000,1.000000,0.050000,0.000000,0.000000,0.580000,0.000000,8.000000,63.430000
1789078793.360488,0,0.000000,0.000000,1.000000,-0.010000,0.000000,0.000000,0.580000,0.000000,8.000000,63.450000
1789078793.371961,0,0.000000,0.000000,1.000000,0.000000,0.000000,0.000000,0.580000,0.000000,8.000000,63.450000
1789078793.391615,0,0.000000,0.000000,1.000000,-0.070000,0.000000,0.000000,0.580000,0.000000,8.000000,63.470000
1789078793.392119,0,0.000000,0.000000,1.000000,-0.010000,0.000000,0.000000,0.580000,0.000000,8.000000,63.470000
1789078793.413280,0,0.000000,0.000000,1.000000,-0.070000,0.000000,0.000000,0.370000,0.000000,8.000000,63.490000
1789078793.425002,0,0.000000,0.000000,1.000000,-0.010000,0.000000,0.000000,0.580000,0.000000,8.000000,63.500000
1789078793.435299,0,0.000000,0.000000,1.000000,-0.070000,0.000000,0.000000,0.520000,0.000000,8.000000,63.500000
1789078793.447129,0,0.000000,0.000000,1.000000,0.000000,0.000000,0.000000,0.580000,0.000000,8.000000,63.520000
1789078793.457939,0,0.000000,0.000000,1.000000,-0.070000,0.000000,0.000000,0.410000,0.000000,8.000000,63.520000
1789078793.469061,0,0.000000,0.000000,1.000000,-0.010000,0.000000,0.000000,0.580000,0.000000,8.000000,63.540000
1789078793.481171,0,0.000000,0.000000,1.000000,0.000000,0.000000,0.000000,0.630000,0.000000,8.000000,63.560000
1789078793.493299,0,0.000000,0.000000,1.000000,-0.010000,0.000000,0.000000,0.690000,0.000000,8.000000,63.560000
1789078793.506028,0,0.000000,0.000000,1.000000,-0.540000,0.000000,0.000000,0.470000,0.000000,8.000000,63.580000
1789078793.518796,0,0.000000,0.000000,1.000000,0.050000,0.000000,0.000000,0.690000,0.000000,8.000000,63.590000
1789078793.519471,0,0.000000,0.000000,1.000000,0.000000,0.000000,0.000000,0.580000,0.000000,8.000000,63.590000
1789078793.532268,0,0.000000,0.000000,1.000000,-0.010000,0.000000,0.000000,0.690000,0.000000,8.000000,63.610000
1789078793.532989,0,0.000000,0.000000,1.000000,-0.010000,0.000000,0.000000,0.630000,0.000000,8.000000,63.610000
1789078793.545831,0,0.000000,0.000000,1.000000,-0.010000,0.000000,0.000000,0.630000,0.000000,8.000000,63.630000
1789078793.557615,0,0.000000,0.000000,1.000000,-0.010000,0.000000,0.000000,0.580000,0.000000,8.000000,63.630000
1789078793.571096,0,0.000000,0.000000,1.000000,0.050000,0.000000,0.000000,0.630000,0.000000,8.000000,63.650000
1789078793.583631,0,0.000000,0.000000,1.000000,-0.070000,0.000000,0.000000,0.580000,0.000000,8.000000,63.650000
1789078793.595708,0,0.000000,0.000000,1.000000,0.000000,0.000000,0.000000,0.580000,0.000000,8.000000,63.660000
1789078793.608222,0,0.000000,0.000000,1.000000,-0.100000,0.000000,0.000000,0.580000,0.000000,8.000000,63.680000
1789078793.621654,0,0.000000,0.000000,1.000000,0.140000,0.000000,0.000000,0.580000,0.000000,8.000000,63.680000
1789078793.634597,0,0.000000,0.000000,1.000000,-0.070000,0.000000,0.000000,0.580000,0.000000,8.000000,63.700000
1789078793.635085,0,0.000000,0.000000,1.000000,0.050000,0.000000,0.000000,0.690000,0.000000,8.000000,63.700000
1789078793.647651,0,0.000000,0.000000,1.000000,0.000000,0.000000,0.000000,0.520000,0.000000,8.000000,63.720000
1789078793.661370,0,0.000000,0.000000,1.000000,0.000000,0.000000,0.000000,0.630000,0.000000,8.000000,63.720000
1789078793.674082,0,0.000000,0.000000,1.000000,0.000000,0.000000,0.000000,0.630000,0.000000,8.000000,63.740000
1789078793.674577,0,0.000000,0.000000,1.000000,0.050000,0.000000,0.000000,0.580000,0.000000,8.000000,63.750000
1789078793.686548,0,0.000000,0.000000,1.000000,0.000000,0.000000,0.000000,0.690000,0.000000,8.000000,63.750000
1789078793.700149,0,0.000000,0.000000,1.000000,0.000000,0.000000,0.000000,0.520000,0.000000,8.000000,63.770000
1789078793.713836,0,0.000000,0.000000,1.000000,0.050000,0.000000,0.000000,0.690000,0.000000,8.000000,63.770000
1789078793.714468,0,0.000000,0.000000,1.000000,0.050000,0.000000,0.000000,0.690000,0.000000,8.000000,63.790000
1789078793.726899,0,0.000000,0.000000,1.000000,-0.010000,0.000000,0.000000,0.200000,0.000000,8.000000,63.790000
1789078793.727408,0,0.000000,0.000000,1.000000,0.100000,0.000000,0.000000,0.690000,0.000000,8.000000,63.810000
1789078793.740453,0,0.000000,0.000000,1.000000,-0.010000,0.000000,0.000000,0.580000,0.000000,8.000000,63.810000
1789078793.752713,0,0.000000,0.000000,1.000000,0.100000,0.000000,0.000000,0.750000,0.000000,8.000000,63.830000
1789078793.765649,0,0.000000,0.000000,1.000000,0.100000,0.000000,0.000000,0.630000,0.000000,8.000000,63.840000
1789078793.779649,0,0.000000,0.000000,1.000000,0.050000,0.000000,0.000000,0.580000,0.000000,8.000000,63.840000
1789078793.780606,0,0.000000,0.000000,1.000000,-0.010000,0.000000,0.000000,0.580000,0.000000,8.000000,63.860000
1789078793.793991,0,0.000000,0.000000,1.000000,0.000000,0.000000,0.000000,0.690000,0.000000,8.000000,63.860000
1789078793.806954,0,0.000000,0.000000,1.000000,-0.070000,0.000000,0.000000,0.630000,0.000000,8.000000,63.880000
1789078793.819357,0,0.000000,0.000000,1.000000,-0.010000,0.000000,0.000000,0.630000,0.000000,8.000000,63.880000
1789078793.820088,0,0.000000,0.000000,1.000000,-0.100000,0.000000,0.000000,0.520000,0.000000,8.000000,63.900000
1789078793.832215,0,0.000000,0.000000,1.000000,0.050000,0.000000,0.000000,0.690000,0.000000,8.000000,63.900000
1789078793.844921,0,0.000000,0.000000,1.000000,0.100000,0.000000,0.000000,0.580000,0.000000,8.000000,63.910000
1789078793.857037,0,0.000000,0.000000,1.000000,0.000000,0.000000,0.000000,0.580000,0.000000,8.000000,63.930000
1789078793.869249,0,0.000000,0.000000,1.000000,-0.010000,0.000000,0.000000,0.580000,0.000000,8.000000,63.930000
1789078793.881393,0,0.000000,0.000000,1.000000,-0.100000,0.000000,0.000000,0.630000,0.000000,8.000000,63.950000
1789078793.883104,0,0.000000,0.000000,1.000000,-0.010000,0.000000,0.000000,0.580000,0.000000,8.000000,63.950000
1789078793.905499,0,0.000000,0.000000,1.000000,-0.010000,0.000000,0.000000,0.580000,0.000000,8.000000,63.970000
1789078793.907261,0,0.000000,0.000000,1.000000,0.050000,0.000000,0.000000,0.580000,0.000000,8.000000,63.990000
1789078793.907669,0,0.000000,0.000000,1.000000,-0.010000,0.000000,0.000000,0.690000,0.000000,8.000000,64.000000
1789078793.919120,0,0.000000,0.000000,1.000000,-0.070000,0.000000,0.000000,0.580000,0.000000,8.000000,64.010000
1789078793.940287,0,0.000000,0.000000,1.000000,-0.070000,0.000000,0.000000,0.520000,0.000000,8.000000,64.010000
1789078793.942025,0,0.000000,0.000000,1.000000,-0.010000,0.000000,0.000000,0.520000,0.000000,8.000000,64.020000
1789078793.962692,0,0.000000,0.000000,1.000000,0.100000,0.000000,0.000000,0.690000,0.000000,8.000000,64.040000
1789078793.963285,0,0.000000,0.000000,1.000000,0.100000,0.000000,0.000000,0.630000,0.000000,8.000000,64.050000
1789078793.964709,0,0.000000,0.000000,1.000000,-0.150000,0.000000,0.000000,0.410000,0.000000,8.000000,64.050000
1789078793.984229,0,0.000000,0.000000,1.000000,0.050000,0.000000,0.000000,0.520000,0.000000,8.000000,64.060000
1789078793.985676,0,0.000000,0.000000,1.000000,-0.200000,0.000000,0.000000,0.630000,0.000000,8.000000,64.080000
1789078794.007037,0,0.000000,0.000000,1.000000,-0.010000,0.000000,0.000000,0.580000,0.000000,8.000000,64.080000
1789078794.008827,0,0.000000,0.000000,1.000000,-0.070000,0.000000,0.000000,0.580000,0.000000,8.000000,64.090000
1789078794.030413,0,0.000000,0.000000,1.000000,0.050000,0.000000,0.000000,0.690000,0.000000,8.000000,64.110000
1789078794.031010,0,0.000000,0.000000,1.000000,0.050000,0.000000,0.000000,0.630000,0.000000,8.000000,64.120000
1789078794.032541,0,0.000000,0.000000,1.000000,-0.010000,0.000000,0.000000,0.520000,0.000000,8.000000,64.120000
1789078794.054136,0,0.000000,0.000000,1.000000,0.000000,0.000000,0.000000,0.580000,0.000000,8.000000,64.130000
1789078794.055962,0,0.000000,0.000000,1.000000,0.100000,0.000000,0.000000,0.580000,0.000000,8.000000,64.150000
1789078794.076094,0,0.000000,0.000000,1.000000,-0.150000,0.000000,0.000000,0.690000,0.000000,8.000000,64.160000
1789078794.076596,0,0.000000,0.000000,1.000000,-0.230000,0.000000,0.000000,0.580000,0.000000,8.000000,64.160000
1789078794.096567,0,0.000000,0.000000,1.000000,0.100000,0.000000,0.000000,0.520000,0.000000,8.000000,64.180000
1789078794.097158,0,0.000000,0.000000,1.000000,-0.010000,0.000000,0.000000,0.630000,0.000000,8.000000,64.190000
1789078794.097777,0,0.000000,0.000000,1.000000,0.100000,0.000000,0.000000,0.630000,0.000000,8.000000,64.190000
1789078794.117552,0,0.000000,0.000000,1.000000,0.050000,0.000000,0.000000,0.630000,0.000000,8.000000,64.200000
1789078794.129598,0,0.000000,0.000000,1.000000,-0.070000,0.000000,0.000000,0.520000,0.000000,8.000000,64.220000
1789078794.151093,0,0.000000,0.000000,1.000000,-0.100000,0.000000,0.000000,0.520000,0.000000,8.000000,64.230000
1789078794.151602,0,0.000000,0.000000,1.000000,-0.010000,0.000000,0.000000,0.690000,0.000000,8.000000,64.230000
1789078794.173988,0,0.000000,0.000000,1.000000,0.050000,0.000000,0.000000,0.580000,0.000000,8.000000,64.250000
1789078794.174484,0,0.000000,0.000000,1.000000,0.050000,0.000000,0.000000,0.690000,0.000000,8.000000,64.260000
1789078794.176116,0,0.000000,0.000000,1.000000,0.050000,0.000000,0.000000,0.580000,0.000000,8.000000,64.260000
1789078794.196954,0,0.000000,0.000000,1.000000,0.050000,0.000000,0.000000,0.520000,0.000000,8.000000,64.270000
1789078794.198382,0,0.000000,0.000000,1.000000,0.000000,0.000000,0.000000,0.630000,0.000000,8.000000,64.290000
1789078794.218148,0,0.000000,0.000000,1.000000,-0.010000,0.000000,0.000000,0.520000,0.000000,8.000000,64.300000
1789078794.231451,0,0.000000,0.000000,1.000000,-0.010000,0.000000,0.000000,0.520000,0.000000,8.000000,64.300000
1789078794.244035,0,0.000000,0.000000,1.000000,0.000000,0.000000,0.000000,0.690000,0.000000,8.000000,64.310000
1789078794.244549,0,0.000000,0.000000,1.000000,-0.010000,0.000000,0.000000,0.630000,0.000000,8.000000,64.330000
1789078794.257482,0,0.000000,0.000000,1.000000,0.230000,0.000000,0.000000,0.520000,0.000000,8.000000,64.330000
1789078794.269534,0,0.000000,0.000000,1.000000,-0.010000,0.000000,0.000000,0.520000,0.000000,8.000000,64.340000
1789078794.282565,0,0.000000,0.000000,1.000000,0.100000,0.000000,0.000000,0.870000,0.000000,8.000000,64.360000
1789078794.283157,0,0.000000,0.000000,1.000000,0.000000,0.000000,0.000000,0.520000,0.000000,8.000000,64.370000
1789078794.295990,0,0.000000,0.000000,1.000000,-0.100000,0.000000,0.000000,0.690000,0.000000,8.000000,64.370000
1789078794.296587,0,0.000000,0.000000,1.000000,-0.150000,0.000000,0.000000,0.690000,0.000000,8.000000,64.380000
1789078794.317058,0,0.000000,0.000000,1.000000,0.140000,0.000000,0.000000,0.690000,0.000000,8.000000,64.380000
1789078794.317547,0,0.000000,0.000000,1.000000,-0.070000,0.000000,0.000000,0.630000,0.000000,8.000000,64.410000
1789078794.336717,0,0.000000,0.000000,1.000000,0.000000,0.000000,0.000000,0.690000,0.000000,8.000000,64.410000
1789078794.337266,0,0.000000,0.000000,1.000000,-0.010000,0.000000,0.000000,0.520000,0.000000,8.000000,64.410000
1789078794.356857,0,0.000000,0.000000,1.000000,0.180000,0.000000,0.000000,0.580000,0.000000,8.000000,64.430000
1789078794.357913,0,0.000000,0.000000,1.000000,-0.230000,0.000000,0.000000,0.580000,0.000000,8.000000,64.440000
1789078794.369892,0,0.000000,0.000000,1.000000,-0.010000,0.000000,0.000000,0.630000,0.000000,8.000000,64.450000
1789078794.390530,0,0.000000,0.000000,1.000000,0.050000,0.000000,0.000000,0.630000,0.000000,8.000000,64.450000
1789078794.391046,0,0.000000,0.000000,1.000000,-0.010000,0.000000,0.000000,0.470000,0.000000,8.000000,64.470000
1789078794.392655,0,0.000000,0.000000,1.000000,0.000000,0.000000,0.000000,0.580000,0.000000,8.000000,64.480000
1789078794.412422,0,0.000000,0.000000,1.000000,-0.100000,0.000000,0.000000,0.520000,0.000000,8.000000,64.500000
1789078794.413986,0,0.000000,0.000000,1.000000,0.050000,0.000000,0.000000,0.630000,0.000000,8.000000,64.510000
1789078794.434032,0,0.000000,0.000000,1.000000,0.140000,0.000000,0.000000,0.750000,0.000000,8.000000,64.510000
1789078794.435398,0,0.000000,0.000000,1.000000,-0.070000,0.000000,0.000000,0.630000,0.000000,8.000000,64.520000
1789078794.446857,0,0.000000,0.000000,1.000000,0.050000,0.000000,0.000000,0.690000,0.000000,8.000000,64.540000
1789078794.458850,0,0.000000,0.000000,1.000000,-0.070000,0.000000,0.000000,0.520000,0.000000,8.000000,64.550000
1789078794.470642,0,0.000000,0.000000,1.000000,0.100000,0.000000,0.000000,0.580000,0.000000,8.000000,64.550000
1789078794.482737,0,0.000000,0.000000,1.000000,-0.070000,0.000000,0.000000,0.630000,0.000000,8.000000,64.550000
1789078794.495296,0,0.000000,0.000000,1.000000,-0.010000,0.000000,0.000000,0.520000,0.000000,8.000000,64.560000
1789078794.507088,0,0.000000,0.000000,1.000000,0.270000,0.000000,0.000000,0.580000,0.000000,8.000000,64.580000
1789078794.507583,0,0.000000,0.000000,1.000000,0.000000,0.000000,0.000000,0.520000,0.000000,8.000000,64.580000
1789078794.520396,0,0.000000,0.000000,1.000000,-0.010000,0.000000,0.000000,0.580000,0.000000,8.000000,64.590000
1789078794.532558,0,0.000000,0.000000,1.000000,0.000000,0.000000,0.000000,0.630000,0.000000,8.000000,64.610000
1789078794.544126,0,0.000000,0.000000,1.000000,-0.010000,0.000000,0.000000,0.750000,0.000000,8.000000,64.620000
1789078794.544625,0,0.000000,0.000000,1.000000,-0.070000,0.000000,0.000000,0.520000,0.000000,8.000000,64.620000
1789078794.556908,0,0.000000,0.000000,1.000000,0.050000,0.000000,0.000000,0.630000,0.000000,8.000000,64.630000
1789078794.567900,0,0.000000,0.000000,1.000000,-0.070000,0.000000,0.000000,0.630000,0.000000,8.000000,64.650000
1789078794.580649,0,0.000000,0.000000,1.000000,0.000000,0.000000,0.000000,0.630000,0.000000,8.000000,64.660000
1789078794.592413,0,0.000000,0.000000,1.000000,0.100000,0.000000,0.000000,0.580000,0.000000,8.000000,64.660000
1789078794.604535,0,0.000000,0.000000,1.000000,-0.010000,0.000000,0.000000,0.810000,0.000000,8.000000,64.680000
1789078794.605362,0,0.000000,0.000000,1.000000,0.140000,0.000000,0.000000,0.690000,0.000000,8.000000,64.690000
1789078794.616308,0,0.000000,0.000000,1.000000,0.000000,0.000000,0.000000,0.580000,0.000000,8.000000,64.690000
1789078794.627370,0,0.000000,0.000000,1.000000,0.050000,0.000000,0.000000,0.630000,0.000000,8.000000,64.700000
1789078794.639031,0,0.000000,0.000000,1.000000,0.100000,0.000000,0.000000,0.690000,0.000000,8.000000,64.720000
1789078794.650110,0,0.000000,0.000000,1.000000,0.140000,0.000000,0.000000,0.520000,0.000000,8.000000,64.730000
1789078794.661241,0,0.000000,0.000000,1.000000,0.050000,0.000000,0.000000,0.810000,0.000000,8.000000,64.730000
1789078794.672964,0,0.000000,0.000000,1.000000,0.000000,0.000000,0.000000,0.580000,0.000000,8.000000,64.750000
1789078794.684261,0,0.000000,0.000000,1.000000,-0.010000,0.000000,0.000000,0.690000,0.000000,8.000000,64.760000
1789078794.684816,0,0.000000,0.000000,1.000000,-0.070000,0.000000,0.000000,0.630000,0.000000,8.000000,64.760000
1789078794.705372,0,0.000000,0.000000,1.000000,-0.010000,0.000000,0.000000,0.520000,0.000000,8.000000,64.770000
1789078794.705932,0,0.000000,0.000000,1.000000,-0.010000,0.000000,0.000000,0.750000,0.000000,8.000000,64.790000
1789078794.706642,0,0.000000,0.000000,1.000000,-0.100000,0.000000,0.000000,0.520000,0.000000,8.000000,64.800000
1789078794.725744,0,0.000000,0.000000,1.000000,0.000000,0.000000,0.000000,0.470000,0.000000,8.000000,64.800000
1789078794.726544,0,0.000000,0.000000,1.000000,0.050000,0.000000,0.000000,0.750000,0.000000,8.000000,64.810000
1789078794.746512,0,0.000000,0.000000,1.000000,0.050000,0.000000,0.000000,0.690000,0.000000,8.000000,64.830000
1789078794.747303,0,0.000000,0.000000,1.000000,-0.100000,0.000000,0.000000,0.520000,0.000000,8.000000,64.830000
1789078794.766615,0,0.000000,0.000000,1.000000,-0.010000,0.000000,0.000000,0.690000,0.000000,8.000000,64.840000
1789078794.767512,0,0.000000,0.000000,1.000000,0.100000,0.000000,0.000000,0.520000,0.000000,8.000000,64.860000
1789078794.787691,0,0.000000,0.000000,1.000000,-0.070000,0.000000,0.000000,0.520000,0.000000,8.000000,64.870000
1789078794.788211,0,0.000000,0.000000,1.000000,0.000000,0.000000,0.000000,0.630000,0.000000,8.000000,64.870000
1789078794.809130,0,0.000000,0.000000,1.000000,0.050000,0.000000,0.000000,0.630000,0.000000,8.000000,64.880000
1789078794.809970,0,0.000000,0.000000,1.000000,0.000000,0.000000,0.000000,0.750000,0.000000,8.000000,64.900000
1789078794.810397,0,0.000000,0.000000,1.000000,0.100000,0.000000,0.000000,0.690000,0.000000,8.000000,64.910000
1789078794.829266,0,0.000000,0.000000,1.000000,-0.010000,0.000000,0.000000,0.520000,0.000000,8.000000,64.910000
1789078794.848455,0,0.000000,0.000000,1.000000,-0.100000,0.000000,0.000000,0.630000,0.000000,8.000000,64.930000
1789078794.848942,0,0.000000,0.000000,1.000000,0.000000,0.000000,0.000000,0.410000,0.000000,8.000000,64.940000
1789078794.868456,0,0.000000,0.000000,1.000000,0.050000,0.000000,0.000000,0.690000,0.000000,8.000000,64.940000
1789078794.869078,0,0.000000,0.000000,1.000000,0.000000,0.000000,0.000000,0.520000,0.000000,8.000000,64.950000
1789078794.880451,0,0.000000,0.000000,1.000000,0.000000,0.000000,0.000000,0.580000,0.000000,8.000000,64.970000
1789078794.900229,0,0.000000,0.000000,1.000000,-0.280000,0.000000,0.000000,1.170000,0.000000,8.000000,64.980000
1789078794.900708,0,0.000000,0.000000,1.000000,0.180000,0.000000,0.000000,0.630000,0.000000,8.000000,64.980000
1789078794.920300,0,0.000000,0.000000,1.000000,0.050000,0.000000,0.000000,0.630000,0.000000,8.000000,65.000000
1789078794.921512,0,0.000000,0.000000,1.000000,-0.010000,0.000000,0.000000,0.580000,0.000000,8.000000,65.010000
1789078794.932182,0,0.000000,0.000000,1.000000,-0.010000,0.000000,0.000000,0.690000,0.000000,8.000000,65.010000
1789078794.952096,0,0.000000,0.000000,1.000000,-0.230000,0.000000,0.000000,0.580000,0.000000,8.000000,65.020000
1789078794.952589,0,0.000000,0.000000,1.000000,0.100000,0.000000,0.000000,0.520000,0.000000,8.000000,65.040000
1789078794.953223,0,0.000000,0.000000,1.000000,-0.070000,0.000000,0.000000,0.690000,0.000000,8.000000,65.050000
1789078794.973183,0,0.000000,0.000000,1.000000,-0.010000,0.000000,0.000000,0.690000,0.000000,8.000000,65.050000
1789078795.115666,0,0.000000,0.000000,1.000000,0.140000,0.000000,0.000000,0.580000,0.000000,8.000000,65.060000
1789078795.140545,0,0.000000,0.000000,1.000000,-0.230000,0.000000,0.000000,0.690000,0.000000,8.000000,65.080000
1789078795.141168,0,0.000000,0.000000,1.000000,0.050000,0.000000,0.000000,0.520000,0.000000,8.000000,65.080000
1789078795.141576,0,0.000000,0.000000,1.000000,-0.100000,0.000000,0.000000,0.520000,0.000000,8.000000,65.090000
1789078795.141945,0,0.000000,0.000000,1.000000,-0.200000,0.000000,0.000000,0.580000,0.000000,8.000000,65.110000
1789078795.142299,0,0.000000,0.000000,1.000000,0.050000,0.000000,0.000000,0.630000,0.000000,8.000000,65.120000
1789078795.142661,0,0.000000,0.000000,1.000000,0.000000,0.000000,0.000000,0.630000,0.000000,8.000000,65.120000
1789078795.143014,0,0.000000,0.000000,1.000000,0.100000,0.000000,0.000000,0.580000,0.000000,8.000000,65.130000
1789078795.143361,0,0.000000,0.000000,1.000000,-0.070000,0.000000,0.000000,0.810000,0.000000,8.000000,65.150000
1789078795.143705,0,0.000000,0.000000,1.000000,0.000000,0.000000,0.000000,0.520000,0.000000,8.000000,65.150000
1789078795.144248,0,0.000000,0.000000,1.000000,-0.070000,0.000000,0.000000,0.520000,0.000000,8.000000,65.160000
1789078795.144674,0,0.000000,0.000000,1.000000,0.050000,0.000000,0.000000,0.580000,0.000000,8.000000,65.180000
1789078795.145062,0,0.000000,0.000000,1.000000,-0.010000,0.000000,0.000000,0.750000,0.000000,8.000000,65.190000
1789078795.145431,0,0.000000,0.000000,1.000000,0.100000,0.000000,0.000000,0.630000,0.000000,8.000000,65.190000
1789078795.145887,0,0.000000,0.000000,1.000000,-0.010000,0.000000,0.000000,0.520000,0.000000,8.000000,65.190000
1789078795.146330,0,0.000000,0.000000,1.000000,0.050000,0.000000,0.000000,0.630000,0.000000,8.000000,65.200000
1789078795.171685,0,0.000000,0.000000,1.000000,-0.010000,0.000000,0.000000,0.520000,0.000000,8.000000,65.220000
1789078795.172194,0,0.000000,0.000000,1.000000,-0.010000,0.000000,0.000000,0.520000,0.000000,8.000000,65.230000
1789078795.172735,0,0.000000,0.000000,1.000000,0.100000,0.000000,0.000000,0.690000,0.000000,8.000000,65.230000
1789078795.194170,0,0.000000,0.000000,1.000000,0.140000,0.000000,0.000000,0.750000,0.000000,8.000000,65.250000
1789078795.194657,0,0.000000,0.000000,1.000000,-0.010000,0.000000,0.000000,0.520000,0.000000,8.000000,65.260000
1789078795.218908,0,0.000000,0.000000,1.000000,0.100000,0.000000,0.000000,0.520000,0.000000,8.000000,65.260000
1789078795.219394,0,0.000000,0.000000,1.000000,-0.010000,0.000000,0.000000,0.470000,0.000000,8.000000,65.270000
1789078795.243417,0,0.000000,0.000000,1.000000,0.140000,0.000000,0.000000,0.580000,0.000000,8.000000,65.300000
1789078795.244277,0,0.000000,0.000000,1.000000,-0.070000,0.000000,0.000000,0.690000,0.000000,8.000000,65.300000
1789078795.244746,0,0.000000,0.000000,1.000000,0.050000,0.000000,0.000000,0.580000,0.000000,8.000000,65.310000
1789078795.267315,0,0.000000,0.000000,1.000000,-0.010000,0.000000,0.000000,0.520000,0.000000,8.000000,65.330000
1789078795.267803,0,0.000000,0.000000,1.000000,0.140000,0.000000,0.000000,0.750000,0.000000,8.000000,65.330000
1789078795.292167,0,0.000000,0.000000,1.000000,0.000000,0.000000,0.000000,0.410000,0.000000,8.000000,65.340000
1789078795.315273,0,0.000000,0.000000,1.000000,0.000000,0.000000,0.000000,0.520000,0.000000,8.000000,65.360000
1789078795.315748,0,0.000000,0.000000,1.000000,0.000000,0.000000,0.000000,0.520000,0.000000,8.000000,65.370000
1789078795.316212,0,0.000000,0.000000,1.000000,0.000000,0.000000,0.000000,0.630000,0.000000,8.000000,65.370000
1789078795.340109,0,0.000000,0.000000,1.000000,0.000000,0.000000,0.000000,0.580000,0.000000,8.000000,65.380000
1789078795.340671,0,0.000000,0.000000,1.000000,0.140000,0.000000,0.000000,0.470000,0.000000,8.000000,65.400000
1789078795.342325,0,0.000000,0.000000,1.000000,0.000000,0.000000,0.000000,0.580000,0.000000,8.000000,65.410000
1789078795.365019,0,0.000000,0.000000,1.000000,0.050000,0.000000,0.000000,0.630000,0.000000,8.000000,65.410000
1789078795.365731,0,0.000000,0.000000,1.000000,0.050000,0.000000,0.000000,0.520000,0.000000,8.000000,65.430000
1789078795.366262,0,0.000000,0.000000,1.000000,0.000000,0.000000,0.000000,0.630000,0.000000,8.000000,65.440000
1789078795.390096,0,0.000000,0.000000,1.000000,0.180000,0.000000,0.000000,0.630000,0.000000,8.000000,65.440000
1789078795.390605,0,0.000000,0.000000,1.000000,0.000000,0.000000,0.000000,0.580000,0.000000,8.000000,65.450000
1789078795.415212,0,0.000000,0.000000,1.000000,0.100000,0.000000,0.000000,0.690000,0.000000,8.000000,65.470000
1789078795.415815,0,0.000000,0.000000,1.000000,-0.010000,0.000000,0.000000,0.520000,0.000000,8.000000,65.480000
1789078795.439477,0,0.000000,0.000000,1.000000,-0.010000,0.000000,0.000000,0.520000,0.000000,8.000000,65.480000
1789078795.439958,0,0.000000,0.000000,1.000000,0.100000,0.000000,0.000000,0.690000,0.000000,8.000000,65.500000
1789078795.440453,0,0.000000,0.000000,1.000000,0.000000,0.000000,0.000000,0.520000,0.000000,8.000000,65.510000
1789078795.464583,0,0.000000,0.000000,1.000000,0.000000,0.000000,0.000000,0.630000,0.000000,8.000000,65.510000
1789078795.465165,0,0.000000,0.000000,1.000000,0.050000,0.000000,0.000000,0.580000,0.000000,8.000000,65.520000
1789078795.465555,0,0.000000,0.000000,1.000000,0.100000,0.000000,0.000000,0.690000,0.000000,8.000000,65.540000
1789078795.490286,0,0.000000,0.000000,1.000000,-0.200000,0.000000,0.000000,0.580000,0.000000,8.000000,65.550000
1789078795.491025,0,0.000000,0.000000,1.000000,0.050000,0.000000,0.000000,0.630000,0.000000,8.000000,65.550000
1789078795.514328,0,0.000000,0.000000,1.000000,-0.010000,0.000000,0.000000,0.630000,0.000000,8.000000,65.560000
1789078795.514896,0,0.000000,0.000000,1.000000,-0.620000,0.000000,0.000000,0.580000,0.000000,8.000000,65.580000
1789078795.515472,0,0.000000,0.000000,1.000000,-0.070000,0.000000,0.000000,0.630000,0.000000,8.000000,65.580000
1789078795.538176,0,0.000000,0.000000,1.000000,-0.010000,0.000000,0.000000,0.520000,0.000000,8.000000,65.590000
1789078795.538686,0,0.000000,0.000000,1.000000,-0.010000,0.000000,0.000000,0.690000,0.000000,8.000000,65.610000
1789078795.539083,0,0.000000,0.000000,1.000000,0.000000,0.000000,0.000000,0.580000,0.000000,8.000000,65.620000
1789078795.563405,0,0.000000,0.000000,1.000000,0.050000,0.000000,0.000000,0.630000,0.000000,8.000000,65.620000
1789078795.586991,0,0.000000,0.000000,1.000000,-0.070000,0.000000,0.000000,0.630000,0.000000,8.000000,65.630000
1789078795.587528,0,0.000000,0.000000,1.000000,0.180000,0.000000,0.000000,0.520000,0.000000,8.000000,65.650000
1789078795.588102,0,0.000000,0.000000,1.000000,-0.150000,0.000000,0.000000,0.630000,0.000000,8.000000,65.650000
1789078795.611302,0,0.000000,0.000000,1.000000,-0.070000,0.000000,0.000000,0.690000,0.000000,8.000000,65.660000
1789078795.611941,0,0.000000,0.000000,1.000000,0.100000,0.000000,0.000000,0.690000,0.000000,8.000000,65.660000
1789078795.634540,0,0.000000,0.000000,1.000000,0.140000,0.000000,0.000000,0.630000,0.000000,8.000000,65.690000
1789078795.635193,0,0.000000,0.000000,1.000000,-0.010000,0.000000,0.000000,0.580000,0.000000,8.000000,65.690000
1789078795.635731,0,0.000000,0.000000,1.000000,0.000000,0.000000,0.000000,0.580000,0.000000,8.000000,65.700000
1789078795.659164,0,0.000000,0.000000,1.000000,-0.070000,0.000000,0.000000,0.520000,0.000000,8.000000,65.720000
1789078795.659668,0,0.000000,0.000000,1.000000,0.100000,0.000000,0.000000,0.520000,0.000000,8.000000,65.730000
1789078795.683810,0,0.000000,0.000000,1.000000,-0.070000,0.000000,0.000000,0.520000,0.000000,8.000000,65.730000
1789078795.706774,0,0.000000,0.000000,1.000000,-0.100000,0.000000,0.000000,0.630000,0.000000,8.000000,65.750000
1789078795.707283,0,0.000000,0.000000,1.000000,-0.010000,0.000000,0.000000,0.690000,0.000000,8.000000,65.760000
1789078795.707688,0,0.000000,0.000000,1.000000,0.000000,0.000000,0.000000,0.520000,0.000000,8.000000,65.760000
1789078795.709200,0,0.000000,0.000000,1.000000,0.100000,0.000000,0.000000,0.520000,0.000000,8.000000,65.770000
1789078795.731658,0,0.000000,0.000000,1.000000,0.100000,0.000000,0.000000,0.580000,0.000000,8.000000,65.790000
1789078795.732302,0,0.000000,0.000000,1.000000,0.050000,0.000000,0.000000,0.690000,0.000000,8.000000,65.800000
1789078795.755520,0,0.000000,0.000000,1.000000,0.310000,0.000000,0.000000,0.750000,0.000000,8.000000,65.800000
1789078795.756257,0,0.000000,0.000000,1.000000,0.000000,0.000000,0.000000,0.630000,0.000000,8.000000,65.810000
1789078795.779400,0,0.000000,0.000000,1.000000,0.000000,0.000000,0.000000,0.580000,0.000000,8.000000,65.830000
1789078795.780063,0,0.000000,0.000000,1.000000,0.050000,0.000000,0.000000,0.520000,0.000000,8.000000,65.840000
1789078795.802930,0,0.000000,0.000000,1.000000,-0.010000,0.000000,0.000000,0.580000,0.000000,8.000000,65.860000
1789078795.803460,0,0.000000,0.000000,1.000000,-0.010000,0.000000,0.000000,0.630000,0.000000,8.000000,65.870000
1789078795.826919,0,0.000000,0.000000,1.000000,0.180000,0.000000,0.000000,0.580000,0.000000,8.000000,65.870000
1789078795.827549,0,0.000000,0.000000,1.000000,-0.010000,0.000000,0.000000,0.690000,0.000000,8.000000,65.880000
1789078795.828061,0,0.000000,0.000000,1.000000,-0.100000,0.000000,0.000000,0.520000,0.000000,8.000000,65.900000
1789078795.851898,0,0.000000,0.000000,1.000000,-0.070000,0.000000,0.000000,0.580000,0.000000,8.000000,65.910000
1789078795.852465,0,0.000000,0.000000,1.000000,0.140000,0.000000,0.000000,0.520000,0.000000,8.000000,65.910000
1789078795.877061,0,0.000000,0.000000,1.000000,-0.010000,0.000000,0.000000,0.580000,0.000000,8.000000,65.930000
1789078795.877574,0,0.000000,0.000000,1.000000,0.000000,0.000000,0.000000,0.690000,0.000000,8.000000,65.940000
1789078795.878137,0,0.000000,0.000000,1.000000,0.100000,0.000000,0.000000,0.630000,0.000000,8.000000,65.940000
1789078795.901647,0,0.000000,0.000000,1.000000,0.100000,0.000000,0.000000,0.630000,0.000000,8.000000,65.950000
1789078795.902287,0,0.000000,0.000000,1.000000,0.000000,0.000000,0.000000,0.520000,0.000000,8.000000,65.970000
1789078795.926365,0,0.000000,0.000000,1.000000,0.050000,0.000000,0.000000,0.690000,0.000000,8.000000,65.980000
1789078795.927025,0,0.000000,0.000000,1.000000,0.000000,0.000000,0.000000,0.580000,0.000000,8.000000,65.980000
1789078795.927699,0,0.000000,0.000000,1.000000,0.050000,0.000000,0.000000,0.520000,0.000000,8.000000,66.000000
1789078795.951569,0,0.000000,0.000000,1.000000,0.050000,0.000000,0.000000,0.520000,0.000000,8.000000,66.010000
1789078795.952395,0,0.000000,0.000000,1.000000,-0.010000,0.000000,0.000000,0.630000,0.000000,8.000000,66.010000
1789078795.976670,0,0.000000,0.000000,1.000000,0.180000,0.000000,0.000000,0.470000,0.000000,8.000000,66.020000
1789078795.977168,0,0.000000,0.000000,1.000000,0.000000,0.000000,0.000000,0.630000,0.000000,8.000000,66.040000
1789078796.000312,0,0.000000,0.000000,1.000000,-0.100000,0.000000,0.000000,0.580000,0.000000,8.000000,66.050000
1789078796.000806,0,0.000000,0.000000,1.000000,0.050000,0.000000,0.000000,0.520000,0.000000,8.000000,66.050000
1789078796.001331,0,0.000000,0.000000,1.000000,-0.010000,0.000000,0.000000,0.630000,0.000000,8.000000,66.060000
1789078796.002795,0,0.000000,0.000000,1.000000,-0.010000,0.000000,0.000000,0.520000,0.000000,8.000000,66.080000
1789078796.025031,0,0.000000,0.000000,1.000000,0.100000,0.000000,0.000000,0.630000,0.000000,8.000000,66.080000
1789078796.025537,0,0.000000,0.000000,1.000000,-0.010000,0.000000,0.000000,0.580000,0.000000,8.000000,66.090000
1789078796.048029,0,0.000000,0.000000,1.000000,-0.200000,0.000000,0.000000,0.630000,0.000000,8.000000,66.110000
1789078796.048537,0,0.000000,0.000000,1.000000,0.000000,0.000000,0.000000,0.520000,0.000000,8.000000,66.120000
1789078796.071923,0,0.000000,0.000000,1.000000,0.000000,0.000000,0.000000,0.580000,0.000000,8.000000,66.120000
1789078796.072435,0,0.000000,0.000000,1.000000,0.230000,0.000000,0.000000,0.580000,0.000000,8.000000,66.130000
1789078796.094675,0,0.000000,0.000000,1.000000,-0.010000,0.000000,0.000000,0.690000,0.000000,8.000000,66.150000
1789078796.095176,0,0.000000,0.000000,1.000000,0.100000,0.000000,0.000000,0.520000,0.000000,8.000000,66.160000
1789078796.117569,0,0.000000,0.000000,1.000000,-0.010000,0.000000,0.000000,0.930000,0.000000,8.000000,66.160000
1789078796.118098,0,0.000000,0.000000,1.000000,0.100000,0.000000,0.000000,0.520000,0.000000,8.000000,66.180000
1789078796.118505,0,0.000000,0.000000,1.000000,0.100000,0.000000,0.000000,0.750000,0.000000,8.000000,66.190000
1789078796.140607,0,0.000000,0.000000,1.000000,0.050000,0.000000,0.000000,0.750000,0.000000,8.000000,66.190000
1789078796.141105,0,0.000000,0.000000,1.000000,-0.100000,0.000000,0.000000,0.580000,0.000000,8.000000,66.200000
1789078796.141496,0,0.000000,0.000000,1.000000,-0.010000,0.000000,0.000000,0.690000,0.000000,8.000000,66.220000
1789078796.163783,0,0.000000,0.000000,1.000000,0.000000,0.000000,0.000000,0.520000,0.000000,8.000000,66.230000
1789078796.164290,0,0.000000,0.000000,1.000000,0.000000,0.000000,0.000000,0.520000,0.000000,8.000000,66.230000
1789078796.188088,0,0.000000,0.000000,1.000000,0.000000,0.000000,0.000000,0.580000,0.000000,8.000000,66.250000
1789078796.188596,0,0.000000,0.000000,1.000000,0.140000,0.000000,0.000000,0.630000,0.000000,8.000000,66.260000
1789078796.191038,0,0.000000,0.000000,1.000000,0.100000,0.000000,0.000000,0.630000,0.000000,8.000000,66.260000
1789078796.214505,0,0.000000,0.000000,1.000000,0.000000,0.000000,0.000000,0.580000,0.000000,8.000000,66.270000
1789078796.215014,0,0.000000,0.000000,1.000000,0.050000,0.000000,0.000000,0.630000,0.000000,8.000000,66.290000
1789078796.240371,0,0.000000,0.000000,1.000000,0.000000,0.000000,0.000000,0.690000,0.000000,8.000000,66.300000
1789078796.240926,0,0.000000,0.000000,1.000000,-0.010000,0.000000,0.000000,0.470000,0.000000,8.000000,66.300000
1789078796.241344,0,0.000000,0.000000,1.000000,0.000000,0.000000,0.000000,0.630000,0.000000,8.000000,66.310000
1789078796.267178,0,0.000000,0.000000,1.000000,0.000000,0.000000,0.000000,0.690000,0.000000,8.000000,66.330000
1789078796.267687,0,0.000000,0.000000,1.000000,0.100000,0.000000,0.000000,0.690000,0.000000,8.000000,66.330000
1789078796.295249,0,0.000000,0.000000,1.000000,-0.010000,0.000000,0.000000,0.470000,0.000000,8.000000,66.340000
1789078796.295762,0,0.000000,0.000000,1.000000,0.560000,0.000000,0.000000,0.690000,0.000000,8.000000,66.360000
1789078796.322198,0,0.000000,0.000000,1.000000,0.000000,0.000000,0.000000,0.630000,0.000000,8.000000,66.370000
1789078796.322810,0,0.000000,0.000000,1.000000,-0.150000,0.000000,0.000000,0.580000,0.000000,8.000000,66.370000
1789078796.323345,0,0.000000,0.000000,1.000000,-0.010000,0.000000,0.000000,0.520000,0.000000,8.000000,66.380000
1789078796.349145,0,0.000000,0.000000,1.000000,0.100000,0.000000,0.000000,0.630000,0.000000,8.000000,66.400000
1789078796.349707,0,0.000000,0.000000,1.000000,-0.010000,0.000000,0.000000,0.470000,0.000000,8.000000,66.410000
1789078796.350230,0,0.000000,0.000000,1.000000,-0.100000,0.000000,0.000000,0.580000,0.000000,8.000000,66.410000
1789078796.375534,0,0.000000,0.000000,1.000000,-0.100000,0.000000,0.000000,0.630000,0.000000,8.000000,66.410000
1789078796.402009,0,0.000000,0.000000,1.000000,-0.010000,0.000000,0.000000,0.580000,0.000000,8.000000,66.440000
1789078796.402579,0,0.000000,0.000000,1.000000,-0.010000,0.000000,0.000000,0.580000,0.000000,8.000000,66.440000
1789078796.403003,0,0.000000,0.000000,1.000000,0.050000,0.000000,0.000000,0.580000,0.000000,8.000000,66.450000
1789078796.429572,0,0.000000,0.000000,1.000000,-0.010000,0.000000,0.000000,0.580000,0.000000,8.000000,66.470000
1789078796.430152,0,0.000000,0.000000,1.000000,0.000000,0.000000,0.000000,0.630000,0.000000,8.000000,66.480000
1789078796.430541,0,0.000000,0.000000,1.000000,0.000000,0.000000,0.000000,0.690000,0.000000,8.000000,66.480000
1789078796.455755,0,0.000000,0.000000,1.000000,0.000000,0.000000,0.000000,0.630000,0.000000,8.000000,66.500000
1789078796.456259,0,0.000000,0.000000,1.000000,0.000000,0.000000,0.000000,0.580000,0.000000,8.000000,66.510000
1789078796.456681,0,0.000000,0.000000,1.000000,-0.010000,0.000000,0.000000,0.690000,0.000000,8.000000,66.510000
1789078796.481093,0,0.000000,0.000000,1.000000,-0.150000,0.000000,0.000000,0.690000,0.000000,8.000000,66.520000
1789078796.506372,0,0.000000,0.000000,1.000000,0.100000,0.000000,0.000000,0.690000,0.000000,8.000000,66.540000
1789078796.506887,0,0.000000,0.000000,1.000000,0.140000,0.000000,0.000000,0.520000,0.000000,8.000000,66.550000
1789078796.507307,0,0.000000,0.000000,1.000000,-0.010000,0.000000,0.000000,0.630000,0.000000,8.000000,66.550000
1789078796.533535,0,0.000000,0.000000,1.000000,-0.370000,0.000000,0.000000,0.630000,0.000000,8.000000,66.580000
1789078796.534166,0,0.000000,0.000000,1.000000,-0.100000,0.000000,0.000000,0.580000,0.000000,8.000000,66.580000
1789078796.534685,0,0.000000,0.000000,1.000000,-0.100000,0.000000,0.000000,0.520000,0.000000,8.000000,66.590000
1789078796.560643,0,0.000000,0.000000,1.000000,0.000000,0.000000,0.000000,0.690000,0.000000,8.000000,66.610000
1789078796.561158,0,0.000000,0.000000,1.000000,0.050000,0.000000,0.000000,0.520000,0.000000,8.000000,66.620000
1789078796.561589,0,0.000000,0.000000,1.000000,-0.010000,0.000000,0.000000,0.580000,0.000000,8.000000,66.620000
1789078796.588057,0,0.000000,0.000000,1.000000,-0.010000,0.000000,0.000000,0.580000,0.000000,8.000000,66.630000
1789078796.588713,0,0.000000,0.000000,1.000000,0.000000,0.000000,0.000000,0.630000,0.000000,8.000000,66.650000
1789078796.589134,0,0.000000,0.000000,1.000000,0.270000,0.000000,0.000000,0.580000,0.000000,8.000000,66.660000
1789078796.615244,0,0.000000,0.000000,1.000000,-0.100000,0.000000,0.000000,0.630000,0.000000,8.000000,66.660000
1789078796.615754,0,0.000000,0.000000,1.000000,0.050000,0.000000,0.000000,0.520000,0.000000,8.000000,66.680000
1789078796.642216,0,0.000000,0.000000,1.000000,-0.070000,0.000000,0.000000,0.520000,0.000000,8.000000,66.690000
1789078796.642737,0,0.000000,0.000000,1.000000,-0.070000,0.000000,0.000000,0.580000,0.000000,8.000000,66.690000
1789078796.643262,0,0.000000,0.000000,1.000000,-0.100000,0.000000,0.000000,0.690000,0.000000,8.000000,66.700000
1789078796.669622,0,0.000000,0.000000,1.000000,0.000000,0.000000,0.000000,0.690000,0.000000,8.000000,66.720000
1789078796.670222,0,0.000000,0.000000,1.000000,0.180000,0.000000,0.000000,0.580000,0.000000,8.000000,66.730000
1789078796.670635,0,0.000000,0.000000,1.000000,0.050000,0.000000,0.000000,0.630000,0.000000,8.000000,66.730000
1789078796.696504,0,0.000000,0.000000,1.000000,0.000000,0.000000,0.000000,0.630000,0.000000,8.000000,66.750000
1789078796.697019,0,0.000000,0.000000,1.000000,0.140000,0.000000,0.000000,0.520000,0.000000,8.000000,66.760000
1789078796.697440,0,0.000000,0.000000,1.000000,-0.070000,0.000000,0.000000,0.690000,0.000000,8.000000,66.760000
1789078796.721629,0,0.000000,0.000000,1.000000,-0.070000,0.000000,0.000000,0.630000,0.000000,8.000000,66.770000
1789078796.722152,0,0.000000,0.000000,1.000000,0.180000,0.000000,0.000000,0.630000,0.000000,8.000000,66.790000
1789078796.722651,0,0.000000,0.000000,1.000000,0.000000,0.000000,0.000000,0.520000,0.000000,8.000000,66.800000
1789078796.746167,0,0.000000,0.000000,1.000000,-0.010000,0.000000,0.000000,0.520000,0.000000,8.000000,66.800000
1789078796.770212,0,0.000000,0.000000,1.000000,0.000000,0.000000,0.000000,0.630000,0.000000,8.000000,66.810000
1789078796.770728,0,0.000000,0.000000,1.000000,-0.010000,0.000000,0.000000,0.690000,0.000000,8.000000,66.830000
1789078796.771230,0,0.000000,0.000000,1.000000,-0.070000,0.000000,0.000000,0.630000,0.000000,8.000000,66.830000
1789078796.793941,0,0.000000,0.000000,1.000000,-0.100000,0.000000,0.000000,0.580000,0.000000,8.000000,66.840000
1789078796.794455,0,0.000000,0.000000,1.000000,0.000000,0.000000,0.000000,0.470000,0.000000,8.000000,66.860000
1789078796.816986,0,0.000000,0.000000,1.000000,0.140000,0.000000,0.000000,0.580000,0.000000,8.000000,66.870000
1789078796.817635,0,0.000000,0.000000,1.000000,0.100000,0.000000,0.000000,0.690000,0.000000,8.000000,66.870000
1789078796.819056,0,0.000000,0.000000,1.000000,0.050000,0.000000,0.000000,0.630000,0.000000,8.000000,66.880000
1789078796.841958,0,0.000000,0.000000,1.000000,0.050000,0.000000,0.000000,0.630000,0.000000,8.000000,66.900000
1789078796.842575,0,0.000000,0.000000,1.000000,-0.100000,0.000000,0.000000,0.580000,0.000000,8.000000,66.910000
1789078796.865744,0,0.000000,0.000000,1.000000,-0.150000,0.000000,0.000000,0.690000,0.000000,8.000000,66.910000
1789078796.866256,0,0.000000,0.000000,1.000000,0.050000,0.000000,0.000000,0.810000,0.000000,8.000000,66.930000
1789078796.892943,0,0.000000,0.000000,1.000000,-0.010000,0.000000,0.000000,0.580000,0.000000,8.000000,66.940000
1789078796.893483,0,0.000000,0.000000,1.000000,-0.100000,0.000000,0.000000,0.810000,0.000000,8.000000,66.940000
1789078796.916006,0,0.000000,0.000000,1.000000,0.050000,0.000000,0.000000,0.750000,0.000000,8.000000,66.970000
1789078796.916524,0,0.000000,0.000000,1.000000,0.050000,0.000000,0.000000,0.690000,0.000000,8.000000,66.980000
1789078796.917167,0,0.000000,0.000000,1.000000,-0.010000,0.000000,0.000000,0.630000,0.000000,8.000000,66.980000
1789078796.940860,0,0.000000,0.000000,1.000000,0.000000,0.000000,0.000000,0.580000,0.000000,8.000000,67.000000
1789078796.941365,0,0.000000,0.000000,1.000000,0.100000,0.000000,0.000000,0.580000,0.000000,8.000000,67.010000
1789078796.964418,0,0.000000,0.000000,1.000000,0.100000,0.000000,0.000000,0.520000,0.000000,8.000000,67.010000
1789078796.964918,0,0.000000,0.000000,1.000000,-0.500000,0.000000,0.000000,0.690000,0.000000,8.000000,67.020000
1789078796.988598,0,0.000000,0.000000,1.000000,-0.070000,0.000000,0.000000,0.580000,0.000000,8.000000,67.040000
1789078796.989080,0,0.000000,0.000000,1.000000,0.100000,0.000000,0.000000,0.750000,0.000000,8.000000,67.050000
1789078796.989492,0,0.000000,0.000000,1.000000,-0.100000,0.000000,0.000000,0.750000,0.000000,8.000000,67.050000
1789078797.012787,0,0.000000,0.000000,1.000000,-0.010000,0.000000,0.000000,0.580000,0.000000,8.000000,67.060000
1789078797.013480,0,0.000000,0.000000,1.000000,-0.010000,0.000000,0.000000,0.690000,0.000000,8.000000,67.080000
1789078797.038978,0,0.000000,0.000000,1.000000,0.100000,0.000000,0.000000,0.630000,0.000000,8.000000,67.080000
1789078797.039639,0,0.000000,0.000000,1.000000,-0.100000,0.000000,0.000000,0.690000,0.000000,8.000000,67.090000
1789078797.040107,0,0.000000,0.000000,1.000000,0.050000,0.000000,0.000000,0.580000,0.000000,8.000000,67.110000
1789078797.062876,0,0.000000,0.000000,1.000000,-0.070000,0.000000,0.000000,0.520000,0.000000,8.000000,67.120000
1789078797.063380,0,0.000000,0.000000,1.000000,0.050000,0.000000,0.000000,0.690000,0.000000,8.000000,67.120000
1789078797.085740,0,0.000000,0.000000,1.000000,0.140000,0.000000,0.000000,0.370000,0.000000,8.000000,67.130000
1789078797.086540,0,0.000000,0.000000,1.000000,-0.070000,0.000000,0.000000,0.630000,0.000000,8.000000,67.150000
1789078797.086995,0,0.000000,0.000000,1.000000,0.050000,0.000000,0.000000,0.630000,0.000000,8.000000,67.160000
1789078797.110208,0,0.000000,0.000000,1.000000,0.140000,0.000000,0.000000,0.580000,0.000000,8.000000,67.160000
1789078797.110732,0,0.000000,0.000000,1.000000,-0.010000,0.000000,0.000000,0.520000,0.000000,8.000000,67.180000
1789078797.132071,0,0.000000,0.000000,1.000000,-0.100000,0.000000,0.000000,0.630000,0.000000,8.000000,67.190000
1789078797.132573,0,0.000000,0.000000,1.000000,0.140000,0.000000,0.000000,0.630000,0.000000,8.000000,67.190000
1789078797.133100,0,0.000000,0.000000,1.000000,-0.010000,0.000000,0.000000,0.690000,0.000000,8.000000,67.200000
1789078797.155775,0,0.000000,0.000000,1.000000,-0.010000,0.000000,0.000000,0.520000,0.000000,8.000000,67.220000
1789078797.156532,0,0.000000,0.000000,1.000000,-0.010000,0.000000,0.000000,0.630000,0.000000,8.000000,67.230000
1789078797.178568,0,0.000000,0.000000,1.000000,0.000000,0.000000,0.000000,0.580000,0.000000,8.000000,67.230000
1789078797.179337,0,0.000000,0.000000,1.000000,0.100000,0.000000,0.000000,0.580000,0.000000,8.000000,67.250000
1789078797.200821,0,0.000000,0.000000,1.000000,-0.150000,0.000000,0.000000,0.580000,0.000000,8.000000,67.260000
1789078797.201502,0,0.000000,0.000000,1.000000,0.520000,0.000000,0.000000,0.580000,0.000000,8.000000,67.260000
1789078797.201939,0,0.000000,0.000000,1.000000,0.100000,0.000000,0.000000,0.580000,0.000000,8.000000,67.270000
1789078797.227056,0,0.000000,0.000000,1.000000,0.050000,0.000000,0.000000,0.520000,0.000000,8.000000,67.290000
1789078797.248842,0,0.000000,0.000000,1.000000,0.050000,0.000000,0.000000,0.580000,0.000000,8.000000,67.300000
1789078797.249343,0,0.000000,0.000000,1.000000,-0.100000,0.000000,0.000000,0.630000,0.000000,8.000000,67.300000
1789078797.249759,0,0.000000,0.000000,1.000000,-0.010000,0.000000,0.000000,0.690000,0.000000,8.000000,67.310000
1789078797.271724,0,0.000000,0.000000,1.000000,0.100000,0.000000,0.000000,0.520000,0.000000,8.000000,67.330000
1789078797.272233,0,0.000000,0.000000,1.000000,-0.230000,0.000000,0.000000,0.580000,0.000000,8.000000,67.330000
1789078797.294444,0,0.000000,0.000000,1.000000,0.000000,0.000000,0.000000,0.630000,0.000000,8.000000,67.340000
1789078797.294947,0,0.000000,0.000000,1.000000,0.050000,0.000000,0.000000,0.520000,0.000000,8.000000,67.360000
1789078797.317432,0,0.000000,0.000000,1.000000,0.140000,0.000000,0.000000,0.580000,0.000000,8.000000,67.370000
1789078797.317940,0,0.000000,0.000000,1.000000,0.230000,0.000000,0.000000,0.520000,0.000000,8.000000,67.370000
1789078797.340869,0,0.000000,0.000000,1.000000,0.000000,0.000000,0.000000,0.520000,0.000000,8.000000,67.380000
1789078797.341379,0,0.000000,0.000000,1.000000,-0.070000,0.000000,0.000000,0.580000,0.000000,8.000000,67.400000
1789078797.341803,0,0.000000,0.000000,1.000000,0.050000,0.000000,0.000000,0.630000,0.000000,8.000000,67.410000
1789078797.364621,0,0.000000,0.000000,1.000000,0.140000,0.000000,0.000000,0.580000,0.000000,8.000000,67.410000
1789078797.365172,0,0.000000,0.000000,1.000000,0.000000,0.000000,0.000000,0.630000,0.000000,8.000000,67.430000
1789078797.388137,0,0.000000,0.000000,1.000000,0.000000,0.000000,0.000000,0.630000,0.000000,8.000000,67.440000
1789078797.388705,0,0.000000,0.000000,1.000000,0.050000,0.000000,0.000000,0.630000,0.000000,8.000000,67.440000
1789078797.389354,0,0.000000,0.000000,1.000000,0.000000,0.000000,0.000000,0.520000,0.000000,8.000000,67.450000
1789078797.411376,0,0.000000,0.000000,1.000000,0.050000,0.000000,0.000000,0.630000,0.000000,8.000000,67.470000
1789078797.411880,0,0.000000,0.000000,1.000000,0.000000,0.000000,0.000000,0.690000,0.000000,8.000000,67.480000
1789078797.412406,0,0.000000,0.000000,1.000000,0.000000,0.000000,0.000000,0.630000,0.000000,8.000000,67.480000
1789078797.433930,0,0.000000,0.000000,1.000000,0.050000,0.000000,0.000000,0.630000,0.000000,8.000000,67.500000
1789078797.434439,0,0.000000,0.000000,1.000000,0.100000,0.000000,0.000000,0.520000,0.000000,8.000000,67.510000
1789078797.456753,0,0.000000,0.000000,1.000000,-0.010000,0.000000,0.000000,0.630000,0.000000,8.000000,67.510000
1789078797.457311,0,0.000000,0.000000,1.000000,0.000000,0.000000,0.000000,0.580000,0.000000,8.000000,67.520000
1789078797.457825,0,0.000000,0.000000,1.000000,-0.070000,0.000000,0.000000,0.870000,0.000000,8.000000,67.540000
1789078797.479521,0,0.000000,0.000000,1.000000,0.000000,0.000000,0.000000,0.520000,0.000000,8.000000,67.550000
1789078797.501579,0,0.000000,0.000000,1.000000,-0.100000,0.000000,0.000000,0.580000,0.000000,8.000000,67.550000
1789078797.502078,0,0.000000,0.000000,1.000000,-0.010000,0.000000,0.000000,0.370000,0.000000,8.000000,67.560000
1789078797.523798,0,0.000000,0.000000,1.000000,0.100000,0.000000,0.000000,0.630000,0.000000,8.000000,67.580000
1789078797.524367,0,0.000000,0.000000,1.000000,-0.100000,0.000000,0.000000,0.520000,0.000000,8.000000,67.580000
1789078797.547516,0,0.000000,0.000000,1.000000,-0.070000,0.000000,0.000000,0.520000,0.000000,8.000000,67.590000
1789078797.548019,0,0.000000,0.000000,1.000000,0.360000,0.000000,0.000000,0.470000,0.000000,8.000000,67.610000
1789078797.548643,0,0.000000,0.000000,1.000000,0.100000,0.000000,0.000000,0.690000,0.000000,8.000000,67.620000
1789078797.572538,0,0.000000,0.000000,1.000000,0.050000,0.000000,0.000000,0.630000,0.000000,8.000000,67.620000
1789078797.573066,0,0.000000,0.000000,1.000000,-0.070000,0.000000,0.000000,0.580000,0.000000,8.000000,67.630000
1789078797.596780,0,0.000000,0.000000,1.000000,-0.100000,0.000000,0.000000,0.580000,0.000000,8.000000,67.650000
1789078797.597288,0,0.000000,0.000000,1.000000,-0.070000,0.000000,0.000000,0.630000,0.000000,8.000000,67.660000
1789078797.619583,0,0.000000,0.000000,1.000000,0.050000,0.000000,0.000000,0.580000,0.000000,8.000000,67.660000
1789078797.620106,0,0.000000,0.000000,1.000000,-0.010000,0.000000,0.000000,0.690000,0.000000,8.000000,67.680000
1789078797.620801,0,0.000000,0.000000,1.000000,-0.010000,0.000000,0.000000,0.690000,0.000000,8.000000,67.690000
1789078797.642807,0,0.000000,0.000000,1.000000,0.050000,0.000000,0.000000,0.690000,0.000000,8.000000,67.690000
1789078797.643312,0,0.000000,0.000000,1.000000,0.050000,0.000000,0.000000,0.870000,0.000000,8.000000,67.700000
1789078797.665828,0,0.000000,0.000000,1.000000,0.050000,0.000000,0.000000,0.690000,0.000000,8.000000,67.720000
1789078797.666390,0,0.000000,0.000000,1.000000,0.100000,0.000000,0.000000,0.750000,0.000000,8.000000,67.730000
1789078797.666956,0,0.000000,0.000000,1.000000,0.310000,0.000000,0.000000,0.520000,0.000000,8.000000,67.730000
1789078797.690331,0,0.000000,0.000000,1.000000,0.000000,0.000000,0.000000,0.520000,0.000000,8.000000,67.750000
1789078797.691032,0,0.000000,0.000000,1.000000,0.050000,0.000000,0.000000,0.810000,0.000000,8.000000,67.760000
1789078797.713650,0,0.000000,0.000000,1.000000,0.000000,0.000000,0.000000,0.580000,0.000000,8.000000,67.760000
1789078797.714148,0,0.000000,0.000000,1.000000,0.140000,0.000000,0.000000,0.580000,0.000000,8.000000,67.770000
1789078797.736454,0,0.000000,0.000000,1.000000,0.490000,0.000000,0.000000,0.520000,0.000000,8.000000,67.790000
1789078797.737084,0,0.000000,0.000000,1.000000,0.050000,0.000000,0.000000,0.520000,0.000000,8.000000,67.800000
1789078797.737496,0,0.000000,0.000000,1.000000,-0.100000,0.000000,0.000000,0.750000,0.000000,8.000000,67.800000
1789078797.760336,0,0.000000,0.000000,1.000000,0.000000,0.000000,0.000000,0.630000,0.000000,8.000000,67.810000
1789078797.760841,0,0.000000,0.000000,1.000000,0.100000,0.000000,0.000000,0.690000,0.000000,8.000000,67.830000
1789078797.783295,0,0.000000,0.000000,1.000000,-0.010000,0.000000,0.000000,0.580000,0.000000,8.000000,67.830000
1789078797.783926,0,0.000000,0.000000,1.000000,0.050000,0.000000,0.000000,0.630000,0.000000,8.000000,67.840000
1789078797.806720,0,0.000000,0.000000,1.000000,0.050000,0.000000,0.000000,0.580000,0.000000,8.000000,67.860000
1789078797.807229,0,0.000000,0.000000,1.000000,-0.070000,0.000000,0.000000,0.580000,0.000000,8.000000,67.870000
1789078797.829664,0,0.000000,0.000000,1.000000,-0.070000,0.000000,0.000000,0.470000,0.000000,8.000000,67.870000
1789078797.830179,0,0.000000,0.000000,1.000000,0.050000,0.000000,0.000000,0.580000,0.000000,8.000000,67.880000
1789078797.852058,0,0.000000,0.000000,1.000000,-0.150000,0.000000,0.000000,0.580000,0.000000,8.000000,67.900000
1789078797.852575,0,0.000000,0.000000,1.000000,0.100000,0.000000,0.000000,0.580000,0.000000,8.000000,67.910000
1789078797.853128,0,0.000000,0.000000,1.000000,0.050000,0.000000,0.000000,0.870000,0.000000,8.000000,67.910000
1789078797.853953,0,0.000000,0.000000,1.000000,0.140000,0.000000,0.000000,0.580000,0.000000,8.000000,67.930000
1789078797.876027,0,0.000000,0.000000,1.000000,-0.070000,0.000000,0.000000,0.580000,0.000000,8.000000,67.940000
1789078797.876783,0,0.000000,0.000000,1.000000,0.100000,0.000000,0.000000,0.520000,0.000000,8.000000,67.940000
1789078797.898713,0,0.000000,0.000000,1.000000,-0.010000,0.000000,0.000000,0.580000,0.000000,8.000000,67.950000
1789078797.899359,0,0.000000,0.000000,1.000000,0.100000,0.000000,0.000000,0.580000,0.000000,8.000000,67.970000
1789078797.921288,0,0.000000,0.000000,1.000000,0.050000,0.000000,0.000000,0.690000,0.000000,8.000000,67.980000
1789078797.921788,0,0.000000,0.000000,1.000000,0.050000,0.000000,0.000000,0.690000,0.000000,8.000000,67.980000
1789078797.943981,0,0.000000,0.000000,1.000000,-0.150000,0.000000,0.000000,0.580000,0.000000,8.000000,68.000000
1789078797.944494,0,0.000000,0.000000,1.000000,0.100000,0.000000,0.000000,0.580000,0.000000,8.000000,68.010000
1789078797.966394,0,0.000000,0.000000,1.000000,0.000000,0.000000,0.000000,0.520000,0.000000,8.000000,68.010000
1789078797.966896,0,0.000000,0.000000,1.000000,-0.010000,0.000000,0.000000,0.520000,0.000000,8.000000,68.020000
1789078797.989290,0,0.000000,0.000000,1.000000,0.000000,0.000000,0.000000,0.580000,0.000000,8.000000,68.040000
1789078797.989800,0,0.000000,0.000000,1.000000,0.140000,0.000000,0.000000,0.580000,0.000000,8.000000,68.050000
1789078797.990245,0,0.000000,0.000000,1.000000,-0.100000,0.000000,0.000000,0.580000,0.000000,8.000000,68.050000
1789078798.013326,0,0.000000,0.000000,1.000000,0.100000,0.000000,0.000000,0.580000,0.000000,8.000000,68.060000
1789078798.013949,0,0.000000,0.000000,1.000000,-0.010000,0.000000,0.000000,0.470000,0.000000,8.000000,68.080000
1789078798.037240,0,0.000000,0.000000,1.000000,0.050000,0.000000,0.000000,0.520000,0.000000,8.000000,68.080000
1789078798.037773,0,0.000000,0.000000,1.000000,0.050000,0.000000,0.000000,0.630000,0.000000,8.000000,68.090000
1789078798.060411,0,0.000000,0.000000,1.000000,-0.010000,0.000000,0.000000,0.690000,0.000000,8.000000,68.110000
1789078798.060926,0,0.000000,0.000000,1.000000,0.270000,0.000000,0.000000,0.630000,0.000000,8.000000,68.120000
1789078798.082943,0,0.000000,0.000000,1.000000,-0.070000,0.000000,0.000000,0.690000,0.000000,8.000000,68.120000
1789078798.083455,0,0.000000,0.000000,1.000000,0.050000,0.000000,0.000000,0.630000,0.000000,8.000000,68.130000
1789078798.083884,0,0.000000,0.000000,1.000000,-0.010000,0.000000,0.000000,0.580000,0.000000,8.000000,68.150000
1789078798.108361,0,0.000000,0.000000,1.000000,0.000000,0.000000,0.000000,0.580000,0.000000,8.000000,68.160000
1789078798.108867,0,0.000000,0.000000,1.000000,0.050000,0.000000,0.000000,0.630000,0.000000,8.000000,68.160000
1789078798.133088,0,0.000000,0.000000,1.000000,0.180000,0.000000,0.000000,0.580000,0.000000,8.000000,68.180000
1789078798.133600,0,0.000000,0.000000,1.000000,-0.100000,0.000000,0.000000,0.520000,0.000000,8.000000,68.190000
1789078798.158723,0,0.000000,0.000000,1.000000,-0.070000,0.000000,0.000000,0.630000,0.000000,8.000000,68.190000
1789078798.159259,0,0.000000,0.000000,1.000000,0.100000,0.000000,0.000000,0.580000,0.000000,8.000000,68.200000
1789078798.159670,0,0.000000,0.000000,1.000000,0.050000,0.000000,0.000000,0.690000,0.000000,8.000000,68.220000
1789078798.183015,0,0.000000,0.000000,1.000000,0.100000,0.000000,0.000000,0.690000,0.000000,8.000000,68.230000
1789078798.183518,0,0.000000,0.000000,1.000000,0.050000,0.000000,0.000000,0.810000,0.000000,8.000000,68.230000
1789078798.209783,0,0.000000,0.000000,1.000000,0.050000,0.000000,0.000000,0.630000,0.000000,8.000000,68.250000
1789078798.210273,0,0.000000,0.000000,1.000000,0.100000,0.000000,0.000000,0.580000,0.000000,8.000000,68.260000
1789078798.210651,0,0.000000,0.000000,1.000000,-0.010000,0.000000,0.000000,0.580000,0.000000,8.000000,68.260000
1789078798.236825,0,0.000000,0.000000,1.000000,-0.150000,0.000000,0.000000,0.750000,0.000000,8.000000,68.270000
1789078798.237351,0,0.000000,0.000000,1.000000,0.000000,0.000000,0.000000,0.750000,0.000000,8.000000,68.290000
1789078798.237878,0,0.000000,0.000000,1.000000,-0.010000,0.000000,0.000000,0.750000,0.000000,8.000000,68.300000
1789078798.263678,0,0.000000,0.000000,1.000000,-0.010000,0.000000,0.000000,0.580000,0.000000,8.000000,68.300000
1789078798.264215,0,0.000000,0.000000,1.000000,-0.010000,0.000000,0.000000,0.520000,0.000000,8.000000,68.310000
1789078798.264612,0,0.000000,0.000000,1.000000,-0.070000,0.000000,0.000000,0.470000,0.000000,8.000000,68.330000
1789078798.291142,0,0.000000,0.000000,1.000000,-0.010000,0.000000,0.000000,0.520000,0.000000,8.000000,68.330000
1789078798.291726,0,0.000000,0.000000,1.000000,0.100000,0.000000,0.000000,0.630000,0.000000,8.000000,68.340000
1789078798.292181,0,0.000000,0.000000,1.000000,-0.150000,0.000000,0.000000,0.520000,0.000000,8.000000,68.360000
1789078798.316637,0,0.000000,0.000000,1.000000,-0.100000,0.000000,0.000000,0.630000,0.000000,8.000000,68.370000
1789078798.317144,0,0.000000,0.000000,1.000000,0.100000,0.000000,0.000000,0.470000,0.000000,8.000000,68.370000
1789078798.317669,0,0.000000,0.000000,1.000000,0.620000,0.000000,0.000000,0.690000,0.000000,8.000000,68.380000
1789078798.343004,0,0.000000,0.000000,1.000000,0.000000,0.000000,0.000000,0.580000,0.000000,8.000000,68.400000
1789078798.343521,0,0.000000,0.000000,1.000000,0.000000,0.000000,0.000000,0.810000,0.000000,8.000000,68.410000
1789078798.369267,0,0.000000,0.000000,1.000000,0.100000,0.000000,0.000000,0.520000,0.000000,8.000000,68.410000
1789078798.369919,0,0.000000,0.000000,1.000000,0.180000,0.000000,0.000000,0.630000,0.000000,8.000000,68.430000
1789078798.396810,0,0.000000,0.000000,1.000000,0.180000,0.000000,0.000000,0.630000,0.000000,8.000000,68.440000
1789078798.397421,0,0.000000,0.000000,1.000000,-0.070000,0.000000,0.000000,0.520000,0.000000,8.000000,68.440000
1789078798.397941,0,0.000000,0.000000,1.000000,-0.150000,0.000000,0.000000,0.810000,0.000000,8.000000,68.450000
1789078798.423616,0,0.000000,0.000000,1.000000,0.140000,0.000000,0.000000,0.580000,0.000000,8.000000,68.470000
1789078798.424180,0,0.000000,0.000000,1.000000,0.050000,0.000000,0.000000,0.690000,0.000000,8.000000,68.480000
1789078798.424611,0,0.000000,0.000000,1.000000,0.050000,0.000000,0.000000,0.580000,0.000000,8.000000,68.480000
1789078798.447081,0,0.000000,0.000000,1.000000,0.180000,0.000000,0.000000,0.630000,0.000000,8.000000,68.500000
1789078798.447586,0,0.000000,0.000000,1.000000,0.140000,0.000000,0.000000,0.580000,0.000000,8.000000,68.510000
1789078798.448216,0,0.000000,0.000000,1.000000,-0.010000,0.000000,0.000000,0.310000,0.000000,8.000000,68.510000
1789078798.471321,0,0.000000,0.000000,1.000000,0.000000,0.000000,0.000000,0.580000,0.000000,8.000000,68.520000
1789078798.471807,0,0.000000,0.000000,1.000000,0.140000,0.000000,0.000000,0.580000,0.000000,8.000000,68.540000
1789078798.494096,0,0.000000,0.000000,1.000000,0.100000,0.000000,0.000000,0.750000,0.000000,8.000000,68.550000
1789078798.494634,0,0.000000,0.000000,1.000000,0.000000,0.000000,0.000000,0.580000,0.000000,8.000000,68.550000
1789078798.516826,0,0.000000,0.000000,1.000000,-0.400000,0.000000,0.000000,0.580000,0.000000,8.000000,68.560000
1789078798.517330,0,0.000000,0.000000,1.000000,0.000000,0.000000,0.000000,0.580000,0.000000,8.000000,68.580000
1789078798.539792,0,0.000000,0.000000,1.000000,0.050000,0.000000,0.000000,0.580000,0.000000,8.000000,68.580000
1789078798.540304,0,0.000000,0.000000,1.000000,0.100000,0.000000,0.000000,0.520000,0.000000,8.000000,68.590000
1789078798.540730,0,0.000000,0.000000,1.000000,-0.010000,0.000000,0.000000,0.580000,0.000000,8.000000,68.610000
1789078798.564822,0,0.000000,0.000000,1.000000,0.050000,0.000000,0.000000,0.690000,0.000000,8.000000,68.620000
1789078798.587367,0,0.000000,0.000000,1.000000,0.050000,0.000000,0.000000,0.580000,0.000000,8.000000,68.620000
1789078798.587996,0,0.000000,0.000000,1.000000,0.100000,0.000000,0.000000,0.690000,0.000000,8.000000,68.630000
1789078798.588467,0,0.000000,0.000000,1.000000,-0.070000,0.000000,0.000000,0.630000,0.000000,8.000000,68.650000
1789078798.589142,0,0.000000,0.000000,1.000000,0.000000,0.000000,0.000000,0.630000,0.000000,8.000000,68.660000
1789078798.612289,0,0.000000,0.000000,1.000000,-0.070000,0.000000,0.000000,0.580000,0.000000,8.000000,68.660000
1789078798.612984,0,0.000000,0.000000,1.000000,0.000000,0.000000,0.000000,0.580000,0.000000,8.000000,68.680000
1789078798.635322,0,0.000000,0.000000,1.000000,0.100000,0.000000,0.000000,0.470000,0.000000,8.000000,68.690000
1789078798.635825,0,0.000000,0.000000,1.000000,0.100000,0.000000,0.000000,0.690000,0.000000,8.000000,68.690000
1789078798.657128,0,0.000000,0.000000,1.000000,-0.100000,0.000000,0.000000,0.580000,0.000000,8.000000,68.700000
1789078798.657637,0,0.000000,0.000000,1.000000,-0.010000,0.000000,0.000000,0.520000,0.000000,8.000000,68.720000
1789078798.658067,0,0.000000,0.000000,1.000000,-0.010000,0.000000,0.000000,0.630000,0.000000,8.000000,68.730000
1789078798.679325,0,0.000000,0.000000,1.000000,-0.010000,0.000000,0.000000,0.750000,0.000000,8.000000,68.730000
1789078798.679831,0,0.000000,0.000000,1.000000,-0.010000,0.000000,0.000000,0.630000,0.000000,8.000000,68.750000
1789078798.700923,0,0.000000,0.000000,1.000000,0.100000,0.000000,0.000000,0.520000,0.000000,8.000000,68.760000
1789078798.701455,0,0.000000,0.000000,1.000000,0.050000,0.000000,0.000000,0.630000,0.000000,8.000000,68.760000
1789078798.723092,0,0.000000,0.000000,1.000000,0.100000,0.000000,0.000000,0.520000,0.000000,8.000000,68.770000
1789078798.723788,0,0.000000,0.000000,1.000000,0.000000,0.000000,0.000000,0.580000,0.000000,8.000000,68.790000
1789078798.745747,0,0.000000,0.000000,1.000000,-0.010000,0.000000,0.000000,0.630000,0.000000,8.000000,68.800000
1789078798.746353,0,0.000000,0.000000,1.000000,-0.070000,0.000000,0.000000,0.690000,0.000000,8.000000,68.800000
1789078798.746777,0,0.000000,0.000000,1.000000,0.000000,0.000000,0.000000,0.690000,0.000000,8.000000,68.810000
1789078798.769237,0,0.000000,0.000000,1.000000,-0.100000,0.000000,0.000000,0.630000,0.000000,8.000000,68.830000
1789078798.792438,0,0.000000,0.000000,1.000000,-0.100000,0.000000,0.000000,0.690000,0.000000,8.000000,68.830000
1789078798.792948,0,0.000000,0.000000,1.000000,0.050000,0.000000,0.000000,0.630000,0.000000,8.000000,68.840000
1789078798.793373,0,0.000000,0.000000,1.000000,0.000000,0.000000,0.000000,0.470000,0.000000,8.000000,68.860000
1789078798.815469,0,0.000000,0.000000,1.000000,-0.070000,0.000000,0.000000,0.580000,0.000000,8.000000,68.870000
1789078798.816037,0,0.000000,0.000000,1.000000,-0.010000,0.000000,0.000000,0.630000,0.000000,8.000000,68.870000
1789078798.816624,0,0.000000,0.000000,1.000000,-0.010000,0.000000,0.000000,0.630000,0.000000,8.000000,68.880000
1789078798.840456,0,0.000000,0.000000,1.000000,-0.100000,0.000000,0.000000,0.630000,0.000000,8.000000,68.900000
1789078798.840968,0,0.000000,0.000000,1.000000,0.140000,0.000000,0.000000,0.470000,0.000000,8.000000,68.910000
1789078798.863125,0,0.000000,0.000000,1.000000,0.140000,0.000000,0.000000,0.470000,0.000000,8.000000,68.910000
1789078798.863629,0,0.000000,0.000000,1.000000,0.050000,0.000000,0.000000,0.580000,0.000000,8.000000,68.930000
1789078798.886115,0,0.000000,0.000000,1.000000,0.100000,0.000000,0.000000,0.750000,0.000000,8.000000,68.940000
1789078798.886801,0,0.000000,0.000000,1.000000,-0.010000,0.000000,0.000000,0.580000,0.000000,8.000000,68.940000
1789078798.910711,0,0.000000,0.000000,1.000000,0.100000,0.000000,0.000000,0.520000,0.000000,8.000000,68.950000
1789078798.911274,0,0.000000,0.000000,1.000000,0.140000,0.000000,0.000000,0.630000,0.000000,8.000000,68.970000
1789078798.911969,0,0.000000,0.000000,1.000000,0.140000,0.000000,0.000000,0.580000,0.000000,8.000000,68.980000
1789078798.934467,0,0.000000,0.000000,1.000000,0.100000,0.000000,0.000000,0.520000,0.000000,8.000000,68.980000
1789078798.934977,0,0.000000,0.000000,1.000000,0.000000,0.000000,0.000000,0.520000,0.000000,8.000000,69.000000
1789078798.935514,0,0.000000,0.000000,1.000000,0.140000,0.000000,0.000000,0.630000,0.000000,8.000000,69.010000
1789078798.956483,0,0.000000,0.000000,1.000000,0.100000,0.000000,0.000000,0.520000,0.000000,8.000000,69.010000
1789078798.957057,0,0.000000,0.000000,1.000000,0.000000,0.000000,0.000000,0.520000,0.000000,8.000000,69.020000
1789078798.979756,0,0.000000,0.000000,1.000000,0.050000,0.000000,0.000000,0.630000,0.000000,8.000000,69.040000
1789078798.980353,0,0.000000,0.000000,1.000000,0.050000,0.000000,0.000000,0.630000,0.000000,8.000000,69.050000
1789078799.004187,0,0.000000,0.000000,1.000000,0.000000,0.000000,0.000000,0.520000,0.000000,8.000000,69.050000
1789078799.004708,0,0.000000,0.000000,1.000000,-0.200000,0.000000,0.000000,0.580000,0.000000,8.000000,69.060000
1789078799.028916,0,0.000000,0.000000,1.000000,-0.100000,0.000000,0.000000,0.690000,0.000000,8.000000,69.080000
1789078799.029501,0,0.000000,0.000000,1.000000,-0.010000,0.000000,0.000000,0.580000,0.000000,8.000000,69.080000
1789078799.052089,0,0.000000,0.000000,1.000000,-0.070000,0.000000,0.000000,0.580000,0.000000,8.000000,69.090000
1789078799.052596,0,0.000000,0.000000,1.000000,0.000000,0.000000,0.000000,0.520000,0.000000,8.000000,69.110000
1789078799.053337,0,0.000000,0.000000,1.000000,0.000000,0.000000,0.000000,0.580000,0.000000,8.000000,69.120000
1789078799.074567,0,0.000000,0.000000,1.000000,0.000000,0.000000,0.000000,0.690000,0.000000,8.000000,69.120000
1789078799.075079,0,0.000000,0.000000,1.000000,0.000000,0.000000,0.000000,0.690000,0.000000,8.000000,69.130000
1789078799.075763,0,0.000000,0.000000,1.000000,0.100000,0.000000,0.000000,0.630000,0.000000,8.000000,69.150000
1789078799.096650,0,0.000000,0.000000,1.000000,-0.010000,0.000000,0.000000,0.520000,0.000000,8.000000,69.160000
1789078799.097278,0,0.000000,0.000000,1.000000,-0.150000,0.000000,0.000000,0.580000,0.000000,8.000000,69.160000
1789078799.120678,0,0.000000,0.000000,1.000000,0.100000,0.000000,0.000000,0.630000,0.000000,8.000000,69.180000
1789078799.121701,0,0.000000,0.000000,1.000000,0.100000,0.000000,0.000000,0.580000,0.000000,8.000000,69.190000
1789078799.144193,0,0.000000,0.000000,1.000000,-0.010000,0.000000,0.000000,0.690000,0.000000,8.000000,69.190000
1789078799.144793,0,0.000000,0.000000,1.000000,0.050000,0.000000,0.000000,0.690000,0.000000,8.000000,69.200000
1789078799.166749,0,0.000000,0.000000,1.000000,-0.070000,0.000000,0.000000,0.690000,0.000000,8.000000,69.220000
1789078799.167278,0,0.000000,0.000000,1.000000,0.100000,0.000000,0.000000,0.690000,0.000000,8.000000,69.230000
1789078799.190125,0,0.000000,0.000000,1.000000,0.100000,0.000000,0.000000,0.630000,0.000000,8.000000,69.230000
1789078799.190633,0,0.000000,0.000000,1.000000,0.140000,0.000000,0.000000,0.690000,0.000000,8.000000,69.260000
1789078799.212990,0,0.000000,0.000000,1.000000,0.100000,0.000000,0.000000,0.520000,0.000000,8.000000,69.260000
1789078799.213493,0,0.000000,0.000000,1.000000,-0.070000,0.000000,0.000000,0.630000,0.000000,8.000000,69.270000
1789078799.237425,0,0.000000,0.000000,1.000000,0.050000,0.000000,0.000000,0.690000,0.000000,8.000000,69.290000
1789078799.238037,0,0.000000,0.000000,1.000000,0.230000,0.000000,0.000000,0.580000,0.000000,8.000000,69.300000
1789078799.238698,0,0.000000,0.000000,1.000000,0.100000,0.000000,0.000000,0.580000,0.000000,8.000000,69.300000
1789078799.261089,0,0.000000,0.000000,1.000000,-0.150000,0.000000,0.000000,0.630000,0.000000,8.000000,69.310000
1789078799.261597,0,0.000000,0.000000,1.000000,0.100000,0.000000,0.000000,0.580000,0.000000,8.000000,69.330000
1789078799.283362,0,0.000000,0.000000,1.000000,0.000000,0.000000,0.000000,0.690000,0.000000,8.000000,69.330000
1789078799.283872,0,0.000000,0.000000,1.000000,0.100000,0.000000,0.000000,0.630000,0.000000,8.000000,69.340000
1789078799.284291,0,0.000000,0.000000,1.000000,0.100000,0.000000,0.000000,0.520000,0.000000,8.000000,69.360000
1789078799.306105,0,0.000000,0.000000,1.000000,-0.010000,0.000000,0.000000,0.520000,0.000000,8.000000,69.370000
1789078799.327775,0,0.000000,0.000000,1.000000,0.000000,0.000000,0.000000,0.690000,0.000000,8.000000,69.370000
1789078799.328284,0,0.000000,0.000000,1.000000,-0.100000,0.000000,0.000000,0.580000,0.000000,8.000000,69.380000
1789078799.349135,0,0.000000,0.000000,1.000000,0.100000,0.000000,0.000000,0.630000,0.000000,8.000000,69.400000
1789078799.349637,0,0.000000,0.000000,1.000000,0.000000,0.000000,0.000000,0.690000,0.000000,8.000000,69.410000
1789078799.350157,0,0.000000,0.000000,1.000000,0.000000,0.000000,0.000000,0.580000,0.000000,8.000000,69.410000
1789078799.372964,0,0.000000,0.000000,1.000000,-0.280000,0.000000,0.000000,0.580000,0.000000,8.000000,69.430000
1789078799.394484,0,0.000000,0.000000,1.000000,0.180000,0.000000,0.000000,0.520000,0.000000,8.000000,69.440000
1789078799.394996,0,0.000000,0.000000,1.000000,-0.010000,0.000000,0.000000,0.690000,0.000000,8.000000,69.440000
1789078799.395427,0,0.000000,0.000000,1.000000,-0.010000,0.000000,0.000000,0.630000,0.000000,8.000000,69.450000
1789078799.417616,0,0.000000,0.000000,1.000000,-0.010000,0.000000,0.000000,0.580000,0.000000,8.000000,69.470000
1789078799.418225,0,0.000000,0.000000,1.000000,0.000000,0.000000,0.000000,0.630000,0.000000,8.000000,69.480000
1789078799.440510,0,0.000000,0.000000,1.000000,0.000000,0.000000,0.000000,0.520000,0.000000,8.000000,69.480000
1789078799.461648,0,0.000000,0.000000,1.000000,-0.010000,0.000000,0.000000,0.520000,0.000000,8.000000,69.500000
1789078799.462153,0,0.000000,0.000000,1.000000,0.050000,0.000000,0.000000,0.630000,0.000000,8.000000,69.510000
1789078799.462679,0,0.000000,0.000000,1.000000,0.000000,0.000000,0.000000,0.520000,0.000000,8.000000,69.510000
1789078799.463140,0,0.000000,0.000000,1.000000,-0.100000,0.000000,0.000000,0.520000,0.000000,8.000000,69.520000
1789078799.485408,0,0.000000,0.000000,1.000000,0.050000,0.000000,0.000000,0.580000,0.000000,8.000000,69.540000
1789078799.485910,0,0.000000,0.000000,1.000000,0.050000,0.000000,0.000000,0.520000,0.000000,8.000000,69.550000
1789078799.509341,0,0.000000,0.000000,1.000000,-0.200000,0.000000,0.000000,0.630000,0.000000,8.000000,69.550000
1789078799.509851,0,0.000000,0.000000,1.000000,-0.070000,0.000000,0.000000,0.580000,0.000000,8.000000,69.560000
1789078799.532455,0,0.000000,0.000000,1.000000,0.140000,0.000000,0.000000,0.630000,0.000000,8.000000,69.580000
1789078799.533113,0,0.000000,0.000000,1.000000,0.000000,0.000000,0.000000,0.750000,0.000000,8.000000,69.590000
1789078799.554693,0,0.000000,0.000000,1.000000,-0.100000,0.000000,0.000000,0.690000,0.000000,8.000000,69.610000
1789078799.555199,0,0.000000,0.000000,1.000000,0.000000,0.000000,0.000000,0.630000,0.000000,8.000000,69.620000
1789078799.555711,0,0.000000,0.000000,1.000000,0.000000,0.000000,0.000000,0.580000,0.000000,8.000000,69.620000
1789078799.577243,0,0.000000,0.000000,1.000000,0.140000,0.000000,0.000000,0.470000,0.000000,8.000000,69.630000
1789078799.599355,0,0.000000,0.000000,1.000000,-0.010000,0.000000,0.000000,0.630000,0.000000,8.000000,69.650000
1789078799.599862,0,0.000000,0.000000,1.000000,0.050000,0.000000,0.000000,0.690000,0.000000,8.000000,69.660000
1789078799.621966,0,0.000000,0.000000,1.000000,0.140000,0.000000,0.000000,0.630000,0.000000,8.000000,69.660000
1789078799.622477,0,0.000000,0.000000,1.000000,0.000000,0.000000,0.000000,0.580000,0.000000,8.000000,69.680000
1789078799.623199,0,0.000000,0.000000,1.000000,0.490000,0.000000,0.000000,0.410000,0.000000,8.000000,69.690000
1789078799.645869,0,0.000000,0.000000,1.000000,0.050000,0.000000,0.000000,0.630000,0.000000,8.000000,69.690000
1789078799.646615,0,0.000000,0.000000,1.000000,0.000000,0.000000,0.000000,0.580000,0.000000,8.000000,69.700000
1789078799.668009,0,0.000000,0.000000,1.000000,0.000000,0.000000,0.000000,0.630000,0.000000,8.000000,69.720000
1789078799.668562,0,0.000000,0.000000,1.000000,0.100000,0.000000,0.000000,0.580000,0.000000,8.000000,69.730000
1789078799.669025,0,0.000000,0.000000,1.000000,0.100000,0.000000,0.000000,0.690000,0.000000,8.000000,69.730000
1789078799.691940,0,0.000000,0.000000,1.000000,0.050000,0.000000,0.000000,0.580000,0.000000,8.000000,69.750000
1789078799.692555,0,0.000000,0.000000,1.000000,0.050000,0.000000,0.000000,0.580000,0.000000,8.000000,69.760000
1789078799.714138,0,0.000000,0.000000,1.000000,0.000000,0.000000,0.000000,0.690000,0.000000,8.000000,69.760000
1789078799.714724,0,0.000000,0.000000,1.000000,-0.010000,0.000000,0.000000,0.580000,0.000000,8.000000,69.770000
1789078799.737654,0,0.000000,0.000000,1.000000,0.000000,0.000000,0.000000,0.630000,0.000000,8.000000,69.790000
1789078799.738118,0,0.000000,0.000000,1.000000,0.050000,0.000000,0.000000,0.580000,0.000000,8.000000,69.800000
1789078799.760683,0,0.000000,0.000000,1.000000,0.050000,0.000000,0.000000,0.630000,0.000000,8.000000,69.800000
1789078799.761187,0,0.000000,0.000000,1.000000,0.100000,0.000000,0.000000,0.580000,0.000000,8.000000,69.810000
1789078799.783072,0,0.000000,0.000000,1.000000,-0.010000,0.000000,0.000000,0.580000,0.000000,8.000000,69.830000
1789078799.783580,0,0.000000,0.000000,1.000000,-0.070000,0.000000,0.000000,0.580000,0.000000,8.000000,69.830000
1789078799.805964,0,0.000000,0.000000,1.000000,0.050000,0.000000,0.000000,0.630000,0.000000,8.000000,69.840000
1789078799.806470,0,0.000000,0.000000,1.000000,-0.100000,0.000000,0.000000,0.630000,0.000000,8.000000,69.860000
1789078799.806899,0,0.000000,0.000000,1.000000,0.000000,0.000000,0.000000,0.580000,0.000000,8.000000,69.870000
1789078799.828769,0,0.000000,0.000000,1.000000,0.050000,0.000000,0.000000,0.630000,0.000000,8.000000,69.870000
1789078799.829273,0,0.000000,0.000000,1.000000,0.050000,0.000000,0.000000,0.520000,0.000000,8.000000,69.880000
1789078799.829694,0,0.000000,0.000000,1.000000,-0.070000,0.000000,0.000000,0.630000,0.000000,8.000000,69.900000
1789078799.851957,0,0.000000,0.000000,1.000000,0.180000,0.000000,0.000000,0.630000,0.000000,8.000000,69.910000
1789078799.852621,0,0.000000,0.000000,1.000000,0.000000,0.000000,0.000000,0.520000,0.000000,8.000000,69.910000
1789078799.876014,0,0.000000,0.000000,1.000000,0.000000,0.000000,0.000000,0.580000,0.000000,8.000000,69.930000
1789078799.876733,0,0.000000,0.000000,1.000000,0.100000,0.000000,0.000000,0.690000,0.000000,8.000000,69.940000
1789078799.899055,0,0.000000,0.000000,1.000000,-0.100000,0.000000,0.000000,0.690000,0.000000,8.000000,69.940000
1789078799.899787,0,0.000000,0.000000,1.000000,0.000000,0.000000,0.000000,0.470000,0.000000,8.000000,69.950000
1789078799.920658,0,0.000000,0.000000,1.000000,-0.010000,0.000000,0.000000,0.580000,0.000000,8.000000,69.970000
1789078799.921385,0,0.000000,0.000000,1.000000,0.140000,0.000000,0.000000,0.470000,0.000000,8.000000,69.980000
1789078799.921902,0,0.000000,0.000000,1.000000,0.000000,0.000000,0.000000,0.580000,0.000000,8.000000,69.980000
1789078799.922514,0,0.000000,0.000000,1.000000,-0.100000,0.000000,0.000000,0.630000,0.000000,8.000000,70.000000
1789078799.943853,0,0.000000,0.000000,1.000000,-0.070000,0.000000,0.000000,0.580000,0.000000,8.000000,70.010000
1789078799.944532,0,0.000000,0.000000,1.000000,-0.100000,0.000000,0.000000,0.630000,0.000000,8.000000,70.010000
1789078799.966472,0,0.000000,0.000000,1.000000,0.000000,0.000000,0.000000,0.470000,0.000000,8.000000,70.020000
1789078799.966977,0,0.000000,0.000000,1.000000,0.000000,0.000000,0.000000,0.690000,0.000000,8.000000,70.040000
1789078799.988394,0,0.000000,0.000000,1.000000,0.310000,0.000000,0.000000,0.630000,0.000000,8.000000,70.050000
1789078799.988903,0,0.000000,0.000000,1.000000,-0.070000,0.000000,0.000000,0.580000,0.000000,8.000000,70.050000
1789078799.989444,0,0.000000,0.000000,1.000000,0.230000,0.000000,0.000000,0.690000,0.000000,8.000000,70.060000
1789078800.013089,0,0.000000,0.000000,1.000000,-0.010000,0.000000,0.000000,0.630000,0.000000,8.000000,70.080000
1789078800.035627,0,0.000000,0.000000,1.000000,-0.070000,0.000000,0.000000,0.470000,0.000000,8.000000,70.080000
1789078800.036253,0,0.000000,0.000000,1.000000,-0.010000,0.000000,0.000000,0.580000,0.000000,8.000000,70.090000
1789078800.036952,0,0.000000,0.000000,1.000000,-0.100000,0.000000,0.000000,0.630000,0.000000,8.000000,70.110000
1789078800.059450,0,0.000000,0.000000,1.000000,0.100000,0.000000,0.000000,0.690000,0.000000,8.000000,70.120000
1789078800.059961,0,0.000000,0.000000,1.000000,-0.150000,0.000000,0.000000,0.580000,0.000000,8.000000,70.120000
1789078800.081683,0,0.000000,0.000000,1.000000,0.000000,0.000000,0.000000,0.580000,0.000000,8.000000,70.130000
1789078800.082187,0,0.000000,0.000000,1.000000,0.050000,0.000000,0.000000,0.580000,0.000000,8.000000,70.150000
1789078800.082582,0,0.000000,0.000000,1.000000,0.000000,0.000000,0.000000,0.520000,0.000000,8.000000,70.160000
1789078800.105160,0,0.000000,0.000000,1.000000,0.050000,0.000000,0.000000,0.630000,0.000000,8.000000,70.160000
1789078800.127764,0,0.000000,0.000000,1.000000,-0.100000,0.000000,0.000000,0.630000,0.000000,8.000000,70.180000
1789078800.128320,0,0.000000,0.000000,1.000000,0.000000,0.000000,0.000000,0.520000,0.000000,8.000000,70.190000
1789078800.128848,0,0.000000,0.000000,1.000000,0.140000,0.000000,0.000000,0.810000,0.000000,8.000000,70.190000
1789078800.151315,0,0.000000,0.000000,1.000000,-0.070000,0.000000,0.000000,0.470000,0.000000,8.000000,70.200000
1789078800.151816,0,0.000000,0.000000,1.000000,-0.070000,0.000000,0.000000,0.750000,0.000000,8.000000,70.220000
1789078800.175229,0,0.000000,0.000000,1.000000,-0.010000,0.000000,0.000000,0.470000,0.000000,8.000000,70.230000
1789078800.175731,0,0.000000,0.000000,1.000000,0.000000,0.000000,0.000000,0.690000,0.000000,8.000000,70.230000
1789078800.198644,0,0.000000,0.000000,1.000000,0.000000,0.000000,0.000000,0.690000,0.000000,8.000000,70.250000
1789078800.223189,0,0.000000,0.000000,1.000000,0.050000,0.000000,0.000000,0.520000,0.000000,8.000000,70.260000
1789078800.223895,0,0.000000,0.000000,1.000000,0.100000,0.000000,0.000000,0.520000,0.000000,8.000000,70.260000
1789078800.224433,0,0.000000,0.000000,1.000000,0.050000,0.000000,0.000000,0.520000,0.000000,8.000000,70.270000
1789078800.224929,0,0.000000,0.000000,1.000000,-0.150000,0.000000,0.000000,0.630000,0.000000,8.000000,70.290000
1789078800.225567,0,0.000000,0.000000,1.000000,0.100000,0.000000,0.000000,0.580000,0.000000,8.000000,70.300000
1789078800.249160,0,0.000000,0.000000,1.000000,-0.100000,0.000000,0.000000,0.370000,0.000000,8.000000,70.300000
1789078800.249777,0,0.000000,0.000000,1.000000,0.000000,0.000000,0.000000,0.520000,0.000000,8.000000,70.310000
1789078800.273970,0,0.000000,0.000000,1.000000,0.050000,0.000000,0.000000,0.520000,0.000000,8.000000,70.330000
1789078800.274507,0,0.000000,0.000000,1.000000,-0.010000,0.000000,0.000000,0.630000,0.000000,8.000000,70.330000
1789078800.274919,0,0.000000,0.000000,1.000000,0.140000,0.000000,0.000000,0.470000,0.000000,8.000000,70.340000
1789078800.298025,0,0.000000,0.000000,1.000000,-0.010000,0.000000,0.000000,0.580000,0.000000,8.000000,70.360000
1789078800.298584,0,0.000000,0.000000,1.000000,0.100000,0.000000,0.000000,0.580000,0.000000,8.000000,70.370000
1789078800.299247,0,0.000000,0.000000,1.000000,0.000000,0.000000,0.000000,0.520000,0.000000,8.000000,70.370000
1789078800.322380,0,0.000000,0.000000,1.000000,0.050000,0.000000,0.000000,0.750000,0.000000,8.000000,70.380000
1789078800.322972,0,0.000000,0.000000,1.000000,0.000000,0.000000,0.000000,0.520000,0.000000,8.000000,70.400000
1789078800.346003,0,0.000000,0.000000,1.000000,0.100000,0.000000,0.000000,0.630000,0.000000,8.000000,70.410000
1789078800.346509,0,0.000000,0.000000,1.000000,0.230000,0.000000,0.000000,0.580000,0.000000,8.000000,70.410000
1789078800.370159,0,0.000000,0.000000,1.000000,0.050000,0.000000,0.000000,0.690000,0.000000,8.000000,70.430000
1789078800.370688,0,0.000000,0.000000,1.000000,-0.100000,0.000000,0.000000,0.580000,0.000000,8.000000,70.440000
1789078800.394089,0,0.000000,0.000000,1.000000,0.000000,0.000000,0.000000,0.690000,0.000000,8.000000,70.440000
1789078800.394596,0,0.000000,0.000000,1.000000,-0.010000,0.000000,0.000000,0.520000,0.000000,8.000000,70.450000
1789078800.417815,0,0.000000,0.000000,1.000000,0.050000,0.000000,0.000000,0.370000,0.000000,8.000000,70.470000
1789078800.418303,0,0.000000,0.000000,1.000000,-0.070000,0.000000,0.000000,0.580000,0.000000,8.000000,70.480000
1789078800.418721,0,0.000000,0.000000,1.000000,-0.010000,0.000000,0.000000,0.580000,0.000000,8.000000,70.480000
1789078800.441468,0,0.000000,0.000000,1.000000,0.140000,0.000000,0.000000,0.930000,0.000000,8.000000,70.500000
1789078800.442001,0,0.000000,0.000000,1.000000,-0.070000,0.000000,0.000000,0.580000,0.000000,8.000000,70.510000
1789078800.465214,0,0.000000,0.000000,1.000000,-0.070000,0.000000,0.000000,0.580000,0.000000,8.000000,70.510000
1789078800.465714,0,0.000000,0.000000,1.000000,-0.010000,0.000000,0.000000,0.580000,0.000000,8.000000,70.520000
1789078800.489324,0,0.000000,0.000000,1.000000,-0.070000,0.000000,0.000000,0.580000,0.000000,8.000000,70.540000
1789078800.489840,0,0.000000,0.000000,1.000000,0.100000,0.000000,0.000000,0.520000,0.000000,8.000000,70.550000
1789078800.512685,0,0.000000,0.000000,1.000000,0.140000,0.000000,0.000000,0.580000,0.000000,8.000000,70.550000
1789078800.513188,0,0.000000,0.000000,1.000000,0.000000,0.000000,0.000000,0.630000,0.000000,8.000000,70.580000
1789078800.539078,0,0.000000,0.000000,1.000000,0.050000,0.000000,0.000000,0.580000,0.000000,8.000000,70.580000
1789078800.539796,0,0.000000,0.000000,1.000000,-0.100000,0.000000,0.000000,0.310000,0.000000,8.000000,70.590000
1789078800.565561,0,0.000000,0.000000,1.000000,0.050000,0.000000,0.000000,0.580000,0.000000,8.000000,70.610000
1789078800.566067,0,0.000000,0.000000,1.000000,-0.100000,0.000000,0.000000,0.580000,0.000000,8.000000,70.620000
1789078800.566493,0,0.000000,0.000000,1.000000,-0.070000,0.000000,0.000000,0.630000,0.000000,8.000000,70.620000
1789078800.590308,0,0.000000,0.000000,1.000000,-0.010000,0.000000,0.000000,0.520000,0.000000,8.000000,70.630000
1789078800.590805,0,0.000000,0.000000,1.000000,0.140000,0.000000,0.000000,0.580000,0.000000,8.000000,70.650000
1789078800.613295,0,0.000000,0.000000,1.000000,-0.100000,0.000000,0.000000,0.580000,0.000000,8.000000,70.660000
1789078800.613888,0,0.000000,0.000000,1.000000,0.100000,0.000000,0.000000,0.580000,0.000000,8.000000,70.660000
1789078800.614421,0,0.000000,0.000000,1.000000,0.140000,0.000000,0.000000,0.410000,0.000000,8.000000,70.680000
1789078800.614950,0,0.000000,0.000000,1.000000,-0.070000,0.000000,0.000000,0.580000,0.000000,8.000000,70.690000
1789078800.638532,0,0.000000,0.000000,1.000000,0.050000,0.000000,0.000000,0.580000,0.000000,8.000000,70.690000
1789078800.639122,0,0.000000,0.000000,1.000000,0.050000,0.000000,0.000000,0.520000,0.000000,8.000000,70.700000
1789078800.661815,0,0.000000,0.000000,1.000000,-0.010000,0.000000,0.000000,0.630000,0.000000,8.000000,70.720000
1789078800.662327,0,0.000000,0.000000,1.000000,-0.100000,0.000000,0.000000,0.580000,0.000000,8.000000,70.730000
1789078800.686308,0,0.000000,0.000000,1.000000,-0.010000,0.000000,0.000000,0.580000,0.000000,8.000000,70.730000
1789078800.687029,0,0.000000,0.000000,1.000000,-0.500000,0.000000,0.000000,0.690000,0.000000,8.000000,70.750000
1789078800.712009,0,0.000000,0.000000,1.000000,0.050000,0.000000,0.000000,0.520000,0.000000,8.000000,70.760000
1789078800.712516,0,0.000000,0.000000,1.000000,-0.010000,0.000000,0.000000,0.520000,0.000000,8.000000,70.760000
1789078800.713216,0,0.000000,0.000000,1.000000,0.050000,0.000000,0.000000,0.520000,0.000000,8.000000,70.770000
1789078800.737253,0,0.000000,0.000000,1.000000,-0.010000,0.000000,0.000000,0.630000,0.000000,8.000000,70.790000
1789078800.737901,0,0.000000,0.000000,1.000000,0.050000,0.000000,0.000000,0.750000,0.000000,8.000000,70.800000
1789078800.761936,0,0.000000,0.000000,1.000000,-0.010000,0.000000,0.000000,0.580000,0.000000,8.000000,70.800000
1789078800.762436,0,0.000000,0.000000,1.000000,0.000000,0.000000,0.000000,0.520000,0.000000,8.000000,70.810000
1789078800.762851,0,0.000000,0.000000,1.000000,0.230000,0.000000,0.000000,0.750000,0.000000,8.000000,70.830000
1789078800.786249,0,0.000000,0.000000,1.000000,0.000000,0.000000,0.000000,0.580000,0.000000,8.000000,70.830000
1789078800.786803,0,0.000000,0.000000,1.000000,-0.150000,0.000000,0.000000,0.520000,0.000000,8.000000,70.840000
1789078800.787636,0,0.000000,0.000000,1.000000,-0.010000,0.000000,0.000000,0.580000,0.000000,8.000000,70.860000
1789078800.810827,0,0.000000,0.000000,1.000000,0.000000,0.000000,0.000000,0.520000,0.000000,8.000000,70.870000
1789078800.811329,0,0.000000,0.000000,1.000000,-0.070000,0.000000,0.000000,0.580000,0.000000,8.000000,70.870000
1789078800.834671,0,0.000000,0.000000,1.000000,0.100000,0.000000,0.000000,0.690000,0.000000,8.000000,70.880000
1789078800.835182,0,0.000000,0.000000,1.000000,-0.010000,0.000000,0.000000,0.580000,0.000000,8.000000,70.900000
1789078800.859338,0,0.000000,0.000000,1.000000,0.000000,0.000000,0.000000,0.520000,0.000000,8.000000,70.910000
1789078800.859846,0,0.000000,0.000000,1.000000,-0.100000,0.000000,0.000000,0.630000,0.000000,8.000000,70.910000
1789078800.860395,0,0.000000,0.000000,1.000000,-0.070000,0.000000,0.000000,0.580000,0.000000,8.000000,70.930000
1789078800.883907,0,0.000000,0.000000,1.000000,0.000000,0.000000,0.000000,0.520000,0.000000,8.000000,70.940000
1789078800.884532,0,0.000000,0.000000,1.000000,-0.150000,0.000000,0.000000,0.580000,0.000000,8.000000,70.940000
1789078800.885065,0,0.000000,0.000000,1.000000,0.490000,0.000000,0.000000,0.580000,0.000000,8.000000,70.950000
1789078800.909706,0,0.000000,0.000000,1.000000,0.050000,0.000000,0.000000,0.580000,0.000000,8.000000,70.970000
1789078800.910366,0,0.000000,0.000000,1.000000,0.000000,0.000000,0.000000,0.520000,0.000000,8.000000,70.980000
1789078800.935045,0,0.000000,0.000000,1.000000,0.050000,0.000000,0.000000,0.690000,0.000000,8.000000,70.980000
1789078800.935677,0,0.000000,0.000000,1.000000,0.230000,0.000000,0.000000,0.470000,0.000000,8.000000,71.000000
1789078800.959802,0,0.000000,0.000000,1.000000,-0.010000,0.000000,0.000000,0.580000,0.000000,8.000000,71.010000
1789078800.960311,0,0.000000,0.000000,1.000000,-0.010000,0.000000,0.000000,0.630000,0.000000,8.000000,71.010000
1789078800.960978,0,0.000000,0.000000,1.000000,0.100000,0.000000,0.000000,0.520000,0.000000,8.000000,71.020000
1789078800.984583,0,0.000000,0.000000,1.000000,0.050000,0.000000,0.000000,0.580000,0.000000,8.000000,71.040000
1789078800.985073,0,0.000000,0.000000,1.000000,-0.070000,0.000000,0.000000,0.690000,0.000000,8.000000,71.050000
1789078801.008756,0,0.000000,0.000000,1.000000,0.050000,0.000000,0.000000,0.870000,0.000000,8.000000,71.050000
1789078801.009270,0,0.000000,0.000000,1.000000,-0.070000,0.000000,0.000000,0.690000,0.000000,8.000000,71.060000
1789078801.033031,0,0.000000,0.000000,1.000000,-0.070000,0.000000,0.000000,0.810000,0.000000,8.000000,71.080000
1789078801.033623,0,0.000000,0.000000,1.000000,0.000000,0.000000,0.000000,0.690000,0.000000,8.000000,71.080000
1789078801.034156,0,0.000000,0.000000,1.000000,0.100000,0.000000,0.000000,0.580000,0.000000,8.000000,71.090000
1789078801.058113,0,0.000000,0.000000,1.000000,0.000000,0.000000,0.000000,0.630000,0.000000,8.000000,71.110000
1789078801.058618,0,0.000000,0.000000,1.000000,0.180000,0.000000,0.000000,0.470000,0.000000,8.000000,71.120000
1789078801.059036,0,0.000000,0.000000,1.000000,-0.010000,0.000000,0.000000,0.520000,0.000000,8.000000,71.120000
1789078801.081695,0,0.000000,0.000000,1.000000,0.000000,0.000000,0.000000,0.520000,0.000000,8.000000,71.130000
1789078801.082208,0,0.000000,0.000000,1.000000,0.000000,0.000000,0.000000,0.690000,0.000000,8.000000,71.150000
1789078801.106236,0,0.000000,0.000000,1.000000,0.100000,0.000000,0.000000,0.630000,0.000000,8.000000,71.160000
1789078801.106750,0,0.000000,0.000000,1.000000,0.100000,0.000000,0.000000,0.630000,0.000000,8.000000,71.160000
1789078801.129946,0,0.000000,0.000000,1.000000,-0.010000,0.000000,0.000000,0.370000,0.000000,8.000000,71.180000
1789078801.130451,0,0.000000,0.000000,1.000000,0.100000,0.000000,0.000000,0.690000,0.000000,8.000000,71.190000
1789078801.131087,0,0.000000,0.000000,1.000000,0.000000,0.000000,0.000000,0.750000,0.000000,8.000000,71.190000
1789078801.154229,0,0.000000,0.000000,1.000000,0.140000,0.000000,0.000000,0.520000,0.000000,8.000000,71.200000
1789078801.154948,0,0.000000,0.000000,1.000000,0.000000,0.000000,0.000000,0.580000,0.000000,8.000000,71.220000
1789078801.178411,0,0.000000,0.000000,1.000000,0.050000,0.000000,0.000000,0.580000,0.000000,8.000000,71.230000
1789078801.179043,0,0.000000,0.000000,1.000000,0.180000,0.000000,0.000000,0.580000,0.000000,8.000000,71.230000
1789078801.202543,0,0.000000,0.000000,1.000000,-0.150000,0.000000,0.000000,0.470000,0.000000,8.000000,71.250000
1789078801.203085,0,0.000000,0.000000,1.000000,-0.200000,0.000000,0.000000,0.690000,0.000000,8.000000,71.260000
1789078801.203571,0,0.000000,0.000000,1.000000,0.000000,0.000000,0.000000,0.520000,0.000000,8.000000,71.260000
1789078801.228013,0,0.000000,0.000000,1.000000,-0.010000,0.000000,0.000000,0.630000,0.000000,8.000000,71.270000
1789078801.228691,0,0.000000,0.000000,1.000000,0.000000,0.000000,0.000000,0.520000,0.000000,8.000000,71.290000
1789078801.229326,0,0.000000,0.000000,1.000000,0.000000,0.000000,0.000000,0.690000,0.000000,8.000000,71.300000
1789078801.252652,0,0.000000,0.000000,1.000000,-0.010000,0.000000,0.000000,0.630000,0.000000,8.000000,71.300000
1789078801.253273,0,0.000000,0.000000,1.000000,-0.010000,0.000000,0.000000,0.630000,0.000000,8.000000,71.310000
1789078801.276936,0,0.000000,0.000000,1.000000,-0.150000,0.000000,0.000000,0.630000,0.000000,8.000000,71.330000
1789078801.277445,0,0.000000,0.000000,1.000000,0.050000,0.000000,0.000000,0.690000,0.000000,8.000000,71.330000
1789078801.300496,0,0.000000,0.000000,1.000000,-0.070000,0.000000,0.000000,0.520000,0.000000,8.000000,71.340000
1789078801.301000,0,0.000000,0.000000,1.000000,-0.100000,0.000000,0.000000,0.580000,0.000000,8.000000,71.360000
1789078801.301420,0,0.000000,0.000000,1.000000,-0.070000,0.000000,0.000000,0.520000,0.000000,8.000000,71.370000
1789078801.325755,0,0.000000,0.000000,1.000000,-0.010000,0.000000,0.000000,0.690000,0.000000,8.000000,71.370000
1789078801.326440,0,0.000000,0.000000,1.000000,0.000000,0.000000,0.000000,0.370000,0.000000,8.000000,71.380000
1789078801.348983,0,0.000000,0.000000,1.000000,-0.070000,0.000000,0.000000,0.750000,0.000000,8.000000,71.400000
1789078801.349492,0,0.000000,0.000000,1.000000,0.000000,0.000000,0.000000,0.520000,0.000000,8.000000,71.410000
1789078801.372959,0,0.000000,0.000000,1.000000,-0.070000,0.000000,0.000000,0.630000,0.000000,8.000000,71.410000
1789078801.373474,0,0.000000,0.000000,1.000000,-0.070000,0.000000,0.000000,0.580000,0.000000,8.000000,71.430000
1789078801.397324,0,0.000000,0.000000,1.000000,-0.010000,0.000000,0.000000,0.580000,0.000000,8.000000,71.440000
1789078801.397826,0,0.000000,0.000000,1.000000,0.050000,0.000000,0.000000,0.520000,0.000000,8.000000,71.450000
1789078801.421672,0,0.000000,0.000000,1.000000,0.000000,0.000000,0.000000,0.410000,0.000000,8.000000,71.470000
1789078801.422181,0,0.000000,0.000000,1.000000,0.000000,0.000000,0.000000,0.580000,0.000000,8.000000,71.480000
1789078801.422562,0,0.000000,0.000000,1.000000,0.180000,0.000000,0.000000,0.520000,0.000000,8.000000,71.480000
1789078801.445462,0,0.000000,0.000000,1.000000,-0.100000,0.000000,0.000000,0.520000,0.000000,8.000000,71.500000
1789078801.445968,0,0.000000,0.000000,1.000000,-0.010000,0.000000,0.000000,0.810000,0.000000,8.000000,71.510000
1789078801.446594,0,0.000000,0.000000,1.000000,0.050000,0.000000,0.000000,0.520000,0.000000,8.000000,71.510000
1789078801.469746,0,0.000000,0.000000,1.000000,-0.200000,0.000000,0.000000,0.630000,0.000000,8.000000,71.520000
1789078801.493098,0,0.000000,0.000000,1.000000,0.050000,0.000000,0.000000,0.630000,0.000000,8.000000,71.540000
1789078801.493611,0,0.000000,0.000000,1.000000,-0.070000,0.000000,0.000000,0.580000,0.000000,8.000000,71.550000
1789078801.494033,0,0.000000,0.000000,1.000000,0.000000,0.000000,0.000000,0.580000,0.000000,8.000000,71.550000
1789078801.518044,0,0.000000,0.000000,1.000000,0.100000,0.000000,0.000000,0.870000,0.000000,8.000000,71.560000
1789078801.518551,0,0.000000,0.000000,1.000000,0.000000,0.000000,0.000000,0.370000,0.000000,8.000000,71.580000
1789078801.545376,0,0.000000,0.000000,1.000000,0.140000,0.000000,0.000000,0.630000,0.000000,8.000000,71.580000
1789078801.546027,0,0.000000,0.000000,1.000000,0.000000,0.000000,0.000000,0.580000,0.000000,8.000000,71.590000
1789078801.570909,0,0.000000,0.000000,1.000000,-0.010000,0.000000,0.000000,0.630000,0.000000,8.000000,71.620000
1789078801.571422,0,0.000000,0.000000,1.000000,0.100000,0.000000,0.000000,0.580000,0.000000,8.000000,71.620000
1789078801.571805,0,0.000000,0.000000,1.000000,0.000000,0.000000,0.000000,0.580000,0.000000,8.000000,71.630000
1789078801.595123,0,0.000000,0.000000,1.000000,-0.150000,0.000000,0.000000,0.630000,0.000000,8.000000,71.650000
1789078801.595636,0,0.000000,0.000000,1.000000,0.100000,0.000000,0.000000,0.520000,0.000000,8.000000,71.660000
1789078801.596529,0,0.000000,0.000000,1.000000,0.100000,0.000000,0.000000,0.690000,0.000000,8.000000,71.660000
1789078801.618870,0,0.000000,0.000000,1.000000,0.100000,0.000000,0.000000,0.630000,0.000000,8.000000,71.680000
1789078801.619490,0,0.000000,0.000000,1.000000,-0.010000,0.000000,0.000000,0.580000,0.000000,8.000000,71.690000
1789078801.642393,0,0.000000,0.000000,1.000000,0.000000,0.000000,0.000000,0.580000,0.000000,8.000000,71.690000
1789078801.642908,0,0.000000,0.000000,1.000000,-0.070000,0.000000,0.000000,0.520000,0.000000,8.000000,71.700000
1789078801.666359,0,0.000000,0.000000,1.000000,0.100000,0.000000,0.000000,0.520000,0.000000,8.000000,71.720000
1789078801.666857,0,0.000000,0.000000,1.000000,0.050000,0.000000,0.000000,0.580000,0.000000,8.000000,71.730000
1789078801.691357,0,0.000000,0.000000,1.000000,0.050000,0.000000,0.000000,0.470000,0.000000,8.000000,71.730000
1789078801.715713,0,0.000000,0.000000,1.000000,0.050000,0.000000,0.000000,0.630000,0.000000,8.000000,71.760000
1789078801.716221,0,0.000000,0.000000,1.000000,0.230000,0.000000,0.000000,0.690000,0.000000,8.000000,71.760000
1789078801.716641,0,0.000000,0.000000,1.000000,0.100000,0.000000,0.000000,0.630000,0.000000,8.000000,71.770000
1789078801.740708,0,0.000000,0.000000,1.000000,0.000000,0.000000,0.000000,0.520000,0.000000,8.000000,71.790000
1789078801.741218,0,0.000000,0.000000,1.000000,-0.010000,0.000000,0.000000,0.630000,0.000000,8.000000,71.800000
1789078801.741640,0,0.000000,0.000000,1.000000,0.050000,0.000000,0.000000,0.520000,0.000000,8.000000,71.800000
1789078801.765430,0,0.000000,0.000000,1.000000,-0.070000,0.000000,0.000000,0.580000,0.000000,8.000000,71.810000
1789078801.765938,0,0.000000,0.000000,1.000000,0.100000,0.000000,0.000000,0.630000,0.000000,8.000000,71.830000
1789078801.789685,0,0.000000,0.000000,1.000000,0.140000,0.000000,0.000000,0.470000,0.000000,8.000000,71.830000
1789078801.790191,0,0.000000,0.000000,1.000000,-0.150000,0.000000,0.000000,0.580000,0.000000,8.000000,71.840000
1789078801.790720,0,0.000000,0.000000,1.000000,0.000000,0.000000,0.000000,0.520000,0.000000,8.000000,71.860000
1789078801.814467,0,0.000000,0.000000,1.000000,0.140000,0.000000,0.000000,0.690000,0.000000,8.000000,71.870000
1789078801.814979,0,0.000000,0.000000,1.000000,0.000000,0.000000,0.000000,0.580000,0.000000,8.000000,71.870000
1789078801.815515,0,0.000000,0.000000,1.000000,-0.010000,0.000000,0.000000,0.520000,0.000000,8.000000,71.880000
1789078801.839808,0,0.000000,0.000000,1.000000,-0.010000,0.000000,0.000000,0.470000,0.000000,8.000000,71.900000
1789078801.840296,0,0.000000,0.000000,1.000000,0.050000,0.000000,0.000000,0.470000,0.000000,8.000000,71.910000
1789078801.863766,0,0.000000,0.000000,1.000000,0.000000,0.000000,0.000000,0.630000,0.000000,8.000000,71.910000
1789078801.864273,0,0.000000,0.000000,1.000000,0.050000,0.000000,0.000000,0.520000,0.000000,8.000000,71.930000
1789078801.889618,0,0.000000,0.000000,1.000000,0.100000,0.000000,0.000000,0.580000,0.000000,8.000000,71.940000
1789078801.890197,0,0.000000,0.000000,1.000000,0.100000,0.000000,0.000000,0.630000,0.000000,8.000000,71.940000
1789078801.890827,0,0.000000,0.000000,1.000000,0.050000,0.000000,0.000000,0.520000,0.000000,8.000000,71.950000
1789078801.914342,0,0.000000,0.000000,1.000000,0.000000,0.000000,0.000000,0.520000,0.000000,8.000000,71.970000
1789078801.914836,0,0.000000,0.000000,1.000000,0.100000,0.000000,0.000000,0.690000,0.000000,8.000000,71.980000
1789078801.915339,0,0.000000,0.000000,1.000000,0.140000,0.000000,0.000000,0.470000,0.000000,8.000000,71.980000
1789078801.939523,0,0.000000,0.000000,1.000000,-0.010000,0.000000,0.000000,0.520000,0.000000,8.000000,72.000000
1789078801.940035,0,0.000000,0.000000,1.000000,0.050000,0.000000,0.000000,0.690000,0.000000,8.000000,72.010000
1789078801.964143,0,0.000000,0.000000,1.000000,0.100000,0.000000,0.000000,0.690000,0.000000,8.000000,72.010000
1789078801.964780,0,0.000000,0.000000,1.000000,-0.100000,0.000000,0.000000,0.630000,0.000000,8.000000,72.020000
1789078801.965408,0,0.000000,0.000000,1.000000,-0.010000,0.000000,0.000000,0.470000,0.000000,8.000000,72.040000
1789078801.989400,0,0.000000,0.000000,1.000000,0.050000,0.000000,0.000000,0.750000,0.000000,8.000000,72.050000
1789078801.989912,0,0.000000,0.000000,1.000000,0.180000,0.000000,0.000000,0.470000,0.000000,8.000000,72.050000
1789078802.013603,0,0.000000,0.000000,1.000000,-0.100000,0.000000,0.000000,0.520000,0.000000,8.000000,72.060000
1789078802.014107,0,0.000000,0.000000,1.000000,0.050000,0.000000,0.000000,0.750000,0.000000,8.000000,72.080000
1789078802.037888,0,0.000000,0.000000,1.000000,0.230000,0.000000,0.000000,0.520000,0.000000,8.000000,72.080000
1789078802.038383,0,0.000000,0.000000,1.000000,0.000000,0.000000,0.000000,0.580000,0.000000,8.000000,72.090000
1789078802.038782,0,0.000000,0.000000,1.000000,-0.150000,0.000000,0.000000,0.690000,0.000000,8.000000,72.110000
1789078802.062454,0,0.000000,0.000000,1.000000,-0.070000,0.000000,0.000000,0.630000,0.000000,8.000000,72.120000
1789078802.062956,0,0.000000,0.000000,1.000000,-0.200000,0.000000,0.000000,0.630000,0.000000,8.000000,72.120000
1789078802.086998,0,0.000000,0.000000,1.000000,-0.010000,0.000000,0.000000,0.580000,0.000000,8.000000,72.130000
1789078802.087503,0,0.000000,0.000000,1.000000,0.050000,0.000000,0.000000,0.580000,0.000000,8.000000,72.150000
1789078802.111731,0,0.000000,0.000000,1.000000,0.000000,0.000000,0.000000,0.520000,0.000000,8.000000,72.160000
1789078802.112232,0,0.000000,0.000000,1.000000,-0.070000,0.000000,0.000000,0.580000,0.000000,8.000000,72.160000
1789078802.112631,0,0.000000,0.000000,1.000000,-0.100000,0.000000,0.000000,0.630000,0.000000,8.000000,72.180000
1789078802.135392,0,0.000000,0.000000,1.000000,0.000000,0.000000,0.000000,0.630000,0.000000,8.000000,72.190000
1789078802.136046,0,0.000000,0.000000,1.000000,0.000000,0.000000,0.000000,0.580000,0.000000,8.000000,72.190000
1789078802.136869,0,0.000000,0.000000,1.000000,-0.200000,0.000000,0.000000,0.690000,0.000000,8.000000,72.190000
1789078802.160796,0,0.000000,0.000000,1.000000,-0.010000,0.000000,0.000000,0.750000,0.000000,8.000000,72.200000
1789078802.161416,0,0.000000,0.000000,1.000000,0.000000,0.000000,0.000000,0.580000,0.000000,8.000000,72.220000
1789078802.185652,0,0.000000,0.000000,1.000000,0.100000,0.000000,0.000000,0.630000,0.000000,8.000000,72.230000
1789078802.186240,0,0.000000,0.000000,1.000000,-0.070000,0.000000,0.000000,0.630000,0.000000,8.000000,72.250000
1789078802.186701,0,0.000000,0.000000,1.000000,-0.010000,0.000000,0.000000,0.630000,0.000000,8.000000,72.260000
1789078802.212474,0,0.000000,0.000000,1.000000,0.000000,0.000000,0.000000,0.520000,0.000000,8.000000,72.260000
1789078802.212979,0,0.000000,0.000000,1.000000,0.050000,0.000000,0.000000,0.520000,0.000000,8.000000,72.270000
1789078802.213482,0,0.000000,0.000000,1.000000,-0.010000,0.000000,0.000000,0.580000,0.000000,8.000000,72.290000
1789078802.236398,0,0.000000,0.000000,1.000000,0.050000,0.000000,0.000000,0.580000,0.000000,8.000000,72.300000
1789078802.236931,0,0.000000,0.000000,1.000000,0.520000,0.000000,0.000000,0.630000,0.000000,8.000000,72.300000
