epoch,mark,Desired Torque (L),Measured Torque (L),Desired Torque (R),Measured Torque (R),Toe FSR (L),Stance Phase (L),Toe FSR (R),Stance Phase (R),Channel 8,Exoskeleton time (seconds)
1789078972.740283,0,0.000000,0.000000,0.000000,0.010000,0.000000,0.000000,0.000000,0.000000,8.000000,51.650000
1789078972.786142,0,0.000000,0.000000,0.000000,0.000000,0.000000,0.000000,0.490000,0.000000,8.000000,51.660000
1789078972.786746,0,0.000000,0.000000,0.000000,0.010000,0.000000,0.000000,0.490000,0.000000,8.000000,51.680000
1789078972.787111,0,0.000000,0.000000,0.000000,0.050000,0.000000,0.000000,-0.310000,0.000000,8.000000,51.680000
1789078972.787444,0,0.000000,0.000000,0.000000,0.010000,0.000000,0.000000,0.490000,0.000000,8.000000,51.680000
1789078972.823377,0,0.000000,0.000000,0.000000,-0.050000,0.000000,0.000000,0.230000,0.000000,8.000000,51.700000
1789078972.823995,0,0.000000,0.000000,0.000000,-0.140000,0.000000,0.000000,0.380000,0.000000,8.000000,51.700000
1789078972.824384,0,0.000000,0.000000,0.000000,-0.050000,0.000000,0.000000,0.380000,0.000000,8.000000,51.720000
1789078972.872545,0,0.000000,0.000000,0.000000,-0.100000,0.000000,0.000000,0.120000,0.000000,8.000000,51.720000
1789078972.873101,0,0.000000,0.000000,0.000000,0.010000,0.000000,0.000000,0.270000,0.000000,8.000000,51.740000
1789078972.874269,0,0.000000,0.000000,0.000000,0.050000,0.000000,0.000000,0.560000,0.000000,8.000000,51.750000
1789078972.874624,0,0.000000,0.000000,0.000000,-0.180000,0.000000,0.000000,0.270000,0.000000,8.000000,51.770000
1789078972.874942,0,0.000000,0.000000,0.000000,0.050000,0.000000,0.000000,0.270000,0.000000,8.000000,51.770000
1789078972.921111,0,0.000000,0.000000,0.000000,-0.050000,0.000000,0.000000,0.270000,0.000000,8.000000,51.790000
1789078972.921578,0,0.000000,0.000000,0.000000,0.010000,0.000000,0.000000,0.410000,0.000000,8.000000,51.790000
1789078972.921951,0,0.000000,0.000000,0.000000,0.050000,0.000000,0.000000,0.000000,0.000000,8.000000,51.810000
1789078972.922456,0,0.000000,0.000000,0.000000,-0.100000,0.000000,0.000000,0.410000,0.000000,8.000000,51.810000
1789078972.922822,0,0.000000,0.000000,0.000000,0.000000,0.000000,0.000000,0.000000,0.000000,8.000000,51.830000
1789078972.969923,0,0.000000,0.000000,0.000000,-0.100000,0.000000,0.000000,0.270000,0.000000,8.000000,51.840000
1789078972.970386,0,0.000000,0.000000,0.000000,0.100000,0.000000,0.000000,0.000000,0.000000,8.000000,51.840000
1789078972.970905,0,0.000000,0.000000,0.000000,-0.180000,0.000000,0.000000,0.270000,0.000000,8.000000,51.860000
1789078972.971262,0,0.000000,0.000000,0.000000,0.000000,0.000000,0.000000,0.410000,0.000000,8.000000,51.860000
1789078973.009747,0,0.000000,0.000000,0.000000,-0.100000,0.000000,0.000000,0.690000,0.000000,8.000000,51.880000
1789078973.010200,0,0.000000,0.000000,0.000000,0.000000,0.000000,0.000000,0.000000,0.000000,8.000000,51.880000
1789078973.010735,0,0.000000,0.000000,0.000000,0.000000,0.000000,0.000000,0.120000,0.000000,8.000000,51.900000
1789078973.011095,0,0.000000,0.000000,0.000000,0.000000,0.000000,0.000000,0.560000,0.000000,8.000000,51.900000
1789078973.047572,0,0.000000,0.000000,0.000000,0.010000,0.000000,0.000000,0.120000,0.000000,8.000000,51.910000
1789078973.048008,0,0.000000,0.000000,0.000000,-0.100000,0.000000,0.000000,0.410000,0.000000,8.000000,51.930000
1789078973.048360,0,0.000000,0.000000,0.000000,0.050000,0.000000,0.000000,0.850000,0.000000,8.000000,51.930000
1789078973.048840,0,0.000000,0.000000,0.000000,0.000000,0.000000,0.000000,0.850000,0.000000,8.000000,51.950000
1789078973.087927,0,0.000000,0.000000,0.000000,-0.100000,0.000000,0.000000,0.410000,0.000000,8.000000,51.950000
1789078973.088758,0,0.000000,0.000000,0.000000,0.000000,0.000000,0.000000,0.270000,0.000000,8.000000,51.970000
1789078973.089701,0,0.000000,0.000000,0.000000,0.010000,0.000000,0.000000,0.270000,0.000000,8.000000,51.970000
1789078973.128985,0,0.000000,0.000000,0.000000,0.000000,0.000000,0.000000,0.270000,0.000000,8.000000,51.990000
1789078973.129622,0,0.000000,0.000000,0.000000,0.050000,0.000000,0.000000,0.270000,0.000000,8.000000,52.000000
1789078973.130215,0,0.000000,0.000000,0.000000,0.010000,0.000000,0.000000,0.410000,0.000000,8.000000,52.020000
1789078973.130568,0,0.000000,0.000000,0.000000,-0.230000,0.000000,0.000000,0.270000,0.000000,8.000000,52.020000
1789078973.155006,0,0.000000,0.000000,0.000000,0.050000,0.000000,0.000000,0.120000,0.000000,8.000000,52.040000
1789078973.181087,0,0.000000,0.000000,0.000000,0.050000,0.000000,0.000000,0.230000,0.000000,8.000000,52.040000
1789078973.181596,0,0.000000,0.000000,0.000000,0.000000,0.000000,0.000000,0.360000,0.000000,8.000000,52.060000
1789078973.207151,0,0.000000,0.000000,0.000000,-0.050000,0.000000,0.000000,0.360000,0.000000,8.000000,52.060000
1789078973.207613,0,0.000000,0.000000,0.000000,-0.100000,0.000000,0.000000,0.740000,0.000000,8.000000,52.080000
1789078973.208008,0,0.000000,0.000000,0.000000,0.000000,0.000000,0.000000,0.610000,0.000000,8.000000,52.090000
1789078973.229004,0,0.000000,0.000000,0.000000,0.010000,0.000000,0.000000,0.360000,0.000000,8.000000,52.090000
1789078973.229457,0,0.000000,0.000000,0.000000,-0.050000,0.000000,0.000000,0.610000,0.000000,8.000000,52.110000
1789078973.229810,0,0.000000,0.000000,0.000000,0.050000,0.000000,0.000000,0.110000,0.000000,8.000000,52.110000
1789078973.251733,0,0.000000,0.000000,0.000000,0.000000,0.000000,0.000000,0.610000,0.000000,8.000000,52.130000
1789078973.252318,0,0.000000,0.000000,0.000000,0.050000,0.000000,0.000000,0.110000,0.000000,8.000000,52.130000
1789078973.252685,0,0.000000,0.000000,0.000000,0.000000,0.000000,0.000000,0.360000,0.000000,8.000000,52.150000
1789078973.274168,0,0.000000,0.000000,0.000000,-0.100000,0.000000,0.000000,0.610000,0.000000,8.000000,52.150000
1789078973.295753,0,0.000000,0.000000,0.000000,-0.050000,0.000000,0.000000,0.490000,0.000000,8.000000,52.160000
1789078973.296208,0,0.000000,0.000000,0.000000,0.050000,0.000000,0.000000,0.490000,0.000000,8.000000,52.180000
1789078973.318778,0,0.000000,0.000000,0.000000,0.000000,0.000000,0.000000,0.360000,0.000000,8.000000,52.180000
1789078973.319249,0,0.000000,0.000000,0.000000,0.150000,0.000000,0.000000,0.610000,0.000000,8.000000,52.200000
1789078973.319608,0,0.000000,0.000000,0.000000,0.000000,0.000000,0.000000,0.740000,0.000000,8.000000,52.200000
1789078973.342927,0,0.000000,0.000000,0.000000,0.000000,0.000000,0.000000,0.230000,0.000000,8.000000,52.220000
1789078973.343378,0,0.000000,0.000000,0.000000,0.050000,0.000000,0.000000,0.490000,0.000000,8.000000,52.220000
1789078973.377487,0,0.000000,0.000000,0.000000,0.000000,0.000000,0.000000,0.110000,0.000000,8.000000,52.240000
1789078973.402308,0,0.000000,0.000000,0.000000,0.050000,0.000000,0.000000,0.610000,0.000000,8.000000,52.250000
1789078973.402776,0,0.000000,0.000000,0.000000,-0.100000,0.000000,0.000000,0.360000,0.000000,8.000000,52.250000
1789078973.403151,0,0.000000,0.000000,0.000000,0.050000,0.000000,0.000000,0.110000,0.000000,8.000000,52.270000
1789078973.403497,0,0.000000,0.000000,0.000000,-0.230000,0.000000,0.000000,0.360000,0.000000,8.000000,52.270000
1789078973.428571,0,0.000000,0.000000,0.000000,-0.100000,0.000000,0.000000,0.490000,0.000000,8.000000,52.290000
1789078973.429211,0,0.000000,0.000000,0.000000,-0.050000,0.000000,0.000000,0.610000,0.000000,8.000000,52.290000
1789078973.429707,0,0.000000,0.000000,0.000000,-0.140000,0.000000,0.000000,0.610000,0.000000,8.000000,52.310000
1789078973.454681,0,0.000000,0.000000,0.000000,-0.050000,0.000000,0.000000,0.360000,0.000000,8.000000,52.310000
1789078973.455127,0,0.000000,0.000000,0.000000,-0.050000,0.000000,0.000000,0.610000,0.000000,8.000000,52.330000
1789078973.455483,0,0.000000,0.000000,0.000000,0.050000,0.000000,0.000000,0.360000,0.000000,8.000000,52.340000
1789078973.480223,0,0.000000,0.000000,0.000000,-0.140000,0.000000,0.000000,0.360000,0.000000,8.000000,52.340000
1789078973.480705,0,0.000000,0.000000,0.000000,-0.100000,0.000000,0.000000,0.230000,0.000000,8.000000,52.360000
1789078973.504379,0,0.000000,0.000000,0.000000,-0.050000,0.000000,0.000000,0.360000,0.000000,8.000000,52.360000
1789078973.504955,0,0.000000,0.000000,0.000000,0.010000,0.000000,0.000000,0.110000,0.000000,8.000000,52.380000
1789078973.505464,0,0.000000,0.000000,0.000000,0.000000,0.000000,0.000000,0.360000,0.000000,8.000000,52.380000
1789078973.529279,0,0.000000,0.000000,0.000000,-0.100000,0.000000,0.000000,0.230000,0.000000,8.000000,52.400000
1789078973.529811,0,0.000000,0.000000,0.000000,0.010000,0.000000,0.000000,0.490000,0.000000,8.000000,52.400000
1789078973.555357,0,0.000000,0.000000,0.000000,0.010000,0.000000,0.000000,0.740000,0.000000,8.000000,52.410000
1789078973.555824,0,0.000000,0.000000,0.000000,0.050000,0.000000,0.000000,0.490000,0.000000,8.000000,52.430000
1789078973.581972,0,0.000000,0.000000,0.000000,-0.100000,0.000000,0.000000,0.610000,0.000000,8.000000,52.430000
1789078973.582506,0,0.000000,0.000000,0.000000,0.010000,0.000000,0.000000,0.360000,0.000000,8.000000,52.450000
1789078973.583181,0,0.000000,0.000000,0.000000,-0.140000,0.000000,0.000000,0.610000,0.000000,8.000000,52.450000
1789078973.610864,0,0.000000,0.000000,0.000000,-0.100000,0.000000,0.000000,0.490000,0.000000,8.000000,52.470000
1789078973.611304,0,0.000000,0.000000,0.000000,-0.050000,0.000000,0.000000,0.490000,0.000000,8.000000,52.470000
1789078973.639373,0,0.000000,0.000000,0.000000,-0.230000,0.000000,0.000000,0.610000,0.000000,8.000000,52.490000
1789078973.639985,0,0.000000,0.000000,0.000000,0.150000,0.000000,0.000000,0.110000,0.000000,8.000000,52.500000
1789078973.640402,0,0.000000,0.000000,0.000000,-0.050000,0.000000,0.000000,0.610000,0.000000,8.000000,52.500000
1789078973.640787,0,0.000000,0.000000,0.000000,0.010000,0.000000,0.000000,0.230000,0.000000,8.000000,52.520000
1789078973.668013,0,0.000000,0.000000,0.000000,0.000000,0.000000,0.000000,0.490000,0.000000,8.000000,52.520000
1789078973.668695,0,0.000000,0.000000,0.000000,0.010000,0.000000,0.000000,0.230000,0.000000,8.000000,52.540000
1789078973.691086,0,0.000000,0.000000,0.000000,0.000000,0.000000,0.000000,0.230000,0.000000,8.000000,52.540000
1789078973.691676,0,0.000000,0.000000,0.000000,0.000000,0.000000,0.000000,0.610000,0.000000,8.000000,52.560000
1789078973.692159,0,0.000000,0.000000,0.000000,-0.050000,0.000000,0.000000,0.490000,0.000000,8.000000,52.560000
1789078973.714926,0,0.000000,0.000000,0.000000,0.000000,0.000000,0.000000,0.610000,0.000000,8.000000,52.580000
1789078973.715365,0,0.000000,0.000000,0.000000,0.000000,0.000000,0.000000,0.740000,0.000000,8.000000,52.590000
1789078973.739878,0,0.000000,0.000000,0.000000,-0.050000,0.000000,0.000000,0.870000,0.000000,8.000000,52.590000
1789078973.740506,0,0.000000,0.000000,0.000000,0.010000,0.000000,0.000000,0.490000,0.000000,8.000000,52.610000
1789078973.764430,0,0.000000,0.000000,0.000000,0.050000,0.000000,0.000000,0.490000,0.000000,8.000000,52.630000
1789078973.764890,0,0.000000,0.000000,0.000000,0.310000,0.000000,0.000000,0.610000,0.000000,8.000000,52.630000
1789078973.789114,0,0.000000,0.000000,0.000000,-0.140000,0.000000,0.000000,0.230000,0.000000,8.000000,52.650000
1789078973.789731,0,0.000000,0.000000,0.000000,0.050000,0.000000,0.000000,0.230000,0.000000,8.000000,52.650000
1789078973.790125,0,0.000000,0.000000,0.000000,0.010000,0.000000,0.000000,0.490000,0.000000,8.000000,52.660000
1789078973.811931,0,0.000000,0.000000,0.000000,0.010000,0.000000,0.000000,0.110000,0.000000,8.000000,52.680000
1789078973.812453,0,0.000000,0.000000,0.000000,0.000000,0.000000,0.000000,0.610000,0.000000,8.000000,52.680000
1789078973.812928,0,0.000000,0.000000,0.000000,-0.050000,0.000000,0.000000,0.610000,0.000000,8.000000,52.700000
1789078973.835892,0,0.000000,0.000000,0.000000,-0.050000,0.000000,0.000000,0.360000,0.000000,8.000000,52.700000
1789078973.836338,0,0.000000,0.000000,0.000000,-0.050000,0.000000,0.000000,0.230000,0.000000,8.000000,52.720000
1789078973.858555,0,0.000000,0.000000,0.000000,0.010000,0.000000,0.000000,0.230000,0.000000,8.000000,52.720000
1789078973.858984,0,0.000000,0.000000,0.000000,0.010000,0.000000,0.000000,0.230000,0.000000,8.000000,52.740000
1789078973.859402,0,0.000000,0.000000,0.000000,-0.050000,0.000000,0.000000,0.360000,0.000000,8.000000,52.750000
1789078973.881157,0,0.000000,0.000000,0.000000,0.000000,0.000000,0.000000,0.870000,0.000000,8.000000,52.750000
1789078973.904414,0,0.000000,0.000000,0.000000,-0.140000,0.000000,0.000000,0.360000,0.000000,8.000000,52.770000
1789078973.904993,0,0.000000,0.000000,0.000000,0.010000,0.000000,0.000000,0.230000,0.000000,8.000000,52.770000
1789078973.926962,0,0.000000,0.000000,0.000000,0.050000,0.000000,0.000000,0.110000,0.000000,8.000000,52.790000
1789078973.927415,0,0.000000,0.000000,0.000000,-0.050000,0.000000,0.000000,0.490000,0.000000,8.000000,52.790000
1789078973.927761,0,0.000000,0.000000,0.000000,-0.100000,0.000000,0.000000,0.360000,0.000000,8.000000,52.810000
1789078973.950930,0,0.000000,0.000000,0.000000,0.000000,0.000000,0.000000,0.430000,0.000000,8.000000,52.810000
1789078973.951394,0,0.000000,0.000000,0.000000,-0.140000,0.000000,0.000000,0.430000,0.000000,8.000000,52.830000
1789078973.951740,0,0.000000,0.000000,0.000000,0.010000,0.000000,0.000000,0.760000,0.000000,8.000000,52.840000
1789078973.974724,0,0.000000,0.000000,0.000000,-0.180000,0.000000,0.000000,0.310000,0.000000,8.000000,52.840000
1789078973.997017,0,0.000000,0.000000,0.000000,0.010000,0.000000,0.000000,0.200000,0.000000,8.000000,52.860000
1789078973.997481,0,0.000000,0.000000,0.000000,-0.050000,0.000000,0.000000,0.540000,0.000000,8.000000,52.860000
1789078973.998036,0,0.000000,0.000000,0.000000,0.010000,0.000000,0.000000,0.540000,0.000000,8.000000,52.880000
1789078974.021478,0,0.000000,0.000000,0.000000,-0.100000,0.000000,0.000000,0.540000,0.000000,8.000000,52.880000
1789078974.021974,0,0.000000,0.000000,0.000000,0.010000,0.000000,0.000000,0.310000,0.000000,8.000000,52.900000
1789078974.043820,0,0.000000,0.000000,0.000000,-0.100000,0.000000,0.000000,0.310000,0.000000,8.000000,52.900000
1789078974.044299,0,0.000000,0.000000,0.000000,0.000000,0.000000,0.000000,0.760000,0.000000,8.000000,52.910000
1789078974.072347,0,0.000000,0.000000,0.000000,0.010000,0.000000,0.000000,0.430000,0.000000,8.000000,52.930000
1789078974.072853,0,0.000000,0.000000,0.000000,-0.050000,0.000000,0.000000,0.640000,0.000000,8.000000,52.930000
1789078974.073246,0,0.000000,0.000000,0.000000,0.010000,0.000000,0.000000,0.430000,0.000000,8.000000,52.950000
1789078974.095401,0,0.000000,0.000000,0.000000,-0.140000,0.000000,0.000000,0.540000,0.000000,8.000000,52.950000
1789078974.095947,0,0.000000,0.000000,0.000000,0.000000,0.000000,0.000000,0.310000,0.000000,8.000000,52.970000
1789078974.096429,0,0.000000,0.000000,0.000000,-0.100000,0.000000,0.000000,0.430000,0.000000,8.000000,52.970000
1789078974.120775,0,0.000000,0.000000,0.000000,0.010000,0.000000,0.000000,0.640000,0.000000,8.000000,52.990000
1789078974.121513,0,0.000000,0.000000,0.000000,0.280000,0.000000,0.000000,0.310000,0.000000,8.000000,53.000000
1789078974.145300,0,0.000000,0.000000,0.000000,-0.050000,0.000000,0.000000,0.870000,0.000000,8.000000,53.000000
1789078974.145839,0,0.000000,0.000000,0.000000,0.100000,0.000000,0.000000,0.310000,0.000000,8.000000,53.020000
1789078974.169658,0,0.000000,0.000000,0.000000,-0.180000,0.000000,0.000000,0.430000,0.000000,8.000000,53.020000
1789078974.170136,0,0.000000,0.000000,0.000000,-0.180000,0.000000,0.000000,0.640000,0.000000,8.000000,53.040000
1789078974.193016,0,0.000000,0.000000,0.000000,0.010000,0.000000,0.000000,0.430000,0.000000,8.000000,53.040000
1789078974.193459,0,0.000000,0.000000,0.000000,-0.100000,0.000000,0.000000,0.430000,0.000000,8.000000,53.060000
1789078974.194026,0,0.000000,0.000000,0.000000,0.010000,0.000000,0.000000,0.430000,0.000000,8.000000,53.080000
1789078974.218888,0,0.000000,0.000000,0.000000,-0.050000,0.000000,0.000000,0.430000,0.000000,8.000000,53.090000
1789078974.243280,0,0.000000,0.000000,0.000000,-0.050000,0.000000,0.000000,0.640000,0.000000,8.000000,53.090000
1789078974.243761,0,0.000000,0.000000,0.000000,0.000000,0.000000,0.000000,0.640000,0.000000,8.000000,53.110000
1789078974.244127,0,0.000000,0.000000,0.000000,-0.100000,0.000000,0.000000,0.430000,0.000000,8.000000,53.110000
1789078974.269248,0,0.000000,0.000000,0.000000,-0.100000,0.000000,0.000000,0.310000,0.000000,8.000000,53.130000
1789078974.269804,0,0.000000,0.000000,0.000000,0.000000,0.000000,0.000000,0.310000,0.000000,8.000000,53.130000
1789078974.270225,0,0.000000,0.000000,0.000000,0.010000,0.000000,0.000000,0.760000,0.000000,8.000000,53.150000
1789078974.294576,0,0.000000,0.000000,0.000000,-0.140000,0.000000,0.000000,0.430000,0.000000,8.000000,53.150000
1789078974.295045,0,0.000000,0.000000,0.000000,0.000000,0.000000,0.000000,0.640000,0.000000,8.000000,53.160000
1789078974.295501,0,0.000000,0.000000,0.000000,-0.050000,0.000000,0.000000,0.310000,0.000000,8.000000,53.180000
1789078974.321090,0,0.000000,0.000000,0.000000,0.000000,0.000000,0.000000,0.540000,0.000000,8.000000,53.180000
1789078974.321543,0,0.000000,0.000000,0.000000,0.010000,0.000000,0.000000,0.310000,0.000000,8.000000,53.200000
1789078974.345967,0,0.000000,0.000000,0.000000,-0.270000,0.000000,0.000000,0.310000,0.000000,8.000000,53.200000
1789078974.346445,0,0.000000,0.000000,0.000000,-0.230000,0.000000,0.000000,0.430000,0.000000,8.000000,53.220000
1789078974.346834,0,0.000000,0.000000,0.000000,0.000000,0.000000,0.000000,0.540000,0.000000,8.000000,53.220000
1789078974.373854,0,0.000000,0.000000,0.000000,-0.140000,0.000000,0.000000,0.430000,0.000000,8.000000,53.240000
1789078974.374304,0,0.000000,0.000000,0.000000,-0.140000,0.000000,0.000000,0.640000,0.000000,8.000000,53.250000
1789078974.374700,0,0.000000,0.000000,0.000000,-0.050000,0.000000,0.000000,0.430000,0.000000,8.000000,53.250000
1789078974.401056,0,0.000000,0.000000,0.000000,-0.100000,0.000000,0.000000,0.540000,0.000000,8.000000,53.270000
1789078974.401507,0,0.000000,0.000000,0.000000,0.000000,0.000000,0.000000,0.310000,0.000000,8.000000,53.270000
1789078974.401851,0,0.000000,0.000000,0.000000,-0.100000,0.000000,0.000000,0.430000,0.000000,8.000000,53.290000
1789078974.427368,0,0.000000,0.000000,0.000000,0.050000,0.000000,0.000000,0.760000,0.000000,8.000000,53.290000
1789078974.427851,0,0.000000,0.000000,0.000000,0.010000,0.000000,0.000000,0.430000,0.000000,8.000000,53.310000
1789078974.454664,0,0.000000,0.000000,0.000000,0.000000,0.000000,0.000000,0.540000,0.000000,8.000000,53.310000
1789078974.455183,0,0.000000,0.000000,0.000000,-0.310000,0.000000,0.000000,0.310000,0.000000,8.000000,53.330000
1789078974.483260,0,0.000000,0.000000,0.000000,-0.100000,0.000000,0.000000,0.430000,0.000000,8.000000,53.340000
1789078974.483746,0,0.000000,0.000000,0.000000,-0.140000,0.000000,0.000000,0.640000,0.000000,8.000000,53.340000
1789078974.484117,0,0.000000,0.000000,0.000000,-0.050000,0.000000,0.000000,0.540000,0.000000,8.000000,53.360000
1789078974.512239,0,0.000000,0.000000,0.000000,-0.050000,0.000000,0.000000,0.430000,0.000000,8.000000,53.360000
1789078974.512693,0,0.000000,0.000000,0.000000,-0.100000,0.000000,0.000000,0.640000,0.000000,8.000000,53.380000
1789078974.513219,0,0.000000,0.000000,0.000000,0.000000,0.000000,0.000000,0.760000,0.000000,8.000000,53.380000
1789078974.541015,0,0.000000,0.000000,0.000000,0.050000,0.000000,0.000000,0.310000,0.000000,8.000000,53.400000
1789078974.541507,0,0.000000,0.000000,0.000000,0.000000,0.000000,0.000000,0.430000,0.000000,8.000000,53.400000
1789078974.568701,0,0.000000,0.000000,0.000000,-0.050000,0.000000,0.000000,0.430000,0.000000,8.000000,53.410000
1789078974.569399,0,0.000000,0.000000,0.000000,0.010000,0.000000,0.000000,0.540000,0.000000,8.000000,53.430000
1789078974.569823,0,0.000000,0.000000,0.000000,0.050000,0.000000,0.000000,0.310000,0.000000,8.000000,53.430000
1789078974.570242,0,0.000000,0.000000,0.000000,0.100000,0.000000,0.000000,0.430000,0.000000,8.000000,53.450000
1789078974.570638,0,0.000000,0.000000,0.000000,-0.050000,0.000000,0.000000,0.640000,0.000000,8.000000,53.450000
1789078974.598326,0,0.000000,0.000000,0.000000,0.010000,0.000000,0.000000,0.540000,0.000000,8.000000,53.470000
1789078974.599293,0,0.000000,0.000000,0.000000,0.050000,0.000000,0.000000,0.100000,0.000000,8.000000,53.470000
1789078974.627697,0,0.000000,0.000000,0.000000,-0.050000,0.000000,0.000000,0.760000,0.000000,8.000000,53.490000
1789078974.628153,0,0.000000,0.000000,0.000000,0.000000,0.000000,0.000000,0.540000,0.000000,8.000000,53.500000
1789078974.628737,0,0.000000,0.000000,0.000000,-0.140000,0.000000,0.000000,0.200000,0.000000,8.000000,53.500000
1789078974.656003,0,0.000000,0.000000,0.000000,0.050000,0.000000,0.000000,0.540000,0.000000,8.000000,53.500000
1789078974.656466,0,0.000000,0.000000,0.000000,0.280000,0.000000,0.000000,0.640000,0.000000,8.000000,53.520000
1789078974.656832,0,0.000000,0.000000,0.000000,0.000000,0.000000,0.000000,0.640000,0.000000,8.000000,53.520000
1789078974.684651,0,0.000000,0.000000,0.000000,0.050000,0.000000,0.000000,0.540000,0.000000,8.000000,53.540000
1789078974.685145,0,0.000000,0.000000,0.000000,0.000000,0.000000,0.000000,0.310000,0.000000,8.000000,53.540000
1789078974.685533,0,0.000000,0.000000,0.000000,0.010000,0.000000,0.000000,0.310000,0.000000,8.000000,53.560000
1789078974.713152,0,0.000000,0.000000,0.000000,0.010000,0.000000,0.000000,0.540000,0.000000,8.000000,53.560000
1789078974.713617,0,0.000000,0.000000,0.000000,0.010000,0.000000,0.000000,0.310000,0.000000,8.000000,53.580000
1789078974.714041,0,0.000000,0.000000,0.000000,0.050000,0.000000,0.000000,0.310000,0.000000,8.000000,53.590000
1789078974.743309,0,0.000000,0.000000,0.000000,0.000000,0.000000,0.000000,0.310000,0.000000,8.000000,53.590000
1789078974.743801,0,0.000000,0.000000,0.000000,0.000000,0.000000,0.000000,0.540000,0.000000,8.000000,53.610000
1789078974.744174,0,0.000000,0.000000,0.000000,-0.050000,0.000000,0.000000,0.430000,0.000000,8.000000,53.610000
1789078974.772293,0,0.000000,0.000000,0.000000,0.010000,0.000000,0.000000,0.200000,0.000000,8.000000,53.630000
1789078974.773057,0,0.000000,0.000000,0.000000,0.050000,0.000000,0.000000,0.540000,0.000000,8.000000,53.630000
1789078974.773706,0,0.000000,0.000000,0.000000,0.000000,0.000000,0.000000,0.760000,0.000000,8.000000,53.650000
1789078974.803741,0,0.000000,0.000000,0.000000,0.050000,0.000000,0.000000,0.430000,0.000000,8.000000,53.650000
1789078974.804213,0,0.000000,0.000000,0.000000,-0.140000,0.000000,0.000000,0.310000,0.000000,8.000000,53.660000
1789078974.804618,0,0.000000,0.000000,0.000000,0.000000,0.000000,0.000000,0.540000,0.000000,8.000000,53.680000
1789078974.831520,0,0.000000,0.000000,0.000000,0.010000,0.000000,0.000000,0.430000,0.000000,8.000000,53.680000
1789078974.832124,0,0.000000,0.000000,0.000000,0.000000,0.000000,0.000000,0.430000,0.000000,8.000000,53.700000
1789078974.832958,0,0.000000,0.000000,0.000000,-0.100000,0.000000,0.000000,0.430000,0.000000,8.000000,53.700000
1789078974.860669,0,0.000000,0.000000,0.000000,0.100000,0.000000,0.000000,0.310000,0.000000,8.000000,53.720000
1789078974.861132,0,0.000000,0.000000,0.000000,0.000000,0.000000,0.000000,0.310000,0.000000,8.000000,53.720000
1789078974.861490,0,0.000000,0.000000,0.000000,0.010000,0.000000,0.000000,0.430000,0.000000,8.000000,53.740000
1789078974.890002,0,0.000000,0.000000,0.000000,0.010000,0.000000,0.000000,0.310000,0.000000,8.000000,53.750000
1789078974.890474,0,0.000000,0.000000,0.000000,0.000000,0.000000,0.000000,0.200000,0.000000,8.000000,53.750000
1789078974.920270,0,0.000000,0.000000,0.000000,0.050000,0.000000,0.000000,0.540000,0.000000,8.000000,53.770000
1789078974.920873,0,0.000000,0.000000,0.000000,0.010000,0.000000,0.000000,0.760000,0.000000,8.000000,53.770000
1789078974.921665,0,0.000000,0.000000,0.000000,-0.050000,0.000000,0.000000,0.310000,0.000000,8.000000,53.790000
1789078974.950411,0,0.000000,0.000000,0.000000,0.150000,0.000000,0.000000,0.310000,0.000000,8.000000,53.790000
1789078974.951070,0,0.000000,0.000000,0.000000,0.100000,0.000000,0.000000,0.430000,0.000000,8.000000,53.810000
1789078974.951756,0,0.000000,0.000000,0.000000,0.000000,0.000000,0.000000,0.430000,0.000000,8.000000,53.810000
1789078974.952517,0,0.000000,0.000000,0.000000,0.150000,0.000000,0.000000,0.310000,0.000000,8.000000,53.830000
1789078974.981149,0,0.000000,0.000000,0.000000,0.000000,0.000000,0.000000,0.310000,0.000000,8.000000,53.840000
1789078974.981874,0,0.000000,0.000000,0.000000,-0.140000,0.000000,0.000000,0.640000,0.000000,8.000000,53.840000
1789078975.009954,0,0.000000,0.000000,0.000000,0.010000,0.000000,0.000000,0.540000,0.000000,8.000000,53.860000
1789078975.010420,0,0.000000,0.000000,0.000000,-0.100000,0.000000,0.000000,0.430000,0.000000,8.000000,53.860000
1789078975.010933,0,0.000000,0.000000,0.000000,0.000000,0.000000,0.000000,0.760000,0.000000,8.000000,53.880000
1789078975.034501,0,0.000000,0.000000,0.000000,0.000000,0.000000,0.000000,0.760000,0.000000,8.000000,53.900000
1789078975.035170,0,0.000000,0.000000,0.000000,0.010000,0.000000,0.000000,0.540000,0.000000,8.000000,53.900000
1789078975.059376,0,0.000000,0.000000,0.000000,0.050000,0.000000,0.000000,0.760000,0.000000,8.000000,53.910000
1789078975.059877,0,0.000000,0.000000,0.000000,0.050000,0.000000,0.000000,0.430000,0.000000,8.000000,53.930000
1789078975.060385,0,0.000000,0.000000,0.000000,0.050000,0.000000,0.000000,0.640000,0.000000,8.000000,53.930000
1789078975.084191,0,0.000000,0.000000,0.000000,0.010000,0.000000,0.000000,0.430000,0.000000,8.000000,53.950000
1789078975.084652,0,0.000000,0.000000,0.000000,0.000000,0.000000,0.000000,0.540000,0.000000,8.000000,53.950000
1789078975.085057,0,0.000000,0.000000,0.000000,-0.100000,0.000000,0.000000,0.430000,0.000000,8.000000,53.970000
1789078975.109446,0,0.000000,0.000000,0.000000,-0.050000,0.000000,0.000000,1.110000,0.000000,8.000000,53.970000
1789078975.110188,0,0.000000,0.000000,0.000000,0.010000,0.000000,0.000000,0.640000,0.000000,8.000000,53.990000
1789078975.110912,0,0.000000,0.000000,0.000000,-0.050000,0.000000,0.000000,0.310000,0.000000,8.000000,54.000000
1789078975.135045,0,0.000000,0.000000,0.000000,0.010000,0.000000,0.000000,0.430000,0.000000,8.000000,54.000000
1789078975.135655,0,0.000000,0.000000,0.000000,0.050000,0.000000,0.000000,0.200000,0.000000,8.000000,54.020000
1789078975.160277,0,0.000000,0.000000,0.000000,0.000000,0.000000,0.000000,0.430000,0.000000,8.000000,54.020000
1789078975.160986,0,0.000000,0.000000,0.000000,0.050000,0.000000,0.000000,0.540000,0.000000,8.000000,54.040000
1789078975.185879,0,0.000000,0.000000,0.000000,0.000000,0.000000,0.000000,0.310000,0.000000,8.000000,54.040000
1789078975.186372,0,0.000000,0.000000,0.000000,0.000000,0.000000,0.000000,0.640000,0.000000,8.000000,54.060000
1789078975.186867,0,0.000000,0.000000,0.000000,-0.310000,0.000000,0.000000,0.200000,0.000000,8.000000,54.060000
1789078975.211131,0,0.000000,0.000000,0.000000,0.050000,0.000000,0.000000,0.310000,0.000000,8.000000,54.080000
1789078975.211664,0,0.000000,0.000000,0.000000,-0.050000,0.000000,0.000000,0.540000,0.000000,8.000000,54.090000
1789078975.235368,0,0.000000,0.000000,0.000000,-0.050000,0.000000,0.000000,0.310000,0.000000,8.000000,54.090000
1789078975.235867,0,0.000000,0.000000,0.000000,0.000000,0.000000,0.000000,0.430000,0.000000,8.000000,54.110000
1789078975.236592,0,0.000000,0.000000,0.000000,0.010000,0.000000,0.000000,0.200000,0.000000,8.000000,54.110000
1789078975.260185,0,0.000000,0.000000,0.000000,-0.050000,0.000000,0.000000,0.310000,0.000000,8.000000,54.130000
1789078975.260796,0,0.000000,0.000000,0.000000,0.010000,0.000000,0.000000,0.430000,0.000000,8.000000,54.130000
1789078975.284308,0,0.000000,0.000000,0.000000,-0.050000,0.000000,0.000000,0.430000,0.000000,8.000000,54.150000
1789078975.284759,0,0.000000,0.000000,0.000000,0.000000,0.000000,0.000000,0.430000,0.000000,8.000000,54.150000
1789078975.285130,0,0.000000,0.000000,0.000000,0.050000,0.000000,0.000000,0.640000,0.000000,8.000000,54.160000
1789078975.308999,0,0.000000,0.000000,0.000000,0.010000,0.000000,0.000000,0.310000,0.000000,8.000000,54.180000
1789078975.333696,0,0.000000,0.000000,0.000000,0.010000,0.000000,0.000000,0.870000,0.000000,8.000000,54.180000
1789078975.334285,0,0.000000,0.000000,0.000000,0.000000,0.000000,0.000000,0.310000,0.000000,8.000000,54.200000
1789078975.334754,0,0.000000,0.000000,0.000000,0.010000,0.000000,0.000000,0.310000,0.000000,8.000000,54.200000
1789078975.335197,0,0.000000,0.000000,0.000000,-0.180000,0.000000,0.000000,0.640000,0.000000,8.000000,54.220000
1789078975.358582,0,0.000000,0.000000,0.000000,0.010000,0.000000,0.000000,0.310000,0.000000,8.000000,54.220000
1789078975.359129,0,0.000000,0.000000,0.000000,0.010000,0.000000,0.000000,0.640000,0.000000,8.000000,54.240000
1789078975.382094,0,0.000000,0.000000,0.000000,0.010000,0.000000,0.000000,0.430000,0.000000,8.000000,54.250000
1789078975.382603,0,0.000000,0.000000,0.000000,0.010000,0.000000,0.000000,0.430000,0.000000,8.000000,54.250000
1789078975.383113,0,0.000000,0.000000,0.000000,0.000000,0.000000,0.000000,0.760000,0.000000,8.000000,54.270000
1789078975.408299,0,0.000000,0.000000,0.000000,-1.260000,0.000000,0.000000,0.430000,0.000000,8.000000,54.270000
1789078975.408798,0,0.000000,0.000000,0.000000,-0.050000,0.000000,0.000000,0.640000,0.000000,8.000000,54.290000
1789078975.433527,0,0.000000,0.000000,0.000000,-0.140000,0.000000,0.000000,0.430000,0.000000,8.000000,54.290000
1789078975.434030,0,0.000000,0.000000,0.000000,-0.140000,0.000000,0.000000,0.540000,0.000000,8.000000,54.310000
1789078975.434492,0,0.000000,0.000000,0.000000,0.050000,0.000000,0.000000,0.310000,0.000000,8.000000,54.310000
1789078975.458166,0,0.000000,0.000000,0.000000,0.000000,0.000000,0.000000,0.430000,0.000000,8.000000,54.330000
1789078975.458635,0,0.000000,0.000000,0.000000,0.010000,0.000000,0.000000,0.540000,0.000000,8.000000,54.340000
1789078975.482523,0,0.000000,0.000000,0.000000,0.010000,0.000000,0.000000,0.760000,0.000000,8.000000,54.340000
1789078975.483110,0,0.000000,0.000000,0.000000,0.010000,0.000000,0.000000,0.310000,0.000000,8.000000,54.360000
1789078975.508518,0,0.000000,0.000000,0.000000,0.100000,0.000000,0.000000,0.640000,0.000000,8.000000,54.360000
1789078975.509017,0,0.000000,0.000000,0.000000,0.000000,0.000000,0.000000,0.760000,0.000000,8.000000,54.380000
1789078975.509417,0,0.000000,0.000000,0.000000,-0.050000,0.000000,0.000000,0.310000,0.000000,8.000000,54.380000
1789078975.532574,0,0.000000,0.000000,0.000000,-0.140000,0.000000,0.000000,0.540000,0.000000,8.000000,54.400000
1789078975.533097,0,0.000000,0.000000,0.000000,0.010000,0.000000,0.000000,0.540000,0.000000,8.000000,54.400000
1789078975.533487,0,0.000000,0.000000,0.000000,0.050000,0.000000,0.000000,0.310000,0.000000,8.000000,54.410000
1789078975.557686,0,0.000000,0.000000,0.000000,-0.100000,0.000000,0.000000,0.540000,0.000000,8.000000,54.430000
1789078975.581560,0,0.000000,0.000000,0.000000,0.050000,0.000000,0.000000,0.430000,0.000000,8.000000,54.430000
1789078975.582184,0,0.000000,0.000000,0.000000,-0.180000,0.000000,0.000000,0.430000,0.000000,8.000000,54.450000
1789078975.583113,0,0.000000,0.000000,0.000000,0.010000,0.000000,0.000000,0.430000,0.000000,8.000000,54.450000
1789078975.607263,0,0.000000,0.000000,0.000000,0.000000,0.000000,0.000000,0.640000,0.000000,8.000000,54.470000
1789078975.607765,0,0.000000,0.000000,0.000000,-0.050000,0.000000,0.000000,0.430000,0.000000,8.000000,54.470000
1789078975.608179,0,0.000000,0.000000,0.000000,0.050000,0.000000,0.000000,0.540000,0.000000,8.000000,54.490000
1789078975.633327,0,0.000000,0.000000,0.000000,-0.230000,0.000000,0.000000,0.540000,0.000000,8.000000,54.500000
1789078975.658280,0,0.000000,0.000000,0.000000,-0.100000,0.000000,0.000000,0.540000,0.000000,8.000000,54.500000
1789078975.658760,0,0.000000,0.000000,0.000000,0.010000,0.000000,0.000000,0.310000,0.000000,8.000000,54.520000
1789078975.659145,0,0.000000,0.000000,0.000000,0.050000,0.000000,0.000000,0.430000,0.000000,8.000000,54.520000
1789078975.685132,0,0.000000,0.000000,0.000000,-0.050000,0.000000,0.000000,0.430000,0.000000,8.000000,54.540000
1789078975.685660,0,0.000000,0.000000,0.000000,-0.050000,0.000000,0.000000,0.430000,0.000000,8.000000,54.540000
1789078975.686083,0,0.000000,0.000000,0.000000,-0.050000,0.000000,0.000000,0.540000,0.000000,8.000000,54.560000
1789078975.712432,0,0.000000,0.000000,0.000000,0.150000,0.000000,0.000000,0.640000,0.000000,8.000000,54.560000
1789078975.713068,0,0.000000,0.000000,0.000000,-0.100000,0.000000,0.000000,0.200000,0.000000,8.000000,54.580000
1789078975.713565,0,0.000000,0.000000,0.000000,0.050000,0.000000,0.000000,0.430000,0.000000,8.000000,54.590000
1789078975.738240,0,0.000000,0.000000,0.000000,-0.100000,0.000000,0.000000,0.430000,0.000000,8.000000,54.590000
1789078975.738746,0,0.000000,0.000000,0.000000,-0.100000,0.000000,0.000000,0.310000,0.000000,8.000000,54.610000
1789078975.764908,0,0.000000,0.000000,0.000000,-0.180000,0.000000,0.000000,0.640000,0.000000,8.000000,54.610000
1789078975.765579,0,0.000000,0.000000,0.000000,0.100000,0.000000,0.000000,0.540000,0.000000,8.000000,54.630000
1789078975.766208,0,0.000000,0.000000,0.000000,0.100000,0.000000,0.000000,0.640000,0.000000,8.000000,54.630000
1789078975.792586,0,0.000000,0.000000,0.000000,-0.180000,0.000000,0.000000,0.540000,0.000000,8.000000,54.650000
1789078975.793093,0,0.000000,0.000000,0.000000,-0.050000,0.000000,0.000000,0.760000,0.000000,8.000000,54.650000
1789078975.819380,0,0.000000,0.000000,0.000000,0.010000,0.000000,0.000000,0.540000,0.000000,8.000000,54.660000
1789078975.819910,0,0.000000,0.000000,0.000000,0.000000,0.000000,0.000000,0.760000,0.000000,8.000000,54.680000
1789078975.820308,0,0.000000,0.000000,0.000000,0.000000,0.000000,0.000000,0.760000,0.000000,8.000000,54.700000
1789078975.845104,0,0.000000,0.000000,0.000000,0.000000,0.000000,0.000000,0.310000,0.000000,8.000000,54.700000
1789078975.845613,0,0.000000,0.000000,0.000000,0.010000,0.000000,0.000000,0.640000,0.000000,8.000000,54.720000
1789078975.870216,0,0.000000,0.000000,0.000000,-0.180000,0.000000,0.000000,0.640000,0.000000,8.000000,54.720000
1789078975.870777,0,0.000000,0.000000,0.000000,-0.100000,0.000000,0.000000,0.640000,0.000000,8.000000,54.740000
1789078975.894908,0,0.000000,0.000000,0.000000,0.010000,0.000000,0.000000,0.430000,0.000000,8.000000,54.750000
1789078975.895409,0,0.000000,0.000000,0.000000,-0.140000,0.000000,0.000000,0.540000,0.000000,8.000000,54.750000
1789078975.895812,0,0.000000,0.000000,0.000000,0.010000,0.000000,0.000000,0.540000,0.000000,8.000000,54.770000
1789078975.920218,0,0.000000,0.000000,0.000000,0.100000,0.000000,0.000000,0.640000,0.000000,8.000000,54.790000
1789078975.920979,0,0.000000,0.000000,0.000000,-0.140000,0.000000,0.000000,0.540000,0.000000,8.000000,54.790000
1789078975.944256,0,0.000000,0.000000,0.000000,0.010000,0.000000,0.000000,0.540000,0.000000,8.000000,54.810000
1789078975.944747,0,0.000000,0.000000,0.000000,0.010000,0.000000,0.000000,0.540000,0.000000,8.000000,54.810000
1789078975.945136,0,0.000000,0.000000,0.000000,0.050000,0.000000,0.000000,0.760000,0.000000,8.000000,54.830000
1789078975.969389,0,0.000000,0.000000,0.000000,-0.050000,0.000000,0.000000,0.310000,0.000000,8.000000,54.840000
1789078975.969872,0,0.000000,0.000000,0.000000,0.000000,0.000000,0.000000,0.540000,0.000000,8.000000,54.840000
1789078975.993744,0,0.000000,0.000000,0.000000,0.010000,0.000000,0.000000,0.430000,0.000000,8.000000,54.860000
1789078975.994405,0,0.000000,0.000000,0.000000,0.000000,0.000000,0.000000,0.200000,0.000000,8.000000,54.860000
1789078975.994868,0,0.000000,0.000000,0.000000,-0.050000,0.000000,0.000000,0.540000,0.000000,8.000000,54.880000
1789078975.995579,0,0.000000,0.000000,0.000000,0.050000,0.000000,0.000000,0.430000,0.000000,8.000000,54.880000
1789078976.019584,0,0.000000,0.000000,0.000000,0.000000,0.000000,0.000000,0.640000,0.000000,8.000000,54.900000
1789078976.020091,0,0.000000,0.000000,0.000000,0.010000,0.000000,0.000000,0.540000,0.000000,8.000000,54.900000
1789078976.043717,0,0.000000,0.000000,0.000000,0.010000,0.000000,0.000000,0.430000,0.000000,8.000000,54.910000
1789078976.044220,0,0.000000,0.000000,0.000000,-0.140000,0.000000,0.000000,0.310000,0.000000,8.000000,54.930000
1789078976.069959,0,0.000000,0.000000,0.000000,0.000000,0.000000,0.000000,0.760000,0.000000,8.000000,54.930000
1789078976.070463,0,0.000000,0.000000,0.000000,0.010000,0.000000,0.000000,0.540000,0.000000,8.000000,54.950000
1789078976.071117,0,0.000000,0.000000,0.000000,0.010000,0.000000,0.000000,0.100000,0.000000,8.000000,54.950000
1789078976.094675,0,0.000000,0.000000,0.000000,0.000000,0.000000,0.000000,0.310000,0.000000,8.000000,54.970000
1789078976.095176,0,0.000000,0.000000,0.000000,0.000000,0.000000,0.000000,0.540000,0.000000,8.000000,54.970000
1789078976.119057,0,0.000000,0.000000,0.000000,-0.050000,0.000000,0.000000,0.540000,0.000000,8.000000,54.990000
1789078976.119565,0,0.000000,0.000000,0.000000,-0.050000,0.000000,0.000000,0.100000,0.000000,8.000000,55.000000
1789078976.142729,0,0.000000,0.000000,0.000000,-0.230000,0.000000,0.000000,0.310000,0.000000,8.000000,55.000000
1789078976.143233,0,0.000000,0.000000,0.000000,-0.050000,0.000000,0.000000,0.540000,0.000000,8.000000,55.000000
1789078976.143671,0,0.000000,0.000000,0.000000,-0.100000,0.000000,0.000000,0.430000,0.000000,8.000000,55.020000
1789078976.168020,0,0.000000,0.000000,0.000000,-0.230000,0.000000,0.000000,0.310000,0.000000,8.000000,55.020000
1789078976.168538,0,0.000000,0.000000,0.000000,-0.180000,0.000000,0.000000,0.430000,0.000000,8.000000,55.040000
1789078976.169017,0,0.000000,0.000000,0.000000,-0.050000,0.000000,0.000000,0.540000,0.000000,8.000000,55.040000
1789078976.193471,0,0.000000,0.000000,0.000000,0.000000,0.000000,0.000000,0.430000,0.000000,8.000000,55.060000
1789078976.193971,0,0.000000,0.000000,0.000000,0.000000,0.000000,0.000000,0.640000,0.000000,8.000000,55.060000
1789078976.218215,0,0.000000,0.000000,0.000000,0.010000,0.000000,0.000000,0.540000,0.000000,8.000000,55.080000
1789078976.218836,0,0.000000,0.000000,0.000000,0.000000,0.000000,0.000000,0.310000,0.000000,8.000000,55.090000
1789078976.242991,0,0.000000,0.000000,0.000000,0.000000,0.000000,0.000000,0.540000,0.000000,8.000000,55.090000
1789078976.243499,0,0.000000,0.000000,0.000000,0.000000,0.000000,0.000000,0.310000,0.000000,8.000000,55.110000
1789078976.243905,0,0.000000,0.000000,0.000000,-0.180000,0.000000,0.000000,0.870000,0.000000,8.000000,55.110000
1789078976.244392,0,0.000000,0.000000,0.000000,-0.050000,0.000000,0.000000,0.200000,0.000000,8.000000,55.130000
1789078976.267871,0,0.000000,0.000000,0.000000,0.010000,0.000000,0.000000,0.870000,0.000000,8.000000,55.130000
1789078976.268382,0,0.000000,0.000000,0.000000,0.050000,0.000000,0.000000,0.540000,0.000000,8.000000,55.150000
1789078976.292404,0,0.000000,0.000000,0.000000,0.010000,0.000000,0.000000,0.430000,0.000000,8.000000,55.150000
1789078976.317411,0,0.000000,0.000000,0.000000,-0.100000,0.000000,0.000000,0.640000,0.000000,8.000000,55.180000
1789078976.318055,0,0.000000,0.000000,0.000000,0.000000,0.000000,0.000000,0.640000,0.000000,8.000000,55.180000
1789078976.318701,0,0.000000,0.000000,0.000000,-0.050000,0.000000,0.000000,0.640000,0.000000,8.000000,55.200000
1789078976.342077,0,0.000000,0.000000,0.000000,0.010000,0.000000,0.000000,0.540000,0.000000,8.000000,55.200000
1789078976.342575,0,0.000000,0.000000,0.000000,0.000000,0.000000,0.000000,0.430000,0.000000,8.000000,55.220000
1789078976.366253,0,0.000000,0.000000,0.000000,0.010000,0.000000,0.000000,0.430000,0.000000,8.000000,55.220000
1789078976.366781,0,0.000000,0.000000,0.000000,0.000000,0.000000,0.000000,0.430000,0.000000,8.000000,55.240000
1789078976.390866,0,0.000000,0.000000,0.000000,0.000000,0.000000,0.000000,0.430000,0.000000,8.000000,55.250000
1789078976.391406,0,0.000000,0.000000,0.000000,0.050000,0.000000,0.000000,0.430000,0.000000,8.000000,55.250000
1789078976.415885,0,0.000000,0.000000,0.000000,0.050000,0.000000,0.000000,0.540000,0.000000,8.000000,55.270000
1789078976.416486,0,0.000000,0.000000,0.000000,0.010000,0.000000,0.000000,0.430000,0.000000,8.000000,55.270000
1789078976.417029,0,0.000000,0.000000,0.000000,-0.140000,0.000000,0.000000,0.430000,0.000000,8.000000,55.290000
1789078976.440465,0,0.000000,0.000000,0.000000,0.000000,0.000000,0.000000,0.430000,0.000000,8.000000,55.290000
1789078976.440947,0,0.000000,0.000000,0.000000,-0.100000,0.000000,0.000000,0.430000,0.000000,8.000000,55.310000
1789078976.441338,0,0.000000,0.000000,0.000000,-0.100000,0.000000,0.000000,0.640000,0.000000,8.000000,55.330000
1789078976.465402,0,0.000000,0.000000,0.000000,0.010000,0.000000,0.000000,0.430000,0.000000,8.000000,55.340000
1789078976.466092,0,0.000000,0.000000,0.000000,-0.050000,0.000000,0.000000,0.640000,0.000000,8.000000,55.340000
1789078976.491876,0,0.000000,0.000000,0.000000,-0.050000,0.000000,0.000000,0.310000,0.000000,8.000000,55.360000
1789078976.492374,0,0.000000,0.000000,0.000000,0.000000,0.000000,0.000000,0.430000,0.000000,8.000000,55.360000
1789078976.492884,0,0.000000,0.000000,0.000000,-0.100000,0.000000,0.000000,0.540000,0.000000,8.000000,55.380000
1789078976.516728,0,0.000000,0.000000,0.000000,0.010000,0.000000,0.000000,0.430000,0.000000,8.000000,55.380000
1789078976.517204,0,0.000000,0.000000,0.000000,0.000000,0.000000,0.000000,0.640000,0.000000,8.000000,55.400000
1789078976.540899,0,0.000000,0.000000,0.000000,-0.140000,0.000000,0.000000,0.430000,0.000000,8.000000,55.400000
1789078976.541454,0,0.000000,0.000000,0.000000,0.000000,0.000000,0.000000,0.430000,0.000000,8.000000,55.400000
1789078976.542265,0,0.000000,0.000000,0.000000,0.150000,0.000000,0.000000,0.540000,0.000000,8.000000,55.430000
1789078976.566370,0,0.000000,0.000000,0.000000,0.000000,0.000000,0.000000,0.540000,0.000000,8.000000,55.430000
1789078976.567014,0,0.000000,0.000000,0.000000,-0.050000,0.000000,0.000000,0.430000,0.000000,8.000000,55.450000
1789078976.591853,0,0.000000,0.000000,0.000000,0.010000,0.000000,0.000000,0.760000,0.000000,8.000000,55.450000
1789078976.592356,0,0.000000,0.000000,0.000000,0.010000,0.000000,0.000000,0.310000,0.000000,8.000000,55.470000
1789078976.616385,0,0.000000,0.000000,0.000000,0.010000,0.000000,0.000000,0.640000,0.000000,8.000000,55.470000
1789078976.617076,0,0.000000,0.000000,0.000000,-0.230000,0.000000,0.000000,0.430000,0.000000,8.000000,55.490000
1789078976.617561,0,0.000000,0.000000,0.000000,-0.050000,0.000000,0.000000,0.430000,0.000000,8.000000,55.500000
1789078976.618243,0,0.000000,0.000000,0.000000,-0.100000,0.000000,0.000000,0.540000,0.000000,8.000000,55.500000
1789078976.641148,0,0.000000,0.000000,0.000000,-0.140000,0.000000,0.000000,0.310000,0.000000,8.000000,55.520000
1789078976.641756,0,0.000000,0.000000,0.000000,0.000000,0.000000,0.000000,0.200000,0.000000,8.000000,55.520000
1789078976.665070,0,0.000000,0.000000,0.000000,0.050000,0.000000,0.000000,0.760000,0.000000,8.000000,55.540000
1789078976.665561,0,0.000000,0.000000,0.000000,0.010000,0.000000,0.000000,0.640000,0.000000,8.000000,55.540000
1789078976.689981,0,0.000000,0.000000,0.000000,0.050000,0.000000,0.000000,0.000000,0.000000,8.000000,55.560000
1789078976.690474,0,0.000000,0.000000,0.000000,0.000000,0.000000,0.000000,0.430000,0.000000,8.000000,55.560000
1789078976.713983,0,0.000000,0.000000,0.000000,-0.050000,0.000000,0.000000,0.540000,0.000000,8.000000,55.580000
1789078976.714466,0,0.000000,0.000000,0.000000,0.050000,0.000000,0.000000,0.640000,0.000000,8.000000,55.590000
1789078976.714871,0,0.000000,0.000000,0.000000,-0.050000,0.000000,0.000000,0.640000,0.000000,8.000000,55.590000
1789078976.738784,0,0.000000,0.000000,0.000000,-0.050000,0.000000,0.000000,0.310000,0.000000,8.000000,55.610000
1789078976.739295,0,0.000000,0.000000,0.000000,0.010000,0.000000,0.000000,0.640000,0.000000,8.000000,55.610000
1789078976.763851,0,0.000000,0.000000,0.000000,-0.180000,0.000000,0.000000,-0.310000,0.000000,8.000000,55.610000
1789078976.764325,0,0.000000,0.000000,0.000000,0.050000,0.000000,0.000000,0.430000,0.000000,8.000000,55.630000
1789078976.764723,0,0.000000,0.000000,0.000000,-0.230000,0.000000,0.000000,0.430000,0.000000,8.000000,55.650000
1789078976.789199,0,0.000000,0.000000,0.000000,0.010000,0.000000,0.000000,0.760000,0.000000,8.000000,55.650000
1789078976.789880,0,0.000000,0.000000,0.000000,0.000000,0.000000,0.000000,0.540000,0.000000,8.000000,55.650000
1789078976.813337,0,0.000000,0.000000,0.000000,-0.050000,0.000000,0.000000,0.640000,0.000000,8.000000,55.660000
1789078976.813823,0,0.000000,0.000000,0.000000,0.010000,0.000000,0.000000,0.430000,0.000000,8.000000,55.680000
1789078976.814326,0,0.000000,0.000000,0.000000,0.000000,0.000000,0.000000,0.310000,0.000000,8.000000,55.680000
1789078976.838350,0,0.000000,0.000000,0.000000,0.280000,0.000000,0.000000,0.310000,0.000000,8.000000,55.700000
1789078976.838849,0,0.000000,0.000000,0.000000,0.010000,0.000000,0.000000,0.640000,0.000000,8.000000,55.700000
1789078976.839268,0,0.000000,0.000000,0.000000,-0.100000,0.000000,0.000000,0.310000,0.000000,8.000000,55.720000
1789078976.862704,0,0.000000,0.000000,0.000000,0.000000,0.000000,0.000000,0.540000,0.000000,8.000000,55.720000
1789078976.863202,0,0.000000,0.000000,0.000000,-0.050000,0.000000,0.000000,0.540000,0.000000,8.000000,55.740000
1789078976.887611,0,0.000000,0.000000,0.000000,0.000000,0.000000,0.000000,0.100000,0.000000,8.000000,55.750000
1789078976.888340,0,0.000000,0.000000,0.000000,0.100000,0.000000,0.000000,0.200000,0.000000,8.000000,55.750000
1789078976.913742,0,0.000000,0.000000,0.000000,0.010000,0.000000,0.000000,0.430000,0.000000,8.000000,55.770000
1789078976.914252,0,0.000000,0.000000,0.000000,0.000000,0.000000,0.000000,0.430000,0.000000,8.000000,55.790000
1789078976.938845,0,0.000000,0.000000,0.000000,0.050000,0.000000,0.000000,0.540000,0.000000,8.000000,55.790000
1789078976.939401,0,0.000000,0.000000,0.000000,0.010000,0.000000,0.000000,0.760000,0.000000,8.000000,55.810000
1789078976.962463,0,0.000000,0.000000,0.000000,0.050000,0.000000,0.000000,0.640000,0.000000,8.000000,55.810000
1789078976.962959,0,0.000000,0.000000,0.000000,0.010000,0.000000,0.000000,0.870000,0.000000,8.000000,55.830000
1789078976.963450,0,0.000000,0.000000,0.000000,0.000000,0.000000,0.000000,0.430000,0.000000,8.000000,55.840000
1789078976.987193,0,0.000000,0.000000,0.000000,0.000000,0.000000,0.000000,0.430000,0.000000,8.000000,55.840000
1789078977.011212,0,0.000000,0.000000,0.000000,0.010000,0.000000,0.000000,0.640000,0.000000,8.000000,55.860000
1789078977.011714,0,0.000000,0.000000,0.000000,0.000000,0.000000,0.000000,0.310000,0.000000,8.000000,55.860000
1789078977.012120,0,0.000000,0.000000,0.000000,0.000000,0.000000,0.000000,0.310000,0.000000,8.000000,55.880000
1789078977.035529,0,0.000000,0.000000,0.000000,0.000000,0.000000,0.000000,0.540000,0.000000,8.000000,55.900000
1789078977.035986,0,0.000000,0.000000,0.000000,-0.100000,0.000000,0.000000,0.640000,0.000000,8.000000,55.900000
1789078977.036345,0,0.000000,0.000000,0.000000,0.010000,0.000000,0.000000,0.640000,0.000000,8.000000,55.910000
1789078977.060041,0,0.000000,0.000000,0.000000,0.010000,0.000000,0.000000,0.760000,0.000000,8.000000,55.930000
1789078977.060544,0,0.000000,0.000000,0.000000,-0.140000,0.000000,0.000000,0.310000,0.000000,8.000000,55.930000
1789078977.085329,0,0.000000,0.000000,0.000000,-0.100000,0.000000,0.000000,0.430000,0.000000,8.000000,55.950000
1789078977.085845,0,0.000000,0.000000,0.000000,0.000000,0.000000,0.000000,0.430000,0.000000,8.000000,55.950000
1789078977.109027,0,0.000000,0.000000,0.000000,0.010000,0.000000,0.000000,0.870000,0.000000,8.000000,55.970000
1789078977.109528,0,0.000000,0.000000,0.000000,-0.100000,0.000000,0.000000,0.760000,0.000000,8.000000,55.970000
1789078977.109923,0,0.000000,0.000000,0.000000,-0.050000,0.000000,0.000000,0.640000,0.000000,8.000000,55.990000
1789078977.134024,0,0.000000,0.000000,0.000000,0.010000,0.000000,0.000000,0.760000,0.000000,8.000000,56.000000
1789078977.134761,0,0.000000,0.000000,0.000000,0.010000,0.000000,0.000000,0.430000,0.000000,8.000000,56.000000
1789078977.158846,0,0.000000,0.000000,0.000000,0.100000,0.000000,0.000000,0.430000,0.000000,8.000000,56.020000
1789078977.159360,0,0.000000,0.000000,0.000000,0.150000,0.000000,0.000000,0.430000,0.000000,8.000000,56.020000
1789078977.159765,0,0.000000,0.000000,0.000000,0.010000,0.000000,0.000000,0.310000,0.000000,8.000000,56.040000
1789078977.183418,0,0.000000,0.000000,0.000000,-0.050000,0.000000,0.000000,0.640000,0.000000,8.000000,56.040000
1789078977.184144,0,0.000000,0.000000,0.000000,-0.050000,0.000000,0.000000,0.310000,0.000000,8.000000,56.060000
1789078977.184570,0,0.000000,0.000000,0.000000,-0.050000,0.000000,0.000000,0.640000,0.000000,8.000000,56.060000
1789078977.207516,0,0.000000,0.000000,0.000000,0.000000,0.000000,0.000000,0.430000,0.000000,8.000000,56.080000
1789078977.229931,0,0.000000,0.000000,0.000000,0.000000,0.000000,0.000000,0.310000,0.000000,8.000000,56.090000
1789078977.230442,0,0.000000,0.000000,0.000000,0.000000,0.000000,0.000000,0.540000,0.000000,8.000000,56.090000
1789078977.230841,0,0.000000,0.000000,0.000000,0.010000,0.000000,0.000000,0.540000,0.000000,8.000000,56.110000
1789078977.252834,0,0.000000,0.000000,0.000000,-0.100000,0.000000,0.000000,0.430000,0.000000,8.000000,56.110000
1789078977.253402,0,0.000000,0.000000,0.000000,0.100000,0.000000,0.000000,0.430000,0.000000,8.000000,56.130000
1789078977.273936,0,0.000000,0.000000,0.000000,-0.230000,0.000000,0.000000,0.310000,0.000000,8.000000,56.130000
1789078977.274432,0,0.000000,0.000000,0.000000,0.100000,0.000000,0.000000,0.640000,0.000000,8.000000,56.150000
1789078977.274997,0,0.000000,0.000000,0.000000,-0.180000,0.000000,0.000000,0.540000,0.000000,8.000000,56.150000
1789078977.297233,0,0.000000,0.000000,0.000000,-0.180000,0.000000,0.000000,0.640000,0.000000,8.000000,56.160000
1789078977.320293,0,0.000000,0.000000,0.000000,0.050000,0.000000,0.000000,0.640000,0.000000,8.000000,56.180000
1789078977.320850,0,0.000000,0.000000,0.000000,0.000000,0.000000,0.000000,0.540000,0.000000,8.000000,56.180000
1789078977.343084,0,0.000000,0.000000,0.000000,0.050000,0.000000,0.000000,0.540000,0.000000,8.000000,56.200000
1789078977.343587,0,0.000000,0.000000,0.000000,-0.050000,0.000000,0.000000,0.310000,0.000000,8.000000,56.200000
1789078977.344315,0,0.000000,0.000000,0.000000,0.050000,0.000000,0.000000,0.540000,0.000000,8.000000,56.220000
1789078977.365901,0,0.000000,0.000000,0.000000,0.100000,0.000000,0.000000,0.640000,0.000000,8.000000,56.220000
1789078977.366786,0,0.000000,0.000000,0.000000,-0.140000,0.000000,0.000000,0.540000,0.000000,8.000000,56.250000
1789078977.388740,0,0.000000,0.000000,0.000000,-0.050000,0.000000,0.000000,0.760000,0.000000,8.000000,56.250000
1789078977.389288,0,0.000000,0.000000,0.000000,0.010000,0.000000,0.000000,0.870000,0.000000,8.000000,56.270000
1789078977.389881,0,0.000000,0.000000,0.000000,0.000000,0.000000,0.000000,0.310000,0.000000,8.000000,56.270000
1789078977.411684,0,0.000000,0.000000,0.000000,0.050000,0.000000,0.000000,0.540000,0.000000,8.000000,56.290000
1789078977.412273,0,0.000000,0.000000,0.000000,0.010000,0.000000,0.000000,0.430000,0.000000,8.000000,56.290000
1789078977.435374,0,0.000000,0.000000,0.000000,-0.050000,0.000000,0.000000,0.540000,0.000000,8.000000,56.310000
1789078977.435878,0,0.000000,0.000000,0.000000,0.100000,0.000000,0.000000,0.430000,0.000000,8.000000,56.310000
1789078977.457312,0,0.000000,0.000000,0.000000,-0.050000,0.000000,0.000000,0.430000,0.000000,8.000000,56.330000
1789078977.457814,0,0.000000,0.000000,0.000000,0.000000,0.000000,0.000000,0.640000,0.000000,8.000000,56.340000
1789078977.479416,0,0.000000,0.000000,0.000000,0.050000,0.000000,0.000000,0.540000,0.000000,8.000000,56.340000
1789078977.479928,0,0.000000,0.000000,0.000000,0.100000,0.000000,0.000000,0.540000,0.000000,8.000000,56.360000
1789078977.480347,0,0.000000,0.000000,0.000000,0.010000,0.000000,0.000000,0.540000,0.000000,8.000000,56.360000
1789078977.503528,0,0.000000,0.000000,0.000000,0.050000,0.000000,0.000000,0.310000,0.000000,8.000000,56.380000
1789078977.504087,0,0.000000,0.000000,0.000000,-0.050000,0.000000,0.000000,0.540000,0.000000,8.000000,56.380000
1789078977.526724,0,0.000000,0.000000,0.000000,0.180000,0.000000,0.000000,0.430000,0.000000,8.000000,56.400000
1789078977.527226,0,0.000000,0.000000,0.000000,0.050000,0.000000,0.000000,0.640000,0.000000,8.000000,56.400000
1789078977.550168,0,0.000000,0.000000,0.000000,-0.100000,0.000000,0.000000,0.430000,0.000000,8.000000,56.410000
1789078977.550896,0,0.000000,0.000000,0.000000,-0.100000,0.000000,0.000000,0.540000,0.000000,8.000000,56.430000
1789078977.572367,0,0.000000,0.000000,0.000000,0.000000,0.000000,0.000000,0.310000,0.000000,8.000000,56.430000
1789078977.572869,0,0.000000,0.000000,0.000000,-0.050000,0.000000,0.000000,0.430000,0.000000,8.000000,56.450000
1789078977.596538,0,0.000000,0.000000,0.000000,0.010000,0.000000,0.000000,0.430000,0.000000,8.000000,56.450000
1789078977.597098,0,0.000000,0.000000,0.000000,-0.140000,0.000000,0.000000,0.430000,0.000000,8.000000,56.470000
1789078977.618987,0,0.000000,0.000000,0.000000,0.050000,0.000000,0.000000,0.640000,0.000000,8.000000,56.470000
1789078977.619485,0,0.000000,0.000000,0.000000,0.100000,0.000000,0.000000,0.640000,0.000000,8.000000,56.490000
1789078977.620049,0,0.000000,0.000000,0.000000,0.000000,0.000000,0.000000,0.640000,0.000000,8.000000,56.500000
1789078977.641576,0,0.000000,0.000000,0.000000,0.010000,0.000000,0.000000,0.430000,0.000000,8.000000,56.500000
1789078977.642269,0,0.000000,0.000000,0.000000,0.010000,0.000000,0.000000,0.640000,0.000000,8.000000,56.520000
1789078977.665541,0,0.000000,0.000000,0.000000,0.050000,0.000000,0.000000,0.760000,0.000000,8.000000,56.520000
1789078977.687847,0,0.000000,0.000000,0.000000,-0.140000,0.000000,0.000000,0.310000,0.000000,8.000000,56.540000
1789078977.688372,0,0.000000,0.000000,0.000000,-0.140000,0.000000,0.000000,0.430000,0.000000,8.000000,56.560000
1789078977.688814,0,0.000000,0.000000,0.000000,0.010000,0.000000,0.000000,0.430000,0.000000,8.000000,56.560000
1789078977.689502,0,0.000000,0.000000,0.000000,0.050000,0.000000,0.000000,0.640000,0.000000,8.000000,56.580000
1789078977.710731,0,0.000000,0.000000,0.000000,-0.050000,0.000000,0.000000,0.640000,0.000000,8.000000,56.590000
1789078977.711341,0,0.000000,0.000000,0.000000,-0.050000,0.000000,0.000000,0.430000,0.000000,8.000000,56.590000
1789078977.733644,0,0.000000,0.000000,0.000000,0.050000,0.000000,0.000000,0.540000,0.000000,8.000000,56.610000
1789078977.734435,0,0.000000,0.000000,0.000000,-0.050000,0.000000,0.000000,0.540000,0.000000,8.000000,56.610000
1789078977.756684,0,0.000000,0.000000,0.000000,0.050000,0.000000,0.000000,0.310000,0.000000,8.000000,56.630000
1789078977.757250,0,0.000000,0.000000,0.000000,-0.050000,0.000000,0.000000,0.430000,0.000000,8.000000,56.630000
1789078977.757873,0,0.000000,0.000000,0.000000,-0.050000,0.000000,0.000000,0.430000,0.000000,8.000000,56.630000
1789078977.779814,0,0.000000,0.000000,1.000000,-0.180000,0.000000,0.000000,0.310000,0.000000,8.000000,56.650000
1789078977.780455,0,0.000000,0.000000,1.000000,0.050000,0.000000,0.000000,0.540000,0.000000,8.000000,56.660000
1789078977.804901,0,0.000000,0.000000,1.000000,0.050000,0.000000,0.000000,0.310000,0.000000,8.000000,56.680000
1789078977.805406,0,0.000000,0.000000,1.000000,0.050000,0.000000,0.000000,0.430000,0.000000,8.000000,56.680000
1789078977.830716,0,0.000000,0.000000,1.000000,-0.100000,0.000000,0.000000,0.540000,0.000000,8.000000,56.680000
1789078977.831242,0,0.000000,0.000000,1.000000,0.010000,0.000000,0.000000,0.430000,0.000000,8.000000,56.700000
1789078977.855287,0,0.000000,0.000000,1.000000,0.100000,0.000000,0.000000,0.870000,0.000000,8.000000,56.700000
1789078977.855785,0,0.000000,0.000000,1.000000,0.050000,0.000000,0.000000,0.640000,0.000000,8.000000,56.720000
1789078977.856189,0,0.000000,0.000000,1.000000,0.010000,0.000000,0.000000,0.430000,0.000000,8.000000,56.720000
1789078977.856696,0,0.000000,0.000000,1.000000,0.010000,0.000000,0.000000,0.540000,0.000000,8.000000,56.740000
1789078977.880915,0,0.000000,0.000000,1.000000,-0.100000,0.000000,0.000000,0.430000,0.000000,8.000000,56.750000
1789078977.881423,0,0.000000,0.000000,1.000000,0.050000,0.000000,0.000000,0.640000,0.000000,8.000000,56.750000
1789078977.906183,0,0.000000,0.000000,1.000000,0.000000,0.000000,0.000000,0.640000,0.000000,8.000000,56.770000
1789078977.906757,0,0.000000,0.000000,1.000000,-0.050000,0.000000,0.000000,0.310000,0.000000,8.000000,56.770000
1789078977.930868,0,0.000000,0.000000,1.000000,0.000000,0.000000,0.000000,0.100000,0.000000,8.000000,56.790000
1789078977.931358,0,0.000000,0.000000,1.000000,-0.140000,0.000000,0.000000,0.760000,0.000000,8.000000,56.790000
1789078977.931848,0,0.000000,0.000000,1.000000,-0.180000,0.000000,0.000000,0.430000,0.000000,8.000000,56.810000
1789078977.955420,0,0.000000,0.000000,1.000000,-0.140000,0.000000,0.000000,0.760000,0.000000,8.000000,56.810000
1789078977.955925,0,0.000000,0.000000,1.000000,0.000000,0.000000,0.000000,0.430000,0.000000,8.000000,56.830000
1789078977.979257,0,0.000000,0.000000,1.000000,-0.100000,0.000000,0.000000,0.540000,0.000000,8.000000,56.840000
1789078978.003408,0,0.000000,0.000000,1.000000,0.010000,0.000000,0.000000,0.540000,0.000000,8.000000,56.840000
1789078978.003932,0,0.000000,0.000000,1.000000,0.010000,0.000000,0.000000,0.540000,0.000000,8.000000,56.860000
1789078978.004376,0,0.000000,0.000000,1.000000,0.050000,0.000000,0.000000,0.640000,0.000000,8.000000,56.880000
1789078978.028162,0,0.000000,0.000000,1.000000,0.050000,0.000000,0.000000,1.000000,0.000000,8.000000,56.880000
1789078978.028653,0,0.000000,0.000000,1.000000,0.050000,0.000000,0.000000,0.000000,0.000000,8.000000,56.900000
1789078978.029046,0,0.000000,0.000000,1.000000,-0.100000,0.000000,0.000000,0.640000,0.000000,8.000000,56.900000
1789078978.029525,0,0.000000,0.000000,1.000000,-0.050000,0.000000,0.000000,0.540000,0.000000,8.000000,56.910000
1789078978.054124,0,0.000000,0.000000,1.000000,0.000000,0.000000,0.000000,0.310000,0.000000,8.000000,56.930000
1789078978.054719,0,0.000000,0.000000,1.000000,0.000000,0.000000,0.000000,0.430000,0.000000,8.000000,56.930000
1789078978.081050,0,0.000000,0.000000,1.000000,-0.230000,0.000000,0.000000,0.430000,0.000000,8.000000,56.950000
1789078978.081534,0,0.000000,0.000000,1.000000,0.150000,0.000000,0.000000,0.310000,0.000000,8.000000,56.950000
1789078978.107487,0,0.000000,0.000000,1.000000,0.000000,0.000000,0.000000,0.430000,0.000000,8.000000,56.970000
1789078978.107988,0,0.000000,0.000000,1.000000,0.000000,0.000000,0.000000,0.430000,0.000000,8.000000,56.970000
1789078978.108521,0,0.000000,0.000000,1.000000,0.000000,0.000000,0.000000,0.430000,0.000000,8.000000,56.990000
1789078978.133922,0,0.000000,0.000000,1.000000,0.100000,0.000000,0.000000,0.310000,0.000000,8.000000,57.000000
1789078978.134483,0,0.000000,0.000000,1.000000,0.150000,0.000000,0.000000,0.540000,0.000000,8.000000,57.000000
1789078978.134961,0,0.000000,0.000000,1.000000,0.000000,0.000000,0.000000,0.540000,0.000000,8.000000,57.020000
1789078978.160542,0,0.000000,0.000000,1.000000,0.100000,0.000000,0.000000,0.430000,0.000000,8.000000,57.020000
1789078978.188768,0,0.000000,0.000000,1.000000,0.150000,0.000000,0.000000,0.540000,0.000000,8.000000,57.040000
1789078978.189284,0,0.000000,0.000000,1.000000,0.100000,0.000000,0.000000,0.540000,0.000000,8.000000,57.040000
1789078978.189849,0,0.000000,0.000000,1.000000,0.100000,0.000000,0.000000,0.640000,0.000000,8.000000,57.060000
1789078978.216643,0,0.000000,0.000000,1.000000,0.010000,0.000000,0.000000,0.640000,0.000000,8.000000,57.060000
1789078978.217173,0,0.000000,0.000000,1.000000,0.100000,0.000000,0.000000,0.540000,0.000000,8.000000,57.080000
1789078978.217880,0,0.000000,0.000000,1.000000,0.010000,0.000000,0.000000,0.540000,0.000000,8.000000,57.090000
1789078978.245159,0,0.000000,0.000000,1.000000,0.010000,0.000000,0.000000,0.310000,0.000000,8.000000,57.110000
1789078978.245675,0,0.000000,0.000000,1.000000,-0.140000,0.000000,0.000000,0.430000,0.000000,8.000000,57.110000
1789078978.272116,0,0.000000,0.000000,1.000000,0.100000,0.000000,0.000000,0.430000,0.000000,8.000000,57.110000
1789078978.272764,0,0.000000,0.000000,1.000000,0.100000,0.000000,0.000000,0.310000,0.000000,8.000000,57.130000
1789078978.273237,0,0.000000,0.000000,1.000000,0.000000,0.000000,0.000000,0.430000,0.000000,8.000000,57.150000
1789078978.299781,0,0.000000,0.000000,1.000000,0.050000,0.000000,0.000000,0.540000,0.000000,8.000000,57.150000
1789078978.300447,0,0.000000,0.000000,1.000000,-0.100000,0.000000,0.000000,0.430000,0.000000,8.000000,57.150000
1789078978.300967,0,0.000000,0.000000,1.000000,-0.050000,0.000000,0.000000,0.430000,0.000000,8.000000,57.160000
1789078978.301658,0,0.000000,0.000000,1.000000,0.010000,0.000000,0.000000,0.540000,0.000000,8.000000,57.180000
1789078978.330101,0,0.000000,0.000000,1.000000,-0.140000,0.000000,0.000000,0.310000,0.000000,8.000000,57.180000
1789078978.330636,0,0.000000,0.000000,1.000000,0.000000,0.000000,0.000000,0.640000,0.000000,8.000000,57.200000
1789078978.356996,0,0.000000,0.000000,1.000000,0.050000,0.000000,0.000000,0.640000,0.000000,8.000000,57.200000
1789078978.357507,0,0.000000,0.000000,1.000000,-0.050000,0.000000,0.000000,0.430000,0.000000,8.000000,57.220000
1789078978.358080,0,0.000000,0.000000,1.000000,0.000000,0.000000,0.000000,0.310000,0.000000,8.000000,57.240000
1789078978.384552,0,0.000000,0.000000,1.000000,-0.180000,0.000000,0.000000,0.430000,0.000000,8.000000,57.250000
1789078978.385073,0,0.000000,0.000000,1.000000,0.010000,0.000000,0.000000,0.640000,0.000000,8.000000,57.250000
1789078978.385481,0,0.000000,0.000000,1.000000,0.050000,0.000000,0.000000,0.540000,0.000000,8.000000,57.270000
1789078978.411973,0,0.000000,0.000000,1.000000,0.010000,0.000000,0.000000,0.430000,0.000000,8.000000,57.270000
1789078978.412475,0,0.000000,0.000000,1.000000,0.100000,0.000000,0.000000,0.000000,0.000000,8.000000,57.290000
1789078978.413059,0,0.000000,0.000000,1.000000,-0.100000,0.000000,0.000000,0.640000,0.000000,8.000000,57.290000
1789078978.439495,0,0.000000,0.000000,1.000000,0.000000,0.000000,0.000000,0.310000,0.000000,8.000000,57.290000
1789078978.440016,0,0.000000,0.000000,1.000000,0.050000,0.000000,0.000000,0.430000,0.000000,8.000000,57.310000
1789078978.466367,0,0.000000,0.000000,1.000000,-0.100000,0.000000,0.000000,0.540000,0.000000,8.000000,57.330000
1789078978.466933,0,0.000000,0.000000,1.000000,0.010000,0.000000,0.000000,0.430000,0.000000,8.000000,57.340000
1789078978.467440,0,0.000000,0.000000,1.000000,0.000000,0.000000,0.000000,0.430000,0.000000,8.000000,57.340000
1789078978.492005,0,0.000000,0.000000,1.000000,0.000000,0.000000,0.000000,0.870000,0.000000,8.000000,57.360000
1789078978.492498,0,0.000000,0.000000,1.000000,0.000000,0.000000,0.000000,0.310000,0.000000,8.000000,57.360000
1789078978.517992,0,0.000000,0.000000,1.000000,0.000000,0.000000,0.000000,0.540000,0.000000,8.000000,57.380000
1789078978.518500,0,0.000000,0.000000,1.000000,0.050000,0.000000,0.000000,0.310000,0.000000,8.000000,57.380000
1789078978.518925,0,0.000000,0.000000,1.000000,-0.050000,0.000000,0.000000,0.310000,0.000000,8.000000,57.400000
1789078978.542403,0,0.000000,0.000000,1.000000,0.000000,0.000000,0.000000,0.430000,0.000000,8.000000,57.400000
1789078978.542985,0,0.000000,0.000000,1.000000,0.050000,0.000000,0.000000,0.760000,0.000000,8.000000,57.410000
1789078978.566202,0,0.000000,0.000000,1.000000,0.280000,0.000000,0.000000,0.540000,0.000000,8.000000,57.430000
1789078978.567068,0,0.000000,0.000000,1.000000,0.100000,0.000000,0.000000,0.640000,0.000000,8.000000,57.430000
1789078978.567608,0,0.000000,0.000000,1.000000,0.050000,0.000000,0.000000,0.310000,0.000000,8.000000,57.450000
1789078978.590991,0,0.000000,0.000000,1.000000,0.050000,0.000000,0.000000,0.760000,0.000000,8.000000,57.450000
1789078978.591607,0,0.000000,0.000000,1.000000,0.010000,0.000000,0.000000,0.430000,0.000000,8.000000,57.470000
1789078978.615047,0,0.000000,0.000000,1.000000,0.010000,0.000000,0.000000,0.640000,0.000000,8.000000,57.470000
1789078978.615547,0,0.000000,0.000000,1.000000,0.050000,0.000000,0.000000,0.540000,0.000000,8.000000,57.490000
1789078978.637433,0,0.000000,0.000000,1.000000,0.000000,0.000000,0.000000,0.310000,0.000000,8.000000,57.500000
1789078978.637937,0,0.000000,0.000000,1.000000,0.000000,0.000000,0.000000,0.540000,0.000000,8.000000,57.500000
1789078978.638359,0,0.000000,0.000000,1.000000,-0.050000,0.000000,0.000000,0.310000,0.000000,8.000000,57.520000
1789078978.660111,0,0.000000,0.000000,1.000000,0.000000,0.000000,0.000000,0.540000,0.000000,8.000000,57.520000
1789078978.660619,0,0.000000,0.000000,1.000000,-0.050000,0.000000,0.000000,0.310000,0.000000,8.000000,57.540000
1789078978.682302,0,0.000000,0.000000,1.000000,0.000000,0.000000,0.000000,0.200000,0.000000,8.000000,57.540000
1789078978.682911,0,0.000000,0.000000,1.000000,-0.050000,0.000000,0.000000,0.430000,0.000000,8.000000,57.560000
1789078978.703725,0,0.000000,0.000000,1.000000,-0.050000,0.000000,0.000000,0.100000,0.000000,8.000000,57.560000
1789078978.704227,0,0.000000,0.000000,1.000000,-0.620000,0.000000,0.000000,0.310000,0.000000,8.000000,57.580000
1789078978.727615,0,0.000000,0.000000,1.000000,0.000000,0.000000,0.000000,0.430000,0.000000,8.000000,57.590000
1789078978.751505,0,0.000000,0.000000,1.000000,0.000000,0.000000,0.000000,0.430000,0.000000,8.000000,57.590000
1789078978.752008,0,0.000000,0.000000,1.000000,0.100000,0.000000,0.000000,0.310000,0.000000,8.000000,57.610000
1789078978.752441,0,0.000000,0.000000,1.000000,0.050000,0.000000,0.000000,0.200000,0.000000,8.000000,57.630000
1789078978.774258,0,0.000000,0.000000,1.000000,0.010000,0.000000,0.000000,0.310000,0.000000,8.000000,57.630000
1789078978.774806,0,0.000000,0.000000,1.000000,0.000000,0.000000,0.000000,0.540000,0.000000,8.000000,57.650000
1789078978.797202,0,0.000000,0.000000,1.000000,0.000000,0.000000,0.000000,0.430000,0.000000,8.000000,57.650000
1789078978.797840,0,0.000000,0.000000,1.000000,0.010000,0.000000,0.000000,0.310000,0.000000,8.000000,57.660000
1789078978.798493,0,0.000000,0.000000,1.000000,-0.100000,0.000000,0.000000,0.310000,0.000000,8.000000,57.680000
1789078978.821499,0,0.000000,0.000000,1.000000,0.000000,0.000000,0.000000,0.310000,0.000000,8.000000,57.680000
1789078978.821998,0,0.000000,0.000000,1.000000,0.010000,0.000000,0.000000,0.540000,0.000000,8.000000,57.700000
1789078978.822589,0,0.000000,0.000000,1.000000,-0.050000,0.000000,0.000000,0.540000,0.000000,8.000000,57.700000
1789078978.844278,0,0.000000,0.000000,1.000000,0.000000,0.000000,0.000000,0.540000,0.000000,8.000000,57.720000
1789078978.844794,0,0.000000,0.000000,1.000000,-0.050000,0.000000,0.000000,0.430000,0.000000,8.000000,57.720000
1789078978.867592,0,0.000000,0.000000,1.000000,-0.050000,0.000000,0.000000,0.640000,0.000000,8.000000,57.740000
1789078978.868085,0,0.000000,0.000000,1.000000,0.000000,0.000000,0.000000,0.310000,0.000000,8.000000,57.750000
1789078978.868459,0,0.000000,0.000000,1.000000,0.150000,0.000000,0.000000,0.540000,0.000000,8.000000,57.750000
1789078978.890649,0,0.000000,0.000000,1.000000,0.000000,0.000000,0.000000,0.310000,0.000000,8.000000,57.770000
1789078978.891151,0,0.000000,0.000000,1.000000,-0.050000,0.000000,0.000000,0.640000,0.000000,8.000000,57.770000
1789078978.914629,0,0.000000,0.000000,1.000000,0.050000,0.000000,0.000000,0.310000,0.000000,8.000000,57.790000
1789078978.915183,0,0.000000,0.000000,1.000000,-0.100000,0.000000,0.000000,0.310000,0.000000,8.000000,57.790000
1789078978.939290,0,0.000000,0.000000,1.000000,-0.140000,0.000000,0.000000,0.200000,0.000000,8.000000,57.810000
1789078978.939792,0,0.000000,0.000000,1.000000,-0.050000,0.000000,0.000000,0.640000,0.000000,8.000000,57.810000
1789078978.962410,0,0.000000,0.000000,1.000000,0.100000,0.000000,0.000000,0.640000,0.000000,8.000000,57.830000
1789078978.962914,0,0.000000,0.000000,1.000000,0.000000,0.000000,0.000000,0.310000,0.000000,8.000000,57.840000
1789078978.963486,0,0.000000,0.000000,1.000000,0.000000,0.000000,0.000000,0.540000,0.000000,8.000000,57.840000
1789078978.987216,0,0.000000,0.000000,1.000000,0.050000,0.000000,0.000000,0.310000,0.000000,8.000000,57.860000
1789078979.010790,0,0.000000,0.000000,1.000000,0.010000,0.000000,0.000000,0.310000,0.000000,8.000000,57.860000
1789078979.011381,0,0.000000,0.000000,1.000000,-0.050000,0.000000,0.000000,0.640000,0.000000,8.000000,57.880000
1789078979.011789,0,0.000000,0.000000,1.000000,0.000000,0.000000,0.000000,0.540000,0.000000,8.000000,57.880000
1789078979.035294,0,0.000000,0.000000,1.000000,-0.050000,0.000000,0.000000,0.540000,0.000000,8.000000,57.900000
1789078979.035793,0,0.000000,0.000000,1.000000,0.150000,0.000000,0.000000,0.430000,0.000000,8.000000,57.900000
1789078979.057964,0,0.000000,0.000000,1.000000,0.010000,0.000000,0.000000,0.310000,0.000000,8.000000,57.910000
1789078979.058460,0,0.000000,0.000000,1.000000,0.000000,0.000000,0.000000,0.310000,0.000000,8.000000,57.930000
1789078979.058867,0,0.000000,0.000000,1.000000,0.100000,0.000000,0.000000,0.200000,0.000000,8.000000,57.930000
1789078979.082117,0,0.000000,0.000000,1.000000,-0.100000,0.000000,0.000000,0.310000,0.000000,8.000000,57.950000
1789078979.082679,0,0.000000,0.000000,1.000000,0.050000,0.000000,0.000000,0.310000,0.000000,8.000000,57.950000
1789078979.104880,0,0.000000,0.000000,1.000000,-0.050000,0.000000,0.000000,0.760000,0.000000,8.000000,57.970000
1789078979.105389,0,0.000000,0.000000,1.000000,0.010000,0.000000,0.000000,0.640000,0.000000,8.000000,57.970000
1789078979.105924,0,0.000000,0.000000,1.000000,-0.050000,0.000000,0.000000,0.640000,0.000000,8.000000,57.990000
1789078979.128451,0,0.000000,0.000000,1.000000,-0.100000,0.000000,0.000000,0.430000,0.000000,8.000000,58.000000
1789078979.129036,0,0.000000,0.000000,1.000000,0.010000,0.000000,0.000000,0.540000,0.000000,8.000000,58.000000
1789078979.129645,0,0.000000,0.000000,1.000000,0.100000,0.000000,0.000000,0.310000,0.000000,8.000000,58.020000
1789078979.151747,0,0.000000,0.000000,1.000000,0.000000,0.000000,0.000000,0.540000,0.000000,8.000000,58.020000
1789078979.152497,0,0.000000,0.000000,1.000000,-0.050000,0.000000,0.000000,0.310000,0.000000,8.000000,58.040000
1789078979.175059,0,0.000000,0.000000,1.000000,0.010000,0.000000,0.000000,0.430000,0.000000,8.000000,58.040000
1789078979.175572,0,0.000000,0.000000,1.000000,0.010000,0.000000,0.000000,0.540000,0.000000,8.000000,58.060000
1789078979.197603,0,0.000000,0.000000,1.000000,0.150000,0.000000,0.000000,0.540000,0.000000,8.000000,58.060000
1789078979.198104,0,0.000000,0.000000,1.000000,0.000000,0.000000,0.000000,0.310000,0.000000,8.000000,58.080000
1789078979.221722,0,0.000000,0.000000,1.000000,0.150000,0.000000,0.000000,0.430000,0.000000,8.000000,58.090000
1789078979.222228,0,0.000000,0.000000,1.000000,0.010000,0.000000,0.000000,0.310000,0.000000,8.000000,58.090000
1789078979.245095,0,0.000000,0.000000,1.000000,0.000000,0.000000,0.000000,0.540000,0.000000,8.000000,58.110000
1789078979.245606,0,0.000000,0.000000,1.000000,-0.100000,0.000000,0.000000,0.100000,0.000000,8.000000,58.110000
1789078979.268467,0,0.000000,0.000000,1.000000,0.000000,0.000000,0.000000,0.760000,1.000000,8.000000,58.130000
1789078979.268968,0,0.000000,0.000000,1.000000,0.010000,0.000000,0.000000,0.910000,1.000000,8.000000,58.130000
1789078979.269356,0,0.000000,0.000000,1.000000,0.010000,0.000000,0.000000,0.910000,1.000000,8.000000,58.150000
1789078979.291364,0,0.000000,0.000000,1.000000,-0.050000,0.000000,0.000000,0.340000,1.000000,8.000000,58.150000
1789078979.291866,0,0.000000,0.000000,1.000000,-0.050000,0.000000,0.000000,0.470000,1.000000,8.000000,58.160000
1789078979.314717,0,0.000000,0.000000,1.000000,0.000000,0.000000,0.000000,0.470000,1.000000,8.000000,58.180000
1789078979.315390,0,0.000000,0.000000,1.000000,0.000000,0.000000,0.000000,0.760000,1.000000,8.000000,58.180000
1789078979.339245,0,0.000000,0.000000,1.000000,-0.140000,0.000000,0.000000,0.470000,1.000000,8.000000,58.200000
1789078979.339973,0,0.000000,0.000000,1.000000,0.000000,0.000000,0.000000,0.340000,1.000000,8.000000,58.200000
1789078979.340547,0,0.000000,0.000000,1.000000,-0.050000,0.000000,0.000000,0.620000,1.000000,8.000000,58.220000
1789078979.362640,0,0.000000,0.000000,1.000000,0.000000,0.000000,0.000000,0.470000,1.000000,8.000000,58.220000
1789078979.363140,0,0.000000,0.000000,1.000000,0.000000,0.000000,0.000000,0.760000,1.000000,8.000000,58.240000
1789078979.386251,0,0.000000,0.000000,1.000000,0.000000,0.000000,0.000000,-0.070000,0.000000,8.000000,58.250000
1789078979.386760,0,0.000000,0.000000,1.000000,0.010000,0.000000,0.000000,0.760000,1.000000,8.000000,58.250000
1789078979.408953,0,0.000000,0.000000,1.000000,0.000000,0.000000,0.000000,0.620000,1.000000,8.000000,58.270000
1789078979.409470,0,0.000000,0.000000,1.000000,0.100000,0.000000,0.000000,0.620000,1.000000,8.000000,58.270000
1789078979.409873,0,0.000000,0.000000,1.000000,-0.050000,0.000000,0.000000,0.910000,1.000000,8.000000,58.290000
1789078979.433701,0,0.000000,0.000000,1.000000,-0.100000,0.000000,0.000000,0.910000,1.000000,8.000000,58.290000
1789078979.434211,0,0.000000,0.000000,1.000000,-0.100000,0.000000,0.000000,0.340000,1.000000,8.000000,58.310000
1789078979.457369,0,0.000000,0.000000,1.000000,-0.310000,0.000000,0.000000,0.620000,1.000000,8.000000,58.310000
1789078979.458115,0,0.000000,0.000000,1.000000,0.000000,0.000000,0.000000,0.470000,1.000000,8.000000,58.330000
1789078979.481128,0,0.000000,0.000000,1.000000,0.000000,0.000000,0.000000,0.760000,1.000000,8.000000,58.340000
1789078979.481595,0,0.000000,0.000000,1.000000,0.100000,0.000000,0.000000,0.620000,1.000000,8.000000,58.340000
1789078979.481958,0,0.000000,0.000000,1.000000,0.050000,0.000000,0.000000,0.470000,1.000000,8.000000,58.360000
1789078979.506441,0,0.000000,0.000000,1.000000,-0.050000,0.000000,0.000000,0.470000,1.000000,8.000000,58.360000
1789078979.528582,0,0.000000,0.000000,1.000000,0.010000,0.000000,0.000000,0.470000,1.000000,8.000000,58.380000
1789078979.529087,0,0.000000,0.000000,1.000000,0.150000,0.000000,0.000000,0.760000,1.000000,8.000000,58.380000
1789078979.529508,0,0.000000,0.000000,1.000000,0.000000,0.000000,0.000000,0.470000,1.000000,8.000000,58.400000
1789078979.552033,0,0.000000,0.000000,1.000000,-0.140000,0.000000,0.000000,0.620000,1.000000,8.000000,58.410000
1789078979.552540,0,0.000000,0.000000,1.000000,-0.270000,0.000000,0.000000,0.470000,1.000000,8.000000,58.430000
1789078979.552955,0,0.000000,0.000000,1.000000,-0.140000,0.000000,0.000000,0.620000,1.000000,8.000000,58.430000
1789078979.575623,0,0.000000,0.000000,1.000000,-0.180000,0.000000,0.000000,0.470000,1.000000,8.000000,58.450000
1789078979.576256,0,0.000000,0.000000,1.000000,0.010000,0.000000,0.000000,0.340000,1.000000,8.000000,58.450000
1789078979.599237,0,0.000000,0.000000,1.000000,-0.050000,0.000000,0.000000,0.340000,1.000000,8.000000,58.470000
1789078979.599821,0,0.000000,0.000000,1.000000,-0.100000,0.000000,0.000000,0.470000,1.000000,8.000000,58.470000
1789078979.623180,0,0.000000,0.000000,1.000000,0.050000,0.000000,0.000000,0.620000,1.000000,8.000000,58.490000
1789078979.623693,0,0.000000,0.000000,1.000000,-0.100000,0.000000,0.000000,0.470000,1.000000,8.000000,58.500000
1789078979.645507,0,0.000000,0.000000,1.000000,0.150000,0.000000,0.000000,0.470000,1.000000,8.000000,58.500000
1789078979.646015,0,0.000000,0.000000,1.000000,0.010000,0.000000,0.000000,0.340000,1.000000,8.000000,58.520000
1789078979.646757,0,0.000000,0.000000,1.000000,-0.140000,0.000000,0.000000,0.620000,1.000000,8.000000,58.520000
1789078979.669343,0,0.000000,0.000000,1.000000,0.050000,0.000000,0.000000,0.760000,1.000000,8.000000,58.540000
1789078979.669957,0,0.000000,0.000000,1.000000,-0.050000,0.000000,0.000000,0.470000,1.000000,8.000000,58.540000
1789078979.692312,0,0.000000,0.000000,1.000000,-0.100000,0.000000,0.000000,0.470000,1.000000,8.000000,58.560000
1789078979.692815,0,0.000000,0.000000,1.000000,-0.100000,0.000000,0.000000,0.470000,1.000000,8.000000,58.560000
1789078979.715995,0,0.000000,0.000000,1.000000,-0.140000,0.000000,0.000000,0.620000,1.000000,8.000000,58.580000
1789078979.716528,0,0.000000,0.000000,1.000000,-0.520000,0.000000,0.000000,0.760000,1.000000,8.000000,58.590000
1789078979.739372,0,0.000000,0.000000,1.000000,0.010000,0.000000,0.000000,0.620000,1.000000,8.000000,58.590000
1789078979.739873,0,0.000000,0.000000,1.000000,-0.050000,0.000000,0.000000,0.760000,1.000000,8.000000,58.610000
1789078979.761781,0,0.000000,0.000000,1.000000,0.010000,0.000000,0.000000,0.760000,1.000000,8.000000,58.630000
1789078979.762279,0,0.000000,0.000000,1.000000,-0.050000,0.000000,0.000000,0.470000,1.000000,8.000000,58.630000
1789078979.762688,0,0.000000,0.000000,1.000000,-0.050000,0.000000,0.000000,0.050000,0.000000,8.000000,58.650000
1789078979.786037,0,0.000000,0.000000,1.000000,0.100000,0.000000,0.000000,0.620000,1.000000,8.000000,58.650000
1789078979.786666,0,0.000000,0.000000,1.000000,0.000000,0.000000,0.000000,0.340000,1.000000,8.000000,58.650000
1789078979.787052,0,0.000000,0.000000,1.000000,0.010000,0.000000,0.000000,0.620000,1.000000,8.000000,58.660000
1789078979.809087,0,0.000000,0.000000,1.000000,0.010000,0.000000,0.000000,0.050000,0.000000,8.000000,58.680000
1789078979.831026,0,0.000000,0.000000,1.000000,0.050000,0.000000,0.000000,0.340000,1.000000,8.000000,58.680000
1789078979.831528,0,0.000000,0.000000,1.000000,-0.050000,0.000000,0.000000,0.470000,1.000000,8.000000,58.700000
1789078979.854661,0,0.000000,0.000000,1.000000,0.050000,0.000000,0.000000,0.620000,1.000000,8.000000,58.720000
1789078979.855309,0,0.000000,0.000000,1.000000,0.000000,0.000000,0.000000,0.470000,1.000000,8.000000,58.720000
1789078979.878072,0,0.000000,0.000000,1.000000,-0.100000,0.000000,0.000000,0.470000,1.000000,8.000000,58.740000
1789078979.878569,0,0.000000,0.000000,1.000000,0.050000,0.000000,0.000000,0.620000,1.000000,8.000000,58.750000
1789078979.879081,0,0.000000,0.000000,1.000000,0.050000,0.000000,0.000000,0.470000,1.000000,8.000000,58.750000
1789078979.901782,0,0.000000,0.000000,1.000000,0.100000,0.000000,0.000000,0.620000,1.000000,8.000000,58.770000
1789078979.902296,0,0.000000,0.000000,1.000000,-0.050000,0.000000,0.000000,0.620000,1.000000,8.000000,58.770000
1789078979.902698,0,0.000000,0.000000,1.000000,0.000000,0.000000,0.000000,0.910000,1.000000,8.000000,58.790000
1789078979.925706,0,0.000000,0.000000,1.000000,-0.050000,0.000000,0.000000,0.470000,1.000000,8.000000,58.790000
1789078979.926203,0,0.000000,0.000000,1.000000,0.100000,0.000000,0.000000,0.910000,1.000000,8.000000,58.810000
1789078979.949263,0,0.000000,0.000000,1.000000,0.000000,0.000000,0.000000,0.340000,1.000000,8.000000,58.810000
1789078979.949795,0,0.000000,0.000000,1.000000,0.050000,0.000000,0.000000,0.620000,1.000000,8.000000,58.830000
1789078979.972811,0,0.000000,0.000000,1.000000,0.000000,0.000000,0.000000,0.470000,1.000000,8.000000,58.840000
1789078979.973318,0,0.000000,0.000000,1.000000,0.000000,0.000000,0.000000,0.620000,1.000000,8.000000,58.840000
1789078979.995260,0,0.000000,0.000000,1.000000,0.050000,0.000000,0.000000,0.760000,1.000000,8.000000,58.860000
1789078979.995796,0,0.000000,0.000000,1.000000,0.100000,0.000000,0.000000,0.760000,1.000000,8.000000,58.860000
1789078979.996199,0,0.000000,0.000000,1.000000,0.050000,0.000000,0.000000,0.470000,1.000000,8.000000,58.880000
1789078980.020262,0,0.000000,0.000000,1.000000,-0.050000,0.000000,0.000000,0.470000,1.000000,8.000000,58.880000
1789078980.043769,0,0.000000,0.000000,1.000000,0.050000,0.000000,0.000000,0.760000,1.000000,8.000000,58.900000
1789078980.044433,0,0.000000,0.000000,1.000000,0.000000,0.000000,0.000000,0.760000,1.000000,8.000000,58.900000
1789078980.044922,0,0.000000,0.000000,1.000000,0.000000,0.000000,0.000000,0.620000,1.000000,8.000000,58.910000
1789078980.045575,0,0.000000,0.000000,1.000000,0.000000,0.000000,0.000000,0.470000,1.000000,8.000000,58.930000
1789078980.068522,0,0.000000,0.000000,1.000000,-0.050000,0.000000,0.000000,0.180000,0.000000,8.000000,58.930000
1789078980.069145,0,0.000000,0.000000,1.000000,-0.100000,0.000000,0.000000,0.620000,1.000000,8.000000,58.950000
1789078980.090451,0,0.000000,0.000000,1.000000,0.100000,0.000000,0.000000,0.760000,1.000000,8.000000,58.950000
1789078980.090964,0,0.000000,0.000000,1.000000,-0.050000,0.000000,0.000000,0.340000,1.000000,8.000000,58.970000
1789078980.091524,0,0.000000,0.000000,1.000000,-0.050000,0.000000,0.000000,0.620000,1.000000,8.000000,58.970000
1789078980.113473,0,0.000000,0.000000,1.000000,0.050000,0.000000,0.000000,0.760000,1.000000,8.000000,58.990000
1789078980.114002,0,0.000000,0.000000,1.000000,0.050000,0.000000,0.000000,0.620000,1.000000,8.000000,59.000000
1789078980.136905,0,0.000000,0.000000,1.000000,0.000000,0.000000,0.000000,0.340000,1.000000,8.000000,59.000000
1789078980.159181,0,0.000000,0.000000,1.000000,0.000000,0.000000,0.000000,0.340000,1.000000,8.000000,59.020000
1789078980.159687,0,0.000000,0.000000,1.000000,-0.050000,0.000000,0.000000,0.470000,1.000000,8.000000,59.020000
1789078980.160213,0,0.000000,0.000000,1.000000,-0.050000,0.000000,0.000000,0.910000,1.000000,8.000000,59.040000
1789078980.183340,0,0.000000,0.000000,1.000000,0.000000,0.000000,0.000000,0.470000,1.000000,8.000000,59.060000
1789078980.183914,0,0.000000,0.000000,1.000000,0.000000,0.000000,0.000000,0.620000,1.000000,8.000000,59.060000
1789078980.207013,0,0.000000,0.000000,1.000000,0.000000,0.000000,0.000000,0.620000,1.000000,8.000000,59.080000
1789078980.207525,0,0.000000,0.000000,1.000000,0.050000,0.000000,0.000000,0.470000,1.000000,8.000000,59.080000
1789078980.230373,0,0.000000,0.000000,1.000000,0.000000,0.000000,0.000000,1.050000,1.000000,8.000000,59.090000
1789078980.230968,0,0.000000,0.000000,1.000000,-0.050000,0.000000,0.000000,0.470000,1.000000,8.000000,59.110000
1789078980.231418,0,0.000000,0.000000,1.000000,0.010000,0.000000,0.000000,0.760000,1.000000,8.000000,59.110000
1789078980.254443,0,0.000000,0.000000,1.000000,-0.180000,0.000000,0.000000,0.470000,1.000000,8.000000,59.130000
1789078980.255158,0,0.000000,0.000000,1.000000,-0.100000,0.000000,0.000000,1.500000,1.000000,8.000000,59.130000
1789078980.277932,0,0.000000,0.000000,1.000000,-0.050000,0.000000,0.000000,0.340000,1.000000,8.000000,59.130000
1789078980.278435,0,0.000000,0.000000,1.000000,0.050000,0.000000,0.000000,0.470000,1.000000,8.000000,59.150000
1789078980.279053,0,0.000000,0.000000,1.000000,-0.180000,0.000000,0.000000,0.910000,1.000000,8.000000,59.150000
1789078980.301702,0,0.000000,0.000000,1.000000,-0.100000,0.000000,0.000000,0.340000,1.000000,8.000000,59.160000
1789078980.302186,0,0.000000,0.000000,1.000000,0.050000,0.000000,0.000000,0.620000,1.000000,8.000000,59.180000
1789078980.323863,0,0.000000,0.000000,1.000000,0.000000,0.000000,0.000000,0.760000,1.000000,8.000000,59.180000
1789078980.324365,0,0.000000,0.000000,1.000000,0.050000,0.000000,0.000000,0.620000,1.000000,8.000000,59.200000
1789078980.346850,0,0.000000,0.000000,1.000000,0.050000,0.000000,0.000000,0.340000,1.000000,8.000000,59.200000
1789078980.347352,0,0.000000,0.000000,1.000000,-0.100000,0.000000,0.000000,0.760000,1.000000,8.000000,59.220000
1789078980.370497,0,0.000000,0.000000,1.000000,0.000000,0.000000,0.000000,0.620000,1.000000,8.000000,59.220000
1789078980.371117,0,0.000000,0.000000,1.000000,0.000000,0.000000,0.000000,0.910000,1.000000,8.000000,59.240000
1789078980.394137,0,0.000000,0.000000,1.000000,-0.050000,0.000000,0.000000,0.620000,1.000000,8.000000,59.250000
1789078980.394749,0,0.000000,0.000000,1.000000,0.050000,0.000000,0.000000,0.470000,1.000000,8.000000,59.270000
1789078980.395160,0,0.000000,0.000000,1.000000,0.050000,0.000000,0.000000,0.470000,1.000000,8.000000,59.270000
1789078980.416984,0,0.000000,0.000000,1.000000,-0.050000,0.000000,0.000000,0.760000,1.000000,8.000000,59.290000
1789078980.417748,0,0.000000,0.000000,1.000000,-0.100000,0.000000,0.000000,0.470000,1.000000,8.000000,59.290000
1789078980.418350,0,0.000000,0.000000,1.000000,0.010000,0.000000,0.000000,0.470000,1.000000,8.000000,59.310000
1789078980.440145,0,0.000000,0.000000,1.000000,0.010000,0.000000,0.000000,0.340000,1.000000,8.000000,59.310000
1789078980.440794,0,0.000000,0.000000,1.000000,0.000000,0.000000,0.000000,0.340000,1.000000,8.000000,59.330000
1789078980.463264,0,0.000000,0.000000,1.000000,-0.050000,0.000000,0.000000,0.620000,1.000000,8.000000,59.330000
1789078980.463933,0,0.000000,0.000000,1.000000,0.100000,0.000000,0.000000,0.180000,0.000000,8.000000,59.340000
1789078980.486444,0,0.000000,0.000000,1.000000,0.150000,0.000000,0.000000,0.760000,1.000000,8.000000,59.340000
1789078980.486949,0,0.000000,0.000000,1.000000,0.050000,0.000000,0.000000,0.760000,1.000000,8.000000,59.360000
1789078980.511176,0,0.000000,0.000000,1.000000,0.000000,0.000000,0.000000,0.470000,1.000000,8.000000,59.360000
1789078980.511690,0,0.000000,0.000000,1.000000,-0.140000,0.000000,0.000000,0.760000,1.000000,8.000000,59.380000
1789078980.534475,0,0.000000,0.000000,1.000000,0.000000,0.000000,0.000000,0.470000,1.000000,8.000000,59.400000
1789078980.534987,0,0.000000,0.000000,1.000000,-0.140000,0.000000,0.000000,0.620000,1.000000,8.000000,59.400000
1789078980.558236,0,0.000000,0.000000,1.000000,0.050000,0.000000,0.000000,0.470000,1.000000,8.000000,59.410000
1789078980.558746,0,0.000000,0.000000,1.000000,0.010000,0.000000,0.000000,0.470000,1.000000,8.000000,59.430000
1789078980.559152,0,0.000000,0.000000,1.000000,-0.100000,0.000000,0.000000,0.620000,1.000000,8.000000,59.430000
1789078980.582290,0,0.000000,0.000000,1.000000,0.000000,0.000000,0.000000,0.620000,1.000000,8.000000,59.450000
1789078980.582811,0,0.000000,0.000000,1.000000,0.050000,0.000000,0.000000,0.470000,1.000000,8.000000,59.450000
1789078980.607169,0,0.000000,0.000000,1.000000,0.010000,0.000000,0.000000,0.470000,1.000000,8.000000,59.470000
1789078980.607820,0,0.000000,0.000000,1.000000,-0.050000,0.000000,0.000000,0.620000,1.000000,8.000000,59.470000
1789078980.608307,0,0.000000,0.000000,1.000000,0.010000,0.000000,0.000000,0.760000,1.000000,8.000000,59.490000
1789078980.630812,0,0.000000,0.000000,1.000000,0.010000,0.000000,0.000000,0.470000,1.000000,8.000000,59.500000
1789078980.631322,0,0.000000,0.000000,1.000000,0.100000,0.000000,0.000000,0.620000,1.000000,8.000000,59.500000
1789078980.631867,0,0.000000,0.000000,1.000000,0.100000,0.000000,0.000000,0.760000,1.000000,8.000000,59.520000
1789078980.654678,0,0.000000,0.000000,1.000000,0.000000,0.000000,0.000000,0.470000,1.000000,8.000000,59.520000
1789078980.655186,0,0.000000,0.000000,1.000000,-0.100000,0.000000,0.000000,0.050000,0.000000,8.000000,59.540000
1789078980.678207,0,0.000000,0.000000,1.000000,0.100000,0.000000,0.000000,0.910000,1.000000,8.000000,59.540000
1789078980.678818,0,0.000000,0.000000,1.000000,0.000000,0.000000,0.000000,0.760000,1.000000,8.000000,59.560000
1789078980.701947,0,0.000000,0.000000,1.000000,0.050000,0.000000,0.000000,0.760000,1.000000,8.000000,59.560000
1789078980.702492,0,0.000000,0.000000,1.000000,0.010000,0.000000,0.000000,0.340000,1.000000,8.000000,59.580000
1789078980.725656,0,0.000000,0.000000,1.000000,0.000000,0.000000,0.000000,0.340000,1.000000,8.000000,59.590000
1789078980.726167,0,0.000000,0.000000,1.000000,0.100000,0.000000,0.000000,0.620000,1.000000,8.000000,59.590000
1789078980.749673,0,0.000000,0.000000,1.000000,0.010000,0.000000,0.000000,0.470000,1.000000,8.000000,59.610000
1789078980.750252,0,0.000000,0.000000,1.000000,0.050000,0.000000,0.000000,0.470000,1.000000,8.000000,59.610000
1789078980.750739,0,0.000000,0.000000,1.000000,0.000000,0.000000,0.000000,0.470000,1.000000,8.000000,59.630000
1789078980.773519,0,0.000000,0.000000,1.000000,0.100000,0.000000,0.000000,0.760000,1.000000,8.000000,59.630000
1789078980.774033,0,0.000000,0.000000,1.000000,0.050000,0.000000,0.000000,0.620000,1.000000,8.000000,59.650000
1789078980.795367,0,0.000000,0.000000,1.000000,0.010000,0.000000,0.000000,0.620000,1.000000,8.000000,59.650000
1789078980.795869,0,0.000000,0.000000,1.000000,0.050000,0.000000,0.000000,0.620000,1.000000,8.000000,59.660000
1789078980.796317,0,0.000000,0.000000,1.000000,-0.100000,0.000000,0.000000,0.470000,1.000000,8.000000,59.680000
1789078980.819208,0,0.000000,0.000000,1.000000,-0.180000,0.000000,0.000000,0.620000,1.000000,8.000000,59.680000
1789078980.841882,0,0.000000,0.000000,1.000000,0.000000,0.000000,0.000000,0.340000,1.000000,8.000000,59.700000
1789078980.842378,0,0.000000,0.000000,1.000000,0.010000,0.000000,0.000000,1.050000,1.000000,8.000000,59.700000
1789078980.842791,0,0.000000,0.000000,1.000000,-0.050000,0.000000,0.000000,0.760000,1.000000,8.000000,59.720000
1789078980.843183,0,0.000000,0.000000,1.000000,0.000000,0.000000,0.000000,0.340000,1.000000,8.000000,59.720000
1789078980.865851,0,0.000000,0.000000,1.000000,0.010000,0.000000,0.000000,0.620000,1.000000,8.000000,59.740000
1789078980.866473,0,0.000000,0.000000,1.000000,0.050000,0.000000,0.000000,0.340000,1.000000,8.000000,59.750000
1789078980.889132,0,0.000000,0.000000,1.000000,0.010000,0.000000,0.000000,0.620000,1.000000,8.000000,59.750000
1789078980.889632,0,0.000000,0.000000,1.000000,0.010000,0.000000,0.000000,0.470000,1.000000,8.000000,59.770000
1789078980.911158,0,0.000000,0.000000,1.000000,0.050000,0.000000,0.000000,1.210000,1.000000,8.000000,59.770000
1789078980.911658,0,0.000000,0.000000,1.000000,0.010000,0.000000,0.000000,0.340000,1.000000,8.000000,59.790000
1789078980.935540,0,0.000000,0.000000,1.000000,0.000000,0.000000,0.000000,0.340000,1.000000,8.000000,59.790000
1789078980.936059,0,0.000000,0.000000,1.000000,0.050000,0.000000,0.000000,0.760000,1.000000,8.000000,59.810000
1789078980.958030,0,0.000000,0.000000,1.000000,-0.050000,0.000000,0.000000,0.470000,1.000000,8.000000,59.810000
1789078980.958549,0,0.000000,0.000000,1.000000,0.280000,0.000000,0.000000,0.340000,1.000000,8.000000,59.830000
1789078980.959164,0,0.000000,0.000000,1.000000,0.000000,0.000000,0.000000,0.760000,1.000000,8.000000,59.840000
1789078980.981649,0,0.000000,0.000000,1.000000,-0.050000,0.000000,0.000000,0.910000,1.000000,8.000000,59.840000
1789078980.982332,0,0.000000,0.000000,1.000000,0.010000,0.000000,0.000000,0.760000,1.000000,8.000000,59.860000
1789078981.004504,0,0.000000,0.000000,1.000000,0.050000,0.000000,0.000000,0.620000,1.000000,8.000000,59.880000
1789078981.005114,0,0.000000,0.000000,1.000000,0.050000,0.000000,0.000000,0.470000,1.000000,8.000000,59.880000
1789078981.028719,0,0.000000,0.000000,1.000000,0.010000,0.000000,0.000000,0.620000,1.000000,8.000000,59.880000
1789078981.029307,0,0.000000,0.000000,1.000000,0.010000,0.000000,0.000000,0.180000,0.000000,8.000000,59.900000
1789078981.053279,0,0.000000,0.000000,1.000000,0.310000,0.000000,0.000000,0.340000,1.000000,8.000000,59.900000
1789078981.053923,0,0.000000,0.000000,1.000000,0.000000,0.000000,0.000000,0.620000,1.000000,8.000000,59.910000
1789078981.054337,0,0.000000,0.000000,1.000000,0.000000,0.000000,0.000000,0.760000,1.000000,8.000000,59.930000
1789078981.076139,0,0.000000,0.000000,1.000000,-0.180000,0.000000,0.000000,0.470000,1.000000,8.000000,59.930000
1789078981.076643,0,0.000000,0.000000,1.000000,0.010000,0.000000,0.000000,0.470000,1.000000,8.000000,59.950000
1789078981.099288,0,0.000000,0.000000,1.000000,0.010000,0.000000,0.000000,0.180000,0.000000,8.000000,59.970000
1789078981.099891,0,0.000000,0.000000,1.000000,0.100000,0.000000,0.000000,0.340000,1.000000,8.000000,59.970000
1789078981.122848,0,0.000000,0.000000,1.000000,-0.230000,0.000000,0.000000,0.340000,1.000000,8.000000,59.990000
1789078981.123568,0,0.000000,0.000000,1.000000,0.000000,0.000000,0.000000,0.620000,1.000000,8.000000,60.000000
1789078981.145766,0,0.000000,0.000000,1.000000,-0.050000,0.000000,0.000000,1.050000,1.000000,8.000000,60.000000
1789078981.146271,0,0.000000,0.000000,1.000000,0.010000,0.000000,0.000000,0.340000,1.000000,8.000000,60.020000
1789078981.146734,0,0.000000,0.000000,1.000000,0.000000,0.000000,0.000000,0.340000,1.000000,8.000000,60.020000
1789078981.169803,0,0.000000,0.000000,1.000000,0.010000,0.000000,0.000000,0.470000,1.000000,8.000000,60.040000
1789078981.170507,0,0.000000,0.000000,1.000000,-0.100000,0.000000,0.000000,0.340000,1.000000,8.000000,60.040000
1789078981.193146,0,0.000000,0.000000,1.000000,0.010000,0.000000,0.000000,0.620000,1.000000,8.000000,60.060000
1789078981.193648,0,0.000000,0.000000,1.000000,0.010000,0.000000,0.000000,0.760000,1.000000,8.000000,60.060000
1789078981.194171,0,0.000000,0.000000,1.000000,0.050000,0.000000,0.000000,0.620000,1.000000,8.000000,60.080000
1789078981.216561,0,0.000000,0.000000,1.000000,0.000000,0.000000,0.000000,0.340000,1.000000,8.000000,60.090000
1789078981.217044,0,0.000000,0.000000,1.000000,0.010000,0.000000,0.000000,0.620000,1.000000,8.000000,60.090000
1789078981.240075,0,0.000000,0.000000,1.000000,0.010000,0.000000,0.000000,0.620000,1.000000,8.000000,60.110000
1789078981.240573,0,0.000000,0.000000,1.000000,0.050000,0.000000,0.000000,0.910000,1.000000,8.000000,60.110000
1789078981.262893,0,0.000000,0.000000,1.000000,0.010000,0.000000,0.000000,0.470000,1.000000,8.000000,60.130000
1789078981.263397,0,0.000000,0.000000,1.000000,0.050000,0.000000,0.000000,0.760000,1.000000,8.000000,60.130000
1789078981.263819,0,0.000000,0.000000,1.000000,0.050000,0.000000,0.000000,0.760000,1.000000,8.000000,60.150000
1789078981.286268,0,0.000000,0.000000,1.000000,-0.140000,0.000000,0.000000,0.620000,1.000000,8.000000,60.150000
1789078981.286782,0,0.000000,0.000000,1.000000,0.050000,0.000000,0.000000,0.760000,1.000000,8.000000,60.160000
1789078981.308690,0,0.000000,0.000000,1.000000,0.100000,0.000000,0.000000,0.910000,1.000000,8.000000,60.180000
1789078981.309149,0,0.000000,0.000000,1.000000,-0.050000,0.000000,0.000000,0.340000,1.000000,8.000000,60.180000
1789078981.309657,0,0.000000,0.000000,1.000000,0.050000,0.000000,0.000000,0.470000,1.000000,8.000000,60.200000
1789078981.333019,0,0.000000,0.000000,1.000000,0.500000,0.000000,0.000000,0.760000,1.000000,8.000000,60.200000
1789078981.355625,0,0.000000,0.000000,1.000000,-0.050000,0.000000,0.000000,0.340000,1.000000,8.000000,60.220000
1789078981.356131,0,0.000000,0.000000,1.000000,-0.050000,0.000000,0.000000,0.620000,1.000000,8.000000,60.220000
1789078981.356527,0,0.000000,0.000000,1.000000,-0.050000,0.000000,0.000000,0.180000,0.000000,8.000000,60.240000
1789078981.378857,0,0.000000,0.000000,1.000000,-0.050000,0.000000,0.000000,0.760000,1.000000,8.000000,60.250000
1789078981.379491,0,0.000000,0.000000,1.000000,0.000000,0.000000,0.000000,0.760000,1.000000,8.000000,60.250000
1789078981.402132,0,0.000000,0.000000,1.000000,0.010000,0.000000,0.000000,0.340000,1.000000,8.000000,60.270000
1789078981.402643,0,0.000000,0.000000,1.000000,0.100000,0.000000,0.000000,0.620000,1.000000,8.000000,60.270000
1789078981.403049,0,0.000000,0.000000,1.000000,0.150000,0.000000,0.000000,0.760000,1.000000,8.000000,60.290000
1789078981.425788,0,0.000000,0.000000,1.000000,-0.050000,0.000000,0.000000,0.620000,1.000000,8.000000,60.290000
1789078981.426296,0,0.000000,0.000000,1.000000,0.000000,0.000000,0.000000,0.760000,1.000000,8.000000,60.310000
1789078981.448567,0,0.000000,0.000000,1.000000,-0.050000,0.000000,0.000000,0.340000,1.000000,8.000000,60.310000
1789078981.449169,0,0.000000,0.000000,1.000000,-0.050000,0.000000,0.000000,0.340000,1.000000,8.000000,60.330000
1789078981.449739,0,0.000000,0.000000,1.000000,-0.050000,0.000000,0.000000,0.470000,1.000000,8.000000,60.340000
1789078981.472099,0,0.000000,0.000000,1.000000,0.010000,0.000000,0.000000,0.620000,1.000000,8.000000,60.340000
1789078981.472603,0,0.000000,0.000000,1.000000,-0.050000,0.000000,0.000000,0.470000,1.000000,8.000000,60.360000
1789078981.495036,0,0.000000,0.000000,1.000000,0.010000,0.000000,0.000000,0.620000,1.000000,8.000000,60.360000
1789078981.495531,0,0.000000,0.000000,1.000000,0.050000,0.000000,0.000000,0.470000,1.000000,8.000000,60.380000
1789078981.519986,0,0.000000,0.000000,1.000000,-0.180000,0.000000,0.000000,0.620000,1.000000,8.000000,60.380000
1789078981.520576,0,0.000000,0.000000,1.000000,-0.230000,0.000000,0.000000,0.620000,1.000000,8.000000,60.400000
1789078981.520989,0,0.000000,0.000000,1.000000,-0.140000,0.000000,0.000000,0.470000,1.000000,8.000000,60.400000
1789078981.546310,0,0.000000,0.000000,1.000000,-0.140000,0.000000,0.000000,0.340000,1.000000,8.000000,60.410000
1789078981.546908,0,0.000000,0.000000,1.000000,-0.050000,0.000000,0.000000,0.340000,1.000000,8.000000,60.430000
1789078981.569334,0,0.000000,0.000000,1.000000,-0.050000,0.000000,0.000000,0.340000,1.000000,8.000000,60.430000
1789078981.569842,0,0.000000,0.000000,1.000000,-0.100000,0.000000,0.000000,0.340000,1.000000,8.000000,60.450000
1789078981.570263,0,0.000000,0.000000,1.000000,0.000000,0.000000,0.000000,0.760000,1.000000,8.000000,60.450000
1789078981.592055,0,0.000000,0.000000,1.000000,0.000000,0.000000,0.000000,0.470000,1.000000,8.000000,60.470000
1789078981.592557,0,0.000000,0.000000,1.000000,-0.100000,0.000000,0.000000,0.760000,1.000000,8.000000,60.470000
1789078981.615685,0,0.000000,0.000000,1.000000,0.000000,0.000000,0.000000,0.470000,1.000000,8.000000,60.490000
1789078981.616312,0,0.000000,0.000000,1.000000,-0.100000,0.000000,0.000000,0.470000,1.000000,8.000000,60.500000
1789078981.638820,0,0.000000,0.000000,1.000000,0.000000,0.000000,0.000000,0.180000,0.000000,8.000000,60.500000
1789078981.639323,0,0.000000,0.000000,1.000000,-0.140000,0.000000,0.000000,0.760000,1.000000,8.000000,60.520000
1789078981.661963,0,0.000000,0.000000,1.000000,0.100000,0.000000,0.000000,0.180000,0.000000,8.000000,60.520000
1789078981.662580,0,0.000000,0.000000,1.000000,0.000000,0.000000,0.000000,0.470000,1.000000,8.000000,60.540000
1789078981.662993,0,0.000000,0.000000,1.000000,-0.050000,0.000000,0.000000,0.620000,1.000000,8.000000,60.540000
1789078981.686495,0,0.000000,0.000000,1.000000,0.050000,0.000000,0.000000,0.620000,1.000000,8.000000,60.560000
1789078981.686997,0,0.000000,0.000000,1.000000,0.050000,0.000000,0.000000,0.620000,1.000000,8.000000,60.560000
1789078981.710367,0,0.000000,0.000000,1.000000,-0.100000,0.000000,0.000000,0.470000,1.000000,8.000000,60.580000
1789078981.710974,0,0.000000,0.000000,1.000000,-0.100000,0.000000,0.000000,0.470000,1.000000,8.000000,60.580000
1789078981.734569,0,0.000000,0.000000,1.000000,0.010000,0.000000,0.000000,0.470000,1.000000,8.000000,60.590000
1789078981.735358,0,0.000000,0.000000,1.000000,0.000000,0.000000,0.000000,0.760000,1.000000,8.000000,60.610000
1789078981.735868,0,0.000000,0.000000,1.000000,0.100000,0.000000,0.000000,0.340000,1.000000,8.000000,60.610000
1789078981.757944,0,0.000000,0.000000,1.000000,0.050000,0.000000,0.000000,0.470000,1.000000,8.000000,60.630000
1789078981.758600,0,0.000000,0.000000,1.000000,0.050000,0.000000,0.000000,0.620000,1.000000,8.000000,60.630000
1789078981.782378,0,0.000000,0.000000,1.000000,0.050000,0.000000,0.000000,0.620000,1.000000,8.000000,60.650000
1789078981.783075,0,0.000000,0.000000,1.000000,0.150000,0.000000,0.000000,0.340000,1.000000,8.000000,60.650000
1789078981.806848,0,0.000000,0.000000,1.000000,0.000000,0.000000,0.000000,0.470000,1.000000,8.000000,60.660000
1789078981.807462,0,0.000000,0.000000,1.000000,-0.050000,0.000000,0.000000,0.340000,1.000000,8.000000,60.680000
1789078981.830024,0,0.000000,0.000000,1.000000,-0.140000,0.000000,0.000000,0.470000,1.000000,8.000000,60.680000
1789078981.830516,0,0.000000,0.000000,1.000000,0.000000,0.000000,0.000000,0.340000,1.000000,8.000000,60.700000
1789078981.831078,0,0.000000,0.000000,1.000000,0.100000,0.000000,0.000000,0.620000,1.000000,8.000000,60.700000
1789078981.853938,0,0.000000,0.000000,1.000000,0.050000,0.000000,0.000000,0.620000,1.000000,8.000000,60.720000
1789078981.877402,0,0.000000,0.000000,1.000000,-0.140000,0.000000,0.000000,0.470000,1.000000,8.000000,60.720000
1789078981.877924,0,0.000000,0.000000,1.000000,0.000000,0.000000,0.000000,0.760000,1.000000,8.000000,60.750000
1789078981.878467,0,0.000000,0.000000,1.000000,0.000000,0.000000,0.000000,0.470000,1.000000,8.000000,60.750000
1789078981.902143,0,0.000000,0.000000,1.000000,0.050000,0.000000,0.000000,0.180000,0.000000,8.000000,60.770000
1789078981.902755,0,0.000000,0.000000,1.000000,0.150000,0.000000,0.000000,0.760000,1.000000,8.000000,60.770000
1789078981.903140,0,0.000000,0.000000,1.000000,0.000000,0.000000,0.000000,0.340000,1.000000,8.000000,60.790000
1789078981.924833,0,0.000000,0.000000,1.000000,-0.140000,0.000000,0.000000,0.620000,1.000000,8.000000,60.790000
1789078981.925338,0,0.000000,0.000000,1.000000,-0.100000,0.000000,0.000000,0.470000,1.000000,8.000000,60.810000
1789078981.948007,0,0.000000,0.000000,1.000000,0.000000,0.000000,0.000000,0.340000,1.000000,8.000000,60.810000
1789078981.948507,0,0.000000,0.000000,1.000000,-0.050000,0.000000,0.000000,0.620000,1.000000,8.000000,60.830000
1789078981.971411,0,0.000000,0.000000,1.000000,0.050000,0.000000,0.000000,0.620000,1.000000,8.000000,60.840000
1789078981.971917,0,0.000000,0.000000,1.000000,0.100000,0.000000,0.000000,0.340000,1.000000,8.000000,60.840000
1789078981.993845,0,0.000000,0.000000,1.000000,-0.050000,0.000000,0.000000,0.180000,0.000000,8.000000,60.860000
1789078981.994348,0,0.000000,0.000000,1.000000,0.010000,0.000000,0.000000,0.470000,1.000000,8.000000,60.860000
1789078981.994767,0,0.000000,0.000000,1.000000,-0.100000,0.000000,0.000000,0.620000,1.000000,8.000000,60.880000
1789078982.017525,0,0.000000,0.000000,1.000000,0.000000,0.000000,0.000000,0.910000,1.000000,8.000000,60.880000
1789078982.018014,0,0.000000,0.000000,1.000000,0.010000,0.000000,0.000000,1.050000,1.000000,8.000000,60.900000
1789078982.039455,0,0.000000,0.000000,1.000000,-0.100000,0.000000,0.000000,0.470000,1.000000,8.000000,60.900000
1789078982.039951,0,0.000000,0.000000,1.000000,0.000000,0.000000,0.000000,0.620000,1.000000,8.000000,60.910000
1789078982.040630,0,0.000000,0.000000,1.000000,0.150000,0.000000,0.000000,0.620000,1.000000,8.000000,60.930000
1789078982.062599,0,0.000000,0.000000,1.000000,0.050000,0.000000,0.000000,0.470000,1.000000,8.000000,60.930000
1789078982.063222,0,0.000000,0.000000,1.000000,0.010000,0.000000,0.000000,0.470000,1.000000,8.000000,60.930000
1789078982.063705,0,0.000000,0.000000,1.000000,0.050000,0.000000,0.000000,0.470000,1.000000,8.000000,60.950000
1789078982.085926,0,0.000000,0.000000,1.000000,0.000000,0.000000,0.000000,0.760000,1.000000,8.000000,60.950000
1789078982.086468,0,0.000000,0.000000,1.000000,0.010000,0.000000,0.000000,0.470000,1.000000,8.000000,60.970000
1789078982.108400,0,0.000000,0.000000,1.000000,0.050000,0.000000,0.000000,0.340000,1.000000,8.000000,60.970000
1789078982.108999,0,0.000000,0.000000,1.000000,-0.180000,0.000000,0.000000,0.620000,1.000000,8.000000,60.990000
1789078982.130617,0,0.000000,0.000000,1.000000,0.010000,0.000000,0.000000,0.620000,1.000000,8.000000,61.000000
1789078982.131119,0,0.000000,0.000000,1.000000,0.000000,0.000000,0.000000,0.760000,1.000000,8.000000,61.000000
1789078982.152953,0,0.000000,0.000000,1.000000,0.050000,0.000000,0.000000,0.470000,1.000000,8.000000,61.020000
1789078982.153459,0,0.000000,0.000000,1.000000,-0.140000,0.000000,0.000000,0.470000,1.000000,8.000000,61.020000
1789078982.154018,0,0.000000,0.000000,1.000000,-0.050000,0.000000,0.000000,0.340000,1.000000,8.000000,61.040000
1789078982.176591,0,0.000000,0.000000,1.000000,0.050000,0.000000,0.000000,0.760000,1.000000,8.000000,61.040000
1789078982.177372,0,0.000000,0.000000,1.000000,0.000000,0.000000,0.000000,0.470000,1.000000,8.000000,61.060000
1789078982.199840,0,0.000000,0.000000,1.000000,-0.050000,0.000000,0.000000,0.760000,1.000000,8.000000,61.060000
1789078982.200337,0,0.000000,0.000000,1.000000,0.100000,0.000000,0.000000,0.470000,1.000000,8.000000,61.080000
1789078982.201039,0,0.000000,0.000000,1.000000,0.100000,0.000000,0.000000,0.340000,1.000000,8.000000,61.090000
1789078982.223572,0,0.000000,0.000000,1.000000,0.000000,0.000000,0.000000,0.620000,1.000000,8.000000,61.090000
1789078982.224076,0,0.000000,0.000000,1.000000,0.100000,0.000000,0.000000,0.620000,1.000000,8.000000,61.110000
1789078982.247180,0,0.000000,0.000000,1.000000,0.150000,0.000000,0.000000,0.470000,1.000000,8.000000,61.110000
1789078982.247656,0,0.000000,0.000000,1.000000,-0.050000,0.000000,0.000000,0.470000,1.000000,8.000000,61.130000
1789078982.272154,0,0.000000,0.000000,1.000000,0.000000,0.000000,0.000000,0.910000,1.000000,8.000000,61.130000
1789078982.272661,0,0.000000,0.000000,1.000000,0.100000,0.000000,0.000000,0.620000,1.000000,8.000000,61.150000
1789078982.273047,0,0.000000,0.000000,1.000000,-0.100000,0.000000,0.000000,0.470000,1.000000,8.000000,61.150000
1789078982.296017,0,0.000000,0.000000,1.000000,0.180000,0.000000,0.000000,0.760000,1.000000,8.000000,61.160000
1789078982.296518,0,0.000000,0.000000,1.000000,-0.050000,0.000000,0.000000,0.470000,1.000000,8.000000,61.180000
1789078982.297233,0,0.000000,0.000000,1.000000,0.000000,0.000000,0.000000,0.470000,1.000000,8.000000,61.180000
1789078982.320618,0,0.000000,0.000000,1.000000,-0.140000,0.000000,0.000000,0.620000,1.000000,8.000000,61.200000
1789078982.321124,0,0.000000,0.000000,1.000000,0.000000,0.000000,0.000000,0.620000,1.000000,8.000000,61.200000
1789078982.344560,0,0.000000,0.000000,1.000000,0.010000,0.000000,0.000000,0.470000,1.000000,8.000000,61.220000
1789078982.369168,0,0.000000,0.000000,1.000000,0.050000,0.000000,0.000000,0.620000,1.000000,8.000000,61.220000
1789078982.369655,0,0.000000,0.000000,1.000000,0.000000,0.000000,0.000000,0.470000,1.000000,8.000000,61.240000
1789078982.370046,0,0.000000,0.000000,1.000000,0.100000,0.000000,0.000000,0.620000,1.000000,8.000000,61.250000
1789078982.393553,0,0.000000,0.000000,1.000000,-0.050000,0.000000,0.000000,0.340000,1.000000,8.000000,61.250000
1789078982.394114,0,0.000000,0.000000,1.000000,-0.050000,0.000000,0.000000,0.470000,1.000000,8.000000,61.270000
1789078982.417473,0,0.000000,0.000000,1.000000,0.010000,0.000000,0.000000,0.340000,1.000000,8.000000,61.270000
1789078982.418026,0,0.000000,0.000000,1.000000,-0.050000,0.000000,0.000000,0.470000,1.000000,8.000000,61.290000
1789078982.418618,0,0.000000,0.000000,1.000000,0.000000,0.000000,0.000000,0.470000,1.000000,8.000000,61.290000
1789078982.441653,0,0.000000,0.000000,1.000000,0.100000,0.000000,0.000000,0.620000,1.000000,8.000000,61.310000
1789078982.442154,0,0.000000,0.000000,1.000000,0.000000,0.000000,0.000000,0.470000,1.000000,8.000000,61.310000
1789078982.465176,0,0.000000,0.000000,1.000000,0.050000,0.000000,0.000000,0.340000,1.000000,8.000000,61.330000
1789078982.465682,0,0.000000,0.000000,1.000000,0.050000,0.000000,0.000000,0.340000,1.000000,8.000000,61.340000
1789078982.489438,0,0.000000,0.000000,1.000000,0.010000,0.000000,0.000000,0.470000,1.000000,8.000000,61.360000
1789078982.489949,0,0.000000,0.000000,1.000000,0.100000,0.000000,0.000000,0.620000,1.000000,8.000000,61.360000
1789078982.513403,0,0.000000,0.000000,1.000000,-0.050000,0.000000,0.000000,0.470000,1.000000,8.000000,61.380000
1789078982.513907,0,0.000000,0.000000,1.000000,0.000000,0.000000,0.000000,0.760000,1.000000,8.000000,61.380000
1789078982.515535,0,0.000000,0.000000,1.000000,0.050000,0.000000,0.000000,1.050000,1.000000,8.000000,61.400000
1789078982.539399,0,0.000000,0.000000,1.000000,-0.100000,0.000000,0.000000,0.620000,1.000000,8.000000,61.400000
1789078982.539904,0,0.000000,0.000000,1.000000,-0.050000,0.000000,0.000000,0.470000,1.000000,8.000000,61.410000
1789078982.564384,0,0.000000,0.000000,1.000000,0.050000,0.000000,0.000000,0.340000,1.000000,8.000000,61.430000
1789078982.564892,0,0.000000,0.000000,1.000000,0.000000,0.000000,0.000000,0.620000,1.000000,8.000000,61.430000
1789078982.588911,0,0.000000,0.000000,1.000000,0.000000,0.000000,0.000000,0.620000,1.000000,8.000000,61.450000
1789078982.589413,0,0.000000,0.000000,1.000000,0.000000,0.000000,0.000000,1.050000,1.000000,8.000000,61.450000
1789078982.589827,0,0.000000,0.000000,1.000000,0.010000,0.000000,0.000000,0.470000,1.000000,8.000000,61.470000
1789078982.590452,0,0.000000,0.000000,1.000000,0.050000,0.000000,0.000000,0.760000,1.000000,8.000000,61.470000
1789078982.614311,0,0.000000,0.000000,1.000000,0.050000,0.000000,0.000000,0.620000,1.000000,8.000000,61.490000
1789078982.638342,0,0.000000,0.000000,1.000000,0.050000,0.000000,0.000000,0.340000,1.000000,8.000000,61.500000
1789078982.638847,0,0.000000,0.000000,1.000000,0.000000,0.000000,0.000000,0.910000,1.000000,8.000000,61.500000
1789078982.639230,0,0.000000,0.000000,1.000000,0.050000,0.000000,0.000000,0.910000,1.000000,8.000000,61.520000
1789078982.662217,0,0.000000,0.000000,1.000000,0.150000,0.000000,0.000000,0.910000,1.000000,8.000000,61.520000
1789078982.662715,0,0.000000,0.000000,1.000000,-0.050000,0.000000,0.000000,0.050000,0.000000,8.000000,61.540000
1789078982.686685,0,0.000000,0.000000,1.000000,0.050000,0.000000,0.000000,0.470000,1.000000,8.000000,61.540000
1789078982.687193,0,0.000000,0.000000,1.000000,0.150000,0.000000,0.000000,0.620000,1.000000,8.000000,61.560000
1789078982.687770,0,0.000000,0.000000,1.000000,0.000000,0.000000,0.000000,0.470000,1.000000,8.000000,61.560000
1789078982.711253,0,0.000000,0.000000,1.000000,0.000000,0.000000,0.000000,0.470000,1.000000,8.000000,61.580000
1789078982.711752,0,0.000000,0.000000,1.000000,-0.100000,0.000000,0.000000,0.620000,1.000000,8.000000,61.590000
1789078982.735395,0,0.000000,0.000000,1.000000,0.010000,0.000000,0.000000,0.340000,1.000000,8.000000,61.590000
1789078982.735908,0,0.000000,0.000000,1.000000,-0.140000,0.000000,0.000000,0.620000,1.000000,8.000000,61.610000
1789078982.736309,0,0.000000,0.000000,1.000000,-0.050000,0.000000,0.000000,0.180000,0.000000,8.000000,61.610000
1789078982.760059,0,0.000000,0.000000,1.000000,0.000000,0.000000,0.000000,0.910000,1.000000,8.000000,61.630000
1789078982.760547,0,0.000000,0.000000,1.000000,0.000000,0.000000,0.000000,0.340000,1.000000,8.000000,61.630000
1789078982.784480,0,0.000000,0.000000,1.000000,-0.050000,0.000000,0.000000,0.340000,1.000000,8.000000,61.650000
1789078982.785144,0,0.000000,0.000000,1.000000,0.000000,0.000000,0.000000,0.760000,1.000000,8.000000,61.650000
1789078982.785742,0,0.000000,0.000000,1.000000,0.000000,0.000000,0.000000,0.470000,1.000000,8.000000,61.660000
1789078982.808510,0,0.000000,0.000000,1.000000,0.010000,0.000000,0.000000,0.760000,1.000000,8.000000,61.680000
1789078982.808986,0,0.000000,0.000000,1.000000,-0.400000,0.000000,0.000000,0.470000,1.000000,8.000000,61.680000
1789078982.833494,0,0.000000,0.000000,1.000000,0.050000,0.000000,0.000000,0.620000,1.000000,8.000000,61.700000
1789078982.834119,0,0.000000,0.000000,1.000000,-0.050000,0.000000,0.000000,0.620000,1.000000,8.000000,61.700000
1789078982.834554,0,0.000000,0.000000,1.000000,0.010000,0.000000,0.000000,0.760000,1.000000,8.000000,61.720000
1789078982.858171,0,0.000000,0.000000,1.000000,0.000000,0.000000,0.000000,0.470000,1.000000,8.000000,61.720000
1789078982.858947,0,0.000000,0.000000,1.000000,0.010000,0.000000,0.000000,0.470000,1.000000,8.000000,61.740000
1789078982.881466,0,0.000000,0.000000,1.000000,0.000000,0.000000,0.000000,0.340000,1.000000,8.000000,61.750000
1789078982.882071,0,0.000000,0.000000,1.000000,0.010000,0.000000,0.000000,0.620000,1.000000,8.000000,61.750000
1789078982.882745,0,0.000000,0.000000,1.000000,-0.270000,0.000000,0.000000,0.760000,1.000000,8.000000,61.770000
1789078982.905717,0,0.000000,0.000000,1.000000,-0.100000,0.000000,0.000000,0.620000,1.000000,8.000000,61.770000
1789078982.906220,0,0.000000,0.000000,1.000000,0.000000,0.000000,0.000000,0.620000,1.000000,8.000000,61.790000
1789078982.928699,0,0.000000,0.000000,1.000000,-0.100000,0.000000,0.000000,0.620000,1.000000,8.000000,61.790000
1789078982.929204,0,0.000000,0.000000,1.000000,0.050000,0.000000,0.000000,0.620000,1.000000,8.000000,61.810000
1789078982.952941,0,0.000000,0.000000,1.000000,0.010000,0.000000,0.000000,0.760000,1.000000,8.000000,61.810000
1789078982.953439,0,0.000000,0.000000,1.000000,-0.050000,0.000000,0.000000,0.470000,1.000000,8.000000,61.830000
1789078982.977335,0,0.000000,0.000000,1.000000,0.010000,0.000000,0.000000,0.760000,1.000000,8.000000,61.840000
1789078982.977835,0,0.000000,0.000000,1.000000,-0.100000,0.000000,0.000000,0.050000,0.000000,8.000000,61.840000
1789078983.001434,0,0.000000,0.000000,1.000000,0.010000,0.000000,0.000000,0.340000,1.000000,8.000000,61.860000
1789078983.002063,0,0.000000,0.000000,1.000000,0.010000,0.000000,0.000000,0.340000,1.000000,8.000000,61.860000
1789078983.002563,0,0.000000,0.000000,1.000000,-0.100000,0.000000,0.000000,0.760000,1.000000,8.000000,61.880000
1789078983.003145,0,0.000000,0.000000,1.000000,0.100000,0.000000,0.000000,0.760000,1.000000,8.000000,61.880000
1789078983.026057,0,0.000000,0.000000,1.000000,-0.050000,0.000000,0.000000,0.470000,1.000000,8.000000,61.900000
1789078983.026564,0,0.000000,0.000000,1.000000,-0.100000,0.000000,0.000000,0.910000,1.000000,8.000000,61.900000
1789078983.049547,0,0.000000,0.000000,1.000000,0.050000,0.000000,0.000000,0.910000,1.000000,8.000000,61.910000
1789078983.050161,0,0.000000,0.000000,1.000000,0.100000,0.000000,0.000000,0.470000,1.000000,8.000000,61.930000
1789078983.073686,0,0.000000,0.000000,1.000000,0.150000,0.000000,0.000000,0.340000,1.000000,8.000000,61.930000
1789078983.074201,0,0.000000,0.000000,1.000000,0.100000,0.000000,0.000000,0.470000,1.000000,8.000000,61.950000
1789078983.097319,0,0.000000,0.000000,1.000000,-0.270000,0.000000,0.000000,0.470000,1.000000,8.000000,61.950000
1789078983.097825,0,0.000000,0.000000,1.000000,0.050000,0.000000,0.000000,0.760000,1.000000,8.000000,61.970000
1789078983.120600,0,0.000000,0.000000,1.000000,-0.050000,0.000000,0.000000,0.760000,1.000000,8.000000,61.970000
1789078983.121106,0,0.000000,0.000000,1.000000,0.050000,0.000000,0.000000,0.910000,1.000000,8.000000,61.990000
1789078983.121785,0,0.000000,0.000000,1.000000,0.010000,0.000000,0.000000,1.050000,1.000000,8.000000,62.000000
1789078983.145179,0,0.000000,0.000000,1.000000,-0.050000,0.000000,0.000000,0.620000,1.000000,8.000000,62.020000
1789078983.145752,0,0.000000,0.000000,1.000000,0.000000,0.000000,0.000000,0.620000,1.000000,8.000000,62.020000
1789078983.169350,0,0.000000,0.000000,1.000000,0.100000,0.000000,0.000000,0.470000,1.000000,8.000000,62.040000
1789078983.169860,0,0.000000,0.000000,1.000000,0.000000,0.000000,0.000000,0.470000,1.000000,8.000000,62.040000
1789078983.193721,0,0.000000,0.000000,1.000000,0.100000,0.000000,0.000000,0.620000,1.000000,8.000000,62.060000
1789078983.194235,0,0.000000,0.000000,1.000000,0.000000,0.000000,0.000000,0.470000,1.000000,8.000000,62.060000
1789078983.218157,0,0.000000,0.000000,1.000000,-0.180000,0.000000,0.000000,0.620000,1.000000,8.000000,62.080000
1789078983.218750,0,0.000000,0.000000,1.000000,0.050000,0.000000,0.000000,0.620000,1.000000,8.000000,62.090000
1789078983.242575,0,0.000000,0.000000,1.000000,0.050000,0.000000,0.000000,0.760000,1.000000,8.000000,62.090000
1789078983.243075,0,0.000000,0.000000,1.000000,0.050000,0.000000,0.000000,0.760000,1.000000,8.000000,62.110000
1789078983.243491,0,0.000000,0.000000,1.000000,0.150000,0.000000,0.000000,0.620000,1.000000,8.000000,62.110000
1789078983.267297,0,0.000000,0.000000,1.000000,0.010000,0.000000,0.000000,0.470000,1.000000,8.000000,62.130000
1789078983.267794,0,0.000000,0.000000,1.000000,0.000000,0.000000,0.000000,0.760000,1.000000,8.000000,62.130000
1789078983.291158,0,0.000000,0.000000,1.000000,0.000000,0.000000,0.000000,0.470000,1.000000,8.000000,62.150000
1789078983.291654,0,0.000000,0.000000,1.000000,0.010000,0.000000,0.000000,0.470000,1.000000,8.000000,62.150000
1789078983.292068,0,0.000000,0.000000,1.000000,0.100000,0.000000,0.000000,0.760000,1.000000,8.000000,62.160000
1789078983.315098,0,0.000000,0.000000,1.000000,-0.050000,0.000000,0.000000,0.620000,1.000000,8.000000,62.180000
1789078983.315775,0,0.000000,0.000000,1.000000,0.010000,0.000000,0.000000,0.760000,1.000000,8.000000,62.180000
1789078983.316597,0,0.000000,0.000000,1.000000,-0.140000,0.000000,0.000000,0.340000,1.000000,8.000000,62.200000
1789078983.339673,0,0.000000,0.000000,1.000000,0.050000,0.000000,0.000000,0.620000,1.000000,8.000000,62.200000
1789078983.340235,0,0.000000,0.000000,1.000000,0.000000,0.000000,0.000000,-0.070000,0.000000,8.000000,62.220000
1789078983.340641,0,0.000000,0.000000,1.000000,-0.100000,0.000000,0.000000,0.760000,1.000000,8.000000,62.220000
1789078983.363875,0,0.000000,0.000000,1.000000,-0.100000,0.000000,0.000000,0.760000,1.000000,8.000000,62.240000
1789078983.387506,0,0.000000,0.000000,1.000000,0.100000,0.000000,0.000000,0.620000,1.000000,8.000000,62.250000
1789078983.388024,0,0.000000,0.000000,1.000000,-0.100000,0.000000,0.000000,0.340000,1.000000,8.000000,62.250000
1789078983.411755,0,0.000000,0.000000,1.000000,0.000000,0.000000,0.000000,0.620000,1.000000,8.000000,62.270000
1789078983.412253,0,0.000000,0.000000,1.000000,0.050000,0.000000,0.000000,0.470000,1.000000,8.000000,62.270000
1789078983.435015,0,0.000000,0.000000,1.000000,-0.100000,0.000000,0.000000,0.470000,1.000000,8.000000,62.290000
1789078983.435520,0,0.000000,0.000000,1.000000,0.000000,0.000000,0.000000,0.620000,1.000000,8.000000,62.290000
1789078983.436046,0,0.000000,0.000000,1.000000,0.010000,0.000000,0.000000,0.340000,1.000000,8.000000,62.310000
1789078983.436910,0,0.000000,0.000000,1.000000,0.010000,0.000000,0.000000,0.760000,1.000000,8.000000,62.310000
1789078983.460149,0,0.000000,0.000000,1.000000,-0.100000,0.000000,0.000000,0.470000,1.000000,8.000000,62.330000
1789078983.460780,0,0.000000,0.000000,1.000000,0.010000,0.000000,0.000000,0.620000,1.000000,8.000000,62.340000
1789078983.484919,0,0.000000,0.000000,1.000000,0.010000,0.000000,0.000000,0.760000,1.000000,8.000000,62.340000
1789078983.485428,0,0.000000,0.000000,1.000000,0.000000,0.000000,0.000000,0.470000,1.000000,8.000000,62.360000
1789078983.509123,0,0.000000,0.000000,1.000000,0.050000,0.000000,0.000000,0.620000,1.000000,8.000000,62.380000
1789078983.509633,0,0.000000,0.000000,1.000000,0.100000,0.000000,0.000000,0.340000,1.000000,8.000000,62.380000
1789078983.535156,0,0.000000,0.000000,1.000000,-0.140000,0.000000,0.000000,0.470000,1.000000,8.000000,62.400000
1789078983.535678,0,0.000000,0.000000,1.000000,0.000000,0.000000,0.000000,0.340000,1.000000,8.000000,62.400000
1789078983.536080,0,0.000000,0.000000,1.000000,0.000000,0.000000,0.000000,0.470000,1.000000,8.000000,62.410000
1789078983.559206,0,0.000000,0.000000,1.000000,-0.180000,0.000000,0.000000,0.910000,1.000000,8.000000,62.430000
1789078983.559714,0,0.000000,0.000000,1.000000,-0.100000,0.000000,0.000000,0.340000,1.000000,8.000000,62.430000
1789078983.583657,0,0.000000,0.000000,1.000000,0.000000,0.000000,0.000000,0.470000,1.000000,8.000000,62.450000
1789078983.584270,0,0.000000,0.000000,1.000000,-0.050000,0.000000,0.000000,0.470000,1.000000,8.000000,62.450000
1789078983.584668,0,0.000000,0.000000,1.000000,0.010000,0.000000,0.000000,0.340000,1.000000,8.000000,62.470000
1789078983.607933,0,0.000000,0.000000,1.000000,0.010000,0.000000,0.000000,1.050000,1.000000,8.000000,62.470000
1789078983.631346,0,0.000000,0.000000,1.000000,0.050000,0.000000,0.000000,0.760000,1.000000,8.000000,62.490000
1789078983.631851,0,0.000000,0.000000,1.000000,0.010000,0.000000,0.000000,1.210000,1.000000,8.000000,62.500000
1789078983.632262,0,0.000000,0.000000,1.000000,0.000000,0.000000,0.000000,0.760000,1.000000,8.000000,62.500000
1789078983.655355,0,0.000000,0.000000,1.000000,0.000000,0.000000,0.000000,0.340000,1.000000,8.000000,62.520000
1789078983.655865,0,0.000000,0.000000,1.000000,-0.140000,0.000000,0.000000,-0.200000,0.000000,8.000000,62.520000
1789078983.678939,0,0.000000,0.000000,1.000000,0.000000,0.000000,0.000000,0.620000,1.000000,8.000000,62.540000
1789078983.679440,0,0.000000,0.000000,1.000000,0.100000,0.000000,0.000000,0.470000,1.000000,8.000000,62.540000
1789078983.679863,0,0.000000,0.000000,1.000000,0.010000,0.000000,0.000000,0.760000,1.000000,8.000000,62.560000
1789078983.703342,0,0.000000,0.000000,1.000000,-0.140000,0.000000,0.000000,0.470000,1.000000,8.000000,62.560000
1789078983.703854,0,0.000000,0.000000,1.000000,-0.230000,0.000000,0.000000,0.470000,1.000000,8.000000,62.580000
1789078983.704264,0,0.000000,0.000000,1.000000,0.050000,0.000000,0.000000,1.050000,1.000000,8.000000,62.590000
1789078983.727360,0,0.000000,0.000000,1.000000,-0.050000,0.000000,0.000000,0.340000,1.000000,8.000000,62.590000
1789078983.728099,0,0.000000,0.000000,1.000000,0.010000,0.000000,0.000000,0.470000,1.000000,8.000000,62.610000
1789078983.751597,0,0.000000,0.000000,1.000000,0.050000,0.000000,0.000000,0.620000,1.000000,8.000000,62.610000
1789078983.752247,0,0.000000,0.000000,1.000000,0.100000,0.000000,0.000000,0.760000,1.000000,8.000000,62.630000
1789078983.753575,0,0.000000,0.000000,1.000000,0.010000,0.000000,0.000000,0.340000,1.000000,8.000000,62.630000
1789078983.777357,0,0.000000,0.000000,1.000000,-0.050000,0.000000,0.000000,0.760000,1.000000,8.000000,62.650000
1789078983.777851,0,0.000000,0.000000,1.000000,0.100000,0.000000,0.000000,0.470000,1.000000,8.000000,62.650000
1789078983.802021,0,0.000000,0.000000,1.000000,-0.050000,0.000000,0.000000,0.620000,1.000000,8.000000,62.660000
1789078983.802529,0,0.000000,0.000000,1.000000,-0.050000,0.000000,0.000000,0.620000,1.000000,8.000000,62.680000
1789078983.825557,0,0.000000,0.000000,1.000000,-0.100000,0.000000,0.000000,0.760000,1.000000,8.000000,62.680000
1789078983.826065,0,0.000000,0.000000,1.000000,-0.100000,0.000000,0.000000,0.620000,1.000000,8.000000,62.700000
1789078983.826490,0,0.000000,0.000000,1.000000,-0.100000,0.000000,0.000000,0.470000,1.000000,8.000000,62.700000
1789078983.849566,0,0.000000,0.000000,1.000000,0.100000,0.000000,0.000000,-0.070000,0.000000,8.000000,62.720000
1789078983.850188,0,0.000000,0.000000,1.000000,-0.050000,0.000000,0.000000,0.470000,1.000000,8.000000,62.720000
1789078983.850620,0,0.000000,0.000000,1.000000,0.010000,0.000000,0.000000,0.340000,1.000000,8.000000,62.740000
1789078983.875383,0,0.000000,0.000000,1.000000,0.000000,0.000000,0.000000,0.910000,1.000000,8.000000,62.750000
1789078983.899174,0,0.000000,0.000000,1.000000,-0.050000,0.000000,0.000000,0.470000,1.000000,8.000000,62.750000
1789078983.899733,0,0.000000,0.000000,1.000000,0.050000,0.000000,0.000000,0.760000,1.000000,8.000000,62.770000
1789078983.900190,0,0.000000,0.000000,1.000000,0.150000,0.000000,0.000000,0.620000,1.000000,8.000000,62.770000
1789078983.924170,0,0.000000,0.000000,1.000000,-0.100000,0.000000,0.000000,-0.070000,0.000000,8.000000,62.790000
1789078983.924728,0,0.000000,0.000000,1.000000,0.050000,0.000000,0.000000,0.760000,1.000000,8.000000,62.790000
1789078983.925388,0,0.000000,0.000000,1.000000,0.100000,0.000000,0.000000,0.620000,1.000000,8.000000,62.810000
1789078983.947999,0,0.000000,0.000000,1.000000,-0.050000,0.000000,0.000000,0.910000,1.000000,8.000000,62.810000
1789078983.948515,0,0.000000,0.000000,1.000000,0.010000,0.000000,0.000000,0.760000,1.000000,8.000000,62.830000
1789078983.973279,0,0.000000,0.000000,1.000000,0.010000,0.000000,0.000000,0.340000,1.000000,8.000000,62.840000
1789078983.973840,0,0.000000,0.000000,1.000000,0.010000,0.000000,0.000000,0.620000,1.000000,8.000000,62.840000
1789078983.997370,0,0.000000,0.000000,1.000000,0.050000,0.000000,0.000000,0.620000,1.000000,8.000000,62.860000
1789078983.997878,0,0.000000,0.000000,1.000000,-0.100000,0.000000,0.000000,0.470000,1.000000,8.000000,62.860000
1789078983.998301,0,0.000000,0.000000,1.000000,-0.050000,0.000000,0.000000,0.910000,1.000000,8.000000,62.880000
1789078984.021799,0,0.000000,0.000000,1.000000,0.010000,0.000000,0.000000,0.340000,1.000000,8.000000,62.880000
1789078984.022442,0,0.000000,0.000000,1.000000,-0.230000,0.000000,0.000000,0.470000,1.000000,8.000000,62.900000
1789078984.022933,0,0.000000,0.000000,1.000000,0.000000,0.000000,0.000000,0.760000,1.000000,8.000000,62.900000
1789078984.045622,0,0.000000,0.000000,1.000000,0.000000,0.000000,0.000000,0.340000,1.000000,8.000000,62.910000
1789078984.046121,0,0.000000,0.000000,1.000000,0.010000,0.000000,0.000000,0.760000,1.000000,8.000000,62.930000
1789078984.046617,0,0.000000,0.000000,1.000000,0.000000,0.000000,0.000000,0.620000,1.000000,8.000000,62.930000
1789078984.069805,0,0.000000,0.000000,1.000000,0.000000,0.000000,0.000000,0.760000,1.000000,8.000000,62.950000
1789078984.070319,0,0.000000,0.000000,1.000000,-0.050000,0.000000,0.000000,0.760000,1.000000,8.000000,62.950000
1789078984.093568,0,0.000000,0.000000,1.000000,0.010000,0.000000,0.000000,0.620000,1.000000,8.000000,62.970000
1789078984.094069,0,0.000000,0.000000,1.000000,-0.310000,0.000000,0.000000,0.470000,1.000000,8.000000,62.970000
1789078984.117847,0,0.000000,0.000000,1.000000,-0.140000,0.000000,0.000000,0.620000,1.000000,8.000000,62.990000
1789078984.118359,0,0.000000,0.000000,1.000000,0.010000,0.000000,0.000000,0.340000,1.000000,8.000000,63.000000
1789078984.141662,0,0.000000,0.000000,1.000000,0.000000,0.000000,0.000000,0.470000,1.000000,8.000000,63.000000
1789078984.142243,0,0.000000,0.000000,1.000000,-0.100000,0.000000,0.000000,0.340000,1.000000,8.000000,63.020000
1789078984.142757,0,0.000000,0.000000,1.000000,-0.100000,0.000000,0.000000,0.470000,1.000000,8.000000,63.020000
1789078984.166060,0,0.000000,0.000000,1.000000,0.050000,0.000000,0.000000,0.910000,1.000000,8.000000,63.040000
1789078984.166580,0,0.000000,0.000000,1.000000,-0.050000,0.000000,0.000000,0.760000,1.000000,8.000000,63.040000
1789078984.190095,0,0.000000,0.000000,1.000000,0.010000,0.000000,0.000000,0.340000,1.000000,8.000000,63.060000
1789078984.190594,0,0.000000,0.000000,1.000000,0.000000,0.000000,0.000000,0.340000,1.000000,8.000000,63.060000
1789078984.214346,0,0.000000,0.000000,1.000000,0.000000,0.000000,0.000000,0.620000,1.000000,8.000000,63.080000
1789078984.214837,0,0.000000,0.000000,1.000000,-0.100000,0.000000,0.000000,0.470000,1.000000,8.000000,63.090000
1789078984.237617,0,0.000000,0.000000,1.000000,-0.100000,0.000000,0.000000,0.910000,1.000000,8.000000,63.090000
1789078984.238117,0,0.000000,0.000000,1.000000,0.010000,0.000000,0.000000,0.180000,0.000000,8.000000,63.110000
1789078984.238533,0,0.000000,0.000000,1.000000,-0.100000,0.000000,0.000000,0.760000,1.000000,8.000000,63.110000
1789078984.262017,0,0.000000,0.000000,1.000000,-0.050000,0.000000,0.000000,0.470000,1.000000,8.000000,63.130000
1789078984.262659,0,0.000000,0.000000,1.000000,0.050000,0.000000,0.000000,0.470000,1.000000,8.000000,63.130000
1789078984.286074,0,0.000000,0.000000,1.000000,0.010000,0.000000,0.000000,0.470000,1.000000,8.000000,63.150000
1789078984.286570,0,0.000000,0.000000,1.000000,0.010000,0.000000,0.000000,0.620000,1.000000,8.000000,63.150000
1789078984.309663,0,0.000000,0.000000,1.000000,-0.140000,0.000000,0.000000,0.470000,1.000000,8.000000,63.160000
1789078984.310137,0,0.000000,0.000000,1.000000,-0.050000,0.000000,0.000000,0.620000,1.000000,8.000000,63.180000
1789078984.333626,0,0.000000,0.000000,1.000000,-0.100000,0.000000,0.000000,0.620000,1.000000,8.000000,63.180000
1789078984.334113,0,0.000000,0.000000,1.000000,0.000000,0.000000,0.000000,0.760000,1.000000,8.000000,63.200000
1789078984.334472,0,0.000000,0.000000,1.000000,0.100000,0.000000,0.000000,0.620000,1.000000,8.000000,63.220000
1789078984.358470,0,0.000000,0.000000,1.000000,0.000000,0.000000,0.000000,0.470000,1.000000,8.000000,63.220000
1789078984.358966,0,0.000000,0.000000,1.000000,0.100000,0.000000,0.000000,0.910000,1.000000,8.000000,63.220000
1789078984.383221,0,0.000000,0.000000,1.000000,0.010000,0.000000,0.000000,0.760000,1.000000,8.000000,63.240000
1789078984.383698,0,0.000000,0.000000,1.000000,0.000000,0.000000,0.000000,0.620000,1.000000,8.000000,63.250000
1789078984.406675,0,0.000000,0.000000,1.000000,0.000000,0.000000,0.000000,0.340000,1.000000,8.000000,63.250000
1789078984.407150,0,0.000000,0.000000,1.000000,0.000000,0.000000,0.000000,0.340000,1.000000,8.000000,63.270000
1789078984.407518,0,0.000000,0.000000,1.000000,0.000000,0.000000,0.000000,0.620000,1.000000,8.000000,63.270000
1789078984.431874,0,0.000000,0.000000,1.000000,-0.100000,0.000000,0.000000,0.340000,1.000000,8.000000,63.290000
1789078984.432387,0,0.000000,0.000000,1.000000,0.000000,0.000000,0.000000,0.620000,1.000000,8.000000,63.290000
1789078984.432952,0,0.000000,0.000000,1.000000,-0.050000,0.000000,0.000000,0.620000,1.000000,8.000000,63.310000
1789078984.456259,0,0.000000,0.000000,1.000000,0.000000,0.000000,0.000000,0.470000,1.000000,8.000000,63.310000
1789078984.456811,0,0.000000,0.000000,1.000000,-0.050000,0.000000,0.000000,0.760000,1.000000,8.000000,63.330000
1789078984.457498,0,0.000000,0.000000,1.000000,-0.050000,0.000000,0.000000,-0.070000,0.000000,8.000000,63.340000
1789078984.480885,0,0.000000,0.000000,1.000000,0.050000,0.000000,0.000000,0.470000,1.000000,8.000000,63.340000
1789078984.481514,0,0.000000,0.000000,1.000000,-0.100000,0.000000,0.000000,0.760000,1.000000,8.000000,63.360000
1789078984.506188,0,0.000000,0.000000,1.000000,0.100000,0.000000,0.000000,0.620000,1.000000,8.000000,63.360000
1789078984.506679,0,0.000000,0.000000,1.000000,0.000000,0.000000,0.000000,0.180000,0.000000,8.000000,63.380000
1789078984.507062,0,0.000000,0.000000,1.000000,0.000000,0.000000,0.000000,0.620000,1.000000,8.000000,63.380000
1789078984.538806,0,0.000000,0.000000,1.000000,0.000000,0.000000,0.000000,0.620000,1.000000,8.000000,63.400000
1789078984.539716,0,0.000000,0.000000,1.000000,-0.050000,0.000000,0.000000,0.340000,1.000000,8.000000,63.400000
1789078984.540453,0,0.000000,0.000000,1.000000,0.010000,0.000000,0.000000,0.340000,1.000000,8.000000,63.410000
1789078984.565554,0,0.000000,0.000000,1.000000,0.100000,0.000000,0.000000,0.620000,1.000000,8.000000,63.430000
1789078984.566172,0,0.000000,0.000000,1.000000,0.000000,0.000000,0.000000,0.470000,1.000000,8.000000,63.430000
1789078984.566770,0,0.000000,0.000000,1.000000,0.150000,0.000000,0.000000,0.620000,1.000000,8.000000,63.450000
1789078984.567636,0,0.000000,0.000000,1.000000,0.050000,0.000000,0.000000,0.620000,1.000000,8.000000,63.450000
1789078984.594161,0,0.000000,0.000000,1.000000,0.010000,0.000000,0.000000,0.050000,0.000000,8.000000,63.470000
1789078984.616904,0,0.000000,0.000000,1.000000,-0.050000,0.000000,0.000000,0.620000,1.000000,8.000000,63.470000
1789078984.617499,0,0.000000,0.000000,1.000000,-0.140000,0.000000,0.000000,0.620000,1.000000,8.000000,63.490000
1789078984.617912,0,0.000000,0.000000,1.000000,-0.100000,0.000000,0.000000,0.340000,1.000000,8.000000,63.500000
1789078984.643425,0,0.000000,0.000000,1.000000,-0.100000,0.000000,0.000000,0.620000,1.000000,8.000000,63.500000
1789078984.643931,0,0.000000,0.000000,1.000000,-0.050000,0.000000,0.000000,0.470000,1.000000,8.000000,63.520000
1789078984.668544,0,0.000000,0.000000,1.000000,-0.050000,0.000000,0.000000,0.340000,1.000000,8.000000,63.520000
1789078984.669054,0,0.000000,0.000000,1.000000,0.050000,0.000000,0.000000,0.620000,1.000000,8.000000,63.540000
1789078984.669478,0,0.000000,0.000000,1.000000,-0.100000,0.000000,0.000000,0.620000,1.000000,8.000000,63.540000
1789078984.692537,0,0.000000,0.000000,1.000000,-0.050000,0.000000,0.000000,0.760000,1.000000,8.000000,63.560000
1789078984.693038,0,0.000000,0.000000,1.000000,0.000000,0.000000,0.000000,0.620000,1.000000,8.000000,63.560000
1789078984.693460,0,0.000000,0.000000,1.000000,0.150000,0.000000,0.000000,0.180000,0.000000,8.000000,63.580000
1789078984.718609,0,0.000000,0.000000,1.000000,-0.050000,0.000000,0.000000,0.340000,1.000000,8.000000,63.590000
1789078984.719201,0,0.000000,0.000000,1.000000,0.100000,0.000000,0.000000,0.340000,1.000000,8.000000,63.590000
1789078984.742111,0,0.000000,0.000000,1.000000,0.010000,0.000000,0.000000,0.620000,1.000000,8.000000,63.610000
1789078984.742607,0,0.000000,0.000000,1.000000,0.100000,0.000000,0.000000,0.340000,1.000000,8.000000,63.610000
1789078984.743186,0,0.000000,0.000000,1.000000,0.000000,0.000000,0.000000,0.470000,1.000000,8.000000,63.630000
1789078984.766958,0,0.000000,0.000000,1.000000,-0.140000,0.000000,0.000000,0.340000,1.000000,8.000000,63.630000
1789078984.767589,0,0.000000,0.000000,1.000000,-0.050000,0.000000,0.000000,0.620000,1.000000,8.000000,63.650000
1789078984.789638,0,0.000000,0.000000,1.000000,0.050000,0.000000,0.000000,1.210000,1.000000,8.000000,63.650000
1789078984.790144,0,0.000000,0.000000,1.000000,-0.050000,0.000000,0.000000,0.470000,1.000000,8.000000,63.660000
1789078984.811515,0,0.000000,0.000000,1.000000,0.010000,0.000000,0.000000,0.180000,0.000000,8.000000,63.680000
1789078984.812008,0,0.000000,0.000000,1.000000,-0.050000,0.000000,0.000000,0.620000,1.000000,8.000000,63.680000
1789078984.812660,0,0.000000,0.000000,1.000000,0.100000,0.000000,0.000000,0.760000,1.000000,8.000000,63.700000
1789078984.835506,0,0.000000,0.000000,1.000000,-0.180000,0.000000,0.000000,0.620000,1.000000,8.000000,63.700000
1789078984.836110,0,0.000000,0.000000,1.000000,-0.140000,0.000000,0.000000,0.470000,1.000000,8.000000,63.720000
1789078984.857877,0,0.000000,0.000000,1.000000,0.000000,0.000000,0.000000,0.620000,1.000000,8.000000,63.720000
1789078984.858377,0,0.000000,0.000000,1.000000,0.000000,0.000000,0.000000,0.620000,1.000000,8.000000,63.740000
1789078984.881130,0,0.000000,0.000000,1.000000,-0.140000,0.000000,0.000000,0.470000,1.000000,8.000000,63.750000
1789078984.881627,0,0.000000,0.000000,1.000000,0.010000,0.000000,0.000000,0.620000,1.000000,8.000000,63.750000
1789078984.882046,0,0.000000,0.000000,1.000000,0.050000,0.000000,0.000000,0.470000,1.000000,8.000000,63.770000
1789078984.904214,0,0.000000,0.000000,1.000000,-0.050000,0.000000,0.000000,0.910000,1.000000,8.000000,63.770000
1789078984.926236,0,0.000000,0.000000,1.000000,0.000000,0.000000,0.000000,0.340000,1.000000,8.000000,63.790000
1789078984.926741,0,0.000000,0.000000,1.000000,0.000000,0.000000,0.000000,0.340000,1.000000,8.000000,63.790000
1789078984.927161,0,0.000000,0.000000,1.000000,0.050000,0.000000,0.000000,0.340000,1.000000,8.000000,63.810000
1789078984.949274,0,0.000000,0.000000,1.000000,-0.050000,0.000000,0.000000,0.340000,1.000000,8.000000,63.810000
1789078984.949816,0,0.000000,0.000000,1.000000,0.010000,0.000000,0.000000,0.340000,1.000000,8.000000,63.830000
1789078984.971738,0,0.000000,0.000000,1.000000,0.050000,0.000000,0.000000,0.760000,1.000000,8.000000,63.840000
1789078984.972244,0,0.000000,0.000000,1.000000,0.000000,0.000000,0.000000,0.620000,1.000000,8.000000,63.840000
1789078984.972838,0,0.000000,0.000000,1.000000,-0.050000,0.000000,0.000000,0.340000,1.000000,8.000000,63.860000
1789078984.993664,0,0.000000,0.000000,1.000000,0.050000,0.000000,0.000000,0.620000,1.000000,8.000000,63.860000
1789078984.994158,0,0.000000,0.000000,1.000000,-0.050000,0.000000,0.000000,1.500000,1.000000,8.000000,63.880000
1789078984.994723,0,0.000000,0.000000,1.000000,0.010000,0.000000,0.000000,0.340000,1.000000,8.000000,63.880000
1789078985.016100,0,0.000000,0.000000,1.000000,0.000000,0.000000,0.000000,0.760000,1.000000,8.000000,63.880000
1789078985.016806,0,0.000000,0.000000,1.000000,0.100000,0.000000,0.000000,0.620000,1.000000,8.000000,63.900000
1789078985.039231,0,0.000000,0.000000,1.000000,0.000000,0.000000,0.000000,0.470000,1.000000,8.000000,63.900000
1789078985.039796,0,0.000000,0.000000,1.000000,0.050000,0.000000,0.000000,0.760000,1.000000,8.000000,63.910000
1789078985.061361,0,0.000000,0.000000,1.000000,-0.050000,0.000000,0.000000,0.340000,1.000000,8.000000,63.930000
1789078985.061868,0,0.000000,0.000000,1.000000,0.050000,0.000000,0.000000,0.620000,1.000000,8.000000,63.930000
1789078985.086220,0,0.000000,0.000000,1.000000,0.000000,0.000000,0.000000,0.910000,1.000000,8.000000,63.950000
1789078985.086730,0,0.000000,0.000000,1.000000,0.000000,0.000000,0.000000,0.340000,1.000000,8.000000,63.950000
1789078985.108549,0,0.000000,0.000000,1.000000,-0.100000,0.000000,0.000000,0.760000,1.000000,8.000000,63.970000
1789078985.109102,0,0.000000,0.000000,1.000000,-0.050000,0.000000,0.000000,0.760000,1.000000,8.000000,63.970000
1789078985.109573,0,0.000000,0.000000,1.000000,0.000000,0.000000,0.000000,0.470000,1.000000,8.000000,63.990000
1789078985.131558,0,0.000000,0.000000,1.000000,0.010000,0.000000,0.000000,0.470000,1.000000,8.000000,64.000000
1789078985.132263,0,0.000000,0.000000,1.000000,0.010000,0.000000,0.000000,0.620000,1.000000,8.000000,64.010000
1789078985.133096,0,0.000000,0.000000,1.000000,-0.050000,0.000000,0.000000,0.340000,1.000000,8.000000,64.010000
1789078985.155010,0,0.000000,0.000000,1.000000,-0.140000,0.000000,0.000000,1.050000,1.000000,8.000000,64.020000
1789078985.155517,0,0.000000,0.000000,1.000000,-0.050000,0.000000,0.000000,0.340000,1.000000,8.000000,64.040000
1789078985.155941,0,0.000000,0.000000,1.000000,0.100000,0.000000,0.000000,0.620000,1.000000,8.000000,64.050000
1789078985.178593,0,0.000000,0.000000,1.000000,0.050000,0.000000,0.000000,0.340000,1.000000,8.000000,64.050000
1789078985.201305,0,0.000000,0.000000,1.000000,0.050000,0.000000,0.000000,0.620000,1.000000,8.000000,64.060000
1789078985.201829,0,0.000000,0.000000,1.000000,0.000000,0.000000,0.000000,0.470000,1.000000,8.000000,64.080000
1789078985.224097,0,0.000000,0.000000,1.000000,0.000000,0.000000,0.000000,0.620000,1.000000,8.000000,64.080000
1789078985.224572,0,0.000000,0.000000,1.000000,0.010000,0.000000,0.000000,0.340000,1.000000,8.000000,64.090000
1789078985.246043,0,0.000000,0.000000,1.000000,-0.140000,0.000000,0.000000,0.620000,1.000000,8.000000,64.110000
1789078985.246542,0,0.000000,0.000000,1.000000,0.010000,0.000000,0.000000,0.470000,1.000000,8.000000,64.120000
1789078985.246965,0,0.000000,0.000000,1.000000,0.050000,0.000000,0.000000,0.760000,1.000000,8.000000,64.120000
1789078985.247358,0,0.000000,0.000000,1.000000,-0.050000,0.000000,0.000000,0.470000,1.000000,8.000000,64.130000
1789078985.273481,0,0.000000,0.000000,1.000000,-0.360000,0.000000,0.000000,0.760000,1.000000,8.000000,64.150000
1789078985.295961,0,0.000000,0.000000,1.000000,-0.230000,0.000000,0.000000,0.620000,1.000000,8.000000,64.160000
1789078985.296506,0,0.000000,0.000000,1.000000,-0.050000,0.000000,0.000000,0.340000,1.000000,8.000000,64.160000
1789078985.297062,0,0.000000,0.000000,1.000000,0.000000,0.000000,0.000000,0.620000,1.000000,8.000000,64.180000
1789078985.319247,0,0.000000,0.000000,1.000000,0.010000,0.000000,0.000000,0.760000,1.000000,8.000000,64.190000
1789078985.319890,0,0.000000,0.000000,1.000000,-0.050000,0.000000,0.000000,0.180000,0.000000,8.000000,64.190000
1789078985.341641,0,0.000000,0.000000,1.000000,-0.140000,0.000000,0.000000,0.760000,1.000000,8.000000,64.200000
1789078985.342189,0,0.000000,0.000000,1.000000,0.050000,0.000000,0.000000,0.910000,1.000000,8.000000,64.220000
1789078985.364465,0,0.000000,0.000000,1.000000,0.100000,0.000000,0.000000,0.340000,1.000000,8.000000,64.230000
1789078985.364965,0,0.000000,0.000000,1.000000,0.050000,0.000000,0.000000,0.620000,1.000000,8.000000,64.230000
1789078985.365492,0,0.000000,0.000000,1.000000,0.100000,0.000000,0.000000,0.760000,1.000000,8.000000,64.250000
1789078985.387098,0,0.000000,0.000000,1.000000,0.000000,0.000000,0.000000,0.340000,1.000000,8.000000,64.260000
1789078985.387576,0,0.000000,0.000000,1.000000,0.050000,0.000000,0.000000,0.470000,1.000000,8.000000,64.260000
1789078985.408773,0,0.000000,0.000000,1.000000,0.000000,0.000000,0.000000,0.760000,1.000000,8.000000,64.270000
1789078985.409402,0,0.000000,0.000000,1.000000,-0.050000,0.000000,0.000000,1.210000,1.000000,8.000000,64.290000
1789078985.432729,0,0.000000,0.000000,1.000000,-0.140000,0.000000,0.000000,0.470000,1.000000,8.000000,64.300000
1789078985.433272,0,0.000000,0.000000,1.000000,0.000000,0.000000,0.000000,0.620000,1.000000,8.000000,64.300000
1789078985.455273,0,0.000000,0.000000,1.000000,0.050000,0.000000,0.000000,0.620000,1.000000,8.000000,64.310000
1789078985.455777,0,0.000000,0.000000,1.000000,0.000000,0.000000,0.000000,0.340000,1.000000,8.000000,64.330000
1789078985.477660,0,0.000000,0.000000,1.000000,0.010000,0.000000,0.000000,0.340000,1.000000,8.000000,64.330000
1789078985.478160,0,0.000000,0.000000,1.000000,0.050000,0.000000,0.000000,0.470000,1.000000,8.000000,64.340000
1789078985.478579,0,0.000000,0.000000,1.000000,0.000000,0.000000,0.000000,0.760000,1.000000,8.000000,64.360000
1789078985.501033,0,0.000000,0.000000,1.000000,0.000000,0.000000,0.000000,1.050000,1.000000,8.000000,64.370000
1789078985.501514,0,0.000000,0.000000,1.000000,-0.100000,0.000000,0.000000,0.620000,1.000000,8.000000,64.370000
1789078985.523328,0,0.000000,0.000000,1.000000,-0.050000,0.000000,0.000000,0.620000,1.000000,8.000000,64.380000
1789078985.523830,0,0.000000,0.000000,1.000000,0.050000,0.000000,0.000000,0.470000,1.000000,8.000000,64.400000
1789078985.547765,0,0.000000,0.000000,1.000000,-0.100000,0.000000,0.000000,0.470000,1.000000,8.000000,64.410000
1789078985.548262,0,0.000000,0.000000,1.000000,-0.100000,0.000000,0.000000,0.760000,1.000000,8.000000,64.410000
1789078985.548706,0,0.000000,0.000000,1.000000,0.010000,0.000000,0.000000,0.760000,1.000000,8.000000,64.430000
1789078985.570688,0,0.000000,0.000000,1.000000,-0.230000,0.000000,0.000000,0.760000,1.000000,8.000000,64.440000
1789078985.571192,0,0.000000,0.000000,1.000000,-0.100000,0.000000,0.000000,0.470000,1.000000,8.000000,64.440000
1789078985.592826,0,0.000000,0.000000,1.000000,0.100000,0.000000,0.000000,0.340000,1.000000,8.000000,64.450000
1789078985.593323,0,0.000000,0.000000,1.000000,0.100000,0.000000,0.000000,0.620000,1.000000,8.000000,64.470000
1789078985.616849,0,0.000000,0.000000,1.000000,0.500000,0.000000,0.000000,0.340000,1.000000,8.000000,64.480000
1789078985.617387,0,0.000000,0.000000,1.000000,-0.100000,0.000000,0.000000,0.340000,1.000000,8.000000,64.480000
1789078985.640973,0,0.000000,0.000000,1.000000,0.000000,0.000000,0.000000,0.470000,1.000000,8.000000,64.500000
1789078985.641539,0,0.000000,0.000000,1.000000,0.010000,0.000000,0.000000,0.470000,1.000000,8.000000,64.510000
1789078985.642196,0,0.000000,0.000000,1.000000,-0.050000,0.000000,0.000000,0.340000,1.000000,8.000000,64.520000
1789078985.666814,0,0.000000,0.000000,1.000000,-0.050000,0.000000,0.000000,0.620000,1.000000,8.000000,64.540000
1789078985.667722,0,0.000000,0.000000,1.000000,0.000000,0.000000,0.000000,0.760000,1.000000,8.000000,64.550000
1789078985.690492,0,0.000000,0.000000,1.000000,0.000000,0.000000,0.000000,0.470000,1.000000,8.000000,64.550000
1789078985.690988,0,0.000000,0.000000,1.000000,0.000000,0.000000,0.000000,0.340000,1.000000,8.000000,64.560000
1789078985.713715,0,0.000000,0.000000,1.000000,0.010000,0.000000,0.000000,0.340000,1.000000,8.000000,64.580000
1789078985.714317,0,0.000000,0.000000,1.000000,0.150000,0.000000,0.000000,0.910000,1.000000,8.000000,64.580000
1789078985.714728,0,0.000000,0.000000,1.000000,-0.180000,0.000000,0.000000,0.620000,1.000000,8.000000,64.590000
1789078985.736707,0,0.000000,0.000000,1.000000,0.010000,0.000000,0.000000,0.760000,1.000000,8.000000,64.610000
1789078985.737208,0,0.000000,0.000000,1.000000,0.050000,0.000000,0.000000,0.760000,1.000000,8.000000,64.620000
1789078985.759300,0,0.000000,0.000000,1.000000,0.050000,0.000000,0.000000,0.910000,1.000000,8.000000,64.620000
1789078985.759799,0,0.000000,0.000000,1.000000,0.010000,0.000000,0.000000,0.620000,1.000000,8.000000,64.630000
1789078985.760214,0,0.000000,0.000000,1.000000,0.000000,0.000000,0.000000,0.470000,1.000000,8.000000,64.650000
1789078985.783009,0,0.000000,0.000000,1.000000,0.050000,0.000000,0.000000,-0.340000,0.000000,8.000000,64.660000
1789078985.783848,0,0.000000,0.000000,1.000000,-0.050000,0.000000,0.000000,0.620000,1.000000,8.000000,64.660000
1789078985.806484,0,0.000000,0.000000,1.000000,0.010000,0.000000,0.000000,0.620000,1.000000,8.000000,64.680000
1789078985.807020,0,0.000000,0.000000,1.000000,-0.140000,0.000000,0.000000,0.340000,1.000000,8.000000,64.690000
1789078985.807763,0,0.000000,0.000000,1.000000,0.000000,0.000000,0.000000,0.340000,1.000000,8.000000,64.690000
1789078985.829449,0,0.000000,0.000000,1.000000,0.050000,0.000000,0.000000,0.620000,1.000000,8.000000,64.700000
1789078985.830068,0,0.000000,0.000000,1.000000,0.180000,0.000000,0.000000,0.470000,1.000000,8.000000,64.720000
1789078985.853589,0,0.000000,0.000000,1.000000,0.000000,0.000000,0.000000,0.340000,1.000000,8.000000,64.730000
1789078985.854097,0,0.000000,0.000000,1.000000,0.050000,0.000000,0.000000,0.620000,1.000000,8.000000,64.730000
1789078985.875385,0,0.000000,0.000000,1.000000,0.000000,0.000000,0.000000,0.620000,1.000000,8.000000,64.750000
1789078985.875852,0,0.000000,0.000000,1.000000,0.010000,0.000000,0.000000,0.910000,1.000000,8.000000,64.760000
1789078985.897200,0,0.000000,0.000000,1.000000,-0.140000,0.000000,0.000000,0.620000,1.000000,8.000000,64.760000
1789078985.897722,0,0.000000,0.000000,1.000000,0.000000,0.000000,0.000000,0.620000,1.000000,8.000000,64.770000
1789078985.920706,0,0.000000,0.000000,1.000000,0.050000,0.000000,0.000000,0.910000,1.000000,8.000000,64.790000
1789078985.921307,0,0.000000,0.000000,1.000000,-0.050000,0.000000,0.000000,-0.200000,0.000000,8.000000,64.800000
1789078985.943933,0,0.000000,0.000000,1.000000,-0.100000,0.000000,0.000000,0.470000,1.000000,8.000000,64.800000
1789078985.944433,0,0.000000,0.000000,1.000000,-0.180000,0.000000,0.000000,0.910000,1.000000,8.000000,64.810000
1789078985.945054,0,0.000000,0.000000,1.000000,0.100000,0.000000,0.000000,0.620000,1.000000,8.000000,64.830000
1789078985.967463,0,0.000000,0.000000,1.000000,0.000000,0.000000,0.000000,0.340000,1.000000,8.000000,64.830000
1789078985.968103,0,0.000000,0.000000,1.000000,0.010000,0.000000,0.000000,0.620000,1.000000,8.000000,64.840000
1789078985.988986,0,0.000000,0.000000,1.000000,0.000000,0.000000,0.000000,0.470000,1.000000,8.000000,64.860000
1789078985.989483,0,0.000000,0.000000,1.000000,0.000000,0.000000,0.000000,0.340000,1.000000,8.000000,64.870000
1789078986.031681,0,0.000000,0.000000,1.000000,-0.050000,0.000000,0.000000,0.910000,1.000000,8.000000,64.870000
1789078986.032255,0,0.000000,0.000000,1.000000,-0.100000,0.000000,0.000000,0.340000,1.000000,8.000000,64.880000
1789078986.032743,0,0.000000,0.000000,1.000000,0.000000,0.000000,0.000000,0.470000,1.000000,8.000000,64.900000
1789078986.033146,0,0.000000,0.000000,1.000000,0.050000,0.000000,0.000000,0.760000,1.000000,8.000000,64.910000
1789078986.033489,0,0.000000,0.000000,1.000000,0.050000,0.000000,0.000000,-0.470000,0.000000,8.000000,64.910000
1789078986.034009,0,0.000000,0.000000,1.000000,0.000000,0.000000,0.000000,0.470000,1.000000,8.000000,64.930000
1789078986.034411,0,0.000000,0.000000,1.000000,0.000000,0.000000,0.000000,0.470000,1.000000,8.000000,64.940000
1789078986.074675,0,0.000000,0.000000,1.000000,0.100000,0.000000,0.000000,0.180000,0.000000,8.000000,64.940000
1789078986.075275,0,0.000000,0.000000,1.000000,0.050000,0.000000,0.000000,0.620000,1.000000,8.000000,64.950000
1789078986.075677,0,0.000000,0.000000,1.000000,-0.100000,0.000000,0.000000,0.760000,1.000000,8.000000,64.970000
1789078986.076242,0,0.000000,0.000000,1.000000,0.050000,0.000000,0.000000,0.760000,1.000000,8.000000,64.980000
1789078986.098024,0,0.000000,0.000000,1.000000,0.010000,0.000000,0.000000,0.340000,1.000000,8.000000,64.980000
1789078986.120152,0,0.000000,0.000000,1.000000,0.050000,0.000000,0.000000,0.760000,1.000000,8.000000,65.000000
1789078986.120638,0,0.000000,0.000000,1.000000,-0.100000,0.000000,0.000000,0.620000,1.000000,8.000000,65.010000
1789078986.142508,0,0.000000,0.000000,1.000000,0.000000,0.000000,0.000000,0.340000,1.000000,8.000000,65.010000
1789078986.143003,0,0.000000,0.000000,1.000000,0.000000,0.000000,0.000000,0.470000,1.000000,8.000000,65.020000
1789078986.143571,0,0.000000,0.000000,1.000000,0.010000,0.000000,0.000000,0.620000,1.000000,8.000000,65.040000
1789078986.165217,0,0.000000,0.000000,1.000000,0.100000,0.000000,0.000000,0.620000,1.000000,8.000000,65.050000
1789078986.165934,0,0.000000,0.000000,1.000000,0.000000,0.000000,0.000000,0.050000,0.000000,8.000000,65.050000
1789078986.187610,0,0.000000,0.000000,1.000000,-0.100000,0.000000,0.000000,0.760000,1.000000,8.000000,65.060000
1789078986.188311,0,0.000000,0.000000,1.000000,0.150000,0.000000,0.000000,0.760000,1.000000,8.000000,65.080000
1789078986.208141,0,0.000000,0.000000,1.000000,-0.050000,0.000000,0.000000,0.760000,1.000000,8.000000,65.080000
1789078986.208829,0,0.000000,0.000000,1.000000,0.050000,0.000000,0.000000,0.340000,1.000000,8.000000,65.090000
1789078986.231225,0,0.000000,0.000000,1.000000,0.050000,0.000000,0.000000,0.470000,1.000000,8.000000,65.090000
1789078986.254070,0,0.000000,0.000000,1.000000,0.050000,0.000000,0.000000,-0.200000,0.000000,8.000000,65.120000
1789078986.254577,0,0.000000,0.000000,1.000000,0.050000,0.000000,0.000000,0.470000,1.000000,8.000000,65.120000
1789078986.277253,0,0.000000,0.000000,1.000000,0.010000,0.000000,0.000000,0.340000,1.000000,8.000000,65.130000
1789078986.277744,0,0.000000,0.000000,1.000000,-0.180000,0.000000,0.000000,0.180000,0.000000,8.000000,65.150000
1789078986.278142,0,0.000000,0.000000,1.000000,0.000000,0.000000,0.000000,0.620000,1.000000,8.000000,65.160000
1789078986.299883,0,0.000000,0.000000,1.000000,-0.050000,0.000000,0.000000,0.340000,1.000000,8.000000,65.160000
1789078986.300611,0,0.000000,0.000000,1.000000,-0.050000,0.000000,0.000000,0.470000,1.000000,8.000000,65.160000
1789078986.301050,0,0.000000,0.000000,1.000000,0.050000,0.000000,0.000000,0.470000,1.000000,8.000000,65.180000
1789078986.323034,0,0.000000,0.000000,1.000000,0.010000,0.000000,0.000000,0.470000,1.000000,8.000000,65.190000
1789078986.323535,0,0.000000,0.000000,1.000000,0.000000,0.000000,0.000000,0.620000,1.000000,8.000000,65.190000
1789078986.344664,0,0.000000,0.000000,1.000000,0.100000,0.000000,0.000000,0.620000,1.000000,8.000000,65.200000
1789078986.345173,0,0.000000,0.000000,1.000000,-0.050000,0.000000,0.000000,0.620000,1.000000,8.000000,65.220000
1789078986.345703,0,0.000000,0.000000,1.000000,-0.140000,0.000000,0.000000,0.470000,1.000000,8.000000,65.230000
1789078986.366488,0,0.000000,0.000000,1.000000,0.100000,0.000000,0.000000,0.760000,1.000000,8.000000,65.230000
1789078986.366998,0,0.000000,0.000000,1.000000,-0.050000,0.000000,0.000000,0.620000,1.000000,8.000000,65.250000
1789078986.388417,0,0.000000,0.000000,1.000000,-0.050000,0.000000,0.000000,0.620000,1.000000,8.000000,65.260000
1789078986.388919,0,0.000000,0.000000,1.000000,0.370000,0.000000,0.000000,0.620000,1.000000,8.000000,65.260000
1789078986.410420,0,0.000000,0.000000,1.000000,0.010000,0.000000,0.000000,0.050000,0.000000,8.000000,65.270000
1789078986.410922,0,0.000000,0.000000,1.000000,0.010000,0.000000,0.000000,0.470000,1.000000,8.000000,65.290000
1789078986.432036,0,0.000000,0.000000,1.000000,0.150000,0.000000,0.000000,0.620000,1.000000,8.000000,65.300000
1789078986.432662,0,0.000000,0.000000,1.000000,0.000000,0.000000,0.000000,0.470000,1.000000,8.000000,65.300000
1789078986.453730,0,0.000000,0.000000,1.000000,-0.140000,0.000000,0.000000,0.340000,1.000000,8.000000,65.310000
1789078986.454237,0,0.000000,0.000000,1.000000,-0.050000,0.000000,0.000000,0.760000,1.000000,8.000000,65.330000
1789078986.475455,0,0.000000,0.000000,1.000000,0.000000,0.000000,0.000000,0.760000,1.000000,8.000000,65.340000
1789078986.496201,0,0.000000,0.000000,1.000000,0.100000,0.000000,0.000000,0.760000,1.000000,8.000000,65.360000
1789078986.496886,0,0.000000,0.000000,1.000000,0.000000,0.000000,0.000000,0.620000,1.000000,8.000000,65.370000
1789078986.497365,0,0.000000,0.000000,1.000000,0.010000,0.000000,0.000000,0.620000,1.000000,8.000000,65.370000
1789078986.497989,0,0.000000,0.000000,1.000000,-0.360000,0.000000,0.000000,0.470000,1.000000,8.000000,65.380000
1789078986.521062,0,0.000000,0.000000,1.000000,0.000000,0.000000,0.000000,0.760000,1.000000,8.000000,65.400000
1789078986.521562,0,0.000000,0.000000,1.000000,0.050000,0.000000,0.000000,0.760000,1.000000,8.000000,65.410000
1789078986.544832,0,0.000000,0.000000,1.000000,0.010000,0.000000,0.000000,0.910000,1.000000,8.000000,65.410000
1789078986.545421,0,0.000000,0.000000,1.000000,0.010000,0.000000,0.000000,0.340000,1.000000,8.000000,65.410000
1789078986.568176,0,0.000000,0.000000,1.000000,0.010000,0.000000,0.000000,0.620000,1.000000,8.000000,65.430000
1789078986.568675,0,0.000000,0.000000,1.000000,0.010000,0.000000,0.000000,0.340000,1.000000,8.000000,65.440000
1789078986.591024,0,0.000000,0.000000,1.000000,0.010000,0.000000,0.000000,0.470000,1.000000,8.000000,65.440000
1789078986.591525,0,0.000000,0.000000,1.000000,0.100000,0.000000,0.000000,0.760000,1.000000,8.000000,65.450000
1789078986.591941,0,0.000000,0.000000,1.000000,-0.050000,0.000000,0.000000,0.470000,1.000000,8.000000,65.470000
1789078986.613650,0,0.000000,0.000000,1.000000,0.010000,0.000000,0.000000,0.620000,1.000000,8.000000,65.480000
1789078986.614261,0,0.000000,0.000000,1.000000,-0.050000,0.000000,0.000000,0.340000,1.000000,8.000000,65.480000
1789078986.637686,0,0.000000,0.000000,1.000000,0.100000,0.000000,0.000000,0.760000,1.000000,8.000000,65.500000
1789078986.638179,0,0.000000,0.000000,1.000000,0.000000,0.000000,0.000000,0.620000,1.000000,8.000000,65.510000
1789078986.638835,0,0.000000,0.000000,1.000000,0.000000,0.000000,0.000000,0.470000,1.000000,8.000000,65.510000
1789078986.660532,0,0.000000,0.000000,1.000000,0.010000,0.000000,0.000000,0.620000,1.000000,8.000000,65.520000
1789078986.661206,0,0.000000,0.000000,1.000000,-0.100000,0.000000,0.000000,0.760000,1.000000,8.000000,65.540000
1789078986.683199,0,0.000000,0.000000,1.000000,0.100000,0.000000,0.000000,0.620000,1.000000,8.000000,65.550000
1789078986.683917,0,0.000000,0.000000,1.000000,0.000000,0.000000,0.000000,0.340000,1.000000,8.000000,65.550000
1789078986.705795,0,0.000000,0.000000,1.000000,0.050000,0.000000,0.000000,0.620000,1.000000,8.000000,65.560000
1789078986.706292,0,0.000000,0.000000,1.000000,-0.140000,0.000000,0.000000,0.620000,1.000000,8.000000,65.580000
1789078986.706710,0,0.000000,0.000000,1.000000,-0.140000,0.000000,0.000000,0.620000,1.000000,8.000000,65.580000
1789078986.728069,0,0.000000,0.000000,1.000000,0.010000,0.000000,0.000000,0.760000,1.000000,8.000000,65.590000
1789078986.728609,0,0.000000,0.000000,1.000000,0.010000,0.000000,0.000000,0.470000,1.000000,8.000000,65.610000
1789078986.750976,0,0.000000,0.000000,1.000000,0.000000,0.000000,0.000000,1.050000,1.000000,8.000000,65.620000
1789078986.751622,0,0.000000,0.000000,1.000000,0.000000,0.000000,0.000000,0.620000,1.000000,8.000000,65.620000
1789078986.774158,0,0.000000,0.000000,1.000000,0.000000,0.000000,0.000000,0.620000,1.000000,8.000000,65.630000
1789078986.774832,0,0.000000,0.000000,1.000000,0.050000,0.000000,0.000000,0.760000,1.000000,8.000000,65.650000
1789078986.796039,0,0.000000,0.000000,1.000000,0.000000,0.000000,0.000000,0.760000,1.000000,8.000000,65.660000
1789078986.796661,0,0.000000,0.000000,1.000000,-0.180000,0.000000,0.000000,0.340000,1.000000,8.000000,65.660000
1789078986.797154,0,0.000000,0.000000,1.000000,0.010000,0.000000,0.000000,0.620000,1.000000,8.000000,65.680000
1789078986.818413,0,0.000000,0.000000,1.000000,0.010000,0.000000,0.000000,0.340000,1.000000,8.000000,65.690000
1789078986.819027,0,0.000000,0.000000,1.000000,-0.050000,0.000000,0.000000,0.620000,1.000000,8.000000,65.690000
1789078986.840323,0,0.000000,0.000000,1.000000,0.000000,0.000000,0.000000,0.470000,1.000000,8.000000,65.700000
1789078986.840823,0,0.000000,0.000000,1.000000,-0.050000,0.000000,0.000000,0.910000,1.000000,8.000000,65.720000
1789078986.841362,0,0.000000,0.000000,1.000000,0.000000,0.000000,0.000000,0.340000,1.000000,8.000000,65.730000
1789078986.862749,0,0.000000,0.000000,1.000000,0.000000,0.000000,0.000000,0.620000,1.000000,8.000000,65.730000
1789078986.884982,0,0.000000,0.000000,1.000000,0.050000,0.000000,0.000000,0.620000,1.000000,8.000000,65.750000
1789078986.885486,0,0.000000,0.000000,1.000000,0.010000,0.000000,0.000000,1.050000,1.000000,8.000000,65.760000
1789078986.886265,0,0.000000,0.000000,1.000000,-0.180000,0.000000,0.000000,0.470000,1.000000,8.000000,65.760000
1789078986.908514,0,0.000000,0.000000,1.000000,-0.050000,0.000000,0.000000,0.470000,1.000000,8.000000,65.770000
1789078986.909183,0,0.000000,0.000000,1.000000,0.050000,0.000000,0.000000,0.620000,1.000000,8.000000,65.790000
1789078986.931484,0,0.000000,0.000000,1.000000,0.180000,0.000000,0.000000,0.470000,1.000000,8.000000,65.800000
1789078986.932139,0,0.000000,0.000000,1.000000,0.000000,0.000000,0.000000,0.760000,1.000000,8.000000,65.800000
1789078986.953753,0,0.000000,0.000000,1.000000,-0.100000,0.000000,0.000000,0.470000,1.000000,8.000000,65.810000
1789078986.954252,0,0.000000,0.000000,1.000000,-0.050000,0.000000,0.000000,0.470000,1.000000,8.000000,65.830000
1789078986.975944,0,0.000000,0.000000,1.000000,0.000000,0.000000,0.000000,0.760000,1.000000,8.000000,65.830000
1789078986.976461,0,0.000000,0.000000,1.000000,-0.180000,0.000000,0.000000,0.340000,1.000000,8.000000,65.840000
1789078986.997838,0,0.000000,0.000000,1.000000,0.010000,0.000000,0.000000,0.620000,1.000000,8.000000,65.860000
1789078986.998405,0,0.000000,0.000000,1.000000,-0.140000,0.000000,0.000000,0.050000,0.000000,8.000000,65.870000
1789078986.999386,0,0.000000,0.000000,1.000000,0.000000,0.000000,0.000000,0.620000,1.000000,8.000000,65.870000
1789078987.021650,0,0.000000,0.000000,1.000000,0.050000,0.000000,0.000000,0.470000,1.000000,8.000000,65.880000
1789078987.022446,0,0.000000,0.000000,1.000000,0.150000,0.000000,0.000000,0.470000,1.000000,8.000000,65.910000
1789078987.043490,0,0.000000,0.000000,1.000000,0.000000,0.000000,0.000000,0.470000,1.000000,8.000000,65.910000
1789078987.043996,0,0.000000,0.000000,1.000000,0.100000,0.000000,0.000000,0.760000,1.000000,8.000000,65.910000
1789078987.044549,0,0.000000,0.000000,1.000000,0.000000,0.000000,0.000000,0.050000,0.000000,8.000000,65.940000
1789078987.066056,0,0.000000,0.000000,1.000000,-0.100000,0.000000,0.000000,0.470000,1.000000,8.000000,65.940000
1789078987.066619,0,0.000000,0.000000,1.000000,-0.100000,0.000000,0.000000,0.470000,1.000000,8.000000,65.950000
1789078987.088595,0,0.000000,0.000000,1.000000,-0.100000,0.000000,0.000000,0.340000,1.000000,8.000000,65.970000
1789078987.089357,0,0.000000,0.000000,1.000000,-0.100000,0.000000,0.000000,0.910000,1.000000,8.000000,65.980000
1789078987.111820,0,0.000000,0.000000,1.000000,-0.050000,0.000000,0.000000,0.180000,0.000000,8.000000,65.980000
1789078987.112493,0,0.000000,0.000000,1.000000,0.000000,0.000000,0.000000,0.910000,1.000000,8.000000,65.980000
1789078987.134869,0,0.000000,0.000000,1.000000,0.010000,0.000000,0.000000,0.340000,1.000000,8.000000,66.000000
1789078987.135373,0,0.000000,0.000000,1.000000,-0.050000,0.000000,0.000000,0.050000,0.000000,8.000000,66.010000
1789078987.157005,0,0.000000,0.000000,1.000000,0.000000,0.000000,0.000000,0.910000,1.000000,8.000000,66.010000
1789078987.157559,0,0.000000,0.000000,1.000000,0.000000,0.000000,0.000000,0.340000,1.000000,8.000000,66.020000
1789078987.158008,0,0.000000,0.000000,1.000000,-0.100000,0.000000,0.000000,0.470000,1.000000,8.000000,66.040000
1789078987.180164,0,0.000000,0.000000,1.000000,0.010000,0.000000,0.000000,0.620000,1.000000,8.000000,66.050000
1789078987.180665,0,0.000000,0.000000,1.000000,0.050000,0.000000,0.000000,0.620000,1.000000,8.000000,66.050000
1789078987.202395,0,0.000000,0.000000,1.000000,-0.100000,0.000000,0.000000,0.340000,1.000000,8.000000,66.060000
1789078987.202912,0,0.000000,0.000000,1.000000,-0.050000,0.000000,0.000000,0.180000,0.000000,8.000000,66.080000
1789078987.203336,0,0.000000,0.000000,1.000000,0.010000,0.000000,0.000000,0.340000,1.000000,8.000000,66.080000
1789078987.225174,0,0.000000,0.000000,1.000000,0.000000,0.000000,0.000000,0.910000,1.000000,8.000000,66.090000
1789078987.247143,0,0.000000,0.000000,1.000000,-0.140000,0.000000,0.000000,0.050000,0.000000,8.000000,66.110000
1789078987.247663,0,0.000000,0.000000,1.000000,-0.050000,0.000000,0.000000,0.340000,1.000000,8.000000,66.120000
1789078987.269928,0,0.000000,0.000000,1.000000,-0.100000,0.000000,0.000000,0.910000,1.000000,8.000000,66.120000
1789078987.270443,0,0.000000,0.000000,1.000000,0.010000,0.000000,0.000000,1.050000,1.000000,8.000000,66.130000
1789078987.270871,0,0.000000,0.000000,1.000000,0.010000,0.000000,0.000000,0.760000,1.000000,8.000000,66.160000
1789078987.292356,0,0.000000,0.000000,1.000000,0.010000,0.000000,0.000000,0.340000,1.000000,8.000000,66.160000
1789078987.292852,0,0.000000,0.000000,1.000000,-0.050000,0.000000,0.000000,0.760000,1.000000,8.000000,66.180000
1789078987.314894,0,0.000000,0.000000,1.000000,0.000000,0.000000,0.000000,0.340000,1.000000,8.000000,66.190000
1789078987.315403,0,0.000000,0.000000,1.000000,-0.140000,0.000000,0.000000,0.620000,1.000000,8.000000,66.190000
1789078987.337190,0,0.000000,0.000000,1.000000,0.280000,0.000000,0.000000,0.470000,1.000000,8.000000,66.200000
1789078987.337750,0,0.000000,0.000000,1.000000,0.100000,0.000000,0.000000,0.760000,1.000000,8.000000,66.220000
1789078987.338201,0,0.000000,0.000000,1.000000,0.050000,0.000000,0.000000,0.470000,1.000000,8.000000,66.230000
1789078987.361287,0,0.000000,0.000000,1.000000,0.100000,0.000000,0.000000,0.620000,1.000000,8.000000,66.230000
1789078987.361858,0,0.000000,0.000000,1.000000,-0.100000,0.000000,0.000000,0.620000,1.000000,8.000000,66.230000
1789078987.384380,0,0.000000,0.000000,1.000000,0.010000,0.000000,0.000000,0.470000,1.000000,8.000000,66.250000
1789078987.384891,0,0.000000,0.000000,1.000000,0.000000,0.000000,0.000000,0.340000,1.000000,8.000000,66.260000
1789078987.407266,0,0.000000,0.000000,1.000000,0.010000,0.000000,0.000000,0.340000,1.000000,8.000000,66.260000
1789078987.407764,0,0.000000,0.000000,1.000000,0.000000,0.000000,0.000000,-0.470000,0.000000,8.000000,66.270000
1789078987.408233,0,0.000000,0.000000,1.000000,0.010000,0.000000,0.000000,0.470000,1.000000,8.000000,66.290000
1789078987.429382,0,0.000000,0.000000,1.000000,0.050000,0.000000,0.000000,0.760000,1.000000,8.000000,66.300000
1789078987.429883,0,0.000000,0.000000,1.000000,-0.100000,0.000000,0.000000,0.340000,1.000000,8.000000,66.300000
1789078987.451971,0,0.000000,0.000000,1.000000,0.050000,0.000000,0.000000,0.180000,0.000000,8.000000,66.310000
1789078987.452490,0,0.000000,0.000000,1.000000,-0.790000,0.000000,0.000000,0.470000,1.000000,8.000000,66.330000
1789078987.475648,0,0.000000,0.000000,1.000000,0.010000,0.000000,0.000000,0.340000,1.000000,8.000000,66.330000
1789078987.476199,0,0.000000,0.000000,1.000000,-0.050000,0.000000,0.000000,0.910000,1.000000,8.000000,66.340000
1789078987.476610,0,0.000000,0.000000,1.000000,0.050000,0.000000,0.000000,0.340000,1.000000,8.000000,66.360000
1789078987.499111,0,0.000000,0.000000,1.000000,0.050000,0.000000,0.000000,0.760000,1.000000,8.000000,66.370000
1789078987.499676,0,0.000000,0.000000,1.000000,0.000000,0.000000,0.000000,0.470000,1.000000,8.000000,66.370000
1789078987.524647,0,0.000000,0.000000,1.000000,-0.050000,0.000000,0.000000,0.340000,1.000000,8.000000,66.380000
1789078987.525212,0,0.000000,0.000000,1.000000,0.010000,0.000000,0.000000,0.620000,1.000000,8.000000,66.400000
1789078987.525727,0,0.000000,0.000000,1.000000,-0.100000,0.000000,0.000000,0.470000,1.000000,8.000000,66.410000
1789078987.549117,0,0.000000,0.000000,1.000000,-0.100000,0.000000,0.000000,0.180000,0.000000,8.000000,66.410000
1789078987.549681,0,0.000000,0.000000,1.000000,-0.100000,0.000000,0.000000,0.340000,1.000000,8.000000,66.430000
1789078987.571319,0,0.000000,0.000000,1.000000,0.010000,0.000000,0.000000,0.760000,1.000000,8.000000,66.440000
1789078987.571828,0,0.000000,0.000000,1.000000,-0.100000,0.000000,0.000000,0.340000,1.000000,8.000000,66.440000
1789078987.594385,0,0.000000,0.000000,1.000000,0.010000,0.000000,0.000000,0.340000,1.000000,8.000000,66.450000
1789078987.594904,0,0.000000,0.000000,1.000000,-0.050000,0.000000,0.000000,0.340000,1.000000,8.000000,66.470000
1789078987.618274,0,0.000000,0.000000,1.000000,0.010000,0.000000,0.000000,0.470000,1.000000,8.000000,66.480000
1789078987.618847,0,0.000000,0.000000,1.000000,-0.050000,0.000000,0.000000,0.620000,1.000000,8.000000,66.480000
1789078987.641866,0,0.000000,0.000000,1.000000,-0.100000,0.000000,0.000000,0.340000,1.000000,8.000000,66.500000
1789078987.642369,0,0.000000,0.000000,1.000000,0.000000,0.000000,0.000000,0.620000,1.000000,8.000000,66.510000
1789078987.642784,0,0.000000,0.000000,1.000000,0.000000,0.000000,0.000000,0.620000,1.000000,8.000000,66.510000
1789078987.665932,0,0.000000,0.000000,1.000000,0.000000,0.000000,0.000000,0.620000,1.000000,8.000000,66.520000
1789078987.666661,0,0.000000,0.000000,1.000000,-0.140000,0.000000,0.000000,0.760000,1.000000,8.000000,66.540000
1789078987.667357,0,0.000000,0.000000,1.000000,0.000000,0.000000,0.000000,0.470000,1.000000,8.000000,66.550000
1789078987.691368,0,0.000000,0.000000,1.000000,0.050000,0.000000,0.000000,0.760000,1.000000,8.000000,66.550000
1789078987.691870,0,0.000000,0.000000,1.000000,0.000000,0.000000,0.000000,0.470000,1.000000,8.000000,66.560000
1789078987.692490,0,0.000000,0.000000,1.000000,0.000000,0.000000,0.000000,0.760000,1.000000,8.000000,66.580000
1789078987.715888,0,0.000000,0.000000,1.000000,0.100000,0.000000,0.000000,0.470000,1.000000,8.000000,66.580000
1789078987.716474,0,0.000000,0.000000,1.000000,-0.050000,0.000000,0.000000,0.760000,1.000000,8.000000,66.590000
1789078987.739754,0,0.000000,0.000000,1.000000,0.050000,0.000000,0.000000,0.760000,1.000000,8.000000,66.610000
1789078987.740260,0,0.000000,0.000000,1.000000,-0.100000,0.000000,0.000000,0.470000,1.000000,8.000000,66.620000
1789078987.763672,0,0.000000,0.000000,1.000000,-0.100000,0.000000,0.000000,0.340000,1.000000,8.000000,66.620000
1789078987.764377,0,0.000000,0.000000,1.000000,-0.270000,0.000000,0.000000,0.760000,1.000000,8.000000,66.630000
1789078987.764920,0,0.000000,0.000000,1.000000,0.000000,0.000000,0.000000,0.760000,1.000000,8.000000,66.650000
1789078987.788301,0,0.000000,0.000000,1.000000,0.000000,0.000000,0.000000,0.620000,1.000000,8.000000,66.660000
1789078987.788833,0,0.000000,0.000000,1.000000,0.050000,0.000000,0.000000,0.340000,1.000000,8.000000,66.660000
1789078987.789243,0,0.000000,0.000000,1.000000,-0.100000,0.000000,0.000000,0.340000,1.000000,8.000000,66.680000
1789078987.811374,0,0.000000,0.000000,1.000000,0.100000,0.000000,0.000000,0.340000,1.000000,8.000000,66.690000
1789078987.811872,0,0.000000,0.000000,1.000000,-0.140000,0.000000,0.000000,1.050000,1.000000,8.000000,66.690000
1789078987.834472,0,0.000000,0.000000,1.000000,0.010000,0.000000,0.000000,-0.070000,0.000000,8.000000,66.700000
1789078987.856744,0,0.000000,0.000000,1.000000,0.050000,0.000000,0.000000,0.620000,1.000000,8.000000,66.720000
1789078987.857245,0,0.000000,0.000000,1.000000,-0.100000,0.000000,0.000000,0.760000,1.000000,8.000000,66.730000
1789078987.857780,0,0.000000,0.000000,1.000000,0.230000,0.000000,0.000000,0.620000,1.000000,8.000000,66.730000
1789078987.880410,0,0.000000,0.000000,1.000000,0.010000,0.000000,0.000000,0.470000,1.000000,8.000000,66.750000
1789078987.880899,0,0.000000,0.000000,1.000000,0.100000,0.000000,0.000000,0.340000,1.000000,8.000000,66.760000
1789078987.904130,0,0.000000,0.000000,1.000000,-0.230000,0.000000,0.000000,0.620000,1.000000,8.000000,66.760000
1789078987.904631,0,0.000000,0.000000,1.000000,0.050000,0.000000,0.000000,0.470000,1.000000,8.000000,66.770000
1789078987.928018,0,0.000000,0.000000,1.000000,-0.050000,0.000000,0.000000,0.760000,1.000000,8.000000,66.790000
1789078987.928605,0,0.000000,0.000000,1.000000,-0.100000,0.000000,0.000000,0.760000,1.000000,8.000000,66.800000
1789078987.952163,0,0.000000,0.000000,1.000000,-0.180000,0.000000,0.000000,0.620000,1.000000,8.000000,66.800000
1789078987.952722,0,0.000000,0.000000,1.000000,0.000000,0.000000,0.000000,0.340000,1.000000,8.000000,66.810000
1789078987.953241,0,0.000000,0.000000,1.000000,-0.050000,0.000000,0.000000,0.470000,1.000000,8.000000,66.830000
1789078987.976605,0,0.000000,0.000000,1.000000,0.230000,0.000000,0.000000,0.760000,1.000000,8.000000,66.830000
1789078987.977233,0,0.000000,0.000000,1.000000,0.010000,0.000000,0.000000,1.210000,1.000000,8.000000,66.840000
1789078987.977657,0,0.000000,0.000000,1.000000,0.000000,0.000000,0.000000,1.050000,1.000000,8.000000,66.860000
1789078988.001533,0,0.000000,0.000000,1.000000,0.000000,0.000000,0.000000,0.620000,1.000000,8.000000,66.870000
1789078988.024815,0,0.000000,0.000000,1.000000,-0.100000,0.000000,0.000000,0.470000,1.000000,8.000000,66.870000
1789078988.025324,0,0.000000,0.000000,1.000000,-0.140000,0.000000,0.000000,0.340000,1.000000,8.000000,66.880000
1789078988.025750,0,0.000000,0.000000,1.000000,0.000000,0.000000,0.000000,0.470000,1.000000,8.000000,66.900000
1789078988.048164,0,0.000000,0.000000,1.000000,0.000000,0.000000,0.000000,0.340000,1.000000,8.000000,66.910000
1789078988.048704,0,0.000000,0.000000,1.000000,-0.050000,0.000000,0.000000,0.620000,1.000000,8.000000,66.910000
1789078988.049119,0,0.000000,0.000000,1.000000,0.010000,0.000000,0.000000,0.620000,1.000000,8.000000,66.930000
1789078988.072397,0,0.000000,0.000000,1.000000,-0.100000,0.000000,0.000000,0.760000,1.000000,8.000000,66.940000
1789078988.095890,0,0.000000,0.000000,1.000000,0.100000,0.000000,0.000000,0.620000,1.000000,8.000000,66.940000
1789078988.096392,0,0.000000,0.000000,1.000000,0.010000,0.000000,0.000000,0.760000,1.000000,8.000000,66.950000
1789078988.096925,0,0.000000,0.000000,1.000000,0.000000,0.000000,0.000000,0.340000,1.000000,8.000000,66.970000
1789078988.097391,0,0.000000,0.000000,1.000000,0.100000,0.000000,0.000000,0.760000,1.000000,8.000000,66.980000
1789078988.120574,0,0.000000,0.000000,1.000000,0.000000,0.000000,0.000000,0.340000,1.000000,8.000000,66.980000
1789078988.121076,0,0.000000,0.000000,1.000000,0.010000,0.000000,0.000000,0.340000,1.000000,8.000000,67.000000
1789078988.121491,0,0.000000,0.000000,1.000000,0.100000,0.000000,0.000000,0.760000,1.000000,8.000000,67.010000
1789078988.144469,0,0.000000,0.000000,1.000000,-0.140000,0.000000,0.000000,0.470000,1.000000,8.000000,67.010000
1789078988.168194,0,0.000000,0.000000,1.000000,0.050000,0.000000,0.000000,0.760000,1.000000,8.000000,67.020000
1789078988.168729,0,0.000000,0.000000,1.000000,0.000000,0.000000,0.000000,0.340000,1.000000,8.000000,67.040000
1789078988.169180,0,0.000000,0.000000,1.000000,0.000000,0.000000,0.000000,0.620000,1.000000,8.000000,67.050000
1789078988.192341,0,0.000000,0.000000,1.000000,0.010000,0.000000,0.000000,0.340000,1.000000,8.000000,67.050000
1789078988.192842,0,0.000000,0.000000,1.000000,0.000000,0.000000,0.000000,0.340000,1.000000,8.000000,67.060000
1789078988.193368,0,0.000000,0.000000,1.000000,0.180000,0.000000,0.000000,0.340000,1.000000,8.000000,67.080000
1789078988.216203,0,0.000000,0.000000,1.000000,-0.180000,0.000000,0.000000,0.470000,1.000000,8.000000,67.080000
1789078988.216682,0,0.000000,0.000000,1.000000,0.000000,0.000000,0.000000,1.210000,1.000000,8.000000,67.090000
1789078988.239231,0,0.000000,0.000000,1.000000,0.050000,0.000000,0.000000,0.340000,1.000000,8.000000,67.110000
1789078988.239769,0,0.000000,0.000000,1.000000,0.050000,0.000000,0.000000,0.470000,1.000000,8.000000,67.120000
1789078988.240150,0,0.000000,0.000000,1.000000,0.000000,0.000000,0.000000,0.340000,1.000000,8.000000,67.120000
1789078988.262811,0,0.000000,0.000000,1.000000,-0.050000,0.000000,0.000000,0.760000,1.000000,8.000000,67.130000
1789078988.263329,0,0.000000,0.000000,1.000000,0.050000,0.000000,0.000000,0.340000,1.000000,8.000000,67.150000
1789078988.286206,0,0.000000,0.000000,1.000000,0.100000,0.000000,0.000000,0.620000,1.000000,8.000000,67.160000
1789078988.286719,0,0.000000,0.000000,1.000000,0.000000,0.000000,0.000000,0.470000,1.000000,8.000000,67.160000
1789078988.287140,0,0.000000,0.000000,1.000000,0.050000,0.000000,0.000000,0.760000,1.000000,8.000000,67.180000
1789078988.309317,0,0.000000,0.000000,1.000000,0.010000,0.000000,0.000000,0.470000,1.000000,8.000000,67.190000
1789078988.309816,0,0.000000,0.000000,1.000000,-0.180000,0.000000,0.000000,0.470000,1.000000,8.000000,67.190000
1789078988.332914,0,0.000000,0.000000,1.000000,-0.050000,0.000000,0.000000,0.180000,0.000000,8.000000,67.200000
1789078988.333432,0,0.000000,0.000000,1.000000,-0.050000,0.000000,0.000000,0.470000,1.000000,8.000000,67.220000
1789078988.355961,0,0.000000,0.000000,1.000000,0.100000,0.000000,0.000000,0.620000,1.000000,8.000000,67.230000
1789078988.356503,0,0.000000,0.000000,1.000000,0.010000,0.000000,0.000000,0.340000,1.000000,8.000000,67.230000
1789078988.379560,0,0.000000,0.000000,1.000000,-0.050000,0.000000,0.000000,0.620000,1.000000,8.000000,67.250000
1789078988.380164,0,0.000000,0.000000,1.000000,0.000000,0.000000,0.000000,0.470000,1.000000,8.000000,67.260000
1789078988.403335,0,0.000000,0.000000,1.000000,-0.050000,0.000000,0.000000,0.470000,1.000000,8.000000,67.260000
1789078988.403845,0,0.000000,0.000000,1.000000,-0.050000,0.000000,0.000000,0.620000,1.000000,8.000000,67.270000
1789078988.425792,0,0.000000,0.000000,1.000000,0.400000,0.000000,0.000000,0.620000,1.000000,8.000000,67.290000
1789078988.426291,0,0.000000,0.000000,1.000000,0.000000,0.000000,0.000000,0.760000,1.000000,8.000000,67.300000
1789078988.426828,0,0.000000,0.000000,1.000000,-0.100000,0.000000,0.000000,0.470000,1.000000,8.000000,67.300000
1789078988.449830,0,0.000000,0.000000,1.000000,0.050000,0.000000,0.000000,0.760000,1.000000,8.000000,67.310000
1789078988.450404,0,0.000000,0.000000,1.000000,0.000000,0.000000,0.000000,0.910000,1.000000,8.000000,67.330000
1789078988.473150,0,0.000000,0.000000,1.000000,0.010000,0.000000,0.000000,0.340000,1.000000,8.000000,67.330000
1789078988.473664,0,0.000000,0.000000,1.000000,0.000000,0.000000,0.000000,0.470000,1.000000,8.000000,67.340000
1789078988.497170,0,0.000000,0.000000,1.000000,-0.430000,0.000000,0.000000,0.910000,1.000000,8.000000,67.360000
1789078988.522001,0,0.000000,0.000000,1.000000,0.050000,0.000000,0.000000,0.910000,1.000000,8.000000,67.370000
1789078988.522534,0,0.000000,0.000000,1.000000,-0.050000,0.000000,0.000000,0.470000,1.000000,8.000000,67.370000
1789078988.522940,0,0.000000,0.000000,1.000000,0.050000,0.000000,0.000000,0.910000,1.000000,8.000000,67.380000
1789078988.523440,0,0.000000,0.000000,1.000000,-0.100000,0.000000,0.000000,0.470000,1.000000,8.000000,67.400000
1789078988.523813,0,0.000000,0.000000,1.000000,0.000000,0.000000,0.000000,1.050000,1.000000,8.000000,67.410000
1789078988.546497,0,0.000000,0.000000,1.000000,0.000000,0.000000,0.000000,0.620000,1.000000,8.000000,67.410000
1789078988.569638,0,0.000000,0.000000,1.000000,-0.050000,0.000000,0.000000,0.760000,1.000000,8.000000,67.430000
1789078988.570148,0,0.000000,0.000000,1.000000,0.050000,0.000000,0.000000,0.340000,1.000000,8.000000,67.440000
1789078988.570574,0,0.000000,0.000000,1.000000,0.010000,0.000000,0.000000,0.910000,1.000000,8.000000,67.440000
1789078988.593391,0,0.000000,0.000000,1.000000,0.000000,0.000000,0.000000,0.470000,1.000000,8.000000,67.450000
1789078988.593988,0,0.000000,0.000000,1.000000,0.000000,0.000000,0.000000,1.050000,1.000000,8.000000,67.470000
1789078988.594399,0,0.000000,0.000000,1.000000,-0.050000,0.000000,0.000000,0.620000,1.000000,8.000000,67.480000
1789078988.618495,0,0.000000,0.000000,1.000000,-0.180000,0.000000,0.000000,0.470000,1.000000,8.000000,67.480000
1789078988.619063,0,0.000000,0.000000,1.000000,0.000000,0.000000,0.000000,0.470000,1.000000,8.000000,67.500000
1789078988.619534,0,0.000000,0.000000,1.000000,0.010000,0.000000,0.000000,0.620000,1.000000,8.000000,67.510000
1789078988.642471,0,0.000000,0.000000,1.000000,0.000000,0.000000,0.000000,0.470000,1.000000,8.000000,67.510000
1789078988.643118,0,0.000000,0.000000,1.000000,-0.140000,0.000000,0.000000,0.620000,1.000000,8.000000,67.520000
1789078988.666793,0,0.000000,0.000000,1.000000,0.000000,0.000000,0.000000,0.760000,1.000000,8.000000,67.540000
1789078988.667362,0,0.000000,0.000000,1.000000,-0.050000,0.000000,0.000000,0.470000,1.000000,8.000000,67.550000
1789078988.689945,0,0.000000,0.000000,1.000000,-0.140000,0.000000,0.000000,0.760000,1.000000,8.000000,67.550000
1789078988.690436,0,0.000000,0.000000,1.000000,0.050000,0.000000,0.000000,0.620000,1.000000,8.000000,67.550000
1789078988.690967,0,0.000000,0.000000,1.000000,-0.050000,0.000000,0.000000,0.620000,1.000000,8.000000,67.560000
1789078988.713303,0,0.000000,0.000000,1.000000,0.000000,0.000000,0.000000,0.620000,1.000000,8.000000,67.580000
1789078988.713800,0,0.000000,0.000000,1.000000,-0.100000,0.000000,0.000000,1.210000,1.000000,8.000000,67.580000
1789078988.736627,0,0.000000,0.000000,1.000000,-0.100000,0.000000,0.000000,0.760000,1.000000,8.000000,67.590000
1789078988.737129,0,0.000000,0.000000,1.000000,-0.140000,0.000000,0.000000,0.340000,1.000000,8.000000,67.610000
1789078988.760149,0,0.000000,0.000000,1.000000,0.000000,0.000000,0.000000,0.340000,1.000000,8.000000,67.620000
1789078988.760650,0,0.000000,0.000000,1.000000,0.000000,0.000000,0.000000,0.760000,1.000000,8.000000,67.620000
1789078988.782702,0,0.000000,0.000000,1.000000,0.100000,0.000000,0.000000,0.470000,1.000000,8.000000,67.630000
1789078988.783242,0,0.000000,0.000000,1.000000,-0.050000,0.000000,0.000000,0.620000,1.000000,8.000000,67.650000
1789078988.783655,0,0.000000,0.000000,1.000000,0.010000,0.000000,0.000000,0.470000,1.000000,8.000000,67.660000
1789078988.807266,0,0.000000,0.000000,1.000000,0.180000,0.000000,0.000000,0.910000,1.000000,8.000000,67.660000
1789078988.807823,0,0.000000,0.000000,1.000000,0.050000,0.000000,0.000000,0.470000,1.000000,8.000000,67.680000
1789078988.808528,0,0.000000,0.000000,1.000000,0.050000,0.000000,0.000000,0.620000,1.000000,8.000000,67.690000
1789078988.830324,0,0.000000,0.000000,1.000000,-0.050000,0.000000,0.000000,0.620000,1.000000,8.000000,67.690000
1789078988.830830,0,0.000000,0.000000,1.000000,0.010000,0.000000,0.000000,0.180000,0.000000,8.000000,67.700000
1789078988.831380,0,0.000000,0.000000,1.000000,0.000000,0.000000,0.000000,0.620000,1.000000,8.000000,67.720000
1789078988.853976,0,0.000000,0.000000,1.000000,0.000000,0.000000,0.000000,0.340000,1.000000,8.000000,67.730000
1789078988.854481,0,0.000000,0.000000,1.000000,0.010000,0.000000,0.000000,0.910000,1.000000,8.000000,67.730000
1789078988.877002,0,0.000000,0.000000,1.000000,-0.100000,0.000000,0.000000,0.470000,1.000000,8.000000,67.750000
1789078988.877505,0,0.000000,0.000000,1.000000,0.000000,0.000000,0.000000,0.760000,1.000000,8.000000,67.760000
1789078988.900142,0,0.000000,0.000000,1.000000,0.000000,0.000000,0.000000,0.620000,1.000000,8.000000,67.760000
1789078988.900839,0,0.000000,0.000000,1.000000,-0.050000,0.000000,0.000000,0.470000,1.000000,8.000000,67.770000
1789078988.923723,0,0.000000,0.000000,1.000000,0.010000,0.000000,0.000000,0.340000,1.000000,8.000000,67.790000
1789078988.924334,0,0.000000,0.000000,1.000000,-0.100000,0.000000,0.000000,0.620000,1.000000,8.000000,67.800000
1789078988.924746,0,0.000000,0.000000,1.000000,0.150000,0.000000,0.000000,0.340000,1.000000,8.000000,67.800000
1789078988.947784,0,0.000000,0.000000,1.000000,0.000000,0.000000,0.000000,0.180000,0.000000,8.000000,67.810000
1789078988.970317,0,0.000000,0.000000,1.000000,0.010000,0.000000,0.000000,0.180000,0.000000,8.000000,67.830000
1789078988.970824,0,0.000000,0.000000,1.000000,0.000000,0.000000,0.000000,0.620000,1.000000,8.000000,67.830000
1789078988.971396,0,0.000000,0.000000,1.000000,0.010000,0.000000,0.000000,0.760000,1.000000,8.000000,67.840000
1789078988.993438,0,0.000000,0.000000,1.000000,0.100000,0.000000,0.000000,0.910000,1.000000,8.000000,67.860000
1789078989.016104,0,0.000000,0.000000,1.000000,0.000000,0.000000,0.000000,0.760000,1.000000,8.000000,67.870000
1789078989.016692,0,0.000000,0.000000,1.000000,0.050000,0.000000,0.000000,0.180000,0.000000,8.000000,67.870000
1789078989.017170,0,0.000000,0.000000,1.000000,0.010000,0.000000,0.000000,0.760000,1.000000,8.000000,67.880000
1789078989.039971,0,0.000000,0.000000,1.000000,-0.050000,0.000000,0.000000,0.470000,1.000000,8.000000,67.910000
1789078989.040577,0,0.000000,0.000000,1.000000,0.010000,0.000000,0.000000,0.620000,1.000000,8.000000,67.910000
1789078989.062819,0,0.000000,0.000000,1.000000,0.000000,0.000000,0.000000,0.760000,1.000000,8.000000,67.930000
1789078989.063322,0,0.000000,0.000000,1.000000,0.000000,0.000000,0.000000,0.470000,1.000000,8.000000,67.940000
1789078989.085971,0,0.000000,0.000000,1.000000,0.000000,0.000000,0.000000,0.620000,1.000000,8.000000,67.940000
1789078989.086482,0,0.000000,0.000000,1.000000,0.000000,0.000000,0.000000,0.910000,1.000000,8.000000,67.950000
1789078989.086846,0,0.000000,0.000000,1.000000,0.000000,0.000000,0.000000,0.910000,1.000000,8.000000,67.970000
1789078989.108483,0,0.000000,0.000000,1.000000,-0.100000,0.000000,0.000000,0.470000,1.000000,8.000000,67.980000
1789078989.108982,0,0.000000,0.000000,1.000000,0.100000,0.000000,0.000000,0.760000,1.000000,8.000000,67.980000
1789078989.132267,0,0.000000,0.000000,1.000000,0.050000,0.000000,0.000000,0.470000,1.000000,8.000000,68.000000
1789078989.133000,0,0.000000,0.000000,1.000000,0.050000,0.000000,0.000000,0.620000,1.000000,8.000000,68.010000
1789078989.156219,0,0.000000,0.000000,1.000000,-0.050000,0.000000,0.000000,0.340000,1.000000,8.000000,68.010000
1789078989.156721,0,0.000000,0.000000,1.000000,0.010000,0.000000,0.000000,0.620000,1.000000,8.000000,68.020000
1789078989.157143,0,0.000000,0.000000,1.000000,-0.050000,0.000000,0.000000,0.620000,1.000000,8.000000,68.040000
1789078989.157541,0,0.000000,0.000000,1.000000,0.000000,0.000000,0.000000,0.620000,1.000000,8.000000,68.050000
1789078989.198381,0,0.000000,0.000000,1.000000,-0.050000,0.000000,0.000000,0.340000,1.000000,8.000000,68.050000
1789078989.198896,0,0.000000,0.000000,1.000000,-0.050000,0.000000,0.000000,0.180000,0.000000,8.000000,68.060000
1789078989.199414,0,0.000000,0.000000,1.000000,0.000000,0.000000,0.000000,0.340000,1.000000,8.000000,68.080000
1789078989.199860,0,0.000000,0.000000,1.000000,-0.050000,0.000000,0.000000,0.620000,1.000000,8.000000,68.080000
1789078989.200215,0,0.000000,0.000000,1.000000,-0.050000,0.000000,0.000000,0.340000,1.000000,8.000000,68.090000
1789078989.240955,0,0.000000,0.000000,1.000000,0.000000,0.000000,0.000000,0.620000,1.000000,8.000000,68.110000
1789078989.241449,0,0.000000,0.000000,1.000000,0.100000,0.000000,0.000000,0.470000,1.000000,8.000000,68.120000
1789078989.242034,0,0.000000,0.000000,1.000000,-0.050000,0.000000,0.000000,0.470000,1.000000,8.000000,68.120000
1789078989.242443,0,0.000000,0.000000,1.000000,0.000000,0.000000,0.000000,0.620000,1.000000,8.000000,68.130000
1789078989.285449,0,0.000000,0.000000,1.000000,-0.430000,0.000000,0.000000,0.470000,1.000000,8.000000,68.150000
1789078989.286245,0,0.000000,0.000000,1.000000,0.050000,0.000000,0.000000,0.340000,1.000000,8.000000,68.160000
1789078989.286710,0,0.000000,0.000000,1.000000,0.010000,0.000000,0.000000,0.620000,1.000000,8.000000,68.160000
1789078989.287113,0,0.000000,0.000000,1.000000,0.010000,0.000000,0.000000,0.340000,1.000000,8.000000,68.180000
1789078989.287683,0,0.000000,0.000000,1.000000,0.000000,0.000000,0.000000,0.620000,1.000000,8.000000,68.190000
1789078989.332160,0,0.000000,0.000000,1.000000,0.010000,0.000000,0.000000,0.180000,0.000000,8.000000,68.190000
1789078989.332836,0,0.000000,0.000000,1.000000,0.050000,0.000000,0.000000,0.470000,1.000000,8.000000,68.200000
1789078989.333262,0,0.000000,0.000000,1.000000,0.230000,0.000000,0.000000,0.760000,1.000000,8.000000,68.220000
1789078989.333882,0,0.000000,0.000000,1.000000,-0.050000,0.000000,0.000000,0.470000,1.000000,8.000000,68.230000
1789078989.334381,0,0.000000,0.000000,1.000000,-0.050000,0.000000,0.000000,0.620000,1.000000,8.000000,68.230000
1789078989.377618,0,0.000000,0.000000,1.000000,0.000000,0.000000,0.000000,0.470000,1.000000,8.000000,68.250000
1789078989.378484,0,0.000000,0.000000,1.000000,0.000000,0.000000,0.000000,0.620000,1.000000,8.000000,68.260000
1789078989.379156,0,0.000000,0.000000,1.000000,-0.140000,0.000000,0.000000,0.620000,1.000000,8.000000,68.260000
1789078989.403389,0,0.000000,0.000000,1.000000,0.010000,0.000000,0.000000,0.620000,1.000000,8.000000,68.270000
1789078989.403883,0,0.000000,0.000000,1.000000,0.000000,0.000000,0.000000,0.340000,1.000000,8.000000,68.290000
1789078989.427941,0,0.000000,0.000000,1.000000,-0.140000,0.000000,0.000000,0.760000,1.000000,8.000000,68.300000
1789078989.428442,0,0.000000,0.000000,1.000000,-0.050000,0.000000,0.000000,0.620000,1.000000,8.000000,68.300000
1789078989.454421,0,0.000000,0.000000,1.000000,0.100000,0.000000,0.000000,0.910000,1.000000,8.000000,68.310000
1789078989.455051,0,0.000000,0.000000,1.000000,0.010000,0.000000,0.000000,0.470000,1.000000,8.000000,68.330000
1789078989.476986,0,0.000000,0.000000,1.000000,0.010000,0.000000,0.000000,0.470000,1.000000,8.000000,68.330000
1789078989.477480,0,0.000000,0.000000,1.000000,0.000000,0.000000,0.000000,0.910000,1.000000,8.000000,68.340000
1789078989.478006,0,0.000000,0.000000,1.000000,0.000000,0.000000,0.000000,0.760000,1.000000,8.000000,68.360000
1789078989.501711,0,0.000000,0.000000,1.000000,0.000000,0.000000,0.000000,0.760000,1.000000,8.000000,68.370000
1789078989.526830,0,0.000000,0.000000,1.000000,-0.050000,0.000000,0.000000,0.340000,1.000000,8.000000,68.370000
1789078989.527371,0,0.000000,0.000000,1.000000,0.050000,0.000000,0.000000,0.620000,1.000000,8.000000,68.380000
1789078989.527806,0,0.000000,0.000000,1.000000,0.100000,0.000000,0.000000,0.470000,1.000000,8.000000,68.400000
1789078989.528414,0,0.000000,0.000000,1.000000,0.150000,0.000000,0.000000,0.620000,1.000000,8.000000,68.410000
1789078989.550782,0,0.000000,0.000000,1.000000,-0.140000,0.000000,0.000000,0.910000,1.000000,8.000000,68.410000
1789078989.551290,0,0.000000,0.000000,1.000000,0.050000,0.000000,0.000000,0.620000,1.000000,8.000000,68.430000
1789078989.551815,0,0.000000,0.000000,1.000000,0.010000,0.000000,0.000000,0.340000,1.000000,8.000000,68.440000
1789078989.574001,0,0.000000,0.000000,1.000000,0.010000,0.000000,0.000000,0.470000,1.000000,8.000000,68.440000
1789078989.574504,0,0.000000,0.000000,1.000000,-0.050000,0.000000,0.000000,0.340000,1.000000,8.000000,68.450000
1789078989.597898,0,0.000000,0.000000,1.000000,-0.180000,0.000000,0.000000,0.470000,1.000000,8.000000,68.470000
1789078989.621655,0,0.000000,0.000000,1.000000,0.000000,0.000000,0.000000,0.180000,0.000000,8.000000,68.480000
1789078989.622158,0,0.000000,0.000000,1.000000,0.050000,0.000000,0.000000,0.180000,0.000000,8.000000,68.480000
1789078989.622577,0,0.000000,0.000000,1.000000,0.000000,0.000000,0.000000,0.340000,1.000000,8.000000,68.500000
1789078989.622965,0,0.000000,0.000000,1.000000,0.010000,0.000000,0.000000,0.470000,1.000000,8.000000,68.510000
1789078989.646112,0,0.000000,0.000000,1.000000,0.100000,0.000000,0.000000,0.340000,1.000000,8.000000,68.510000
1789078989.646675,0,0.000000,0.000000,1.000000,-0.050000,0.000000,0.000000,0.620000,1.000000,8.000000,68.520000
1789078989.647208,0,0.000000,0.000000,1.000000,0.050000,0.000000,0.000000,0.620000,1.000000,8.000000,68.540000
1789078989.670485,0,0.000000,0.000000,1.000000,0.000000,0.000000,0.000000,0.340000,1.000000,8.000000,68.550000
1789078989.671110,0,0.000000,0.000000,1.000000,-0.050000,0.000000,0.000000,0.620000,1.000000,8.000000,68.550000
1789078989.694144,0,0.000000,0.000000,1.000000,0.000000,0.000000,0.000000,0.470000,1.000000,8.000000,68.560000
1789078989.694649,0,0.000000,0.000000,1.000000,0.000000,0.000000,0.000000,0.620000,1.000000,8.000000,68.580000
1789078989.718971,0,0.000000,0.000000,1.000000,0.100000,0.000000,0.000000,0.620000,1.000000,8.000000,68.580000
1789078989.719466,0,0.000000,0.000000,1.000000,0.010000,0.000000,0.000000,0.470000,1.000000,8.000000,68.590000
1789078989.742968,0,0.000000,0.000000,1.000000,0.010000,0.000000,0.000000,0.760000,1.000000,8.000000,68.610000
1789078989.743472,0,0.000000,0.000000,1.000000,-0.050000,0.000000,0.000000,0.470000,1.000000,8.000000,68.620000
1789078989.743888,0,0.000000,0.000000,1.000000,0.000000,0.000000,0.000000,0.760000,1.000000,8.000000,68.620000
1789078989.767250,0,0.000000,0.000000,1.000000,0.010000,0.000000,0.000000,0.340000,1.000000,8.000000,68.630000
1789078989.767731,0,0.000000,0.000000,1.000000,0.010000,0.000000,0.000000,1.050000,1.000000,8.000000,68.650000
1789078989.768090,0,0.000000,0.000000,1.000000,0.100000,0.000000,0.000000,0.340000,1.000000,8.000000,68.660000
1789078989.791597,0,0.000000,0.000000,1.000000,0.010000,0.000000,0.000000,0.340000,1.000000,8.000000,68.660000
1789078989.792101,0,0.000000,0.000000,1.000000,0.050000,0.000000,0.000000,0.470000,1.000000,8.000000,68.680000
1789078989.816911,0,0.000000,0.000000,1.000000,-0.180000,0.000000,0.000000,0.340000,1.000000,8.000000,68.690000
1789078989.817468,0,0.000000,0.000000,1.000000,0.370000,0.000000,0.000000,0.620000,1.000000,8.000000,68.690000
1789078989.842057,0,0.000000,0.000000,1.000000,0.000000,0.000000,0.000000,0.620000,1.000000,8.000000,68.700000
1789078989.842565,0,0.000000,0.000000,1.000000,0.000000,0.000000,0.000000,0.470000,1.000000,8.000000,68.720000
1789078989.867233,0,0.000000,0.000000,1.000000,0.100000,0.000000,0.000000,0.910000,1.000000,8.000000,68.730000
1789078989.867738,0,0.000000,0.000000,1.000000,0.000000,0.000000,0.000000,0.470000,1.000000,8.000000,68.730000
1789078989.891337,0,0.000000,0.000000,1.000000,0.010000,0.000000,0.000000,0.470000,1.000000,8.000000,68.750000
1789078989.891839,0,0.000000,0.000000,1.000000,-0.050000,0.000000,0.000000,0.470000,1.000000,8.000000,68.760000
1789078989.892259,0,0.000000,0.000000,1.000000,0.000000,0.000000,0.000000,0.340000,1.000000,8.000000,68.760000
1789078989.915982,0,0.000000,0.000000,1.000000,0.050000,0.000000,0.000000,0.340000,1.000000,8.000000,68.770000
1789078989.916556,0,0.000000,0.000000,1.000000,0.010000,0.000000,0.000000,0.470000,1.000000,8.000000,68.790000
1789078989.940655,0,0.000000,0.000000,1.000000,-0.230000,0.000000,0.000000,0.470000,1.000000,8.000000,68.800000
1789078989.941155,0,0.000000,0.000000,1.000000,0.000000,0.000000,0.000000,1.050000,1.000000,8.000000,68.800000
1789078989.941674,0,0.000000,0.000000,1.000000,0.000000,0.000000,0.000000,0.340000,1.000000,8.000000,68.810000
1789078989.965985,0,0.000000,0.000000,1.000000,-0.140000,0.000000,0.000000,0.470000,1.000000,8.000000,68.830000
1789078989.966518,0,0.000000,0.000000,1.000000,0.010000,0.000000,0.000000,0.910000,1.000000,8.000000,68.830000
1789078989.990533,0,0.000000,0.000000,1.000000,0.010000,0.000000,0.000000,0.760000,1.000000,8.000000,68.840000
1789078989.991141,0,0.000000,0.000000,1.000000,0.010000,0.000000,0.000000,0.470000,1.000000,8.000000,68.860000
1789078989.991616,0,0.000000,0.000000,1.000000,-0.050000,0.000000,0.000000,0.340000,1.000000,8.000000,68.870000
1789078990.015867,0,0.000000,0.000000,1.000000,-0.050000,0.000000,0.000000,1.210000,1.000000,8.000000,68.870000
1789078990.016395,0,0.000000,0.000000,1.000000,-0.050000,0.000000,0.000000,0.470000,1.000000,8.000000,68.880000
1789078990.016870,0,0.000000,0.000000,1.000000,0.100000,0.000000,0.000000,0.340000,1.000000,8.000000,68.900000
1789078990.042135,0,0.000000,0.000000,1.000000,0.050000,0.000000,0.000000,0.760000,1.000000,8.000000,68.910000
1789078990.042708,0,0.000000,0.000000,1.000000,0.000000,0.000000,0.000000,0.340000,1.000000,8.000000,68.910000
1789078990.067300,0,0.000000,0.000000,1.000000,0.010000,0.000000,0.000000,0.620000,1.000000,8.000000,68.930000
1789078990.067774,0,0.000000,0.000000,1.000000,-0.050000,0.000000,0.000000,0.620000,1.000000,8.000000,68.940000
1789078990.068134,0,0.000000,0.000000,1.000000,0.000000,0.000000,0.000000,0.470000,1.000000,8.000000,68.940000
1789078990.068803,0,0.000000,0.000000,1.000000,0.000000,0.000000,0.000000,0.760000,1.000000,8.000000,68.950000
1789078990.092572,0,0.000000,0.000000,1.000000,-0.100000,0.000000,0.000000,0.180000,0.000000,8.000000,68.970000
1789078990.093076,0,0.000000,0.000000,1.000000,0.010000,0.000000,0.000000,0.470000,1.000000,8.000000,68.980000
1789078990.117280,0,0.000000,0.000000,1.000000,0.010000,0.000000,0.000000,0.340000,1.000000,8.000000,68.980000
1789078990.117786,0,0.000000,0.000000,1.000000,0.010000,0.000000,0.000000,0.910000,1.000000,8.000000,69.000000
1789078990.118177,0,0.000000,0.000000,1.000000,0.050000,0.000000,0.000000,0.340000,1.000000,8.000000,69.010000
1789078990.143705,0,0.000000,0.000000,1.000000,0.000000,0.000000,0.000000,0.620000,1.000000,8.000000,69.010000
1789078990.167544,0,0.000000,0.000000,1.000000,0.050000,0.000000,0.000000,0.470000,1.000000,8.000000,69.020000
1789078990.168053,0,0.000000,0.000000,1.000000,-0.100000,0.000000,0.000000,0.760000,1.000000,8.000000,69.040000
1789078990.193153,0,0.000000,0.000000,1.000000,-0.050000,0.000000,0.000000,0.760000,1.000000,8.000000,69.050000
1789078990.193659,0,0.000000,0.000000,1.000000,0.000000,0.000000,0.000000,0.760000,1.000000,8.000000,69.050000
1789078990.218102,0,0.000000,0.000000,1.000000,-0.140000,0.000000,0.000000,0.910000,1.000000,8.000000,69.060000
1789078990.218611,0,0.000000,0.000000,1.000000,0.000000,0.000000,0.000000,0.760000,1.000000,8.000000,69.080000
1789078990.219217,0,0.000000,0.000000,1.000000,0.150000,0.000000,0.000000,0.620000,1.000000,8.000000,69.090000
1789078990.242409,0,0.000000,0.000000,1.000000,0.000000,0.000000,0.000000,0.620000,1.000000,8.000000,69.110000
1789078990.242911,0,0.000000,0.000000,1.000000,-0.140000,0.000000,0.000000,0.340000,1.000000,8.000000,69.120000
1789078990.267541,0,0.000000,0.000000,1.000000,0.000000,0.000000,0.000000,0.760000,1.000000,8.000000,69.120000
1789078990.268048,0,0.000000,0.000000,1.000000,0.100000,0.000000,0.000000,0.760000,1.000000,8.000000,69.130000
1789078990.293577,0,0.000000,0.000000,1.000000,0.150000,0.000000,0.000000,0.910000,1.000000,8.000000,69.150000
1789078990.294072,0,0.000000,0.000000,1.000000,0.050000,0.000000,0.000000,1.650000,1.000000,8.000000,69.160000
1789078990.318977,0,0.000000,0.000000,1.000000,-0.050000,0.000000,0.000000,0.620000,1.000000,8.000000,69.160000
1789078990.319624,0,0.000000,0.000000,1.000000,-0.100000,0.000000,0.000000,0.620000,1.000000,8.000000,69.180000
1789078990.320109,0,0.000000,0.000000,1.000000,0.000000,0.000000,0.000000,0.340000,1.000000,8.000000,69.190000
1789078990.345241,0,0.000000,0.000000,1.000000,-0.140000,0.000000,0.000000,0.340000,1.000000,8.000000,69.190000
1789078990.345744,0,0.000000,0.000000,1.000000,0.100000,0.000000,0.000000,0.620000,1.000000,8.000000,69.200000
1789078990.346158,0,0.000000,0.000000,1.000000,0.010000,0.000000,0.000000,0.620000,1.000000,8.000000,69.220000
1789078990.370518,0,0.000000,0.000000,1.000000,0.050000,0.000000,0.000000,0.340000,1.000000,8.000000,69.230000
1789078990.371026,0,0.000000,0.000000,1.000000,-0.140000,0.000000,0.000000,0.910000,1.000000,8.000000,69.230000
1789078990.395554,0,0.000000,0.000000,1.000000,0.010000,0.000000,0.000000,0.620000,1.000000,8.000000,69.250000
1789078990.396060,0,0.000000,0.000000,1.000000,0.000000,0.000000,0.000000,0.470000,1.000000,8.000000,69.260000
1789078990.396491,0,0.000000,0.000000,1.000000,-0.050000,0.000000,0.000000,0.470000,1.000000,8.000000,69.260000
1789078990.420333,0,0.000000,0.000000,1.000000,0.000000,0.000000,0.000000,0.620000,1.000000,8.000000,69.270000
1789078990.420836,0,0.000000,0.000000,1.000000,0.150000,0.000000,0.000000,0.470000,1.000000,8.000000,69.290000
1789078990.421379,0,0.000000,0.000000,1.000000,0.010000,0.000000,0.000000,0.340000,1.000000,8.000000,69.300000
1789078990.421936,0,0.000000,0.000000,1.000000,0.010000,0.000000,0.000000,0.760000,1.000000,8.000000,69.300000
1789078990.466354,0,0.000000,0.000000,1.000000,0.050000,0.000000,0.000000,0.340000,1.000000,8.000000,69.310000
1789078990.466894,0,0.000000,0.000000,1.000000,0.000000,0.000000,0.000000,0.470000,1.000000,8.000000,69.330000
1789078990.467290,0,0.000000,0.000000,1.000000,0.050000,0.000000,0.000000,0.760000,1.000000,8.000000,69.330000
1789078990.467974,0,0.000000,0.000000,1.000000,0.050000,0.000000,0.000000,0.620000,1.000000,8.000000,69.340000
1789078990.468590,0,0.000000,0.000000,1.000000,0.050000,0.000000,0.000000,0.620000,1.000000,8.000000,69.360000
1789078990.468962,0,0.000000,0.000000,1.000000,-0.050000,0.000000,0.000000,0.050000,0.000000,8.000000,69.370000
1789078990.511343,0,0.000000,0.000000,1.000000,0.000000,0.000000,0.000000,0.470000,1.000000,8.000000,69.370000
1789078990.511849,0,0.000000,0.000000,1.000000,0.100000,0.000000,0.000000,0.180000,0.000000,8.000000,69.380000
1789078990.513559,0,0.000000,0.000000,1.000000,0.050000,0.000000,0.000000,0.620000,1.000000,8.000000,69.400000
1789078990.514011,0,0.000000,0.000000,1.000000,0.050000,0.000000,0.000000,0.470000,1.000000,8.000000,69.410000
1789078990.557355,0,0.000000,0.000000,1.000000,-0.400000,0.000000,0.000000,0.760000,1.000000,8.000000,69.410000
1789078990.558091,0,0.000000,0.000000,1.000000,0.050000,0.000000,0.000000,0.910000,1.000000,8.000000,69.430000
1789078990.558487,0,0.000000,0.000000,1.000000,0.010000,0.000000,0.000000,0.340000,1.000000,8.000000,69.440000
1789078990.558863,0,0.000000,0.000000,1.000000,0.050000,0.000000,0.000000,0.620000,1.000000,8.000000,69.440000
1789078990.559227,0,0.000000,0.000000,1.000000,0.010000,0.000000,0.000000,0.760000,1.000000,8.000000,69.450000
1789078990.602554,0,0.000000,0.000000,1.000000,0.010000,0.000000,0.000000,0.340000,1.000000,8.000000,69.470000
1789078990.603060,0,0.000000,0.000000,1.000000,0.050000,0.000000,0.000000,0.470000,1.000000,8.000000,69.480000
1789078990.603760,0,0.000000,0.000000,1.000000,-0.180000,0.000000,0.000000,0.470000,1.000000,8.000000,69.480000
1789078990.604204,0,0.000000,0.000000,1.000000,0.050000,0.000000,0.000000,-0.070000,0.000000,8.000000,69.500000
1789078990.647993,0,0.000000,0.000000,1.000000,-0.050000,0.000000,0.000000,0.340000,1.000000,8.000000,69.510000
1789078990.648530,0,0.000000,0.000000,1.000000,0.000000,0.000000,0.000000,0.620000,1.000000,8.000000,69.510000
1789078990.649007,0,0.000000,0.000000,1.000000,0.000000,0.000000,0.000000,0.760000,1.000000,8.000000,69.520000
1789078990.649610,0,0.000000,0.000000,1.000000,0.010000,0.000000,0.000000,0.620000,1.000000,8.000000,69.540000
1789078990.650027,0,0.000000,0.000000,1.000000,0.100000,0.000000,0.000000,0.470000,1.000000,8.000000,69.550000
1789078990.694255,0,0.000000,0.000000,1.000000,0.000000,0.000000,0.000000,0.470000,1.000000,8.000000,69.550000
1789078990.694766,0,0.000000,0.000000,1.000000,-0.140000,0.000000,0.000000,0.620000,1.000000,8.000000,69.560000
1789078990.695184,0,0.000000,0.000000,1.000000,0.010000,0.000000,0.000000,0.470000,1.000000,8.000000,69.580000
1789078990.695656,0,0.000000,0.000000,1.000000,-0.050000,0.000000,0.000000,0.760000,1.000000,8.000000,69.580000
1789078990.719271,0,0.000000,0.000000,1.000000,-0.140000,0.000000,0.000000,0.340000,1.000000,8.000000,69.590000
1789078990.720185,0,0.000000,0.000000,1.000000,-0.100000,0.000000,0.000000,0.470000,1.000000,8.000000,69.610000
1789078990.743504,0,0.000000,0.000000,1.000000,0.050000,0.000000,0.000000,0.760000,1.000000,8.000000,69.620000
1789078990.744144,0,0.000000,0.000000,1.000000,0.100000,0.000000,0.000000,0.620000,1.000000,8.000000,69.620000
1789078990.768072,0,0.000000,0.000000,1.000000,-0.100000,0.000000,0.000000,0.340000,1.000000,8.000000,69.630000
1789078990.768579,0,0.000000,0.000000,1.000000,-0.140000,0.000000,0.000000,0.760000,1.000000,8.000000,69.650000
1789078990.792240,0,0.000000,0.000000,1.000000,0.000000,0.000000,0.000000,0.340000,1.000000,8.000000,69.660000
1789078990.792737,0,0.000000,0.000000,1.000000,-0.050000,0.000000,0.000000,0.340000,1.000000,8.000000,69.660000
1789078990.793142,0,0.000000,0.000000,1.000000,0.050000,0.000000,0.000000,1.360000,1.000000,8.000000,69.680000
1789078990.816731,0,0.000000,0.000000,1.000000,0.010000,0.000000,0.000000,0.470000,1.000000,8.000000,69.690000
1789078990.817224,0,0.000000,0.000000,1.000000,0.100000,0.000000,0.000000,0.180000,0.000000,8.000000,69.690000
1789078990.817785,0,0.000000,0.000000,1.000000,0.010000,0.000000,0.000000,0.340000,1.000000,8.000000,69.690000
1789078990.839602,0,0.000000,0.000000,1.000000,0.310000,0.000000,0.000000,0.470000,1.000000,8.000000,69.700000
1789078990.840198,0,0.000000,0.000000,1.000000,0.010000,0.000000,0.000000,1.210000,1.000000,8.000000,69.720000
1789078990.864187,0,0.000000,0.000000,1.000000,0.050000,0.000000,0.000000,0.470000,1.000000,8.000000,69.730000
1789078990.864696,0,0.000000,0.000000,1.000000,0.010000,0.000000,0.000000,0.340000,1.000000,8.000000,69.730000
1789078990.865095,0,0.000000,0.000000,1.000000,-0.050000,0.000000,0.000000,0.620000,1.000000,8.000000,69.750000
1789078990.889803,0,0.000000,0.000000,1.000000,0.100000,0.000000,0.000000,0.340000,1.000000,8.000000,69.760000
1789078990.913115,0,0.000000,0.000000,1.000000,-0.050000,0.000000,0.000000,0.620000,1.000000,8.000000,69.760000
1789078990.913620,0,0.000000,0.000000,1.000000,-0.140000,0.000000,0.000000,0.470000,1.000000,8.000000,69.770000
1789078990.914143,0,0.000000,0.000000,1.000000,0.010000,0.000000,0.000000,0.620000,1.000000,8.000000,69.790000
1789078990.914755,0,0.000000,0.000000,1.000000,0.000000,0.000000,0.000000,0.470000,1.000000,8.000000,69.800000
1789078990.938398,0,0.000000,0.000000,1.000000,0.100000,0.000000,0.000000,0.340000,1.000000,8.000000,69.800000
1789078990.939118,0,0.000000,0.000000,1.000000,0.000000,0.000000,0.000000,0.340000,1.000000,8.000000,69.810000
1789078990.962254,0,0.000000,0.000000,1.000000,0.010000,0.000000,0.000000,0.760000,1.000000,8.000000,69.830000
1789078990.962750,0,0.000000,0.000000,1.000000,-0.140000,0.000000,0.000000,0.470000,1.000000,8.000000,69.830000
1789078990.986333,0,0.000000,0.000000,1.000000,0.010000,0.000000,0.000000,0.620000,1.000000,8.000000,69.840000
1789078990.986840,0,0.000000,0.000000,1.000000,-0.050000,0.000000,0.000000,0.620000,1.000000,8.000000,69.860000
1789078990.987244,0,0.000000,0.000000,1.000000,0.000000,0.000000,0.000000,0.470000,1.000000,8.000000,69.870000
1789078991.010144,0,0.000000,0.000000,1.000000,0.050000,0.000000,0.000000,0.910000,1.000000,8.000000,69.870000
1789078991.011074,0,0.000000,0.000000,1.000000,0.010000,0.000000,0.000000,0.470000,1.000000,8.000000,69.880000
1789078991.035993,0,0.000000,0.000000,1.000000,0.180000,0.000000,0.000000,0.620000,1.000000,8.000000,69.900000
1789078991.036577,0,0.000000,0.000000,1.000000,-0.050000,0.000000,0.000000,0.620000,1.000000,8.000000,69.910000
1789078991.037130,0,0.000000,0.000000,1.000000,0.000000,0.000000,0.000000,0.470000,1.000000,8.000000,69.910000
1789078991.060891,0,0.000000,0.000000,1.000000,0.050000,0.000000,0.000000,0.340000,1.000000,8.000000,69.930000
1789078991.061397,0,0.000000,0.000000,1.000000,0.000000,0.000000,0.000000,0.470000,1.000000,8.000000,69.940000
1789078991.085367,0,0.000000,0.000000,1.000000,0.000000,0.000000,0.000000,0.470000,1.000000,8.000000,69.940000
1789078991.085893,0,0.000000,0.000000,1.000000,0.000000,0.000000,0.000000,0.620000,1.000000,8.000000,69.950000
1789078991.086303,0,0.000000,0.000000,1.000000,0.100000,0.000000,0.000000,0.340000,1.000000,8.000000,69.970000
1789078991.109462,0,0.000000,0.000000,1.000000,0.050000,0.000000,0.000000,0.620000,1.000000,8.000000,69.980000
1789078991.110156,0,0.000000,0.000000,1.000000,0.100000,0.000000,0.000000,0.340000,1.000000,8.000000,69.980000
1789078991.133592,0,0.000000,0.000000,1.000000,-0.050000,0.000000,0.000000,0.050000,0.000000,8.000000,70.000000
1789078991.134160,0,0.000000,0.000000,1.000000,0.010000,0.000000,0.000000,0.910000,1.000000,8.000000,70.010000
1789078991.134552,0,0.000000,0.000000,1.000000,0.010000,0.000000,0.000000,0.470000,1.000000,8.000000,70.010000
1789078991.158838,0,0.000000,0.000000,1.000000,0.000000,0.000000,0.000000,0.760000,1.000000,8.000000,70.020000
1789078991.182504,0,0.000000,0.000000,1.000000,0.050000,0.000000,0.000000,0.470000,1.000000,8.000000,70.040000
1789078991.183141,0,0.000000,0.000000,1.000000,-0.100000,0.000000,0.000000,1.210000,1.000000,8.000000,70.050000
1789078991.183606,0,0.000000,0.000000,1.000000,0.100000,0.000000,0.000000,0.760000,1.000000,8.000000,70.050000
1789078991.206522,0,0.000000,0.000000,1.000000,-0.050000,0.000000,0.000000,0.760000,1.000000,8.000000,70.060000
1789078991.207057,0,0.000000,0.000000,1.000000,0.100000,0.000000,0.000000,0.340000,1.000000,8.000000,70.080000
1789078991.207705,0,0.000000,0.000000,1.000000,0.010000,0.000000,0.000000,0.470000,1.000000,8.000000,70.080000
1789078991.231320,0,0.000000,0.000000,1.000000,-0.050000,0.000000,0.000000,0.760000,1.000000,8.000000,70.090000
1789078991.231824,0,0.000000,0.000000,1.000000,0.010000,0.000000,0.000000,0.910000,1.000000,8.000000,70.110000
1789078991.255107,0,0.000000,0.000000,1.000000,-0.140000,0.000000,0.000000,0.340000,1.000000,8.000000,70.120000
1789078991.255612,0,0.000000,0.000000,1.000000,-0.140000,0.000000,0.000000,0.910000,1.000000,8.000000,70.120000
1789078991.282029,0,0.000000,0.000000,1.000000,-0.270000,0.000000,0.000000,0.470000,1.000000,8.000000,70.130000
1789078991.283445,0,0.000000,0.000000,1.000000,0.050000,0.000000,0.000000,0.620000,1.000000,8.000000,70.150000
1789078991.307256,0,0.000000,0.000000,1.000000,-0.050000,0.000000,0.000000,0.620000,1.000000,8.000000,70.160000
1789078991.307767,0,0.000000,0.000000,1.000000,0.050000,0.000000,0.000000,0.340000,1.000000,8.000000,70.160000
1789078991.308171,0,0.000000,0.000000,1.000000,0.010000,0.000000,0.000000,0.760000,1.000000,8.000000,70.180000
1789078991.308581,0,0.000000,0.000000,1.000000,0.010000,0.000000,0.000000,0.180000,0.000000,8.000000,70.190000
1789078991.333185,0,0.000000,0.000000,1.000000,0.100000,0.000000,0.000000,1.050000,1.000000,8.000000,70.190000
1789078991.333810,0,0.000000,0.000000,1.000000,-0.100000,0.000000,0.000000,0.470000,1.000000,8.000000,70.200000
1789078991.356997,0,0.000000,0.000000,1.000000,-0.180000,0.000000,0.000000,0.470000,1.000000,8.000000,70.220000
1789078991.357503,0,0.000000,0.000000,1.000000,-0.050000,0.000000,0.000000,0.180000,0.000000,8.000000,70.230000
1789078991.357893,0,0.000000,0.000000,1.000000,0.000000,0.000000,0.000000,0.620000,1.000000,8.000000,70.230000
1789078991.381077,0,0.000000,0.000000,1.000000,-0.050000,0.000000,0.000000,0.470000,1.000000,8.000000,70.250000
1789078991.381586,0,0.000000,0.000000,1.000000,0.010000,0.000000,0.000000,0.340000,1.000000,8.000000,70.260000
1789078991.381991,0,0.000000,0.000000,1.000000,-0.100000,0.000000,0.000000,0.470000,1.000000,8.000000,70.260000
1789078991.406413,0,0.000000,0.000000,1.000000,0.050000,0.000000,0.000000,0.910000,1.000000,8.000000,70.270000
1789078991.406922,0,0.000000,0.000000,1.000000,0.000000,0.000000,0.000000,0.470000,1.000000,8.000000,70.290000
1789078991.430836,0,0.000000,0.000000,1.000000,0.010000,0.000000,0.000000,0.470000,1.000000,8.000000,70.300000
1789078991.454734,0,0.000000,0.000000,1.000000,0.010000,0.000000,0.000000,0.620000,1.000000,8.000000,70.300000
1789078991.455220,0,0.000000,0.000000,1.000000,0.000000,0.000000,0.000000,0.340000,1.000000,8.000000,70.310000
1789078991.455615,0,0.000000,0.000000,1.000000,0.000000,0.000000,0.000000,0.470000,1.000000,8.000000,70.330000
1789078991.455987,0,0.000000,0.000000,1.000000,-0.100000,0.000000,0.000000,0.470000,1.000000,8.000000,70.330000
1789078991.479602,0,0.000000,0.000000,1.000000,0.010000,0.000000,0.000000,0.760000,1.000000,8.000000,70.340000
1789078991.480103,0,0.000000,0.000000,1.000000,0.050000,0.000000,0.000000,0.620000,1.000000,8.000000,70.360000
1789078991.480609,0,0.000000,0.000000,1.000000,-0.050000,0.000000,0.000000,0.760000,1.000000,8.000000,70.370000
1789078991.504930,0,0.000000,0.000000,1.000000,0.050000,0.000000,0.000000,0.620000,1.000000,8.000000,70.370000
1789078991.505559,0,0.000000,0.000000,1.000000,0.000000,0.000000,0.000000,0.470000,1.000000,8.000000,70.380000
1789078991.530092,0,0.000000,0.000000,1.000000,0.010000,0.000000,0.000000,0.180000,0.000000,8.000000,70.400000
1789078991.530651,0,0.000000,0.000000,1.000000,0.010000,0.000000,0.000000,0.760000,1.000000,8.000000,70.410000
1789078991.531197,0,0.000000,0.000000,1.000000,-0.050000,0.000000,0.000000,0.340000,1.000000,8.000000,70.410000
1789078991.555199,0,0.000000,0.000000,1.000000,0.010000,0.000000,0.000000,0.340000,1.000000,8.000000,70.410000
1789078991.555714,0,0.000000,0.000000,1.000000,-0.140000,0.000000,0.000000,0.620000,1.000000,8.000000,70.430000
1789078991.556119,0,0.000000,0.000000,1.000000,0.100000,0.000000,0.000000,0.470000,1.000000,8.000000,70.440000
1789078991.579638,0,0.000000,0.000000,1.000000,0.000000,0.000000,0.000000,0.760000,1.000000,8.000000,70.440000
1789078991.580149,0,0.000000,0.000000,1.000000,-0.050000,0.000000,0.000000,0.620000,1.000000,8.000000,70.450000
1789078991.603739,0,0.000000,0.000000,1.000000,0.100000,0.000000,0.000000,0.760000,1.000000,8.000000,70.470000
1789078991.604245,0,0.000000,0.000000,1.000000,0.010000,0.000000,0.000000,0.470000,1.000000,8.000000,70.480000
1789078991.627729,0,0.000000,0.000000,1.000000,0.000000,0.000000,0.000000,0.340000,1.000000,8.000000,70.480000
1789078991.628365,0,0.000000,0.000000,1.000000,-0.100000,0.000000,0.000000,0.760000,1.000000,8.000000,70.500000
1789078991.653594,0,0.000000,0.000000,1.000000,0.000000,0.000000,0.000000,0.760000,1.000000,8.000000,70.510000
1789078991.654159,0,0.000000,0.000000,1.000000,0.050000,0.000000,0.000000,0.620000,1.000000,8.000000,70.510000
1789078991.654567,0,0.000000,0.000000,1.000000,0.440000,0.000000,0.000000,0.620000,1.000000,8.000000,70.540000
1789078991.678018,0,0.000000,0.000000,1.000000,-0.050000,0.000000,0.000000,0.470000,1.000000,8.000000,70.550000
1789078991.678802,0,0.000000,0.000000,1.000000,0.370000,0.000000,0.000000,0.760000,1.000000,8.000000,70.550000
1789078991.702932,0,0.000000,0.000000,1.000000,-0.050000,0.000000,0.000000,0.760000,1.000000,8.000000,70.560000
1789078991.703470,0,0.000000,0.000000,1.000000,0.050000,0.000000,0.000000,0.340000,1.000000,8.000000,70.580000
1789078991.703977,0,0.000000,0.000000,1.000000,0.050000,0.000000,0.000000,0.620000,1.000000,8.000000,70.580000
1789078991.727641,0,0.000000,0.000000,1.000000,0.050000,0.000000,0.000000,0.620000,1.000000,8.000000,70.590000
1789078991.751785,0,0.000000,0.000000,1.000000,0.000000,0.000000,0.000000,0.620000,1.000000,8.000000,70.610000
1789078991.752293,0,0.000000,0.000000,1.000000,0.050000,0.000000,0.000000,0.470000,1.000000,8.000000,70.620000
1789078991.752719,0,0.000000,0.000000,1.000000,0.000000,0.000000,0.000000,0.340000,1.000000,8.000000,70.620000
1789078991.775732,0,0.000000,0.000000,1.000000,-0.050000,0.000000,0.000000,0.620000,1.000000,8.000000,70.620000
1789078991.776234,0,0.000000,0.000000,1.000000,0.000000,0.000000,0.000000,0.470000,1.000000,8.000000,70.630000
1789078991.776811,0,0.000000,0.000000,1.000000,0.000000,0.000000,0.000000,0.620000,1.000000,8.000000,70.650000
1789078991.799791,0,0.000000,0.000000,1.000000,-0.050000,0.000000,0.000000,0.760000,1.000000,8.000000,70.660000
1789078991.800275,0,0.000000,0.000000,1.000000,-0.050000,0.000000,0.000000,0.620000,1.000000,8.000000,70.660000
1789078991.800663,0,0.000000,0.000000,1.000000,0.050000,0.000000,0.000000,0.470000,1.000000,8.000000,70.680000
1789078991.823452,0,0.000000,0.000000,1.000000,0.010000,0.000000,0.000000,0.620000,1.000000,8.000000,70.690000
1789078991.823947,0,0.000000,0.000000,1.000000,0.150000,0.000000,0.000000,0.760000,1.000000,8.000000,70.690000
1789078991.847801,0,0.000000,0.000000,1.000000,-0.100000,0.000000,0.000000,0.470000,1.000000,8.000000,70.700000
1789078991.848349,0,0.000000,0.000000,1.000000,-0.050000,0.000000,0.000000,0.470000,1.000000,8.000000,70.720000
1789078991.873452,0,0.000000,0.000000,1.000000,0.010000,0.000000,0.000000,0.180000,0.000000,8.000000,70.730000
1789078991.873983,0,0.000000,0.000000,1.000000,0.100000,0.000000,0.000000,0.470000,1.000000,8.000000,70.730000
1789078991.896982,0,0.000000,0.000000,1.000000,0.000000,0.000000,0.000000,0.470000,1.000000,8.000000,70.750000
1789078991.897503,0,0.000000,0.000000,1.000000,0.010000,0.000000,0.000000,0.760000,1.000000,8.000000,70.760000
1789078991.897883,0,0.000000,0.000000,1.000000,0.010000,0.000000,0.000000,0.470000,1.000000,8.000000,70.760000
1789078991.898369,0,0.000000,0.000000,1.000000,-0.140000,0.000000,0.000000,0.760000,1.000000,8.000000,70.770000
1789078991.922454,0,0.000000,0.000000,1.000000,0.010000,0.000000,0.000000,0.760000,1.000000,8.000000,70.790000
1789078991.922954,0,0.000000,0.000000,1.000000,-0.050000,0.000000,0.000000,0.340000,1.000000,8.000000,70.800000
1789078991.946958,0,0.000000,0.000000,1.000000,0.000000,0.000000,0.000000,0.470000,1.000000,8.000000,70.800000
1789078991.947460,0,0.000000,0.000000,1.000000,0.050000,0.000000,0.000000,0.760000,1.000000,8.000000,70.810000
1789078991.970579,0,0.000000,0.000000,1.000000,0.150000,0.000000,0.000000,0.620000,1.000000,8.000000,70.830000
1789078991.971081,0,0.000000,0.000000,1.000000,0.050000,0.000000,0.000000,1.050000,1.000000,8.000000,70.830000
1789078991.971640,0,0.000000,0.000000,1.000000,-0.140000,0.000000,0.000000,0.620000,1.000000,8.000000,70.840000
1789078991.994878,0,0.000000,0.000000,1.000000,0.050000,0.000000,0.000000,0.620000,1.000000,8.000000,70.860000
1789078991.995360,0,0.000000,0.000000,1.000000,0.010000,0.000000,0.000000,0.470000,1.000000,8.000000,70.870000
1789078992.019354,0,0.000000,0.000000,1.000000,0.050000,0.000000,0.000000,0.470000,1.000000,8.000000,70.870000
1789078992.019864,0,0.000000,0.000000,1.000000,0.010000,0.000000,0.000000,0.620000,1.000000,8.000000,70.880000
1789078992.020266,0,0.000000,0.000000,1.000000,-0.100000,0.000000,0.000000,0.470000,1.000000,8.000000,70.900000
1789078992.043982,0,0.000000,0.000000,1.000000,0.050000,0.000000,0.000000,0.340000,1.000000,8.000000,70.910000
1789078992.044489,0,0.000000,0.000000,1.000000,0.010000,0.000000,0.000000,0.470000,1.000000,8.000000,70.910000
1789078992.067457,0,0.000000,0.000000,1.000000,-0.050000,0.000000,0.000000,0.470000,1.000000,8.000000,70.930000
1789078992.067967,0,0.000000,0.000000,1.000000,-0.050000,0.000000,0.000000,0.620000,1.000000,8.000000,70.940000
1789078992.068354,0,0.000000,0.000000,1.000000,0.010000,0.000000,0.000000,0.340000,1.000000,8.000000,70.940000
1789078992.091345,0,0.000000,0.000000,1.000000,0.010000,0.000000,0.000000,0.760000,1.000000,8.000000,70.950000
1789078992.092095,0,0.000000,0.000000,1.000000,0.150000,0.000000,0.000000,0.470000,1.000000,8.000000,70.970000
1789078992.115194,0,0.000000,0.000000,1.000000,0.010000,0.000000,0.000000,0.340000,1.000000,8.000000,70.980000
1789078992.115782,0,0.000000,0.000000,1.000000,0.050000,0.000000,0.000000,0.620000,1.000000,8.000000,70.980000
1789078992.139651,0,0.000000,0.000000,1.000000,-0.100000,0.000000,0.000000,0.470000,1.000000,8.000000,71.000000
1789078992.140155,0,0.000000,0.000000,1.000000,0.050000,0.000000,0.000000,0.620000,1.000000,8.000000,71.010000
1789078992.163550,0,0.000000,0.000000,1.000000,0.050000,0.000000,0.000000,0.910000,1.000000,8.000000,71.010000
1789078992.164056,0,0.000000,0.000000,1.000000,0.050000,0.000000,0.000000,0.910000,1.000000,8.000000,71.020000
1789078992.164476,0,0.000000,0.000000,1.000000,0.050000,0.000000,0.000000,0.050000,0.000000,8.000000,71.040000
1789078992.188096,0,0.000000,0.000000,1.000000,-0.050000,0.000000,0.000000,0.470000,1.000000,8.000000,71.050000
1789078992.188767,0,0.000000,0.000000,1.000000,0.010000,0.000000,0.000000,0.620000,1.000000,8.000000,71.050000
1789078992.212051,0,0.000000,0.000000,1.000000,0.050000,0.000000,0.000000,0.620000,1.000000,8.000000,71.060000
1789078992.212554,0,0.000000,0.000000,1.000000,0.010000,0.000000,0.000000,0.620000,1.000000,8.000000,71.080000
1789078992.213089,0,0.000000,0.000000,1.000000,0.000000,0.000000,0.000000,0.910000,1.000000,8.000000,71.080000
1789078992.213524,0,0.000000,0.000000,1.000000,-0.230000,0.000000,0.000000,0.340000,1.000000,8.000000,71.090000
1789078992.235923,0,0.000000,0.000000,1.000000,0.050000,0.000000,0.000000,0.620000,1.000000,8.000000,71.110000
1789078992.236425,0,0.000000,0.000000,1.000000,0.050000,0.000000,0.000000,0.760000,1.000000,8.000000,71.120000
1789078992.260201,0,0.000000,0.000000,1.000000,0.050000,0.000000,0.000000,0.760000,1.000000,8.000000,71.120000
1789078992.282516,0,0.000000,0.000000,1.000000,0.000000,0.000000,0.000000,0.470000,1.000000,8.000000,71.130000
1789078992.283054,0,0.000000,0.000000,1.000000,0.230000,0.000000,0.000000,0.340000,1.000000,8.000000,71.150000
1789078992.283433,0,0.000000,0.000000,1.000000,0.180000,0.000000,0.000000,0.470000,1.000000,8.000000,71.160000
1789078992.305858,0,0.000000,0.000000,1.000000,-0.100000,0.000000,0.000000,0.470000,1.000000,8.000000,71.160000
1789078992.306366,0,0.000000,0.000000,1.000000,0.010000,0.000000,0.000000,0.760000,1.000000,8.000000,71.180000
1789078992.306814,0,0.000000,0.000000,1.000000,0.100000,0.000000,0.000000,0.620000,1.000000,8.000000,71.190000
1789078992.328871,0,0.000000,0.000000,1.000000,-0.050000,0.000000,0.000000,0.340000,1.000000,8.000000,71.190000
1789078992.350715,0,0.000000,0.000000,1.000000,0.150000,0.000000,0.000000,0.340000,1.000000,8.000000,71.200000
1789078992.351352,0,0.000000,0.000000,1.000000,0.100000,0.000000,0.000000,0.620000,1.000000,8.000000,71.220000
1789078992.351820,0,0.000000,0.000000,1.000000,-0.050000,0.000000,0.000000,0.180000,0.000000,8.000000,71.230000
1789078992.373360,0,0.000000,0.000000,1.000000,0.000000,0.000000,0.000000,0.620000,1.000000,8.000000,71.230000
1789078992.373865,0,0.000000,0.000000,1.000000,0.010000,0.000000,0.000000,0.620000,1.000000,8.000000,71.250000
1789078992.397473,0,0.000000,0.000000,1.000000,-0.050000,0.000000,0.000000,0.470000,1.000000,8.000000,71.260000
1789078992.398054,0,0.000000,0.000000,1.000000,0.000000,0.000000,0.000000,0.470000,1.000000,8.000000,71.260000
1789078992.421451,0,0.000000,0.000000,1.000000,-0.050000,0.000000,0.000000,0.340000,1.000000,8.000000,71.270000
1789078992.421954,0,0.000000,0.000000,1.000000,-0.050000,0.000000,0.000000,0.620000,1.000000,8.000000,71.290000
1789078992.422652,0,0.000000,0.000000,1.000000,-0.180000,0.000000,0.000000,0.340000,1.000000,8.000000,71.300000
1789078992.443832,0,0.000000,0.000000,1.000000,-0.140000,0.000000,0.000000,1.050000,1.000000,8.000000,71.300000
1789078992.444391,0,0.000000,0.000000,1.000000,0.010000,0.000000,0.000000,0.340000,1.000000,8.000000,71.310000
1789078992.466891,0,0.000000,0.000000,1.000000,-0.140000,0.000000,0.000000,0.620000,1.000000,8.000000,71.330000
1789078992.467511,0,0.000000,0.000000,1.000000,-0.100000,0.000000,0.000000,0.910000,1.000000,8.000000,71.330000
1789078992.489805,0,0.000000,0.000000,1.000000,-0.180000,0.000000,0.000000,0.470000,1.000000,8.000000,71.340000
1789078992.490456,0,0.000000,0.000000,1.000000,0.000000,0.000000,0.000000,0.470000,1.000000,8.000000,71.370000
1789078992.512013,0,0.000000,0.000000,1.000000,0.050000,0.000000,0.000000,1.050000,1.000000,8.000000,71.370000
1789078992.512570,0,0.000000,0.000000,1.000000,0.050000,0.000000,0.000000,1.050000,1.000000,8.000000,71.380000
1789078992.537144,0,0.000000,0.000000,1.000000,0.000000,0.000000,0.000000,0.760000,1.000000,8.000000,71.400000
1789078992.537739,0,0.000000,0.000000,1.000000,0.050000,0.000000,0.000000,0.760000,1.000000,8.000000,71.410000
1789078992.538251,0,0.000000,0.000000,1.000000,0.050000,0.000000,0.000000,0.620000,1.000000,8.000000,71.410000
1789078992.559941,0,0.000000,0.000000,1.000000,0.050000,0.000000,0.000000,0.760000,1.000000,8.000000,71.430000
1789078992.560436,0,0.000000,0.000000,1.000000,0.010000,0.000000,0.000000,0.470000,1.000000,8.000000,71.440000
1789078992.582455,0,0.000000,0.000000,1.000000,0.000000,0.000000,0.000000,0.340000,1.000000,8.000000,71.440000
1789078992.604893,0,0.000000,0.000000,1.000000,-0.100000,0.000000,0.000000,0.620000,1.000000,8.000000,71.450000
1789078992.605394,0,0.000000,0.000000,1.000000,0.010000,0.000000,0.000000,0.760000,1.000000,8.000000,71.470000
1789078992.605806,0,0.000000,0.000000,1.000000,0.180000,0.000000,0.000000,0.620000,1.000000,8.000000,71.480000
1789078992.627855,0,0.000000,0.000000,1.000000,0.100000,0.000000,0.000000,0.910000,1.000000,8.000000,71.500000
1789078992.628353,0,0.000000,0.000000,1.000000,-0.050000,0.000000,0.000000,0.470000,1.000000,8.000000,71.510000
1789078992.628774,0,0.000000,0.000000,1.000000,-0.270000,0.000000,0.000000,0.620000,1.000000,8.000000,71.510000
1789078992.650902,0,0.000000,0.000000,1.000000,-0.050000,0.000000,0.000000,0.620000,1.000000,8.000000,71.520000
1789078992.674662,0,0.000000,0.000000,1.000000,0.050000,0.000000,0.000000,0.620000,1.000000,8.000000,71.540000
1789078992.675263,0,0.000000,0.000000,1.000000,0.100000,0.000000,0.000000,0.910000,1.000000,8.000000,71.550000
1789078992.697385,0,0.000000,0.000000,1.000000,0.100000,0.000000,0.000000,0.910000,1.000000,8.000000,71.550000
1789078992.697885,0,0.000000,0.000000,1.000000,0.050000,0.000000,0.000000,0.470000,1.000000,8.000000,71.550000
1789078992.698410,0,0.000000,0.000000,1.000000,0.100000,0.000000,0.000000,0.760000,1.000000,8.000000,71.560000
1789078992.699101,0,0.000000,0.000000,1.000000,0.100000,0.000000,0.000000,0.620000,1.000000,8.000000,71.580000
1789078992.721204,0,0.000000,0.000000,1.000000,0.010000,0.000000,0.000000,0.470000,1.000000,8.000000,71.580000
1789078992.743045,0,0.000000,0.000000,1.000000,0.050000,0.000000,0.000000,0.760000,1.000000,8.000000,71.590000
1789078992.743545,0,0.000000,0.000000,1.000000,-0.100000,0.000000,0.000000,0.470000,1.000000,8.000000,71.610000
1789078992.744043,0,0.000000,0.000000,1.000000,-0.050000,0.000000,0.000000,0.620000,1.000000,8.000000,71.620000
1789078992.766064,0,0.000000,0.000000,1.000000,-0.100000,0.000000,0.000000,0.620000,1.000000,8.000000,71.620000
1789078992.766608,0,0.000000,0.000000,1.000000,0.010000,0.000000,0.000000,0.620000,1.000000,8.000000,71.630000
1789078992.767318,0,0.000000,0.000000,1.000000,0.050000,0.000000,0.000000,0.910000,1.000000,8.000000,71.650000
1789078992.789367,0,0.000000,0.000000,1.000000,0.000000,0.000000,0.000000,0.910000,1.000000,8.000000,71.660000
1789078992.789963,0,0.000000,0.000000,1.000000,-0.050000,0.000000,0.000000,0.470000,1.000000,8.000000,71.680000
1789078992.811105,0,0.000000,0.000000,1.000000,0.050000,0.000000,0.000000,0.910000,1.000000,8.000000,71.690000
1789078992.811694,0,0.000000,0.000000,1.000000,-0.050000,0.000000,0.000000,0.620000,1.000000,8.000000,71.690000
1789078992.834764,0,0.000000,0.000000,1.000000,0.000000,0.000000,0.000000,0.340000,1.000000,8.000000,71.700000
1789078992.835360,0,0.000000,0.000000,1.000000,0.150000,0.000000,0.000000,0.760000,1.000000,8.000000,71.720000
1789078992.857904,0,0.000000,0.000000,1.000000,0.010000,0.000000,0.000000,0.340000,1.000000,8.000000,71.730000
1789078992.858403,0,0.000000,0.000000,1.000000,-0.100000,0.000000,0.000000,0.620000,1.000000,8.000000,71.730000
1789078992.858777,0,0.000000,0.000000,1.000000,0.000000,0.000000,0.000000,0.180000,0.000000,8.000000,71.750000
1789078992.881163,0,0.000000,0.000000,1.000000,-0.050000,0.000000,0.000000,-0.070000,0.000000,8.000000,71.760000
1789078992.881661,0,0.000000,0.000000,1.000000,0.010000,0.000000,0.000000,0.910000,1.000000,8.000000,71.760000
1789078992.903637,0,0.000000,0.000000,1.000000,0.010000,0.000000,0.000000,0.340000,1.000000,8.000000,71.770000
1789078992.904144,0,0.000000,0.000000,1.000000,0.050000,0.000000,0.000000,0.470000,1.000000,8.000000,71.790000
1789078992.925577,0,0.000000,0.000000,1.000000,0.100000,0.000000,0.000000,0.620000,1.000000,8.000000,71.800000
1789078992.926066,0,0.000000,0.000000,1.000000,-0.100000,0.000000,0.000000,0.620000,1.000000,8.000000,71.800000
1789078992.926590,0,0.000000,0.000000,1.000000,-0.100000,0.000000,0.000000,0.180000,0.000000,8.000000,71.810000
1789078992.948581,0,0.000000,0.000000,1.000000,-0.050000,0.000000,0.000000,0.620000,1.000000,8.000000,71.830000
1789078992.970225,0,0.000000,0.000000,1.000000,0.010000,0.000000,0.000000,0.340000,1.000000,8.000000,71.830000
1789078992.970723,0,0.000000,0.000000,1.000000,0.010000,0.000000,0.000000,0.620000,1.000000,8.000000,71.840000
1789078992.971275,0,0.000000,0.000000,1.000000,0.050000,0.000000,0.000000,0.620000,1.000000,8.000000,71.860000
1789078992.992288,0,0.000000,0.000000,1.000000,-0.050000,0.000000,0.000000,0.620000,1.000000,8.000000,71.870000
1789078992.992788,0,0.000000,0.000000,1.000000,0.000000,0.000000,0.000000,0.620000,1.000000,8.000000,71.870000
1789078993.014117,0,0.000000,0.000000,1.000000,-0.140000,0.000000,0.000000,0.340000,1.000000,8.000000,71.880000
1789078993.014953,0,0.000000,0.000000,1.000000,-0.100000,0.000000,0.000000,0.470000,1.000000,8.000000,71.900000
1789078993.037964,0,0.000000,0.000000,1.000000,0.010000,0.000000,0.000000,0.620000,1.000000,8.000000,71.910000
1789078993.038631,0,0.000000,0.000000,1.000000,0.100000,0.000000,0.000000,0.470000,1.000000,8.000000,71.910000
1789078993.059927,0,0.000000,0.000000,1.000000,0.000000,0.000000,0.000000,0.340000,1.000000,8.000000,71.930000
1789078993.060430,0,0.000000,0.000000,1.000000,0.000000,0.000000,0.000000,0.470000,1.000000,8.000000,71.940000
1789078993.082400,0,0.000000,0.000000,1.000000,0.100000,0.000000,0.000000,0.340000,1.000000,8.000000,71.940000
1789078993.082948,0,0.000000,0.000000,1.000000,0.000000,0.000000,0.000000,0.470000,1.000000,8.000000,71.950000
1789078993.104760,0,0.000000,0.000000,1.000000,0.150000,0.000000,0.000000,0.620000,1.000000,8.000000,71.970000
1789078993.105266,0,0.000000,0.000000,1.000000,-0.050000,0.000000,0.000000,0.340000,1.000000,8.000000,71.980000
1789078993.105698,0,0.000000,0.000000,1.000000,-0.100000,0.000000,0.000000,0.470000,1.000000,8.000000,71.980000
1789078993.127332,0,0.000000,0.000000,1.000000,0.050000,0.000000,0.000000,0.470000,1.000000,8.000000,72.000000
1789078993.127831,0,0.000000,0.000000,1.000000,0.150000,0.000000,0.000000,0.470000,1.000000,8.000000,72.010000
1789078993.149336,0,0.000000,0.000000,1.000000,0.010000,0.000000,0.000000,0.340000,1.000000,8.000000,72.010000
1789078993.150059,0,0.000000,0.000000,1.000000,-0.100000,0.000000,0.000000,0.910000,1.000000,8.000000,72.020000
1789078993.171176,0,0.000000,0.000000,1.000000,-0.050000,0.000000,0.000000,0.760000,1.000000,8.000000,72.040000
1789078993.171740,0,0.000000,0.000000,1.000000,-0.100000,0.000000,0.000000,0.910000,1.000000,8.000000,72.050000
1789078993.172327,0,0.000000,0.000000,1.000000,0.000000,0.000000,0.000000,0.340000,1.000000,8.000000,72.050000
1789078993.195244,0,0.000000,0.000000,1.000000,0.050000,0.000000,0.000000,0.760000,1.000000,8.000000,72.060000
1789078993.195930,0,0.000000,0.000000,1.000000,0.010000,0.000000,0.000000,0.340000,1.000000,8.000000,72.080000
1789078993.218169,0,0.000000,0.000000,1.000000,-0.140000,0.000000,0.000000,0.760000,1.000000,8.000000,72.080000
1789078993.218646,0,0.000000,0.000000,1.000000,-0.050000,0.000000,0.000000,0.340000,1.000000,8.000000,72.090000
1789078993.240411,0,0.000000,0.000000,1.000000,0.100000,0.000000,0.000000,0.470000,1.000000,8.000000,72.110000
1789078993.240915,0,0.000000,0.000000,1.000000,0.010000,0.000000,0.000000,0.340000,1.000000,8.000000,72.120000
1789078993.262943,0,0.000000,0.000000,1.000000,0.000000,0.000000,0.000000,0.760000,1.000000,8.000000,72.120000
1789078993.263452,0,0.000000,0.000000,1.000000,0.100000,0.000000,0.000000,0.620000,1.000000,8.000000,72.130000
1789078993.284714,0,0.000000,0.000000,1.000000,0.010000,0.000000,0.000000,0.340000,1.000000,8.000000,72.150000
1789078993.285216,0,0.000000,0.000000,1.000000,0.010000,0.000000,0.000000,0.760000,1.000000,8.000000,72.160000
1789078993.285620,0,0.000000,0.000000,1.000000,0.100000,0.000000,0.000000,0.470000,1.000000,8.000000,72.160000
1789078993.308648,0,0.000000,0.000000,1.000000,0.000000,0.000000,0.000000,0.340000,1.000000,8.000000,72.180000
1789078993.309148,0,0.000000,0.000000,1.000000,0.050000,0.000000,0.000000,0.470000,1.000000,8.000000,72.190000
1789078993.331589,0,0.000000,0.000000,1.000000,0.050000,0.000000,0.000000,0.620000,1.000000,8.000000,72.190000
1789078993.332101,0,0.000000,0.000000,1.000000,-0.050000,0.000000,0.000000,0.470000,1.000000,8.000000,72.200000
1789078993.354916,0,0.000000,0.000000,1.000000,0.000000,0.000000,0.000000,0.620000,1.000000,8.000000,72.220000
1789078993.355480,0,0.000000,0.000000,1.000000,-0.180000,0.000000,0.000000,0.620000,1.000000,8.000000,72.230000
1789078993.355893,0,0.000000,0.000000,1.000000,0.100000,0.000000,0.000000,0.910000,1.000000,8.000000,72.230000
1789078993.378704,0,0.000000,0.000000,1.000000,-0.140000,0.000000,0.000000,0.910000,1.000000,8.000000,72.250000
1789078993.379201,0,0.000000,0.000000,1.000000,-0.100000,0.000000,0.000000,0.340000,1.000000,8.000000,72.260000
1789078993.401373,0,0.000000,0.000000,1.000000,0.050000,0.000000,0.000000,0.760000,1.000000,8.000000,72.260000
1789078993.401877,0,0.000000,0.000000,1.000000,0.100000,0.000000,0.000000,0.470000,1.000000,8.000000,72.270000
1789078993.424711,0,0.000000,0.000000,1.000000,0.050000,0.000000,0.000000,0.620000,1.000000,8.000000,72.290000
1789078993.425300,0,0.000000,0.000000,1.000000,-0.050000,0.000000,0.000000,0.180000,0.000000,8.000000,72.300000
1789078993.449155,0,0.000000,0.000000,1.000000,0.010000,0.000000,0.000000,0.470000,1.000000,8.000000,72.300000
1789078993.449788,0,0.000000,0.000000,1.000000,0.010000,0.000000,0.000000,0.340000,1.000000,8.000000,72.310000
1789078993.473556,0,0.000000,0.000000,1.000000,0.000000,0.000000,0.000000,1.050000,1.000000,8.000000,72.330000
1789078993.474058,0,0.000000,0.000000,1.000000,0.010000,0.000000,0.000000,0.340000,1.000000,8.000000,72.340000
1789078993.474581,0,0.000000,0.000000,1.000000,0.000000,0.000000,0.000000,0.470000,1.000000,8.000000,72.360000
1789078993.498112,0,0.000000,0.000000,1.000000,0.000000,0.000000,0.000000,0.470000,1.000000,8.000000,72.370000
1789078993.498721,0,0.000000,0.000000,1.000000,-0.050000,0.000000,0.000000,0.760000,1.000000,8.000000,72.370000
1789078993.520601,0,0.000000,0.000000,1.000000,0.010000,0.000000,0.000000,0.470000,1.000000,8.000000,72.380000
1789078993.521111,0,0.000000,0.000000,1.000000,0.050000,0.000000,0.000000,0.620000,1.000000,8.000000,72.400000
1789078993.521528,0,0.000000,0.000000,1.000000,0.010000,0.000000,0.000000,0.340000,1.000000,8.000000,72.410000
1789078993.546258,0,0.000000,0.000000,1.000000,-0.140000,0.000000,0.000000,0.470000,1.000000,8.000000,72.410000
1789078993.547040,0,0.000000,0.000000,1.000000,-0.180000,0.000000,0.000000,0.340000,1.000000,8.000000,72.430000
1789078993.569774,0,0.000000,0.000000,1.000000,-0.050000,0.000000,0.000000,-0.070000,0.000000,8.000000,72.440000
1789078993.570334,0,0.000000,0.000000,1.000000,0.050000,0.000000,0.000000,0.910000,1.000000,8.000000,72.440000
1789078993.570789,0,0.000000,0.000000,1.000000,0.000000,0.000000,0.000000,0.340000,1.000000,8.000000,72.450000
1789078993.571237,0,0.000000,0.000000,1.000000,0.100000,0.000000,0.000000,0.470000,1.000000,8.000000,72.470000
1789078993.592618,0,0.000000,0.000000,1.000000,0.100000,0.000000,0.000000,0.340000,1.000000,8.000000,72.480000
1789078993.613708,0,0.000000,0.000000,1.000000,0.150000,0.000000,0.000000,0.620000,1.000000,8.000000,72.480000
1789078993.614315,0,0.000000,0.000000,1.000000,-0.100000,0.000000,0.000000,0.340000,1.000000,8.000000,72.500000
1789078993.636288,0,0.000000,0.000000,1.000000,0.010000,0.000000,0.000000,1.210000,1.000000,8.000000,72.510000
1789078993.636907,0,0.000000,0.000000,1.000000,0.100000,0.000000,0.000000,0.620000,1.000000,8.000000,72.510000
1789078993.637499,0,0.000000,0.000000,1.000000,0.010000,0.000000,0.000000,0.340000,1.000000,8.000000,72.520000
1789078993.659713,0,0.000000,0.000000,1.000000,-0.050000,0.000000,0.000000,0.620000,1.000000,8.000000,72.540000
1789078993.660400,0,0.000000,0.000000,1.000000,-0.050000,0.000000,0.000000,0.340000,1.000000,8.000000,72.550000
1789078993.682885,0,0.000000,0.000000,1.000000,-0.100000,0.000000,0.000000,0.620000,1.000000,8.000000,72.550000
1789078993.683380,0,0.000000,0.000000,1.000000,0.000000,0.000000,0.000000,0.760000,1.000000,8.000000,72.560000
1789078993.705492,0,0.000000,0.000000,1.000000,-0.140000,0.000000,0.000000,0.470000,1.000000,8.000000,72.580000
1789078993.706000,0,0.000000,0.000000,1.000000,0.010000,0.000000,0.000000,0.470000,1.000000,8.000000,72.580000
1789078993.706439,0,0.000000,0.000000,1.000000,-0.100000,0.000000,0.000000,0.620000,1.000000,8.000000,72.580000
1789078993.727813,0,0.000000,0.000000,1.000000,-0.100000,0.000000,0.000000,0.470000,1.000000,8.000000,72.590000
1789078993.728317,0,0.000000,0.000000,1.000000,0.000000,0.000000,0.000000,0.470000,1.000000,8.000000,72.610000
1789078993.750203,0,0.000000,0.000000,1.000000,0.010000,0.000000,0.000000,0.340000,1.000000,8.000000,72.620000
1789078993.750701,0,0.000000,0.000000,1.000000,0.000000,0.000000,0.000000,0.760000,1.000000,8.000000,72.620000
1789078993.772158,0,0.000000,0.000000,1.000000,0.050000,0.000000,0.000000,0.340000,1.000000,8.000000,72.630000
1789078993.772662,0,0.000000,0.000000,1.000000,-0.140000,0.000000,0.000000,0.620000,1.000000,8.000000,72.650000
1789078993.794017,0,0.000000,0.000000,1.000000,-0.050000,0.000000,0.000000,0.340000,1.000000,8.000000,72.660000
1789078993.794575,0,0.000000,0.000000,1.000000,-0.050000,0.000000,0.000000,0.910000,1.000000,8.000000,72.660000
1789078993.817288,0,0.000000,0.000000,1.000000,0.000000,0.000000,0.000000,0.340000,1.000000,8.000000,72.680000
1789078993.817878,0,0.000000,0.000000,1.000000,-0.230000,0.000000,0.000000,0.470000,1.000000,8.000000,72.690000
1789078993.839710,0,0.000000,0.000000,1.000000,0.000000,0.000000,0.000000,0.470000,1.000000,8.000000,72.690000
1789078993.840216,0,0.000000,0.000000,1.000000,-0.140000,0.000000,0.000000,0.910000,1.000000,8.000000,72.720000
1789078993.861561,0,0.000000,0.000000,1.000000,-0.100000,0.000000,0.000000,0.470000,1.000000,8.000000,72.730000
1789078993.862188,0,0.000000,0.000000,1.000000,0.000000,0.000000,0.000000,0.760000,1.000000,8.000000,72.730000
1789078993.883605,0,0.000000,0.000000,1.000000,0.100000,0.000000,0.000000,0.760000,1.000000,8.000000,72.750000
1789078993.884362,0,0.000000,0.000000,1.000000,-0.050000,0.000000,0.000000,0.340000,1.000000,8.000000,72.760000
1789078993.884892,0,0.000000,0.000000,1.000000,0.050000,0.000000,0.000000,0.470000,1.000000,8.000000,72.760000
1789078993.906259,0,0.000000,0.000000,1.000000,0.100000,0.000000,0.000000,0.760000,1.000000,8.000000,72.770000
1789078993.906813,0,0.000000,0.000000,1.000000,0.050000,0.000000,0.000000,0.620000,1.000000,8.000000,72.790000
1789078993.928437,0,0.000000,0.000000,1.000000,0.150000,0.000000,0.000000,0.620000,1.000000,8.000000,72.800000
1789078993.929003,0,0.000000,0.000000,1.000000,0.000000,0.000000,0.000000,0.760000,1.000000,8.000000,72.800000
1789078993.929580,0,0.000000,0.000000,1.000000,0.000000,0.000000,0.000000,0.180000,0.000000,8.000000,72.810000
1789078993.951609,0,0.000000,0.000000,1.000000,0.050000,0.000000,0.000000,0.620000,1.000000,8.000000,72.830000
1789078993.952222,0,0.000000,0.000000,1.000000,0.000000,0.000000,0.000000,0.180000,0.000000,8.000000,72.830000
1789078993.973458,0,0.000000,0.000000,1.000000,0.000000,0.000000,0.000000,0.470000,1.000000,8.000000,72.840000
1789078993.973945,0,0.000000,0.000000,1.000000,0.050000,0.000000,0.000000,0.760000,1.000000,8.000000,72.860000
1789078993.995569,0,0.000000,0.000000,1.000000,0.000000,0.000000,0.000000,0.340000,1.000000,8.000000,72.870000
1789078993.996067,0,0.000000,0.000000,1.000000,0.010000,0.000000,0.000000,0.340000,1.000000,8.000000,72.870000
1789078994.018202,0,0.000000,0.000000,1.000000,0.000000,0.000000,0.000000,0.620000,1.000000,8.000000,72.880000
1789078994.018838,0,0.000000,0.000000,1.000000,-0.050000,0.000000,0.000000,0.470000,1.000000,8.000000,72.900000
1789078994.019593,0,0.000000,0.000000,1.000000,0.000000,0.000000,0.000000,0.470000,1.000000,8.000000,72.910000
1789078994.040820,0,0.000000,0.000000,1.000000,0.050000,0.000000,0.000000,0.760000,1.000000,8.000000,72.910000
1789078994.041425,0,0.000000,0.000000,1.000000,0.050000,0.000000,0.000000,0.620000,1.000000,8.000000,72.930000
1789078994.062404,0,0.000000,0.000000,1.000000,0.370000,0.000000,0.000000,0.470000,1.000000,8.000000,72.940000
1789078994.062901,0,0.000000,0.000000,1.000000,0.010000,0.000000,0.000000,0.470000,1.000000,8.000000,72.940000
1789078994.084249,0,0.000000,0.000000,1.000000,0.010000,0.000000,0.000000,0.910000,1.000000,8.000000,72.950000
1789078994.084777,0,0.000000,0.000000,1.000000,-0.050000,0.000000,0.000000,0.470000,1.000000,8.000000,72.970000
1789078994.085346,0,0.000000,0.000000,1.000000,-0.050000,0.000000,0.000000,0.760000,1.000000,8.000000,72.980000
1789078994.107569,0,0.000000,0.000000,1.000000,0.050000,0.000000,0.000000,0.180000,0.000000,8.000000,72.980000
1789078994.129504,0,0.000000,0.000000,1.000000,-0.140000,0.000000,0.000000,0.470000,1.000000,8.000000,73.000000
1789078994.130196,0,0.000000,0.000000,1.000000,-0.050000,0.000000,0.000000,0.470000,1.000000,8.000000,73.010000
1789078994.130741,0,0.000000,0.000000,1.000000,0.050000,0.000000,0.000000,0.620000,1.000000,8.000000,73.010000
1789078994.153218,0,0.000000,0.000000,1.000000,-0.050000,0.000000,0.000000,0.340000,1.000000,8.000000,73.020000
1789078994.153978,0,0.000000,0.000000,1.000000,0.100000,0.000000,0.000000,0.620000,1.000000,8.000000,73.040000
1789078994.175066,0,0.000000,0.000000,1.000000,0.000000,0.000000,0.000000,0.620000,1.000000,8.000000,73.050000
1789078994.175566,0,0.000000,0.000000,1.000000,0.050000,0.000000,0.000000,0.760000,1.000000,8.000000,73.050000
1789078994.197185,0,0.000000,0.000000,1.000000,0.180000,0.000000,0.000000,1.050000,1.000000,8.000000,73.060000
1789078994.197685,0,0.000000,0.000000,1.000000,0.010000,0.000000,0.000000,0.180000,0.000000,8.000000,73.060000
1789078994.198248,0,0.000000,0.000000,1.000000,-0.050000,0.000000,0.000000,0.620000,1.000000,8.000000,73.080000
1789078994.219213,0,0.000000,0.000000,1.000000,-0.140000,0.000000,0.000000,0.180000,0.000000,8.000000,73.090000
1789078994.219995,0,0.000000,0.000000,1.000000,0.050000,0.000000,0.000000,0.760000,1.000000,8.000000,73.110000
1789078994.242317,0,0.000000,0.000000,1.000000,0.050000,0.000000,0.000000,0.620000,1.000000,8.000000,73.120000
1789078994.264974,0,0.000000,0.000000,1.000000,0.000000,0.000000,0.000000,0.470000,1.000000,8.000000,73.120000
1789078994.265852,0,0.000000,0.000000,1.000000,0.100000,0.000000,0.000000,0.760000,1.000000,8.000000,73.130000
1789078994.287018,0,0.000000,0.000000,1.000000,0.100000,0.000000,0.000000,0.470000,1.000000,8.000000,73.150000
1789078994.287576,0,0.000000,0.000000,1.000000,0.000000,0.000000,0.000000,0.760000,1.000000,8.000000,73.160000
1789078994.288127,0,0.000000,0.000000,1.000000,-0.050000,0.000000,0.000000,0.910000,1.000000,8.000000,73.160000
1789078994.311058,0,0.000000,0.000000,1.000000,0.100000,0.000000,0.000000,0.620000,1.000000,8.000000,73.180000
1789078994.311950,0,0.000000,0.000000,1.000000,0.000000,0.000000,0.000000,0.470000,1.000000,8.000000,73.190000
1789078994.333822,0,0.000000,0.000000,1.000000,0.100000,0.000000,0.000000,0.470000,1.000000,8.000000,73.190000
1789078994.334591,0,0.000000,0.000000,1.000000,0.010000,0.000000,0.000000,0.760000,1.000000,8.000000,73.200000
1789078994.335118,0,0.000000,0.000000,1.000000,-0.050000,0.000000,0.000000,0.910000,1.000000,8.000000,73.220000
1789078994.356153,0,0.000000,0.000000,1.000000,0.010000,0.000000,0.000000,0.340000,1.000000,8.000000,73.230000
1789078994.356705,0,0.000000,0.000000,1.000000,0.000000,0.000000,0.000000,0.620000,1.000000,8.000000,73.230000
1789078994.377707,0,0.000000,0.000000,1.000000,0.150000,0.000000,0.000000,0.340000,1.000000,8.000000,73.250000
1789078994.378212,0,0.000000,0.000000,1.000000,-0.140000,0.000000,0.000000,0.470000,1.000000,8.000000,73.260000
1789078994.378760,0,0.000000,0.000000,1.000000,-0.310000,0.000000,0.000000,0.760000,1.000000,8.000000,73.260000
1789078994.402300,0,0.000000,0.000000,1.000000,0.100000,0.000000,0.000000,0.340000,1.000000,8.000000,73.270000
1789078994.403062,0,0.000000,0.000000,1.000000,0.050000,0.000000,0.000000,0.340000,1.000000,8.000000,73.290000
1789078994.424698,0,0.000000,0.000000,1.000000,0.050000,0.000000,0.000000,0.180000,0.000000,8.000000,73.300000
1789078994.425348,0,0.000000,0.000000,1.000000,0.050000,0.000000,0.000000,0.620000,1.000000,8.000000,73.300000
1789078994.447148,0,0.000000,0.000000,1.000000,0.100000,0.000000,0.000000,0.760000,1.000000,8.000000,73.310000
1789078994.447695,0,0.000000,0.000000,1.000000,0.050000,0.000000,0.000000,0.470000,1.000000,8.000000,73.330000
1789078994.469128,0,0.000000,0.000000,1.000000,0.000000,0.000000,0.000000,0.620000,1.000000,8.000000,73.330000
1789078994.469688,0,0.000000,0.000000,1.000000,-0.140000,0.000000,0.000000,0.760000,1.000000,8.000000,73.340000
1789078994.492287,0,0.000000,0.000000,1.000000,-0.100000,0.000000,0.000000,0.910000,1.000000,8.000000,73.360000
1789078994.492993,0,0.000000,0.000000,1.000000,0.050000,0.000000,0.000000,0.620000,1.000000,8.000000,73.370000
1789078994.516778,0,0.000000,0.000000,1.000000,0.010000,0.000000,0.000000,0.470000,1.000000,8.000000,73.370000
1789078994.517288,0,0.000000,0.000000,1.000000,0.050000,0.000000,0.000000,0.760000,1.000000,8.000000,73.380000
1789078994.517846,0,0.000000,0.000000,1.000000,-0.050000,0.000000,0.000000,0.340000,1.000000,8.000000,73.400000
1789078994.539850,0,0.000000,0.000000,1.000000,0.100000,0.000000,0.000000,0.620000,1.000000,8.000000,73.410000
1789078994.540351,0,0.000000,0.000000,1.000000,0.000000,0.000000,0.000000,0.340000,1.000000,8.000000,73.410000
1789078994.562016,0,0.000000,0.000000,1.000000,0.000000,0.000000,0.000000,0.760000,1.000000,8.000000,73.430000
1789078994.562519,0,0.000000,0.000000,1.000000,0.100000,0.000000,0.000000,0.760000,1.000000,8.000000,73.440000
1789078994.562936,0,0.000000,0.000000,1.000000,-0.100000,0.000000,0.000000,0.470000,1.000000,8.000000,73.440000
1789078994.586304,0,0.000000,0.000000,1.000000,0.000000,0.000000,0.000000,0.470000,1.000000,8.000000,73.450000
1789078994.609067,0,0.000000,0.000000,1.000000,0.010000,0.000000,0.000000,0.340000,1.000000,8.000000,73.470000
1789078994.609617,0,0.000000,0.000000,1.000000,0.370000,0.000000,0.000000,0.470000,1.000000,8.000000,73.480000
1789078994.610021,0,0.000000,0.000000,1.000000,-0.100000,0.000000,0.000000,0.620000,1.000000,8.000000,73.480000
1789078994.631732,0,0.000000,0.000000,1.000000,0.050000,0.000000,0.000000,0.760000,1.000000,8.000000,73.500000
1789078994.632535,0,0.000000,0.000000,1.000000,0.100000,0.000000,0.000000,0.470000,1.000000,8.000000,73.510000
1789078994.653468,0,0.000000,0.000000,1.000000,-0.100000,0.000000,0.000000,0.340000,1.000000,8.000000,73.510000
1789078994.653968,0,0.000000,0.000000,1.000000,0.050000,0.000000,0.000000,0.620000,1.000000,8.000000,73.520000
1789078994.654385,0,0.000000,0.000000,1.000000,0.050000,0.000000,0.000000,0.340000,1.000000,8.000000,73.540000
1789078994.677732,0,0.000000,0.000000,1.000000,0.010000,0.000000,0.000000,0.340000,1.000000,8.000000,73.550000
1789078994.700678,0,0.000000,0.000000,1.000000,-0.050000,0.000000,0.000000,0.340000,1.000000,8.000000,73.550000
1789078994.701155,0,0.000000,0.000000,1.000000,0.010000,0.000000,0.000000,0.760000,1.000000,8.000000,73.560000
1789078994.701688,0,0.000000,0.000000,1.000000,0.050000,0.000000,0.000000,0.470000,1.000000,8.000000,73.580000
1789078994.723007,0,0.000000,0.000000,1.000000,0.010000,0.000000,0.000000,0.760000,1.000000,8.000000,73.580000
1789078994.723508,0,0.000000,0.000000,1.000000,0.010000,0.000000,0.000000,0.760000,1.000000,8.000000,73.590000
1789078994.746437,0,0.000000,0.000000,1.000000,0.050000,0.000000,0.000000,0.760000,1.000000,8.000000,73.610000
1789078994.746985,0,0.000000,0.000000,1.000000,0.000000,0.000000,0.000000,0.470000,1.000000,8.000000,73.620000
1789078994.769585,0,0.000000,0.000000,1.000000,0.000000,0.000000,0.000000,0.760000,1.000000,8.000000,73.620000
1789078994.770188,0,0.000000,0.000000,1.000000,0.100000,0.000000,0.000000,0.760000,1.000000,8.000000,73.630000
1789078994.770701,0,0.000000,0.000000,1.000000,0.000000,0.000000,0.000000,0.760000,1.000000,8.000000,73.660000
1789078994.792895,0,0.000000,0.000000,1.000000,0.000000,0.000000,0.000000,0.620000,1.000000,8.000000,73.660000
1789078994.793376,0,0.000000,0.000000,1.000000,-0.050000,0.000000,0.000000,0.470000,1.000000,8.000000,73.680000
1789078994.815373,0,0.000000,0.000000,1.000000,0.010000,0.000000,0.000000,0.340000,1.000000,8.000000,73.690000
1789078994.815948,0,0.000000,0.000000,1.000000,0.010000,0.000000,0.000000,0.340000,1.000000,8.000000,73.690000
1789078994.837917,0,0.000000,0.000000,1.000000,0.000000,0.000000,0.000000,0.180000,0.000000,8.000000,73.700000
1789078994.838395,0,0.000000,0.000000,1.000000,0.100000,0.000000,0.000000,0.910000,1.000000,8.000000,73.720000
1789078994.859672,0,0.000000,0.000000,1.000000,-0.050000,0.000000,0.000000,0.470000,1.000000,8.000000,73.730000
1789078994.860180,0,0.000000,0.000000,1.000000,-0.270000,0.000000,0.000000,0.620000,1.000000,8.000000,73.730000
1789078994.860724,0,0.000000,0.000000,1.000000,-0.050000,0.000000,0.000000,0.470000,1.000000,8.000000,73.750000
1789078994.881692,0,0.000000,0.000000,1.000000,0.000000,0.000000,0.000000,0.760000,1.000000,8.000000,73.760000
1789078994.882306,0,0.000000,0.000000,1.000000,0.010000,0.000000,0.000000,0.620000,1.000000,8.000000,73.760000
1789078994.903847,0,0.000000,0.000000,1.000000,0.000000,0.000000,0.000000,0.470000,1.000000,8.000000,73.770000
1789078994.904554,0,0.000000,0.000000,1.000000,0.000000,0.000000,0.000000,0.470000,1.000000,8.000000,73.790000
1789078994.925496,0,0.000000,0.000000,1.000000,0.000000,0.000000,0.000000,1.050000,1.000000,8.000000,73.800000
1789078994.926155,0,0.000000,0.000000,1.000000,0.010000,0.000000,0.000000,0.180000,0.000000,8.000000,73.800000
1789078994.947672,0,0.000000,0.000000,1.000000,0.050000,0.000000,0.000000,0.340000,1.000000,8.000000,73.810000
1789078994.948322,0,0.000000,0.000000,1.000000,0.010000,0.000000,0.000000,0.470000,1.000000,8.000000,73.830000
1789078994.971047,0,0.000000,0.000000,1.000000,0.000000,0.000000,0.000000,0.620000,1.000000,8.000000,73.830000
1789078994.994074,0,0.000000,0.000000,1.000000,0.100000,0.000000,0.000000,0.620000,1.000000,8.000000,73.840000
1789078994.994684,0,0.000000,0.000000,1.000000,-0.050000,0.000000,0.000000,0.340000,1.000000,8.000000,73.860000
1789078994.995119,0,0.000000,0.000000,1.000000,0.100000,0.000000,0.000000,0.910000,1.000000,8.000000,73.870000
1789078995.018266,0,0.000000,0.000000,1.000000,0.000000,0.000000,0.000000,0.340000,1.000000,8.000000,73.870000
1789078995.018765,0,0.000000,0.000000,1.000000,0.010000,0.000000,0.000000,0.620000,1.000000,8.000000,73.880000
1789078995.019281,0,0.000000,0.000000,1.000000,-0.050000,0.000000,0.000000,0.620000,1.000000,8.000000,73.900000
1789078995.040527,0,0.000000,0.000000,1.000000,0.000000,0.000000,0.000000,0.620000,1.000000,8.000000,73.910000
1789078995.041090,0,0.000000,0.000000,1.000000,0.400000,0.000000,0.000000,0.620000,1.000000,8.000000,73.910000
1789078995.063245,0,0.000000,0.000000,1.000000,0.180000,0.000000,0.000000,0.910000,1.000000,8.000000,73.930000
1789078995.063751,0,0.000000,0.000000,1.000000,0.150000,0.000000,0.000000,0.620000,1.000000,8.000000,73.940000
1789078995.085597,0,0.000000,0.000000,1.000000,0.000000,0.000000,0.000000,0.470000,1.000000,8.000000,73.940000
1789078995.086103,0,0.000000,0.000000,1.000000,-0.050000,0.000000,0.000000,1.050000,1.000000,8.000000,73.950000
1789078995.108130,0,0.000000,0.000000,1.000000,0.010000,0.000000,0.000000,0.470000,1.000000,8.000000,73.970000
1789078995.108636,0,0.000000,0.000000,1.000000,-0.140000,0.000000,0.000000,0.470000,1.000000,8.000000,73.980000
1789078995.129860,0,0.000000,0.000000,1.000000,-0.100000,0.000000,0.000000,0.620000,1.000000,8.000000,73.980000
1789078995.130353,0,0.000000,0.000000,1.000000,0.000000,0.000000,0.000000,0.760000,1.000000,8.000000,74.000000
1789078995.130764,0,0.000000,0.000000,1.000000,0.000000,0.000000,0.000000,0.470000,1.000000,8.000000,74.010000
1789078995.131151,0,0.000000,0.000000,1.000000,0.230000,0.000000,0.000000,0.620000,1.000000,8.000000,74.010000
1789078995.152759,0,0.000000,0.000000,1.000000,-0.050000,0.000000,0.000000,0.340000,1.000000,8.000000,74.020000
1789078995.174364,0,0.000000,0.000000,1.000000,0.010000,0.000000,0.000000,0.340000,1.000000,8.000000,74.040000
1789078995.174872,0,0.000000,0.000000,1.000000,-0.050000,0.000000,0.000000,0.620000,1.000000,8.000000,74.050000
1789078995.175293,0,0.000000,0.000000,1.000000,0.050000,0.000000,0.000000,0.760000,1.000000,8.000000,74.050000
1789078995.197180,0,0.000000,0.000000,1.000000,-0.140000,0.000000,0.000000,0.340000,1.000000,8.000000,74.060000
1789078995.197691,0,0.000000,0.000000,1.000000,0.000000,0.000000,0.000000,0.340000,1.000000,8.000000,74.080000
1789078995.220581,0,0.000000,0.000000,1.000000,0.010000,0.000000,0.000000,0.180000,0.000000,8.000000,74.080000
1789078995.221084,0,0.000000,0.000000,1.000000,0.050000,0.000000,0.000000,0.910000,1.000000,8.000000,74.090000
1789078995.243329,0,0.000000,0.000000,1.000000,-0.050000,0.000000,0.000000,0.470000,1.000000,8.000000,74.110000
1789078995.243877,0,0.000000,0.000000,1.000000,0.050000,0.000000,0.000000,0.620000,1.000000,8.000000,74.120000
1789078995.267124,0,0.000000,0.000000,1.000000,0.100000,0.000000,0.000000,0.760000,1.000000,8.000000,74.120000
1789078995.267612,0,0.000000,0.000000,1.000000,-0.140000,0.000000,0.000000,-0.070000,0.000000,8.000000,74.130000
1789078995.288973,0,0.000000,0.000000,1.000000,0.010000,0.000000,0.000000,0.470000,1.000000,8.000000,74.150000
1789078995.289476,0,0.000000,0.000000,1.000000,0.100000,0.000000,0.000000,0.910000,1.000000,8.000000,74.160000
1789078995.311434,0,0.000000,0.000000,1.000000,0.150000,0.000000,0.000000,0.760000,1.000000,8.000000,74.180000
1789078995.311937,0,0.000000,0.000000,1.000000,0.100000,0.000000,0.000000,0.910000,1.000000,8.000000,74.190000
1789078995.335287,0,0.000000,0.000000,1.000000,0.050000,0.000000,0.000000,0.620000,1.000000,8.000000,74.190000
1789078995.335831,0,0.000000,0.000000,1.000000,-0.050000,0.000000,0.000000,0.910000,1.000000,8.000000,74.200000
1789078995.358341,0,0.000000,0.000000,1.000000,0.050000,0.000000,0.000000,0.340000,1.000000,8.000000,74.220000
1789078995.358842,0,0.000000,0.000000,1.000000,0.010000,0.000000,0.000000,0.620000,1.000000,8.000000,74.230000
1789078995.359258,0,0.000000,0.000000,1.000000,0.010000,0.000000,0.000000,0.760000,1.000000,8.000000,74.230000
1789078995.380676,0,0.000000,0.000000,1.000000,0.010000,0.000000,0.000000,-0.070000,0.000000,8.000000,74.250000
1789078995.381173,0,0.000000,0.000000,1.000000,-0.180000,0.000000,0.000000,0.340000,1.000000,8.000000,74.260000
1789078995.403352,0,0.000000,0.000000,1.000000,0.280000,0.000000,0.000000,0.760000,1.000000,8.000000,74.260000
1789078995.403865,0,0.000000,0.000000,1.000000,0.310000,0.000000,0.000000,0.180000,0.000000,8.000000,74.270000
1789078995.424645,0,0.000000,0.000000,1.000000,0.100000,0.000000,0.000000,0.470000,1.000000,8.000000,74.290000
1789078995.425143,0,0.000000,0.000000,1.000000,0.000000,0.000000,0.000000,0.620000,1.000000,8.000000,74.300000
1789078995.425561,0,0.000000,0.000000,1.000000,0.050000,0.000000,0.000000,0.470000,1.000000,8.000000,74.300000
1789078995.447653,0,0.000000,0.000000,1.000000,-0.140000,0.000000,0.000000,0.340000,1.000000,8.000000,74.310000
1789078995.448246,0,0.000000,0.000000,1.000000,0.050000,0.000000,0.000000,0.760000,1.000000,8.000000,74.330000
1789078995.471062,0,0.000000,0.000000,1.000000,0.100000,0.000000,0.000000,0.760000,1.000000,8.000000,74.330000
1789078995.471566,0,0.000000,0.000000,1.000000,-0.140000,0.000000,0.000000,0.340000,1.000000,8.000000,74.340000
1789078995.493842,0,0.000000,0.000000,1.000000,-0.100000,0.000000,0.000000,0.470000,1.000000,8.000000,74.360000
1789078995.494345,0,0.000000,0.000000,1.000000,-0.100000,0.000000,0.000000,0.620000,1.000000,8.000000,74.370000
1789078995.516993,0,0.000000,0.000000,1.000000,0.150000,0.000000,0.000000,0.910000,1.000000,8.000000,74.370000
1789078995.517544,0,0.000000,0.000000,1.000000,0.010000,0.000000,0.000000,0.470000,1.000000,8.000000,74.380000
1789078995.517944,0,0.000000,0.000000,1.000000,0.100000,0.000000,0.000000,0.340000,1.000000,8.000000,74.400000
1789078995.540799,0,0.000000,0.000000,1.000000,0.000000,0.000000,0.000000,0.910000,1.000000,8.000000,74.410000
1789078995.541296,0,0.000000,0.000000,1.000000,0.000000,0.000000,0.000000,0.620000,1.000000,8.000000,74.410000
1789078995.541803,0,0.000000,0.000000,1.000000,0.010000,0.000000,0.000000,0.340000,1.000000,8.000000,74.430000
1789078995.564151,0,0.000000,0.000000,1.000000,0.100000,0.000000,0.000000,0.620000,1.000000,8.000000,74.440000
1789078995.564779,0,0.000000,0.000000,1.000000,-0.140000,0.000000,0.000000,0.180000,0.000000,8.000000,74.440000
1789078995.587029,0,0.000000,0.000000,1.000000,-0.050000,0.000000,0.000000,0.180000,0.000000,8.000000,74.450000
1789078995.587586,0,0.000000,0.000000,1.000000,0.010000,0.000000,0.000000,0.760000,1.000000,8.000000,74.470000
1789078995.609382,0,0.000000,0.000000,1.000000,0.050000,0.000000,0.000000,0.340000,1.000000,8.000000,74.480000
1789078995.610140,0,0.000000,0.000000,1.000000,0.010000,0.000000,0.000000,0.620000,1.000000,8.000000,74.480000
1789078995.631999,0,0.000000,0.000000,1.000000,0.050000,0.000000,0.000000,0.470000,1.000000,8.000000,74.500000
1789078995.632650,0,0.000000,0.000000,1.000000,0.000000,0.000000,0.000000,0.620000,1.000000,8.000000,74.510000
1789078995.633075,0,0.000000,0.000000,1.000000,0.010000,0.000000,0.000000,0.760000,1.000000,8.000000,74.510000
1789078995.655227,0,0.000000,0.000000,1.000000,0.010000,0.000000,0.000000,0.760000,1.000000,8.000000,74.520000
1789078995.655743,0,0.000000,0.000000,1.000000,0.010000,0.000000,0.000000,0.340000,1.000000,8.000000,74.540000
1789078995.678096,0,0.000000,0.000000,1.000000,-0.050000,0.000000,0.000000,0.620000,1.000000,8.000000,74.550000
1789078995.678596,0,0.000000,0.000000,1.000000,0.000000,0.000000,0.000000,0.620000,1.000000,8.000000,74.550000
1789078995.701021,0,0.000000,0.000000,1.000000,0.000000,0.000000,0.000000,0.470000,1.000000,8.000000,74.560000
1789078995.701564,0,0.000000,0.000000,1.000000,0.100000,0.000000,0.000000,0.180000,0.000000,8.000000,74.580000
1789078995.723478,0,0.000000,0.000000,1.000000,0.000000,0.000000,0.000000,0.470000,1.000000,8.000000,74.580000
1789078995.723977,0,0.000000,0.000000,1.000000,-0.050000,0.000000,0.000000,0.340000,1.000000,8.000000,74.590000
1789078995.745096,0,0.000000,0.000000,1.000000,0.050000,0.000000,0.000000,0.620000,1.000000,8.000000,74.610000
1789078995.745596,0,0.000000,0.000000,1.000000,0.000000,0.000000,0.000000,-0.070000,0.000000,8.000000,74.620000
1789078995.746085,0,0.000000,0.000000,1.000000,-0.100000,0.000000,0.000000,0.760000,1.000000,8.000000,74.620000
1789078995.767715,0,0.000000,0.000000,1.000000,-0.100000,0.000000,0.000000,0.910000,1.000000,8.000000,74.630000
1789078995.768226,0,0.000000,0.000000,1.000000,0.010000,0.000000,0.000000,0.470000,1.000000,8.000000,74.650000
1789078995.790293,0,0.000000,0.000000,1.000000,0.010000,0.000000,0.000000,0.470000,1.000000,8.000000,74.660000
1789078995.812107,0,0.000000,0.000000,1.000000,0.010000,0.000000,0.000000,0.470000,1.000000,8.000000,74.660000
1789078995.812618,0,0.000000,0.000000,1.000000,0.000000,0.000000,0.000000,0.620000,1.000000,8.000000,74.680000
1789078995.813138,0,0.000000,0.000000,1.000000,-0.100000,0.000000,0.000000,0.470000,1.000000,8.000000,74.690000
1789078995.835377,0,0.000000,0.000000,1.000000,0.000000,0.000000,0.000000,0.760000,1.000000,8.000000,74.690000
1789078995.857207,0,0.000000,0.000000,1.000000,0.000000,0.000000,0.000000,0.340000,1.000000,8.000000,74.700000
1789078995.857823,0,0.000000,0.000000,1.000000,0.010000,0.000000,0.000000,0.470000,1.000000,8.000000,74.720000
1789078995.858210,0,0.000000,0.000000,1.000000,0.010000,0.000000,0.000000,0.910000,1.000000,8.000000,74.730000
1789078995.880101,0,0.000000,0.000000,1.000000,0.050000,0.000000,0.000000,0.620000,1.000000,8.000000,74.750000
1789078995.880692,0,0.000000,0.000000,1.000000,-0.050000,0.000000,0.000000,0.340000,1.000000,8.000000,74.760000
1789078995.902786,0,0.000000,0.000000,1.000000,0.000000,0.000000,0.000000,0.340000,1.000000,8.000000,74.760000
1789078995.903291,0,0.000000,0.000000,1.000000,0.010000,0.000000,0.000000,0.340000,1.000000,8.000000,74.770000
1789078995.903850,0,0.000000,0.000000,1.000000,-0.050000,0.000000,0.000000,0.910000,1.000000,8.000000,74.790000
1789078995.926074,0,0.000000,0.000000,1.000000,0.100000,0.000000,0.000000,0.340000,1.000000,8.000000,74.790000
1789078995.926658,0,0.000000,0.000000,1.000000,0.050000,0.000000,0.000000,0.470000,1.000000,8.000000,74.800000
1789078995.949808,0,0.000000,0.000000,1.000000,0.100000,0.000000,0.000000,0.910000,1.000000,8.000000,74.810000
1789078995.950311,0,0.000000,0.000000,1.000000,0.000000,0.000000,0.000000,0.620000,1.000000,8.000000,74.830000
1789078995.975425,0,0.000000,0.000000,1.000000,0.050000,0.000000,0.000000,0.760000,1.000000,8.000000,74.830000
1789078996.000935,0,0.000000,0.000000,1.000000,0.100000,0.000000,0.000000,0.760000,1.000000,8.000000,74.840000
1789078996.001486,0,0.000000,0.000000,1.000000,0.000000,0.000000,0.000000,0.050000,0.000000,8.000000,74.860000
1789078996.001926,0,0.000000,0.000000,1.000000,-0.230000,0.000000,0.000000,0.620000,1.000000,8.000000,74.870000
1789078996.002416,0,0.000000,0.000000,1.000000,0.100000,0.000000,0.000000,0.470000,1.000000,8.000000,74.870000
1789078996.003056,0,0.000000,0.000000,1.000000,0.010000,0.000000,0.000000,0.470000,1.000000,8.000000,74.880000
1789078996.026939,0,0.000000,0.000000,1.000000,-0.050000,0.000000,0.000000,0.620000,1.000000,8.000000,74.900000
1789078996.051620,0,0.000000,0.000000,1.000000,-0.140000,0.000000,0.000000,0.470000,1.000000,8.000000,74.910000
1789078996.052139,0,0.000000,0.000000,1.000000,0.050000,0.000000,0.000000,0.340000,1.000000,8.000000,74.910000
1789078996.052523,0,0.000000,0.000000,1.000000,0.050000,0.000000,0.000000,0.910000,1.000000,8.000000,74.930000
1789078996.052888,0,0.000000,0.000000,1.000000,0.010000,0.000000,0.000000,0.340000,1.000000,8.000000,74.940000
1789078996.076311,0,0.000000,0.000000,1.000000,-0.050000,0.000000,0.000000,0.340000,1.000000,8.000000,74.940000
1789078996.077042,0,0.000000,0.000000,1.000000,0.000000,0.000000,0.000000,1.210000,1.000000,8.000000,74.950000
1789078996.100315,0,0.000000,0.000000,1.000000,0.100000,0.000000,0.000000,0.340000,1.000000,8.000000,74.970000
1789078996.100863,0,0.000000,0.000000,1.000000,0.000000,0.000000,0.000000,0.470000,1.000000,8.000000,74.970000
1789078996.101278,0,0.000000,0.000000,1.000000,-0.140000,0.000000,0.000000,0.340000,1.000000,8.000000,74.980000
1789078996.124201,0,0.000000,0.000000,1.000000,-0.180000,0.000000,0.000000,0.760000,1.000000,8.000000,74.980000
1789078996.124674,0,0.000000,0.000000,1.000000,-0.100000,0.000000,0.000000,0.470000,1.000000,8.000000,75.000000
1789078996.147815,0,0.000000,0.000000,1.000000,-0.050000,0.000000,0.000000,0.340000,1.000000,8.000000,75.010000
1789078996.148322,0,0.000000,0.000000,1.000000,0.010000,0.000000,0.000000,0.470000,1.000000,8.000000,75.010000
1789078996.172026,0,0.000000,0.000000,1.000000,-0.050000,0.000000,0.000000,-0.070000,0.000000,8.000000,75.020000
1789078996.172533,0,0.000000,0.000000,1.000000,0.010000,0.000000,0.000000,0.760000,1.000000,8.000000,75.040000
1789078996.172954,0,0.000000,0.000000,1.000000,0.050000,0.000000,0.000000,0.760000,1.000000,8.000000,75.050000
1789078996.196526,0,0.000000,0.000000,1.000000,0.010000,0.000000,0.000000,0.620000,1.000000,8.000000,75.050000
1789078996.197104,0,0.000000,0.000000,1.000000,0.010000,0.000000,0.000000,0.470000,1.000000,8.000000,75.060000
1789078996.220307,0,0.000000,0.000000,1.000000,-0.140000,0.000000,0.000000,0.620000,1.000000,8.000000,75.080000
1789078996.220810,0,0.000000,0.000000,1.000000,0.540000,0.000000,0.000000,0.620000,1.000000,8.000000,75.080000
1789078996.221211,0,0.000000,0.000000,1.000000,0.010000,0.000000,0.000000,0.470000,1.000000,8.000000,75.090000
1789078996.243182,0,0.000000,0.000000,1.000000,0.100000,0.000000,0.000000,0.760000,1.000000,8.000000,75.110000
1789078996.243684,0,0.000000,0.000000,1.000000,0.000000,0.000000,0.000000,-0.070000,0.000000,8.000000,75.120000
1789078996.265310,0,0.000000,0.000000,1.000000,-0.140000,0.000000,0.000000,0.620000,1.000000,8.000000,75.120000
1789078996.265872,0,0.000000,0.000000,1.000000,0.010000,0.000000,0.000000,0.470000,1.000000,8.000000,75.130000
1789078996.288067,0,0.000000,0.000000,1.000000,0.010000,0.000000,0.000000,0.470000,1.000000,8.000000,75.150000
1789078996.288573,0,0.000000,0.000000,1.000000,0.000000,0.000000,0.000000,0.470000,1.000000,8.000000,75.160000
1789078996.310700,0,0.000000,0.000000,1.000000,-0.050000,0.000000,0.000000,0.760000,1.000000,8.000000,75.160000
1789078996.311202,0,0.000000,0.000000,1.000000,0.010000,0.000000,0.000000,0.470000,1.000000,8.000000,75.180000
1789078996.334445,0,0.000000,0.000000,1.000000,0.010000,0.000000,0.000000,0.470000,1.000000,8.000000,75.190000
1789078996.334970,0,0.000000,0.000000,1.000000,-0.050000,0.000000,0.000000,0.470000,1.000000,8.000000,75.200000
1789078996.335378,0,0.000000,0.000000,1.000000,-0.230000,0.000000,0.000000,0.340000,1.000000,8.000000,75.200000
1789078996.357917,0,0.000000,0.000000,1.000000,0.000000,0.000000,0.000000,0.620000,1.000000,8.000000,75.220000
1789078996.358466,0,0.000000,0.000000,1.000000,0.010000,0.000000,0.000000,0.180000,0.000000,8.000000,75.230000
1789078996.358869,0,0.000000,0.000000,1.000000,-0.180000,0.000000,0.000000,0.470000,1.000000,8.000000,75.230000
1789078996.380726,0,0.000000,0.000000,1.000000,0.000000,0.000000,0.000000,0.470000,1.000000,8.000000,75.250000
1789078996.381228,0,0.000000,0.000000,1.000000,0.010000,0.000000,0.000000,0.340000,1.000000,8.000000,75.260000
1789078996.381646,0,0.000000,0.000000,1.000000,0.180000,0.000000,0.000000,0.620000,1.000000,8.000000,75.260000
1789078996.403064,0,0.000000,0.000000,1.000000,0.010000,0.000000,0.000000,0.180000,0.000000,8.000000,75.270000
1789078996.425050,0,0.000000,0.000000,1.000000,0.050000,0.000000,0.000000,0.340000,1.000000,8.000000,75.290000
1789078996.425553,0,0.000000,0.000000,1.000000,0.100000,0.000000,0.000000,0.620000,1.000000,8.000000,75.300000
1789078996.426167,0,0.000000,0.000000,1.000000,0.010000,0.000000,0.000000,1.050000,1.000000,8.000000,75.300000
1789078996.447437,0,0.000000,0.000000,1.000000,0.050000,0.000000,0.000000,0.340000,1.000000,8.000000,75.310000
1789078996.448071,0,0.000000,0.000000,1.000000,-0.050000,0.000000,0.000000,0.340000,1.000000,8.000000,75.330000
1789078996.469902,0,0.000000,0.000000,1.000000,0.000000,0.000000,0.000000,0.470000,1.000000,8.000000,75.330000
1789078996.470602,0,0.000000,0.000000,1.000000,0.000000,0.000000,0.000000,0.340000,1.000000,8.000000,75.340000
1789078996.491831,0,0.000000,0.000000,1.000000,-0.560000,0.000000,0.000000,1.050000,1.000000,8.000000,75.360000
1789078996.492333,0,0.000000,0.000000,1.000000,0.000000,0.000000,0.000000,1.050000,1.000000,8.000000,75.370000
1789078996.515667,0,0.000000,0.000000,1.000000,0.000000,0.000000,0.000000,0.620000,1.000000,8.000000,75.370000
1789078996.516298,0,0.000000,0.000000,1.000000,-0.050000,0.000000,0.000000,0.910000,1.000000,8.000000,75.380000
1789078996.518472,0,0.000000,0.000000,1.000000,0.010000,0.000000,0.000000,0.910000,1.000000,8.000000,75.400000
1789078996.540798,0,0.000000,0.000000,1.000000,0.000000,0.000000,0.000000,0.620000,1.000000,8.000000,75.410000
1789078996.541440,0,0.000000,0.000000,1.000000,0.010000,0.000000,0.000000,0.340000,1.000000,8.000000,75.410000
1789078996.563698,0,0.000000,0.000000,1.000000,0.010000,0.000000,0.000000,0.470000,1.000000,8.000000,75.430000
1789078996.564203,0,0.000000,0.000000,1.000000,-0.140000,0.000000,0.000000,0.760000,1.000000,8.000000,75.440000
1789078996.587030,0,0.000000,0.000000,1.000000,0.050000,0.000000,0.000000,0.470000,1.000000,8.000000,75.440000
1789078996.587538,0,0.000000,0.000000,1.000000,-0.050000,0.000000,0.000000,0.340000,1.000000,8.000000,75.450000
1789078996.609569,0,0.000000,0.000000,1.000000,0.010000,0.000000,0.000000,0.470000,1.000000,8.000000,75.470000
1789078996.610064,0,0.000000,0.000000,1.000000,0.230000,0.000000,0.000000,0.470000,1.000000,8.000000,75.480000
1789078996.610481,0,0.000000,0.000000,1.000000,-0.180000,0.000000,0.000000,0.340000,1.000000,8.000000,75.480000
1789078996.633019,0,0.000000,0.000000,1.000000,0.050000,0.000000,0.000000,0.760000,1.000000,8.000000,75.500000
1789078996.655776,0,0.000000,0.000000,1.000000,0.100000,0.000000,0.000000,0.470000,1.000000,8.000000,75.510000
1789078996.656277,0,0.000000,0.000000,1.000000,0.000000,0.000000,0.000000,0.760000,1.000000,8.000000,75.510000
1789078996.678987,0,0.000000,0.000000,1.000000,-0.050000,0.000000,0.000000,0.760000,1.000000,8.000000,75.540000
1789078996.679497,0,0.000000,0.000000,1.000000,0.010000,0.000000,0.000000,0.050000,0.000000,8.000000,75.550000
1789078996.680021,0,0.000000,0.000000,1.000000,0.100000,0.000000,0.000000,0.910000,1.000000,8.000000,75.550000
1789078996.702518,0,0.000000,0.000000,1.000000,0.010000,0.000000,0.000000,0.340000,1.000000,8.000000,75.560000
1789078996.703027,0,0.000000,0.000000,1.000000,0.050000,0.000000,0.000000,0.470000,1.000000,8.000000,75.580000
1789078996.725208,0,0.000000,0.000000,1.000000,0.000000,0.000000,0.000000,0.760000,1.000000,8.000000,75.580000
1789078996.725707,0,0.000000,0.000000,1.000000,-0.100000,0.000000,0.000000,0.760000,1.000000,8.000000,75.590000
1789078996.747895,0,0.000000,0.000000,1.000000,-0.180000,0.000000,0.000000,0.760000,1.000000,8.000000,75.610000
1789078996.748451,0,0.000000,0.000000,1.000000,0.440000,0.000000,0.000000,0.340000,1.000000,8.000000,75.620000
1789078996.771345,0,0.000000,0.000000,1.000000,0.150000,0.000000,0.000000,0.760000,1.000000,8.000000,75.620000
1789078996.771977,0,0.000000,0.000000,1.000000,0.150000,0.000000,0.000000,0.760000,1.000000,8.000000,75.650000
1789078996.772504,0,0.000000,0.000000,1.000000,0.010000,0.000000,0.000000,0.760000,1.000000,8.000000,75.660000
1789078996.794626,0,0.000000,0.000000,1.000000,0.000000,0.000000,0.000000,-0.070000,0.000000,8.000000,75.660000
1789078996.795219,0,0.000000,0.000000,1.000000,0.050000,0.000000,0.000000,0.760000,1.000000,8.000000,75.680000
1789078996.818152,0,0.000000,0.000000,1.000000,0.050000,0.000000,0.000000,0.470000,1.000000,8.000000,75.690000
1789078996.818659,0,0.000000,0.000000,1.000000,-0.100000,0.000000,0.000000,0.620000,1.000000,8.000000,75.690000
1789078996.841988,0,0.000000,0.000000,1.000000,0.000000,0.000000,0.000000,0.470000,1.000000,8.000000,75.700000
1789078996.842485,0,0.000000,0.000000,1.000000,0.050000,0.000000,0.000000,0.760000,1.000000,8.000000,75.720000
1789078996.864094,0,0.000000,0.000000,1.000000,-0.140000,0.000000,0.000000,0.620000,1.000000,8.000000,75.730000
1789078996.864596,0,0.000000,0.000000,1.000000,-0.100000,0.000000,0.000000,0.620000,1.000000,8.000000,75.730000
1789078996.865018,0,0.000000,0.000000,1.000000,0.010000,0.000000,0.000000,0.620000,1.000000,8.000000,75.750000
1789078996.886854,0,0.000000,0.000000,1.000000,-0.100000,0.000000,0.000000,0.340000,1.000000,8.000000,75.760000
1789078996.887362,0,0.000000,0.000000,1.000000,0.100000,0.000000,0.000000,0.340000,1.000000,8.000000,75.760000
1789078996.887781,0,0.000000,0.000000,1.000000,0.050000,0.000000,0.000000,0.620000,1.000000,8.000000,75.770000
1789078996.909971,0,0.000000,0.000000,1.000000,0.010000,0.000000,0.000000,0.470000,1.000000,8.000000,75.790000
1789078996.910441,0,0.000000,0.000000,1.000000,-0.100000,0.000000,0.000000,0.760000,1.000000,8.000000,75.800000
1789078996.910812,0,0.000000,0.000000,1.000000,-0.100000,0.000000,0.000000,0.340000,1.000000,8.000000,75.800000
1789078996.933705,0,0.000000,0.000000,1.000000,0.010000,0.000000,0.000000,0.470000,1.000000,8.000000,75.810000
1789078996.956252,0,0.000000,0.000000,1.000000,0.010000,0.000000,0.000000,1.210000,1.000000,8.000000,75.830000
1789078996.956771,0,0.000000,0.000000,1.000000,0.000000,0.000000,0.000000,0.340000,1.000000,8.000000,75.830000
1789078996.979063,0,0.000000,0.000000,1.000000,0.010000,0.000000,0.000000,0.910000,1.000000,8.000000,75.840000
1789078996.979563,0,0.000000,0.000000,1.000000,0.010000,0.000000,0.000000,0.620000,1.000000,8.000000,75.860000
1789078996.979977,0,0.000000,0.000000,1.000000,0.000000,0.000000,0.000000,0.470000,1.000000,8.000000,75.870000
1789078997.002665,0,0.000000,0.000000,1.000000,-0.520000,0.000000,0.000000,0.340000,1.000000,8.000000,75.870000
1789078997.024927,0,0.000000,0.000000,1.000000,-0.050000,0.000000,0.000000,0.620000,1.000000,8.000000,75.880000
1789078997.025441,0,0.000000,0.000000,1.000000,-0.050000,0.000000,0.000000,0.050000,0.000000,8.000000,75.900000
1789078997.025858,0,0.000000,0.000000,1.000000,-0.180000,0.000000,0.000000,0.760000,1.000000,8.000000,75.900000
1789078997.026408,0,0.000000,0.000000,1.000000,0.100000,0.000000,0.000000,0.760000,1.000000,8.000000,75.910000
1789078997.049577,0,0.000000,0.000000,1.000000,0.000000,0.000000,0.000000,0.340000,1.000000,8.000000,75.910000
1789078997.050308,0,0.000000,0.000000,1.000000,-0.140000,0.000000,0.000000,0.620000,1.000000,8.000000,75.930000
1789078997.072346,0,0.000000,0.000000,1.000000,0.010000,0.000000,0.000000,0.050000,0.000000,8.000000,75.940000
1789078997.072847,0,0.000000,0.000000,1.000000,-0.050000,0.000000,0.000000,0.910000,1.000000,8.000000,75.940000
1789078997.095547,0,0.000000,0.000000,1.000000,0.010000,0.000000,0.000000,0.340000,1.000000,8.000000,75.950000
1789078997.096213,0,0.000000,0.000000,1.000000,-0.100000,0.000000,0.000000,0.470000,1.000000,8.000000,75.970000
1789078997.119176,0,0.000000,0.000000,1.000000,0.000000,0.000000,0.000000,0.340000,1.000000,8.000000,75.980000
1789078997.119688,0,0.000000,0.000000,1.000000,-0.050000,0.000000,0.000000,0.620000,1.000000,8.000000,76.000000
1789078997.141778,0,0.000000,0.000000,1.000000,-0.230000,0.000000,0.000000,0.620000,1.000000,8.000000,76.010000
1789078997.142279,0,0.000000,0.000000,1.000000,-0.140000,0.000000,0.000000,0.620000,1.000000,8.000000,76.010000
1789078997.163687,0,0.000000,0.000000,1.000000,-0.180000,0.000000,0.000000,0.760000,1.000000,8.000000,76.020000
1789078997.164182,0,0.000000,0.000000,1.000000,0.050000,0.000000,0.000000,0.470000,1.000000,8.000000,76.040000
1789078997.164595,0,0.000000,0.000000,1.000000,0.000000,0.000000,0.000000,0.470000,1.000000,8.000000,76.050000
1789078997.186380,0,0.000000,0.000000,1.000000,-0.100000,0.000000,0.000000,0.340000,1.000000,8.000000,76.050000
1789078997.186889,0,0.000000,0.000000,1.000000,0.150000,0.000000,0.000000,0.180000,0.000000,8.000000,76.060000
1789078997.209610,0,0.000000,0.000000,1.000000,0.000000,0.000000,0.000000,1.050000,1.000000,8.000000,76.080000
1789078997.210105,0,0.000000,0.000000,1.000000,-0.100000,0.000000,0.000000,0.620000,1.000000,8.000000,76.080000
1789078997.234144,0,0.000000,0.000000,1.000000,0.000000,0.000000,0.000000,0.620000,1.000000,8.000000,76.090000
1789078997.234660,0,0.000000,0.000000,1.000000,0.010000,0.000000,0.000000,0.620000,1.000000,8.000000,76.110000
1789078997.258117,0,0.000000,0.000000,1.000000,-0.050000,0.000000,0.000000,-0.070000,0.000000,8.000000,76.120000
1789078997.258719,0,0.000000,0.000000,1.000000,0.000000,0.000000,0.000000,0.470000,1.000000,8.000000,76.120000
1789078997.281838,0,0.000000,0.000000,1.000000,0.100000,0.000000,0.000000,0.620000,1.000000,8.000000,76.130000
1789078997.282605,0,0.000000,0.000000,1.000000,0.100000,0.000000,0.000000,0.910000,1.000000,8.000000,76.150000
1789078997.283159,0,0.000000,0.000000,1.000000,0.000000,0.000000,0.000000,0.340000,1.000000,8.000000,76.160000
1789078997.305842,0,0.000000,0.000000,1.000000,-0.490000,0.000000,0.000000,0.760000,1.000000,8.000000,76.160000
1789078997.306497,0,0.000000,0.000000,1.000000,0.010000,0.000000,0.000000,0.470000,1.000000,8.000000,76.180000
1789078997.329189,0,0.000000,0.000000,1.000000,0.000000,0.000000,0.000000,0.620000,1.000000,8.000000,76.190000
1789078997.353250,0,0.000000,0.000000,1.000000,0.010000,0.000000,0.000000,0.620000,1.000000,8.000000,76.190000
1789078997.353756,0,0.000000,0.000000,1.000000,0.000000,0.000000,0.000000,0.910000,1.000000,8.000000,76.200000
1789078997.354174,0,0.000000,0.000000,1.000000,0.000000,0.000000,0.000000,0.760000,1.000000,8.000000,76.230000
1789078997.376300,0,0.000000,0.000000,1.000000,0.050000,0.000000,0.000000,0.910000,1.000000,8.000000,76.230000
1789078997.376800,0,0.000000,0.000000,1.000000,0.010000,0.000000,0.000000,0.340000,1.000000,8.000000,76.250000
1789078997.377219,0,0.000000,0.000000,1.000000,-0.100000,0.000000,0.000000,0.760000,1.000000,8.000000,76.260000
1789078997.400328,0,0.000000,0.000000,1.000000,0.050000,0.000000,0.000000,0.620000,1.000000,8.000000,76.260000
1789078997.400900,0,0.000000,0.000000,1.000000,0.000000,0.000000,0.000000,0.470000,1.000000,8.000000,76.270000
1789078997.401738,0,0.000000,0.000000,1.000000,0.050000,0.000000,0.000000,0.470000,1.000000,8.000000,76.290000
1789078997.424634,0,0.000000,0.000000,1.000000,0.150000,0.000000,0.000000,0.620000,1.000000,8.000000,76.300000
1789078997.425225,0,0.000000,0.000000,1.000000,0.050000,0.000000,0.000000,1.050000,1.000000,8.000000,76.300000
1789078997.448578,0,0.000000,0.000000,1.000000,-0.050000,0.000000,0.000000,0.910000,1.000000,8.000000,76.310000
1789078997.449155,0,0.000000,0.000000,1.000000,0.000000,0.000000,0.000000,0.910000,1.000000,8.000000,76.330000
1789078997.473322,0,0.000000,0.000000,1.000000,0.100000,0.000000,0.000000,0.340000,1.000000,8.000000,76.330000
1789078997.473825,0,0.000000,0.000000,1.000000,0.100000,0.000000,0.000000,0.470000,1.000000,8.000000,76.340000
1789078997.498170,0,0.000000,0.000000,1.000000,0.150000,0.000000,0.000000,0.340000,1.000000,8.000000,76.360000
1789078997.498745,0,0.000000,0.000000,1.000000,-0.050000,0.000000,0.000000,0.470000,1.000000,8.000000,76.370000
1789078997.499386,0,0.000000,0.000000,1.000000,-0.100000,0.000000,0.000000,0.760000,1.000000,8.000000,76.370000
1789078997.524309,0,0.000000,0.000000,1.000000,-0.050000,0.000000,0.000000,0.470000,1.000000,8.000000,76.380000
1789078997.525119,0,0.000000,0.000000,1.000000,-0.100000,0.000000,0.000000,0.470000,1.000000,8.000000,76.400000
1789078997.525539,0,0.000000,0.000000,1.000000,0.000000,0.000000,0.000000,0.470000,1.000000,8.000000,76.410000
1789078997.549536,0,0.000000,0.000000,1.000000,0.050000,0.000000,0.000000,1.050000,1.000000,8.000000,76.410000
1789078997.550189,0,0.000000,0.000000,1.000000,-0.100000,0.000000,0.000000,0.470000,1.000000,8.000000,76.430000
1789078997.574107,0,0.000000,0.000000,1.000000,-0.100000,0.000000,0.000000,0.760000,1.000000,8.000000,76.440000
1789078997.574612,0,0.000000,0.000000,1.000000,0.050000,0.000000,0.000000,0.470000,1.000000,8.000000,76.440000
1789078997.599292,0,0.000000,0.000000,1.000000,0.050000,0.000000,0.000000,0.180000,0.000000,8.000000,76.450000
1789078997.599941,0,0.000000,0.000000,1.000000,0.010000,0.000000,0.000000,0.340000,1.000000,8.000000,76.470000
1789078997.600345,0,0.000000,0.000000,1.000000,0.230000,0.000000,0.000000,0.760000,1.000000,8.000000,76.480000
1789078997.624406,0,0.000000,0.000000,1.000000,0.000000,0.000000,0.000000,0.470000,1.000000,8.000000,76.480000
1789078997.624907,0,0.000000,0.000000,1.000000,0.000000,0.000000,0.000000,0.470000,1.000000,8.000000,76.500000
1789078997.625356,0,0.000000,0.000000,1.000000,-0.140000,0.000000,0.000000,0.340000,1.000000,8.000000,76.510000
1789078997.649694,0,0.000000,0.000000,1.000000,-0.140000,0.000000,0.000000,0.760000,1.000000,8.000000,76.510000
1789078997.650222,0,0.000000,0.000000,1.000000,0.000000,0.000000,0.000000,0.620000,1.000000,8.000000,76.520000
1789078997.650988,0,0.000000,0.000000,1.000000,0.010000,0.000000,0.000000,0.470000,1.000000,8.000000,76.540000
1789078997.674084,0,0.000000,0.000000,1.000000,-0.050000,0.000000,0.000000,0.340000,1.000000,8.000000,76.550000
1789078997.674587,0,0.000000,0.000000,1.000000,0.010000,0.000000,0.000000,0.340000,1.000000,8.000000,76.550000
1789078997.699948,0,0.000000,0.000000,1.000000,0.050000,0.000000,0.000000,0.620000,1.000000,8.000000,76.560000
1789078997.700583,0,0.000000,0.000000,1.000000,0.000000,0.000000,0.000000,0.470000,1.000000,8.000000,76.580000
1789078997.724527,0,0.000000,0.000000,1.000000,0.000000,0.000000,0.000000,0.340000,1.000000,8.000000,76.580000
1789078997.725034,0,0.000000,0.000000,1.000000,0.000000,0.000000,0.000000,0.620000,1.000000,8.000000,76.590000
1789078997.725710,0,0.000000,0.000000,1.000000,0.010000,0.000000,0.000000,0.620000,1.000000,8.000000,76.610000
1789078997.749531,0,0.000000,0.000000,1.000000,0.010000,0.000000,0.000000,0.470000,1.000000,8.000000,76.620000
1789078997.750155,0,0.000000,0.000000,1.000000,0.000000,0.000000,0.000000,0.620000,1.000000,8.000000,76.620000
1789078997.774370,0,0.000000,0.000000,1.000000,0.050000,0.000000,0.000000,1.050000,1.000000,8.000000,76.630000
1789078997.774871,0,0.000000,0.000000,1.000000,0.010000,0.000000,0.000000,0.760000,1.000000,8.000000,76.650000
1789078997.799201,0,0.000000,0.000000,1.000000,0.100000,0.000000,0.000000,0.910000,1.000000,8.000000,76.660000
1789078997.799979,0,0.000000,0.000000,1.000000,0.010000,0.000000,0.000000,0.340000,1.000000,8.000000,76.660000
1789078997.800543,0,0.000000,0.000000,1.000000,0.000000,0.000000,0.000000,0.760000,1.000000,8.000000,76.680000
1789078997.824635,0,0.000000,0.000000,1.000000,-0.140000,0.000000,0.000000,0.340000,1.000000,8.000000,76.690000
1789078997.825137,0,0.000000,0.000000,1.000000,0.000000,0.000000,0.000000,0.470000,1.000000,8.000000,76.690000
1789078997.825560,0,0.000000,0.000000,1.000000,0.050000,0.000000,0.000000,0.470000,1.000000,8.000000,76.700000
1789078997.849758,0,0.000000,0.000000,1.000000,-0.050000,0.000000,0.000000,0.180000,0.000000,8.000000,76.720000
1789078997.873743,0,0.000000,0.000000,1.000000,0.100000,0.000000,0.000000,0.910000,1.000000,8.000000,76.730000
1789078997.874255,0,0.000000,0.000000,1.000000,0.150000,0.000000,0.000000,0.620000,1.000000,8.000000,76.730000
1789078997.874681,0,0.000000,0.000000,1.000000,0.010000,0.000000,0.000000,0.760000,1.000000,8.000000,76.750000
1789078997.875371,0,0.000000,0.000000,1.000000,-0.180000,0.000000,0.000000,0.620000,1.000000,8.000000,76.760000
1789078997.899006,0,0.000000,0.000000,1.000000,0.100000,0.000000,0.000000,0.340000,1.000000,8.000000,76.760000
1789078997.899537,0,0.000000,0.000000,1.000000,0.010000,0.000000,0.000000,0.340000,1.000000,8.000000,76.770000
1789078997.923372,0,0.000000,0.000000,1.000000,0.000000,0.000000,0.000000,0.760000,1.000000,8.000000,76.790000
1789078997.923873,0,0.000000,0.000000,1.000000,0.000000,0.000000,0.000000,0.470000,1.000000,8.000000,76.800000
1789078997.924312,0,0.000000,0.000000,1.000000,0.000000,0.000000,0.000000,0.180000,0.000000,8.000000,76.800000
1789078997.949629,0,0.000000,0.000000,1.000000,0.010000,0.000000,0.000000,0.620000,1.000000,8.000000,76.810000
1789078997.972923,0,0.000000,0.000000,1.000000,0.010000,0.000000,0.000000,0.340000,1.000000,8.000000,76.830000
1789078997.973432,0,0.000000,0.000000,1.000000,-0.050000,0.000000,0.000000,0.470000,1.000000,8.000000,76.830000
1789078997.973853,0,0.000000,0.000000,1.000000,0.000000,0.000000,0.000000,0.340000,1.000000,8.000000,76.840000
1789078997.974359,0,0.000000,0.000000,1.000000,-0.140000,0.000000,0.000000,0.620000,1.000000,8.000000,76.860000
1789078997.997833,0,0.000000,0.000000,1.000000,0.000000,0.000000,0.000000,0.340000,1.000000,8.000000,76.870000
1789078997.998333,0,0.000000,0.000000,1.000000,0.010000,0.000000,0.000000,0.760000,1.000000,8.000000,76.870000
1789078998.022630,0,0.000000,0.000000,1.000000,0.000000,0.000000,0.000000,0.180000,0.000000,8.000000,76.880000
1789078998.023133,0,0.000000,0.000000,1.000000,-0.050000,0.000000,0.000000,0.620000,1.000000,8.000000,76.900000
1789078998.046557,0,0.000000,0.000000,1.000000,0.150000,0.000000,0.000000,0.760000,1.000000,8.000000,76.910000
1789078998.047061,0,0.000000,0.000000,1.000000,-0.050000,0.000000,0.000000,0.470000,1.000000,8.000000,76.910000
1789078998.047675,0,0.000000,0.000000,1.000000,0.000000,0.000000,0.000000,0.340000,1.000000,8.000000,76.930000
1789078998.071109,0,0.000000,0.000000,1.000000,0.010000,0.000000,0.000000,0.470000,1.000000,8.000000,76.940000
1789078998.071614,0,0.000000,0.000000,1.000000,0.000000,0.000000,0.000000,0.620000,1.000000,8.000000,76.940000
1789078998.094923,0,0.000000,0.000000,1.000000,0.050000,0.000000,0.000000,0.620000,1.000000,8.000000,76.950000
1789078998.095424,0,0.000000,0.000000,1.000000,0.010000,0.000000,0.000000,0.470000,1.000000,8.000000,76.970000
1789078998.095845,0,0.000000,0.000000,1.000000,0.010000,0.000000,0.000000,0.470000,1.000000,8.000000,76.980000
1789078998.119964,0,0.000000,0.000000,1.000000,0.280000,0.000000,0.000000,0.760000,1.000000,8.000000,76.980000
1789078998.120534,0,0.000000,0.000000,1.000000,0.000000,0.000000,0.000000,0.340000,1.000000,8.000000,77.000000
1789078998.144886,0,0.000000,0.000000,1.000000,0.050000,0.000000,0.000000,0.620000,1.000000,8.000000,77.010000
1789078998.145386,0,0.000000,0.000000,1.000000,0.370000,0.000000,0.000000,0.620000,1.000000,8.000000,77.010000
1789078998.146070,0,0.000000,0.000000,1.000000,0.010000,0.000000,0.000000,0.340000,1.000000,8.000000,77.020000
1789078998.170529,0,0.000000,0.000000,1.000000,0.050000,0.000000,0.000000,0.760000,1.000000,8.000000,77.040000
1789078998.194935,0,0.000000,0.000000,1.000000,0.000000,0.000000,0.000000,0.340000,1.000000,8.000000,77.050000
1789078998.195438,0,0.000000,0.000000,1.000000,0.010000,0.000000,0.000000,0.620000,1.000000,8.000000,77.050000
1789078998.195854,0,0.000000,0.000000,1.000000,0.050000,0.000000,0.000000,0.620000,1.000000,8.000000,77.060000
1789078998.220073,0,0.000000,0.000000,1.000000,-0.050000,0.000000,0.000000,0.340000,1.000000,8.000000,77.080000
1789078998.220587,0,0.000000,0.000000,1.000000,-0.140000,0.000000,0.000000,0.620000,1.000000,8.000000,77.080000
1789078998.221018,0,0.000000,0.000000,1.000000,0.050000,0.000000,0.000000,0.340000,1.000000,8.000000,77.090000
1789078998.221512,0,0.000000,0.000000,1.000000,0.010000,0.000000,0.000000,0.180000,0.000000,8.000000,77.110000
1789078998.244599,0,0.000000,0.000000,1.000000,0.050000,0.000000,0.000000,0.620000,1.000000,8.000000,77.120000
1789078998.245102,0,0.000000,0.000000,1.000000,-0.050000,0.000000,0.000000,0.620000,1.000000,8.000000,77.120000
1789078998.269302,0,0.000000,0.000000,1.000000,0.050000,0.000000,0.000000,0.620000,1.000000,8.000000,77.130000
1789078998.269808,0,0.000000,0.000000,1.000000,-0.050000,0.000000,0.000000,0.340000,1.000000,8.000000,77.150000
1789078998.292942,0,0.000000,0.000000,1.000000,0.150000,0.000000,0.000000,0.620000,1.000000,8.000000,77.160000
1789078998.293581,0,0.000000,0.000000,1.000000,-0.050000,0.000000,0.000000,0.340000,1.000000,8.000000,77.160000
1789078998.319162,0,0.000000,0.000000,1.000000,0.000000,0.000000,0.000000,0.340000,1.000000,8.000000,77.180000
1789078998.319671,0,0.000000,0.000000,1.000000,-0.310000,0.000000,0.000000,0.340000,1.000000,8.000000,77.190000
1789078998.320177,0,0.000000,0.000000,1.000000,0.000000,0.000000,0.000000,1.050000,1.000000,8.000000,77.190000
1789078998.345049,0,0.000000,0.000000,1.000000,0.050000,0.000000,0.000000,0.340000,1.000000,8.000000,77.200000
1789078998.345549,0,0.000000,0.000000,1.000000,0.230000,0.000000,0.000000,0.340000,1.000000,8.000000,77.220000
1789078998.345941,0,0.000000,0.000000,1.000000,0.050000,0.000000,0.000000,0.760000,1.000000,8.000000,77.230000
1789078998.370090,0,0.000000,0.000000,1.000000,0.100000,0.000000,0.000000,0.180000,0.000000,8.000000,77.230000
1789078998.370595,0,0.000000,0.000000,1.000000,0.010000,0.000000,0.000000,0.470000,1.000000,8.000000,77.250000
1789078998.394286,0,0.000000,0.000000,1.000000,-0.050000,0.000000,0.000000,0.620000,1.000000,8.000000,77.260000
1789078998.394787,0,0.000000,0.000000,1.000000,-0.050000,0.000000,0.000000,0.620000,1.000000,8.000000,77.260000
1789078998.417948,0,0.000000,0.000000,1.000000,0.050000,0.000000,0.000000,0.760000,1.000000,8.000000,77.270000
1789078998.418457,0,0.000000,0.000000,1.000000,0.010000,0.000000,0.000000,0.470000,1.000000,8.000000,77.290000
1789078998.441845,0,0.000000,0.000000,1.000000,0.000000,0.000000,0.000000,0.760000,1.000000,8.000000,77.300000
1789078998.442343,0,0.000000,0.000000,1.000000,0.010000,0.000000,0.000000,0.620000,1.000000,8.000000,77.300000
1789078998.442744,0,0.000000,0.000000,1.000000,0.010000,0.000000,0.000000,0.470000,1.000000,8.000000,77.310000
1789078998.466361,0,0.000000,0.000000,1.000000,0.010000,0.000000,0.000000,0.620000,1.000000,8.000000,77.330000
1789078998.466877,0,0.000000,0.000000,1.000000,0.000000,0.000000,0.000000,0.620000,1.000000,8.000000,77.330000
1789078998.491116,0,0.000000,0.000000,1.000000,0.050000,0.000000,0.000000,0.910000,1.000000,8.000000,77.340000
1789078998.491644,0,0.000000,0.000000,1.000000,0.150000,0.000000,0.000000,0.620000,1.000000,8.000000,77.370000
1789078998.515883,0,0.000000,0.000000,1.000000,0.150000,0.000000,0.000000,0.760000,1.000000,8.000000,77.370000
1789078998.516385,0,0.000000,0.000000,1.000000,0.150000,0.000000,0.000000,0.760000,1.000000,8.000000,77.380000
1789078998.540431,0,0.000000,0.000000,1.000000,0.100000,0.000000,0.000000,0.620000,1.000000,8.000000,77.400000
1789078998.540945,0,0.000000,0.000000,1.000000,0.100000,0.000000,0.000000,0.910000,1.000000,8.000000,77.410000
1789078998.541503,0,0.000000,0.000000,1.000000,0.010000,0.000000,0.000000,1.050000,1.000000,8.000000,77.410000
1789078998.564648,0,0.000000,0.000000,1.000000,0.010000,0.000000,0.000000,0.340000,1.000000,8.000000,77.430000
1789078998.565160,0,0.000000,0.000000,1.000000,0.050000,0.000000,0.000000,0.760000,1.000000,8.000000,77.440000
1789078998.565823,0,0.000000,0.000000,1.000000,0.000000,0.000000,0.000000,0.470000,1.000000,8.000000,77.440000
1789078998.589719,0,0.000000,0.000000,1.000000,-0.050000,0.000000,0.000000,0.470000,1.000000,8.000000,77.450000
1789078998.590225,0,0.000000,0.000000,1.000000,0.050000,0.000000,0.000000,0.620000,1.000000,8.000000,77.470000
1789078998.613539,0,0.000000,0.000000,1.000000,0.050000,0.000000,0.000000,0.910000,1.000000,8.000000,77.480000
1789078998.614037,0,0.000000,0.000000,1.000000,0.050000,0.000000,0.000000,0.910000,1.000000,8.000000,77.480000
1789078998.637886,0,0.000000,0.000000,1.000000,-0.100000,0.000000,0.000000,1.050000,1.000000,8.000000,77.500000
1789078998.638388,0,0.000000,0.000000,1.000000,0.050000,0.000000,0.000000,0.470000,1.000000,8.000000,77.510000
1789078998.662230,0,0.000000,0.000000,1.000000,-0.050000,0.000000,0.000000,0.760000,1.000000,8.000000,77.510000
1789078998.662722,0,0.000000,0.000000,1.000000,-0.140000,0.000000,0.000000,0.620000,1.000000,8.000000,77.520000
1789078998.663243,0,0.000000,0.000000,1.000000,0.050000,0.000000,0.000000,0.340000,1.000000,8.000000,77.540000
1789078998.687943,0,0.000000,0.000000,1.000000,-0.050000,0.000000,0.000000,0.340000,1.000000,8.000000,77.550000
1789078998.688456,0,0.000000,0.000000,1.000000,0.000000,0.000000,0.000000,0.760000,1.000000,8.000000,77.550000
1789078998.711686,0,0.000000,0.000000,1.000000,0.000000,0.000000,0.000000,0.470000,1.000000,8.000000,77.580000
1789078998.712187,0,0.000000,0.000000,1.000000,0.100000,0.000000,0.000000,0.620000,1.000000,8.000000,77.580000
1789078998.712631,0,0.000000,0.000000,1.000000,-0.140000,0.000000,0.000000,0.340000,1.000000,8.000000,77.580000
1789078998.736762,0,0.000000,0.000000,1.000000,-0.050000,0.000000,0.000000,0.760000,1.000000,8.000000,77.590000
1789078998.738180,0,0.000000,0.000000,1.000000,0.010000,0.000000,0.000000,0.470000,1.000000,8.000000,77.610000
1789078998.760972,0,0.000000,0.000000,1.000000,0.050000,0.000000,0.000000,0.470000,1.000000,8.000000,77.620000
1789078998.761476,0,0.000000,0.000000,1.000000,0.000000,0.000000,0.000000,0.620000,1.000000,8.000000,77.630000
1789078998.762000,0,0.000000,0.000000,1.000000,0.000000,0.000000,0.000000,0.910000,1.000000,8.000000,77.630000
1789078998.785796,0,0.000000,0.000000,1.000000,0.010000,0.000000,0.000000,0.340000,1.000000,8.000000,77.650000
1789078998.786306,0,0.000000,0.000000,1.000000,0.010000,0.000000,0.000000,0.620000,1.000000,8.000000,77.660000
1789078998.810658,0,0.000000,0.000000,1.000000,-0.100000,0.000000,0.000000,0.760000,1.000000,8.000000,77.660000
1789078998.811215,0,0.000000,0.000000,1.000000,0.000000,0.000000,0.000000,0.760000,1.000000,8.000000,77.680000
1789078998.835880,0,0.000000,0.000000,1.000000,0.010000,0.000000,0.000000,0.910000,1.000000,8.000000,77.690000
1789078998.836391,0,0.000000,0.000000,1.000000,0.100000,0.000000,0.000000,0.760000,1.000000,8.000000,77.700000
1789078998.860538,0,0.000000,0.000000,1.000000,0.050000,0.000000,0.000000,0.760000,1.000000,8.000000,77.720000
1789078998.861039,0,0.000000,0.000000,1.000000,0.050000,0.000000,0.000000,0.620000,1.000000,8.000000,77.730000
1789078998.861465,0,0.000000,0.000000,1.000000,0.180000,0.000000,0.000000,0.470000,1.000000,8.000000,77.730000
1789078998.885482,0,0.000000,0.000000,1.000000,-0.050000,0.000000,0.000000,0.340000,1.000000,8.000000,77.750000
1789078998.886117,0,0.000000,0.000000,1.000000,0.010000,0.000000,0.000000,0.470000,1.000000,8.000000,77.760000
1789078998.908837,0,0.000000,0.000000,1.000000,0.050000,0.000000,0.000000,1.050000,1.000000,8.000000,77.760000
1789078998.909476,0,0.000000,0.000000,1.000000,0.100000,0.000000,0.000000,0.470000,1.000000,8.000000,77.770000
1789078998.910023,0,0.000000,0.000000,1.000000,0.050000,0.000000,0.000000,0.620000,1.000000,8.000000,77.790000
1789078998.934760,0,0.000000,0.000000,1.000000,0.100000,0.000000,0.000000,0.760000,1.000000,8.000000,77.800000
1789078998.935267,0,0.000000,0.000000,1.000000,0.010000,0.000000,0.000000,0.620000,1.000000,8.000000,77.810000
1789078998.959763,0,0.000000,0.000000,1.000000,0.000000,0.000000,0.000000,0.760000,1.000000,8.000000,77.810000
1789078998.960348,0,0.000000,0.000000,1.000000,0.010000,0.000000,0.000000,0.180000,0.000000,8.000000,77.830000
1789078998.985143,0,0.000000,0.000000,1.000000,-0.050000,0.000000,0.000000,0.470000,1.000000,8.000000,77.830000
1789078998.985683,0,0.000000,0.000000,1.000000,0.100000,0.000000,0.000000,0.620000,1.000000,8.000000,77.840000
1789078998.986099,0,0.000000,0.000000,1.000000,0.000000,0.000000,0.000000,1.050000,1.000000,8.000000,77.860000
1789078999.009777,0,0.000000,0.000000,1.000000,-0.100000,0.000000,0.000000,0.760000,1.000000,8.000000,77.870000
1789078999.010279,0,0.000000,0.000000,1.000000,-0.180000,0.000000,0.000000,0.050000,0.000000,8.000000,77.870000
1789078999.010680,0,0.000000,0.000000,1.000000,-0.180000,0.000000,0.000000,0.470000,1.000000,8.000000,77.880000
1789078999.035508,0,0.000000,0.000000,1.000000,-0.100000,0.000000,0.000000,0.760000,1.000000,8.000000,77.900000
1789078999.036008,0,0.000000,0.000000,1.000000,0.010000,0.000000,0.000000,0.180000,0.000000,8.000000,77.910000
1789078999.059599,0,0.000000,0.000000,1.000000,0.010000,0.000000,0.000000,0.470000,1.000000,8.000000,77.910000
1789078999.060092,0,0.000000,0.000000,1.000000,0.050000,0.000000,0.000000,0.760000,1.000000,8.000000,77.930000
1789078999.084262,0,0.000000,0.000000,1.000000,0.150000,0.000000,0.000000,0.910000,1.000000,8.000000,77.940000
1789078999.084771,0,0.000000,0.000000,1.000000,-0.140000,0.000000,0.000000,0.760000,1.000000,8.000000,77.950000
1789078999.085170,0,0.000000,0.000000,1.000000,0.150000,0.000000,0.000000,0.760000,1.000000,8.000000,77.970000
1789078999.108523,0,0.000000,0.000000,1.000000,0.150000,0.000000,0.000000,0.760000,1.000000,8.000000,77.980000
1789078999.109034,0,0.000000,0.000000,1.000000,-0.270000,0.000000,0.000000,0.470000,1.000000,8.000000,77.980000
1789078999.133112,0,0.000000,0.000000,1.000000,-0.050000,0.000000,0.000000,0.340000,1.000000,8.000000,78.000000
1789078999.133707,0,0.000000,0.000000,1.000000,0.000000,0.000000,0.000000,0.620000,1.000000,8.000000,78.010000
1789078999.156604,0,0.000000,0.000000,1.000000,0.010000,0.000000,0.000000,0.470000,1.000000,8.000000,78.010000
1789078999.157104,0,0.000000,0.000000,1.000000,0.050000,0.000000,0.000000,0.470000,1.000000,8.000000,78.020000
1789078999.157728,0,0.000000,0.000000,1.000000,-0.100000,0.000000,0.000000,0.620000,1.000000,8.000000,78.040000
1789078999.181113,0,0.000000,0.000000,1.000000,0.000000,0.000000,0.000000,0.620000,1.000000,8.000000,78.050000
1789078999.181609,0,0.000000,0.000000,1.000000,0.050000,0.000000,0.000000,0.910000,1.000000,8.000000,78.050000
1789078999.206798,0,0.000000,0.000000,1.000000,-0.140000,0.000000,0.000000,0.050000,0.000000,8.000000,78.060000
1789078999.207310,0,0.000000,0.000000,1.000000,-0.050000,0.000000,0.000000,0.760000,1.000000,8.000000,78.080000
1789078999.230810,0,0.000000,0.000000,1.000000,0.000000,0.000000,0.000000,0.760000,1.000000,8.000000,78.080000
1789078999.231333,0,0.000000,0.000000,1.000000,0.050000,0.000000,0.000000,1.050000,1.000000,8.000000,78.090000
1789078999.232074,0,0.000000,0.000000,1.000000,0.100000,0.000000,0.000000,0.470000,1.000000,8.000000,78.110000
1789078999.232914,0,0.000000,0.000000,1.000000,-0.050000,0.000000,0.000000,0.910000,1.000000,8.000000,78.120000
1789078999.256139,0,0.000000,0.000000,1.000000,0.000000,0.000000,0.000000,0.470000,1.000000,8.000000,78.120000
1789078999.256638,0,0.000000,0.000000,1.000000,0.010000,0.000000,0.000000,0.470000,1.000000,8.000000,78.130000
1789078999.281226,0,0.000000,0.000000,1.000000,0.010000,0.000000,0.000000,0.470000,1.000000,8.000000,78.150000
1789078999.281727,0,0.000000,0.000000,1.000000,0.010000,0.000000,0.000000,0.620000,1.000000,8.000000,78.160000
1789078999.306745,0,0.000000,0.000000,1.000000,0.100000,0.000000,0.000000,0.180000,0.000000,8.000000,78.160000
1789078999.307249,0,0.000000,0.000000,1.000000,-0.100000,0.000000,0.000000,0.470000,1.000000,8.000000,78.180000
1789078999.307670,0,0.000000,0.000000,1.000000,0.000000,0.000000,0.000000,0.760000,1.000000,8.000000,78.190000
1789078999.308466,0,0.000000,0.000000,1.000000,0.000000,0.000000,0.000000,0.620000,1.000000,8.000000,78.190000
1789078999.332524,0,0.000000,0.000000,1.000000,0.050000,0.000000,0.000000,0.620000,1.000000,8.000000,78.200000
1789078999.356500,0,0.000000,0.000000,1.000000,0.010000,0.000000,0.000000,0.470000,1.000000,8.000000,78.220000
1789078999.356999,0,0.000000,0.000000,1.000000,0.000000,0.000000,0.000000,0.470000,1.000000,8.000000,78.230000
1789078999.357382,0,0.000000,0.000000,1.000000,0.010000,0.000000,0.000000,0.760000,1.000000,8.000000,78.230000
1789078999.381373,0,0.000000,0.000000,1.000000,0.000000,0.000000,0.000000,0.340000,1.000000,8.000000,78.250000
1789078999.382172,0,0.000000,0.000000,1.000000,0.180000,0.000000,0.000000,0.470000,1.000000,8.000000,78.260000
1789078999.382824,0,0.000000,0.000000,1.000000,-0.230000,0.000000,0.000000,-0.070000,0.000000,8.000000,78.260000
1789078999.405939,0,0.000000,0.000000,1.000000,0.010000,0.000000,0.000000,0.340000,1.000000,8.000000,78.270000
1789078999.406437,0,0.000000,0.000000,1.000000,-0.050000,0.000000,0.000000,0.760000,1.000000,8.000000,78.290000
1789078999.429760,0,0.000000,0.000000,1.000000,0.000000,0.000000,0.000000,0.470000,1.000000,8.000000,78.300000
1789078999.430259,0,0.000000,0.000000,1.000000,0.000000,0.000000,0.000000,0.340000,1.000000,8.000000,78.300000
1789078999.455817,0,0.000000,0.000000,1.000000,-0.620000,0.000000,0.000000,0.180000,0.000000,8.000000,78.310000
1789078999.481212,0,0.000000,0.000000,1.000000,0.000000,0.000000,0.000000,0.180000,0.000000,8.000000,78.330000
1789078999.481719,0,0.000000,0.000000,1.000000,-0.100000,0.000000,0.000000,0.470000,1.000000,8.000000,78.330000
1789078999.482191,0,0.000000,0.000000,1.000000,0.010000,0.000000,0.000000,0.620000,1.000000,8.000000,78.340000
1789078999.482719,0,0.000000,0.000000,1.000000,0.010000,0.000000,0.000000,0.470000,1.000000,8.000000,78.360000
1789078999.508228,0,0.000000,0.000000,1.000000,0.100000,0.000000,0.000000,0.620000,1.000000,8.000000,78.370000
1789078999.508741,0,0.000000,0.000000,1.000000,-0.050000,0.000000,0.000000,0.340000,1.000000,8.000000,78.370000
1789078999.534584,0,0.000000,0.000000,1.000000,0.010000,0.000000,0.000000,0.910000,1.000000,8.000000,78.380000
1789078999.535086,0,0.000000,0.000000,1.000000,0.010000,0.000000,0.000000,0.050000,0.000000,8.000000,78.400000
1789078999.535681,0,0.000000,0.000000,1.000000,0.100000,0.000000,0.000000,0.470000,1.000000,8.000000,78.410000
1789078999.582416,0,0.000000,0.000000,1.000000,0.010000,0.000000,0.000000,-0.340000,0.000000,8.000000,78.410000
1789078999.583051,0,0.000000,0.000000,1.000000,0.230000,0.000000,0.000000,0.620000,1.000000,8.000000,78.430000
1789078999.583492,0,0.000000,0.000000,1.000000,0.000000,0.000000,0.000000,0.470000,1.000000,8.000000,78.440000
1789078999.583977,0,0.000000,0.000000,1.000000,0.050000,0.000000,0.000000,0.470000,1.000000,8.000000,78.440000
1789078999.584500,0,0.000000,0.000000,1.000000,0.000000,0.000000,0.000000,0.340000,1.000000,8.000000,78.450000
1789078999.584889,0,0.000000,0.000000,1.000000,0.500000,0.000000,0.000000,0.620000,1.000000,8.000000,78.470000
1789078999.585745,0,0.000000,0.000000,1.000000,0.050000,0.000000,0.000000,0.470000,1.000000,8.000000,78.480000
1789078999.629343,0,0.000000,0.000000,1.000000,-0.230000,0.000000,0.000000,0.760000,1.000000,8.000000,78.480000
1789078999.630071,0,0.000000,0.000000,1.000000,0.000000,0.000000,0.000000,0.620000,1.000000,8.000000,78.500000
1789078999.630678,0,0.000000,0.000000,1.000000,0.050000,0.000000,0.000000,0.340000,1.000000,8.000000,78.510000
1789078999.631253,0,0.000000,0.000000,1.000000,0.000000,0.000000,0.000000,0.620000,1.000000,8.000000,78.510000
1789078999.655752,0,0.000000,0.000000,1.000000,0.050000,0.000000,0.000000,0.340000,1.000000,8.000000,78.520000
1789078999.680451,0,0.000000,0.000000,1.000000,0.010000,0.000000,0.000000,0.340000,1.000000,8.000000,78.540000
1789078999.705287,0,0.000000,0.000000,1.000000,0.050000,0.000000,0.000000,0.620000,1.000000,8.000000,78.550000
1789078999.705795,0,0.000000,0.000000,1.000000,0.000000,0.000000,0.000000,0.470000,1.000000,8.000000,78.560000
1789078999.706214,0,0.000000,0.000000,1.000000,0.010000,0.000000,0.000000,0.340000,1.000000,8.000000,78.580000
1789078999.706882,0,0.000000,0.000000,1.000000,0.050000,0.000000,0.000000,0.470000,1.000000,8.000000,78.580000
1789078999.730679,0,0.000000,0.000000,1.000000,0.050000,0.000000,0.000000,0.620000,1.000000,8.000000,78.590000
1789078999.731199,0,0.000000,0.000000,1.000000,0.050000,0.000000,0.000000,0.470000,1.000000,8.000000,78.610000
1789078999.755444,0,0.000000,0.000000,1.000000,0.150000,0.000000,0.000000,0.340000,1.000000,8.000000,78.620000
1789078999.755957,0,0.000000,0.000000,1.000000,-0.100000,0.000000,0.000000,0.620000,1.000000,8.000000,78.620000
1789078999.780291,0,0.000000,0.000000,1.000000,0.010000,0.000000,0.000000,0.180000,0.000000,8.000000,78.630000
1789078999.780791,0,0.000000,0.000000,1.000000,0.000000,0.000000,0.000000,0.340000,1.000000,8.000000,78.650000
1789078999.781281,0,0.000000,0.000000,1.000000,-0.050000,0.000000,0.000000,0.050000,0.000000,8.000000,78.660000
1789078999.805501,0,0.000000,0.000000,1.000000,-0.230000,0.000000,0.000000,0.470000,1.000000,8.000000,78.660000
1789078999.806005,0,0.000000,0.000000,1.000000,0.100000,0.000000,0.000000,0.620000,1.000000,8.000000,78.680000
1789078999.831512,0,0.000000,0.000000,1.000000,0.100000,0.000000,0.000000,0.760000,1.000000,8.000000,78.690000
1789078999.832092,0,0.000000,0.000000,1.000000,-0.270000,0.000000,0.000000,0.760000,1.000000,8.000000,78.690000
1789078999.855408,0,0.000000,0.000000,1.000000,0.050000,0.000000,0.000000,0.620000,1.000000,8.000000,78.700000
1789078999.855953,0,0.000000,0.000000,1.000000,0.010000,0.000000,0.000000,0.910000,1.000000,8.000000,78.720000
1789078999.856371,0,0.000000,0.000000,1.000000,0.010000,0.000000,0.000000,0.340000,1.000000,8.000000,78.730000
1789078999.878980,0,0.000000,0.000000,1.000000,0.050000,0.000000,0.000000,0.470000,1.000000,8.000000,78.730000
1789078999.879485,0,0.000000,0.000000,1.000000,0.000000,0.000000,0.000000,0.620000,1.000000,8.000000,78.750000
1789078999.904004,0,0.000000,0.000000,1.000000,0.050000,0.000000,0.000000,0.180000,0.000000,8.000000,78.760000
1789078999.904483,0,0.000000,0.000000,1.000000,-0.180000,0.000000,0.000000,0.470000,1.000000,8.000000,78.770000
1789078999.905084,0,0.000000,0.000000,1.000000,-0.100000,0.000000,0.000000,0.910000,1.000000,8.000000,78.770000
1789078999.927429,0,0.000000,0.000000,1.000000,0.010000,0.000000,0.000000,0.340000,1.000000,8.000000,78.790000
1789078999.927967,0,0.000000,0.000000,1.000000,0.000000,0.000000,0.000000,0.340000,1.000000,8.000000,78.800000
1789078999.929340,0,0.000000,0.000000,1.000000,0.100000,0.000000,0.000000,0.760000,1.000000,8.000000,78.800000
1789078999.951940,0,0.000000,0.000000,1.000000,-0.050000,0.000000,0.000000,0.470000,1.000000,8.000000,78.810000
1789078999.952673,0,0.000000,0.000000,1.000000,0.010000,0.000000,0.000000,0.470000,1.000000,8.000000,78.830000
1789078999.975374,0,0.000000,0.000000,1.000000,0.050000,0.000000,0.000000,0.760000,1.000000,8.000000,78.830000
1789078999.975926,0,0.000000,0.000000,1.000000,-0.100000,0.000000,0.000000,0.470000,1.000000,8.000000,78.840000
1789078999.976384,0,0.000000,0.000000,1.000000,0.000000,0.000000,0.000000,0.340000,1.000000,8.000000,78.860000
1789078999.999387,0,0.000000,0.000000,1.000000,0.000000,0.000000,0.000000,0.760000,1.000000,8.000000,78.870000
1789078999.999954,0,0.000000,0.000000,1.000000,0.010000,0.000000,0.000000,0.340000,1.000000,8.000000,78.870000
1789079000.023147,0,0.000000,0.000000,1.000000,0.010000,0.000000,0.000000,0.340000,1.000000,8.000000,78.880000
1789079000.023740,0,0.000000,0.000000,1.000000,0.150000,0.000000,0.000000,0.760000,1.000000,8.000000,78.900000
1789079000.024310,0,0.000000,0.000000,1.000000,0.010000,0.000000,0.000000,0.620000,1.000000,8.000000,78.910000
1789079000.047408,0,0.000000,0.000000,1.000000,-0.100000,0.000000,0.000000,0.470000,1.000000,8.000000,78.910000
1789079000.048005,0,0.000000,0.000000,1.000000,0.100000,0.000000,0.000000,0.470000,1.000000,8.000000,78.930000
1789079000.072830,0,0.000000,0.000000,1.000000,-0.050000,0.000000,0.000000,0.620000,1.000000,8.000000,78.940000
1789079000.095693,0,0.000000,0.000000,1.000000,0.010000,0.000000,0.000000,0.470000,1.000000,8.000000,78.940000
1789079000.096215,0,0.000000,0.000000,1.000000,0.000000,0.000000,0.000000,0.340000,1.000000,8.000000,78.950000
1789079000.096686,0,0.000000,0.000000,1.000000,-0.180000,0.000000,0.000000,0.180000,0.000000,8.000000,78.970000
1789079000.097094,0,0.000000,0.000000,1.000000,0.010000,0.000000,0.000000,0.620000,1.000000,8.000000,78.980000
1789079000.120335,0,0.000000,0.000000,1.000000,0.000000,0.000000,0.000000,0.910000,1.000000,8.000000,78.980000
1789079000.120839,0,0.000000,0.000000,1.000000,-0.100000,0.000000,0.000000,0.470000,1.000000,8.000000,79.000000
1789079000.144802,0,0.000000,0.000000,1.000000,-0.140000,0.000000,0.000000,0.620000,1.000000,8.000000,79.010000
1789079000.145365,0,0.000000,0.000000,1.000000,0.000000,0.000000,0.000000,0.910000,1.000000,8.000000,79.010000
1789079000.168683,0,0.000000,0.000000,1.000000,-0.050000,0.000000,0.000000,0.760000,1.000000,8.000000,79.020000
1789079000.169225,0,0.000000,0.000000,1.000000,0.050000,0.000000,0.000000,0.340000,1.000000,8.000000,79.040000
1789079000.169796,0,0.000000,0.000000,1.000000,-0.100000,0.000000,0.000000,0.620000,1.000000,8.000000,79.050000
1789079000.192059,0,0.000000,0.000000,1.000000,0.100000,0.000000,0.000000,0.340000,1.000000,8.000000,79.050000
1789079000.192585,0,0.000000,0.000000,1.000000,-0.790000,0.000000,0.000000,0.760000,1.000000,8.000000,79.060000
1789079000.193106,0,0.000000,0.000000,1.000000,-0.100000,0.000000,0.000000,0.470000,1.000000,8.000000,79.080000
1789079000.216431,0,0.000000,0.000000,1.000000,-0.050000,0.000000,0.000000,0.760000,1.000000,8.000000,79.080000
1789079000.216952,0,0.000000,0.000000,1.000000,0.050000,0.000000,0.000000,0.340000,1.000000,8.000000,79.090000
1789079000.240391,0,0.000000,0.000000,1.000000,-0.050000,0.000000,0.000000,0.470000,1.000000,8.000000,79.110000
1789079000.241070,0,0.000000,0.000000,1.000000,0.000000,0.000000,0.000000,0.470000,1.000000,8.000000,79.120000
1789079000.264417,0,0.000000,0.000000,1.000000,-0.050000,0.000000,0.000000,0.620000,1.000000,8.000000,79.120000
1789079000.264917,0,0.000000,0.000000,1.000000,0.050000,0.000000,0.000000,0.470000,1.000000,8.000000,79.130000
1789079000.288048,0,0.000000,0.000000,1.000000,-0.180000,0.000000,0.000000,0.760000,1.000000,8.000000,79.150000
1789079000.288566,0,0.000000,0.000000,1.000000,0.050000,0.000000,0.000000,0.760000,1.000000,8.000000,79.160000
1789079000.311715,0,0.000000,0.000000,1.000000,0.010000,0.000000,0.000000,0.620000,1.000000,8.000000,79.160000
1789079000.312247,0,0.000000,0.000000,1.000000,-0.050000,0.000000,0.000000,0.470000,1.000000,8.000000,79.180000
1789079000.312662,0,0.000000,0.000000,1.000000,0.000000,0.000000,0.000000,0.340000,1.000000,8.000000,79.190000
1789079000.313191,0,0.000000,0.000000,1.000000,0.010000,0.000000,0.000000,0.910000,1.000000,8.000000,79.190000
1789079000.336279,0,0.000000,0.000000,1.000000,-0.050000,0.000000,0.000000,0.340000,1.000000,8.000000,79.200000
1789079000.336966,0,0.000000,0.000000,1.000000,0.010000,0.000000,0.000000,0.620000,1.000000,8.000000,79.220000
1789079000.359783,0,0.000000,0.000000,1.000000,0.150000,0.000000,0.000000,0.620000,1.000000,8.000000,79.230000
1789079000.360296,0,0.000000,0.000000,1.000000,0.100000,0.000000,0.000000,0.340000,1.000000,8.000000,79.230000
1789079000.384682,0,0.000000,0.000000,1.000000,0.010000,0.000000,0.000000,0.620000,1.000000,8.000000,79.250000
1789079000.407904,0,0.000000,0.000000,1.000000,0.010000,0.000000,0.000000,0.760000,1.000000,8.000000,79.260000
1789079000.408605,0,0.000000,0.000000,1.000000,0.000000,0.000000,0.000000,0.620000,1.000000,8.000000,79.260000
1789079000.409106,0,0.000000,0.000000,1.000000,0.100000,0.000000,0.000000,0.340000,1.000000,8.000000,79.270000
1789079000.409517,0,0.000000,0.000000,1.000000,0.000000,0.000000,0.000000,0.620000,1.000000,8.000000,79.290000
1789079000.432497,0,0.000000,0.000000,1.000000,0.010000,0.000000,0.000000,0.340000,1.000000,8.000000,79.300000
1789079000.433005,0,0.000000,0.000000,1.000000,-0.140000,0.000000,0.000000,0.470000,1.000000,8.000000,79.300000
1789079000.456097,0,0.000000,0.000000,1.000000,-0.050000,0.000000,0.000000,0.470000,1.000000,8.000000,79.310000
1789079000.456602,0,0.000000,0.000000,1.000000,0.010000,0.000000,0.000000,-0.070000,0.000000,8.000000,79.330000
1789079000.479116,0,0.000000,0.000000,1.000000,0.000000,0.000000,0.000000,0.470000,1.000000,8.000000,79.330000
1789079000.479618,0,0.000000,0.000000,1.000000,0.010000,0.000000,0.000000,0.470000,1.000000,8.000000,79.340000
1789079000.480035,0,0.000000,0.000000,1.000000,0.000000,0.000000,0.000000,1.050000,1.000000,8.000000,79.360000
1789079000.504319,0,0.000000,0.000000,1.000000,-0.050000,0.000000,0.000000,0.470000,1.000000,8.000000,79.370000
1789079000.504853,0,0.000000,0.000000,1.000000,-0.180000,0.000000,0.000000,0.620000,1.000000,8.000000,79.370000
1789079000.529337,0,0.000000,0.000000,1.000000,-0.050000,0.000000,0.000000,0.470000,1.000000,8.000000,79.380000
1789079000.529886,0,0.000000,0.000000,1.000000,-0.050000,0.000000,0.000000,0.470000,1.000000,8.000000,79.410000
1789079000.552376,0,0.000000,0.000000,1.000000,-0.050000,0.000000,0.000000,0.470000,1.000000,8.000000,79.410000
1789079000.552881,0,0.000000,0.000000,1.000000,-0.050000,0.000000,0.000000,0.760000,1.000000,8.000000,79.430000
1789079000.553526,0,0.000000,0.000000,1.000000,-0.050000,0.000000,0.000000,1.050000,1.000000,8.000000,79.440000
1789079000.576482,0,0.000000,0.000000,1.000000,0.100000,0.000000,0.000000,1.050000,1.000000,8.000000,79.440000
1789079000.576997,0,0.000000,0.000000,1.000000,0.050000,0.000000,0.000000,0.470000,1.000000,8.000000,79.450000
1789079000.600178,0,0.000000,0.000000,1.000000,-0.100000,0.000000,0.000000,0.760000,1.000000,8.000000,79.470000
1789079000.622749,0,0.000000,0.000000,1.000000,-0.050000,0.000000,0.000000,0.470000,1.000000,8.000000,79.480000
1789079000.623246,0,0.000000,0.000000,1.000000,0.100000,0.000000,0.000000,0.470000,1.000000,8.000000,79.480000
1789079000.646091,0,0.000000,0.000000,1.000000,-0.050000,0.000000,0.000000,0.470000,1.000000,8.000000,79.500000
1789079000.646591,0,0.000000,0.000000,1.000000,0.010000,0.000000,0.000000,0.340000,1.000000,8.000000,79.510000
1789079000.647010,0,0.000000,0.000000,1.000000,0.000000,0.000000,0.000000,0.470000,1.000000,8.000000,79.520000
1789079000.670877,0,0.000000,0.000000,1.000000,0.050000,0.000000,0.000000,0.340000,1.000000,8.000000,79.540000
1789079000.671451,0,0.000000,0.000000,1.000000,0.100000,0.000000,0.000000,0.620000,1.000000,8.000000,79.550000
1789079000.697873,0,0.000000,0.000000,1.000000,-0.100000,0.000000,0.000000,0.470000,1.000000,8.000000,79.550000
1789079000.698462,0,0.000000,0.000000,1.000000,0.000000,0.000000,0.000000,0.760000,1.000000,8.000000,79.560000
1789079000.699087,0,0.000000,0.000000,1.000000,-0.100000,0.000000,0.000000,0.620000,1.000000,8.000000,79.580000
1789079000.722913,0,0.000000,0.000000,1.000000,0.050000,0.000000,0.000000,0.620000,1.000000,8.000000,79.580000
1789079000.723425,0,0.000000,0.000000,1.000000,0.010000,0.000000,0.000000,0.910000,1.000000,8.000000,79.590000
1789079000.745907,0,0.000000,0.000000,1.000000,0.000000,0.000000,0.000000,0.470000,1.000000,8.000000,79.610000
1789079000.746408,0,0.000000,0.000000,1.000000,0.000000,0.000000,0.000000,0.620000,1.000000,8.000000,79.620000
1789079000.746822,0,0.000000,0.000000,1.000000,0.050000,0.000000,0.000000,0.620000,1.000000,8.000000,79.620000
1789079000.747450,0,0.000000,0.000000,1.000000,0.010000,0.000000,0.000000,-0.070000,0.000000,8.000000,79.630000
1789079000.772070,0,0.000000,0.000000,1.000000,0.050000,0.000000,0.000000,0.910000,1.000000,8.000000,79.650000
1789079000.799832,0,0.000000,0.000000,1.000000,-0.100000,0.000000,0.000000,0.340000,1.000000,8.000000,79.660000
1789079000.800555,0,0.000000,0.000000,1.000000,0.000000,0.000000,0.000000,0.340000,1.000000,8.000000,79.660000
1789079000.801341,0,0.000000,0.000000,1.000000,0.230000,0.000000,0.000000,0.470000,1.000000,8.000000,79.680000
1789079000.823483,0,0.000000,0.000000,1.000000,0.000000,0.000000,0.000000,0.620000,1.000000,8.000000,79.690000
1789079000.824033,0,0.000000,0.000000,1.000000,-0.100000,0.000000,0.000000,0.760000,1.000000,8.000000,79.690000
1789079000.846957,0,0.000000,0.000000,1.000000,-0.050000,0.000000,0.000000,0.760000,1.000000,8.000000,79.700000
1789079000.847463,0,0.000000,0.000000,1.000000,0.000000,0.000000,0.000000,0.340000,1.000000,8.000000,79.720000
1789079000.870701,0,0.000000,0.000000,1.000000,-0.100000,0.000000,0.000000,0.470000,1.000000,8.000000,79.730000
1789079000.871203,0,0.000000,0.000000,1.000000,-0.100000,0.000000,0.000000,0.180000,0.000000,8.000000,79.750000
1789079000.894836,0,0.000000,0.000000,1.000000,-0.050000,0.000000,0.000000,0.470000,1.000000,8.000000,79.760000
1789079000.895345,0,0.000000,0.000000,1.000000,0.150000,0.000000,0.000000,0.760000,1.000000,8.000000,79.760000
1789079000.919780,0,0.000000,0.000000,1.000000,0.000000,0.000000,0.000000,0.470000,1.000000,8.000000,79.770000
1789079000.920354,0,0.000000,0.000000,1.000000,0.010000,0.000000,0.000000,0.620000,1.000000,8.000000,79.790000
1789079000.920764,0,0.000000,0.000000,1.000000,-0.140000,0.000000,0.000000,0.760000,1.000000,8.000000,79.800000
1789079000.944469,0,0.000000,0.000000,1.000000,-0.100000,0.000000,0.000000,0.620000,1.000000,8.000000,79.800000
1789079000.944970,0,0.000000,0.000000,1.000000,0.000000,0.000000,0.000000,0.470000,1.000000,8.000000,79.810000
1789079000.945393,0,0.000000,0.000000,1.000000,0.050000,0.000000,0.000000,0.910000,1.000000,8.000000,79.830000
1789079000.968838,0,0.000000,0.000000,1.000000,-0.050000,0.000000,0.000000,0.470000,1.000000,8.000000,79.830000
1789079000.969341,0,0.000000,0.000000,1.000000,0.010000,0.000000,0.000000,0.760000,1.000000,8.000000,79.840000
1789079000.991318,0,0.000000,0.000000,1.000000,0.000000,0.000000,0.000000,0.340000,1.000000,8.000000,79.860000
1789079000.991819,0,0.000000,0.000000,1.000000,0.100000,0.000000,0.000000,1.050000,1.000000,8.000000,79.870000
1789079001.016274,0,0.000000,0.000000,1.000000,-0.100000,0.000000,0.000000,0.340000,1.000000,8.000000,79.870000
1789079001.016935,0,0.000000,0.000000,1.000000,-0.100000,0.000000,0.000000,0.470000,1.000000,8.000000,79.880000
1789079001.040235,0,0.000000,0.000000,1.000000,0.010000,0.000000,0.000000,0.340000,1.000000,8.000000,79.900000
1789079001.040818,0,0.000000,0.000000,1.000000,0.050000,0.000000,0.000000,0.470000,1.000000,8.000000,79.910000
1789079001.041231,0,0.000000,0.000000,1.000000,0.000000,0.000000,0.000000,0.760000,1.000000,8.000000,79.910000
1789079001.064370,0,0.000000,0.000000,1.000000,0.050000,0.000000,0.000000,1.210000,1.000000,8.000000,79.930000
1789079001.064874,0,0.000000,0.000000,1.000000,0.150000,0.000000,0.000000,0.620000,1.000000,8.000000,79.940000
1789079001.089606,0,0.000000,0.000000,1.000000,0.050000,0.000000,0.000000,0.760000,1.000000,8.000000,79.940000
1789079001.090114,0,0.000000,0.000000,1.000000,0.000000,0.000000,0.000000,0.910000,1.000000,8.000000,79.950000
1789079001.113634,0,0.000000,0.000000,1.000000,0.100000,0.000000,0.000000,0.760000,1.000000,8.000000,79.980000
1789079001.114323,0,0.000000,0.000000,1.000000,0.010000,0.000000,0.000000,1.050000,1.000000,8.000000,79.980000
1789079001.114982,0,0.000000,0.000000,1.000000,0.100000,0.000000,0.000000,0.470000,1.000000,8.000000,80.000000
1789079001.138891,0,0.000000,0.000000,1.000000,0.100000,0.000000,0.000000,0.340000,1.000000,8.000000,80.010000
1789079001.139401,0,0.000000,0.000000,1.000000,0.010000,0.000000,0.000000,0.620000,1.000000,8.000000,80.010000
1789079001.163730,0,0.000000,0.000000,1.000000,-0.100000,0.000000,0.000000,0.470000,1.000000,8.000000,80.020000
1789079001.164339,0,0.000000,0.000000,1.000000,0.000000,0.000000,0.000000,0.470000,1.000000,8.000000,80.040000
1789079001.187772,0,0.000000,0.000000,1.000000,-0.100000,0.000000,0.000000,0.910000,1.000000,8.000000,80.050000
1789079001.188263,0,0.000000,0.000000,1.000000,0.000000,0.000000,0.000000,0.470000,1.000000,8.000000,80.050000
1789079001.188790,0,0.000000,0.000000,1.000000,0.000000,0.000000,0.000000,0.760000,1.000000,8.000000,80.060000
1789079001.213108,0,0.000000,0.000000,1.000000,0.310000,0.000000,0.000000,0.180000,0.000000,8.000000,80.080000
1789079001.213618,0,0.000000,0.000000,1.000000,0.000000,0.000000,0.000000,0.620000,1.000000,8.000000,80.080000
1789079001.214144,0,0.000000,0.000000,1.000000,0.010000,0.000000,0.000000,0.340000,1.000000,8.000000,80.090000
1789079001.237985,0,0.000000,0.000000,1.000000,0.010000,0.000000,0.000000,0.620000,1.000000,8.000000,80.110000
1789079001.238526,0,0.000000,0.000000,1.000000,-0.100000,0.000000,0.000000,0.180000,0.000000,8.000000,80.120000
1789079001.264163,0,0.000000,0.000000,1.000000,0.000000,0.000000,0.000000,0.620000,1.000000,8.000000,80.120000
1789079001.264679,0,0.000000,0.000000,1.000000,0.000000,0.000000,0.000000,0.620000,1.000000,8.000000,80.130000
1789079001.291437,0,0.000000,0.000000,1.000000,0.000000,0.000000,0.000000,0.620000,1.000000,8.000000,80.150000
1789079001.292020,0,0.000000,0.000000,1.000000,0.000000,0.000000,0.000000,0.470000,1.000000,8.000000,80.160000
1789079001.292432,0,0.000000,0.000000,1.000000,0.050000,0.000000,0.000000,0.760000,1.000000,8.000000,80.160000
1789079001.315140,0,0.000000,0.000000,1.000000,-0.050000,0.000000,0.000000,0.470000,1.000000,8.000000,80.180000
1789079001.315770,0,0.000000,0.000000,1.000000,-0.360000,0.000000,0.000000,0.620000,1.000000,8.000000,80.190000
1789079001.316291,0,0.000000,0.000000,1.000000,0.010000,0.000000,0.000000,0.620000,1.000000,8.000000,80.190000
1789079001.316936,0,0.000000,0.000000,1.000000,0.150000,0.000000,0.000000,0.470000,1.000000,8.000000,80.200000
1789079001.339974,0,0.000000,0.000000,1.000000,-0.050000,0.000000,0.000000,1.050000,1.000000,8.000000,80.220000
1789079001.340579,0,0.000000,0.000000,1.000000,-0.140000,0.000000,0.000000,0.340000,1.000000,8.000000,80.230000
1789079001.363893,0,0.000000,0.000000,1.000000,0.010000,0.000000,0.000000,0.910000,1.000000,8.000000,80.230000
1789079001.364386,0,0.000000,0.000000,1.000000,0.000000,0.000000,0.000000,0.470000,1.000000,8.000000,80.250000
1789079001.387917,0,0.000000,0.000000,1.000000,-0.100000,0.000000,0.000000,0.760000,1.000000,8.000000,80.260000
1789079001.388420,0,0.000000,0.000000,1.000000,0.050000,0.000000,0.000000,0.620000,1.000000,8.000000,80.260000
1789079001.412279,0,0.000000,0.000000,1.000000,0.000000,0.000000,0.000000,0.470000,1.000000,8.000000,80.270000
1789079001.412791,0,0.000000,0.000000,1.000000,-0.140000,0.000000,0.000000,0.620000,1.000000,8.000000,80.290000
1789079001.436536,0,0.000000,0.000000,1.000000,0.050000,0.000000,0.000000,0.760000,1.000000,8.000000,80.300000
1789079001.437160,0,0.000000,0.000000,1.000000,0.050000,0.000000,0.000000,0.760000,1.000000,8.000000,80.300000
1789079001.437701,0,0.000000,0.000000,1.000000,0.050000,0.000000,0.000000,0.340000,1.000000,8.000000,80.310000
1789079001.460762,0,0.000000,0.000000,1.000000,0.000000,0.000000,0.000000,0.470000,1.000000,8.000000,80.330000
1789079001.461261,0,0.000000,0.000000,1.000000,-0.750000,0.000000,0.000000,0.760000,1.000000,8.000000,80.330000
1789079001.461782,0,0.000000,0.000000,1.000000,0.050000,0.000000,0.000000,0.910000,1.000000,8.000000,80.340000
1789079001.485608,0,0.000000,0.000000,1.000000,0.010000,0.000000,0.000000,0.620000,1.000000,8.000000,80.360000
1789079001.486113,0,0.000000,0.000000,1.000000,0.000000,0.000000,0.000000,0.050000,0.000000,8.000000,80.370000
1789079001.509926,0,0.000000,0.000000,1.000000,0.010000,0.000000,0.000000,0.760000,1.000000,8.000000,80.370000
1789079001.510447,0,0.000000,0.000000,1.000000,-0.050000,0.000000,0.000000,0.910000,1.000000,8.000000,80.380000
1789079001.536496,0,0.000000,0.000000,1.000000,0.050000,0.000000,0.000000,0.470000,1.000000,8.000000,80.400000
1789079001.537008,0,0.000000,0.000000,1.000000,-0.230000,0.000000,0.000000,0.910000,1.000000,8.000000,80.410000
1789079001.537506,0,0.000000,0.000000,1.000000,0.050000,0.000000,0.000000,0.620000,1.000000,8.000000,80.410000
1789079001.560426,0,0.000000,0.000000,1.000000,0.100000,0.000000,0.000000,0.620000,1.000000,8.000000,80.430000
1789079001.560921,0,0.000000,0.000000,1.000000,-0.140000,0.000000,0.000000,0.470000,1.000000,8.000000,80.440000
1789079001.561328,0,0.000000,0.000000,1.000000,0.010000,0.000000,0.000000,0.620000,1.000000,8.000000,80.440000
1789079001.585246,0,0.000000,0.000000,1.000000,0.050000,0.000000,0.000000,0.340000,1.000000,8.000000,80.450000
1789079001.585769,0,0.000000,0.000000,1.000000,0.000000,0.000000,0.000000,0.470000,1.000000,8.000000,80.470000
1789079001.608806,0,0.000000,0.000000,1.000000,0.000000,0.000000,0.000000,0.050000,0.000000,8.000000,80.480000
1789079001.609319,0,0.000000,0.000000,1.000000,0.010000,0.000000,0.000000,0.470000,1.000000,8.000000,80.480000
1789079001.632866,0,0.000000,0.000000,1.000000,-0.140000,0.000000,0.000000,0.760000,1.000000,8.000000,80.500000
1789079001.633372,0,0.000000,0.000000,1.000000,-0.050000,0.000000,0.000000,-0.070000,0.000000,8.000000,80.510000
1789079001.633784,0,0.000000,0.000000,1.000000,0.050000,0.000000,0.000000,0.340000,1.000000,8.000000,80.510000
1789079001.656878,0,0.000000,0.000000,1.000000,-0.050000,0.000000,0.000000,0.470000,1.000000,8.000000,80.520000
1789079001.657378,0,0.000000,0.000000,1.000000,0.000000,0.000000,0.000000,0.470000,1.000000,8.000000,80.540000
1789079001.681588,0,0.000000,0.000000,1.000000,0.050000,0.000000,0.000000,0.340000,1.000000,8.000000,80.550000
1789079001.682398,0,0.000000,0.000000,1.000000,-0.230000,0.000000,0.000000,0.470000,1.000000,8.000000,80.550000
1789079001.706282,0,0.000000,0.000000,1.000000,0.010000,0.000000,0.000000,0.760000,1.000000,8.000000,80.560000
1789079001.706847,0,0.000000,0.000000,1.000000,0.100000,0.000000,0.000000,0.760000,1.000000,8.000000,80.580000
1789079001.707612,0,0.000000,0.000000,1.000000,-0.050000,0.000000,0.000000,0.470000,1.000000,8.000000,80.580000
1789079001.731165,0,0.000000,0.000000,1.000000,0.000000,0.000000,0.000000,0.620000,1.000000,8.000000,80.590000
1789079001.731780,0,0.000000,0.000000,1.000000,0.100000,0.000000,0.000000,0.470000,1.000000,8.000000,80.610000
1789079001.756321,0,0.000000,0.000000,1.000000,-0.050000,0.000000,0.000000,0.470000,1.000000,8.000000,80.620000
1789079001.756976,0,0.000000,0.000000,1.000000,0.000000,0.000000,0.000000,0.760000,1.000000,8.000000,80.620000
1789079001.781213,0,0.000000,0.000000,1.000000,-0.050000,0.000000,0.000000,0.340000,1.000000,8.000000,80.630000
1789079001.782155,0,0.000000,0.000000,1.000000,0.000000,0.000000,0.000000,0.760000,1.000000,8.000000,80.650000
1789079001.782638,0,0.000000,0.000000,1.000000,0.000000,0.000000,0.000000,0.340000,1.000000,8.000000,80.660000
1789079001.806858,0,0.000000,0.000000,1.000000,0.100000,0.000000,0.000000,0.760000,1.000000,8.000000,80.660000
1789079001.807537,0,0.000000,0.000000,1.000000,-0.050000,0.000000,0.000000,0.470000,1.000000,8.000000,80.680000
1789079001.831335,0,0.000000,0.000000,1.000000,-0.050000,0.000000,0.000000,0.760000,1.000000,8.000000,80.690000
1789079001.832236,0,0.000000,0.000000,1.000000,0.010000,0.000000,0.000000,0.620000,1.000000,8.000000,80.690000
1789079001.856781,0,0.000000,0.000000,1.000000,-0.140000,0.000000,0.000000,0.760000,1.000000,8.000000,80.700000
1789079001.857338,0,0.000000,0.000000,1.000000,0.000000,0.000000,0.000000,0.470000,1.000000,8.000000,80.720000
1789079001.858077,0,0.000000,0.000000,1.000000,0.180000,0.000000,0.000000,0.470000,1.000000,8.000000,80.730000
1789079001.880547,0,0.000000,0.000000,1.000000,0.050000,0.000000,0.000000,0.620000,1.000000,8.000000,80.730000
1789079001.881145,0,0.000000,0.000000,1.000000,0.010000,0.000000,0.000000,0.760000,1.000000,8.000000,80.760000
1789079001.904577,0,0.000000,0.000000,1.000000,-0.140000,0.000000,0.000000,0.470000,1.000000,8.000000,80.760000
1789079001.905085,0,0.000000,0.000000,1.000000,0.100000,0.000000,0.000000,0.910000,1.000000,8.000000,80.770000
1789079001.929185,0,0.000000,0.000000,1.000000,0.010000,0.000000,0.000000,1.050000,1.000000,8.000000,80.790000
1789079001.929690,0,0.000000,0.000000,1.000000,0.010000,0.000000,0.000000,0.470000,1.000000,8.000000,80.800000
1789079001.930217,0,0.000000,0.000000,1.000000,-0.140000,0.000000,0.000000,0.760000,1.000000,8.000000,80.800000
1789079001.953610,0,0.000000,0.000000,1.000000,0.050000,0.000000,0.000000,0.180000,0.000000,8.000000,80.810000
1789079001.954117,0,0.000000,0.000000,1.000000,-0.050000,0.000000,0.000000,0.620000,1.000000,8.000000,80.830000
1789079001.954680,0,0.000000,0.000000,1.000000,0.010000,0.000000,0.000000,0.340000,1.000000,8.000000,80.830000
1789079001.978605,0,0.000000,0.000000,1.000000,0.100000,0.000000,0.000000,0.620000,1.000000,8.000000,80.840000
1789079001.979178,0,0.000000,0.000000,1.000000,0.010000,0.000000,0.000000,0.470000,1.000000,8.000000,80.860000
1789079002.002107,0,0.000000,0.000000,1.000000,-0.180000,0.000000,0.000000,-0.070000,0.000000,8.000000,80.870000
1789079002.002614,0,0.000000,0.000000,1.000000,-0.180000,0.000000,0.000000,0.470000,1.000000,8.000000,80.870000
1789079002.003174,0,0.000000,0.000000,1.000000,0.000000,0.000000,0.000000,0.340000,1.000000,8.000000,80.880000
1789079002.026807,0,0.000000,0.000000,1.000000,0.100000,0.000000,0.000000,0.620000,1.000000,8.000000,80.900000
1789079002.027305,0,0.000000,0.000000,1.000000,0.000000,0.000000,0.000000,0.470000,1.000000,8.000000,80.910000
1789079002.052724,0,0.000000,0.000000,1.000000,0.010000,0.000000,0.000000,0.620000,1.000000,8.000000,80.910000
1789079002.053229,0,0.000000,0.000000,1.000000,0.280000,0.000000,0.000000,0.340000,1.000000,8.000000,80.930000
1789079002.076187,0,0.000000,0.000000,1.000000,0.150000,0.000000,0.000000,0.620000,1.000000,8.000000,80.940000
1789079002.076689,0,0.000000,0.000000,1.000000,0.010000,0.000000,0.000000,0.620000,1.000000,8.000000,80.940000
1789079002.077111,0,0.000000,0.000000,1.000000,-0.050000,0.000000,0.000000,0.620000,1.000000,8.000000,80.950000
1789079002.100711,0,0.000000,0.000000,1.000000,0.100000,0.000000,0.000000,0.620000,1.000000,8.000000,80.970000
1789079002.101188,0,0.000000,0.000000,1.000000,0.000000,0.000000,0.000000,0.470000,1.000000,8.000000,80.980000
1789079002.101579,0,0.000000,0.000000,1.000000,0.010000,0.000000,0.000000,0.340000,1.000000,8.000000,80.980000
1789079002.124540,0,0.000000,0.000000,1.000000,0.010000,0.000000,0.000000,0.340000,1.000000,8.000000,81.000000
1789079002.125039,0,0.000000,0.000000,1.000000,0.050000,0.000000,0.000000,0.620000,1.000000,8.000000,81.010000
1789079002.147088,0,0.000000,0.000000,1.000000,0.000000,0.000000,0.000000,0.620000,1.000000,8.000000,81.010000
1789079002.147775,0,0.000000,0.000000,1.000000,0.010000,0.000000,0.000000,0.760000,1.000000,8.000000,81.020000
1789079002.148635,0,0.000000,0.000000,1.000000,0.010000,0.000000,0.000000,0.470000,1.000000,8.000000,81.040000
1789079002.172784,0,0.000000,0.000000,1.000000,0.010000,0.000000,0.000000,0.910000,1.000000,8.000000,81.050000
1789079002.173507,0,0.000000,0.000000,1.000000,0.000000,0.000000,0.000000,0.470000,1.000000,8.000000,81.050000
1789079002.196920,0,0.000000,0.000000,1.000000,0.000000,0.000000,0.000000,0.340000,1.000000,8.000000,81.060000
1789079002.220852,0,0.000000,0.000000,1.000000,-0.050000,0.000000,0.000000,0.760000,1.000000,8.000000,81.080000
1789079002.221362,0,0.000000,0.000000,1.000000,0.180000,0.000000,0.000000,0.470000,1.000000,8.000000,81.080000
1789079002.221782,0,0.000000,0.000000,1.000000,-0.050000,0.000000,0.000000,0.620000,1.000000,8.000000,81.090000
1789079002.244715,0,0.000000,0.000000,1.000000,0.010000,0.000000,0.000000,0.470000,1.000000,8.000000,81.110000
1789079002.245228,0,0.000000,0.000000,1.000000,0.010000,0.000000,0.000000,0.620000,1.000000,8.000000,81.120000
1789079002.245646,0,0.000000,0.000000,1.000000,0.000000,0.000000,0.000000,0.470000,1.000000,8.000000,81.120000
1789079002.270529,0,0.000000,0.000000,1.000000,-0.230000,0.000000,0.000000,0.760000,1.000000,8.000000,81.130000
1789079002.271033,0,0.000000,0.000000,1.000000,0.180000,0.000000,0.000000,0.620000,1.000000,8.000000,81.150000
1789079002.271600,0,0.000000,0.000000,1.000000,-0.050000,0.000000,0.000000,0.760000,1.000000,8.000000,81.160000
1789079002.295077,0,0.000000,0.000000,1.000000,0.010000,0.000000,0.000000,0.340000,1.000000,8.000000,81.160000
1789079002.295589,0,0.000000,0.000000,1.000000,0.050000,0.000000,0.000000,0.760000,1.000000,8.000000,81.180000
1789079002.320736,0,0.000000,0.000000,1.000000,0.010000,0.000000,0.000000,0.470000,1.000000,8.000000,81.190000
1789079002.321249,0,0.000000,0.000000,1.000000,0.010000,0.000000,0.000000,0.760000,1.000000,8.000000,81.190000
1789079002.321676,0,0.000000,0.000000,1.000000,0.050000,0.000000,0.000000,0.760000,1.000000,8.000000,81.200000
1789079002.344443,0,0.000000,0.000000,1.000000,0.000000,0.000000,0.000000,0.340000,1.000000,8.000000,81.220000
1789079002.345076,0,0.000000,0.000000,1.000000,0.000000,0.000000,0.000000,0.340000,1.000000,8.000000,81.230000
1789079002.345553,0,0.000000,0.000000,1.000000,0.000000,0.000000,0.000000,0.760000,1.000000,8.000000,81.230000
1789079002.369586,0,0.000000,0.000000,1.000000,-0.050000,0.000000,0.000000,0.470000,1.000000,8.000000,81.250000
1789079002.370260,0,0.000000,0.000000,1.000000,0.000000,0.000000,0.000000,0.620000,1.000000,8.000000,81.260000
1789079002.394997,0,0.000000,0.000000,1.000000,0.000000,0.000000,0.000000,0.470000,1.000000,8.000000,81.260000
1789079002.395614,0,0.000000,0.000000,1.000000,0.050000,0.000000,0.000000,0.620000,1.000000,8.000000,81.260000
1789079002.419693,0,0.000000,0.000000,1.000000,0.150000,0.000000,0.000000,0.910000,1.000000,8.000000,81.270000
1789079002.420201,0,0.000000,0.000000,1.000000,0.100000,0.000000,0.000000,0.760000,1.000000,8.000000,81.300000
1789079002.420770,0,0.000000,0.000000,1.000000,0.010000,0.000000,0.000000,0.620000,1.000000,8.000000,81.300000
1789079002.444425,0,0.000000,0.000000,1.000000,0.100000,0.000000,0.000000,0.760000,1.000000,8.000000,81.300000
1789079002.444931,0,0.000000,0.000000,1.000000,0.180000,0.000000,0.000000,0.910000,1.000000,8.000000,81.310000
1789079002.469524,0,0.000000,0.000000,1.000000,0.050000,0.000000,0.000000,0.340000,1.000000,8.000000,81.330000
1789079002.470027,0,0.000000,0.000000,1.000000,0.050000,0.000000,0.000000,0.470000,1.000000,8.000000,81.340000
1789079002.493318,0,0.000000,0.000000,1.000000,0.100000,0.000000,0.000000,0.470000,1.000000,8.000000,81.360000
1789079002.493818,0,0.000000,0.000000,1.000000,-0.140000,0.000000,0.000000,0.340000,1.000000,8.000000,81.370000
1789079002.494385,0,0.000000,0.000000,1.000000,0.050000,0.000000,0.000000,0.050000,0.000000,8.000000,81.370000
1789079002.519078,0,0.000000,0.000000,1.000000,0.010000,0.000000,0.000000,0.470000,1.000000,8.000000,81.380000
1789079002.519658,0,0.000000,0.000000,1.000000,0.000000,0.000000,0.000000,0.620000,1.000000,8.000000,81.400000
1789079002.546429,0,0.000000,0.000000,1.000000,0.010000,0.000000,0.000000,0.340000,1.000000,8.000000,81.410000
1789079002.547021,0,0.000000,0.000000,1.000000,-0.140000,0.000000,0.000000,0.470000,1.000000,8.000000,81.410000
1789079002.547447,0,0.000000,0.000000,1.000000,-0.230000,0.000000,0.000000,0.180000,0.000000,8.000000,81.430000
1789079002.571460,0,0.000000,0.000000,1.000000,0.150000,0.000000,0.000000,0.620000,1.000000,8.000000,81.440000
1789079002.571972,0,0.000000,0.000000,1.000000,0.010000,0.000000,0.000000,0.340000,1.000000,8.000000,81.440000
1789079002.572486,0,0.000000,0.000000,1.000000,0.010000,0.000000,0.000000,0.340000,1.000000,8.000000,81.450000
1789079002.596663,0,0.000000,0.000000,1.000000,0.050000,0.000000,0.000000,0.470000,1.000000,8.000000,81.470000
1789079002.597166,0,0.000000,0.000000,1.000000,-0.270000,0.000000,0.000000,0.760000,1.000000,8.000000,81.480000
1789079002.621330,0,0.000000,0.000000,1.000000,-0.050000,0.000000,0.000000,0.180000,0.000000,8.000000,81.480000
1789079002.621956,0,0.000000,0.000000,1.000000,0.000000,0.000000,0.000000,0.620000,1.000000,8.000000,81.500000
1789079002.644844,0,0.000000,0.000000,1.000000,0.000000,0.000000,0.000000,0.760000,1.000000,8.000000,81.510000
1789079002.645350,0,0.000000,0.000000,1.000000,-0.230000,0.000000,0.000000,0.470000,1.000000,8.000000,81.510000
1789079002.645957,0,0.000000,0.000000,1.000000,-0.230000,0.000000,0.000000,0.340000,1.000000,8.000000,81.520000
1789079002.669690,0,0.000000,0.000000,1.000000,-0.140000,0.000000,0.000000,0.470000,1.000000,8.000000,81.540000
1789079002.670280,0,0.000000,0.000000,1.000000,0.000000,0.000000,0.000000,0.620000,1.000000,8.000000,81.550000
1789079002.670783,0,0.000000,0.000000,1.000000,0.000000,0.000000,0.000000,0.470000,1.000000,8.000000,81.550000
1789079002.694778,0,0.000000,0.000000,1.000000,-0.050000,0.000000,0.000000,0.470000,1.000000,8.000000,81.560000
1789079002.695291,0,0.000000,0.000000,1.000000,-0.050000,0.000000,0.000000,0.760000,1.000000,8.000000,81.580000
1789079002.718916,0,0.000000,0.000000,1.000000,-0.050000,0.000000,0.000000,0.910000,1.000000,8.000000,81.580000
1789079002.719424,0,0.000000,0.000000,1.000000,-0.050000,0.000000,0.000000,0.620000,1.000000,8.000000,81.590000
1789079002.719978,0,0.000000,0.000000,1.000000,-0.140000,0.000000,0.000000,0.470000,1.000000,8.000000,81.610000
1789079002.743142,0,0.000000,0.000000,1.000000,0.050000,0.000000,0.000000,0.760000,1.000000,8.000000,81.620000
1789079002.743643,0,0.000000,0.000000,1.000000,0.010000,0.000000,0.000000,0.340000,1.000000,8.000000,81.620000
1789079002.768255,0,0.000000,0.000000,1.000000,0.000000,0.000000,0.000000,0.910000,1.000000,8.000000,81.630000
1789079002.768832,0,0.000000,0.000000,1.000000,0.010000,0.000000,0.000000,0.760000,1.000000,8.000000,81.650000
1789079002.792401,0,0.000000,0.000000,1.000000,0.100000,0.000000,0.000000,0.180000,0.000000,8.000000,81.660000
1789079002.792911,0,0.000000,0.000000,1.000000,0.050000,0.000000,0.000000,0.470000,1.000000,8.000000,81.660000
1789079002.816640,0,0.000000,0.000000,1.000000,-0.230000,0.000000,0.000000,0.620000,1.000000,8.000000,81.680000
1789079002.817345,0,0.000000,0.000000,1.000000,0.000000,0.000000,0.000000,0.470000,1.000000,8.000000,81.690000
1789079002.817954,0,0.000000,0.000000,1.000000,0.100000,0.000000,0.000000,0.620000,1.000000,8.000000,81.690000
1789079002.842362,0,0.000000,0.000000,1.000000,0.000000,0.000000,0.000000,0.470000,1.000000,8.000000,81.700000
1789079002.842974,0,0.000000,0.000000,1.000000,-0.050000,0.000000,0.000000,0.620000,1.000000,8.000000,81.720000
1789079002.866074,0,0.000000,0.000000,1.000000,0.000000,0.000000,0.000000,0.470000,1.000000,8.000000,81.730000
1789079002.866845,0,0.000000,0.000000,1.000000,0.400000,0.000000,0.000000,0.760000,1.000000,8.000000,81.730000
1789079002.890618,0,0.000000,0.000000,1.000000,0.100000,0.000000,0.000000,0.470000,1.000000,8.000000,81.750000
1789079002.891133,0,0.000000,0.000000,1.000000,0.000000,0.000000,0.000000,0.340000,1.000000,8.000000,81.760000
1789079002.915437,0,0.000000,0.000000,1.000000,-0.230000,0.000000,0.000000,0.470000,1.000000,8.000000,81.760000
1789079002.915998,0,0.000000,0.000000,1.000000,0.000000,0.000000,0.000000,0.620000,1.000000,8.000000,81.770000
1789079002.916560,0,0.000000,0.000000,1.000000,0.000000,0.000000,0.000000,0.620000,1.000000,8.000000,81.800000
1789079002.941525,0,0.000000,0.000000,1.000000,-0.050000,0.000000,0.000000,0.470000,1.000000,8.000000,81.800000
1789079002.942029,0,0.000000,0.000000,1.000000,0.010000,0.000000,0.000000,0.470000,1.000000,8.000000,81.810000
1789079002.966527,0,0.000000,0.000000,1.000000,0.010000,0.000000,0.000000,0.620000,1.000000,8.000000,81.830000
1789079002.967094,0,0.000000,0.000000,1.000000,0.100000,0.000000,0.000000,0.340000,1.000000,8.000000,81.830000
1789079002.990439,0,0.000000,0.000000,1.000000,-0.050000,0.000000,0.000000,0.340000,1.000000,8.000000,81.840000
1789079002.990942,0,0.000000,0.000000,1.000000,0.000000,0.000000,0.000000,0.470000,1.000000,8.000000,81.860000
1789079002.991564,0,0.000000,0.000000,1.000000,0.000000,0.000000,0.000000,0.910000,1.000000,8.000000,81.870000
1789079003.015295,0,0.000000,0.000000,1.000000,0.010000,0.000000,0.000000,0.620000,1.000000,8.000000,81.870000
1789079003.015866,0,0.000000,0.000000,1.000000,0.000000,0.000000,0.000000,0.760000,1.000000,8.000000,81.880000
1789079003.016276,0,0.000000,0.000000,1.000000,0.000000,0.000000,0.000000,0.620000,1.000000,8.000000,81.900000
1789079003.040293,0,0.000000,0.000000,1.000000,0.000000,0.000000,0.000000,0.340000,1.000000,8.000000,81.910000
1789079003.040797,0,0.000000,0.000000,1.000000,0.050000,0.000000,0.000000,0.470000,1.000000,8.000000,81.910000
1789079003.063991,0,0.000000,0.000000,1.000000,-0.050000,0.000000,0.000000,0.340000,1.000000,8.000000,81.930000
1789079003.064499,0,0.000000,0.000000,1.000000,-0.100000,0.000000,0.000000,0.470000,1.000000,8.000000,81.940000
1789079003.088972,0,0.000000,0.000000,1.000000,-0.050000,0.000000,0.000000,0.760000,1.000000,8.000000,81.940000
1789079003.089574,0,0.000000,0.000000,1.000000,0.010000,0.000000,0.000000,0.620000,1.000000,8.000000,81.950000
1789079003.113106,0,0.000000,0.000000,1.000000,0.010000,0.000000,0.000000,0.470000,1.000000,8.000000,81.970000
1789079003.113667,0,0.000000,0.000000,1.000000,0.100000,0.000000,0.000000,0.470000,1.000000,8.000000,81.980000
1789079003.138639,0,0.000000,0.000000,1.000000,0.000000,0.000000,0.000000,0.470000,1.000000,8.000000,81.980000
1789079003.139143,0,0.000000,0.000000,1.000000,0.010000,0.000000,0.000000,0.470000,1.000000,8.000000,82.000000
1789079003.139561,0,0.000000,0.000000,1.000000,-0.050000,0.000000,0.000000,0.470000,1.000000,8.000000,82.010000
1789079003.164268,0,0.000000,0.000000,1.000000,0.000000,0.000000,0.000000,0.760000,1.000000,8.000000,82.020000
1789079003.164917,0,0.000000,0.000000,1.000000,0.010000,0.000000,0.000000,0.910000,1.000000,8.000000,82.040000
1789079003.165365,0,0.000000,0.000000,1.000000,0.010000,0.000000,0.000000,0.340000,1.000000,8.000000,82.050000
1789079003.188167,0,0.000000,0.000000,1.000000,0.050000,0.000000,0.000000,0.620000,1.000000,8.000000,82.050000
1789079003.188674,0,0.000000,0.000000,1.000000,0.000000,0.000000,0.000000,0.340000,1.000000,8.000000,82.060000
1789079003.189192,0,0.000000,0.000000,1.000000,0.050000,0.000000,0.000000,0.620000,1.000000,8.000000,82.080000
1789079003.212531,0,0.000000,0.000000,1.000000,0.150000,0.000000,0.000000,0.470000,1.000000,8.000000,82.080000
1789079003.236890,0,0.000000,0.000000,1.000000,0.010000,0.000000,0.000000,0.910000,1.000000,8.000000,82.090000
1789079003.237464,0,0.000000,0.000000,1.000000,0.050000,0.000000,0.000000,0.620000,1.000000,8.000000,82.110000
1789079003.237939,0,0.000000,0.000000,1.000000,0.150000,0.000000,0.000000,0.340000,1.000000,8.000000,82.120000
1789079003.261280,0,0.000000,0.000000,1.000000,-0.050000,0.000000,0.000000,0.470000,1.000000,8.000000,82.120000
1789079003.261781,0,0.000000,0.000000,1.000000,0.010000,0.000000,0.000000,0.620000,1.000000,8.000000,82.130000
1789079003.262398,0,0.000000,0.000000,1.000000,0.050000,0.000000,0.000000,0.620000,1.000000,8.000000,82.150000
1789079003.286843,0,0.000000,0.000000,1.000000,-0.050000,0.000000,0.000000,0.340000,1.000000,8.000000,82.160000
1789079003.287323,0,0.000000,0.000000,1.000000,0.010000,0.000000,0.000000,0.620000,1.000000,8.000000,82.160000
1789079003.287839,0,0.000000,0.000000,1.000000,0.010000,0.000000,0.000000,0.340000,1.000000,8.000000,82.180000
1789079003.310439,0,0.000000,0.000000,1.000000,0.000000,0.000000,0.000000,0.620000,1.000000,8.000000,82.190000
1789079003.310951,0,0.000000,0.000000,1.000000,0.000000,0.000000,0.000000,0.340000,1.000000,8.000000,82.190000
1789079003.311690,0,0.000000,0.000000,1.000000,0.010000,0.000000,0.000000,0.620000,1.000000,8.000000,82.200000
1789079003.334421,0,0.000000,0.000000,1.000000,0.010000,0.000000,0.000000,0.470000,1.000000,8.000000,82.220000
1789079003.335128,0,0.000000,0.000000,1.000000,0.010000,0.000000,0.000000,0.620000,1.000000,8.000000,82.230000
1789079003.357570,0,0.000000,0.000000,1.000000,0.050000,0.000000,0.000000,0.470000,1.000000,8.000000,82.230000
1789079003.358214,0,0.000000,0.000000,1.000000,0.000000,0.000000,0.000000,0.340000,1.000000,8.000000,82.230000
1789079003.380505,0,0.000000,0.000000,1.000000,-0.140000,0.000000,0.000000,0.760000,1.000000,8.000000,82.250000
1789079003.381029,0,0.000000,0.000000,1.000000,0.100000,0.000000,0.000000,0.470000,1.000000,8.000000,82.260000
1789079003.403913,0,0.000000,0.000000,1.000000,-0.050000,0.000000,0.000000,0.050000,0.000000,8.000000,82.260000
1789079003.404421,0,0.000000,0.000000,1.000000,0.010000,0.000000,0.000000,0.340000,1.000000,8.000000,82.270000
1789079003.426567,0,0.000000,0.000000,1.000000,0.000000,0.000000,0.000000,0.470000,1.000000,8.000000,82.290000
1789079003.427045,0,0.000000,0.000000,1.000000,-0.140000,0.000000,0.000000,0.470000,1.000000,8.000000,82.300000
1789079003.427561,0,0.000000,0.000000,1.000000,0.010000,0.000000,0.000000,0.340000,1.000000,8.000000,82.300000
1789079003.449826,0,0.000000,0.000000,1.000000,0.010000,0.000000,0.000000,0.620000,1.000000,8.000000,82.310000
1789079003.450321,0,0.000000,0.000000,1.000000,0.010000,0.000000,0.000000,0.910000,1.000000,8.000000,82.330000
1789079003.472594,0,0.000000,0.000000,1.000000,0.010000,0.000000,0.000000,0.470000,1.000000,8.000000,82.330000
1789079003.473095,0,0.000000,0.000000,1.000000,-0.230000,0.000000,0.000000,0.620000,1.000000,8.000000,82.340000
1789079003.496397,0,0.000000,0.000000,1.000000,0.010000,0.000000,0.000000,0.340000,1.000000,8.000000,82.360000
1789079003.496900,0,0.000000,0.000000,1.000000,0.050000,0.000000,0.000000,0.910000,1.000000,8.000000,82.370000
1789079003.519972,0,0.000000,0.000000,1.000000,0.010000,0.000000,0.000000,0.760000,1.000000,8.000000,82.370000
1789079003.520478,0,0.000000,0.000000,1.000000,-0.050000,0.000000,0.000000,0.470000,1.000000,8.000000,82.380000
1789079003.520896,0,0.000000,0.000000,1.000000,0.050000,0.000000,0.000000,0.620000,1.000000,8.000000,82.400000
1789079003.521540,0,0.000000,0.000000,1.000000,-0.140000,0.000000,0.000000,0.340000,1.000000,8.000000,82.410000
1789079003.543170,0,0.000000,0.000000,1.000000,-0.100000,0.000000,0.000000,0.470000,1.000000,8.000000,82.410000
1789079003.543788,0,0.000000,0.000000,1.000000,0.000000,0.000000,0.000000,0.760000,1.000000,8.000000,82.430000
1789079003.544262,0,0.000000,0.000000,1.000000,0.050000,0.000000,0.000000,0.340000,1.000000,8.000000,82.440000
1789079003.567448,0,0.000000,0.000000,1.000000,0.000000,0.000000,0.000000,0.910000,1.000000,8.000000,82.440000
1789079003.590155,0,0.000000,0.000000,1.000000,0.100000,0.000000,0.000000,0.620000,1.000000,8.000000,82.450000
1789079003.590654,0,0.000000,0.000000,1.000000,0.000000,0.000000,0.000000,0.340000,1.000000,8.000000,82.470000
1789079003.613305,0,0.000000,0.000000,1.000000,-0.100000,0.000000,0.000000,0.620000,1.000000,8.000000,82.480000
1789079003.613826,0,0.000000,0.000000,1.000000,-0.050000,0.000000,0.000000,0.760000,1.000000,8.000000,82.480000
1789079003.636489,0,0.000000,0.000000,1.000000,-0.050000,0.000000,0.000000,0.470000,1.000000,8.000000,82.500000
1789079003.637005,0,0.000000,0.000000,1.000000,0.000000,0.000000,0.000000,0.340000,1.000000,8.000000,82.510000
1789079003.637427,0,0.000000,0.000000,1.000000,0.000000,0.000000,0.000000,0.340000,1.000000,8.000000,82.510000
1789079003.660438,0,0.000000,0.000000,1.000000,0.000000,0.000000,0.000000,1.050000,1.000000,8.000000,82.520000
1789079003.661022,0,0.000000,0.000000,1.000000,0.010000,0.000000,0.000000,0.760000,1.000000,8.000000,82.540000
1789079003.685457,0,0.000000,0.000000,1.000000,0.150000,0.000000,0.000000,0.910000,1.000000,8.000000,82.550000
1789079003.686021,0,0.000000,0.000000,1.000000,0.010000,0.000000,0.000000,0.180000,0.000000,8.000000,82.550000
1789079003.707324,0,0.000000,0.000000,1.000000,0.000000,0.000000,0.000000,0.760000,1.000000,8.000000,82.560000
1789079003.707824,0,0.000000,0.000000,1.000000,0.010000,0.000000,0.000000,0.760000,1.000000,8.000000,82.580000
1789079003.708463,0,0.000000,0.000000,1.000000,0.050000,0.000000,0.000000,0.340000,1.000000,8.000000,82.580000
1789079003.730499,0,0.000000,0.000000,1.000000,0.050000,0.000000,0.000000,0.620000,1.000000,8.000000,82.590000
1789079003.731287,0,0.000000,0.000000,1.000000,0.150000,0.000000,0.000000,0.470000,1.000000,8.000000,82.610000
1789079003.754719,0,0.000000,0.000000,1.000000,0.050000,0.000000,0.000000,0.470000,1.000000,8.000000,82.620000
1789079003.755368,0,0.000000,0.000000,1.000000,0.000000,0.000000,0.000000,0.910000,1.000000,8.000000,82.620000
1789079003.778911,0,0.000000,0.000000,1.000000,0.100000,0.000000,0.000000,0.910000,1.000000,8.000000,82.630000
1789079003.779413,0,0.000000,0.000000,1.000000,0.000000,0.000000,0.000000,0.760000,1.000000,8.000000,82.650000
1789079003.802499,0,0.000000,0.000000,1.000000,0.010000,0.000000,0.000000,0.470000,1.000000,8.000000,82.660000
1789079003.803022,0,0.000000,0.000000,1.000000,0.050000,0.000000,0.000000,0.340000,1.000000,8.000000,82.680000
1789079003.826527,0,0.000000,0.000000,1.000000,0.100000,0.000000,0.000000,0.470000,1.000000,8.000000,82.690000
1789079003.827116,0,0.000000,0.000000,1.000000,0.050000,0.000000,0.000000,0.760000,1.000000,8.000000,82.690000
1789079003.850321,0,0.000000,0.000000,1.000000,0.010000,0.000000,0.000000,0.470000,1.000000,8.000000,82.700000
1789079003.850892,0,0.000000,0.000000,1.000000,0.010000,0.000000,0.000000,0.470000,1.000000,8.000000,82.720000
1789079003.874954,0,0.000000,0.000000,1.000000,0.050000,0.000000,0.000000,0.620000,1.000000,8.000000,82.730000
1789079003.875503,0,0.000000,0.000000,1.000000,0.010000,0.000000,0.000000,1.050000,1.000000,8.000000,82.730000
1789079003.875999,0,0.000000,0.000000,1.000000,-0.100000,0.000000,0.000000,0.910000,1.000000,8.000000,82.750000
1789079003.898322,0,0.000000,0.000000,1.000000,0.050000,0.000000,0.000000,0.910000,1.000000,8.000000,82.760000
1789079003.898922,0,0.000000,0.000000,1.000000,0.000000,0.000000,0.000000,1.050000,1.000000,8.000000,82.760000
1789079003.921471,0,0.000000,0.000000,1.000000,0.010000,0.000000,0.000000,0.470000,1.000000,8.000000,82.790000
1789079003.921980,0,0.000000,0.000000,1.000000,0.010000,0.000000,0.000000,0.760000,1.000000,8.000000,82.800000
1789079003.922403,0,0.000000,0.000000,1.000000,0.000000,0.000000,0.000000,0.910000,1.000000,8.000000,82.800000
1789079003.944476,0,0.000000,0.000000,1.000000,0.100000,0.000000,0.000000,0.470000,1.000000,8.000000,82.810000
1789079003.944972,0,0.000000,0.000000,1.000000,0.000000,0.000000,0.000000,0.340000,1.000000,8.000000,82.830000
1789079003.967566,0,0.000000,0.000000,1.000000,0.050000,0.000000,0.000000,0.470000,1.000000,8.000000,82.830000
1789079003.968075,0,0.000000,0.000000,1.000000,0.010000,0.000000,0.000000,0.470000,1.000000,8.000000,82.840000
1789079003.989784,0,0.000000,0.000000,1.000000,-0.140000,0.000000,0.000000,0.760000,1.000000,8.000000,82.860000
1789079003.990292,0,0.000000,0.000000,1.000000,-0.100000,0.000000,0.000000,0.180000,0.000000,8.000000,82.870000
1789079003.990822,0,0.000000,0.000000,1.000000,0.000000,0.000000,0.000000,0.470000,1.000000,8.000000,82.870000
1789079004.013990,0,0.000000,0.000000,1.000000,-0.050000,0.000000,0.000000,0.470000,1.000000,8.000000,82.880000
1789079004.014491,0,0.000000,0.000000,1.000000,-0.140000,0.000000,0.000000,0.470000,1.000000,8.000000,82.900000
1789079004.037444,0,0.000000,0.000000,1.000000,0.010000,0.000000,0.000000,0.340000,1.000000,8.000000,82.910000
1789079004.038045,0,0.000000,0.000000,1.000000,0.150000,0.000000,0.000000,0.180000,0.000000,8.000000,82.910000
1789079004.060052,0,0.000000,0.000000,1.000000,-0.140000,0.000000,0.000000,0.340000,1.000000,8.000000,82.930000
1789079004.060548,0,0.000000,0.000000,1.000000,0.010000,0.000000,0.000000,0.760000,1.000000,8.000000,82.930000
1789079004.061057,0,0.000000,0.000000,1.000000,0.000000,0.000000,0.000000,0.470000,1.000000,8.000000,82.940000
1789079004.083172,0,0.000000,0.000000,1.000000,-0.100000,0.000000,0.000000,0.470000,1.000000,8.000000,82.940000
1789079004.083652,0,0.000000,0.000000,1.000000,0.000000,0.000000,0.000000,0.340000,1.000000,8.000000,82.970000
1789079004.106787,0,0.000000,0.000000,1.000000,0.010000,0.000000,0.000000,1.050000,1.000000,8.000000,82.980000
1789079004.107366,0,0.000000,0.000000,1.000000,0.000000,0.000000,0.000000,0.340000,1.000000,8.000000,82.980000
1789079004.135450,0,0.000000,0.000000,1.000000,0.000000,0.000000,0.000000,0.340000,1.000000,8.000000,82.980000
1789079004.135924,0,0.000000,0.000000,1.000000,0.000000,0.000000,0.000000,0.760000,1.000000,8.000000,83.000000
1789079004.161379,0,0.000000,0.000000,1.000000,0.050000,0.000000,0.000000,0.760000,1.000000,8.000000,83.010000
1789079004.161885,0,0.000000,0.000000,1.000000,0.050000,0.000000,0.000000,0.760000,1.000000,8.000000,83.020000
1789079004.162303,0,0.000000,0.000000,1.000000,0.010000,0.000000,0.000000,0.760000,1.000000,8.000000,83.040000
1789079004.162855,0,0.000000,0.000000,1.000000,0.000000,0.000000,0.000000,0.470000,1.000000,8.000000,83.050000
1789079004.190187,0,0.000000,0.000000,1.000000,-0.050000,0.000000,0.000000,0.760000,1.000000,8.000000,83.050000
1789079004.190665,0,0.000000,0.000000,1.000000,0.010000,0.000000,0.000000,0.340000,1.000000,8.000000,83.060000
1789079004.217056,0,0.000000,0.000000,1.000000,-0.140000,0.000000,0.000000,0.620000,1.000000,8.000000,83.080000
1789079004.217574,0,0.000000,0.000000,1.000000,0.000000,0.000000,0.000000,0.620000,1.000000,8.000000,83.080000
1789079004.244418,0,0.000000,0.000000,1.000000,0.010000,0.000000,0.000000,0.620000,1.000000,8.000000,83.090000
1789079004.245039,0,0.000000,0.000000,1.000000,-0.050000,0.000000,0.000000,0.760000,1.000000,8.000000,83.110000
1789079004.245451,0,0.000000,0.000000,1.000000,0.050000,0.000000,0.000000,0.620000,1.000000,8.000000,83.120000
1789079004.246018,0,0.000000,0.000000,1.000000,-0.520000,0.000000,0.000000,0.470000,1.000000,8.000000,83.120000
1789079004.271867,0,0.000000,0.000000,1.000000,0.050000,0.000000,0.000000,0.910000,1.000000,8.000000,83.130000
1789079004.272376,0,0.000000,0.000000,1.000000,-0.100000,0.000000,0.000000,0.470000,1.000000,8.000000,83.150000
1789079004.298954,0,0.000000,0.000000,1.000000,-0.050000,0.000000,0.000000,0.620000,1.000000,8.000000,83.160000
1789079004.299480,0,0.000000,0.000000,1.000000,-0.140000,0.000000,0.000000,0.760000,1.000000,8.000000,83.160000
1789079004.299864,0,0.000000,0.000000,1.000000,0.150000,0.000000,0.000000,0.340000,1.000000,8.000000,83.180000
1789079004.326356,0,0.000000,0.000000,1.000000,0.010000,0.000000,0.000000,0.340000,1.000000,8.000000,83.190000
1789079004.326863,0,0.000000,0.000000,1.000000,0.000000,0.000000,0.000000,0.620000,1.000000,8.000000,83.190000
1789079004.353299,0,0.000000,0.000000,1.000000,-0.180000,0.000000,0.000000,0.760000,1.000000,8.000000,83.200000
1789079004.353797,0,0.000000,0.000000,1.000000,-0.050000,0.000000,0.000000,0.760000,1.000000,8.000000,83.220000
1789079004.354235,0,0.000000,0.000000,1.000000,0.000000,0.000000,0.000000,0.620000,1.000000,8.000000,83.230000
1789079004.379074,0,0.000000,0.000000,1.000000,0.050000,0.000000,0.000000,0.620000,1.000000,8.000000,83.230000
1789079004.379590,0,0.000000,0.000000,1.000000,0.000000,0.000000,0.000000,0.620000,1.000000,8.000000,83.250000
1789079004.379998,0,0.000000,0.000000,1.000000,-0.230000,0.000000,0.000000,0.910000,1.000000,8.000000,83.260000
1789079004.380486,0,0.000000,0.000000,1.000000,0.010000,0.000000,0.000000,0.620000,1.000000,8.000000,83.260000
1789079004.407611,0,0.000000,0.000000,1.000000,0.050000,0.000000,0.000000,0.180000,0.000000,8.000000,83.270000
1789079004.434364,0,0.000000,0.000000,1.000000,0.000000,0.000000,0.000000,0.470000,1.000000,8.000000,83.290000
1789079004.434871,0,0.000000,0.000000,1.000000,0.000000,0.000000,0.000000,0.340000,1.000000,8.000000,83.300000
1789079004.435279,0,0.000000,0.000000,1.000000,0.010000,0.000000,0.000000,0.470000,1.000000,8.000000,83.300000
1789079004.461451,0,0.000000,0.000000,1.000000,0.000000,0.000000,0.000000,0.760000,1.000000,8.000000,83.310000
1789079004.461957,0,0.000000,0.000000,1.000000,0.000000,0.000000,0.000000,0.760000,1.000000,8.000000,83.330000
1789079004.462526,0,0.000000,0.000000,1.000000,0.050000,0.000000,0.000000,1.050000,1.000000,8.000000,83.330000
1789079004.488923,0,0.000000,0.000000,1.000000,-0.140000,0.000000,0.000000,0.470000,1.000000,8.000000,83.340000
1789079004.489455,0,0.000000,0.000000,1.000000,0.000000,0.000000,0.000000,0.180000,0.000000,8.000000,83.360000
1789079004.489855,0,0.000000,0.000000,1.000000,-0.140000,0.000000,0.000000,0.620000,1.000000,8.000000,83.370000
1789079004.516060,0,0.000000,0.000000,1.000000,0.050000,0.000000,0.000000,0.340000,1.000000,8.000000,83.370000
1789079004.516547,0,0.000000,0.000000,1.000000,-0.100000,0.000000,0.000000,0.340000,1.000000,8.000000,83.380000
1789079004.516958,0,0.000000,0.000000,1.000000,0.010000,0.000000,0.000000,0.470000,1.000000,8.000000,83.400000
1789079004.543930,0,0.000000,0.000000,1.000000,0.000000,0.000000,0.000000,0.470000,1.000000,8.000000,83.410000
1789079004.544612,0,0.000000,0.000000,1.000000,0.050000,0.000000,0.000000,0.470000,1.000000,8.000000,83.410000
1789079004.570858,0,0.000000,0.000000,1.000000,0.100000,0.000000,0.000000,0.340000,1.000000,8.000000,83.430000
1789079004.571343,0,0.000000,0.000000,1.000000,-0.140000,0.000000,0.000000,0.470000,1.000000,8.000000,83.440000
1789079004.596239,0,0.000000,0.000000,1.000000,0.000000,0.000000,0.000000,0.050000,0.000000,8.000000,83.440000
1789079004.596805,0,0.000000,0.000000,1.000000,0.010000,0.000000,0.000000,0.340000,1.000000,8.000000,83.450000
1789079004.624597,0,0.000000,0.000000,1.000000,-0.050000,0.000000,0.000000,0.470000,1.000000,8.000000,83.470000
1789079004.625315,0,0.000000,0.000000,1.000000,-0.050000,0.000000,0.000000,0.470000,1.000000,8.000000,83.480000
1789079004.625914,0,0.000000,0.000000,1.000000,0.000000,0.000000,0.000000,0.760000,1.000000,8.000000,83.500000
1789079004.653880,0,0.000000,0.000000,1.000000,0.050000,0.000000,0.000000,0.910000,1.000000,8.000000,83.510000
1789079004.654398,0,0.000000,0.000000,1.000000,-0.050000,0.000000,0.000000,0.760000,1.000000,8.000000,83.510000
1789079004.654818,0,0.000000,0.000000,1.000000,0.100000,0.000000,0.000000,1.050000,1.000000,8.000000,83.520000
1789079004.682010,0,0.000000,0.000000,1.000000,0.000000,0.000000,0.000000,0.470000,1.000000,8.000000,83.540000
1789079004.682554,0,0.000000,0.000000,1.000000,-0.140000,0.000000,0.000000,0.470000,1.000000,8.000000,83.550000
1789079004.682947,0,0.000000,0.000000,1.000000,0.010000,0.000000,0.000000,0.910000,1.000000,8.000000,83.550000
1789079004.710108,0,0.000000,0.000000,1.000000,0.050000,0.000000,0.000000,0.340000,1.000000,8.000000,83.560000
1789079004.710634,0,0.000000,0.000000,1.000000,0.100000,0.000000,0.000000,0.620000,1.000000,8.000000,83.580000
1789079004.711057,0,0.000000,0.000000,1.000000,0.150000,0.000000,0.000000,0.760000,1.000000,8.000000,83.580000
1789079004.737144,0,0.000000,0.000000,1.000000,0.050000,0.000000,0.000000,0.470000,1.000000,8.000000,83.590000
1789079004.737701,0,0.000000,0.000000,1.000000,-0.050000,0.000000,0.000000,0.340000,1.000000,8.000000,83.610000
1789079004.764579,0,0.000000,0.000000,1.000000,0.050000,0.000000,0.000000,0.620000,1.000000,8.000000,83.620000
1789079004.765482,0,0.000000,0.000000,1.000000,0.050000,0.000000,0.000000,0.180000,0.000000,8.000000,83.620000
1789079004.766000,0,0.000000,0.000000,1.000000,0.000000,0.000000,0.000000,0.620000,1.000000,8.000000,83.630000
1789079004.766401,0,0.000000,0.000000,1.000000,0.010000,0.000000,0.000000,0.340000,1.000000,8.000000,83.650000
1789079004.792318,0,0.000000,0.000000,1.000000,0.000000,0.000000,0.000000,0.910000,1.000000,8.000000,83.660000
1789079004.792941,0,0.000000,0.000000,1.000000,0.010000,0.000000,0.000000,0.470000,1.000000,8.000000,83.660000
1789079004.820385,0,0.000000,0.000000,1.000000,0.000000,0.000000,0.000000,0.760000,1.000000,8.000000,83.680000
1789079004.820904,0,0.000000,0.000000,1.000000,0.100000,0.000000,0.000000,0.470000,1.000000,8.000000,83.690000
1789079004.846949,0,0.000000,0.000000,1.000000,0.050000,0.000000,0.000000,0.470000,1.000000,8.000000,83.690000
1789079004.847447,0,0.000000,0.000000,1.000000,0.050000,0.000000,0.000000,0.470000,1.000000,8.000000,83.700000
1789079004.847855,0,0.000000,0.000000,1.000000,0.050000,0.000000,0.000000,1.210000,1.000000,8.000000,83.720000
1789079004.873011,0,0.000000,0.000000,1.000000,0.000000,0.000000,0.000000,0.760000,1.000000,8.000000,83.730000
1789079004.873531,0,0.000000,0.000000,1.000000,-0.050000,0.000000,0.000000,0.760000,1.000000,8.000000,83.730000
1789079004.874238,0,0.000000,0.000000,1.000000,0.010000,0.000000,0.000000,0.620000,1.000000,8.000000,83.750000
1789079004.897719,0,0.000000,0.000000,1.000000,0.010000,0.000000,0.000000,0.470000,1.000000,8.000000,83.760000
1789079004.898229,0,0.000000,0.000000,1.000000,0.010000,0.000000,0.000000,0.620000,1.000000,8.000000,83.760000
1789079004.898842,0,0.000000,0.000000,1.000000,0.010000,0.000000,0.000000,0.910000,1.000000,8.000000,83.770000
1789079004.922470,0,0.000000,0.000000,1.000000,-0.100000,0.000000,0.000000,0.340000,1.000000,8.000000,83.790000
1789079004.922973,0,0.000000,0.000000,1.000000,0.100000,0.000000,0.000000,0.620000,1.000000,8.000000,83.800000
1789079004.946284,0,0.000000,0.000000,1.000000,0.010000,0.000000,0.000000,0.340000,1.000000,8.000000,83.800000
1789079004.946961,0,0.000000,0.000000,1.000000,0.000000,0.000000,0.000000,0.620000,1.000000,8.000000,83.810000
1789079004.947706,0,0.000000,0.000000,1.000000,0.050000,0.000000,0.000000,0.340000,1.000000,8.000000,83.830000
1789079004.970794,0,0.000000,0.000000,1.000000,0.150000,0.000000,0.000000,0.620000,1.000000,8.000000,83.830000
1789079004.971296,0,0.000000,0.000000,1.000000,0.010000,0.000000,0.000000,0.340000,1.000000,8.000000,83.840000
1789079004.995010,0,0.000000,0.000000,1.000000,0.000000,0.000000,0.000000,0.620000,1.000000,8.000000,83.860000
1789079004.995513,0,0.000000,0.000000,1.000000,0.010000,0.000000,0.000000,0.760000,1.000000,8.000000,83.870000
1789079005.019471,0,0.000000,0.000000,1.000000,0.050000,0.000000,0.000000,0.050000,0.000000,8.000000,83.870000
1789079005.019979,0,0.000000,0.000000,1.000000,0.050000,0.000000,0.000000,0.910000,1.000000,8.000000,83.880000
1789079005.020387,0,0.000000,0.000000,1.000000,0.100000,0.000000,0.000000,0.470000,1.000000,8.000000,83.900000
1789079005.043167,0,0.000000,0.000000,1.000000,0.050000,0.000000,0.000000,0.620000,1.000000,8.000000,83.910000
1789079005.043669,0,0.000000,0.000000,1.000000,-0.180000,0.000000,0.000000,0.760000,1.000000,8.000000,83.910000
1789079005.044376,0,0.000000,0.000000,1.000000,0.000000,0.000000,0.000000,0.760000,1.000000,8.000000,83.930000
1789079005.068789,0,0.000000,0.000000,1.000000,0.050000,0.000000,0.000000,0.620000,1.000000,8.000000,83.940000
1789079005.069386,0,0.000000,0.000000,1.000000,0.010000,0.000000,0.000000,0.340000,1.000000,8.000000,83.940000
1789079005.092623,0,0.000000,0.000000,1.000000,0.010000,0.000000,0.000000,0.620000,1.000000,8.000000,83.950000
1789079005.093125,0,0.000000,0.000000,1.000000,0.000000,0.000000,0.000000,0.620000,1.000000,8.000000,83.970000
1789079005.093563,0,0.000000,0.000000,1.000000,0.050000,0.000000,0.000000,0.470000,1.000000,8.000000,83.980000
1789079005.117680,0,0.000000,0.000000,1.000000,0.050000,0.000000,0.000000,0.620000,1.000000,8.000000,83.980000
1789079005.118179,0,0.000000,0.000000,1.000000,-0.140000,0.000000,0.000000,0.340000,1.000000,8.000000,84.000000
1789079005.142315,0,0.000000,0.000000,1.000000,0.050000,0.000000,0.000000,0.620000,1.000000,8.000000,84.010000
1789079005.142820,0,0.000000,0.000000,1.000000,0.000000,0.000000,0.000000,0.760000,1.000000,8.000000,84.010000
1789079005.143628,0,0.000000,0.000000,1.000000,0.100000,0.000000,0.000000,0.760000,1.000000,8.000000,84.020000
1789079005.167673,0,0.000000,0.000000,1.000000,0.000000,0.000000,0.000000,0.470000,1.000000,8.000000,84.040000
1789079005.168183,0,0.000000,0.000000,1.000000,0.010000,0.000000,0.000000,0.910000,1.000000,8.000000,84.050000
1789079005.191598,0,0.000000,0.000000,1.000000,0.050000,0.000000,0.000000,0.180000,0.000000,8.000000,84.050000
1789079005.192103,0,0.000000,0.000000,1.000000,-0.140000,0.000000,0.000000,0.470000,1.000000,8.000000,84.060000
1789079005.192515,0,0.000000,0.000000,1.000000,0.000000,0.000000,0.000000,0.470000,1.000000,8.000000,84.080000
1789079005.216045,0,0.000000,0.000000,1.000000,0.100000,0.000000,0.000000,0.620000,1.000000,8.000000,84.080000
1789079005.216714,0,0.000000,0.000000,1.000000,-0.050000,0.000000,0.000000,0.180000,0.000000,8.000000,84.090000
1789079005.217522,0,0.000000,0.000000,1.000000,-0.050000,0.000000,0.000000,0.620000,1.000000,8.000000,84.110000
1789079005.241780,0,0.000000,0.000000,1.000000,0.000000,0.000000,0.000000,0.340000,1.000000,8.000000,84.120000
1789079005.242334,0,0.000000,0.000000,1.000000,0.050000,0.000000,0.000000,0.470000,1.000000,8.000000,84.120000
1789079005.242864,0,0.000000,0.000000,1.000000,0.010000,0.000000,0.000000,0.340000,1.000000,8.000000,84.130000
1789079005.267293,0,0.000000,0.000000,1.000000,0.000000,0.000000,0.000000,0.470000,1.000000,8.000000,84.150000
1789079005.291908,0,0.000000,0.000000,1.000000,0.000000,0.000000,0.000000,0.620000,1.000000,8.000000,84.160000
1789079005.292471,0,0.000000,0.000000,1.000000,0.050000,0.000000,0.000000,0.760000,1.000000,8.000000,84.160000
1789079005.293247,0,0.000000,0.000000,1.000000,0.050000,0.000000,0.000000,0.470000,1.000000,8.000000,84.180000
1789079005.317426,0,0.000000,0.000000,1.000000,0.010000,0.000000,0.000000,0.340000,1.000000,8.000000,84.190000
1789079005.318038,0,0.000000,0.000000,1.000000,0.010000,0.000000,0.000000,0.620000,1.000000,8.000000,84.190000
1789079005.342048,0,0.000000,0.000000,1.000000,0.010000,0.000000,0.000000,0.180000,0.000000,8.000000,84.200000
1789079005.342556,0,0.000000,0.000000,1.000000,-0.100000,0.000000,0.000000,0.340000,1.000000,8.000000,84.220000
1789079005.342977,0,0.000000,0.000000,1.000000,0.010000,0.000000,0.000000,0.470000,1.000000,8.000000,84.230000
1789079005.367340,0,0.000000,0.000000,1.000000,-0.270000,0.000000,0.000000,0.620000,1.000000,8.000000,84.230000
1789079005.367995,0,0.000000,0.000000,1.000000,0.010000,0.000000,0.000000,0.340000,1.000000,8.000000,84.250000
1789079005.392632,0,0.000000,0.000000,1.000000,0.000000,0.000000,0.000000,0.180000,0.000000,8.000000,84.260000
1789079005.393125,0,0.000000,0.000000,1.000000,0.010000,0.000000,0.000000,0.470000,1.000000,8.000000,84.260000
1789079005.393519,0,0.000000,0.000000,1.000000,0.010000,0.000000,0.000000,0.910000,1.000000,8.000000,84.270000
1789079005.418511,0,0.000000,0.000000,1.000000,0.000000,0.000000,0.000000,0.340000,1.000000,8.000000,84.290000
1789079005.419054,0,0.000000,0.000000,1.000000,0.010000,0.000000,0.000000,0.760000,1.000000,8.000000,84.300000
1789079005.441736,0,0.000000,0.000000,1.000000,0.050000,0.000000,0.000000,0.470000,1.000000,8.000000,84.300000
1789079005.442248,0,0.000000,0.000000,1.000000,0.010000,0.000000,0.000000,0.470000,1.000000,8.000000,84.310000
1789079005.442649,0,0.000000,0.000000,1.000000,0.050000,0.000000,0.000000,0.620000,1.000000,8.000000,84.330000
1789079005.443136,0,0.000000,0.000000,1.000000,0.010000,0.000000,0.000000,0.470000,1.000000,8.000000,84.330000
1789079005.467065,0,0.000000,0.000000,1.000000,-0.140000,0.000000,0.000000,0.340000,1.000000,8.000000,84.340000
1789079005.490595,0,0.000000,0.000000,1.000000,0.010000,0.000000,0.000000,0.340000,1.000000,8.000000,84.360000
1789079005.491095,0,0.000000,0.000000,1.000000,0.050000,0.000000,0.000000,0.620000,1.000000,8.000000,84.370000
1789079005.491469,0,0.000000,0.000000,1.000000,0.000000,0.000000,0.000000,0.760000,1.000000,8.000000,84.370000
1789079005.516144,0,0.000000,0.000000,1.000000,-0.050000,0.000000,0.000000,0.470000,1.000000,8.000000,84.370000
1789079005.516850,0,0.000000,0.000000,1.000000,0.180000,0.000000,0.000000,0.470000,1.000000,8.000000,84.380000
1789079005.545023,0,0.000000,0.000000,1.000000,0.000000,0.000000,0.000000,0.470000,1.000000,8.000000,84.400000
1789079005.545798,0,0.000000,0.000000,1.000000,0.100000,0.000000,0.000000,0.180000,0.000000,8.000000,84.410000
1789079005.546311,0,0.000000,0.000000,1.000000,0.010000,0.000000,0.000000,0.620000,1.000000,8.000000,84.410000
1789079005.570751,0,0.000000,0.000000,1.000000,0.010000,0.000000,0.000000,0.340000,1.000000,8.000000,84.440000
1789079005.571259,0,0.000000,0.000000,1.000000,-0.050000,0.000000,0.000000,0.760000,1.000000,8.000000,84.440000
1789079005.571785,0,0.000000,0.000000,1.000000,-0.140000,0.000000,0.000000,0.340000,1.000000,8.000000,84.450000
1789079005.595962,0,0.000000,0.000000,1.000000,0.050000,0.000000,0.000000,0.470000,1.000000,8.000000,84.470000
1789079005.596464,0,0.000000,0.000000,1.000000,0.180000,0.000000,0.000000,0.470000,1.000000,8.000000,84.480000
1789079005.597026,0,0.000000,0.000000,1.000000,0.000000,0.000000,0.000000,0.470000,1.000000,8.000000,84.480000
1789079005.621211,0,0.000000,0.000000,1.000000,-0.180000,0.000000,0.000000,0.340000,1.000000,8.000000,84.500000
1789079005.621983,0,0.000000,0.000000,1.000000,-0.050000,0.000000,0.000000,0.760000,1.000000,8.000000,84.510000
1789079005.644436,0,0.000000,0.000000,1.000000,0.000000,0.000000,0.000000,0.470000,1.000000,8.000000,84.510000
1789079005.645066,0,0.000000,0.000000,1.000000,0.000000,0.000000,0.000000,0.910000,1.000000,8.000000,84.520000
1789079005.645542,0,0.000000,0.000000,1.000000,-0.050000,0.000000,0.000000,0.470000,1.000000,8.000000,84.540000
1789079005.670835,0,0.000000,0.000000,1.000000,-0.050000,0.000000,0.000000,0.620000,1.000000,8.000000,84.550000
1789079005.671407,0,0.000000,0.000000,1.000000,0.010000,0.000000,0.000000,0.470000,1.000000,8.000000,84.550000
1789079005.695742,0,0.000000,0.000000,1.000000,0.010000,0.000000,0.000000,0.620000,1.000000,8.000000,84.560000
1789079005.720137,0,0.000000,0.000000,1.000000,-0.100000,0.000000,0.000000,0.340000,1.000000,8.000000,84.560000
1789079005.720623,0,0.000000,0.000000,1.000000,-0.050000,0.000000,0.000000,0.620000,1.000000,8.000000,84.580000
1789079005.721037,0,0.000000,0.000000,1.000000,0.000000,0.000000,0.000000,0.340000,1.000000,8.000000,84.590000
1789079005.744251,0,0.000000,0.000000,1.000000,0.100000,0.000000,0.000000,0.760000,1.000000,8.000000,84.610000
1789079005.744761,0,0.000000,0.000000,1.000000,-0.100000,0.000000,0.000000,0.470000,1.000000,8.000000,84.620000
1789079005.769402,0,0.000000,0.000000,1.000000,-0.050000,0.000000,0.000000,0.470000,1.000000,8.000000,84.620000
1789079005.769893,0,0.000000,0.000000,1.000000,-0.050000,0.000000,0.000000,0.470000,1.000000,8.000000,84.630000
1789079005.793602,0,0.000000,0.000000,1.000000,0.050000,0.000000,0.000000,0.180000,0.000000,8.000000,84.650000
1789079005.794079,0,0.000000,0.000000,1.000000,0.050000,0.000000,0.000000,0.470000,1.000000,8.000000,84.660000
1789079005.794474,0,0.000000,0.000000,1.000000,0.000000,0.000000,0.000000,0.470000,1.000000,8.000000,84.660000
1789079005.818457,0,0.000000,0.000000,1.000000,0.010000,0.000000,0.000000,0.910000,1.000000,8.000000,84.680000
1789079005.818959,0,0.000000,0.000000,1.000000,0.050000,0.000000,0.000000,1.360000,1.000000,8.000000,84.690000
1789079005.843534,0,0.000000,0.000000,1.000000,0.100000,0.000000,0.000000,0.340000,1.000000,8.000000,84.690000
1789079005.844109,0,0.000000,0.000000,1.000000,0.050000,0.000000,0.000000,0.340000,1.000000,8.000000,84.700000
1789079005.844513,0,0.000000,0.000000,1.000000,0.100000,0.000000,0.000000,0.620000,1.000000,8.000000,84.730000
1789079005.869773,0,0.000000,0.000000,1.000000,-0.050000,0.000000,0.000000,0.180000,0.000000,8.000000,84.730000
1789079005.870337,0,0.000000,0.000000,1.000000,0.050000,0.000000,0.000000,0.760000,1.000000,8.000000,84.750000
1789079005.894568,0,0.000000,0.000000,1.000000,0.100000,0.000000,0.000000,0.470000,1.000000,8.000000,84.760000
1789079005.895057,0,0.000000,0.000000,1.000000,0.010000,0.000000,0.000000,0.340000,1.000000,8.000000,84.760000
1789079005.895463,0,0.000000,0.000000,1.000000,-0.050000,0.000000,0.000000,1.050000,1.000000,8.000000,84.770000
1789079005.920119,0,0.000000,0.000000,1.000000,0.000000,0.000000,0.000000,0.470000,1.000000,8.000000,84.790000
1789079005.920621,0,0.000000,0.000000,1.000000,0.010000,0.000000,0.000000,0.470000,1.000000,8.000000,84.800000
1789079005.944674,0,0.000000,0.000000,1.000000,0.000000,0.000000,0.000000,0.470000,1.000000,8.000000,84.800000
1789079005.945169,0,0.000000,0.000000,1.000000,0.050000,0.000000,0.000000,0.620000,1.000000,8.000000,84.800000
1789079005.945662,0,0.000000,0.000000,1.000000,0.010000,0.000000,0.000000,0.760000,1.000000,8.000000,84.810000
1789079005.946329,0,0.000000,0.000000,1.000000,-0.050000,0.000000,0.000000,0.470000,1.000000,8.000000,84.830000
1789079005.970061,0,0.000000,0.000000,1.000000,-0.100000,0.000000,0.000000,0.620000,1.000000,8.000000,84.830000
1789079005.970566,0,0.000000,0.000000,1.000000,0.010000,0.000000,0.000000,0.620000,1.000000,8.000000,84.840000
1789079005.994006,0,0.000000,0.000000,1.000000,0.050000,0.000000,0.000000,0.470000,1.000000,8.000000,84.860000
1789079005.994509,0,0.000000,0.000000,1.000000,0.230000,0.000000,0.000000,0.760000,1.000000,8.000000,84.870000
1789079006.018115,0,0.000000,0.000000,1.000000,0.000000,0.000000,0.000000,0.760000,1.000000,8.000000,84.870000
1789079006.018646,0,0.000000,0.000000,1.000000,0.050000,0.000000,0.000000,0.910000,1.000000,8.000000,84.900000
1789079006.042719,0,0.000000,0.000000,1.000000,0.000000,0.000000,0.000000,0.620000,1.000000,8.000000,84.900000
1789079006.043267,0,0.000000,0.000000,1.000000,0.050000,0.000000,0.000000,0.470000,1.000000,8.000000,84.910000
1789079006.043870,0,0.000000,0.000000,1.000000,0.100000,0.000000,0.000000,0.470000,1.000000,8.000000,84.930000
1789079006.067797,0,0.000000,0.000000,1.000000,-0.050000,0.000000,0.000000,0.620000,1.000000,8.000000,84.940000
1789079006.068526,0,0.000000,0.000000,1.000000,0.010000,0.000000,0.000000,0.620000,1.000000,8.000000,84.940000
1789079006.092286,0,0.000000,0.000000,1.000000,0.010000,0.000000,0.000000,0.340000,1.000000,8.000000,84.950000
1789079006.092784,0,0.000000,0.000000,1.000000,0.100000,0.000000,0.000000,0.910000,1.000000,8.000000,84.970000
1789079006.117208,0,0.000000,0.000000,1.000000,-0.050000,0.000000,0.000000,0.910000,1.000000,8.000000,84.980000
1789079006.117844,0,0.000000,0.000000,1.000000,0.050000,0.000000,0.000000,0.340000,1.000000,8.000000,84.980000
1789079006.141537,0,0.000000,0.000000,1.000000,0.000000,0.000000,0.000000,0.470000,1.000000,8.000000,85.000000
1789079006.142036,0,0.000000,0.000000,1.000000,0.050000,0.000000,0.000000,0.620000,1.000000,8.000000,85.010000
1789079006.142453,0,0.000000,0.000000,1.000000,0.050000,0.000000,0.000000,0.620000,1.000000,8.000000,85.010000
1789079006.167169,0,0.000000,0.000000,1.000000,0.010000,0.000000,0.000000,0.470000,1.000000,8.000000,85.020000
1789079006.167658,0,0.000000,0.000000,1.000000,0.010000,0.000000,0.000000,0.340000,1.000000,8.000000,85.040000
1789079006.168053,0,0.000000,0.000000,1.000000,0.100000,0.000000,0.000000,1.050000,1.000000,8.000000,85.050000
1789079006.190541,0,0.000000,0.000000,1.000000,0.010000,0.000000,0.000000,0.470000,1.000000,8.000000,85.050000
1789079006.191039,0,0.000000,0.000000,1.000000,0.010000,0.000000,0.000000,0.470000,1.000000,8.000000,85.060000
1789079006.191759,0,0.000000,0.000000,1.000000,-0.100000,0.000000,0.000000,1.050000,1.000000,8.000000,85.080000
1789079006.215923,0,0.000000,0.000000,1.000000,0.010000,0.000000,0.000000,0.340000,1.000000,8.000000,85.080000
1789079006.239331,0,0.000000,0.000000,1.000000,0.000000,0.000000,0.000000,0.620000,1.000000,8.000000,85.090000
1789079006.239832,0,0.000000,0.000000,1.000000,-0.100000,0.000000,0.000000,0.180000,0.000000,8.000000,85.110000
1789079006.240258,0,0.000000,0.000000,1.000000,-0.050000,0.000000,0.000000,0.340000,1.000000,8.000000,85.120000
1789079006.264563,0,0.000000,0.000000,1.000000,0.000000,0.000000,0.000000,0.180000,0.000000,8.000000,85.120000
1789079006.265236,0,0.000000,0.000000,1.000000,0.100000,0.000000,0.000000,0.340000,1.000000,8.000000,85.130000
1789079006.288648,0,0.000000,0.000000,1.000000,-0.100000,0.000000,0.000000,0.470000,1.000000,8.000000,85.150000
1789079006.289229,0,0.000000,0.000000,1.000000,-0.100000,0.000000,0.000000,0.470000,1.000000,8.000000,85.160000
1789079006.289977,0,0.000000,0.000000,1.000000,0.010000,0.000000,0.000000,0.760000,1.000000,8.000000,85.160000
1789079006.313477,0,0.000000,0.000000,1.000000,0.000000,0.000000,0.000000,0.760000,1.000000,8.000000,85.190000
1789079006.314068,0,0.000000,0.000000,1.000000,0.050000,0.000000,0.000000,0.180000,0.000000,8.000000,85.190000
1789079006.337862,0,0.000000,0.000000,1.000000,-0.100000,0.000000,0.000000,0.470000,1.000000,8.000000,85.200000
1789079006.338368,0,0.000000,0.000000,1.000000,0.010000,0.000000,0.000000,0.180000,0.000000,8.000000,85.220000
1789079006.338751,0,0.000000,0.000000,1.000000,-0.180000,0.000000,0.000000,0.470000,1.000000,8.000000,85.230000
1789079006.363094,0,0.000000,0.000000,1.000000,-0.100000,0.000000,0.000000,0.760000,1.000000,8.000000,85.230000
1789079006.363811,0,0.000000,0.000000,1.000000,0.050000,0.000000,0.000000,0.620000,1.000000,8.000000,85.250000
1789079006.388447,0,0.000000,0.000000,1.000000,0.150000,0.000000,0.000000,0.470000,1.000000,8.000000,85.260000
1789079006.389040,0,0.000000,0.000000,1.000000,0.010000,0.000000,0.000000,0.760000,1.000000,8.000000,85.260000
1789079006.413286,0,0.000000,0.000000,1.000000,0.050000,0.000000,0.000000,0.760000,1.000000,8.000000,85.270000
1789079006.413857,0,0.000000,0.000000,1.000000,0.150000,0.000000,0.000000,0.470000,1.000000,8.000000,85.290000
1789079006.438941,0,0.000000,0.000000,1.000000,-0.050000,0.000000,0.000000,0.470000,1.000000,8.000000,85.300000
1789079006.439775,0,0.000000,0.000000,1.000000,0.010000,0.000000,0.000000,0.620000,1.000000,8.000000,85.300000
1789079006.463466,0,0.000000,0.000000,1.000000,0.000000,0.000000,0.000000,0.760000,1.000000,8.000000,85.310000
1789079006.463967,0,0.000000,0.000000,1.000000,0.000000,0.000000,0.000000,0.340000,1.000000,8.000000,85.330000
1789079006.464435,0,0.000000,0.000000,1.000000,-0.050000,0.000000,0.000000,1.050000,1.000000,8.000000,85.330000
1789079006.488810,0,0.000000,0.000000,1.000000,0.050000,0.000000,0.000000,0.910000,1.000000,8.000000,85.340000
1789079006.489330,0,0.000000,0.000000,1.000000,0.010000,0.000000,0.000000,0.620000,1.000000,8.000000,85.360000
1789079006.513041,0,0.000000,0.000000,1.000000,0.050000,0.000000,0.000000,0.760000,1.000000,8.000000,85.370000
1789079006.513525,0,0.000000,0.000000,1.000000,0.180000,0.000000,0.000000,0.470000,1.000000,8.000000,85.370000
1789079006.513949,0,0.000000,0.000000,1.000000,-0.100000,0.000000,0.000000,1.050000,1.000000,8.000000,85.380000
1789079006.539209,0,0.000000,0.000000,1.000000,0.010000,0.000000,0.000000,0.470000,1.000000,8.000000,85.400000
1789079006.539834,0,0.000000,0.000000,1.000000,-0.050000,0.000000,0.000000,0.620000,1.000000,8.000000,85.410000
1789079006.540409,0,0.000000,0.000000,1.000000,0.050000,0.000000,0.000000,0.470000,1.000000,8.000000,85.410000
1789079006.563828,0,0.000000,0.000000,1.000000,0.050000,0.000000,0.000000,0.760000,1.000000,8.000000,85.430000
1789079006.564324,0,0.000000,0.000000,1.000000,0.000000,0.000000,0.000000,0.340000,1.000000,8.000000,85.440000
1789079006.588591,0,0.000000,0.000000,1.000000,0.050000,0.000000,0.000000,0.760000,1.000000,8.000000,85.440000
1789079006.589155,0,0.000000,0.000000,1.000000,0.010000,0.000000,0.000000,0.340000,1.000000,8.000000,85.450000
1789079006.612409,0,0.000000,0.000000,1.000000,-0.050000,0.000000,0.000000,0.340000,1.000000,8.000000,85.470000
1789079006.612909,0,0.000000,0.000000,1.000000,-0.050000,0.000000,0.000000,0.760000,1.000000,8.000000,85.480000
1789079006.613332,0,0.000000,0.000000,1.000000,0.050000,0.000000,0.000000,0.910000,1.000000,8.000000,85.480000
1789079006.613824,0,0.000000,0.000000,1.000000,0.150000,0.000000,0.000000,0.340000,1.000000,8.000000,85.500000
1789079006.638404,0,0.000000,0.000000,1.000000,0.050000,0.000000,0.000000,0.760000,1.000000,8.000000,85.510000
1789079006.662780,0,0.000000,0.000000,1.000000,0.010000,0.000000,0.000000,0.620000,1.000000,8.000000,85.510000
1789079006.663315,0,0.000000,0.000000,1.000000,0.100000,0.000000,0.000000,0.620000,1.000000,8.000000,85.520000
1789079006.688154,0,0.000000,0.000000,1.000000,0.180000,0.000000,0.000000,0.470000,1.000000,8.000000,85.540000
1789079006.688656,0,0.000000,0.000000,1.000000,-0.050000,0.000000,0.000000,0.340000,1.000000,8.000000,85.550000
1789079006.689142,0,0.000000,0.000000,1.000000,0.000000,0.000000,0.000000,0.470000,1.000000,8.000000,85.550000
1789079006.712671,0,0.000000,0.000000,1.000000,0.000000,0.000000,0.000000,0.760000,1.000000,8.000000,85.560000
1789079006.713175,0,0.000000,0.000000,1.000000,0.050000,0.000000,0.000000,0.620000,1.000000,8.000000,85.580000
1789079006.737933,0,0.000000,0.000000,1.000000,0.100000,0.000000,0.000000,0.760000,1.000000,8.000000,85.590000
1789079006.738435,0,0.000000,0.000000,1.000000,0.150000,0.000000,0.000000,0.760000,1.000000,8.000000,85.610000
1789079006.738831,0,0.000000,0.000000,1.000000,0.050000,0.000000,0.000000,0.470000,1.000000,8.000000,85.620000
1789079006.762836,0,0.000000,0.000000,1.000000,0.000000,0.000000,0.000000,0.620000,1.000000,8.000000,85.620000
1789079006.763308,0,0.000000,0.000000,1.000000,0.050000,0.000000,0.000000,0.760000,1.000000,8.000000,85.630000
1789079006.763894,0,0.000000,0.000000,1.000000,0.010000,0.000000,0.000000,0.340000,1.000000,8.000000,85.650000
1789079006.787984,0,0.000000,0.000000,1.000000,0.050000,0.000000,0.000000,0.620000,1.000000,8.000000,85.660000
1789079006.788508,0,0.000000,0.000000,1.000000,0.280000,0.000000,0.000000,0.760000,1.000000,8.000000,85.660000
1789079006.812187,0,0.000000,0.000000,1.000000,-0.050000,0.000000,0.000000,0.470000,1.000000,8.000000,85.680000
1789079006.812687,0,0.000000,0.000000,1.000000,-0.100000,0.000000,0.000000,0.760000,1.000000,8.000000,85.690000
1789079006.813074,0,0.000000,0.000000,1.000000,0.000000,0.000000,0.000000,0.910000,1.000000,8.000000,85.690000
1789079006.837044,0,0.000000,0.000000,1.000000,-0.050000,0.000000,0.000000,0.620000,1.000000,8.000000,85.700000
1789079006.837632,0,0.000000,0.000000,1.000000,0.050000,0.000000,0.000000,0.760000,1.000000,8.000000,85.720000
1789079006.861197,0,0.000000,0.000000,1.000000,0.010000,0.000000,0.000000,0.340000,1.000000,8.000000,85.730000
1789079006.861696,0,0.000000,0.000000,1.000000,-0.140000,0.000000,0.000000,0.910000,1.000000,8.000000,85.730000
1789079006.862116,0,0.000000,0.000000,1.000000,0.100000,0.000000,0.000000,0.340000,1.000000,8.000000,85.730000
1789079006.886126,0,0.000000,0.000000,1.000000,0.000000,0.000000,0.000000,0.620000,1.000000,8.000000,85.750000
1789079006.909915,0,0.000000,0.000000,1.000000,0.010000,0.000000,0.000000,0.760000,1.000000,8.000000,85.760000
1789079006.910427,0,0.000000,0.000000,1.000000,0.010000,0.000000,0.000000,0.760000,1.000000,8.000000,85.770000
1789079006.910842,0,0.000000,0.000000,1.000000,0.010000,0.000000,0.000000,0.470000,1.000000,8.000000,85.790000
1789079006.935212,0,0.000000,0.000000,1.000000,0.100000,0.000000,0.000000,0.620000,1.000000,8.000000,85.800000
1789079006.935803,0,0.000000,0.000000,1.000000,0.010000,0.000000,0.000000,0.760000,1.000000,8.000000,85.800000
1789079006.936297,0,0.000000,0.000000,1.000000,0.000000,0.000000,0.000000,0.470000,1.000000,8.000000,85.810000
1789079006.960167,0,0.000000,0.000000,1.000000,0.010000,0.000000,0.000000,0.620000,1.000000,8.000000,85.830000
1789079006.960647,0,0.000000,0.000000,1.000000,0.100000,0.000000,0.000000,0.340000,1.000000,8.000000,85.830000
1789079006.985722,0,0.000000,0.000000,1.000000,-0.100000,0.000000,0.000000,0.470000,1.000000,8.000000,85.840000
1789079006.986229,0,0.000000,0.000000,1.000000,0.010000,0.000000,0.000000,0.620000,1.000000,8.000000,85.860000
1789079007.009681,0,0.000000,0.000000,1.000000,-0.100000,0.000000,0.000000,0.050000,0.000000,8.000000,85.870000
1789079007.010179,0,0.000000,0.000000,1.000000,-0.050000,0.000000,0.000000,0.340000,1.000000,8.000000,85.870000
1789079007.010706,0,0.000000,0.000000,1.000000,-0.050000,0.000000,0.000000,0.470000,1.000000,8.000000,85.880000
1789079007.011260,0,0.000000,0.000000,1.000000,-0.230000,0.000000,0.000000,0.340000,1.000000,8.000000,85.900000
1789079007.035245,0,0.000000,0.000000,1.000000,-0.140000,0.000000,0.000000,0.340000,1.000000,8.000000,85.910000
1789079007.035739,0,0.000000,0.000000,1.000000,-0.050000,0.000000,0.000000,0.760000,1.000000,8.000000,85.910000
1789079007.059538,0,0.000000,0.000000,1.000000,0.000000,0.000000,0.000000,0.340000,1.000000,8.000000,85.930000
1789079007.060040,0,0.000000,0.000000,1.000000,0.010000,0.000000,0.000000,0.620000,1.000000,8.000000,85.940000
1789079007.084447,0,0.000000,0.000000,1.000000,-0.100000,0.000000,0.000000,0.340000,1.000000,8.000000,85.940000
1789079007.085013,0,0.000000,0.000000,1.000000,-0.100000,0.000000,0.000000,0.470000,1.000000,8.000000,85.950000
1789079007.085502,0,0.000000,0.000000,1.000000,-0.100000,0.000000,0.000000,0.340000,1.000000,8.000000,85.970000
1789079007.109725,0,0.000000,0.000000,1.000000,0.010000,0.000000,0.000000,0.340000,1.000000,8.000000,85.980000
1789079007.110224,0,0.000000,0.000000,1.000000,0.000000,0.000000,0.000000,0.340000,1.000000,8.000000,85.980000
1789079007.110638,0,0.000000,0.000000,1.000000,0.010000,0.000000,0.000000,0.470000,1.000000,8.000000,86.000000
1789079007.134043,0,0.000000,0.000000,1.000000,0.100000,0.000000,0.000000,0.620000,1.000000,8.000000,86.010000
1789079007.134552,0,0.000000,0.000000,1.000000,-0.140000,0.000000,0.000000,-0.070000,0.000000,8.000000,86.010000
1789079007.158769,0,0.000000,0.000000,1.000000,0.150000,0.000000,0.000000,0.620000,1.000000,8.000000,86.020000
1789079007.159412,0,0.000000,0.000000,1.000000,0.050000,0.000000,0.000000,0.620000,1.000000,8.000000,86.040000
1789079007.183583,0,0.000000,0.000000,1.000000,-0.050000,0.000000,0.000000,0.470000,1.000000,8.000000,86.050000
1789079007.184086,0,0.000000,0.000000,1.000000,0.010000,0.000000,0.000000,0.340000,1.000000,8.000000,86.050000
1789079007.184581,0,0.000000,0.000000,1.000000,0.010000,0.000000,0.000000,0.620000,1.000000,8.000000,86.060000
1789079007.208680,0,0.000000,0.000000,1.000000,0.010000,0.000000,0.000000,0.180000,0.000000,8.000000,86.080000
1789079007.209183,0,0.000000,0.000000,1.000000,-0.100000,0.000000,0.000000,0.470000,1.000000,8.000000,86.080000
1789079007.234007,0,0.000000,0.000000,1.000000,0.050000,0.000000,0.000000,0.620000,1.000000,8.000000,86.090000
1789079007.234593,0,0.000000,0.000000,1.000000,0.000000,0.000000,0.000000,0.340000,1.000000,8.000000,86.110000
1789079007.259331,0,0.000000,0.000000,1.000000,0.100000,0.000000,0.000000,0.340000,1.000000,8.000000,86.120000
1789079007.259882,0,0.000000,0.000000,1.000000,-0.180000,0.000000,0.000000,0.760000,1.000000,8.000000,86.120000
1789079007.260261,0,0.000000,0.000000,1.000000,0.100000,0.000000,0.000000,0.910000,1.000000,8.000000,86.120000
1789079007.284315,0,0.000000,0.000000,1.000000,0.050000,0.000000,0.000000,0.910000,1.000000,8.000000,86.150000
1789079007.284824,0,0.000000,0.000000,1.000000,0.010000,0.000000,0.000000,0.760000,1.000000,8.000000,86.160000
1789079007.285224,0,0.000000,0.000000,1.000000,0.010000,0.000000,0.000000,0.760000,1.000000,8.000000,86.160000
1789079007.309293,0,0.000000,0.000000,1.000000,0.050000,0.000000,0.000000,1.210000,1.000000,8.000000,86.160000
1789079007.309926,0,0.000000,0.000000,1.000000,-0.050000,0.000000,0.000000,0.340000,1.000000,8.000000,86.180000
1789079007.310581,0,0.000000,0.000000,1.000000,0.010000,0.000000,0.000000,0.620000,1.000000,8.000000,86.190000
1789079007.334130,0,0.000000,0.000000,1.000000,-0.050000,0.000000,0.000000,0.470000,1.000000,8.000000,86.190000
1789079007.334653,0,0.000000,0.000000,1.000000,-0.050000,0.000000,0.000000,0.470000,1.000000,8.000000,86.200000
1789079007.335166,0,0.000000,0.000000,1.000000,0.000000,0.000000,0.000000,0.620000,1.000000,8.000000,86.220000
1789079007.358850,0,0.000000,0.000000,1.000000,0.050000,0.000000,0.000000,0.180000,0.000000,8.000000,86.230000
1789079007.359333,0,0.000000,0.000000,1.000000,0.000000,0.000000,0.000000,-0.340000,0.000000,8.000000,86.230000
1789079007.385119,0,0.000000,0.000000,1.000000,-0.100000,0.000000,0.000000,0.470000,1.000000,8.000000,86.250000
1789079007.385629,0,0.000000,0.000000,1.000000,0.100000,0.000000,0.000000,0.760000,1.000000,8.000000,86.260000
1789079007.411447,0,0.000000,0.000000,1.000000,0.010000,0.000000,0.000000,0.470000,1.000000,8.000000,86.260000
1789079007.411955,0,0.000000,0.000000,1.000000,0.100000,0.000000,0.000000,0.620000,1.000000,8.000000,86.270000
1789079007.412359,0,0.000000,0.000000,1.000000,0.010000,0.000000,0.000000,0.470000,1.000000,8.000000,86.290000
1789079007.437610,0,0.000000,0.000000,1.000000,-0.100000,0.000000,0.000000,0.470000,1.000000,8.000000,86.300000
1789079007.438110,0,0.000000,0.000000,1.000000,0.000000,0.000000,0.000000,0.620000,1.000000,8.000000,86.300000
1789079007.438508,0,0.000000,0.000000,1.000000,0.050000,0.000000,0.000000,0.340000,1.000000,8.000000,86.310000
1789079007.463150,0,0.000000,0.000000,1.000000,-0.140000,0.000000,0.000000,0.620000,1.000000,8.000000,86.330000
1789079007.463654,0,0.000000,0.000000,1.000000,0.010000,0.000000,0.000000,0.340000,1.000000,8.000000,86.330000
1789079007.489432,0,0.000000,0.000000,1.000000,0.050000,0.000000,0.000000,0.620000,1.000000,8.000000,86.340000
1789079007.490041,0,0.000000,0.000000,1.000000,0.100000,0.000000,0.000000,0.340000,1.000000,8.000000,86.360000
1789079007.514021,0,0.000000,0.000000,1.000000,0.050000,0.000000,0.000000,0.760000,1.000000,8.000000,86.370000
1789079007.514523,0,0.000000,0.000000,1.000000,0.000000,0.000000,0.000000,0.470000,1.000000,8.000000,86.370000
1789079007.515086,0,0.000000,0.000000,1.000000,-0.050000,0.000000,0.000000,0.760000,1.000000,8.000000,86.380000
1789079007.515533,0,0.000000,0.000000,1.000000,0.050000,0.000000,0.000000,0.180000,0.000000,8.000000,86.400000
1789079007.543284,0,0.000000,0.000000,1.000000,0.050000,0.000000,0.000000,0.470000,1.000000,8.000000,86.410000
1789079007.543793,0,0.000000,0.000000,1.000000,-0.100000,0.000000,0.000000,0.910000,1.000000,8.000000,86.410000
1789079007.544497,0,0.000000,0.000000,1.000000,0.000000,0.000000,0.000000,0.470000,1.000000,8.000000,86.430000
1789079007.568598,0,0.000000,0.000000,1.000000,0.150000,0.000000,0.000000,0.340000,1.000000,8.000000,86.440000
1789079007.569103,0,0.000000,0.000000,1.000000,-0.100000,0.000000,0.000000,0.620000,1.000000,8.000000,86.440000
1789079007.593360,0,0.000000,0.000000,1.000000,0.050000,0.000000,0.000000,0.620000,1.000000,8.000000,86.450000
1789079007.593855,0,0.000000,0.000000,1.000000,0.000000,0.000000,0.000000,0.340000,1.000000,8.000000,86.470000
1789079007.618330,0,0.000000,0.000000,1.000000,-0.050000,0.000000,0.000000,0.760000,1.000000,8.000000,86.480000
1789079007.618907,0,0.000000,0.000000,1.000000,0.010000,0.000000,0.000000,1.210000,1.000000,8.000000,86.480000
1789079007.619421,0,0.000000,0.000000,1.000000,0.000000,0.000000,0.000000,0.340000,1.000000,8.000000,86.500000
1789079007.642831,0,0.000000,0.000000,1.000000,0.010000,0.000000,0.000000,0.340000,1.000000,8.000000,86.510000
1789079007.643334,0,0.000000,0.000000,1.000000,0.050000,0.000000,0.000000,0.760000,1.000000,8.000000,86.510000
1789079007.666791,0,0.000000,0.000000,1.000000,0.050000,0.000000,0.000000,0.620000,1.000000,8.000000,86.520000
1789079007.667430,0,0.000000,0.000000,1.000000,0.370000,0.000000,0.000000,0.340000,1.000000,8.000000,86.540000
1789079007.667892,0,0.000000,0.000000,1.000000,0.050000,0.000000,0.000000,0.470000,1.000000,8.000000,86.550000
1789079007.691373,0,0.000000,0.000000,1.000000,0.100000,0.000000,0.000000,0.910000,1.000000,8.000000,86.550000
1789079007.691880,0,0.000000,0.000000,1.000000,-0.180000,0.000000,0.000000,0.470000,1.000000,8.000000,86.560000
1789079007.692446,0,0.000000,0.000000,1.000000,-0.050000,0.000000,0.000000,0.340000,1.000000,8.000000,86.580000
1789079007.715619,0,0.000000,0.000000,1.000000,0.000000,0.000000,0.000000,0.760000,1.000000,8.000000,86.580000
1789079007.716165,0,0.000000,0.000000,1.000000,0.100000,0.000000,0.000000,0.910000,1.000000,8.000000,86.590000
1789079007.739640,0,0.000000,0.000000,1.000000,-0.100000,0.000000,0.000000,0.340000,1.000000,8.000000,86.610000
1789079007.740140,0,0.000000,0.000000,1.000000,0.000000,0.000000,0.000000,0.760000,1.000000,8.000000,86.620000
1789079007.740560,0,0.000000,0.000000,1.000000,-0.100000,0.000000,0.000000,0.180000,0.000000,8.000000,86.620000
1789079007.764252,0,0.000000,0.000000,1.000000,-0.100000,0.000000,0.000000,0.760000,1.000000,8.000000,86.630000
1789079007.764915,0,0.000000,0.000000,1.000000,0.100000,0.000000,0.000000,0.340000,1.000000,8.000000,86.650000
1789079007.788954,0,0.000000,0.000000,1.000000,0.010000,0.000000,0.000000,0.760000,1.000000,8.000000,86.660000
1789079007.789459,0,0.000000,0.000000,1.000000,0.010000,0.000000,0.000000,0.340000,1.000000,8.000000,86.660000
1789079007.812633,0,0.000000,0.000000,1.000000,0.010000,0.000000,0.000000,1.050000,1.000000,8.000000,86.680000
1789079007.813128,0,0.000000,0.000000,1.000000,0.100000,0.000000,0.000000,0.910000,1.000000,8.000000,86.690000
1789079007.836563,0,0.000000,0.000000,1.000000,0.100000,0.000000,0.000000,0.910000,1.000000,8.000000,86.690000
1789079007.837085,0,0.000000,0.000000,1.000000,0.000000,0.000000,0.000000,0.620000,1.000000,8.000000,86.690000
1789079007.837495,0,0.000000,0.000000,1.000000,0.050000,0.000000,0.000000,0.620000,1.000000,8.000000,86.700000
1789079007.837884,0,0.000000,0.000000,1.000000,-0.050000,0.000000,0.000000,0.470000,1.000000,8.000000,86.720000
1789079007.861732,0,0.000000,0.000000,1.000000,0.000000,0.000000,0.000000,0.620000,1.000000,8.000000,86.730000
1789079007.862238,0,0.000000,0.000000,1.000000,0.010000,0.000000,0.000000,0.620000,1.000000,8.000000,86.730000
1789079007.862629,0,0.000000,0.000000,1.000000,0.100000,0.000000,0.000000,0.620000,1.000000,8.000000,86.760000
1789079007.887150,0,0.000000,0.000000,1.000000,0.000000,0.000000,0.000000,0.340000,1.000000,8.000000,86.760000
1789079007.887943,0,0.000000,0.000000,1.000000,0.100000,0.000000,0.000000,0.910000,1.000000,8.000000,86.770000
1789079007.911538,0,0.000000,0.000000,1.000000,-0.050000,0.000000,0.000000,0.340000,1.000000,8.000000,86.790000
1789079007.912074,0,0.000000,0.000000,1.000000,0.050000,0.000000,0.000000,0.760000,1.000000,8.000000,86.800000
1789079007.935307,0,0.000000,0.000000,1.000000,0.010000,0.000000,0.000000,0.340000,1.000000,8.000000,86.800000
1789079007.935807,0,0.000000,0.000000,1.000000,-0.050000,0.000000,0.000000,1.210000,1.000000,8.000000,86.810000
1789079007.957988,0,0.000000,0.000000,1.000000,0.050000,0.000000,0.000000,0.180000,0.000000,8.000000,86.830000
1789079007.958485,0,0.000000,0.000000,1.000000,-0.050000,0.000000,0.000000,0.620000,1.000000,8.000000,86.830000
1789079007.958999,0,0.000000,0.000000,1.000000,0.050000,0.000000,0.000000,0.340000,1.000000,8.000000,86.840000
1789079007.982287,0,0.000000,0.000000,1.000000,0.010000,0.000000,0.000000,0.760000,1.000000,8.000000,86.860000
1789079008.006178,0,0.000000,0.000000,1.000000,0.010000,0.000000,0.000000,0.470000,1.000000,8.000000,86.870000
1789079008.006748,0,0.000000,0.000000,1.000000,0.050000,0.000000,0.000000,0.760000,1.000000,8.000000,86.870000
1789079008.030075,0,0.000000,0.000000,1.000000,0.050000,0.000000,0.000000,0.470000,1.000000,8.000000,86.880000
1789079008.030577,0,0.000000,0.000000,1.000000,0.000000,0.000000,0.000000,0.760000,1.000000,8.000000,86.900000
1789079008.031002,0,0.000000,0.000000,1.000000,0.010000,0.000000,0.000000,0.620000,1.000000,8.000000,86.910000
1789079008.031498,0,0.000000,0.000000,1.000000,0.050000,0.000000,0.000000,0.760000,1.000000,8.000000,86.910000
1789079008.056150,0,0.000000,0.000000,1.000000,0.000000,0.000000,0.000000,0.470000,1.000000,8.000000,86.930000
1789079008.056732,0,0.000000,0.000000,1.000000,-0.100000,0.000000,0.000000,0.620000,1.000000,8.000000,86.940000
1789079008.079825,0,0.000000,0.000000,1.000000,-0.310000,0.000000,0.000000,0.760000,1.000000,8.000000,86.940000
1789079008.080325,0,0.000000,0.000000,1.000000,0.010000,0.000000,0.000000,0.620000,1.000000,8.000000,86.950000
1789079008.103603,0,0.000000,0.000000,1.000000,0.000000,0.000000,0.000000,0.180000,0.000000,8.000000,86.970000
1789079008.104109,0,0.000000,0.000000,1.000000,-0.100000,0.000000,0.000000,0.470000,1.000000,8.000000,86.980000
1789079008.104809,0,0.000000,0.000000,1.000000,0.000000,0.000000,0.000000,0.470000,1.000000,8.000000,86.980000
1789079008.126832,0,0.000000,0.000000,1.000000,0.010000,0.000000,0.000000,0.470000,1.000000,8.000000,87.000000
1789079008.127424,0,0.000000,0.000000,1.000000,0.010000,0.000000,0.000000,0.470000,1.000000,8.000000,87.010000
1789079008.151024,0,0.000000,0.000000,1.000000,0.050000,0.000000,0.000000,0.620000,1.000000,8.000000,87.010000
1789079008.173901,0,0.000000,0.000000,1.000000,-0.140000,0.000000,0.000000,0.340000,1.000000,8.000000,87.020000
1789079008.174404,0,0.000000,0.000000,1.000000,0.100000,0.000000,0.000000,0.340000,1.000000,8.000000,87.040000
1789079008.175011,0,0.000000,0.000000,1.000000,-0.100000,0.000000,0.000000,0.620000,1.000000,8.000000,87.050000
1789079008.198917,0,0.000000,0.000000,1.000000,0.010000,0.000000,0.000000,0.470000,1.000000,8.000000,87.050000
1789079008.199478,0,0.000000,0.000000,1.000000,-0.050000,0.000000,0.000000,1.050000,1.000000,8.000000,87.060000
1789079008.199856,0,0.000000,0.000000,1.000000,0.100000,0.000000,0.000000,0.620000,1.000000,8.000000,87.080000
1789079008.224246,0,0.000000,0.000000,1.000000,-0.100000,0.000000,0.000000,0.340000,1.000000,8.000000,87.080000
1789079008.224805,0,0.000000,0.000000,1.000000,0.010000,0.000000,0.000000,0.910000,1.000000,8.000000,87.090000
1789079008.247780,0,0.000000,0.000000,1.000000,0.050000,0.000000,0.000000,0.760000,1.000000,8.000000,87.110000
1789079008.248279,0,0.000000,0.000000,1.000000,0.000000,0.000000,0.000000,0.180000,0.000000,8.000000,87.120000
1789079008.248838,0,0.000000,0.000000,1.000000,0.000000,0.000000,0.000000,0.470000,1.000000,8.000000,87.120000
1789079008.271942,0,0.000000,0.000000,1.000000,0.050000,0.000000,0.000000,0.620000,1.000000,8.000000,87.130000
1789079008.272443,0,0.000000,0.000000,1.000000,0.000000,0.000000,0.000000,0.910000,1.000000,8.000000,87.150000
1789079008.295843,0,0.000000,0.000000,1.000000,0.050000,0.000000,0.000000,0.760000,1.000000,8.000000,87.160000
1789079008.296342,0,0.000000,0.000000,1.000000,0.000000,0.000000,0.000000,0.470000,1.000000,8.000000,87.160000
1789079008.320605,0,0.000000,0.000000,1.000000,-0.100000,0.000000,0.000000,0.470000,1.000000,8.000000,87.180000
1789079008.321106,0,0.000000,0.000000,1.000000,0.010000,0.000000,0.000000,0.340000,1.000000,8.000000,87.190000
1789079008.344148,0,0.000000,0.000000,1.000000,-0.100000,0.000000,0.000000,0.620000,1.000000,8.000000,87.190000
1789079008.344645,0,0.000000,0.000000,1.000000,-0.050000,0.000000,0.000000,0.620000,1.000000,8.000000,87.200000
1789079008.345043,0,0.000000,0.000000,1.000000,0.010000,0.000000,0.000000,0.620000,1.000000,8.000000,87.220000
1789079008.345673,0,0.000000,0.000000,1.000000,0.100000,0.000000,0.000000,0.620000,1.000000,8.000000,87.230000
1789079008.368977,0,0.000000,0.000000,1.000000,0.050000,0.000000,0.000000,0.470000,1.000000,8.000000,87.230000
1789079008.369589,0,0.000000,0.000000,1.000000,-0.140000,0.000000,0.000000,0.340000,1.000000,8.000000,87.250000
1789079008.392855,0,0.000000,0.000000,1.000000,0.100000,0.000000,0.000000,0.180000,0.000000,8.000000,87.260000
1789079008.393365,0,0.000000,0.000000,1.000000,0.050000,0.000000,0.000000,0.760000,1.000000,8.000000,87.260000
1789079008.415934,0,0.000000,0.000000,1.000000,0.050000,0.000000,0.000000,0.910000,1.000000,8.000000,87.270000
1789079008.416562,0,0.000000,0.000000,1.000000,0.150000,0.000000,0.000000,0.470000,1.000000,8.000000,87.290000
1789079008.417009,0,0.000000,0.000000,1.000000,-0.100000,0.000000,0.000000,0.620000,1.000000,8.000000,87.300000
1789079008.441027,0,0.000000,0.000000,1.000000,0.010000,0.000000,0.000000,0.620000,1.000000,8.000000,87.300000
1789079008.441569,0,0.000000,0.000000,1.000000,0.010000,0.000000,0.000000,0.910000,1.000000,8.000000,87.310000
1789079008.463975,0,0.000000,0.000000,1.000000,0.050000,0.000000,0.000000,0.340000,1.000000,8.000000,87.330000
1789079008.464481,0,0.000000,0.000000,1.000000,0.000000,0.000000,0.000000,0.340000,1.000000,8.000000,87.330000
1789079008.465238,0,0.000000,0.000000,1.000000,0.000000,0.000000,0.000000,0.470000,1.000000,8.000000,87.340000
1789079008.488836,0,0.000000,0.000000,1.000000,0.050000,0.000000,0.000000,0.620000,1.000000,8.000000,87.360000
1789079008.489423,0,0.000000,0.000000,1.000000,0.000000,0.000000,0.000000,0.470000,1.000000,8.000000,87.370000
1789079008.513742,0,0.000000,0.000000,1.000000,0.050000,0.000000,0.000000,0.760000,1.000000,8.000000,87.370000
1789079008.514241,0,0.000000,0.000000,1.000000,0.000000,0.000000,0.000000,0.760000,1.000000,8.000000,87.380000
1789079008.537813,0,0.000000,0.000000,1.000000,0.000000,0.000000,0.000000,0.620000,1.000000,8.000000,87.400000
1789079008.538311,0,0.000000,0.000000,1.000000,-0.100000,0.000000,0.000000,0.910000,1.000000,8.000000,87.410000
1789079008.538733,0,0.000000,0.000000,1.000000,-0.140000,0.000000,0.000000,0.760000,1.000000,8.000000,87.410000
1789079008.561515,0,0.000000,0.000000,1.000000,0.010000,0.000000,0.000000,0.760000,1.000000,8.000000,87.430000
1789079008.562011,0,0.000000,0.000000,1.000000,0.000000,0.000000,0.000000,0.340000,1.000000,8.000000,87.440000
1789079008.562662,0,0.000000,0.000000,1.000000,0.010000,0.000000,0.000000,0.470000,1.000000,8.000000,87.440000
1789079008.585653,0,0.000000,0.000000,1.000000,0.010000,0.000000,0.000000,0.620000,1.000000,8.000000,87.450000
1789079008.586157,0,0.000000,0.000000,1.000000,0.010000,0.000000,0.000000,0.470000,1.000000,8.000000,87.470000
1789079008.608944,0,0.000000,0.000000,1.000000,0.050000,0.000000,0.000000,0.620000,1.000000,8.000000,87.480000
1789079008.609446,0,0.000000,0.000000,1.000000,0.010000,0.000000,0.000000,0.620000,1.000000,8.000000,87.480000
1789079008.631983,0,0.000000,0.000000,1.000000,0.050000,0.000000,0.000000,0.620000,1.000000,8.000000,87.500000
1789079008.632496,0,0.000000,0.000000,1.000000,-0.050000,0.000000,0.000000,0.620000,1.000000,8.000000,87.510000
1789079008.655635,0,0.000000,0.000000,1.000000,0.010000,0.000000,0.000000,0.760000,1.000000,8.000000,87.510000
1789079008.656140,0,0.000000,0.000000,1.000000,0.000000,0.000000,0.000000,0.340000,1.000000,8.000000,87.520000
1789079008.680473,0,0.000000,0.000000,1.000000,0.010000,0.000000,0.000000,1.360000,1.000000,8.000000,87.540000
1789079008.681036,0,0.000000,0.000000,1.000000,0.010000,0.000000,0.000000,0.470000,1.000000,8.000000,87.550000
1789079008.705413,0,0.000000,0.000000,1.000000,0.010000,0.000000,0.000000,0.340000,1.000000,8.000000,87.550000
1789079008.705912,0,0.000000,0.000000,1.000000,0.100000,0.000000,0.000000,1.210000,1.000000,8.000000,87.560000
1789079008.706478,0,0.000000,0.000000,1.000000,0.010000,0.000000,0.000000,0.760000,1.000000,8.000000,87.580000
1789079008.707055,0,0.000000,0.000000,1.000000,0.100000,0.000000,0.000000,0.910000,1.000000,8.000000,87.580000
1789079008.730350,0,0.000000,0.000000,1.000000,-0.050000,0.000000,0.000000,0.470000,1.000000,8.000000,87.590000
1789079008.730854,0,0.000000,0.000000,1.000000,0.050000,0.000000,0.000000,0.620000,1.000000,8.000000,87.610000
1789079008.755181,0,0.000000,0.000000,1.000000,0.010000,0.000000,0.000000,0.470000,1.000000,8.000000,87.620000
1789079008.755762,0,0.000000,0.000000,1.000000,0.010000,0.000000,0.000000,0.620000,1.000000,8.000000,87.620000
1789079008.779131,0,0.000000,0.000000,1.000000,0.010000,0.000000,0.000000,0.760000,1.000000,8.000000,87.630000
1789079008.779787,0,0.000000,0.000000,1.000000,0.150000,0.000000,0.000000,0.340000,1.000000,8.000000,87.650000
1789079008.780286,0,0.000000,0.000000,1.000000,0.000000,0.000000,0.000000,0.470000,1.000000,8.000000,87.660000
1789079008.780835,0,0.000000,0.000000,1.000000,0.050000,0.000000,0.000000,0.470000,1.000000,8.000000,87.660000
1789079008.804461,0,0.000000,0.000000,1.000000,-0.050000,0.000000,0.000000,0.620000,1.000000,8.000000,87.680000
1789079008.804971,0,0.000000,0.000000,1.000000,0.000000,0.000000,0.000000,0.760000,1.000000,8.000000,87.690000
1789079008.828063,0,0.000000,0.000000,1.000000,0.000000,0.000000,0.000000,0.180000,0.000000,8.000000,87.690000
1789079008.828563,0,0.000000,0.000000,1.000000,0.100000,0.000000,0.000000,0.760000,1.000000,8.000000,87.700000
1789079008.853167,0,0.000000,0.000000,1.000000,0.000000,0.000000,0.000000,0.340000,1.000000,8.000000,87.720000
1789079008.853760,0,0.000000,0.000000,1.000000,0.100000,0.000000,0.000000,0.620000,1.000000,8.000000,87.730000
1789079008.877384,0,0.000000,0.000000,1.000000,0.010000,0.000000,0.000000,-0.340000,0.000000,8.000000,87.730000
1789079008.877885,0,0.000000,0.000000,1.000000,-0.100000,0.000000,0.000000,0.340000,1.000000,8.000000,87.750000
1789079008.878476,0,0.000000,0.000000,1.000000,-0.100000,0.000000,0.000000,0.340000,1.000000,8.000000,87.760000
1789079008.902472,0,0.000000,0.000000,1.000000,0.050000,0.000000,0.000000,0.470000,1.000000,8.000000,87.760000
1789079008.903000,0,0.000000,0.000000,1.000000,0.010000,0.000000,0.000000,0.620000,1.000000,8.000000,87.770000
1789079008.925316,0,0.000000,0.000000,1.000000,0.000000,0.000000,0.000000,0.340000,1.000000,8.000000,87.790000
1789079008.925815,0,0.000000,0.000000,1.000000,0.010000,0.000000,0.000000,0.340000,1.000000,8.000000,87.800000
1789079008.926238,0,0.000000,0.000000,1.000000,0.000000,0.000000,0.000000,0.620000,1.000000,8.000000,87.800000
1789079008.926627,0,0.000000,0.000000,1.000000,0.540000,0.000000,0.000000,0.760000,1.000000,8.000000,87.810000
1789079008.950091,0,0.000000,0.000000,1.000000,0.010000,0.000000,0.000000,0.340000,1.000000,8.000000,87.830000
1789079008.972809,0,0.000000,0.000000,1.000000,0.100000,0.000000,0.000000,0.910000,1.000000,8.000000,87.830000
1789079008.973307,0,0.000000,0.000000,1.000000,0.050000,0.000000,0.000000,0.180000,0.000000,8.000000,87.840000
1789079008.996268,0,0.000000,0.000000,1.000000,0.050000,0.000000,0.000000,0.760000,1.000000,8.000000,87.860000
1789079008.996912,0,0.000000,0.000000,1.000000,0.100000,0.000000,0.000000,0.760000,1.000000,8.000000,87.870000
1789079008.997476,0,0.000000,0.000000,1.000000,-0.100000,0.000000,0.000000,0.470000,1.000000,8.000000,87.870000
1789079009.021075,0,0.000000,0.000000,1.000000,0.180000,0.000000,0.000000,0.470000,1.000000,8.000000,87.880000
1789079009.021574,0,0.000000,0.000000,1.000000,0.050000,0.000000,0.000000,0.910000,1.000000,8.000000,87.900000
1789079009.021992,0,0.000000,0.000000,1.000000,0.000000,0.000000,0.000000,0.470000,1.000000,8.000000,87.910000
1789079009.044772,0,0.000000,0.000000,1.000000,0.010000,0.000000,0.000000,0.760000,1.000000,8.000000,87.910000
1789079009.045270,0,0.000000,0.000000,1.000000,-0.100000,0.000000,0.000000,0.340000,1.000000,8.000000,87.930000
1789079009.068557,0,0.000000,0.000000,1.000000,0.100000,0.000000,0.000000,0.620000,1.000000,8.000000,87.940000
1789079009.069064,0,0.000000,0.000000,1.000000,0.000000,0.000000,0.000000,0.470000,1.000000,8.000000,87.940000
1789079009.091984,0,0.000000,0.000000,1.000000,0.150000,0.000000,0.000000,0.620000,1.000000,8.000000,87.950000
1789079009.092485,0,0.000000,0.000000,1.000000,0.010000,0.000000,0.000000,0.340000,1.000000,8.000000,87.970000
1789079009.115973,0,0.000000,0.000000,1.000000,-0.140000,0.000000,0.000000,0.180000,0.000000,8.000000,87.980000
1789079009.116484,0,0.000000,0.000000,1.000000,0.010000,0.000000,0.000000,1.050000,1.000000,8.000000,87.980000
1789079009.116982,0,0.000000,0.000000,1.000000,0.150000,0.000000,0.000000,0.620000,1.000000,8.000000,88.000000
1789079009.139793,0,0.000000,0.000000,1.000000,0.100000,0.000000,0.000000,0.470000,1.000000,8.000000,88.010000
1789079009.140489,0,0.000000,0.000000,1.000000,0.010000,0.000000,0.000000,0.760000,1.000000,8.000000,88.010000
1789079009.162771,0,0.000000,0.000000,1.000000,0.010000,0.000000,0.000000,0.470000,1.000000,8.000000,88.020000
1789079009.163273,0,0.000000,0.000000,1.000000,0.000000,0.000000,0.000000,0.470000,1.000000,8.000000,88.040000
1789079009.186636,0,0.000000,0.000000,1.000000,0.370000,0.000000,0.000000,0.760000,1.000000,8.000000,88.050000
1789079009.187142,0,0.000000,0.000000,1.000000,-0.050000,0.000000,0.000000,0.760000,1.000000,8.000000,88.050000
1789079009.187566,0,0.000000,0.000000,1.000000,0.100000,0.000000,0.000000,0.620000,1.000000,8.000000,88.060000
1789079009.210173,0,0.000000,0.000000,1.000000,0.010000,0.000000,0.000000,0.620000,1.000000,8.000000,88.080000
1789079009.210673,0,0.000000,0.000000,1.000000,0.180000,0.000000,0.000000,0.180000,0.000000,8.000000,88.080000
1789079009.234051,0,0.000000,0.000000,1.000000,0.010000,0.000000,0.000000,0.620000,1.000000,8.000000,88.090000
1789079009.234556,0,0.000000,0.000000,1.000000,0.000000,0.000000,0.000000,0.340000,1.000000,8.000000,88.110000
1789079009.257540,0,0.000000,0.000000,1.000000,0.010000,0.000000,0.000000,1.210000,1.000000,8.000000,88.120000
1789079009.258034,0,0.000000,0.000000,1.000000,0.100000,0.000000,0.000000,0.340000,1.000000,8.000000,88.120000
1789079009.282954,0,0.000000,0.000000,1.000000,0.010000,0.000000,0.000000,0.620000,1.000000,8.000000,88.130000
1789079009.283599,0,0.000000,0.000000,1.000000,-0.050000,0.000000,0.000000,0.340000,1.000000,8.000000,88.150000
1789079009.284138,0,0.000000,0.000000,1.000000,-0.100000,0.000000,0.000000,0.760000,1.000000,8.000000,88.160000
1789079009.284769,0,0.000000,0.000000,1.000000,-0.140000,0.000000,0.000000,0.470000,1.000000,8.000000,88.160000
1789079009.309115,0,0.000000,0.000000,1.000000,0.000000,0.000000,0.000000,0.340000,1.000000,8.000000,88.180000
1789079009.309702,0,0.000000,0.000000,1.000000,0.000000,0.000000,0.000000,0.910000,1.000000,8.000000,88.190000
1789079009.335205,0,0.000000,0.000000,1.000000,0.100000,0.000000,0.000000,0.620000,1.000000,8.000000,88.190000
1789079009.335731,0,0.000000,0.000000,1.000000,0.100000,0.000000,0.000000,0.760000,1.000000,8.000000,88.200000
1789079009.359046,0,0.000000,0.000000,1.000000,0.010000,0.000000,0.000000,0.470000,1.000000,8.000000,88.220000
1789079009.359543,0,0.000000,0.000000,1.000000,0.050000,0.000000,0.000000,0.620000,1.000000,8.000000,88.230000
1789079009.360125,0,0.000000,0.000000,1.000000,-0.140000,0.000000,0.000000,0.340000,1.000000,8.000000,88.230000
1789079009.383430,0,0.000000,0.000000,1.000000,-0.050000,0.000000,0.000000,0.340000,1.000000,8.000000,88.250000
1789079009.383986,0,0.000000,0.000000,1.000000,-0.180000,0.000000,0.000000,0.760000,1.000000,8.000000,88.260000
1789079009.407181,0,0.000000,0.000000,1.000000,0.000000,0.000000,0.000000,0.470000,1.000000,8.000000,88.260000
1789079009.407679,0,0.000000,0.000000,1.000000,0.000000,0.000000,0.000000,0.620000,1.000000,8.000000,88.270000
1789079009.408093,0,0.000000,0.000000,1.000000,-0.050000,0.000000,0.000000,0.760000,1.000000,8.000000,88.290000
1789079009.431251,0,0.000000,0.000000,1.000000,0.000000,0.000000,0.000000,0.470000,1.000000,8.000000,88.300000
1789079009.432119,0,0.000000,0.000000,1.000000,0.000000,0.000000,0.000000,0.760000,1.000000,8.000000,88.300000
1789079009.432779,0,0.000000,0.000000,1.000000,0.000000,0.000000,0.000000,0.340000,1.000000,8.000000,88.310000
1789079009.455987,0,0.000000,0.000000,1.000000,0.100000,0.000000,0.000000,0.620000,1.000000,8.000000,88.330000
1789079009.456493,0,0.000000,0.000000,1.000000,-0.180000,0.000000,0.000000,0.470000,1.000000,8.000000,88.330000
1789079009.457057,0,0.000000,0.000000,1.000000,0.010000,0.000000,0.000000,0.620000,1.000000,8.000000,88.340000
1789079009.479990,0,0.000000,0.000000,1.000000,0.000000,0.000000,0.000000,0.470000,1.000000,8.000000,88.360000
1789079009.480489,0,0.000000,0.000000,1.000000,0.050000,0.000000,0.000000,0.760000,1.000000,8.000000,88.370000
1789079009.504525,0,0.000000,0.000000,1.000000,0.010000,0.000000,0.000000,0.760000,1.000000,8.000000,88.370000
1789079009.505086,0,0.000000,0.000000,1.000000,0.010000,0.000000,0.000000,0.340000,1.000000,8.000000,88.380000
1789079009.529009,0,0.000000,0.000000,1.000000,0.100000,0.000000,0.000000,0.340000,1.000000,8.000000,88.400000
1789079009.529538,0,0.000000,0.000000,1.000000,-0.050000,0.000000,0.000000,0.620000,1.000000,8.000000,88.410000
1789079009.530104,0,0.000000,0.000000,1.000000,0.000000,0.000000,0.000000,0.620000,1.000000,8.000000,88.410000
1789079009.553063,0,0.000000,0.000000,1.000000,0.010000,0.000000,0.000000,0.340000,1.000000,8.000000,88.430000
1789079009.553672,0,0.000000,0.000000,1.000000,0.010000,0.000000,0.000000,0.620000,1.000000,8.000000,88.440000
1789079009.577558,0,0.000000,0.000000,1.000000,0.150000,0.000000,0.000000,0.470000,1.000000,8.000000,88.440000
1789079009.601779,0,0.000000,0.000000,1.000000,0.010000,0.000000,0.000000,0.470000,1.000000,8.000000,88.450000
1789079009.602371,0,0.000000,0.000000,1.000000,0.010000,0.000000,0.000000,0.470000,1.000000,8.000000,88.470000
1789079009.602780,0,0.000000,0.000000,1.000000,0.010000,0.000000,0.000000,0.910000,1.000000,8.000000,88.480000
1789079009.626940,0,0.000000,0.000000,1.000000,0.050000,0.000000,0.000000,0.470000,1.000000,8.000000,88.480000
1789079009.627511,0,0.000000,0.000000,1.000000,0.050000,0.000000,0.000000,0.620000,1.000000,8.000000,88.500000
1789079009.627915,0,0.000000,0.000000,1.000000,0.100000,0.000000,0.000000,0.180000,0.000000,8.000000,88.510000
1789079009.628535,0,0.000000,0.000000,1.000000,0.010000,0.000000,0.000000,0.340000,1.000000,8.000000,88.510000
1789079009.651608,0,0.000000,0.000000,1.000000,0.000000,0.000000,0.000000,0.760000,1.000000,8.000000,88.520000
1789079009.652111,0,0.000000,0.000000,1.000000,-0.180000,0.000000,0.000000,0.340000,1.000000,8.000000,88.540000
1789079009.675878,0,0.000000,0.000000,1.000000,0.010000,0.000000,0.000000,0.760000,1.000000,8.000000,88.550000
1789079009.699402,0,0.000000,0.000000,1.000000,0.010000,0.000000,0.000000,0.180000,0.000000,8.000000,88.550000
1789079009.700128,0,0.000000,0.000000,1.000000,0.010000,0.000000,0.000000,0.620000,1.000000,8.000000,88.560000
1789079009.700596,0,0.000000,0.000000,1.000000,0.050000,0.000000,0.000000,0.620000,1.000000,8.000000,88.580000
1789079009.723828,0,0.000000,0.000000,1.000000,0.050000,0.000000,0.000000,0.910000,1.000000,8.000000,88.580000
1789079009.724338,0,0.000000,0.000000,1.000000,-0.140000,0.000000,0.000000,0.760000,1.000000,8.000000,88.590000
1789079009.724914,0,0.000000,0.000000,1.000000,0.010000,0.000000,0.000000,0.760000,1.000000,8.000000,88.610000
1789079009.748134,0,0.000000,0.000000,1.000000,0.010000,0.000000,0.000000,0.340000,1.000000,8.000000,88.620000
1789079009.748797,0,0.000000,0.000000,1.000000,-0.230000,0.000000,0.000000,0.340000,1.000000,8.000000,88.620000
1789079009.772464,0,0.000000,0.000000,1.000000,0.010000,0.000000,0.000000,0.760000,1.000000,8.000000,88.630000
1789079009.772964,0,0.000000,0.000000,1.000000,0.100000,0.000000,0.000000,0.620000,1.000000,8.000000,88.650000
1789079009.773532,0,0.000000,0.000000,1.000000,0.010000,0.000000,0.000000,0.760000,1.000000,8.000000,88.660000
1789079009.797528,0,0.000000,0.000000,1.000000,0.010000,0.000000,0.000000,0.470000,1.000000,8.000000,88.660000
1789079009.798111,0,0.000000,0.000000,1.000000,0.000000,0.000000,0.000000,0.620000,1.000000,8.000000,88.680000
1789079009.821753,0,0.000000,0.000000,1.000000,0.010000,0.000000,0.000000,0.760000,1.000000,8.000000,88.690000
1789079009.822259,0,0.000000,0.000000,1.000000,0.000000,0.000000,0.000000,0.910000,1.000000,8.000000,88.690000
1789079009.822845,0,0.000000,0.000000,1.000000,0.050000,0.000000,0.000000,0.910000,1.000000,8.000000,88.700000
1789079009.846053,0,0.000000,0.000000,1.000000,0.010000,0.000000,0.000000,0.470000,1.000000,8.000000,88.720000
1789079009.846553,0,0.000000,0.000000,1.000000,0.050000,0.000000,0.000000,0.340000,1.000000,8.000000,88.730000
1789079009.870372,0,0.000000,0.000000,1.000000,0.100000,0.000000,0.000000,0.760000,1.000000,8.000000,88.730000
1789079009.893817,0,0.000000,0.000000,1.000000,0.100000,0.000000,0.000000,0.760000,1.000000,8.000000,88.750000
1789079009.894393,0,0.000000,0.000000,1.000000,0.010000,0.000000,0.000000,1.050000,1.000000,8.000000,88.760000
1789079009.894808,0,0.000000,0.000000,1.000000,0.000000,0.000000,0.000000,0.470000,1.000000,8.000000,88.760000
1789079009.895183,0,0.000000,0.000000,1.000000,0.010000,0.000000,0.000000,0.180000,0.000000,8.000000,88.770000
1789079009.918235,0,0.000000,0.000000,1.000000,0.050000,0.000000,0.000000,0.620000,1.000000,8.000000,88.790000
1789079009.918738,0,0.000000,0.000000,1.000000,0.050000,0.000000,0.000000,0.470000,1.000000,8.000000,88.800000
1789079009.919331,0,0.000000,0.000000,1.000000,0.050000,0.000000,0.000000,0.760000,1.000000,8.000000,88.800000
1789079009.942256,0,0.000000,0.000000,1.000000,0.050000,0.000000,0.000000,0.760000,1.000000,8.000000,88.800000
1789079009.942868,0,0.000000,0.000000,1.000000,0.180000,0.000000,0.000000,0.340000,1.000000,8.000000,88.810000
1789079009.965589,0,0.000000,0.000000,1.000000,0.050000,0.000000,0.000000,0.760000,1.000000,8.000000,88.830000
1789079009.966098,0,0.000000,0.000000,1.000000,0.010000,0.000000,0.000000,0.470000,1.000000,8.000000,88.840000
1789079009.989507,0,0.000000,0.000000,1.000000,-0.140000,0.000000,0.000000,0.620000,1.000000,8.000000,88.860000
1789079009.990012,0,0.000000,0.000000,1.000000,0.000000,0.000000,0.000000,0.620000,1.000000,8.000000,88.870000
1789079010.014085,0,0.000000,0.000000,1.000000,0.440000,0.000000,0.000000,0.620000,1.000000,8.000000,88.870000
1789079010.014658,0,0.000000,0.000000,1.000000,0.050000,0.000000,0.000000,0.470000,1.000000,8.000000,88.880000
1789079010.039062,0,0.000000,0.000000,1.000000,0.010000,0.000000,0.000000,0.340000,1.000000,8.000000,88.900000
1789079010.039652,0,0.000000,0.000000,1.000000,0.100000,0.000000,0.000000,0.620000,1.000000,8.000000,88.910000
1789079010.040061,0,0.000000,0.000000,1.000000,0.010000,0.000000,0.000000,0.470000,1.000000,8.000000,88.910000
1789079010.063201,0,0.000000,0.000000,1.000000,-0.050000,0.000000,0.000000,0.340000,1.000000,8.000000,88.930000
1789079010.063704,0,0.000000,0.000000,1.000000,-0.050000,0.000000,0.000000,0.470000,1.000000,8.000000,88.940000
1789079010.086922,0,0.000000,0.000000,1.000000,0.010000,0.000000,0.000000,0.910000,1.000000,8.000000,88.940000
1789079010.087507,0,0.000000,0.000000,1.000000,0.000000,0.000000,0.000000,0.760000,1.000000,8.000000,88.950000
1789079010.088015,0,0.000000,0.000000,1.000000,0.000000,0.000000,0.000000,0.180000,0.000000,8.000000,88.970000
1789079010.111586,0,0.000000,0.000000,1.000000,0.000000,0.000000,0.000000,0.620000,1.000000,8.000000,88.980000
1789079010.112083,0,0.000000,0.000000,1.000000,0.050000,0.000000,0.000000,0.760000,1.000000,8.000000,88.980000
1789079010.135269,0,0.000000,0.000000,1.000000,0.000000,0.000000,0.000000,0.470000,1.000000,8.000000,89.000000
1789079010.135767,0,0.000000,0.000000,1.000000,0.010000,0.000000,0.000000,0.340000,1.000000,8.000000,89.010000
1789079010.159133,0,0.000000,0.000000,1.000000,-0.100000,0.000000,0.000000,0.760000,1.000000,8.000000,89.010000
1789079010.159663,0,0.000000,0.000000,1.000000,0.010000,0.000000,0.000000,0.340000,1.000000,8.000000,89.020000
1789079010.160089,0,0.000000,0.000000,1.000000,-0.050000,0.000000,0.000000,0.470000,1.000000,8.000000,89.040000
1789079010.160650,0,0.000000,0.000000,1.000000,0.010000,0.000000,0.000000,0.340000,1.000000,8.000000,89.050000
1789079010.183483,0,0.000000,0.000000,1.000000,0.050000,0.000000,0.000000,0.760000,1.000000,8.000000,89.050000
1789079010.184104,0,0.000000,0.000000,1.000000,0.000000,0.000000,0.000000,0.470000,1.000000,8.000000,89.060000
1789079010.207632,0,0.000000,0.000000,1.000000,0.000000,0.000000,0.000000,0.470000,1.000000,8.000000,89.080000
1789079010.208136,0,0.000000,0.000000,1.000000,0.050000,0.000000,0.000000,0.760000,1.000000,8.000000,89.080000
1789079010.231239,0,0.000000,0.000000,1.000000,0.000000,0.000000,0.000000,0.470000,1.000000,8.000000,89.090000
1789079010.231752,0,0.000000,0.000000,1.000000,0.050000,0.000000,0.000000,0.340000,1.000000,8.000000,89.110000
1789079010.257049,0,0.000000,0.000000,1.000000,-0.050000,0.000000,0.000000,1.050000,1.000000,8.000000,89.120000
1789079010.257852,0,0.000000,0.000000,1.000000,-0.050000,0.000000,0.000000,0.760000,1.000000,8.000000,89.120000
1789079010.280723,0,0.000000,0.000000,1.000000,0.050000,0.000000,0.000000,0.620000,1.000000,8.000000,89.130000
1789079010.281217,0,0.000000,0.000000,1.000000,0.010000,0.000000,0.000000,0.470000,1.000000,8.000000,89.150000
1789079010.281638,0,0.000000,0.000000,1.000000,-0.100000,0.000000,0.000000,0.760000,1.000000,8.000000,89.160000
1789079010.282146,0,0.000000,0.000000,1.000000,0.230000,0.000000,0.000000,0.760000,1.000000,8.000000,89.160000
1789079010.305488,0,0.000000,0.000000,1.000000,0.010000,0.000000,0.000000,0.340000,1.000000,8.000000,89.180000
1789079010.305989,0,0.000000,0.000000,1.000000,-0.100000,0.000000,0.000000,0.760000,1.000000,8.000000,89.190000
1789079010.329171,0,0.000000,0.000000,1.000000,0.010000,0.000000,0.000000,0.340000,1.000000,8.000000,89.190000
1789079010.329678,0,0.000000,0.000000,1.000000,0.000000,0.000000,0.000000,0.620000,1.000000,8.000000,89.200000
1789079010.353358,0,0.000000,0.000000,1.000000,0.100000,0.000000,0.000000,0.760000,1.000000,8.000000,89.220000
1789079010.353866,0,0.000000,0.000000,1.000000,0.050000,0.000000,0.000000,0.470000,1.000000,8.000000,89.230000
1789079010.354300,0,0.000000,0.000000,1.000000,0.050000,0.000000,0.000000,0.760000,1.000000,8.000000,89.230000
1789079010.377472,0,0.000000,0.000000,1.000000,-0.100000,0.000000,0.000000,0.760000,1.000000,8.000000,89.250000
1789079010.378086,0,0.000000,0.000000,1.000000,0.000000,0.000000,0.000000,0.470000,1.000000,8.000000,89.260000
1789079010.400921,0,0.000000,0.000000,1.000000,0.000000,0.000000,0.000000,0.760000,1.000000,8.000000,89.260000
1789079010.401486,0,0.000000,0.000000,1.000000,0.180000,0.000000,0.000000,0.620000,1.000000,8.000000,89.270000
1789079010.423988,0,0.000000,0.000000,1.000000,-0.050000,0.000000,0.000000,0.910000,1.000000,8.000000,89.290000
1789079010.424469,0,0.000000,0.000000,1.000000,0.150000,0.000000,0.000000,0.620000,1.000000,8.000000,89.300000
1789079010.424850,0,0.000000,0.000000,1.000000,0.100000,0.000000,0.000000,0.180000,0.000000,8.000000,89.300000
1789079010.447840,0,0.000000,0.000000,1.000000,0.050000,0.000000,0.000000,0.760000,1.000000,8.000000,89.310000
1789079010.448493,0,0.000000,0.000000,1.000000,0.010000,0.000000,0.000000,0.760000,1.000000,8.000000,89.330000
1789079010.472062,0,0.000000,0.000000,1.000000,0.100000,0.000000,0.000000,0.340000,1.000000,8.000000,89.330000
1789079010.472567,0,0.000000,0.000000,1.000000,0.010000,0.000000,0.000000,0.470000,1.000000,8.000000,89.340000
1789079010.496604,0,0.000000,0.000000,1.000000,-0.050000,0.000000,0.000000,0.470000,1.000000,8.000000,89.360000
1789079010.497211,0,0.000000,0.000000,1.000000,-0.140000,0.000000,0.000000,0.760000,1.000000,8.000000,89.370000
1789079010.497891,0,0.000000,0.000000,1.000000,-0.050000,0.000000,0.000000,0.340000,1.000000,8.000000,89.370000
1789079010.521155,0,0.000000,0.000000,1.000000,0.000000,0.000000,0.000000,0.340000,1.000000,8.000000,89.380000
1789079010.521683,0,0.000000,0.000000,1.000000,0.010000,0.000000,0.000000,0.760000,1.000000,8.000000,89.400000
1789079010.522098,0,0.000000,0.000000,1.000000,0.050000,0.000000,0.000000,0.910000,1.000000,8.000000,89.410000
1789079010.547049,0,0.000000,0.000000,1.000000,-0.050000,0.000000,0.000000,0.470000,1.000000,8.000000,89.410000
1789079010.547551,0,0.000000,0.000000,1.000000,0.010000,0.000000,0.000000,0.470000,1.000000,8.000000,89.430000
1789079010.572284,0,0.000000,0.000000,1.000000,0.000000,0.000000,0.000000,0.620000,1.000000,8.000000,89.440000
1789079010.572836,0,0.000000,0.000000,1.000000,-0.050000,0.000000,0.000000,0.620000,1.000000,8.000000,89.440000
1789079010.596893,0,0.000000,0.000000,1.000000,0.000000,0.000000,0.000000,0.760000,1.000000,8.000000,89.450000
1789079010.597461,0,0.000000,0.000000,1.000000,-0.180000,0.000000,0.000000,0.470000,1.000000,8.000000,89.470000
1789079010.597870,0,0.000000,0.000000,1.000000,0.050000,0.000000,0.000000,0.620000,1.000000,8.000000,89.480000
1789079010.598345,0,0.000000,0.000000,1.000000,0.440000,0.000000,0.000000,0.760000,1.000000,8.000000,89.480000
1789079010.622221,0,0.000000,0.000000,1.000000,0.000000,0.000000,0.000000,0.760000,1.000000,8.000000,89.500000
1789079010.622723,0,0.000000,0.000000,1.000000,0.050000,0.000000,0.000000,0.620000,1.000000,8.000000,89.510000
1789079010.646469,0,0.000000,0.000000,1.000000,0.010000,0.000000,0.000000,0.470000,1.000000,8.000000,89.510000
1789079010.646968,0,0.000000,0.000000,1.000000,0.010000,0.000000,0.000000,0.620000,1.000000,8.000000,89.510000
1789079010.670467,0,0.000000,0.000000,1.000000,0.100000,0.000000,0.000000,0.620000,1.000000,8.000000,89.520000
1789079010.670989,0,0.000000,0.000000,1.000000,0.010000,0.000000,0.000000,0.760000,1.000000,8.000000,89.540000
1789079010.694427,0,0.000000,0.000000,1.000000,0.100000,0.000000,0.000000,0.760000,1.000000,8.000000,89.550000
1789079010.694957,0,0.000000,0.000000,1.000000,0.010000,0.000000,0.000000,0.470000,1.000000,8.000000,89.560000
1789079010.695364,0,0.000000,0.000000,1.000000,0.100000,0.000000,0.000000,0.620000,1.000000,8.000000,89.580000
1789079010.719965,0,0.000000,0.000000,1.000000,0.050000,0.000000,0.000000,0.180000,0.000000,8.000000,89.580000
1789079010.720546,0,0.000000,0.000000,1.000000,0.010000,0.000000,0.000000,0.620000,1.000000,8.000000,89.590000
1789079010.720951,0,0.000000,0.000000,1.000000,0.010000,0.000000,0.000000,-0.200000,0.000000,8.000000,89.610000
1789079010.744024,0,0.000000,0.000000,1.000000,0.050000,0.000000,0.000000,0.340000,1.000000,8.000000,89.620000
1789079010.744533,0,0.000000,0.000000,1.000000,0.010000,0.000000,0.000000,0.620000,1.000000,8.000000,89.620000
1789079010.745108,0,0.000000,0.000000,1.000000,0.010000,0.000000,0.000000,0.620000,1.000000,8.000000,89.630000
1789079010.768443,0,0.000000,0.000000,1.000000,-0.050000,0.000000,0.000000,0.470000,1.000000,8.000000,89.650000
1789079010.791907,0,0.000000,0.000000,1.000000,0.050000,0.000000,0.000000,0.910000,1.000000,8.000000,89.660000
1789079010.792406,0,0.000000,0.000000,1.000000,0.050000,0.000000,0.000000,0.620000,1.000000,8.000000,89.660000
1789079010.792827,0,0.000000,0.000000,1.000000,0.010000,0.000000,0.000000,0.620000,1.000000,8.000000,89.680000
1789079010.818400,0,0.000000,0.000000,1.000000,0.000000,0.000000,0.000000,0.340000,1.000000,8.000000,89.690000
1789079010.818975,0,0.000000,0.000000,1.000000,-0.050000,0.000000,0.000000,0.620000,1.000000,8.000000,89.690000
1789079010.842814,0,0.000000,0.000000,1.000000,0.050000,0.000000,0.000000,0.620000,1.000000,8.000000,89.700000
1789079010.843314,0,0.000000,0.000000,1.000000,0.000000,0.000000,0.000000,0.620000,1.000000,8.000000,89.720000
1789079010.843736,0,0.000000,0.000000,1.000000,0.000000,0.000000,0.000000,0.620000,1.000000,8.000000,89.730000
1789079010.866439,0,0.000000,0.000000,1.000000,0.000000,0.000000,0.000000,0.470000,1.000000,8.000000,89.730000
1789079010.866930,0,0.000000,0.000000,1.000000,0.010000,0.000000,0.000000,0.620000,1.000000,8.000000,89.750000
1789079010.867317,0,0.000000,0.000000,1.000000,0.000000,0.000000,0.000000,0.620000,1.000000,8.000000,89.760000
1789079010.890943,0,0.000000,0.000000,1.000000,0.100000,0.000000,0.000000,0.340000,1.000000,8.000000,89.760000
1789079010.891441,0,0.000000,0.000000,1.000000,0.000000,0.000000,0.000000,0.470000,1.000000,8.000000,89.770000
1789079010.914726,0,0.000000,0.000000,1.000000,0.050000,0.000000,0.000000,0.180000,0.000000,8.000000,89.790000
1789079010.915400,0,0.000000,0.000000,1.000000,-0.050000,0.000000,0.000000,0.620000,1.000000,8.000000,89.800000
1789079010.939715,0,0.000000,0.000000,1.000000,0.100000,0.000000,0.000000,0.620000,1.000000,8.000000,89.800000
1789079010.940505,0,0.000000,0.000000,1.000000,0.010000,0.000000,0.000000,0.910000,1.000000,8.000000,89.800000
1789079010.940994,0,0.000000,0.000000,1.000000,-0.100000,0.000000,0.000000,0.760000,1.000000,8.000000,89.810000
1789079010.964334,0,0.000000,0.000000,1.000000,-0.140000,0.000000,0.000000,0.470000,1.000000,8.000000,89.830000
1789079010.965087,0,0.000000,0.000000,1.000000,0.010000,0.000000,0.000000,0.340000,1.000000,8.000000,89.830000
1789079010.989098,0,0.000000,0.000000,1.000000,0.050000,0.000000,0.000000,0.340000,1.000000,8.000000,89.840000
1789079011.011865,0,0.000000,0.000000,1.000000,0.000000,0.000000,0.000000,0.470000,1.000000,8.000000,89.860000
1789079011.012365,0,0.000000,0.000000,1.000000,0.000000,0.000000,0.000000,0.620000,1.000000,8.000000,89.870000
1789079011.012892,0,0.000000,0.000000,1.000000,0.010000,0.000000,0.000000,1.050000,1.000000,8.000000,89.870000
1789079011.013325,0,0.000000,0.000000,1.000000,0.010000,0.000000,0.000000,0.470000,1.000000,8.000000,89.880000
1789079011.036097,0,0.000000,0.000000,1.000000,0.010000,0.000000,0.000000,0.340000,1.000000,8.000000,89.900000
1789079011.036747,0,0.000000,0.000000,1.000000,0.010000,0.000000,0.000000,0.470000,1.000000,8.000000,89.910000
1789079011.037315,0,0.000000,0.000000,1.000000,0.100000,0.000000,0.000000,0.340000,1.000000,8.000000,89.910000
1789079011.059753,0,0.000000,0.000000,1.000000,0.000000,0.000000,0.000000,0.470000,1.000000,8.000000,89.930000
1789079011.060249,0,0.000000,0.000000,1.000000,-0.140000,0.000000,0.000000,0.180000,0.000000,8.000000,89.940000
1789079011.083765,0,0.000000,0.000000,1.000000,0.010000,0.000000,0.000000,0.760000,1.000000,8.000000,89.940000
1789079011.084275,0,0.000000,0.000000,1.000000,0.000000,0.000000,0.000000,0.910000,1.000000,8.000000,89.950000
1789079011.084645,0,0.000000,0.000000,1.000000,0.000000,0.000000,0.000000,0.620000,1.000000,8.000000,89.970000
1789079011.106797,0,0.000000,0.000000,1.000000,-0.100000,0.000000,0.000000,0.470000,1.000000,8.000000,89.980000
1789079011.107299,0,0.000000,0.000000,1.000000,-0.140000,0.000000,0.000000,0.760000,1.000000,8.000000,89.980000
1789079011.130108,0,0.000000,0.000000,1.000000,0.050000,0.000000,0.000000,0.910000,1.000000,8.000000,90.000000
1789079011.130647,0,0.000000,0.000000,1.000000,0.100000,0.000000,0.000000,0.470000,1.000000,8.000000,90.010000
1789079011.154354,0,0.000000,0.000000,1.000000,0.150000,0.000000,0.000000,0.760000,1.000000,8.000000,90.010000
1789079011.154948,0,0.000000,0.000000,1.000000,-0.180000,0.000000,0.000000,0.760000,1.000000,8.000000,90.020000
1789079011.177427,0,0.000000,0.000000,1.000000,-0.050000,0.000000,0.000000,0.470000,1.000000,8.000000,90.040000
1789079011.177925,0,0.000000,0.000000,1.000000,0.000000,0.000000,0.000000,0.340000,1.000000,8.000000,90.050000
1789079011.201819,0,0.000000,0.000000,1.000000,0.000000,0.000000,0.000000,0.760000,1.000000,8.000000,90.050000
1789079011.202325,0,0.000000,0.000000,1.000000,0.010000,0.000000,0.000000,0.620000,1.000000,8.000000,90.060000
1789079011.202895,0,0.000000,0.000000,1.000000,0.050000,0.000000,0.000000,0.470000,1.000000,8.000000,90.080000
1789079011.225721,0,0.000000,0.000000,1.000000,0.050000,0.000000,0.000000,0.470000,1.000000,8.000000,90.090000
1789079011.249494,0,0.000000,0.000000,1.000000,0.050000,0.000000,0.000000,0.620000,1.000000,8.000000,90.110000
1789079011.250006,0,0.000000,0.000000,1.000000,-0.140000,0.000000,0.000000,0.620000,1.000000,8.000000,90.120000
1789079011.250380,0,0.000000,0.000000,1.000000,0.010000,0.000000,0.000000,0.620000,1.000000,8.000000,90.120000
1789079011.273452,0,0.000000,0.000000,1.000000,-0.050000,0.000000,0.000000,0.470000,1.000000,8.000000,90.130000
1789079011.273929,0,0.000000,0.000000,1.000000,0.050000,0.000000,0.000000,0.910000,1.000000,8.000000,90.150000
1789079011.297036,0,0.000000,0.000000,1.000000,0.100000,0.000000,0.000000,0.760000,1.000000,8.000000,90.160000
1789079011.297539,0,0.000000,0.000000,1.000000,0.010000,0.000000,0.000000,0.470000,1.000000,8.000000,90.160000
1789079011.321141,0,0.000000,0.000000,1.000000,0.050000,0.000000,0.000000,0.470000,1.000000,8.000000,90.180000
1789079011.321646,0,0.000000,0.000000,1.000000,-0.050000,0.000000,0.000000,0.340000,1.000000,8.000000,90.190000
1789079011.344485,0,0.000000,0.000000,1.000000,-0.100000,0.000000,0.000000,0.470000,1.000000,8.000000,90.200000
1789079011.345033,0,0.000000,0.000000,1.000000,0.000000,0.000000,0.000000,0.620000,1.000000,8.000000,90.200000
1789079011.345453,0,0.000000,0.000000,1.000000,-0.100000,0.000000,0.000000,0.470000,1.000000,8.000000,90.220000
1789079011.368461,0,0.000000,0.000000,1.000000,-0.050000,0.000000,0.000000,0.470000,1.000000,8.000000,90.230000
1789079011.368963,0,0.000000,0.000000,1.000000,0.050000,0.000000,0.000000,0.470000,1.000000,8.000000,90.230000
1789079011.369479,0,0.000000,0.000000,1.000000,-0.100000,0.000000,0.000000,0.180000,0.000000,8.000000,90.250000
1789079011.391907,0,0.000000,0.000000,1.000000,0.100000,0.000000,0.000000,0.340000,1.000000,8.000000,90.260000
1789079011.392408,0,0.000000,0.000000,1.000000,0.010000,0.000000,0.000000,0.340000,1.000000,8.000000,90.260000
1789079011.415246,0,0.000000,0.000000,1.000000,-0.050000,0.000000,0.000000,0.470000,1.000000,8.000000,90.270000
1789079011.415798,0,0.000000,0.000000,1.000000,0.050000,0.000000,0.000000,0.620000,1.000000,8.000000,90.290000
1789079011.416193,0,0.000000,0.000000,1.000000,0.050000,0.000000,0.000000,1.210000,1.000000,8.000000,90.300000
1789079011.439705,0,0.000000,0.000000,1.000000,-0.100000,0.000000,0.000000,0.620000,1.000000,8.000000,90.300000
1789079011.440244,0,0.000000,0.000000,1.000000,0.010000,0.000000,0.000000,0.470000,1.000000,8.000000,90.310000
1789079011.463315,0,0.000000,0.000000,1.000000,-0.100000,0.000000,0.000000,0.620000,1.000000,8.000000,90.330000
1789079011.463819,0,0.000000,0.000000,1.000000,0.010000,0.000000,0.000000,0.910000,1.000000,8.000000,90.330000
1789079011.464438,0,0.000000,0.000000,1.000000,-0.100000,0.000000,0.000000,0.340000,1.000000,8.000000,90.340000
1789079011.487257,0,0.000000,0.000000,1.000000,-0.050000,0.000000,0.000000,0.620000,1.000000,8.000000,90.360000
1789079011.487860,0,0.000000,0.000000,1.000000,0.000000,0.000000,0.000000,0.760000,1.000000,8.000000,90.370000
1789079011.510304,0,0.000000,0.000000,1.000000,0.010000,0.000000,0.000000,1.050000,1.000000,8.000000,90.370000
1789079011.510804,0,0.000000,0.000000,1.000000,0.010000,0.000000,0.000000,0.340000,1.000000,8.000000,90.380000
1789079011.535311,0,0.000000,0.000000,1.000000,-0.050000,0.000000,0.000000,0.470000,1.000000,8.000000,90.400000
1789079011.535813,0,0.000000,0.000000,1.000000,-0.100000,0.000000,0.000000,0.760000,1.000000,8.000000,90.410000
1789079011.536231,0,0.000000,0.000000,1.000000,0.000000,0.000000,0.000000,0.470000,1.000000,8.000000,90.410000
1789079011.560014,0,0.000000,0.000000,1.000000,0.000000,0.000000,0.000000,0.340000,1.000000,8.000000,90.430000
1789079011.583004,0,0.000000,0.000000,1.000000,0.050000,0.000000,0.000000,0.620000,1.000000,8.000000,90.440000
1789079011.583500,0,0.000000,0.000000,1.000000,0.010000,0.000000,0.000000,0.760000,1.000000,8.000000,90.440000
1789079011.583870,0,0.000000,0.000000,1.000000,0.100000,0.000000,0.000000,0.470000,1.000000,8.000000,90.450000
1789079011.584378,0,0.000000,0.000000,1.000000,-0.050000,0.000000,0.000000,0.180000,0.000000,8.000000,90.470000
1789079011.607526,0,0.000000,0.000000,1.000000,0.050000,0.000000,0.000000,0.620000,1.000000,8.000000,90.480000
1789079011.630545,0,0.000000,0.000000,1.000000,0.100000,0.000000,0.000000,0.620000,1.000000,8.000000,90.480000
1789079011.631046,0,0.000000,0.000000,1.000000,0.000000,0.000000,0.000000,0.340000,1.000000,8.000000,90.500000
1789079011.631618,0,0.000000,0.000000,1.000000,0.100000,0.000000,0.000000,0.470000,1.000000,8.000000,90.510000
1789079011.656593,0,0.000000,0.000000,1.000000,0.050000,0.000000,0.000000,0.760000,1.000000,8.000000,90.510000
1789079011.657103,0,0.000000,0.000000,1.000000,0.100000,0.000000,0.000000,0.760000,1.000000,8.000000,90.520000
1789079011.680007,0,0.000000,0.000000,1.000000,0.050000,0.000000,0.000000,0.620000,1.000000,8.000000,90.540000
1789079011.680506,0,0.000000,0.000000,1.000000,0.000000,0.000000,0.000000,0.910000,1.000000,8.000000,90.550000
1789079011.705739,0,0.000000,0.000000,1.000000,0.000000,0.000000,0.000000,0.470000,1.000000,8.000000,90.550000
1789079011.706245,0,0.000000,0.000000,1.000000,0.050000,0.000000,0.000000,0.620000,1.000000,8.000000,90.580000
1789079011.706885,0,0.000000,0.000000,1.000000,-0.050000,0.000000,0.000000,0.620000,1.000000,8.000000,90.580000
1789079011.730071,0,0.000000,0.000000,1.000000,-0.270000,0.000000,0.000000,0.470000,1.000000,8.000000,90.590000
1789079011.753373,0,0.000000,0.000000,1.000000,-0.050000,0.000000,0.000000,0.340000,1.000000,8.000000,90.610000
1789079011.753920,0,0.000000,0.000000,1.000000,0.010000,0.000000,0.000000,0.470000,1.000000,8.000000,90.620000
1789079011.754459,0,0.000000,0.000000,1.000000,0.100000,0.000000,0.000000,1.050000,1.000000,8.000000,90.620000
1789079011.777114,0,0.000000,0.000000,1.000000,0.000000,0.000000,0.000000,0.470000,1.000000,8.000000,90.630000
1789079011.777615,0,0.000000,0.000000,1.000000,-0.050000,0.000000,0.000000,0.620000,1.000000,8.000000,90.650000
1789079011.778034,0,0.000000,0.000000,1.000000,0.100000,0.000000,0.000000,0.620000,1.000000,8.000000,90.660000
1789079011.800779,0,0.000000,0.000000,1.000000,0.000000,0.000000,0.000000,0.470000,1.000000,8.000000,90.660000
1789079011.801285,0,0.000000,0.000000,1.000000,-0.050000,0.000000,0.000000,0.910000,1.000000,8.000000,90.680000
1789079011.823763,0,0.000000,0.000000,1.000000,0.100000,0.000000,0.000000,0.620000,1.000000,8.000000,90.690000
1789079011.824243,0,0.000000,0.000000,1.000000,-0.100000,0.000000,0.000000,0.470000,1.000000,8.000000,90.690000
1789079011.847220,0,0.000000,0.000000,1.000000,-0.100000,0.000000,0.000000,0.470000,1.000000,8.000000,90.700000
1789079011.847731,0,0.000000,0.000000,1.000000,0.000000,0.000000,0.000000,0.340000,1.000000,8.000000,90.720000
1789079011.870987,0,0.000000,0.000000,1.000000,0.100000,0.000000,0.000000,0.620000,1.000000,8.000000,90.730000
1789079011.871468,0,0.000000,0.000000,1.000000,0.010000,0.000000,0.000000,0.470000,1.000000,8.000000,90.730000
1789079011.871890,0,0.000000,0.000000,1.000000,0.010000,0.000000,0.000000,0.620000,1.000000,8.000000,90.760000
1789079011.895020,0,0.000000,0.000000,1.000000,0.000000,0.000000,0.000000,0.910000,1.000000,8.000000,90.760000
1789079011.895524,0,0.000000,0.000000,1.000000,0.050000,0.000000,0.000000,0.180000,0.000000,8.000000,90.770000
1789079011.918205,0,0.000000,0.000000,1.000000,0.000000,0.000000,0.000000,0.620000,1.000000,8.000000,90.770000
1789079011.918926,0,0.000000,0.000000,1.000000,0.100000,0.000000,0.000000,0.760000,1.000000,8.000000,90.790000
1789079011.942168,0,0.000000,0.000000,1.000000,0.010000,0.000000,0.000000,0.760000,1.000000,8.000000,90.800000
1789079011.942682,0,0.000000,0.000000,1.000000,0.100000,0.000000,0.000000,0.910000,1.000000,8.000000,90.810000
1789079011.965987,0,0.000000,0.000000,1.000000,-0.050000,0.000000,0.000000,0.340000,1.000000,8.000000,90.830000
1789079011.966792,0,0.000000,0.000000,1.000000,0.100000,0.000000,0.000000,0.910000,1.000000,8.000000,90.830000
1789079011.967412,0,0.000000,0.000000,1.000000,-0.050000,0.000000,0.000000,0.620000,1.000000,8.000000,90.840000
1789079011.967978,0,0.000000,0.000000,1.000000,0.010000,0.000000,0.000000,0.340000,1.000000,8.000000,90.860000
1789079011.992275,0,0.000000,0.000000,1.000000,0.280000,0.000000,0.000000,0.470000,1.000000,8.000000,90.870000
1789079011.992867,0,0.000000,0.000000,1.000000,-0.100000,0.000000,0.000000,0.470000,1.000000,8.000000,90.870000
1789079012.015687,0,0.000000,0.000000,1.000000,0.050000,0.000000,0.000000,0.620000,1.000000,8.000000,90.880000
1789079012.016205,0,0.000000,0.000000,1.000000,0.010000,0.000000,0.000000,0.470000,1.000000,8.000000,90.900000
1789079012.038820,0,0.000000,0.000000,1.000000,-0.050000,0.000000,0.000000,0.620000,1.000000,8.000000,90.910000
1789079012.039322,0,0.000000,0.000000,1.000000,0.050000,0.000000,0.000000,0.760000,1.000000,8.000000,90.910000
1789079012.061420,0,0.000000,0.000000,1.000000,0.010000,0.000000,0.000000,0.910000,1.000000,8.000000,90.930000
1789079012.061919,0,0.000000,0.000000,1.000000,0.000000,0.000000,0.000000,0.470000,1.000000,8.000000,90.930000
1789079012.084453,0,0.000000,0.000000,1.000000,0.050000,0.000000,0.000000,0.340000,1.000000,8.000000,90.940000
1789079012.084959,0,0.000000,0.000000,1.000000,0.100000,0.000000,0.000000,0.470000,1.000000,8.000000,90.950000
1789079012.107047,0,0.000000,0.000000,1.000000,0.000000,0.000000,0.000000,0.620000,1.000000,8.000000,90.970000
1789079012.107553,0,0.000000,0.000000,1.000000,0.050000,0.000000,0.000000,0.470000,1.000000,8.000000,90.980000
1789079012.108006,0,0.000000,0.000000,1.000000,-0.100000,0.000000,0.000000,0.340000,1.000000,8.000000,90.980000
1789079012.130909,0,0.000000,0.000000,1.000000,0.050000,0.000000,0.000000,0.340000,1.000000,8.000000,91.000000
1789079012.131410,0,0.000000,0.000000,1.000000,0.010000,0.000000,0.000000,0.340000,1.000000,8.000000,91.010000
1789079012.132045,0,0.000000,0.000000,1.000000,-0.050000,0.000000,0.000000,0.620000,1.000000,8.000000,91.010000
1789079012.154609,0,0.000000,0.000000,1.000000,0.010000,0.000000,0.000000,0.620000,1.000000,8.000000,91.020000
1789079012.177114,0,0.000000,0.000000,1.000000,0.000000,0.000000,0.000000,0.470000,1.000000,8.000000,91.040000
1789079012.177660,0,0.000000,0.000000,1.000000,-0.140000,0.000000,0.000000,0.340000,1.000000,8.000000,91.050000
1789079012.178105,0,0.000000,0.000000,1.000000,0.100000,0.000000,0.000000,0.910000,1.000000,8.000000,91.050000
1789079012.200791,0,0.000000,0.000000,1.000000,0.000000,0.000000,0.000000,0.470000,1.000000,8.000000,91.060000
1789079012.201299,0,0.000000,0.000000,1.000000,-0.050000,0.000000,0.000000,0.620000,1.000000,8.000000,91.080000
1789079012.223503,0,0.000000,0.000000,1.000000,0.150000,0.000000,0.000000,0.760000,1.000000,8.000000,91.080000
1789079012.224004,0,0.000000,0.000000,1.000000,0.150000,0.000000,0.000000,0.760000,1.000000,8.000000,91.090000
1789079012.246665,0,0.000000,0.000000,1.000000,0.150000,0.000000,0.000000,0.760000,1.000000,8.000000,91.110000
1789079012.247159,0,0.000000,0.000000,1.000000,0.050000,0.000000,0.000000,0.760000,1.000000,8.000000,91.120000
1789079012.269803,0,0.000000,0.000000,1.000000,0.010000,0.000000,0.000000,0.340000,1.000000,8.000000,91.120000
1789079012.270306,0,0.000000,0.000000,1.000000,-0.050000,0.000000,0.000000,0.340000,1.000000,8.000000,91.130000
1789079012.270783,0,0.000000,0.000000,1.000000,0.100000,0.000000,0.000000,0.620000,1.000000,8.000000,91.150000
1789079012.293951,0,0.000000,0.000000,1.000000,0.000000,0.000000,0.000000,0.910000,1.000000,8.000000,91.160000
1789079012.294453,0,0.000000,0.000000,1.000000,0.050000,0.000000,0.000000,0.760000,1.000000,8.000000,91.160000
1789079012.318190,0,0.000000,0.000000,1.000000,0.050000,0.000000,0.000000,0.620000,1.000000,8.000000,91.180000
1789079012.318694,0,0.000000,0.000000,1.000000,-0.100000,0.000000,0.000000,0.470000,1.000000,8.000000,91.190000
1789079012.340453,0,0.000000,0.000000,1.000000,0.050000,0.000000,0.000000,0.620000,1.000000,8.000000,91.190000
1789079012.341037,0,0.000000,0.000000,1.000000,0.150000,0.000000,0.000000,0.620000,1.000000,8.000000,91.200000
1789079012.341946,0,0.000000,0.000000,1.000000,0.100000,0.000000,0.000000,0.620000,1.000000,8.000000,91.220000
1789079012.364617,0,0.000000,0.000000,1.000000,0.050000,0.000000,0.000000,0.470000,1.000000,8.000000,91.230000
1789079012.365330,0,0.000000,0.000000,1.000000,0.050000,0.000000,0.000000,0.470000,1.000000,8.000000,91.230000
1789079012.387462,0,0.000000,0.000000,1.000000,0.100000,0.000000,0.000000,0.620000,1.000000,8.000000,91.260000
1789079012.388087,0,0.000000,0.000000,1.000000,-0.100000,0.000000,0.000000,0.470000,1.000000,8.000000,91.260000
1789079012.388487,0,0.000000,0.000000,1.000000,0.050000,0.000000,0.000000,1.050000,1.000000,8.000000,91.270000
1789079012.410288,0,0.000000,0.000000,1.000000,-0.050000,0.000000,0.000000,0.340000,1.000000,8.000000,91.290000
1789079012.410784,0,0.000000,0.000000,1.000000,-0.140000,0.000000,0.000000,0.470000,1.000000,8.000000,91.300000
1789079012.432949,0,0.000000,0.000000,1.000000,0.000000,0.000000,0.000000,0.620000,1.000000,8.000000,91.300000
1789079012.433439,0,0.000000,0.000000,1.000000,0.050000,0.000000,0.000000,0.620000,1.000000,8.000000,91.300000
1789079012.455685,0,0.000000,0.000000,1.000000,-0.050000,0.000000,0.000000,0.340000,1.000000,8.000000,91.310000
1789079012.456184,0,0.000000,0.000000,1.000000,-0.050000,0.000000,0.000000,0.470000,1.000000,8.000000,91.330000
1789079012.478513,0,0.000000,0.000000,1.000000,0.010000,0.000000,0.000000,0.470000,1.000000,8.000000,91.330000
1789079012.479014,0,0.000000,0.000000,1.000000,0.100000,0.000000,0.000000,0.340000,1.000000,8.000000,91.360000
1789079012.501835,0,0.000000,0.000000,1.000000,0.010000,0.000000,0.000000,0.760000,1.000000,8.000000,91.370000
1789079012.502339,0,0.000000,0.000000,1.000000,0.050000,0.000000,0.000000,0.910000,1.000000,8.000000,91.370000
1789079012.502762,0,0.000000,0.000000,1.000000,-0.050000,0.000000,0.000000,0.470000,1.000000,8.000000,91.380000
1789079012.525991,0,0.000000,0.000000,1.000000,0.050000,0.000000,0.000000,0.910000,1.000000,8.000000,91.400000
1789079012.526486,0,0.000000,0.000000,1.000000,0.100000,0.000000,0.000000,0.620000,1.000000,8.000000,91.410000
1789079012.549119,0,0.000000,0.000000,1.000000,-0.050000,0.000000,0.000000,0.340000,1.000000,8.000000,91.410000
1789079012.549641,0,0.000000,0.000000,1.000000,0.100000,0.000000,0.000000,0.340000,1.000000,8.000000,91.430000
1789079012.572709,0,0.000000,0.000000,1.000000,0.010000,0.000000,0.000000,0.620000,1.000000,8.000000,91.440000
1789079012.573233,0,0.000000,0.000000,1.000000,0.050000,0.000000,0.000000,0.470000,1.000000,8.000000,91.440000
1789079012.595933,0,0.000000,0.000000,1.000000,-0.140000,0.000000,0.000000,0.620000,1.000000,8.000000,91.450000
1789079012.596540,0,0.000000,0.000000,1.000000,0.000000,0.000000,0.000000,0.470000,1.000000,8.000000,91.470000
1789079012.597093,0,0.000000,0.000000,1.000000,0.050000,0.000000,0.000000,0.910000,1.000000,8.000000,91.480000
1789079012.619935,0,0.000000,0.000000,1.000000,0.050000,0.000000,0.000000,0.340000,1.000000,8.000000,91.480000
1789079012.620692,0,0.000000,0.000000,1.000000,0.010000,0.000000,0.000000,0.470000,1.000000,8.000000,91.500000
1789079012.643486,0,0.000000,0.000000,1.000000,0.010000,0.000000,0.000000,0.340000,1.000000,8.000000,91.510000
1789079012.643986,0,0.000000,0.000000,1.000000,0.010000,0.000000,0.000000,0.620000,1.000000,8.000000,91.510000
1789079012.644384,0,0.000000,0.000000,1.000000,0.100000,0.000000,0.000000,0.760000,1.000000,8.000000,91.520000
1789079012.667947,0,0.000000,0.000000,1.000000,0.000000,0.000000,0.000000,0.620000,1.000000,8.000000,91.540000
1789079012.668425,0,0.000000,0.000000,1.000000,-0.050000,0.000000,0.000000,0.760000,1.000000,8.000000,91.550000
1789079012.691579,0,0.000000,0.000000,1.000000,-0.050000,0.000000,0.000000,0.470000,1.000000,8.000000,91.550000
1789079012.692081,0,0.000000,0.000000,1.000000,-0.180000,0.000000,0.000000,0.470000,1.000000,8.000000,91.560000
1789079012.692517,0,0.000000,0.000000,1.000000,0.100000,0.000000,0.000000,0.760000,1.000000,8.000000,91.580000
1789079012.716143,0,0.000000,0.000000,1.000000,-0.140000,0.000000,0.000000,0.470000,1.000000,8.000000,91.580000
1789079012.716711,0,0.000000,0.000000,1.000000,0.100000,0.000000,0.000000,1.050000,1.000000,8.000000,91.590000
1789079012.717328,0,0.000000,0.000000,1.000000,0.050000,0.000000,0.000000,0.340000,1.000000,8.000000,91.610000
1789079012.739881,0,0.000000,0.000000,1.000000,-0.050000,0.000000,0.000000,1.050000,1.000000,8.000000,91.620000
1789079012.740463,0,0.000000,0.000000,1.000000,0.010000,0.000000,0.000000,0.470000,1.000000,8.000000,91.620000
1789079012.763694,0,0.000000,0.000000,1.000000,0.100000,0.000000,0.000000,0.620000,1.000000,8.000000,91.630000
1789079012.764189,0,0.000000,0.000000,1.000000,0.010000,0.000000,0.000000,0.470000,1.000000,8.000000,91.650000
1789079012.788353,0,0.000000,0.000000,1.000000,0.010000,0.000000,0.000000,0.760000,1.000000,8.000000,91.660000
1789079012.788861,0,0.000000,0.000000,1.000000,0.000000,0.000000,0.000000,0.340000,1.000000,8.000000,91.660000
1789079012.812258,0,0.000000,0.000000,1.000000,0.000000,0.000000,0.000000,0.620000,1.000000,8.000000,91.680000
1789079012.837362,0,0.000000,0.000000,1.000000,0.010000,0.000000,0.000000,0.340000,1.000000,8.000000,91.690000
1789079012.837914,0,0.000000,0.000000,1.000000,-0.050000,0.000000,0.000000,0.620000,1.000000,8.000000,91.690000
1789079012.838327,0,0.000000,0.000000,1.000000,0.050000,0.000000,0.000000,1.210000,1.000000,8.000000,91.700000
1789079012.838908,0,0.000000,0.000000,1.000000,0.000000,0.000000,0.000000,0.470000,1.000000,8.000000,91.720000
1789079012.862865,0,0.000000,0.000000,1.000000,0.150000,0.000000,0.000000,0.340000,1.000000,8.000000,91.730000
1789079012.863356,0,0.000000,0.000000,1.000000,0.000000,0.000000,0.000000,0.620000,1.000000,8.000000,91.730000
1789079012.863753,0,0.000000,0.000000,1.000000,0.000000,0.000000,0.000000,0.470000,1.000000,8.000000,91.750000
1789079012.887720,0,0.000000,0.000000,1.000000,-0.100000,0.000000,0.000000,0.340000,1.000000,8.000000,91.760000
1789079012.888304,0,0.000000,0.000000,1.000000,0.010000,0.000000,0.000000,0.620000,1.000000,8.000000,91.760000
1789079012.912736,0,0.000000,0.000000,1.000000,0.150000,0.000000,0.000000,0.910000,1.000000,8.000000,91.770000
1789079012.913201,0,0.000000,0.000000,1.000000,0.010000,0.000000,0.000000,0.470000,1.000000,8.000000,91.790000
1789079012.913975,0,0.000000,0.000000,1.000000,0.050000,0.000000,0.000000,0.620000,1.000000,8.000000,91.800000
1789079012.938297,0,0.000000,0.000000,1.000000,-0.050000,0.000000,0.000000,0.340000,1.000000,8.000000,91.800000
1789079012.938982,0,0.000000,0.000000,1.000000,-0.050000,0.000000,0.000000,0.470000,1.000000,8.000000,91.810000
1789079012.962767,0,0.000000,0.000000,1.000000,0.010000,0.000000,0.000000,0.910000,1.000000,8.000000,91.810000
1789079012.963263,0,0.000000,0.000000,1.000000,-0.100000,0.000000,0.000000,0.620000,1.000000,8.000000,91.830000
1789079012.963675,0,0.000000,0.000000,1.000000,0.050000,0.000000,0.000000,0.470000,1.000000,8.000000,91.830000
1789079012.987762,0,0.000000,0.000000,1.000000,0.100000,0.000000,0.000000,1.210000,1.000000,8.000000,91.840000
1789079012.988284,0,0.000000,0.000000,1.000000,0.000000,0.000000,0.000000,0.340000,1.000000,8.000000,91.860000
1789079012.988784,0,0.000000,0.000000,1.000000,0.000000,0.000000,0.000000,0.910000,1.000000,8.000000,91.870000
1789079013.012889,0,0.000000,0.000000,1.000000,0.180000,0.000000,0.000000,0.470000,1.000000,8.000000,91.870000
1789079013.013379,0,0.000000,0.000000,1.000000,-0.140000,0.000000,0.000000,0.470000,1.000000,8.000000,91.880000
1789079013.037329,0,0.000000,0.000000,1.000000,0.010000,0.000000,0.000000,0.340000,1.000000,8.000000,91.900000
1789079013.037835,0,0.000000,0.000000,1.000000,-0.050000,0.000000,0.000000,0.340000,1.000000,8.000000,91.910000
1789079013.061242,0,0.000000,0.000000,1.000000,0.000000,0.000000,0.000000,0.760000,1.000000,8.000000,91.910000
1789079013.062027,0,0.000000,0.000000,1.000000,0.050000,0.000000,0.000000,0.910000,1.000000,8.000000,91.930000
1789079013.085650,0,0.000000,0.000000,1.000000,0.050000,0.000000,0.000000,0.470000,1.000000,8.000000,91.940000
1789079013.086177,0,0.000000,0.000000,1.000000,0.100000,0.000000,0.000000,0.470000,1.000000,8.000000,91.940000
1789079013.086585,0,0.000000,0.000000,1.000000,0.100000,0.000000,0.000000,0.760000,1.000000,8.000000,91.950000
1789079013.110398,0,0.000000,0.000000,1.000000,-0.140000,0.000000,0.000000,0.760000,1.000000,8.000000,91.970000
1789079013.110905,0,0.000000,0.000000,1.000000,0.230000,0.000000,0.000000,1.050000,1.000000,8.000000,91.980000
1789079013.134749,0,0.000000,0.000000,1.000000,0.100000,0.000000,0.000000,0.760000,1.000000,8.000000,92.000000
1789079013.135296,0,0.000000,0.000000,1.000000,0.100000,0.000000,0.000000,0.760000,1.000000,8.000000,92.010000
1789079013.135718,0,0.000000,0.000000,1.000000,0.000000,0.000000,0.000000,0.340000,1.000000,8.000000,92.010000
1789079013.158789,0,0.000000,0.000000,1.000000,0.050000,0.000000,0.000000,0.760000,1.000000,8.000000,92.020000
1789079013.159292,0,0.000000,0.000000,1.000000,0.050000,0.000000,0.000000,0.340000,1.000000,8.000000,92.040000
1789079013.159993,0,0.000000,0.000000,1.000000,-0.050000,0.000000,0.000000,0.340000,1.000000,8.000000,92.050000
1789079013.184049,0,0.000000,0.000000,1.000000,0.000000,0.000000,0.000000,0.470000,1.000000,8.000000,92.050000
1789079013.184559,0,0.000000,0.000000,1.000000,0.000000,0.000000,0.000000,0.340000,1.000000,8.000000,92.060000
1789079013.208937,0,0.000000,0.000000,1.000000,-0.050000,0.000000,0.000000,1.210000,1.000000,8.000000,92.080000
1789079013.209440,0,0.000000,0.000000,1.000000,0.010000,0.000000,0.000000,0.620000,1.000000,8.000000,92.080000
1789079013.232870,0,0.000000,0.000000,1.000000,0.100000,0.000000,0.000000,0.340000,1.000000,8.000000,92.090000
1789079013.233356,0,0.000000,0.000000,1.000000,0.010000,0.000000,0.000000,0.470000,1.000000,8.000000,92.110000
1789079013.257086,0,0.000000,0.000000,1.000000,-0.100000,0.000000,0.000000,0.470000,1.000000,8.000000,92.110000
1789079013.257633,0,0.000000,0.000000,1.000000,0.010000,0.000000,0.000000,0.470000,1.000000,8.000000,92.120000
1789079013.258355,0,0.000000,0.000000,1.000000,0.010000,0.000000,0.000000,0.760000,1.000000,8.000000,92.130000
1789079013.281579,0,0.000000,0.000000,1.000000,0.150000,0.000000,0.000000,0.910000,1.000000,8.000000,92.150000
1789079013.282112,0,0.000000,0.000000,1.000000,-0.100000,0.000000,0.000000,0.760000,1.000000,8.000000,92.160000
1789079013.306822,0,0.000000,0.000000,1.000000,0.010000,0.000000,0.000000,0.470000,1.000000,8.000000,92.160000
1789079013.329958,0,0.000000,0.000000,1.000000,0.000000,0.000000,0.000000,0.470000,1.000000,8.000000,92.180000
1789079013.330454,0,0.000000,0.000000,1.000000,-0.100000,0.000000,0.000000,0.760000,1.000000,8.000000,92.190000
1789079013.330851,0,0.000000,0.000000,1.000000,0.000000,0.000000,0.000000,0.760000,1.000000,8.000000,92.190000
1789079013.331302,0,0.000000,0.000000,1.000000,0.050000,0.000000,0.000000,0.050000,0.000000,8.000000,92.200000
1789079013.355350,0,0.000000,0.000000,1.000000,-0.690000,0.000000,0.000000,0.620000,1.000000,8.000000,92.220000
1789079013.355855,0,0.000000,0.000000,1.000000,0.000000,0.000000,0.000000,0.470000,1.000000,8.000000,92.230000
1789079013.356376,0,0.000000,0.000000,1.000000,0.000000,0.000000,0.000000,0.470000,1.000000,8.000000,92.230000
1789079013.379900,0,0.000000,0.000000,1.000000,-0.180000,0.000000,0.000000,0.620000,1.000000,8.000000,92.250000
1789079013.380397,0,0.000000,0.000000,1.000000,0.050000,0.000000,0.000000,0.760000,1.000000,8.000000,92.260000
1789079013.404630,0,0.000000,0.000000,1.000000,0.010000,0.000000,0.000000,0.470000,1.000000,8.000000,92.260000
1789079013.405138,0,0.000000,0.000000,1.000000,0.050000,0.000000,0.000000,0.470000,1.000000,8.000000,92.270000
1789079013.428388,0,0.000000,0.000000,1.000000,0.000000,0.000000,0.000000,0.470000,1.000000,8.000000,92.290000
1789079013.429055,0,0.000000,0.000000,1.000000,0.050000,0.000000,0.000000,0.910000,1.000000,8.000000,92.300000
1789079013.429621,0,0.000000,0.000000,1.000000,-0.100000,0.000000,0.000000,0.620000,1.000000,8.000000,92.300000
1789079013.430294,0,0.000000,0.000000,1.000000,0.050000,0.000000,0.000000,0.620000,1.000000,8.000000,92.310000
1789079013.454077,0,0.000000,0.000000,1.000000,0.010000,0.000000,0.000000,0.620000,1.000000,8.000000,92.330000
1789079013.454584,0,0.000000,0.000000,1.000000,0.010000,0.000000,0.000000,0.470000,1.000000,8.000000,92.330000
1789079013.478223,0,0.000000,0.000000,1.000000,-0.050000,0.000000,0.000000,0.620000,1.000000,8.000000,92.340000
1789079013.478721,0,0.000000,0.000000,1.000000,0.150000,0.000000,0.000000,0.470000,1.000000,8.000000,92.360000
1789079013.479137,0,0.000000,0.000000,1.000000,-0.100000,0.000000,0.000000,0.470000,1.000000,8.000000,92.370000
1789079013.504762,0,0.000000,0.000000,1.000000,0.000000,0.000000,0.000000,0.470000,1.000000,8.000000,92.370000
1789079013.528654,0,0.000000,0.000000,1.000000,0.050000,0.000000,0.000000,0.910000,1.000000,8.000000,92.380000
1789079013.529240,0,0.000000,0.000000,1.000000,-0.050000,0.000000,0.000000,0.470000,1.000000,8.000000,92.400000
1789079013.529806,0,0.000000,0.000000,1.000000,0.050000,0.000000,0.000000,0.340000,1.000000,8.000000,92.410000
1789079013.553849,0,0.000000,0.000000,1.000000,0.100000,0.000000,0.000000,0.620000,1.000000,8.000000,92.410000
1789079013.554349,0,0.000000,0.000000,1.000000,0.000000,0.000000,0.000000,0.470000,1.000000,8.000000,92.430000
1789079013.578710,0,0.000000,0.000000,1.000000,0.000000,0.000000,0.000000,0.620000,1.000000,8.000000,92.440000
1789079013.579271,0,0.000000,0.000000,1.000000,0.150000,0.000000,0.000000,0.470000,1.000000,8.000000,92.440000
1789079013.603142,0,0.000000,0.000000,1.000000,0.050000,0.000000,0.000000,0.470000,1.000000,8.000000,92.450000
1789079013.603656,0,0.000000,0.000000,1.000000,0.050000,0.000000,0.000000,0.340000,1.000000,8.000000,92.470000
1789079013.604140,0,0.000000,0.000000,1.000000,0.050000,0.000000,0.000000,0.760000,1.000000,8.000000,92.480000
1789079013.628340,0,0.000000,0.000000,1.000000,-0.050000,0.000000,0.000000,0.470000,1.000000,8.000000,92.480000
1789079013.628902,0,0.000000,0.000000,1.000000,-0.050000,0.000000,0.000000,0.620000,1.000000,8.000000,92.500000
1789079013.652795,0,0.000000,0.000000,1.000000,0.150000,0.000000,0.000000,0.470000,1.000000,8.000000,92.510000
1789079013.653281,0,0.000000,0.000000,1.000000,0.000000,0.000000,0.000000,0.620000,1.000000,8.000000,92.520000
1789079013.677224,0,0.000000,0.000000,1.000000,0.010000,0.000000,0.000000,0.760000,1.000000,8.000000,92.540000
1789079013.677735,0,0.000000,0.000000,1.000000,0.010000,0.000000,0.000000,0.760000,1.000000,8.000000,92.550000
1789079013.678233,0,0.000000,0.000000,1.000000,0.100000,0.000000,0.000000,0.760000,1.000000,8.000000,92.550000
1789079013.703145,0,0.000000,0.000000,1.000000,0.000000,0.000000,0.000000,0.620000,1.000000,8.000000,92.560000
1789079013.703635,0,0.000000,0.000000,1.000000,-0.050000,0.000000,0.000000,0.470000,1.000000,8.000000,92.580000
1789079013.728413,0,0.000000,0.000000,1.000000,0.010000,0.000000,0.000000,0.470000,1.000000,8.000000,92.580000
1789079013.729029,0,0.000000,0.000000,1.000000,0.050000,0.000000,0.000000,0.340000,1.000000,8.000000,92.590000
1789079013.753638,0,0.000000,0.000000,1.000000,0.050000,0.000000,0.000000,0.760000,1.000000,8.000000,92.610000
1789079013.754170,0,0.000000,0.000000,1.000000,0.180000,0.000000,0.000000,0.620000,1.000000,8.000000,92.620000
1789079013.754574,0,0.000000,0.000000,1.000000,0.150000,0.000000,0.000000,0.910000,1.000000,8.000000,92.620000
1789079013.755029,0,0.000000,0.000000,1.000000,0.010000,0.000000,0.000000,0.470000,1.000000,8.000000,92.630000
1789079013.780638,0,0.000000,0.000000,1.000000,0.100000,0.000000,0.000000,0.620000,1.000000,8.000000,92.650000
1789079013.781178,0,0.000000,0.000000,1.000000,-0.100000,0.000000,0.000000,0.340000,1.000000,8.000000,92.660000
1789079013.806744,0,0.000000,0.000000,1.000000,-0.050000,0.000000,0.000000,0.340000,1.000000,8.000000,92.660000
1789079013.807285,0,0.000000,0.000000,1.000000,0.010000,0.000000,0.000000,0.340000,1.000000,8.000000,92.680000
1789079013.807862,0,0.000000,0.000000,1.000000,0.000000,0.000000,0.000000,0.470000,1.000000,8.000000,92.690000
1789079013.832153,0,0.000000,0.000000,1.000000,0.000000,0.000000,0.000000,0.470000,1.000000,8.000000,92.690000
1789079013.832681,0,0.000000,0.000000,1.000000,0.050000,0.000000,0.000000,0.470000,1.000000,8.000000,92.700000
1789079013.857851,0,0.000000,0.000000,1.000000,0.010000,0.000000,0.000000,0.180000,0.000000,8.000000,92.720000
1789079013.858495,0,0.000000,0.000000,1.000000,0.000000,0.000000,0.000000,0.470000,1.000000,8.000000,92.730000
1789079013.859130,0,0.000000,0.000000,1.000000,0.000000,0.000000,0.000000,0.470000,1.000000,8.000000,92.730000
1789079013.885124,0,0.000000,0.000000,1.000000,0.050000,0.000000,0.000000,0.470000,1.000000,8.000000,92.750000
1789079013.885681,0,0.000000,0.000000,1.000000,0.050000,0.000000,0.000000,0.760000,1.000000,8.000000,92.760000
1789079013.911376,0,0.000000,0.000000,1.000000,-0.050000,0.000000,0.000000,0.620000,1.000000,8.000000,92.760000
1789079013.911983,0,0.000000,0.000000,1.000000,0.010000,0.000000,0.000000,0.340000,1.000000,8.000000,92.770000
1789079013.912398,0,0.000000,0.000000,1.000000,0.050000,0.000000,0.000000,0.760000,1.000000,8.000000,92.790000
1789079013.935623,0,0.000000,0.000000,1.000000,0.010000,0.000000,0.000000,0.470000,1.000000,8.000000,92.800000
1789079013.936125,0,0.000000,0.000000,1.000000,-0.050000,0.000000,0.000000,0.340000,1.000000,8.000000,92.800000
1789079013.936523,0,0.000000,0.000000,1.000000,-0.050000,0.000000,0.000000,0.760000,1.000000,8.000000,92.810000
1789079013.960490,0,0.000000,0.000000,1.000000,0.000000,0.000000,0.000000,0.340000,1.000000,8.000000,92.830000
1789079013.984776,0,0.000000,0.000000,1.000000,0.000000,0.000000,0.000000,0.180000,0.000000,8.000000,92.830000
1789079013.985279,0,0.000000,0.000000,1.000000,-0.100000,0.000000,0.000000,0.340000,1.000000,8.000000,92.840000
1789079013.985676,0,0.000000,0.000000,1.000000,0.050000,0.000000,0.000000,0.620000,1.000000,8.000000,92.860000
1789079013.986316,0,0.000000,0.000000,1.000000,-0.050000,0.000000,0.000000,0.470000,1.000000,8.000000,92.870000
1789079014.009077,0,0.000000,0.000000,1.000000,0.010000,0.000000,0.000000,0.620000,1.000000,8.000000,92.870000
1789079014.009575,0,0.000000,0.000000,1.000000,0.010000,0.000000,0.000000,0.340000,1.000000,8.000000,92.880000
1789079014.009978,0,0.000000,0.000000,1.000000,0.000000,0.000000,0.000000,0.340000,1.000000,8.000000,92.900000
1789079014.033171,0,0.000000,0.000000,1.000000,-0.050000,0.000000,0.000000,0.340000,1.000000,8.000000,92.910000
1789079014.033680,0,0.000000,0.000000,1.000000,0.100000,0.000000,0.000000,0.620000,1.000000,8.000000,92.910000
1789079014.058166,0,0.000000,0.000000,1.000000,0.100000,0.000000,0.000000,0.470000,1.000000,8.000000,92.930000
1789079014.082169,0,0.000000,0.000000,1.000000,0.000000,0.000000,0.000000,0.760000,1.000000,8.000000,92.940000
1789079014.082673,0,0.000000,0.000000,1.000000,0.000000,0.000000,0.000000,0.620000,1.000000,8.000000,92.940000
1789079014.083149,0,0.000000,0.000000,1.000000,-0.050000,0.000000,0.000000,0.620000,1.000000,8.000000,92.950000
1789079014.083860,0,0.000000,0.000000,1.000000,-0.050000,0.000000,0.000000,0.620000,1.000000,8.000000,92.970000
1789079014.107003,0,0.000000,0.000000,1.000000,0.050000,0.000000,0.000000,0.470000,1.000000,8.000000,92.980000
1789079014.130795,0,0.000000,0.000000,1.000000,-0.100000,0.000000,0.000000,0.620000,1.000000,8.000000,92.980000
1789079014.154977,0,0.000000,0.000000,1.000000,0.000000,0.000000,0.000000,0.620000,1.000000,8.000000,93.000000
1789079014.155482,0,0.000000,0.000000,1.000000,-0.180000,0.000000,0.000000,0.620000,1.000000,8.000000,93.010000
1789079014.155900,0,0.000000,0.000000,1.000000,0.050000,0.000000,0.000000,0.760000,1.000000,8.000000,93.010000
1789079014.156519,0,0.000000,0.000000,1.000000,0.050000,0.000000,0.000000,0.910000,1.000000,8.000000,93.020000
1789079014.180668,0,0.000000,0.000000,1.000000,0.010000,0.000000,0.000000,1.360000,1.000000,8.000000,93.040000
1789079014.181163,0,0.000000,0.000000,1.000000,0.000000,0.000000,0.000000,0.470000,1.000000,8.000000,93.050000
1789079014.181703,0,0.000000,0.000000,1.000000,0.000000,0.000000,0.000000,0.470000,1.000000,8.000000,93.050000
1789079014.207499,0,0.000000,0.000000,1.000000,-0.100000,0.000000,0.000000,0.470000,1.000000,8.000000,93.060000
1789079014.208005,0,0.000000,0.000000,1.000000,0.010000,0.000000,0.000000,0.470000,1.000000,8.000000,93.080000
1789079014.231842,0,0.000000,0.000000,1.000000,0.180000,0.000000,0.000000,0.620000,1.000000,8.000000,93.080000
1789079014.232637,0,0.000000,0.000000,1.000000,0.050000,0.000000,0.000000,0.340000,1.000000,8.000000,93.090000
1789079014.233159,0,0.000000,0.000000,1.000000,0.000000,0.000000,0.000000,0.470000,1.000000,8.000000,93.110000
1789079014.233695,0,0.000000,0.000000,1.000000,0.050000,0.000000,0.000000,0.760000,1.000000,8.000000,93.120000
1789079014.257957,0,0.000000,0.000000,1.000000,-0.100000,0.000000,0.000000,0.340000,1.000000,8.000000,93.120000
1789079014.258506,0,0.000000,0.000000,1.000000,0.000000,0.000000,0.000000,0.760000,1.000000,8.000000,93.130000
1789079014.282382,0,0.000000,0.000000,1.000000,-0.230000,0.000000,0.000000,0.470000,1.000000,8.000000,93.150000
1789079014.282892,0,0.000000,0.000000,1.000000,0.010000,0.000000,0.000000,0.620000,1.000000,8.000000,93.160000
1789079014.306230,0,0.000000,0.000000,1.000000,0.100000,0.000000,0.000000,0.340000,1.000000,8.000000,93.160000
1789079014.306728,0,0.000000,0.000000,1.000000,-0.140000,0.000000,0.000000,0.180000,0.000000,8.000000,93.180000
1789079014.307444,0,0.000000,0.000000,1.000000,0.100000,0.000000,0.000000,0.910000,1.000000,8.000000,93.190000
1789079014.331800,0,0.000000,0.000000,1.000000,-0.180000,0.000000,0.000000,0.620000,1.000000,8.000000,93.190000
1789079014.332349,0,0.000000,0.000000,1.000000,-0.620000,0.000000,0.000000,0.470000,1.000000,8.000000,93.200000
1789079014.356053,0,0.000000,0.000000,1.000000,0.000000,0.000000,0.000000,0.340000,1.000000,8.000000,93.220000
1789079014.356553,0,0.000000,0.000000,1.000000,-0.690000,0.000000,0.000000,0.620000,1.000000,8.000000,93.230000
1789079014.356967,0,0.000000,0.000000,1.000000,0.150000,0.000000,0.000000,0.910000,1.000000,8.000000,93.230000
1789079014.400326,0,0.000000,0.000000,1.000000,0.010000,0.000000,0.000000,0.470000,1.000000,8.000000,93.250000
1789079014.400837,0,0.000000,0.000000,1.000000,-0.100000,0.000000,0.000000,0.470000,1.000000,8.000000,93.260000
1789079014.401240,0,0.000000,0.000000,1.000000,0.010000,0.000000,0.000000,0.470000,1.000000,8.000000,93.260000
1789079014.401632,0,0.000000,0.000000,1.000000,0.100000,0.000000,0.000000,0.620000,1.000000,8.000000,93.270000
1789079014.402330,0,0.000000,0.000000,1.000000,0.050000,0.000000,0.000000,0.470000,1.000000,8.000000,93.290000
1789079014.402748,0,0.000000,0.000000,1.000000,-0.140000,0.000000,0.000000,0.340000,1.000000,8.000000,93.300000
1789079014.445506,0,0.000000,0.000000,1.000000,0.000000,0.000000,0.000000,0.620000,1.000000,8.000000,93.300000
1789079014.446188,0,0.000000,0.000000,1.000000,0.050000,0.000000,0.000000,0.910000,1.000000,8.000000,93.310000
1789079014.446774,0,0.000000,0.000000,1.000000,0.050000,0.000000,0.000000,0.760000,1.000000,8.000000,93.330000
1789079014.447170,0,0.000000,0.000000,1.000000,0.010000,0.000000,0.000000,0.760000,1.000000,8.000000,93.340000
1789079014.490522,0,0.000000,0.000000,1.000000,0.010000,0.000000,0.000000,0.470000,1.000000,8.000000,93.360000
1789079014.491029,0,0.000000,0.000000,1.000000,0.010000,0.000000,0.000000,0.620000,1.000000,8.000000,93.370000
1789079014.491571,0,0.000000,0.000000,1.000000,-0.140000,0.000000,0.000000,0.470000,1.000000,8.000000,93.370000
1789079014.492228,0,0.000000,0.000000,1.000000,-0.050000,0.000000,0.000000,0.470000,1.000000,8.000000,93.380000
1789079014.492651,0,0.000000,0.000000,1.000000,0.010000,0.000000,0.000000,0.620000,1.000000,8.000000,93.400000
1789079014.516986,0,0.000000,0.000000,1.000000,0.050000,0.000000,0.000000,0.760000,1.000000,8.000000,93.410000
1789079014.540508,0,0.000000,0.000000,1.000000,0.010000,0.000000,0.000000,0.340000,1.000000,8.000000,93.410000
1789079014.541144,0,0.000000,0.000000,1.000000,0.000000,0.000000,0.000000,0.340000,1.000000,8.000000,93.430000
1789079014.564307,0,0.000000,0.000000,1.000000,-0.100000,0.000000,0.000000,0.340000,1.000000,8.000000,93.440000
1789079014.564892,0,0.000000,0.000000,1.000000,0.050000,0.000000,0.000000,0.620000,1.000000,8.000000,93.440000
1789079014.588791,0,0.000000,0.000000,1.000000,0.050000,0.000000,0.000000,0.470000,1.000000,8.000000,93.450000
1789079014.589303,0,0.000000,0.000000,1.000000,0.000000,0.000000,0.000000,0.180000,0.000000,8.000000,93.470000
1789079014.613189,0,0.000000,0.000000,1.000000,0.050000,0.000000,0.000000,0.180000,0.000000,8.000000,93.470000
1789079014.613706,0,0.000000,0.000000,1.000000,0.050000,0.000000,0.000000,0.470000,1.000000,8.000000,93.480000
1789079014.614412,0,0.000000,0.000000,1.000000,0.050000,0.000000,0.000000,0.620000,1.000000,8.000000,93.480000
1789079014.637840,0,0.000000,0.000000,1.000000,0.100000,0.000000,0.000000,0.620000,1.000000,8.000000,93.500000
1789079014.638324,0,0.000000,0.000000,1.000000,-0.050000,0.000000,0.000000,0.470000,1.000000,8.000000,93.510000
1789079014.661757,0,0.000000,0.000000,1.000000,0.100000,0.000000,0.000000,0.470000,1.000000,8.000000,93.510000
1789079014.662235,0,0.000000,0.000000,1.000000,0.000000,0.000000,0.000000,0.620000,1.000000,8.000000,93.520000
1789079014.662626,0,0.000000,0.000000,1.000000,0.150000,0.000000,0.000000,0.470000,1.000000,8.000000,93.540000
1789079014.686072,0,0.000000,0.000000,1.000000,0.000000,0.000000,0.000000,0.340000,1.000000,8.000000,93.550000
1789079014.686579,0,0.000000,0.000000,1.000000,0.100000,0.000000,0.000000,1.050000,1.000000,8.000000,93.550000
1789079014.710193,0,0.000000,0.000000,1.000000,0.100000,0.000000,0.000000,0.620000,1.000000,8.000000,93.560000
1789079014.710679,0,0.000000,0.000000,1.000000,0.050000,0.000000,0.000000,0.340000,1.000000,8.000000,93.580000
1789079014.734761,0,0.000000,0.000000,1.000000,0.010000,0.000000,0.000000,0.910000,1.000000,8.000000,93.580000
1789079014.735273,0,0.000000,0.000000,1.000000,0.050000,0.000000,0.000000,0.470000,1.000000,8.000000,93.590000
1789079014.736080,0,0.000000,0.000000,1.000000,0.100000,0.000000,0.000000,0.470000,1.000000,8.000000,93.610000
1789079014.758890,0,0.000000,0.000000,1.000000,0.000000,0.000000,0.000000,0.470000,1.000000,8.000000,93.620000
1789079014.759392,0,0.000000,0.000000,1.000000,0.100000,0.000000,0.000000,0.620000,1.000000,8.000000,93.630000
1789079014.783216,0,0.000000,0.000000,1.000000,0.150000,0.000000,0.000000,1.050000,1.000000,8.000000,93.650000
1789079014.783748,0,0.000000,0.000000,1.000000,0.000000,0.000000,0.000000,0.340000,1.000000,8.000000,93.660000
1789079014.807576,0,0.000000,0.000000,1.000000,0.100000,0.000000,0.000000,0.340000,1.000000,8.000000,93.660000
1789079014.808079,0,0.000000,0.000000,1.000000,0.010000,0.000000,0.000000,0.620000,1.000000,8.000000,93.680000
1789079014.808460,0,0.000000,0.000000,1.000000,0.050000,0.000000,0.000000,0.470000,1.000000,8.000000,93.690000
1789079014.832208,0,0.000000,0.000000,1.000000,0.180000,0.000000,0.000000,0.470000,1.000000,8.000000,93.690000
1789079014.832850,0,0.000000,0.000000,1.000000,0.000000,0.000000,0.000000,0.340000,1.000000,8.000000,93.700000
1789079014.833493,0,0.000000,0.000000,1.000000,0.000000,0.000000,0.000000,0.620000,1.000000,8.000000,93.720000
1789079014.856595,0,0.000000,0.000000,1.000000,0.010000,0.000000,0.000000,0.340000,1.000000,8.000000,93.730000
1789079014.857094,0,0.000000,0.000000,1.000000,-0.100000,0.000000,0.000000,0.050000,0.000000,8.000000,93.730000
1789079014.880655,0,0.000000,0.000000,1.000000,0.100000,0.000000,0.000000,0.760000,1.000000,8.000000,93.750000
1789079014.881168,0,0.000000,0.000000,1.000000,0.050000,0.000000,0.000000,0.470000,1.000000,8.000000,93.760000
1789079014.904845,0,0.000000,0.000000,1.000000,0.050000,0.000000,0.000000,0.910000,1.000000,8.000000,93.760000
1789079014.905354,0,0.000000,0.000000,1.000000,-0.140000,0.000000,0.000000,0.340000,1.000000,8.000000,93.770000
1789079014.905770,0,0.000000,0.000000,1.000000,0.100000,0.000000,0.000000,0.910000,1.000000,8.000000,93.790000
1789079014.906163,0,0.000000,0.000000,1.000000,0.100000,0.000000,0.000000,0.340000,1.000000,8.000000,93.800000
1789079014.929975,0,0.000000,0.000000,1.000000,0.010000,0.000000,0.000000,0.470000,1.000000,8.000000,93.800000
1789079014.930595,0,0.000000,0.000000,1.000000,0.050000,0.000000,0.000000,0.340000,1.000000,8.000000,93.810000
1789079014.954919,0,0.000000,0.000000,1.000000,-0.050000,0.000000,0.000000,0.050000,0.000000,8.000000,93.830000
1789079014.979151,0,0.000000,0.000000,1.000000,0.100000,0.000000,0.000000,0.470000,1.000000,8.000000,93.830000
1789079014.979662,0,0.000000,0.000000,1.000000,0.010000,0.000000,0.000000,0.340000,1.000000,8.000000,93.840000
1789079014.980084,0,0.000000,0.000000,1.000000,0.010000,0.000000,0.000000,0.760000,1.000000,8.000000,93.860000
1789079015.004876,0,0.000000,0.000000,1.000000,0.000000,0.000000,0.000000,-0.070000,0.000000,8.000000,93.870000
1789079015.029551,0,0.000000,0.000000,1.000000,0.100000,0.000000,0.000000,1.050000,1.000000,8.000000,93.870000
1789079015.030061,0,0.000000,0.000000,1.000000,0.100000,0.000000,0.000000,0.340000,1.000000,8.000000,93.880000
1789079015.030484,0,0.000000,0.000000,1.000000,0.100000,0.000000,0.000000,0.470000,1.000000,8.000000,93.900000
1789079015.030880,0,0.000000,0.000000,1.000000,0.050000,0.000000,0.000000,0.340000,1.000000,8.000000,93.910000
1789079015.054809,0,0.000000,0.000000,1.000000,0.000000,0.000000,0.000000,0.470000,1.000000,8.000000,93.910000
1789079015.055322,0,0.000000,0.000000,1.000000,-0.050000,0.000000,0.000000,0.760000,1.000000,8.000000,93.930000
1789079015.078813,0,0.000000,0.000000,1.000000,0.050000,0.000000,0.000000,0.620000,1.000000,8.000000,93.940000
1789079015.079311,0,0.000000,0.000000,1.000000,0.000000,0.000000,0.000000,0.620000,1.000000,8.000000,93.940000
1789079015.080026,0,0.000000,0.000000,1.000000,-0.050000,0.000000,0.000000,0.470000,1.000000,8.000000,93.950000
1789079015.103702,0,0.000000,0.000000,1.000000,0.000000,0.000000,0.000000,0.760000,1.000000,8.000000,93.970000
1789079015.104216,0,0.000000,0.000000,1.000000,0.050000,0.000000,0.000000,0.760000,1.000000,8.000000,93.980000
1789079015.130124,0,0.000000,0.000000,1.000000,0.050000,0.000000,0.000000,0.470000,1.000000,8.000000,93.980000
1789079015.130698,0,0.000000,0.000000,1.000000,0.000000,0.000000,0.000000,1.050000,1.000000,8.000000,94.000000
1789079015.154799,0,0.000000,0.000000,1.000000,0.100000,0.000000,0.000000,0.760000,1.000000,8.000000,94.010000
1789079015.155300,0,0.000000,0.000000,1.000000,0.010000,0.000000,0.000000,0.470000,1.000000,8.000000,94.010000
1789079015.155823,0,0.000000,0.000000,1.000000,0.100000,0.000000,0.000000,0.760000,1.000000,8.000000,94.020000
1789079015.156285,0,0.000000,0.000000,1.000000,0.000000,0.000000,0.000000,0.620000,1.000000,8.000000,94.040000
1789079015.178614,0,0.000000,0.000000,1.000000,0.050000,0.000000,0.000000,0.340000,1.000000,8.000000,94.050000
1789079015.200812,0,0.000000,0.000000,1.000000,0.010000,0.000000,0.000000,0.620000,1.000000,8.000000,94.050000
1789079015.201338,0,0.000000,0.000000,1.000000,0.150000,0.000000,0.000000,0.620000,1.000000,8.000000,94.060000
1789079015.201746,0,0.000000,0.000000,1.000000,-0.050000,0.000000,0.000000,0.340000,1.000000,8.000000,94.080000
1789079015.223476,0,0.000000,0.000000,1.000000,0.010000,0.000000,0.000000,0.620000,1.000000,8.000000,94.080000
1789079015.223983,0,0.000000,0.000000,1.000000,0.010000,0.000000,0.000000,0.470000,1.000000,8.000000,94.090000
1789079015.224381,0,0.000000,0.000000,1.000000,0.050000,0.000000,0.000000,0.620000,1.000000,8.000000,94.110000
1789079015.246561,0,0.000000,0.000000,1.000000,-0.050000,0.000000,0.000000,0.470000,1.000000,8.000000,94.120000
1789079015.247070,0,0.000000,0.000000,1.000000,0.010000,0.000000,0.000000,0.760000,1.000000,8.000000,94.120000
1789079015.269996,0,0.000000,0.000000,1.000000,0.050000,0.000000,0.000000,0.910000,1.000000,8.000000,94.130000
1789079015.270498,0,0.000000,0.000000,1.000000,0.050000,0.000000,0.000000,0.340000,1.000000,8.000000,94.150000
1789079015.293808,0,0.000000,0.000000,1.000000,-0.490000,0.000000,0.000000,0.620000,1.000000,8.000000,94.160000
1789079015.294369,0,0.000000,0.000000,1.000000,0.050000,0.000000,0.000000,0.180000,0.000000,8.000000,94.160000
1789079015.294797,0,0.000000,0.000000,1.000000,0.150000,0.000000,0.000000,0.620000,1.000000,8.000000,94.180000
1789079015.318573,0,0.000000,0.000000,1.000000,-0.100000,0.000000,0.000000,0.340000,1.000000,8.000000,94.190000
1789079015.319158,0,0.000000,0.000000,1.000000,0.050000,0.000000,0.000000,0.760000,1.000000,8.000000,94.190000
1789079015.341772,0,0.000000,0.000000,1.000000,0.010000,0.000000,0.000000,0.470000,1.000000,8.000000,94.200000
1789079015.342315,0,0.000000,0.000000,1.000000,-0.050000,0.000000,0.000000,0.340000,1.000000,8.000000,94.220000
1789079015.342839,0,0.000000,0.000000,1.000000,0.050000,0.000000,0.000000,0.620000,1.000000,8.000000,94.230000
1789079015.365348,0,0.000000,0.000000,1.000000,0.050000,0.000000,0.000000,0.620000,1.000000,8.000000,94.230000
1789079015.365897,0,0.000000,0.000000,1.000000,-0.100000,0.000000,0.000000,0.470000,1.000000,8.000000,94.250000
1789079015.387911,0,0.000000,0.000000,1.000000,0.000000,0.000000,0.000000,0.620000,1.000000,8.000000,94.260000
1789079015.388418,0,0.000000,0.000000,1.000000,0.050000,0.000000,0.000000,0.340000,1.000000,8.000000,94.260000
1789079015.388845,0,0.000000,0.000000,1.000000,-0.050000,0.000000,0.000000,0.620000,1.000000,8.000000,94.270000
1789079015.410120,0,0.000000,0.000000,1.000000,0.000000,0.000000,0.000000,0.620000,1.000000,8.000000,94.290000
1789079015.410618,0,0.000000,0.000000,1.000000,0.010000,0.000000,0.000000,0.470000,1.000000,8.000000,94.300000
1789079015.433188,0,0.000000,0.000000,1.000000,0.010000,0.000000,0.000000,0.760000,1.000000,8.000000,94.300000
1789079015.433705,0,0.000000,0.000000,1.000000,0.050000,0.000000,0.000000,0.340000,1.000000,8.000000,94.310000
1789079015.455850,0,0.000000,0.000000,1.000000,0.010000,0.000000,0.000000,0.470000,1.000000,8.000000,94.330000
1789079015.456352,0,0.000000,0.000000,1.000000,0.010000,0.000000,0.000000,0.760000,1.000000,8.000000,94.330000
1789079015.479158,0,0.000000,0.000000,1.000000,0.000000,0.000000,0.000000,0.470000,1.000000,8.000000,94.340000
1789079015.479835,0,0.000000,0.000000,1.000000,0.180000,0.000000,0.000000,0.910000,1.000000,8.000000,94.360000
1789079015.502601,0,0.000000,0.000000,1.000000,0.000000,0.000000,0.000000,0.470000,1.000000,8.000000,94.370000
1789079015.503103,0,0.000000,0.000000,1.000000,-0.100000,0.000000,0.000000,0.760000,1.000000,8.000000,94.370000
1789079015.503528,0,0.000000,0.000000,1.000000,0.010000,0.000000,0.000000,0.340000,1.000000,8.000000,94.380000
1789079015.503918,0,0.000000,0.000000,1.000000,0.010000,0.000000,0.000000,0.470000,1.000000,8.000000,94.400000
1789079015.528659,0,0.000000,0.000000,1.000000,0.010000,0.000000,0.000000,0.470000,1.000000,8.000000,94.410000
1789079015.551822,0,0.000000,0.000000,1.000000,0.010000,0.000000,0.000000,0.760000,1.000000,8.000000,94.410000
1789079015.552449,0,0.000000,0.000000,1.000000,0.010000,0.000000,0.000000,0.180000,0.000000,8.000000,94.430000
1789079015.552994,0,0.000000,0.000000,1.000000,0.010000,0.000000,0.000000,0.760000,1.000000,8.000000,94.440000
1789079015.574594,0,0.000000,0.000000,1.000000,-0.050000,0.000000,0.000000,0.620000,1.000000,8.000000,94.440000
1789079015.575144,0,0.000000,0.000000,1.000000,0.100000,0.000000,0.000000,0.620000,1.000000,8.000000,94.450000
1789079015.575718,0,0.000000,0.000000,1.000000,-0.140000,0.000000,0.000000,0.340000,1.000000,8.000000,94.470000
1789079015.598772,0,0.000000,0.000000,1.000000,0.000000,0.000000,0.000000,0.620000,1.000000,8.000000,94.480000
1789079015.621566,0,0.000000,0.000000,1.000000,0.100000,0.000000,0.000000,0.760000,1.000000,8.000000,94.480000
1789079015.622081,0,0.000000,0.000000,1.000000,-0.140000,0.000000,0.000000,0.620000,1.000000,8.000000,94.500000
1789079015.622509,0,0.000000,0.000000,1.000000,0.010000,0.000000,0.000000,0.760000,1.000000,8.000000,94.510000
1789079015.645236,0,0.000000,0.000000,1.000000,0.050000,0.000000,0.000000,0.760000,1.000000,8.000000,94.510000
1789079015.645737,0,0.000000,0.000000,1.000000,0.010000,0.000000,0.000000,0.180000,0.000000,8.000000,94.520000
1789079015.668792,0,0.000000,0.000000,1.000000,0.010000,0.000000,0.000000,0.340000,1.000000,8.000000,94.540000
1789079015.669296,0,0.000000,0.000000,1.000000,-0.100000,0.000000,0.000000,0.620000,1.000000,8.000000,94.550000
1789079015.691983,0,0.000000,0.000000,1.000000,0.000000,0.000000,0.000000,0.180000,0.000000,8.000000,94.550000
1789079015.692486,0,0.000000,0.000000,1.000000,0.000000,0.000000,0.000000,0.470000,1.000000,8.000000,94.560000
1789079015.715952,0,0.000000,0.000000,1.000000,-0.100000,0.000000,0.000000,0.470000,1.000000,8.000000,94.580000
1789079015.716499,0,0.000000,0.000000,1.000000,0.100000,0.000000,0.000000,0.760000,1.000000,8.000000,94.580000
1789079015.716930,0,0.000000,0.000000,1.000000,-0.050000,0.000000,0.000000,0.470000,1.000000,8.000000,94.580000
1789079015.739747,0,0.000000,0.000000,1.000000,0.000000,0.000000,0.000000,0.180000,0.000000,8.000000,94.590000
1789079015.740406,0,0.000000,0.000000,1.000000,0.050000,0.000000,0.000000,0.620000,1.000000,8.000000,94.610000
1789079015.740969,0,0.000000,0.000000,1.000000,-0.050000,0.000000,0.000000,0.340000,1.000000,8.000000,94.620000
1789079015.762980,0,0.000000,0.000000,1.000000,0.010000,0.000000,0.000000,0.470000,1.000000,8.000000,94.620000
1789079015.763479,0,0.000000,0.000000,1.000000,0.000000,0.000000,0.000000,0.340000,1.000000,8.000000,94.630000
1789079015.786125,0,0.000000,0.000000,1.000000,-0.050000,0.000000,0.000000,-0.070000,0.000000,8.000000,94.650000
1789079015.786630,0,0.000000,0.000000,1.000000,0.050000,0.000000,0.000000,0.760000,1.000000,8.000000,94.660000
1789079015.808731,0,0.000000,0.000000,1.000000,0.100000,0.000000,0.000000,0.050000,0.000000,8.000000,94.680000
1789079015.809232,0,0.000000,0.000000,1.000000,0.010000,0.000000,0.000000,0.470000,1.000000,8.000000,94.690000
1789079015.832495,0,0.000000,0.000000,1.000000,0.010000,0.000000,0.000000,0.470000,1.000000,8.000000,94.690000
1789079015.833043,0,0.000000,0.000000,1.000000,0.000000,0.000000,0.000000,0.620000,1.000000,8.000000,94.700000
1789079015.856988,0,0.000000,0.000000,1.000000,0.150000,0.000000,0.000000,0.470000,1.000000,8.000000,94.720000
1789079015.857565,0,0.000000,0.000000,1.000000,0.000000,0.000000,0.000000,0.470000,1.000000,8.000000,94.730000
1789079015.857969,0,0.000000,0.000000,1.000000,0.050000,0.000000,0.000000,0.340000,1.000000,8.000000,94.730000
1789079015.880994,0,0.000000,0.000000,1.000000,0.050000,0.000000,0.000000,0.620000,1.000000,8.000000,94.750000
1789079015.881566,0,0.000000,0.000000,1.000000,0.050000,0.000000,0.000000,0.620000,1.000000,8.000000,94.760000
1789079015.882168,0,0.000000,0.000000,1.000000,0.050000,0.000000,0.000000,0.470000,1.000000,8.000000,94.760000
1789079015.904582,0,0.000000,0.000000,1.000000,-0.180000,0.000000,0.000000,0.470000,1.000000,8.000000,94.770000
1789079015.905143,0,0.000000,0.000000,1.000000,0.000000,0.000000,0.000000,0.620000,1.000000,8.000000,94.790000
1789079015.927367,0,0.000000,0.000000,1.000000,0.010000,0.000000,0.000000,0.470000,1.000000,8.000000,94.800000
1789079015.927870,0,0.000000,0.000000,1.000000,0.050000,0.000000,0.000000,0.760000,1.000000,8.000000,94.800000
1789079015.928389,0,0.000000,0.000000,1.000000,0.000000,0.000000,0.000000,0.180000,0.000000,8.000000,94.810000
1789079015.969732,0,0.000000,0.000000,1.000000,0.010000,0.000000,0.000000,0.620000,1.000000,8.000000,94.830000
1789079015.970238,0,0.000000,0.000000,1.000000,0.050000,0.000000,0.000000,0.620000,1.000000,8.000000,94.830000
1789079015.970704,0,0.000000,0.000000,1.000000,0.050000,0.000000,0.000000,0.910000,1.000000,8.000000,94.840000
1789079015.971088,0,0.000000,0.000000,1.000000,0.010000,0.000000,0.000000,0.340000,1.000000,8.000000,94.860000
1789079015.971740,0,0.000000,0.000000,1.000000,0.150000,0.000000,0.000000,0.760000,1.000000,8.000000,94.870000
1789079015.994712,0,0.000000,0.000000,1.000000,0.010000,0.000000,0.000000,0.340000,1.000000,8.000000,94.870000
1789079016.017987,0,0.000000,0.000000,1.000000,0.010000,0.000000,0.000000,0.470000,1.000000,8.000000,94.880000
1789079016.041241,0,0.000000,0.000000,1.000000,0.540000,0.000000,0.000000,0.620000,1.000000,8.000000,94.900000
1789079016.041745,0,0.000000,0.000000,1.000000,0.010000,0.000000,0.000000,0.470000,1.000000,8.000000,94.910000
1789079016.042306,0,0.000000,0.000000,1.000000,0.050000,0.000000,0.000000,0.760000,1.000000,8.000000,94.910000
1789079016.064151,0,0.000000,0.000000,1.000000,0.050000,0.000000,0.000000,0.760000,1.000000,8.000000,94.930000
1789079016.064694,0,0.000000,0.000000,1.000000,0.100000,0.000000,0.000000,0.910000,1.000000,8.000000,94.940000
1789079016.087754,0,0.000000,0.000000,1.000000,-0.100000,0.000000,0.000000,0.340000,1.000000,8.000000,94.940000
1789079016.088259,0,0.000000,0.000000,1.000000,0.000000,0.000000,0.000000,0.340000,1.000000,8.000000,94.950000
1789079016.088817,0,0.000000,0.000000,1.000000,0.100000,0.000000,0.000000,0.760000,1.000000,8.000000,94.970000
1789079016.111063,0,0.000000,0.000000,1.000000,0.010000,0.000000,0.000000,0.340000,1.000000,8.000000,94.980000
1789079016.111560,0,0.000000,0.000000,1.000000,0.010000,0.000000,0.000000,0.760000,1.000000,8.000000,94.980000
1789079016.134231,0,0.000000,0.000000,1.000000,0.150000,0.000000,0.000000,-0.070000,0.000000,8.000000,95.000000
1789079016.134697,0,0.000000,0.000000,1.000000,0.050000,0.000000,0.000000,0.340000,1.000000,8.000000,95.010000
1789079016.135082,0,0.000000,0.000000,1.000000,0.010000,0.000000,0.000000,0.760000,1.000000,8.000000,95.010000
1789079016.156457,0,0.000000,0.000000,1.000000,0.010000,0.000000,0.000000,0.470000,1.000000,8.000000,95.020000
1789079016.156956,0,0.000000,0.000000,1.000000,0.100000,0.000000,0.000000,0.340000,1.000000,8.000000,95.040000
1789079016.180023,0,0.000000,0.000000,1.000000,0.100000,0.000000,0.000000,0.470000,1.000000,8.000000,95.050000
1789079016.202852,0,0.000000,0.000000,1.000000,0.150000,0.000000,0.000000,0.760000,1.000000,8.000000,95.050000
1789079016.203359,0,0.000000,0.000000,1.000000,0.000000,0.000000,0.000000,0.470000,1.000000,8.000000,95.060000
1789079016.203784,0,0.000000,0.000000,1.000000,0.010000,0.000000,0.000000,0.620000,1.000000,8.000000,95.080000
1789079016.226048,0,0.000000,0.000000,1.000000,-0.050000,0.000000,0.000000,0.620000,1.000000,8.000000,95.080000
1789079016.226620,0,0.000000,0.000000,1.000000,-0.050000,0.000000,0.000000,0.620000,1.000000,8.000000,95.090000
1789079016.227171,0,0.000000,0.000000,1.000000,-0.100000,0.000000,0.000000,0.620000,1.000000,8.000000,95.110000
1789079016.250255,0,0.000000,0.000000,1.000000,0.150000,0.000000,0.000000,0.470000,1.000000,8.000000,95.120000
1789079016.250722,0,0.000000,0.000000,1.000000,-0.100000,0.000000,0.000000,0.180000,0.000000,8.000000,95.120000
1789079016.251364,0,0.000000,0.000000,1.000000,0.050000,0.000000,0.000000,0.760000,1.000000,8.000000,95.130000
1789079016.273012,0,0.000000,0.000000,1.000000,-0.100000,0.000000,0.000000,0.470000,1.000000,8.000000,95.150000
1789079016.273517,0,0.000000,0.000000,1.000000,-0.100000,0.000000,0.000000,0.760000,1.000000,8.000000,95.160000
1789079016.297530,0,0.000000,0.000000,1.000000,0.100000,0.000000,0.000000,0.340000,1.000000,8.000000,95.160000
1789079016.298142,0,0.000000,0.000000,1.000000,0.000000,0.000000,0.000000,0.340000,1.000000,8.000000,95.180000
1789079016.321579,0,0.000000,0.000000,1.000000,0.050000,0.000000,0.000000,0.620000,1.000000,8.000000,95.190000
1789079016.322084,0,0.000000,0.000000,1.000000,0.050000,0.000000,0.000000,0.470000,1.000000,8.000000,95.190000
1789079016.322503,0,0.000000,0.000000,1.000000,0.000000,0.000000,0.000000,0.340000,1.000000,8.000000,95.200000
1789079016.345526,0,0.000000,0.000000,1.000000,-0.050000,0.000000,0.000000,1.050000,1.000000,8.000000,95.220000
1789079016.346038,0,0.000000,0.000000,1.000000,-0.100000,0.000000,0.000000,0.340000,1.000000,8.000000,95.230000
1789079016.368312,0,0.000000,0.000000,1.000000,-0.050000,0.000000,0.000000,0.910000,1.000000,8.000000,95.230000
1789079016.368825,0,0.000000,0.000000,1.000000,-0.180000,0.000000,0.000000,0.470000,1.000000,8.000000,95.250000
1789079016.390982,0,0.000000,0.000000,1.000000,0.050000,0.000000,0.000000,0.760000,1.000000,8.000000,95.260000
1789079016.391742,0,0.000000,0.000000,1.000000,0.050000,0.000000,0.000000,0.180000,0.000000,8.000000,95.260000
1789079016.392330,0,0.000000,0.000000,1.000000,-0.050000,0.000000,0.000000,0.470000,1.000000,8.000000,95.270000
1789079016.414096,0,0.000000,0.000000,1.000000,-0.050000,0.000000,0.000000,0.620000,1.000000,8.000000,95.290000
1789079016.414649,0,0.000000,0.000000,1.000000,0.000000,0.000000,0.000000,0.050000,0.000000,8.000000,95.300000
1789079016.415435,0,0.000000,0.000000,1.000000,0.000000,0.000000,0.000000,0.470000,1.000000,8.000000,95.300000
1789079016.437602,0,0.000000,0.000000,1.000000,0.150000,0.000000,0.000000,0.620000,1.000000,8.000000,95.310000
1789079016.438247,0,0.000000,0.000000,1.000000,0.050000,0.000000,0.000000,0.470000,1.000000,8.000000,95.330000
1789079016.460508,0,0.000000,0.000000,1.000000,0.000000,0.000000,0.000000,0.340000,1.000000,8.000000,95.330000
1789079016.461004,0,0.000000,0.000000,1.000000,0.000000,0.000000,0.000000,0.470000,1.000000,8.000000,95.340000
1789079016.484196,0,0.000000,0.000000,1.000000,0.010000,0.000000,0.000000,0.910000,1.000000,8.000000,95.360000
1789079016.484704,0,0.000000,0.000000,1.000000,0.000000,0.000000,0.000000,0.620000,1.000000,8.000000,95.370000
1789079016.507100,0,0.000000,0.000000,1.000000,0.010000,0.000000,0.000000,0.340000,1.000000,8.000000,95.370000
1789079016.507602,0,0.000000,0.000000,1.000000,0.000000,0.000000,0.000000,0.470000,1.000000,8.000000,95.380000
1789079016.530677,0,0.000000,0.000000,1.000000,-0.050000,0.000000,0.000000,0.910000,1.000000,8.000000,95.380000
1789079016.531172,0,0.000000,0.000000,1.000000,0.150000,0.000000,0.000000,0.620000,1.000000,8.000000,95.410000
1789079016.531594,0,0.000000,0.000000,1.000000,0.100000,0.000000,0.000000,0.340000,1.000000,8.000000,95.410000
1789079016.554552,0,0.000000,0.000000,1.000000,0.150000,0.000000,0.000000,0.620000,1.000000,8.000000,95.430000
1789079016.555054,0,0.000000,0.000000,1.000000,-0.050000,0.000000,0.000000,0.340000,1.000000,8.000000,95.440000
1789079016.577085,0,0.000000,0.000000,1.000000,-0.050000,0.000000,0.000000,0.470000,1.000000,8.000000,95.440000
1789079016.577590,0,0.000000,0.000000,1.000000,-0.100000,0.000000,0.000000,0.470000,1.000000,8.000000,95.450000
1789079016.578171,0,0.000000,0.000000,1.000000,0.100000,0.000000,0.000000,0.340000,1.000000,8.000000,95.470000
1789079016.600699,0,0.000000,0.000000,1.000000,-0.100000,0.000000,0.000000,0.620000,1.000000,8.000000,95.480000
1789079016.601220,0,0.000000,0.000000,1.000000,0.010000,0.000000,0.000000,0.340000,1.000000,8.000000,95.480000
1789079016.624334,0,0.000000,0.000000,1.000000,0.000000,0.000000,0.000000,0.620000,1.000000,8.000000,95.500000
1789079016.624928,0,0.000000,0.000000,1.000000,0.100000,0.000000,0.000000,0.340000,1.000000,8.000000,95.510000
1789079016.648232,0,0.000000,0.000000,1.000000,0.000000,0.000000,0.000000,0.180000,0.000000,8.000000,95.510000
1789079016.648808,0,0.000000,0.000000,1.000000,-0.100000,0.000000,0.000000,0.620000,1.000000,8.000000,95.510000
1789079016.672506,0,0.000000,0.000000,1.000000,0.000000,0.000000,0.000000,1.050000,1.000000,8.000000,95.520000
1789079016.673096,0,0.000000,0.000000,1.000000,-0.140000,0.000000,0.000000,0.470000,1.000000,8.000000,95.540000
1789079016.673508,0,0.000000,0.000000,1.000000,0.010000,0.000000,0.000000,0.470000,1.000000,8.000000,95.550000
1789079016.695708,0,0.000000,0.000000,1.000000,0.150000,0.000000,0.000000,0.340000,1.000000,8.000000,95.550000
1789079016.696208,0,0.000000,0.000000,1.000000,0.010000,0.000000,0.000000,0.050000,0.000000,8.000000,95.560000
1789079016.696625,0,0.000000,0.000000,1.000000,-0.050000,0.000000,0.000000,0.620000,1.000000,8.000000,95.580000
1789079016.719151,0,0.000000,0.000000,1.000000,0.100000,0.000000,0.000000,0.340000,1.000000,8.000000,95.580000
1789079016.719758,0,0.000000,0.000000,1.000000,-0.050000,0.000000,0.000000,1.210000,1.000000,8.000000,95.590000
1789079016.743220,0,0.000000,0.000000,1.000000,0.100000,0.000000,0.000000,0.340000,1.000000,8.000000,95.610000
1789079016.743725,0,0.000000,0.000000,1.000000,0.050000,0.000000,0.000000,1.050000,1.000000,8.000000,95.620000
1789079016.766526,0,0.000000,0.000000,1.000000,-0.100000,0.000000,0.000000,0.620000,1.000000,8.000000,95.620000
1789079016.767013,0,0.000000,0.000000,1.000000,-0.050000,0.000000,0.000000,0.620000,1.000000,8.000000,95.630000
1789079016.790082,0,0.000000,0.000000,1.000000,0.000000,0.000000,0.000000,0.340000,1.000000,8.000000,95.650000
1789079016.790581,0,0.000000,0.000000,1.000000,0.100000,0.000000,0.000000,0.470000,1.000000,8.000000,95.660000
1789079016.814295,0,0.000000,0.000000,1.000000,-0.050000,0.000000,0.000000,0.470000,1.000000,8.000000,95.660000
1789079016.814851,0,0.000000,0.000000,1.000000,0.010000,0.000000,0.000000,0.760000,1.000000,8.000000,95.690000
1789079016.838347,0,0.000000,0.000000,1.000000,0.010000,0.000000,0.000000,0.470000,1.000000,8.000000,95.690000
1789079016.838854,0,0.000000,0.000000,1.000000,0.000000,0.000000,0.000000,0.760000,1.000000,8.000000,95.700000
1789079016.862298,0,0.000000,0.000000,1.000000,0.000000,0.000000,0.000000,0.760000,1.000000,8.000000,95.720000
1789079016.862802,0,0.000000,0.000000,1.000000,0.010000,0.000000,0.000000,0.620000,1.000000,8.000000,95.730000
1789079016.885330,0,0.000000,0.000000,1.000000,-0.050000,0.000000,0.000000,0.470000,1.000000,8.000000,95.730000
1789079016.885837,0,0.000000,0.000000,1.000000,0.100000,0.000000,0.000000,0.910000,1.000000,8.000000,95.750000
1789079016.886253,0,0.000000,0.000000,1.000000,0.050000,0.000000,0.000000,1.050000,1.000000,8.000000,95.760000
1789079016.908044,0,0.000000,0.000000,1.000000,0.100000,0.000000,0.000000,0.470000,1.000000,8.000000,95.760000
1789079016.908545,0,0.000000,0.000000,1.000000,0.010000,0.000000,0.000000,0.620000,1.000000,8.000000,95.770000
1789079016.909052,0,0.000000,0.000000,1.000000,0.000000,0.000000,0.000000,0.620000,1.000000,8.000000,95.790000
1789079016.932065,0,0.000000,0.000000,1.000000,0.050000,0.000000,0.000000,0.910000,1.000000,8.000000,95.800000
1789079016.955757,0,0.000000,0.000000,1.000000,0.010000,0.000000,0.000000,0.470000,1.000000,8.000000,95.800000
1789079016.956260,0,0.000000,0.000000,1.000000,0.010000,0.000000,0.000000,1.050000,1.000000,8.000000,95.810000
1789079016.956795,0,0.000000,0.000000,1.000000,0.370000,0.000000,0.000000,0.340000,1.000000,8.000000,95.830000
1789079016.978873,0,0.000000,0.000000,1.000000,0.100000,0.000000,0.000000,0.760000,1.000000,8.000000,95.830000
1789079016.979367,0,0.000000,0.000000,1.000000,0.000000,0.000000,0.000000,0.910000,1.000000,8.000000,95.860000
1789079016.979780,0,0.000000,0.000000,1.000000,-0.100000,0.000000,0.000000,0.470000,1.000000,8.000000,95.870000
1789079017.002313,0,0.000000,0.000000,1.000000,0.000000,0.000000,0.000000,0.760000,1.000000,8.000000,95.870000
1789079017.024528,0,0.000000,0.000000,1.000000,-0.050000,0.000000,0.000000,0.180000,0.000000,8.000000,95.880000
1789079017.025005,0,0.000000,0.000000,1.000000,-0.100000,0.000000,0.000000,0.470000,1.000000,8.000000,95.900000
1789079017.025380,0,0.000000,0.000000,1.000000,0.050000,0.000000,0.000000,0.470000,1.000000,8.000000,95.910000
1789079017.047587,0,0.000000,0.000000,1.000000,0.000000,0.000000,0.000000,1.050000,1.000000,8.000000,95.910000
1789079017.048102,0,0.000000,0.000000,1.000000,0.150000,0.000000,0.000000,0.340000,1.000000,8.000000,95.930000
1789079017.071982,0,0.000000,0.000000,1.000000,-0.100000,0.000000,0.000000,0.470000,1.000000,8.000000,95.940000
1789079017.072540,0,0.000000,0.000000,1.000000,0.000000,0.000000,0.000000,0.910000,1.000000,8.000000,95.940000
1789079017.095889,0,0.000000,0.000000,1.000000,-0.360000,0.000000,0.000000,0.760000,1.000000,8.000000,95.950000
1789079017.096519,0,0.000000,0.000000,1.000000,0.000000,0.000000,0.000000,0.620000,1.000000,8.000000,95.970000
1789079017.096958,0,0.000000,0.000000,1.000000,0.100000,0.000000,0.000000,0.470000,1.000000,8.000000,95.980000
1789079017.119953,0,0.000000,0.000000,1.000000,0.000000,0.000000,0.000000,0.470000,1.000000,8.000000,95.980000
1789079017.120466,0,0.000000,0.000000,1.000000,0.180000,0.000000,0.000000,0.760000,1.000000,8.000000,96.000000
1789079017.121122,0,0.000000,0.000000,1.000000,-0.140000,0.000000,0.000000,0.340000,1.000000,8.000000,96.010000
1789079017.143203,0,0.000000,0.000000,1.000000,0.100000,0.000000,0.000000,0.760000,1.000000,8.000000,96.010000
1789079017.143702,0,0.000000,0.000000,1.000000,0.010000,0.000000,0.000000,0.340000,1.000000,8.000000,96.020000
1789079017.166447,0,0.000000,0.000000,1.000000,0.100000,0.000000,0.000000,0.470000,1.000000,8.000000,96.040000
1789079017.166962,0,0.000000,0.000000,1.000000,0.050000,0.000000,0.000000,0.620000,1.000000,8.000000,96.050000
1789079017.189284,0,0.000000,0.000000,1.000000,0.540000,0.000000,0.000000,0.760000,1.000000,8.000000,96.050000
1789079017.189784,0,0.000000,0.000000,1.000000,0.100000,0.000000,0.000000,0.180000,0.000000,8.000000,96.060000
1789079017.212649,0,0.000000,0.000000,1.000000,0.000000,0.000000,0.000000,0.470000,1.000000,8.000000,96.080000
1789079017.213142,0,0.000000,0.000000,1.000000,0.010000,0.000000,0.000000,0.470000,1.000000,8.000000,96.080000
1789079017.213515,0,0.000000,0.000000,1.000000,0.050000,0.000000,0.000000,0.470000,1.000000,8.000000,96.090000
1789079017.237656,0,0.000000,0.000000,1.000000,-0.050000,0.000000,0.000000,0.620000,1.000000,8.000000,96.110000
1789079017.259751,0,0.000000,0.000000,1.000000,0.100000,0.000000,0.000000,0.620000,1.000000,8.000000,96.120000
1789079017.260262,0,0.000000,0.000000,1.000000,0.050000,0.000000,0.000000,0.760000,1.000000,8.000000,96.120000
1789079017.260823,0,0.000000,0.000000,1.000000,-0.270000,0.000000,0.000000,0.470000,1.000000,8.000000,96.130000
1789079017.283679,0,0.000000,0.000000,1.000000,0.100000,0.000000,0.000000,0.620000,1.000000,8.000000,96.150000
1789079017.284383,0,0.000000,0.000000,1.000000,0.000000,0.000000,0.000000,0.760000,1.000000,8.000000,96.160000
1789079017.306867,0,0.000000,0.000000,1.000000,0.010000,0.000000,0.000000,0.470000,1.000000,8.000000,96.180000
1789079017.307586,0,0.000000,0.000000,1.000000,0.050000,0.000000,0.000000,0.620000,1.000000,8.000000,96.190000
1789079017.329638,0,0.000000,0.000000,1.000000,0.000000,0.000000,0.000000,0.470000,1.000000,8.000000,96.190000
1789079017.330283,0,0.000000,0.000000,1.000000,0.150000,0.000000,0.000000,0.620000,1.000000,8.000000,96.200000
1789079017.352378,0,0.000000,0.000000,1.000000,0.000000,0.000000,0.000000,0.620000,1.000000,8.000000,96.220000
1789079017.352888,0,0.000000,0.000000,1.000000,0.150000,0.000000,0.000000,0.760000,1.000000,8.000000,96.230000
1789079017.375124,0,0.000000,0.000000,1.000000,0.280000,0.000000,0.000000,0.760000,1.000000,8.000000,96.230000
1789079017.375623,0,0.000000,0.000000,1.000000,0.100000,0.000000,0.000000,0.340000,1.000000,8.000000,96.250000
1789079017.376147,0,0.000000,0.000000,1.000000,0.010000,0.000000,0.000000,0.620000,1.000000,8.000000,96.260000
1789079017.398600,0,0.000000,0.000000,1.000000,0.050000,0.000000,0.000000,0.340000,1.000000,8.000000,96.260000
1789079017.399166,0,0.000000,0.000000,1.000000,0.010000,0.000000,0.000000,0.620000,1.000000,8.000000,96.270000
1789079017.420891,0,0.000000,0.000000,1.000000,0.050000,0.000000,0.000000,0.340000,1.000000,8.000000,96.290000
1789079017.421394,0,0.000000,0.000000,1.000000,0.100000,0.000000,0.000000,0.620000,1.000000,8.000000,96.300000
1789079017.443343,0,0.000000,0.000000,1.000000,0.010000,0.000000,0.000000,0.340000,1.000000,8.000000,96.300000
1789079017.443837,0,0.000000,0.000000,1.000000,0.050000,0.000000,0.000000,0.470000,1.000000,8.000000,96.310000
1789079017.444298,0,0.000000,0.000000,1.000000,0.100000,0.000000,0.000000,0.760000,1.000000,8.000000,96.330000
1789079017.467643,0,0.000000,0.000000,1.000000,0.000000,0.000000,0.000000,0.470000,1.000000,8.000000,96.330000
1789079017.490138,0,0.000000,0.000000,1.000000,0.050000,0.000000,0.000000,0.760000,1.000000,8.000000,96.340000
1789079017.490632,0,0.000000,0.000000,1.000000,0.000000,0.000000,0.000000,0.620000,1.000000,8.000000,96.360000
1789079017.491047,0,0.000000,0.000000,1.000000,0.050000,0.000000,0.000000,0.760000,1.000000,8.000000,96.370000
1789079017.513498,0,0.000000,0.000000,1.000000,0.010000,0.000000,0.000000,0.470000,1.000000,8.000000,96.370000
1789079017.537976,0,0.000000,0.000000,1.000000,0.050000,0.000000,0.000000,0.340000,1.000000,8.000000,96.380000
1789079017.538567,0,0.000000,0.000000,1.000000,0.000000,0.000000,0.000000,0.470000,1.000000,8.000000,96.400000
1789079017.538981,0,0.000000,0.000000,1.000000,-0.050000,0.000000,0.000000,0.760000,1.000000,8.000000,96.410000
1789079017.539581,0,0.000000,0.000000,1.000000,0.100000,0.000000,0.000000,0.760000,1.000000,8.000000,96.410000
1789079017.562071,0,0.000000,0.000000,1.000000,0.010000,0.000000,0.000000,0.760000,1.000000,8.000000,96.430000
1789079017.562699,0,0.000000,0.000000,1.000000,-0.140000,0.000000,0.000000,0.340000,1.000000,8.000000,96.440000
1789079017.585187,0,0.000000,0.000000,1.000000,-0.100000,0.000000,0.000000,0.470000,1.000000,8.000000,96.440000
1789079017.585695,0,0.000000,0.000000,1.000000,-0.050000,0.000000,0.000000,0.760000,1.000000,8.000000,96.450000
1789079017.586119,0,0.000000,0.000000,1.000000,0.000000,0.000000,0.000000,0.340000,1.000000,8.000000,96.470000
1789079017.608980,0,0.000000,0.000000,1.000000,0.100000,0.000000,0.000000,0.620000,1.000000,8.000000,96.480000
1789079017.609549,0,0.000000,0.000000,1.000000,0.000000,0.000000,0.000000,0.340000,1.000000,8.000000,96.480000
1789079017.632500,0,0.000000,0.000000,1.000000,0.000000,0.000000,0.000000,0.470000,1.000000,8.000000,96.500000
1789079017.633001,0,0.000000,0.000000,1.000000,-0.050000,0.000000,0.000000,0.340000,1.000000,8.000000,96.510000
1789079017.655012,0,0.000000,0.000000,1.000000,0.050000,0.000000,0.000000,0.620000,1.000000,8.000000,96.510000
1789079017.655513,0,0.000000,0.000000,1.000000,0.010000,0.000000,0.000000,0.340000,1.000000,8.000000,96.520000
1789079017.655930,0,0.000000,0.000000,1.000000,0.000000,0.000000,0.000000,0.050000,0.000000,8.000000,96.540000
1789079017.678041,0,0.000000,0.000000,1.000000,0.050000,0.000000,0.000000,0.910000,1.000000,8.000000,96.550000
1789079017.678544,0,0.000000,0.000000,1.000000,0.100000,0.000000,0.000000,1.050000,1.000000,8.000000,96.550000
1789079017.701601,0,0.000000,0.000000,1.000000,-0.050000,0.000000,0.000000,0.340000,1.000000,8.000000,96.560000
1789079017.724677,0,0.000000,0.000000,1.000000,0.000000,0.000000,0.000000,0.470000,1.000000,8.000000,96.580000
1789079017.725179,0,0.000000,0.000000,1.000000,-0.140000,0.000000,0.000000,0.620000,1.000000,8.000000,96.580000
1789079017.725597,0,0.000000,0.000000,1.000000,0.100000,0.000000,0.000000,0.910000,1.000000,8.000000,96.590000
1789079017.747380,0,0.000000,0.000000,1.000000,0.150000,0.000000,0.000000,0.760000,1.000000,8.000000,96.610000
1789079017.748106,0,0.000000,0.000000,1.000000,0.010000,0.000000,0.000000,0.470000,1.000000,8.000000,96.620000
1789079017.748829,0,0.000000,0.000000,1.000000,0.010000,0.000000,0.000000,0.620000,1.000000,8.000000,96.620000
1789079017.770994,0,0.000000,0.000000,1.000000,-0.050000,0.000000,0.000000,0.340000,1.000000,8.000000,96.630000
1789079017.792717,0,0.000000,0.000000,1.000000,-0.180000,0.000000,0.000000,0.910000,1.000000,8.000000,96.650000
1789079017.793213,0,0.000000,0.000000,1.000000,0.010000,0.000000,0.000000,0.470000,1.000000,8.000000,96.660000
1789079017.793746,0,0.000000,0.000000,1.000000,0.010000,0.000000,0.000000,0.340000,1.000000,8.000000,96.660000
1789079017.794479,0,0.000000,0.000000,1.000000,-0.100000,0.000000,0.000000,0.470000,1.000000,8.000000,96.680000
1789079017.816962,0,0.000000,0.000000,1.000000,0.100000,0.000000,0.000000,0.470000,1.000000,8.000000,96.690000
1789079017.817504,0,0.000000,0.000000,1.000000,0.050000,0.000000,0.000000,0.180000,0.000000,8.000000,96.690000
1789079017.818061,0,0.000000,0.000000,1.000000,0.100000,0.000000,0.000000,0.470000,1.000000,8.000000,96.700000
1789079017.840535,0,0.000000,0.000000,1.000000,0.010000,0.000000,0.000000,0.760000,1.000000,8.000000,96.720000
1789079017.864376,0,0.000000,0.000000,1.000000,0.010000,0.000000,0.000000,0.470000,1.000000,8.000000,96.730000
1789079017.864973,0,0.000000,0.000000,1.000000,0.010000,0.000000,0.000000,0.050000,0.000000,8.000000,96.750000
1789079017.887603,0,0.000000,0.000000,1.000000,0.050000,0.000000,0.000000,0.340000,1.000000,8.000000,96.760000
1789079017.888123,0,0.000000,0.000000,1.000000,0.000000,0.000000,0.000000,0.910000,1.000000,8.000000,96.760000
1789079017.888531,0,0.000000,0.000000,1.000000,0.010000,0.000000,0.000000,0.470000,1.000000,8.000000,96.770000
1789079017.910155,0,0.000000,0.000000,1.000000,-0.050000,0.000000,0.000000,0.760000,1.000000,8.000000,96.790000
1789079017.910664,0,0.000000,0.000000,1.000000,0.050000,0.000000,0.000000,0.340000,1.000000,8.000000,96.800000
1789079017.932590,0,0.000000,0.000000,1.000000,0.050000,0.000000,0.000000,0.340000,1.000000,8.000000,96.800000
1789079017.933068,0,0.000000,0.000000,1.000000,0.010000,0.000000,0.000000,0.620000,1.000000,8.000000,96.800000
1789079017.956012,0,0.000000,0.000000,1.000000,0.180000,0.000000,0.000000,0.760000,1.000000,8.000000,96.810000
1789079017.956529,0,0.000000,0.000000,1.000000,0.050000,0.000000,0.000000,0.620000,1.000000,8.000000,96.830000
1789079017.978715,0,0.000000,0.000000,1.000000,0.050000,0.000000,0.000000,0.620000,1.000000,8.000000,96.840000
1789079017.979208,0,0.000000,0.000000,1.000000,0.100000,0.000000,0.000000,0.910000,1.000000,8.000000,96.860000
1789079018.003156,0,0.000000,0.000000,1.000000,-0.100000,0.000000,0.000000,0.340000,1.000000,8.000000,96.870000
1789079018.025676,0,0.000000,0.000000,1.000000,0.050000,0.000000,0.000000,0.760000,1.000000,8.000000,96.870000
1789079018.026176,0,0.000000,0.000000,1.000000,0.010000,0.000000,0.000000,0.470000,1.000000,8.000000,96.880000
1789079018.026873,0,0.000000,0.000000,1.000000,0.000000,0.000000,0.000000,0.910000,1.000000,8.000000,96.900000
1789079018.049319,0,0.000000,0.000000,1.000000,-0.050000,0.000000,0.000000,0.760000,1.000000,8.000000,96.910000
1789079018.050031,0,0.000000,0.000000,1.000000,0.010000,0.000000,0.000000,0.760000,1.000000,8.000000,96.910000
1789079018.050709,0,0.000000,0.000000,1.000000,0.010000,0.000000,0.000000,0.620000,1.000000,8.000000,96.930000
1789079018.072795,0,0.000000,0.000000,1.000000,0.000000,0.000000,0.000000,0.470000,1.000000,8.000000,96.940000
1789079018.073290,0,0.000000,0.000000,1.000000,-0.050000,0.000000,0.000000,0.760000,1.000000,8.000000,96.940000
1789079018.073903,0,0.000000,0.000000,1.000000,0.100000,0.000000,0.000000,0.340000,1.000000,8.000000,96.950000
1789079018.095597,0,0.000000,0.000000,1.000000,0.010000,0.000000,0.000000,0.470000,1.000000,8.000000,96.970000
1789079018.096133,0,0.000000,0.000000,1.000000,0.050000,0.000000,0.000000,0.620000,1.000000,8.000000,96.980000
1789079018.118752,0,0.000000,0.000000,1.000000,0.050000,0.000000,0.000000,0.180000,0.000000,8.000000,96.980000
1789079018.140612,0,0.000000,0.000000,1.000000,0.010000,0.000000,0.000000,0.340000,1.000000,8.000000,97.000000
1789079018.141115,0,0.000000,0.000000,1.000000,-0.140000,0.000000,0.000000,0.910000,1.000000,8.000000,97.010000
1789079018.141612,0,0.000000,0.000000,1.000000,0.000000,0.000000,0.000000,0.620000,1.000000,8.000000,97.010000
1789079018.164284,0,0.000000,0.000000,1.000000,0.100000,0.000000,0.000000,0.760000,1.000000,8.000000,97.020000
1789079018.164948,0,0.000000,0.000000,1.000000,0.000000,0.000000,0.000000,0.760000,1.000000,8.000000,97.040000
1789079018.188206,0,0.000000,0.000000,1.000000,0.100000,0.000000,0.000000,0.760000,1.000000,8.000000,97.050000
1789079018.188861,0,0.000000,0.000000,1.000000,0.100000,0.000000,0.000000,0.910000,1.000000,8.000000,97.050000
1789079018.189282,0,0.000000,0.000000,1.000000,0.050000,0.000000,0.000000,0.760000,1.000000,8.000000,97.060000
1789079018.212999,0,0.000000,0.000000,1.000000,0.050000,0.000000,0.000000,0.760000,1.000000,8.000000,97.080000
1789079018.235295,0,0.000000,0.000000,1.000000,-0.050000,0.000000,0.000000,0.470000,1.000000,8.000000,97.090000
1789079018.235801,0,0.000000,0.000000,1.000000,0.010000,0.000000,0.000000,0.470000,1.000000,8.000000,97.110000
1789079018.236328,0,0.000000,0.000000,1.000000,-0.100000,0.000000,0.000000,0.180000,0.000000,8.000000,97.120000
1789079018.237086,0,0.000000,0.000000,1.000000,0.010000,0.000000,0.000000,0.180000,0.000000,8.000000,97.120000
1789079018.260105,0,0.000000,0.000000,1.000000,0.000000,0.000000,0.000000,1.210000,1.000000,8.000000,97.120000
1789079018.260893,0,0.000000,0.000000,1.000000,0.100000,0.000000,0.000000,0.340000,1.000000,8.000000,97.130000
1789079018.283137,0,0.000000,0.000000,1.000000,-0.270000,0.000000,0.000000,0.340000,1.000000,8.000000,97.150000
1789079018.283769,0,0.000000,0.000000,1.000000,0.000000,0.000000,0.000000,0.340000,1.000000,8.000000,97.160000
1789079018.306508,0,0.000000,0.000000,1.000000,0.010000,0.000000,0.000000,0.620000,1.000000,8.000000,97.160000
1789079018.307105,0,0.000000,0.000000,1.000000,0.100000,0.000000,0.000000,0.760000,1.000000,8.000000,97.180000
1789079018.307520,0,0.000000,0.000000,1.000000,0.000000,0.000000,0.000000,0.340000,1.000000,8.000000,97.190000
1789079018.330334,0,0.000000,0.000000,1.000000,0.100000,0.000000,0.000000,0.760000,1.000000,8.000000,97.190000
1789079018.330828,0,0.000000,0.000000,1.000000,0.010000,0.000000,0.000000,0.620000,1.000000,8.000000,97.200000
1789079018.352864,0,0.000000,0.000000,1.000000,0.010000,0.000000,0.000000,0.620000,1.000000,8.000000,97.220000
1789079018.353376,0,0.000000,0.000000,1.000000,0.010000,0.000000,0.000000,0.470000,1.000000,8.000000,97.230000
1789079018.377239,0,0.000000,0.000000,1.000000,0.100000,0.000000,0.000000,0.620000,1.000000,8.000000,97.230000
1789079018.377756,0,0.000000,0.000000,1.000000,0.440000,0.000000,0.000000,0.910000,1.000000,8.000000,97.250000
1789079018.400606,0,0.000000,0.000000,1.000000,0.000000,0.000000,0.000000,0.620000,1.000000,8.000000,97.260000
1789079018.401266,0,0.000000,0.000000,1.000000,-0.050000,0.000000,0.000000,0.620000,1.000000,8.000000,97.260000
1789079018.401736,0,0.000000,0.000000,1.000000,0.100000,0.000000,0.000000,0.760000,1.000000,8.000000,97.270000
1789079018.424459,0,0.000000,0.000000,1.000000,0.100000,0.000000,0.000000,0.340000,1.000000,8.000000,97.290000
1789079018.424965,0,0.000000,0.000000,1.000000,0.000000,0.000000,0.000000,0.620000,1.000000,8.000000,97.300000
1789079018.425518,0,0.000000,0.000000,1.000000,-0.100000,0.000000,0.000000,0.760000,1.000000,8.000000,97.300000
1789079018.448361,0,0.000000,0.000000,1.000000,0.010000,0.000000,0.000000,0.340000,1.000000,8.000000,97.310000
1789079018.471285,0,0.000000,0.000000,1.000000,0.050000,0.000000,0.000000,0.470000,1.000000,8.000000,97.330000
1789079018.471766,0,0.000000,0.000000,1.000000,0.010000,0.000000,0.000000,0.470000,1.000000,8.000000,97.330000
1789079018.494216,0,0.000000,0.000000,1.000000,-0.050000,0.000000,0.000000,0.620000,1.000000,8.000000,97.340000
1789079018.494719,0,0.000000,0.000000,1.000000,0.010000,0.000000,0.000000,0.470000,1.000000,8.000000,97.360000
1789079018.495255,0,0.000000,0.000000,1.000000,0.010000,0.000000,0.000000,0.340000,1.000000,8.000000,97.370000
1789079018.518246,0,0.000000,0.000000,1.000000,0.010000,0.000000,0.000000,0.760000,1.000000,8.000000,97.380000
1789079018.518771,0,0.000000,0.000000,1.000000,0.100000,0.000000,0.000000,0.910000,1.000000,8.000000,97.400000
1789079018.542155,0,0.000000,0.000000,1.000000,0.050000,0.000000,0.000000,0.470000,1.000000,8.000000,97.410000
1789079018.542656,0,0.000000,0.000000,1.000000,0.000000,0.000000,0.000000,0.620000,1.000000,8.000000,97.410000
1789079018.543083,0,0.000000,0.000000,1.000000,0.440000,0.000000,0.000000,0.620000,1.000000,8.000000,97.430000
1789079018.565839,0,0.000000,0.000000,1.000000,-0.050000,0.000000,0.000000,0.470000,1.000000,8.000000,97.440000
1789079018.566438,0,0.000000,0.000000,1.000000,-0.100000,0.000000,0.000000,0.620000,1.000000,8.000000,97.440000
1789079018.567170,0,0.000000,0.000000,1.000000,0.100000,0.000000,0.000000,0.760000,1.000000,8.000000,97.450000
1789079018.589420,0,0.000000,0.000000,1.000000,0.000000,0.000000,0.000000,0.470000,1.000000,8.000000,97.470000
1789079018.590017,0,0.000000,0.000000,1.000000,0.050000,0.000000,0.000000,0.620000,1.000000,8.000000,97.480000
1789079018.612041,0,0.000000,0.000000,1.000000,0.050000,0.000000,0.000000,0.760000,1.000000,8.000000,97.480000
1789079018.612729,0,0.000000,0.000000,1.000000,0.010000,0.000000,0.000000,0.470000,1.000000,8.000000,97.500000
1789079018.635963,0,0.000000,0.000000,1.000000,0.000000,0.000000,0.000000,0.620000,1.000000,8.000000,97.510000
1789079018.636487,0,0.000000,0.000000,1.000000,-0.270000,0.000000,0.000000,0.470000,1.000000,8.000000,97.510000
1789079018.658410,0,0.000000,0.000000,1.000000,0.010000,0.000000,0.000000,0.620000,1.000000,8.000000,97.520000
1789079018.658914,0,0.000000,0.000000,1.000000,0.010000,0.000000,0.000000,0.760000,1.000000,8.000000,97.540000
1789079018.659327,0,0.000000,0.000000,1.000000,-0.180000,0.000000,0.000000,0.470000,1.000000,8.000000,97.550000
1789079018.681479,0,0.000000,0.000000,1.000000,0.010000,0.000000,0.000000,0.760000,1.000000,8.000000,97.550000
1789079018.682015,0,0.000000,0.000000,1.000000,-0.050000,0.000000,0.000000,0.620000,1.000000,8.000000,97.560000
1789079018.704297,0,0.000000,0.000000,1.000000,0.000000,0.000000,0.000000,0.470000,1.000000,8.000000,97.580000
1789079018.704810,0,0.000000,0.000000,1.000000,0.010000,0.000000,0.000000,0.470000,1.000000,8.000000,97.580000
1789079018.727536,0,0.000000,0.000000,1.000000,0.100000,0.000000,0.000000,0.620000,1.000000,8.000000,97.580000
1789079018.728044,0,0.000000,0.000000,1.000000,0.010000,0.000000,0.000000,0.340000,1.000000,8.000000,97.590000
1789079018.751100,0,0.000000,0.000000,1.000000,0.000000,0.000000,0.000000,0.620000,1.000000,8.000000,97.610000
1789079018.751602,0,0.000000,0.000000,1.000000,0.050000,0.000000,0.000000,0.910000,1.000000,8.000000,97.620000
1789079018.773981,0,0.000000,0.000000,1.000000,0.150000,0.000000,0.000000,0.470000,1.000000,8.000000,97.620000
1789079018.774480,0,0.000000,0.000000,1.000000,0.000000,0.000000,0.000000,0.760000,1.000000,8.000000,97.630000
1789079018.774884,0,0.000000,0.000000,1.000000,0.050000,0.000000,0.000000,0.180000,0.000000,8.000000,97.650000
1789079018.797967,0,0.000000,0.000000,1.000000,-0.100000,0.000000,0.000000,0.620000,1.000000,8.000000,97.660000
1789079018.798478,0,0.000000,0.000000,1.000000,0.010000,0.000000,0.000000,0.620000,1.000000,8.000000,97.660000
1789079018.799319,0,0.000000,0.000000,1.000000,0.100000,0.000000,0.000000,0.760000,1.000000,8.000000,97.680000
1789079018.822081,0,0.000000,0.000000,1.000000,0.280000,0.000000,0.000000,0.470000,1.000000,8.000000,97.690000
1789079018.822610,0,0.000000,0.000000,1.000000,0.010000,0.000000,0.000000,0.470000,1.000000,8.000000,97.690000
1789079018.844941,0,0.000000,0.000000,1.000000,0.010000,0.000000,0.000000,0.760000,1.000000,8.000000,97.700000
1789079018.845436,0,0.000000,0.000000,1.000000,0.100000,0.000000,0.000000,0.620000,1.000000,8.000000,97.720000
1789079018.845898,0,0.000000,0.000000,1.000000,-0.140000,0.000000,0.000000,0.760000,1.000000,8.000000,97.730000
1789079018.868396,0,0.000000,0.000000,1.000000,0.150000,0.000000,0.000000,0.620000,1.000000,8.000000,97.730000
1789079018.891156,0,0.000000,0.000000,1.000000,-0.050000,0.000000,0.000000,0.340000,1.000000,8.000000,97.750000
1789079018.891731,0,0.000000,0.000000,1.000000,0.100000,0.000000,0.000000,0.620000,1.000000,8.000000,97.760000
1789079018.914450,0,0.000000,0.000000,1.000000,0.050000,0.000000,0.000000,0.910000,1.000000,8.000000,97.770000
1789079018.914960,0,0.000000,0.000000,1.000000,0.010000,0.000000,0.000000,0.470000,1.000000,8.000000,97.790000
1789079018.915391,0,0.000000,0.000000,1.000000,0.050000,0.000000,0.000000,0.620000,1.000000,8.000000,97.800000
1789079018.939039,0,0.000000,0.000000,1.000000,0.100000,0.000000,0.000000,0.760000,1.000000,8.000000,97.800000
1789079018.939541,0,0.000000,0.000000,1.000000,-0.050000,0.000000,0.000000,0.620000,1.000000,8.000000,97.810000
1789079018.961944,0,0.000000,0.000000,1.000000,0.000000,0.000000,0.000000,0.340000,1.000000,8.000000,97.830000
1789079018.962443,0,0.000000,0.000000,1.000000,-0.050000,0.000000,0.000000,0.340000,1.000000,8.000000,97.830000
1789079018.985038,0,0.000000,0.000000,1.000000,0.010000,0.000000,0.000000,0.470000,1.000000,8.000000,97.840000
1789079018.985548,0,0.000000,0.000000,1.000000,0.050000,0.000000,0.000000,0.340000,1.000000,8.000000,97.860000
1789079019.007600,0,0.000000,0.000000,1.000000,0.010000,0.000000,0.000000,0.760000,1.000000,8.000000,97.870000
1789079019.008104,0,0.000000,0.000000,1.000000,0.000000,0.000000,0.000000,-0.340000,0.000000,8.000000,97.870000
1789079019.008669,0,0.000000,0.000000,1.000000,0.180000,0.000000,0.000000,0.760000,1.000000,8.000000,97.880000
1789079019.032548,0,0.000000,0.000000,1.000000,0.150000,0.000000,0.000000,0.910000,1.000000,8.000000,97.900000
1789079019.033170,0,0.000000,0.000000,1.000000,-0.100000,0.000000,0.000000,0.760000,1.000000,8.000000,97.910000
1789079019.056073,0,0.000000,0.000000,1.000000,-0.050000,0.000000,0.000000,0.620000,1.000000,8.000000,97.910000
1789079019.078479,0,0.000000,0.000000,1.000000,-0.050000,0.000000,0.000000,0.340000,1.000000,8.000000,97.930000
1789079019.078981,0,0.000000,0.000000,1.000000,0.000000,0.000000,0.000000,0.620000,1.000000,8.000000,97.940000
1789079019.079397,0,0.000000,0.000000,1.000000,0.010000,0.000000,0.000000,0.470000,1.000000,8.000000,97.940000
1789079019.079787,0,0.000000,0.000000,1.000000,0.000000,0.000000,0.000000,0.760000,1.000000,8.000000,97.950000
1789079019.102753,0,0.000000,0.000000,1.000000,0.100000,0.000000,0.000000,0.340000,1.000000,8.000000,97.970000
1789079019.125088,0,0.000000,0.000000,1.000000,0.150000,0.000000,0.000000,0.620000,1.000000,8.000000,97.980000
1789079019.125587,0,0.000000,0.000000,1.000000,0.100000,0.000000,0.000000,0.910000,1.000000,8.000000,97.980000
1789079019.126002,0,0.000000,0.000000,1.000000,0.000000,0.000000,0.000000,0.620000,1.000000,8.000000,98.000000
1789079019.150115,0,0.000000,0.000000,1.000000,0.010000,0.000000,0.000000,0.340000,1.000000,8.000000,98.010000
1789079019.150625,0,0.000000,0.000000,1.000000,0.050000,0.000000,0.000000,0.760000,1.000000,8.000000,98.010000
1789079019.173368,0,0.000000,0.000000,1.000000,0.180000,0.000000,0.000000,0.620000,1.000000,8.000000,98.020000
1789079019.173874,0,0.000000,0.000000,1.000000,0.010000,0.000000,0.000000,0.050000,0.000000,8.000000,98.040000
1789079019.196851,0,0.000000,0.000000,1.000000,0.010000,0.000000,0.000000,0.620000,1.000000,8.000000,98.050000
1789079019.197374,0,0.000000,0.000000,1.000000,-0.050000,0.000000,0.000000,0.470000,1.000000,8.000000,98.060000
1789079019.197963,0,0.000000,0.000000,1.000000,0.100000,0.000000,0.000000,0.340000,1.000000,8.000000,98.080000
1789079019.221980,0,0.000000,0.000000,1.000000,-0.050000,0.000000,0.000000,0.470000,1.000000,8.000000,98.080000
1789079019.222576,0,0.000000,0.000000,1.000000,-0.100000,0.000000,0.000000,0.620000,1.000000,8.000000,98.090000
1789079019.223176,0,0.000000,0.000000,1.000000,0.100000,0.000000,0.000000,0.910000,1.000000,8.000000,98.110000
1789079019.246000,0,0.000000,0.000000,1.000000,-0.100000,0.000000,0.000000,0.760000,1.000000,8.000000,98.120000
1789079019.246500,0,0.000000,0.000000,1.000000,-0.050000,0.000000,0.000000,0.470000,1.000000,8.000000,98.120000
1789079019.270786,0,0.000000,0.000000,1.000000,0.100000,0.000000,0.000000,0.760000,1.000000,8.000000,98.130000
1789079019.271313,0,0.000000,0.000000,1.000000,0.180000,0.000000,0.000000,0.620000,1.000000,8.000000,98.150000
1789079019.294702,0,0.000000,0.000000,1.000000,0.050000,0.000000,0.000000,0.470000,1.000000,8.000000,98.160000
1789079019.295207,0,0.000000,0.000000,1.000000,0.050000,0.000000,0.000000,0.470000,1.000000,8.000000,98.160000
1789079019.295823,0,0.000000,0.000000,1.000000,0.100000,0.000000,0.000000,0.470000,1.000000,8.000000,98.180000
1789079019.319332,0,0.000000,0.000000,1.000000,0.100000,0.000000,0.000000,0.340000,1.000000,8.000000,98.190000
1789079019.319842,0,0.000000,0.000000,1.000000,0.000000,0.000000,0.000000,0.620000,1.000000,8.000000,98.190000
1789079019.344022,0,0.000000,0.000000,1.000000,0.010000,0.000000,0.000000,0.760000,1.000000,8.000000,98.200000
1789079019.344615,0,0.000000,0.000000,1.000000,0.050000,0.000000,0.000000,0.620000,1.000000,8.000000,98.220000
1789079019.368593,0,0.000000,0.000000,1.000000,0.050000,0.000000,0.000000,0.340000,1.000000,8.000000,98.230000
1789079019.369097,0,0.000000,0.000000,1.000000,0.100000,0.000000,0.000000,0.760000,1.000000,8.000000,98.230000
1789079019.391815,0,0.000000,0.000000,1.000000,0.010000,0.000000,0.000000,0.470000,1.000000,8.000000,98.250000
1789079019.392312,0,0.000000,0.000000,1.000000,0.100000,0.000000,0.000000,0.760000,1.000000,8.000000,98.260000
1789079019.392729,0,0.000000,0.000000,1.000000,0.010000,0.000000,0.000000,0.910000,1.000000,8.000000,98.260000
1789079019.415949,0,0.000000,0.000000,1.000000,0.100000,0.000000,0.000000,0.760000,1.000000,8.000000,98.270000
1789079019.416439,0,0.000000,0.000000,1.000000,0.370000,0.000000,0.000000,0.340000,1.000000,8.000000,98.290000
1789079019.440363,0,0.000000,0.000000,1.000000,0.010000,0.000000,0.000000,0.340000,1.000000,8.000000,98.300000
1789079019.440942,0,0.000000,0.000000,1.000000,0.010000,0.000000,0.000000,0.470000,1.000000,8.000000,98.300000
1789079019.462942,0,0.000000,0.000000,1.000000,0.000000,0.000000,0.000000,0.760000,1.000000,8.000000,98.310000
1789079019.463437,0,0.000000,0.000000,1.000000,0.010000,0.000000,0.000000,0.340000,1.000000,8.000000,98.330000
1789079019.463854,0,0.000000,0.000000,1.000000,-0.180000,0.000000,0.000000,0.470000,1.000000,8.000000,98.330000
1789079019.486509,0,0.000000,0.000000,1.000000,0.000000,0.000000,0.000000,0.470000,1.000000,8.000000,98.340000
1789079019.487029,0,0.000000,0.000000,1.000000,-0.050000,0.000000,0.000000,0.620000,1.000000,8.000000,98.360000
1789079019.509795,0,0.000000,0.000000,1.000000,0.050000,0.000000,0.000000,0.910000,1.000000,8.000000,98.370000
1789079019.510300,0,0.000000,0.000000,1.000000,0.050000,0.000000,0.000000,0.470000,1.000000,8.000000,98.380000
1789079019.534144,0,0.000000,0.000000,1.000000,0.000000,0.000000,0.000000,-0.340000,0.000000,8.000000,98.400000
1789079019.534649,0,0.000000,0.000000,1.000000,0.010000,0.000000,0.000000,0.340000,1.000000,8.000000,98.410000
1789079019.557427,0,0.000000,0.000000,1.000000,0.150000,0.000000,0.000000,0.620000,1.000000,8.000000,98.410000
1789079019.557919,0,0.000000,0.000000,1.000000,-0.100000,0.000000,0.000000,0.470000,1.000000,8.000000,98.430000
1789079019.558443,0,0.000000,0.000000,1.000000,0.100000,0.000000,0.000000,0.340000,1.000000,8.000000,98.440000
1789079019.581991,0,0.000000,0.000000,1.000000,0.050000,0.000000,0.000000,0.760000,1.000000,8.000000,98.440000
1789079019.582556,0,0.000000,0.000000,1.000000,0.050000,0.000000,0.000000,0.470000,1.000000,8.000000,98.450000
1789079019.582943,0,0.000000,0.000000,1.000000,0.000000,0.000000,0.000000,0.620000,1.000000,8.000000,98.470000
1789079019.606904,0,0.000000,0.000000,1.000000,-0.050000,0.000000,0.000000,0.470000,1.000000,8.000000,98.480000
1789079019.607512,0,0.000000,0.000000,1.000000,0.050000,0.000000,0.000000,0.180000,0.000000,8.000000,98.480000
1789079019.629496,0,0.000000,0.000000,1.000000,0.230000,0.000000,0.000000,0.760000,1.000000,8.000000,98.500000
1789079019.629996,0,0.000000,0.000000,1.000000,0.000000,0.000000,0.000000,0.340000,1.000000,8.000000,98.510000
1789079019.630511,0,0.000000,0.000000,1.000000,-0.050000,0.000000,0.000000,0.910000,1.000000,8.000000,98.510000
1789079019.653277,0,0.000000,0.000000,1.000000,0.100000,0.000000,0.000000,0.340000,1.000000,8.000000,98.520000
1789079019.654073,0,0.000000,0.000000,1.000000,-0.140000,0.000000,0.000000,0.340000,1.000000,8.000000,98.540000
1789079019.676501,0,0.000000,0.000000,1.000000,0.000000,0.000000,0.000000,0.620000,1.000000,8.000000,98.550000
1789079019.677259,0,0.000000,0.000000,1.000000,-0.050000,0.000000,0.000000,0.050000,0.000000,8.000000,98.550000
1789079019.700322,0,0.000000,0.000000,1.000000,0.010000,0.000000,0.000000,0.910000,1.000000,8.000000,98.560000
1789079019.700837,0,0.000000,0.000000,1.000000,0.100000,0.000000,0.000000,0.760000,1.000000,8.000000,98.580000
1789079019.701356,0,0.000000,0.000000,1.000000,0.000000,0.000000,0.000000,0.470000,1.000000,8.000000,98.580000
1789079019.723035,0,0.000000,0.000000,1.000000,0.000000,0.000000,0.000000,0.620000,1.000000,8.000000,98.590000
1789079019.723539,0,0.000000,0.000000,1.000000,-0.050000,0.000000,0.000000,0.340000,1.000000,8.000000,98.610000
1789079019.746880,0,0.000000,0.000000,1.000000,0.000000,0.000000,0.000000,0.620000,1.000000,8.000000,98.620000
1789079019.747379,0,0.000000,0.000000,1.000000,0.150000,0.000000,0.000000,0.760000,1.000000,8.000000,98.620000
1789079019.770417,0,0.000000,0.000000,1.000000,0.100000,0.000000,0.000000,0.470000,1.000000,8.000000,98.620000
1789079019.771009,0,0.000000,0.000000,1.000000,0.010000,0.000000,0.000000,0.620000,1.000000,8.000000,98.650000
1789079019.795777,0,0.000000,0.000000,1.000000,0.010000,0.000000,0.000000,0.470000,1.000000,8.000000,98.660000
1789079019.796278,0,0.000000,0.000000,1.000000,0.000000,0.000000,0.000000,0.620000,1.000000,8.000000,98.660000
1789079019.820396,0,0.000000,0.000000,1.000000,-0.230000,0.000000,0.000000,0.910000,1.000000,8.000000,98.680000
1789079019.820970,0,0.000000,0.000000,1.000000,-0.100000,0.000000,0.000000,0.470000,1.000000,8.000000,98.690000
1789079019.821384,0,0.000000,0.000000,1.000000,0.050000,0.000000,0.000000,0.620000,1.000000,8.000000,98.690000
1789079019.821890,0,0.000000,0.000000,1.000000,0.050000,0.000000,0.000000,0.340000,1.000000,8.000000,98.700000
1789079019.844635,0,0.000000,0.000000,1.000000,0.000000,0.000000,0.000000,0.470000,1.000000,8.000000,98.720000
1789079019.845137,0,0.000000,0.000000,1.000000,0.180000,0.000000,0.000000,0.620000,1.000000,8.000000,98.720000
1789079019.868189,0,0.000000,0.000000,1.000000,0.000000,0.000000,0.000000,0.470000,1.000000,8.000000,98.730000
1789079019.868692,0,0.000000,0.000000,1.000000,0.010000,0.000000,0.000000,0.470000,1.000000,8.000000,98.730000
1789079019.869093,0,0.000000,0.000000,1.000000,0.010000,0.000000,0.000000,0.620000,1.000000,8.000000,98.750000
1789079019.890603,0,0.000000,0.000000,1.000000,0.010000,0.000000,0.000000,0.340000,1.000000,8.000000,98.760000
1789079019.891109,0,0.000000,0.000000,1.000000,-0.100000,0.000000,0.000000,0.620000,1.000000,8.000000,98.760000
1789079019.915083,0,0.000000,0.000000,1.000000,0.000000,0.000000,0.000000,1.210000,1.000000,8.000000,98.770000
1789079019.915723,0,0.000000,0.000000,1.000000,0.000000,0.000000,0.000000,0.470000,1.000000,8.000000,98.790000
1789079019.939021,0,0.000000,0.000000,1.000000,-0.050000,0.000000,0.000000,0.760000,1.000000,8.000000,98.800000
1789079019.939516,0,0.000000,0.000000,1.000000,-0.100000,0.000000,0.000000,0.340000,1.000000,8.000000,98.800000
1789079019.940035,0,0.000000,0.000000,1.000000,0.000000,0.000000,0.000000,0.620000,1.000000,8.000000,98.810000
1789079019.940629,0,0.000000,0.000000,1.000000,0.050000,0.000000,0.000000,0.470000,1.000000,8.000000,98.830000
1789079019.962940,0,0.000000,0.000000,1.000000,-0.140000,0.000000,0.000000,0.180000,0.000000,8.000000,98.830000
1789079019.985461,0,0.000000,0.000000,1.000000,0.050000,0.000000,0.000000,0.470000,1.000000,8.000000,98.840000
1789079019.985968,0,0.000000,0.000000,1.000000,0.050000,0.000000,0.000000,0.910000,1.000000,8.000000,98.860000
1789079019.986387,0,0.000000,0.000000,1.000000,0.010000,0.000000,0.000000,0.470000,1.000000,8.000000,98.870000
1789079019.986770,0,0.000000,0.000000,1.000000,-0.140000,0.000000,0.000000,1.500000,1.000000,8.000000,98.870000
1789079020.030438,0,0.000000,0.000000,1.000000,0.050000,0.000000,0.000000,0.470000,1.000000,8.000000,98.880000
1789079020.030940,0,0.000000,0.000000,1.000000,0.050000,0.000000,0.000000,0.340000,1.000000,8.000000,98.900000
1789079020.031553,0,0.000000,0.000000,1.000000,0.000000,0.000000,0.000000,0.340000,1.000000,8.000000,98.910000
1789079020.032208,0,0.000000,0.000000,1.000000,-0.100000,0.000000,0.000000,0.180000,0.000000,8.000000,98.910000
1789079020.032705,0,0.000000,0.000000,1.000000,0.050000,0.000000,0.000000,0.340000,1.000000,8.000000,98.930000
1789079020.033195,0,0.000000,0.000000,1.000000,0.010000,0.000000,0.000000,0.620000,1.000000,8.000000,98.940000
1789079020.075610,0,0.000000,0.000000,1.000000,0.000000,0.000000,0.000000,0.620000,1.000000,8.000000,98.940000
1789079020.076114,0,0.000000,0.000000,1.000000,0.010000,0.000000,0.000000,0.620000,1.000000,8.000000,98.950000
1789079020.076819,0,0.000000,0.000000,1.000000,0.000000,0.000000,0.000000,0.340000,1.000000,8.000000,98.970000
1789079020.077283,0,0.000000,0.000000,1.000000,0.000000,0.000000,0.000000,0.470000,1.000000,8.000000,98.980000
1789079020.119382,0,0.000000,0.000000,1.000000,-0.100000,0.000000,0.000000,0.470000,1.000000,8.000000,98.980000
1789079020.120055,0,0.000000,0.000000,1.000000,0.010000,0.000000,0.000000,0.620000,1.000000,8.000000,99.000000
1789079020.120637,0,0.000000,0.000000,1.000000,-0.180000,0.000000,0.000000,0.620000,1.000000,8.000000,99.010000
1789079020.164027,0,0.000000,0.000000,1.000000,0.050000,0.000000,0.000000,0.470000,1.000000,8.000000,99.020000
1789079020.164532,0,0.000000,0.000000,1.000000,0.100000,0.000000,0.000000,0.340000,1.000000,8.000000,99.040000
1789079020.165141,0,0.000000,0.000000,1.000000,0.100000,0.000000,0.000000,0.910000,1.000000,8.000000,99.050000
1789079020.165791,0,0.000000,0.000000,1.000000,0.180000,0.000000,0.000000,0.470000,1.000000,8.000000,99.050000
1789079020.209221,0,0.000000,0.000000,1.000000,-0.140000,0.000000,0.000000,0.470000,1.000000,8.000000,99.060000
1789079020.209810,0,0.000000,0.000000,1.000000,0.010000,0.000000,0.000000,0.910000,1.000000,8.000000,99.080000
1789079020.210403,0,0.000000,0.000000,1.000000,0.010000,0.000000,0.000000,0.470000,1.000000,8.000000,99.080000
1789079020.211159,0,0.000000,0.000000,1.000000,0.050000,0.000000,0.000000,0.620000,1.000000,8.000000,99.090000
1789079020.234648,0,0.000000,0.000000,1.000000,0.010000,0.000000,0.000000,0.470000,1.000000,8.000000,99.110000
1789079020.258784,0,0.000000,0.000000,1.000000,0.010000,0.000000,0.000000,0.470000,1.000000,8.000000,99.120000
1789079020.259276,0,0.000000,0.000000,1.000000,0.100000,0.000000,0.000000,0.760000,1.000000,8.000000,99.120000
1789079020.283714,0,0.000000,0.000000,1.000000,0.000000,0.000000,0.000000,0.470000,1.000000,8.000000,99.150000
1789079020.284261,0,0.000000,0.000000,1.000000,0.000000,0.000000,0.000000,0.760000,1.000000,8.000000,99.160000
1789079020.307611,0,0.000000,0.000000,1.000000,0.010000,0.000000,0.000000,0.760000,1.000000,8.000000,99.160000
1789079020.308121,0,0.000000,0.000000,1.000000,0.100000,0.000000,0.000000,0.620000,1.000000,8.000000,99.180000
1789079020.308583,0,0.000000,0.000000,1.000000,0.010000,0.000000,0.000000,0.340000,1.000000,8.000000,99.190000
1789079020.333266,0,0.000000,0.000000,1.000000,0.180000,0.000000,0.000000,0.470000,1.000000,8.000000,99.190000
1789079020.333796,0,0.000000,0.000000,1.000000,0.010000,0.000000,0.000000,0.470000,1.000000,8.000000,99.200000
1789079020.358575,0,0.000000,0.000000,1.000000,0.050000,0.000000,0.000000,0.620000,1.000000,8.000000,99.220000
1789079020.359167,0,0.000000,0.000000,1.000000,0.010000,0.000000,0.000000,0.760000,1.000000,8.000000,99.230000
1789079020.385200,0,0.000000,0.000000,1.000000,-0.050000,0.000000,0.000000,0.910000,1.000000,8.000000,99.230000
1789079020.385705,0,0.000000,0.000000,1.000000,-0.050000,0.000000,0.000000,0.470000,1.000000,8.000000,99.250000
1789079020.386413,0,0.000000,0.000000,1.000000,0.050000,0.000000,0.000000,0.620000,1.000000,8.000000,99.260000
1789079020.411149,0,0.000000,0.000000,1.000000,0.010000,0.000000,0.000000,0.760000,1.000000,8.000000,99.260000
1789079020.411886,0,0.000000,0.000000,1.000000,0.010000,0.000000,0.000000,0.470000,1.000000,8.000000,99.270000
1789079020.436911,0,0.000000,0.000000,1.000000,-0.360000,0.000000,0.000000,0.620000,1.000000,8.000000,99.290000
1789079020.437426,0,0.000000,0.000000,1.000000,0.000000,0.000000,0.000000,0.910000,1.000000,8.000000,99.300000
1789079020.437850,0,0.000000,0.000000,1.000000,0.050000,0.000000,0.000000,0.470000,1.000000,8.000000,99.300000
1789079020.438244,0,0.000000,0.000000,1.000000,0.100000,0.000000,0.000000,0.340000,1.000000,8.000000,99.310000
1789079020.462529,0,0.000000,0.000000,1.000000,0.010000,0.000000,0.000000,0.760000,1.000000,8.000000,99.330000
1789079020.463032,0,0.000000,0.000000,1.000000,-0.050000,0.000000,0.000000,0.760000,1.000000,8.000000,99.330000
1789079020.488233,0,0.000000,0.000000,1.000000,0.010000,0.000000,0.000000,1.050000,1.000000,8.000000,99.340000
1789079020.488926,0,0.000000,0.000000,1.000000,0.100000,0.000000,0.000000,0.180000,0.000000,8.000000,99.360000
1789079020.513201,0,0.000000,0.000000,1.000000,0.150000,0.000000,0.000000,0.340000,1.000000,8.000000,99.370000
1789079020.513698,0,0.000000,0.000000,1.000000,0.050000,0.000000,0.000000,0.910000,1.000000,8.000000,99.380000
1789079020.514101,0,0.000000,0.000000,1.000000,0.050000,0.000000,0.000000,0.760000,1.000000,8.000000,99.400000
1789079020.539740,0,0.000000,0.000000,1.000000,0.100000,0.000000,0.000000,0.760000,1.000000,8.000000,99.410000
1789079020.540462,0,0.000000,0.000000,1.000000,0.000000,0.000000,0.000000,0.470000,1.000000,8.000000,99.410000
1789079020.565795,0,0.000000,0.000000,1.000000,-0.180000,0.000000,0.000000,0.620000,1.000000,8.000000,99.430000
1789079020.566279,0,0.000000,0.000000,1.000000,0.100000,0.000000,0.000000,0.470000,1.000000,8.000000,99.440000
1789079020.566674,0,0.000000,0.000000,1.000000,0.050000,0.000000,0.000000,0.470000,1.000000,8.000000,99.440000
1789079020.591049,0,0.000000,0.000000,1.000000,0.010000,0.000000,0.000000,0.470000,1.000000,8.000000,99.450000
1789079020.591530,0,0.000000,0.000000,1.000000,-0.050000,0.000000,0.000000,0.620000,1.000000,8.000000,99.470000
1789079020.617489,0,0.000000,0.000000,1.000000,0.100000,0.000000,0.000000,0.470000,1.000000,8.000000,99.480000
1789079020.617989,0,0.000000,0.000000,1.000000,0.000000,0.000000,0.000000,0.620000,1.000000,8.000000,99.480000
1789079020.643097,0,0.000000,0.000000,1.000000,0.050000,0.000000,0.000000,0.760000,1.000000,8.000000,99.500000
1789079020.643598,0,0.000000,0.000000,1.000000,0.010000,0.000000,0.000000,1.360000,1.000000,8.000000,99.510000
1789079020.669279,0,0.000000,0.000000,1.000000,-0.050000,0.000000,0.000000,0.760000,1.000000,8.000000,99.510000
1789079020.669778,0,0.000000,0.000000,1.000000,0.100000,0.000000,0.000000,0.340000,1.000000,8.000000,99.520000
1789079020.670340,0,0.000000,0.000000,1.000000,0.100000,0.000000,0.000000,0.620000,1.000000,8.000000,99.540000
1789079020.670829,0,0.000000,0.000000,1.000000,0.010000,0.000000,0.000000,0.470000,1.000000,8.000000,99.550000
1789079020.696092,0,0.000000,0.000000,1.000000,0.050000,0.000000,0.000000,0.470000,1.000000,8.000000,99.550000
1789079020.696603,0,0.000000,0.000000,1.000000,-0.050000,0.000000,0.000000,0.340000,1.000000,8.000000,99.560000
1789079020.724141,0,0.000000,0.000000,1.000000,-0.140000,0.000000,0.000000,0.620000,1.000000,8.000000,99.580000
1789079020.724648,0,0.000000,0.000000,1.000000,0.150000,0.000000,0.000000,0.340000,1.000000,8.000000,99.580000
1789079020.725090,0,0.000000,0.000000,1.000000,0.010000,0.000000,0.000000,0.470000,1.000000,8.000000,99.590000
1789079020.752070,0,0.000000,0.000000,1.000000,0.150000,0.000000,0.000000,0.340000,1.000000,8.000000,99.610000
1789079020.752569,0,0.000000,0.000000,1.000000,0.100000,0.000000,0.000000,1.050000,1.000000,8.000000,99.620000
1789079020.753129,0,0.000000,0.000000,1.000000,0.000000,0.000000,0.000000,0.470000,1.000000,8.000000,99.620000
1789079020.778944,0,0.000000,0.000000,1.000000,-0.050000,0.000000,0.000000,0.760000,1.000000,8.000000,99.630000
1789079020.779782,0,0.000000,0.000000,1.000000,0.050000,0.000000,0.000000,0.470000,1.000000,8.000000,99.650000
1789079020.805836,0,0.000000,0.000000,1.000000,0.010000,0.000000,0.000000,0.760000,1.000000,8.000000,99.660000
1789079020.806337,0,0.000000,0.000000,1.000000,0.010000,0.000000,0.000000,0.340000,1.000000,8.000000,99.660000
1789079020.806758,0,0.000000,0.000000,1.000000,0.010000,0.000000,0.000000,0.470000,1.000000,8.000000,99.680000
1789079020.831879,0,0.000000,0.000000,1.000000,-0.050000,0.000000,0.000000,0.340000,1.000000,8.000000,99.690000
1789079020.832402,0,0.000000,0.000000,1.000000,0.050000,0.000000,0.000000,0.620000,1.000000,8.000000,99.690000
1789079020.833684,0,0.000000,0.000000,1.000000,0.000000,0.000000,0.000000,0.620000,1.000000,8.000000,99.700000
1789079020.858040,0,0.000000,0.000000,1.000000,0.050000,0.000000,0.000000,0.620000,1.000000,8.000000,99.720000
1789079020.858538,0,0.000000,0.000000,1.000000,0.010000,0.000000,0.000000,0.620000,1.000000,8.000000,99.730000
1789079020.884322,0,0.000000,0.000000,1.000000,-0.180000,0.000000,0.000000,0.620000,1.000000,8.000000,99.730000
1789079020.884892,0,0.000000,0.000000,1.000000,0.050000,0.000000,0.000000,0.760000,1.000000,8.000000,99.750000
1789079020.885324,0,0.000000,0.000000,1.000000,-0.050000,0.000000,0.000000,0.470000,1.000000,8.000000,99.760000
1789079020.910525,0,0.000000,0.000000,1.000000,-0.050000,0.000000,0.000000,0.340000,1.000000,8.000000,99.760000
1789079020.911034,0,0.000000,0.000000,1.000000,-0.270000,0.000000,0.000000,0.620000,1.000000,8.000000,99.770000
1789079020.911579,0,0.000000,0.000000,1.000000,0.050000,0.000000,0.000000,0.470000,1.000000,8.000000,99.790000
1789079020.937713,0,0.000000,0.000000,1.000000,0.230000,0.000000,0.000000,0.470000,1.000000,8.000000,99.800000
1789079020.938226,0,0.000000,0.000000,1.000000,0.010000,0.000000,0.000000,0.470000,1.000000,8.000000,99.800000
1789079020.940092,0,0.000000,0.000000,1.000000,0.000000,0.000000,0.000000,0.620000,1.000000,8.000000,99.810000
1789079020.965230,0,0.000000,0.000000,1.000000,0.100000,0.000000,0.000000,0.340000,1.000000,8.000000,99.830000
1789079020.965841,0,0.000000,0.000000,1.000000,0.100000,0.000000,0.000000,0.340000,1.000000,8.000000,99.830000
1789079020.992899,0,0.000000,0.000000,1.000000,0.010000,0.000000,0.000000,0.470000,1.000000,8.000000,99.840000
1789079020.993396,0,0.000000,0.000000,1.000000,0.050000,0.000000,0.000000,0.340000,1.000000,8.000000,99.860000
1789079020.993888,0,0.000000,0.000000,1.000000,0.000000,0.000000,0.000000,0.340000,1.000000,8.000000,99.870000
1789079021.020372,0,0.000000,0.000000,1.000000,0.100000,0.000000,0.000000,0.620000,1.000000,8.000000,99.870000
1789079021.020888,0,0.000000,0.000000,1.000000,0.010000,0.000000,0.000000,0.180000,0.000000,8.000000,99.880000
1789079021.046753,0,0.000000,0.000000,1.000000,0.000000,0.000000,0.000000,0.760000,1.000000,8.000000,99.900000
1789079021.047301,0,0.000000,0.000000,1.000000,0.010000,0.000000,0.000000,0.340000,1.000000,8.000000,99.910000
1789079021.047774,0,0.000000,0.000000,1.000000,0.010000,0.000000,0.000000,0.760000,1.000000,8.000000,99.910000
1789079021.073704,0,0.000000,0.000000,1.000000,0.150000,0.000000,0.000000,0.620000,1.000000,8.000000,99.930000
1789079021.074219,0,0.000000,0.000000,1.000000,0.050000,0.000000,0.000000,0.470000,1.000000,8.000000,99.940000
1789079021.075860,0,0.000000,0.000000,1.000000,0.100000,0.000000,0.000000,0.340000,1.000000,8.000000,99.940000
1789079021.100864,0,0.000000,0.000000,1.000000,-0.050000,0.000000,0.000000,0.470000,1.000000,8.000000,99.950000
1789079021.101409,0,0.000000,0.000000,1.000000,-0.050000,0.000000,0.000000,0.470000,1.000000,8.000000,99.980000
1789079021.126659,0,0.000000,0.000000,1.000000,0.010000,0.000000,0.000000,0.760000,1.000000,8.000000,99.980000
1789079021.127200,0,0.000000,0.000000,1.000000,-0.100000,0.000000,0.000000,0.340000,1.000000,8.000000,100.000000
1789079021.127731,0,0.000000,0.000000,1.000000,-0.050000,0.000000,0.000000,0.470000,1.000000,8.000000,100.010000
1789079021.154900,0,0.000000,0.000000,1.000000,-0.050000,0.000000,0.000000,0.620000,1.000000,8.000000,100.010000
1789079021.155776,0,0.000000,0.000000,1.000000,-0.050000,0.000000,0.000000,0.620000,1.000000,8.000000,100.020000
1789079021.181652,0,0.000000,0.000000,1.000000,0.050000,0.000000,0.000000,0.910000,1.000000,8.000000,100.040000
1789079021.182205,0,0.000000,0.000000,1.000000,-0.050000,0.000000,0.000000,0.340000,1.000000,8.000000,100.050000
1789079021.182611,0,0.000000,0.000000,1.000000,-0.050000,0.000000,0.000000,0.340000,1.000000,8.000000,100.050000
1789079021.209220,0,0.000000,0.000000,1.000000,0.000000,0.000000,0.000000,0.620000,1.000000,8.000000,100.060000
1789079021.209724,0,0.000000,0.000000,1.000000,0.010000,0.000000,0.000000,0.470000,1.000000,8.000000,100.080000
1789079021.210280,0,0.000000,0.000000,1.000000,0.050000,0.000000,0.000000,0.470000,1.000000,8.000000,100.080000
1789079021.210809,0,0.000000,0.000000,1.000000,0.150000,0.000000,0.000000,0.760000,1.000000,8.000000,100.080000
1789079021.237344,0,0.000000,0.000000,1.000000,0.010000,0.000000,0.000000,0.340000,1.000000,8.000000,100.090000
1789079021.238032,0,0.000000,0.000000,1.000000,0.000000,0.000000,0.000000,0.620000,1.000000,8.000000,100.110000
1789079021.263929,0,0.000000,0.000000,1.000000,0.010000,0.000000,0.000000,1.050000,1.000000,8.000000,100.120000
1789079021.264433,0,0.000000,0.000000,1.000000,0.050000,0.000000,0.000000,0.910000,1.000000,8.000000,100.120000
1789079021.265006,0,0.000000,0.000000,1.000000,0.000000,0.000000,0.000000,0.340000,1.000000,8.000000,100.130000
1789079021.291486,0,0.000000,0.000000,1.000000,0.010000,0.000000,0.000000,0.910000,1.000000,8.000000,100.150000
1789079021.291995,0,0.000000,0.000000,1.000000,-0.100000,0.000000,0.000000,0.620000,1.000000,8.000000,100.160000
1789079021.292496,0,0.000000,0.000000,1.000000,-0.050000,0.000000,0.000000,0.470000,1.000000,8.000000,100.160000
1789079021.317707,0,0.000000,0.000000,1.000000,0.010000,0.000000,0.000000,0.760000,1.000000,8.000000,100.180000
1789079021.318217,0,0.000000,0.000000,1.000000,0.100000,0.000000,0.000000,0.620000,1.000000,8.000000,100.190000
1789079021.342952,0,0.000000,0.000000,1.000000,0.310000,0.000000,0.000000,0.760000,1.000000,8.000000,100.190000
1789079021.343494,0,0.000000,0.000000,1.000000,-0.100000,0.000000,0.000000,0.620000,1.000000,8.000000,100.200000
1789079021.368988,0,0.000000,0.000000,1.000000,-0.050000,0.000000,0.000000,0.470000,1.000000,8.000000,100.230000
1789079021.369500,0,0.000000,0.000000,1.000000,0.050000,0.000000,0.000000,0.470000,1.000000,8.000000,100.230000
1789079021.394950,0,0.000000,0.000000,1.000000,0.100000,0.000000,0.000000,0.620000,1.000000,8.000000,100.250000
1789079021.395455,0,0.000000,0.000000,1.000000,0.100000,0.000000,0.000000,0.340000,1.000000,8.000000,100.260000
1789079021.395870,0,0.000000,0.000000,1.000000,0.050000,0.000000,0.000000,0.760000,1.000000,8.000000,100.260000
1789079021.396244,0,0.000000,0.000000,1.000000,0.100000,0.000000,0.000000,0.620000,1.000000,8.000000,100.270000
1789079021.397487,0,0.000000,0.000000,1.000000,-0.050000,0.000000,0.000000,0.470000,1.000000,8.000000,100.290000
1789079021.422630,0,0.000000,0.000000,1.000000,0.150000,0.000000,0.000000,0.760000,1.000000,8.000000,100.300000
1789079021.423129,0,0.000000,0.000000,1.000000,0.010000,0.000000,0.000000,0.910000,1.000000,8.000000,100.300000
1789079021.447121,0,0.000000,0.000000,1.000000,0.100000,0.000000,0.000000,0.340000,1.000000,8.000000,100.310000
1789079021.447614,0,0.000000,0.000000,1.000000,0.000000,0.000000,0.000000,0.180000,0.000000,8.000000,100.310000
1789079021.448445,0,0.000000,0.000000,1.000000,-0.310000,0.000000,0.000000,0.620000,1.000000,8.000000,100.330000
1789079021.473830,0,0.000000,0.000000,1.000000,-0.050000,0.000000,0.000000,0.050000,0.000000,8.000000,100.330000
1789079021.474331,0,0.000000,0.000000,1.000000,0.150000,0.000000,0.000000,0.760000,1.000000,8.000000,100.340000
1789079021.499427,0,0.000000,0.000000,1.000000,0.050000,0.000000,0.000000,0.340000,1.000000,8.000000,100.360000
1789079021.500215,0,0.000000,0.000000,1.000000,-0.100000,0.000000,0.000000,0.470000,1.000000,8.000000,100.370000
1789079021.525526,0,0.000000,0.000000,1.000000,0.010000,0.000000,0.000000,0.470000,1.000000,8.000000,100.380000
1789079021.526032,0,0.000000,0.000000,1.000000,0.010000,0.000000,0.000000,0.910000,1.000000,8.000000,100.400000
1789079021.526553,0,0.000000,0.000000,1.000000,0.000000,0.000000,0.000000,0.340000,1.000000,8.000000,100.410000
1789079021.553409,0,0.000000,0.000000,1.000000,0.010000,0.000000,0.000000,0.340000,1.000000,8.000000,100.410000
1789079021.555274,0,0.000000,0.000000,1.000000,-0.690000,0.000000,0.000000,0.760000,1.000000,8.000000,100.430000
1789079021.580142,0,0.000000,0.000000,1.000000,0.000000,0.000000,0.000000,0.760000,1.000000,8.000000,100.440000
1789079021.580660,0,0.000000,0.000000,1.000000,0.100000,0.000000,0.000000,0.910000,1.000000,8.000000,100.440000
1789079021.581079,0,0.000000,0.000000,1.000000,0.010000,0.000000,0.000000,0.620000,1.000000,8.000000,100.450000
1789079021.605893,0,0.000000,0.000000,1.000000,-0.180000,0.000000,0.000000,0.470000,1.000000,8.000000,100.470000
1789079021.606389,0,0.000000,0.000000,1.000000,0.010000,0.000000,0.000000,0.760000,1.000000,8.000000,100.480000
1789079021.607940,0,0.000000,0.000000,1.000000,0.150000,0.000000,0.000000,0.910000,1.000000,8.000000,100.480000
1789079021.633041,0,0.000000,0.000000,1.000000,0.000000,0.000000,0.000000,0.470000,1.000000,8.000000,100.500000
