epoch,mark,Desired Torque (L),Measured Torque (L),Desired Torque (R),Measured Torque (R),Toe FSR (L),Stance Phase (L),Toe FSR (R),Stance Phase (R),Channel 8,Exoskeleton time (seconds)
1777667014.519357,0,5.000000,0.000000,5.000000,0.000000,0.000000,0.000000,0.000000,0.000000,8.000000,28.670000
1777667014.548810,0,5.000000,0.000000,5.000000,0.000000,0.000000,0.000000,0.000000,0.000000,8.000000,28.690000
1777667014.577204,0,5.000000,0.000000,5.000000,0.000000,0.000000,0.000000,0.000000,0.000000,8.000000,28.700000
1777667014.577628,0,5.000000,0.000000,5.000000,0.000000,0.000000,0.000000,0.000000,0.000000,8.000000,28.700000
1777667014.596121,0,5.000000,0.000000,5.000000,0.000000,0.000000,0.000000,0.000000,0.000000,8.000000,28.710000
1777667014.611471,0,5.000000,0.000000,5.000000,0.000000,0.000000,0.000000,0.000000,0.000000,8.000000,28.720000
1777667014.627788,0,5.000000,0.000000,5.000000,0.000000,0.000000,0.000000,0.000000,0.000000,8.000000,28.730000
1777667014.628210,0,5.000000,0.000000,5.000000,0.000000,0.000000,0.000000,0.000000,0.000000,8.000000,28.750000
1777667014.644918,0,5.000000,0.000000,5.000000,0.000000,0.000000,0.000000,0.000000,0.000000,8.000000,28.760000
1777667014.662227,0,5.000000,0.000000,5.000000,0.000000,0.000000,0.000000,0.000000,0.000000,8.000000,28.770000
1777667014.662655,0,5.000000,0.000000,5.000000,0.000000,0.000000,0.000000,0.000000,0.000000,8.000000,28.780000
1777667014.663203,0,5.000000,0.000000,5.000000,0.000000,0.000000,0.000000,0.000000,0.000000,8.000000,28.790000
1777667014.679436,0,5.000000,0.000000,5.000000,0.000000,0.000000,0.000000,0.000000,0.000000,8.000000,28.790000
1777667014.679858,0,5.000000,0.000000,5.000000,0.000000,0.000000,0.000000,0.000000,0.000000,8.000000,28.800000
1777667014.696872,0,5.000000,0.000000,5.000000,0.000000,0.000000,0.000000,0.000000,0.000000,8.000000,28.810000
1777667014.716087,0,5.000000,0.000000,5.000000,0.000000,0.000000,0.000000,0.000000,0.000000,8.000000,28.820000
1777667014.716663,0,5.000000,0.000000,5.000000,0.000000,0.000000,0.000000,0.000000,0.000000,8.000000,28.840000
1777667014.732390,0,5.000000,0.000000,5.000000,0.000000,0.000000,0.000000,0.000000,0.000000,8.000000,28.850000
1777667014.748841,0,5.000000,0.000000,5.000000,0.000000,0.000000,0.000000,0.000000,0.000000,8.000000,28.860000
1777667014.749235,0,5.000000,0.000000,5.000000,0.000000,0.000000,0.000000,0.000000,0.000000,8.000000,28.870000
1777667014.763734,0,5.000000,0.000000,5.000000,0.000000,0.000000,0.000000,0.000000,0.000000,8.000000,28.870000
1777667014.764172,0,5.000000,0.000000,5.000000,0.000000,0.000000,0.000000,0.000000,0.000000,8.000000,28.880000
1777667014.779001,0,5.000000,0.000000,5.000000,0.000000,0.000000,0.000000,0.000000,0.000000,8.000000,28.890000
1777667014.779594,0,5.000000,0.000000,5.000000,0.000000,0.000000,0.000000,0.000000,0.000000,8.000000,28.900000
1777667014.794032,0,5.000000,0.000000,5.000000,0.000000,0.000000,0.000000,0.000000,0.000000,8.000000,28.920000
1777667014.809523,0,5.000000,0.000000,5.000000,0.000000,0.000000,0.000000,0.000000,0.000000,8.000000,28.930000
1777667014.825334,0,5.000000,0.000000,5.000000,0.000000,0.000000,0.000000,0.000000,0.000000,8.000000,28.940000
1777667014.826316,0,5.000000,0.000000,5.000000,0.000000,0.000000,0.000000,0.000000,0.000000,8.000000,28.950000
1777667014.843345,0,5.000000,0.000000,5.000000,0.000000,0.000000,0.000000,0.000000,0.000000,8.000000,28.960000
1777667014.860845,0,5.000000,0.000000,5.000000,0.000000,0.000000,0.000000,0.000000,0.000000,8.000000,28.970000
1777667014.861265,0,5.000000,0.000000,5.000000,0.000000,0.000000,0.000000,0.000000,0.000000,8.000000,28.980000
1777667014.878584,0,5.000000,0.000000,5.000000,0.000000,0.000000,0.000000,0.000000,0.000000,8.000000,29.000000
1777667014.879012,0,5.000000,0.000000,5.000000,0.000000,0.000000,0.000000,0.000000,0.000000,8.000000,29.010000
1777667014.879501,0,5.000000,0.000000,5.000000,0.000000,0.000000,0.000000,0.000000,0.000000,8.000000,29.020000
1777667014.903969,0,5.000000,0.000000,5.000000,0.000000,0.000000,0.000000,0.000000,0.000000,8.000000,29.030000
1777667014.904394,0,5.000000,0.000000,5.000000,0.000000,0.000000,0.000000,0.000000,0.000000,8.000000,29.040000
1777667014.905034,0,5.000000,0.000000,5.000000,0.000000,0.000000,0.000000,0.000000,0.000000,8.000000,29.040000
1777667014.931942,0,5.000000,0.000000,5.000000,0.000000,0.000000,0.000000,0.000000,0.000000,8.000000,29.050000
1777667014.932506,0,5.000000,0.000000,5.000000,0.000000,0.000000,0.000000,0.000000,0.000000,8.000000,29.060000
1777667014.959431,0,5.000000,0.000000,5.000000,0.000000,0.000000,0.000000,0.000000,0.000000,8.000000,29.070000
1777667014.959873,0,5.000000,0.000000,5.000000,0.000000,0.000000,0.000000,0.000000,0.000000,8.000000,29.090000
1777667014.960303,0,5.000000,0.000000,5.000000,0.000000,0.000000,0.000000,0.000000,0.000000,8.000000,29.100000
1777667014.976578,0,5.000000,0.000000,5.000000,0.000000,0.000000,0.000000,0.000000,0.000000,8.000000,29.110000
1777667014.991844,0,5.000000,0.000000,5.000000,0.000000,0.000000,0.000000,0.000000,0.000000,8.000000,29.120000
1777667014.992270,0,5.000000,0.000000,5.000000,0.000000,0.000000,0.000000,0.000000,0.000000,8.000000,29.120000
1777667015.008019,0,5.000000,0.000000,5.000000,0.000000,0.000000,0.000000,0.000000,0.000000,8.000000,29.130000
1777667015.024018,0,5.000000,0.000000,5.000000,0.000000,0.000000,0.000000,0.000000,0.000000,8.000000,29.140000
1777667015.024466,0,5.000000,0.000000,5.000000,0.000000,0.000000,0.000000,0.000000,0.000000,8.000000,29.150000
1777667015.039236,0,5.000000,0.000000,5.000000,0.000000,0.000000,0.000000,0.000000,0.000000,8.000000,29.150000
1777667015.039674,0,5.000000,0.000000,5.000000,0.000000,0.000000,0.000000,0.000000,0.000000,8.000000,29.170000
1777667015.054382,0,5.000000,0.000000,5.000000,0.000000,0.000000,0.000000,0.000000,0.000000,8.000000,29.180000
1777667015.070306,0,5.000000,0.000000,5.000000,0.000000,0.000000,0.000000,0.000000,0.000000,8.000000,29.190000
1777667015.087058,0,5.000000,0.000000,5.000000,0.000000,0.000000,0.000000,0.000000,0.000000,8.000000,29.200000
1777667015.087512,0,5.000000,0.000000,5.000000,0.000000,0.000000,0.000000,0.000000,0.000000,8.000000,29.200000
1777667015.101801,0,5.000000,0.000000,5.000000,0.000000,0.000000,0.000000,0.000000,0.000000,8.000000,29.210000
1777667015.102244,0,5.000000,0.000000,5.000000,0.000000,0.000000,0.000000,0.000000,0.000000,8.000000,29.220000
1777667015.102685,0,5.000000,0.000000,5.000000,0.000000,0.000000,0.000000,0.000000,0.000000,8.000000,29.230000
1777667015.128772,0,5.000000,0.000000,5.000000,0.000000,0.000000,0.000000,0.000000,0.000000,8.000000,29.250000
1777667015.129357,0,5.000000,0.000000,5.000000,0.000000,0.000000,0.000000,0.000000,0.000000,8.000000,29.260000
1777667015.129718,0,5.000000,0.000000,5.000000,0.000000,0.000000,0.000000,0.000000,0.000000,8.000000,29.270000
1777667015.157503,0,5.000000,0.000000,5.000000,0.000000,0.000000,0.000000,0.000000,0.000000,8.000000,29.280000
1777667015.157934,0,5.000000,0.000000,5.000000,0.000000,0.000000,0.000000,0.000000,0.000000,8.000000,29.290000
1777667015.158446,0,5.000000,0.000000,5.000000,0.000000,0.000000,0.000000,0.000000,0.000000,8.000000,29.290000
1777667015.186926,0,5.000000,0.000000,5.000000,0.000000,0.000000,0.000000,0.000000,0.000000,8.000000,29.300000
1777667015.187363,0,5.000000,0.000000,5.000000,0.000000,0.000000,0.000000,0.000000,0.000000,8.000000,29.310000
1777667015.187863,0,5.000000,0.000000,5.000000,0.000000,0.000000,0.000000,0.000000,0.000000,8.000000,29.320000
1777667015.215253,0,5.000000,0.000000,5.000000,0.000000,0.000000,0.000000,0.000000,0.000000,8.000000,29.340000
1777667015.215669,0,5.000000,0.000000,5.000000,0.000000,0.000000,0.000000,0.000000,0.000000,8.000000,29.350000
1777667015.216310,0,5.000000,0.000000,5.000000,0.000000,0.000000,0.000000,0.000000,0.000000,8.000000,29.360000
1777667015.244225,0,0.000000,0.000000,0.000000,0.000000,0.000000,0.000000,0.000000,0.000000,8.000000,29.370000
1777667015.244809,0,0.000000,0.000000,0.000000,0.000000,0.000000,0.000000,0.000000,0.000000,8.000000,29.370000
1777667015.258634,0,0.000000,0.000000,0.000000,0.000000,0.000000,0.000000,0.000000,0.000000,8.000000,29.380000
1777667015.271941,0,0.000000,0.000000,0.000000,0.000000,0.000000,0.000000,0.000000,0.000000,8.000000,29.390000
1777667015.285550,0,0.000000,0.000000,0.000000,0.000000,0.000000,0.000000,0.000000,0.000000,8.000000,29.400000
1777667015.285982,0,0.000000,0.000000,0.000000,0.000000,0.000000,0.000000,0.000000,0.000000,8.000000,29.420000
1777667015.299826,0,0.000000,0.000000,0.000000,0.000000,0.000000,0.000000,0.000000,0.000000,8.000000,29.430000
1777667015.313061,0,0.000000,0.000000,0.000000,0.000000,0.000000,0.000000,0.000000,0.000000,8.000000,29.440000
1777667015.313640,0,0.000000,0.000000,0.000000,0.000000,0.000000,0.000000,0.000000,0.000000,8.000000,29.450000
1777667015.327735,0,0.000000,0.000000,0.000000,0.000000,0.000000,0.000000,0.000000,0.000000,8.000000,29.450000
1777667015.341908,0,0.000000,0.000000,0.000000,0.000000,0.000000,0.000000,0.000000,0.000000,8.000000,29.460000
1777667015.356450,0,0.000000,0.000000,0.000000,0.000000,0.000000,0.000000,0.000000,0.000000,8.000000,29.470000
1777667015.357043,0,0.000000,0.000000,0.000000,0.000000,0.000000,0.000000,0.000000,0.000000,8.000000,29.480000
1777667015.371191,0,0.000000,0.000000,0.000000,0.000000,0.000000,0.000000,0.000000,0.000000,8.000000,29.500000
1777667015.371760,0,0.000000,0.000000,0.000000,0.000000,0.000000,0.000000,0.000000,0.000000,8.000000,29.510000
1777667015.386327,0,0.000000,0.000000,0.000000,0.000000,0.000000,0.000000,0.000000,0.000000,8.000000,29.520000
1777667015.402552,0,0.000000,0.000000,0.000000,0.000000,0.000000,0.000000,0.000000,0.000000,8.000000,29.530000
1777667015.416992,0,0.000000,0.000000,0.000000,0.000000,0.000000,0.000000,0.000000,0.000000,8.000000,29.540000
1777667015.417434,0,0.000000,0.000000,0.000000,0.000000,0.000000,0.000000,0.000000,0.000000,8.000000,29.540000
1777667015.432068,0,0.000000,0.000000,0.000000,0.000000,0.000000,0.000000,0.000000,0.000000,8.000000,29.550000
1777667015.446479,0,0.000000,0.000000,0.000000,0.000000,0.000000,0.000000,0.000000,0.000000,8.000000,29.560000
1777667015.447096,0,0.000000,0.000000,0.000000,0.000000,0.000000,0.000000,0.000000,0.000000,8.000000,29.570000
1777667015.461638,0,0.000000,0.000000,0.000000,0.000000,0.000000,0.000000,0.000000,0.000000,8.000000,29.590000
1777667015.462206,0,0.000000,0.000000,0.000000,0.000000,0.000000,0.000000,0.000000,0.000000,8.000000,29.600000
1777667015.476296,0,0.000000,0.000000,0.000000,0.000000,0.000000,0.000000,0.000000,0.000000,8.000000,29.610000
1777667015.476899,0,0.000000,0.000000,0.000000,0.000000,0.000000,0.000000,0.000000,0.000000,8.000000,29.620000
1777667015.491215,0,0.000000,0.000000,0.000000,0.000000,0.000000,0.000000,0.000000,0.000000,8.000000,29.620000
1777667015.506519,0,0.000000,0.000000,0.000000,0.000000,0.000000,0.000000,0.000000,0.000000,8.000000,29.630000
1777667015.521380,0,0.000000,0.000000,0.000000,0.000000,0.000000,0.000000,0.000000,0.000000,8.000000,29.630000
1777667015.521965,0,0.000000,0.000000,0.000000,0.000000,0.000000,0.000000,0.000000,0.000000,8.000000,29.640000
1777667015.536412,0,0.000000,0.000000,0.000000,0.000000,0.000000,0.000000,0.000000,0.000000,8.000000,29.670000
1777667015.551440,0,0.000000,0.000000,0.000000,0.000000,0.000000,0.000000,0.000000,0.000000,8.000000,29.680000
1777667015.552025,0,0.000000,0.000000,0.000000,0.000000,0.000000,0.000000,0.000000,0.000000,8.000000,29.690000
1777667015.566956,0,0.000000,0.000000,0.000000,0.000000,0.000000,0.000000,0.000000,0.000000,8.000000,29.700000
1777667015.568375,0,0.000000,0.000000,0.000000,0.000000,0.000000,0.000000,0.000000,0.000000,8.000000,29.700000
1777667015.585708,0,0.000000,0.000000,0.000000,0.000000,0.000000,0.000000,0.000000,0.000000,8.000000,29.710000
1777667015.601452,0,0.000000,0.000000,0.000000,0.000000,0.000000,0.000000,0.000000,0.000000,8.000000,29.720000
1777667015.601887,0,0.000000,0.000000,0.000000,0.000000,0.000000,0.000000,0.000000,0.000000,8.000000,29.730000
1777667015.628969,0,0.000000,0.000000,0.000000,0.000000,0.000000,0.000000,0.000000,0.000000,8.000000,29.750000
1777667015.629416,0,0.000000,0.000000,0.000000,0.000000,0.000000,0.000000,0.000000,0.000000,8.000000,29.750000
1777667015.630069,0,0.000000,0.000000,0.000000,0.000000,0.000000,0.000000,0.000000,0.000000,8.000000,29.760000
1777667015.630469,0,0.000000,0.000000,0.000000,0.000000,0.000000,0.000000,0.000000,0.000000,8.000000,29.770000
1777667015.657951,0,0.000000,0.000000,0.000000,0.000000,0.000000,0.000000,0.000000,0.000000,8.000000,29.790000
1777667015.658574,0,0.000000,0.000000,0.000000,0.000000,0.000000,0.000000,0.000000,0.000000,8.000000,29.790000
1777667015.674641,0,0.000000,0.000000,0.000000,0.000000,0.000000,0.000000,0.000000,0.000000,8.000000,29.800000
1777667015.689276,0,0.000000,0.000000,0.000000,0.000000,0.000000,0.000000,0.000000,0.000000,8.000000,29.810000
1777667015.689699,0,0.000000,0.000000,0.000000,0.000000,0.000000,0.000000,0.000000,0.000000,8.000000,29.820000
1777667015.716577,0,0.000000,0.000000,0.000000,0.000000,0.000000,0.000000,0.000000,0.000000,8.000000,29.840000
1777667015.717028,0,0.000000,0.000000,0.000000,0.000000,0.000000,0.000000,0.000000,0.000000,8.000000,29.850000
1777667015.717480,0,0.000000,0.000000,0.000000,0.000000,0.000000,0.000000,0.000000,0.000000,8.000000,29.860000
1777667015.745133,0,0.000000,0.000000,0.000000,0.000000,0.000000,0.000000,0.000000,0.000000,8.000000,29.870000
1777667015.745575,0,0.000000,0.000000,0.000000,0.000000,0.000000,0.000000,0.000000,0.000000,8.000000,29.870000
1777667015.745912,0,0.000000,0.000000,0.000000,0.000000,0.000000,0.000000,0.000000,0.000000,8.000000,29.880000
1777667015.772757,0,0.000000,0.000000,0.000000,0.000000,0.000000,0.000000,0.000000,0.000000,8.000000,29.890000
1777667015.773356,0,0.000000,0.000000,0.000000,0.000000,0.000000,0.000000,0.000000,0.000000,8.000000,29.900000
1777667015.773755,0,0.000000,0.000000,0.000000,0.000000,0.000000,0.000000,0.000000,0.000000,8.000000,29.920000
1777667015.801130,0,0.000000,0.000000,0.000000,0.000000,0.000000,0.000000,0.000000,0.000000,8.000000,29.930000
1777667015.801575,0,0.000000,0.000000,0.000000,0.000000,0.000000,0.000000,0.000000,0.000000,8.000000,29.940000
1777667015.802145,0,0.000000,0.000000,0.000000,0.000000,0.000000,0.000000,0.000000,0.000000,8.000000,29.950000
1777667015.828732,0,0.000000,0.000000,0.000000,0.000000,0.000000,0.000000,0.000000,0.000000,8.000000,29.950000
1777667015.829339,0,0.000000,0.000000,0.000000,0.000000,0.000000,0.000000,0.000000,0.000000,8.000000,29.960000
1777667015.856762,0,0.000000,0.000000,0.000000,0.000000,0.000000,0.000000,0.000000,0.000000,8.000000,29.970000
1777667015.857372,0,0.000000,0.000000,0.000000,0.000000,0.000000,0.000000,0.000000,0.000000,8.000000,29.980000
1777667015.857816,0,0.000000,0.000000,0.000000,0.000000,0.000000,0.000000,0.000000,0.000000,8.000000,30.000000
1777667015.885527,0,0.000000,0.000000,0.000000,0.000000,0.000000,0.000000,0.000000,0.000000,8.000000,30.010000
1777667015.885977,0,0.000000,0.000000,0.000000,0.000000,0.000000,0.000000,0.000000,0.000000,8.000000,30.020000
1777667015.886505,0,0.000000,0.000000,0.000000,0.000000,0.000000,0.000000,0.000000,0.000000,8.000000,30.030000
1777667015.913901,0,0.000000,0.000000,0.000000,0.000000,0.000000,0.000000,0.000000,0.000000,8.000000,30.040000
1777667015.914554,0,0.000000,0.000000,0.000000,0.000000,0.000000,0.000000,0.000000,0.000000,8.000000,30.040000
1777667015.914910,0,0.000000,0.000000,0.000000,0.000000,0.000000,0.000000,0.000000,0.000000,8.000000,30.050000
1777667015.944341,0,0.000000,0.000000,0.000000,0.000000,0.000000,0.000000,0.000000,0.000000,8.000000,30.060000
1777667015.944794,0,0.000000,0.000000,0.000000,0.000000,0.000000,0.000000,0.000000,0.000000,8.000000,30.070000
1777667015.945314,0,0.000000,0.000000,0.000000,0.000000,0.000000,0.000000,0.000000,0.000000,8.000000,30.090000
1777667015.973914,0,0.000000,0.000000,0.000000,0.000000,0.000000,0.000000,0.000000,0.000000,8.000000,30.100000
1777667015.974365,0,0.000000,0.000000,0.000000,0.000000,0.000000,0.000000,0.000000,0.000000,8.000000,30.110000
1777667015.974892,0,0.000000,0.000000,0.000000,0.000000,0.000000,0.000000,0.000000,0.000000,8.000000,30.120000
1777667015.975240,0,0.000000,0.000000,0.000000,0.000000,0.000000,0.000000,0.000000,0.000000,8.000000,30.120000
1777667016.004010,0,0.000000,0.000000,0.000000,0.000000,0.000000,0.000000,0.000000,0.000000,8.000000,30.130000
1777667016.035124,0,0.000000,0.000000,0.000000,0.000000,0.000000,0.000000,0.000000,0.000000,8.000000,30.140000
1777667016.035573,0,0.000000,0.000000,0.000000,0.000000,0.000000,0.000000,0.000000,0.000000,8.000000,30.150000
1777667016.035923,0,0.000000,0.000000,0.000000,0.000000,0.000000,0.000000,0.000000,0.000000,8.000000,30.170000
1777667016.036416,0,0.000000,0.000000,0.000000,0.000000,0.000000,0.000000,0.000000,0.000000,8.000000,30.180000
1777667016.036756,0,0.000000,0.000000,0.000000,0.000000,0.000000,0.000000,0.000000,0.000000,8.000000,30.190000
1777667016.065515,0,0.000000,0.000000,0.000000,0.000000,0.000000,0.000000,0.000000,0.000000,8.000000,30.200000
1777667016.065954,0,0.000000,0.000000,0.000000,0.000000,0.000000,0.000000,0.000000,0.000000,8.000000,30.200000
1777667016.096374,0,0.000000,0.000000,0.000000,0.000000,0.000000,0.000000,0.000000,0.000000,8.000000,30.210000
1777667016.096837,0,0.000000,0.000000,0.000000,0.000000,0.000000,0.000000,0.000000,0.000000,8.000000,30.220000
1777667016.097514,0,0.000000,0.000000,0.000000,0.000000,0.000000,0.000000,0.000000,0.000000,8.000000,30.230000
1777667016.128289,0,0.000000,0.000000,0.000000,0.000000,0.000000,0.000000,0.000000,0.000000,8.000000,30.250000
1777667016.128742,0,0.000000,0.000000,0.000000,0.000000,0.000000,0.000000,0.000000,0.000000,8.000000,30.260000
1777667016.129329,0,0.000000,0.000000,0.000000,0.000000,0.000000,0.000000,0.000000,0.000000,8.000000,30.270000
1777667016.129681,0,0.000000,0.000000,0.000000,0.000000,0.000000,0.000000,0.000000,0.000000,8.000000,30.280000
1777667016.159613,0,0.000000,0.000000,0.000000,0.000000,0.000000,0.000000,0.000000,0.000000,8.000000,30.290000
1777667016.160064,0,0.000000,0.000000,0.000000,0.000000,0.000000,0.000000,0.000000,0.000000,8.000000,30.290000
1777667016.160585,0,0.000000,0.000000,0.000000,0.000000,0.000000,0.000000,0.000000,0.000000,8.000000,30.300000
1777667016.191004,0,0.000000,0.000000,0.000000,0.000000,0.000000,0.000000,0.000000,0.000000,8.000000,30.310000
1777667016.191450,0,0.000000,0.000000,0.000000,0.000000,0.000000,0.000000,0.000000,0.000000,8.000000,30.320000
1777667016.191966,0,0.000000,0.000000,0.000000,0.000000,0.000000,0.000000,0.000000,0.000000,8.000000,30.340000
1777667016.223534,0,0.000000,0.000000,0.000000,0.000000,0.000000,0.000000,0.000000,0.000000,8.000000,30.350000
1777667016.224154,0,0.000000,0.000000,0.000000,0.000000,0.000000,0.000000,0.000000,0.000000,8.000000,30.360000
1777667016.224539,0,0.000000,0.000000,0.000000,0.000000,0.000000,0.000000,0.000000,0.000000,8.000000,30.370000
1777667016.256184,0,0.000000,0.000000,0.000000,0.000000,0.000000,0.000000,0.000000,0.000000,8.000000,30.370000
1777667016.256631,0,0.000000,0.000000,0.000000,0.000000,0.000000,0.000000,0.000000,0.000000,8.000000,30.380000
1777667016.257140,0,0.000000,0.000000,0.000000,0.000000,0.000000,0.000000,0.000000,0.000000,8.000000,30.390000
1777667016.275050,0,0.000000,0.000000,0.000000,0.000000,0.000000,0.000000,0.000000,0.000000,8.000000,30.400000
1777667016.293090,0,0.000000,0.000000,0.000000,0.000000,0.000000,0.000000,0.000000,0.000000,8.000000,30.400000
1777667016.311811,0,0.000000,0.000000,0.000000,0.000000,0.000000,0.000000,0.000000,0.000000,8.000000,30.420000
1777667016.312253,0,0.000000,0.000000,0.000000,0.000000,0.000000,0.000000,0.000000,0.000000,8.000000,30.430000
1777667016.329866,0,0.000000,0.000000,0.000000,0.000000,0.000000,0.000000,0.000000,0.000000,8.000000,30.440000
1777667016.330570,0,0.000000,0.000000,0.000000,0.000000,0.000000,0.000000,0.000000,0.000000,8.000000,30.450000
1777667016.331013,0,0.000000,0.000000,0.000000,0.000000,0.000000,0.000000,0.000000,0.000000,8.000000,30.450000
1777667016.346040,0,0.000000,0.000000,0.000000,0.000000,0.000000,0.000000,0.000000,0.000000,8.000000,30.460000
1777667016.360017,0,0.000000,0.000000,0.000000,0.000000,0.000000,0.000000,0.000000,0.000000,8.000000,30.470000
1777667016.360465,0,0.000000,0.000000,0.000000,0.000000,0.000000,0.000000,0.000000,0.000000,8.000000,30.480000
1777667016.375412,0,0.000000,0.000000,0.000000,0.000000,0.000000,0.000000,0.000000,0.000000,8.000000,30.500000
1777667016.389445,0,0.000000,0.000000,0.000000,0.000000,0.000000,0.000000,0.000000,0.000000,8.000000,30.510000
1777667016.389885,0,0.000000,0.000000,0.000000,0.000000,0.000000,0.000000,0.000000,0.000000,8.000000,30.520000
1777667016.405715,0,0.000000,0.000000,0.000000,0.000000,0.000000,0.000000,0.000000,0.000000,8.000000,30.530000
1777667016.420937,0,0.000000,0.000000,0.000000,0.000000,0.000000,0.000000,0.000000,0.000000,8.000000,30.540000
1777667016.421382,0,0.000000,0.000000,0.000000,0.000000,0.000000,0.000000,0.000000,0.000000,8.000000,30.540000
1777667016.435424,0,0.000000,0.000000,0.000000,0.000000,0.000000,0.000000,0.000000,0.000000,8.000000,30.550000
1777667016.450039,0,0.000000,0.000000,0.000000,0.000000,0.000000,0.000000,0.000000,0.000000,8.000000,30.560000
1777667016.465468,0,0.000000,0.000000,0.000000,0.000000,0.000000,0.000000,0.000000,0.000000,8.000000,30.570000
1777667016.465895,0,0.000000,0.000000,0.000000,0.000000,0.000000,0.000000,0.000000,0.000000,8.000000,30.590000
1777667016.480329,0,0.000000,0.000000,0.000000,0.000000,0.000000,0.000000,0.000000,0.000000,8.000000,30.600000
1777667016.480803,0,0.000000,0.000000,0.000000,0.000000,0.000000,0.000000,0.000000,0.000000,8.000000,30.610000
1777667016.496187,0,0.000000,0.000000,0.000000,0.000000,0.000000,0.000000,0.000000,0.000000,8.000000,30.620000
1777667016.510730,0,0.000000,0.000000,0.000000,0.000000,0.000000,0.000000,0.000000,0.000000,8.000000,30.620000
1777667016.511169,0,0.000000,0.000000,0.000000,0.000000,0.000000,0.000000,0.000000,0.000000,8.000000,30.630000
1777667016.526649,0,0.000000,0.000000,0.000000,0.000000,0.000000,0.000000,0.000000,0.000000,8.000000,30.640000
1777667016.541344,0,0.000000,0.000000,0.000000,0.000000,0.000000,0.000000,0.000000,0.000000,8.000000,30.650000
1777667016.541787,0,0.000000,0.000000,0.000000,0.000000,0.000000,0.000000,0.000000,0.000000,8.000000,30.670000
1777667016.542312,0,0.000000,0.000000,0.000000,0.000000,0.000000,0.000000,0.000000,0.000000,8.000000,30.680000
1777667016.556823,0,0.000000,0.000000,0.000000,0.000000,0.000000,0.000000,0.000000,0.000000,8.000000,30.690000
1777667016.572572,0,0.000000,0.000000,0.000000,0.000000,0.000000,0.000000,0.000000,0.000000,8.000000,30.700000
1777667016.588983,0,0.000000,0.000000,0.000000,0.000000,0.000000,0.000000,0.000000,0.000000,8.000000,30.700000
1777667016.589597,0,0.000000,0.000000,0.000000,0.000000,0.000000,0.000000,0.000000,0.000000,8.000000,30.710000
1777667016.590077,0,0.000000,0.000000,0.000000,0.000000,0.000000,0.000000,0.000000,0.000000,8.000000,30.720000
1777667016.617068,0,0.000000,0.000000,0.000000,0.000000,0.000000,0.000000,0.000000,0.000000,8.000000,30.730000
1777667016.617533,0,0.000000,0.000000,0.000000,0.000000,0.000000,0.000000,0.000000,0.000000,8.000000,30.750000
1777667016.618208,0,0.000000,0.000000,0.000000,0.000000,0.000000,0.000000,0.000000,0.000000,8.000000,30.760000
1777667016.632738,0,0.000000,0.000000,0.000000,0.000000,0.000000,0.000000,0.000000,0.000000,8.000000,30.770000
1777667016.659374,0,0.000000,0.000000,0.000000,0.000000,0.000000,0.000000,0.000000,0.000000,8.000000,30.780000
1777667016.659832,0,0.000000,0.000000,0.000000,0.000000,0.000000,0.000000,0.000000,0.000000,8.000000,30.790000
1777667016.660368,0,0.000000,0.000000,0.000000,0.000000,0.000000,0.000000,0.000000,0.000000,8.000000,30.790000
1777667016.688238,0,0.000000,0.000000,0.000000,0.000000,0.000000,0.000000,0.000000,0.000000,8.000000,30.800000
1777667016.688705,0,0.000000,0.000000,0.000000,0.000000,0.000000,0.000000,0.000000,0.000000,8.000000,30.810000
1777667016.689237,0,0.000000,0.000000,0.000000,0.000000,0.000000,0.000000,0.000000,0.000000,8.000000,30.820000
1777667016.715836,0,0.000000,0.000000,0.000000,0.000000,0.000000,0.000000,0.000000,0.000000,8.000000,30.840000
1777667016.716469,0,0.000000,0.000000,0.000000,0.000000,0.000000,0.000000,0.000000,0.000000,8.000000,30.850000
1777667016.744058,0,0.000000,0.000000,0.000000,0.000000,0.000000,0.000000,0.000000,0.000000,8.000000,30.860000
1777667016.744528,0,0.000000,0.000000,0.000000,0.000000,0.000000,0.000000,0.000000,0.000000,8.000000,30.870000
1777667016.745072,0,0.000000,0.000000,0.000000,0.000000,0.000000,0.000000,0.000000,0.000000,8.000000,30.870000
1777667016.759241,0,0.000000,0.000000,0.000000,0.000000,0.000000,0.000000,0.000000,0.000000,8.000000,30.880000
1777667016.773252,0,0.000000,0.000000,0.000000,0.000000,0.000000,0.000000,0.000000,0.000000,8.000000,30.890000
1777667016.787860,0,0.000000,0.000000,0.000000,0.000000,0.000000,0.000000,0.000000,0.000000,8.000000,30.900000
1777667016.802239,0,0.000000,0.000000,0.000000,0.000000,0.000000,0.000000,0.000000,0.000000,8.000000,30.920000
1777667016.802696,0,0.000000,0.000000,0.000000,0.000000,0.000000,0.000000,0.000000,0.000000,8.000000,30.930000
1777667016.817887,0,0.000000,0.000000,0.000000,0.000000,0.000000,0.000000,0.000000,0.000000,8.000000,30.940000
1777667016.832326,0,0.000000,0.000000,0.000000,0.000000,0.000000,0.000000,0.000000,0.000000,8.000000,30.950000
1777667016.832783,0,0.000000,0.000000,0.000000,0.000000,0.000000,0.000000,0.000000,0.000000,8.000000,30.950000
1777667016.846900,0,0.000000,0.000000,0.000000,0.000000,0.000000,0.000000,0.000000,0.000000,8.000000,30.960000
1777667016.861469,0,0.000000,0.000000,0.000000,0.000000,0.000000,0.000000,0.000000,0.000000,8.000000,30.970000
1777667016.876399,0,0.000000,0.000000,0.000000,0.000000,0.000000,0.000000,0.000000,0.000000,8.000000,30.980000
1777667016.876860,0,0.000000,0.000000,0.000000,0.000000,0.000000,0.000000,0.000000,0.000000,8.000000,31.000000
1777667016.891595,0,0.000000,0.000000,0.000000,0.000000,0.000000,0.000000,0.000000,0.000000,8.000000,31.010000
1777667016.892047,0,0.000000,0.000000,0.000000,0.000000,0.000000,0.000000,0.000000,0.000000,8.000000,31.020000
1777667016.905985,0,0.000000,0.000000,0.000000,0.000000,0.000000,0.000000,0.000000,0.000000,8.000000,31.030000
1777667016.906434,0,0.000000,0.000000,0.000000,0.000000,0.000000,0.000000,0.000000,0.000000,8.000000,31.040000
1777667016.932579,0,0.000000,0.000000,0.000000,0.000000,0.000000,0.000000,0.000000,0.000000,8.000000,31.040000
1777667016.933232,0,0.000000,0.000000,0.000000,0.000000,0.000000,0.000000,0.000000,0.000000,8.000000,31.050000
1777667016.933842,0,0.000000,0.000000,0.000000,0.000000,0.000000,0.000000,0.000000,0.000000,8.000000,31.060000
1777667016.948697,0,0.000000,0.000000,0.000000,0.000000,0.000000,0.000000,0.000000,0.000000,8.000000,31.070000
1777667016.962646,0,0.000000,0.000000,0.000000,0.000000,0.000000,0.000000,0.000000,0.000000,8.000000,31.090000
1777667016.963091,0,0.000000,0.000000,0.000000,0.000000,0.000000,0.000000,0.000000,0.000000,8.000000,31.100000
1777667016.990701,0,0.000000,0.000000,0.000000,0.000000,0.000000,0.000000,0.000000,0.000000,8.000000,31.110000
1777667016.991159,0,0.000000,0.000000,0.000000,0.000000,0.000000,0.000000,0.000000,0.000000,8.000000,31.120000
1777667016.991585,0,0.000000,0.000000,0.000000,0.000000,0.000000,0.000000,0.000000,0.000000,8.000000,31.120000
1777667017.017657,0,0.000000,0.000000,0.000000,0.000000,0.000000,0.000000,0.000000,0.000000,8.000000,31.130000
1777667017.018132,0,0.000000,0.000000,0.000000,0.000000,0.000000,0.000000,0.000000,0.000000,8.000000,31.140000
1777667017.018681,0,0.000000,0.000000,0.000000,0.000000,0.000000,0.000000,0.000000,0.000000,8.000000,31.150000
1777667017.044452,0,0.000000,0.000000,0.000000,0.000000,0.000000,0.000000,0.000000,0.000000,8.000000,31.170000
1777667017.044915,0,0.000000,0.000000,0.000000,0.000000,0.000000,0.000000,0.000000,0.000000,8.000000,31.180000
1777667017.045457,0,0.000000,0.000000,0.000000,0.000000,0.000000,0.000000,0.000000,0.000000,8.000000,31.190000
1777667017.071606,0,0.000000,0.000000,0.000000,0.000000,0.000000,0.000000,0.000000,0.000000,8.000000,31.200000
1777667017.072064,0,0.000000,0.000000,0.000000,0.000000,0.000000,0.000000,0.000000,0.000000,8.000000,31.200000
1777667017.099596,0,0.000000,0.000000,0.000000,0.000000,0.000000,0.000000,0.000000,0.000000,8.000000,31.210000
1777667017.100070,0,0.000000,0.000000,0.000000,0.000000,0.000000,0.000000,0.000000,0.000000,8.000000,31.220000
1777667017.127823,0,0.000000,0.000000,0.000000,0.000000,0.000000,0.000000,0.000000,0.000000,8.000000,31.230000
1777667017.128551,0,0.000000,0.000000,0.000000,0.000000,0.000000,0.000000,0.000000,0.000000,8.000000,31.250000
1777667017.128967,0,0.000000,0.000000,0.000000,0.000000,0.000000,0.000000,0.000000,0.000000,8.000000,31.260000
1777667017.129479,0,0.000000,0.000000,0.000000,0.000000,0.000000,0.000000,0.000000,0.000000,8.000000,31.270000
1777667017.144164,0,0.000000,0.000000,0.000000,0.000000,0.000000,0.000000,0.000000,0.000000,8.000000,31.280000
1777667017.159835,0,0.000000,0.000000,0.000000,0.000000,0.000000,0.000000,0.000000,0.000000,8.000000,31.290000
1777667017.176064,0,0.000000,0.000000,0.000000,0.000000,0.000000,0.000000,0.000000,0.000000,8.000000,31.290000
1777667017.192889,0,0.000000,0.000000,0.000000,0.000000,0.000000,0.000000,0.000000,0.000000,8.000000,31.300000
1777667017.193346,0,0.000000,0.000000,0.000000,0.000000,0.000000,0.000000,0.000000,0.000000,8.000000,31.310000
1777667017.208635,0,0.000000,0.000000,0.000000,0.000000,0.000000,0.000000,0.000000,0.000000,8.000000,31.320000
1777667017.209093,0,0.000000,0.000000,0.000000,0.000000,0.000000,0.000000,0.000000,0.000000,8.000000,31.340000
1777667017.226625,0,0.000000,0.000000,0.000000,0.000000,0.000000,0.000000,0.000000,0.000000,8.000000,31.350000
1777667017.227312,0,0.000000,0.000000,0.000000,0.000000,0.000000,0.000000,0.000000,0.000000,8.000000,31.360000
1777667017.243397,0,0.000000,0.000000,0.000000,0.000000,0.000000,0.000000,0.000000,0.000000,8.000000,31.370000
1777667017.259526,0,0.000000,0.000000,0.000000,0.000000,0.000000,0.000000,0.000000,0.000000,8.000000,31.370000
1777667017.259979,0,0.000000,0.000000,0.000000,0.000000,0.000000,0.000000,0.000000,0.000000,8.000000,31.380000
1777667017.277335,0,0.000000,0.000000,0.000000,0.000000,0.000000,0.000000,0.000000,0.000000,8.000000,31.390000
1777667017.292517,0,0.000000,0.000000,0.000000,0.000000,0.000000,0.000000,0.000000,0.000000,8.000000,31.400000
1777667017.292984,0,0.000000,0.000000,0.000000,0.000000,0.000000,0.000000,0.000000,0.000000,8.000000,31.420000
1777667017.293476,0,0.000000,0.000000,0.000000,0.000000,0.000000,0.000000,0.000000,0.000000,8.000000,31.430000
1777667017.322365,0,0.000000,0.000000,0.000000,0.000000,0.000000,0.000000,0.000000,0.000000,8.000000,31.440000
1777667017.322839,0,0.000000,0.000000,0.000000,0.000000,0.000000,0.000000,0.000000,0.000000,8.000000,31.450000
1777667017.323217,0,0.000000,0.000000,0.000000,0.000000,0.000000,0.000000,0.000000,0.000000,8.000000,31.450000
1777667017.351550,0,0.000000,0.000000,0.000000,0.000000,0.000000,0.000000,0.000000,0.000000,8.000000,31.460000
1777667017.352032,0,0.000000,0.000000,0.000000,0.000000,0.000000,0.000000,0.000000,0.000000,8.000000,31.470000
1777667017.352600,0,0.000000,0.000000,0.000000,0.000000,0.000000,0.000000,0.000000,0.000000,8.000000,31.480000
1777667017.368229,0,0.000000,0.000000,0.000000,0.000000,0.000000,0.000000,0.000000,0.000000,8.000000,31.500000
1777667017.384861,0,0.000000,0.000000,0.000000,0.000000,0.000000,0.000000,0.000000,0.000000,8.000000,31.510000
1777667017.385476,0,0.000000,0.000000,0.000000,0.000000,0.000000,0.000000,0.000000,0.000000,8.000000,31.520000
1777667017.402846,0,0.000000,0.000000,0.000000,0.000000,0.000000,0.000000,0.000000,0.000000,8.000000,31.530000
1777667017.419353,0,0.000000,0.000000,0.000000,0.000000,0.000000,0.000000,0.000000,0.000000,8.000000,31.540000
1777667017.436478,0,0.000000,0.000000,0.000000,0.000000,0.000000,0.000000,0.000000,0.000000,8.000000,31.540000
1777667017.436957,0,0.000000,0.000000,0.000000,0.000000,0.000000,0.000000,0.000000,0.000000,8.000000,31.550000
1777667017.437581,0,0.000000,0.000000,0.000000,0.000000,0.000000,0.000000,0.000000,0.000000,8.000000,31.560000
1777667017.453185,0,0.000000,0.000000,0.000000,0.000000,0.000000,0.000000,0.000000,0.000000,8.000000,31.570000
1777667017.453653,0,0.000000,0.000000,0.000000,0.000000,0.000000,0.000000,0.000000,0.000000,8.000000,31.590000
1777667017.469672,0,0.000000,0.000000,0.000000,0.000000,0.000000,0.000000,0.000000,0.000000,8.000000,31.600000
1777667017.485619,0,0.000000,0.000000,0.000000,0.000000,0.000000,0.000000,0.000000,0.000000,8.000000,31.610000
1777667017.502328,0,0.000000,0.000000,0.000000,0.000000,0.000000,0.000000,0.000000,0.000000,8.000000,31.620000
1777667017.502804,0,0.000000,0.000000,0.000000,0.000000,0.000000,0.000000,0.000000,0.000000,8.000000,31.620000
1777667017.519207,0,0.000000,0.000000,0.000000,0.000000,0.000000,0.000000,0.000000,0.000000,8.000000,31.630000
1777667017.519824,0,0.000000,0.000000,0.000000,0.000000,0.000000,0.000000,0.000000,0.000000,8.000000,31.640000
1777667017.520312,0,0.000000,0.000000,0.000000,0.000000,0.000000,0.000000,0.000000,0.000000,8.000000,31.650000
1777667017.536314,0,0.000000,0.000000,0.000000,0.000000,0.000000,0.000000,0.000000,0.000000,8.000000,31.670000
1777667017.536768,0,0.000000,0.000000,0.000000,0.000000,0.000000,0.000000,0.000000,0.000000,8.000000,31.680000
1777667017.565361,0,0.000000,0.000000,0.000000,0.000000,0.000000,0.000000,0.000000,0.000000,8.000000,31.680000
1777667017.565818,0,0.000000,0.000000,0.000000,0.000000,0.000000,0.000000,0.000000,0.000000,8.000000,31.700000
1777667017.566341,0,0.000000,0.000000,0.000000,0.000000,0.000000,0.000000,0.000000,0.000000,8.000000,31.700000
1777667017.566720,0,0.000000,0.000000,0.000000,0.000000,0.000000,0.000000,0.000000,0.000000,8.000000,31.710000
1777667017.595457,0,0.000000,0.000000,0.000000,0.000000,0.000000,0.000000,0.000000,0.000000,8.000000,31.720000
1777667017.595936,0,0.000000,0.000000,0.000000,0.000000,0.000000,0.000000,0.000000,0.000000,8.000000,31.730000
1777667017.626236,0,0.000000,0.000000,0.000000,0.000000,0.000000,0.000000,0.000000,0.000000,8.000000,31.730000
1777667017.626726,0,0.000000,0.000000,0.000000,0.000000,0.000000,0.000000,0.000000,0.000000,8.000000,31.760000
1777667017.627376,0,0.000000,0.000000,0.000000,0.000000,0.000000,0.000000,0.000000,0.000000,8.000000,31.760000
1777667017.627725,0,0.000000,0.000000,0.000000,0.000000,0.000000,0.000000,0.000000,0.000000,8.000000,31.770000
1777667017.656096,0,0.000000,0.000000,0.000000,0.000000,0.000000,0.000000,0.000000,0.000000,8.000000,31.780000
1777667017.685856,0,0.000000,0.000000,0.000000,0.000000,0.000000,0.000000,0.000000,0.000000,8.000000,31.790000
1777667017.686332,0,0.000000,0.000000,0.000000,0.000000,0.000000,0.000000,0.000000,0.000000,8.000000,31.790000
1777667017.686712,0,0.000000,0.000000,0.000000,0.000000,0.000000,0.000000,0.000000,0.000000,8.000000,31.800000
1777667017.687381,0,0.000000,0.000000,0.000000,0.000000,0.000000,0.000000,0.000000,0.000000,8.000000,31.810000
1777667017.687930,0,0.000000,0.000000,0.000000,0.000000,0.000000,0.000000,0.000000,0.000000,8.000000,31.820000
1777667017.715511,0,0.000000,0.000000,0.000000,0.000000,0.000000,0.000000,0.000000,0.000000,8.000000,31.840000
1777667017.716251,0,0.000000,0.000000,0.000000,0.000000,0.000000,0.000000,0.000000,0.000000,8.000000,31.850000
1777667017.744695,0,0.000000,0.000000,0.000000,0.000000,0.000000,0.000000,0.000000,0.000000,8.000000,31.860000
1777667017.745166,0,0.000000,0.000000,0.000000,0.000000,0.000000,0.000000,0.000000,0.000000,8.000000,31.870000
1777667017.745825,0,0.000000,0.000000,0.000000,0.000000,0.000000,0.000000,0.000000,0.000000,8.000000,31.870000
1777667017.774786,0,0.000000,0.000000,0.000000,0.000000,0.000000,0.000000,0.000000,0.000000,8.000000,31.880000
1777667017.775259,0,0.000000,0.000000,0.000000,0.000000,0.000000,0.000000,0.000000,0.000000,8.000000,31.890000
1777667017.775830,0,0.000000,0.000000,0.000000,0.000000,0.000000,0.000000,0.000000,0.000000,8.000000,31.900000
1777667017.776225,0,0.000000,0.000000,0.000000,0.000000,0.000000,0.000000,0.000000,0.000000,8.000000,31.920000
1777667017.804826,0,0.000000,0.000000,0.000000,0.000000,0.000000,0.000000,0.000000,0.000000,8.000000,31.930000
1777667017.805535,0,0.000000,0.000000,0.000000,0.000000,0.000000,0.000000,0.000000,0.000000,8.000000,31.940000
1777667017.805907,0,0.000000,0.000000,0.000000,0.000000,0.000000,0.000000,0.000000,0.000000,8.000000,31.950000
1777667017.806237,0,0.000000,0.000000,0.000000,0.000000,0.000000,0.000000,0.000000,0.000000,8.000000,31.950000
1777667017.834665,0,0.000000,0.000000,0.000000,0.000000,0.000000,0.000000,0.000000,0.000000,8.000000,31.960000
1777667017.835134,0,0.000000,0.000000,0.000000,0.000000,0.000000,0.000000,0.000000,0.000000,8.000000,31.970000
1777667017.863363,0,0.000000,0.000000,0.000000,0.000000,0.000000,0.000000,0.000000,0.000000,8.000000,31.980000
1777667017.864267,0,0.000000,0.000000,0.000000,0.000000,0.000000,0.000000,0.000000,0.000000,8.000000,32.000000
1777667017.880058,0,0.000000,0.000000,0.000000,0.000000,0.000000,0.000000,0.000000,0.000000,8.000000,32.000000
1777667017.895504,0,0.000000,0.000000,0.000000,0.000000,0.000000,0.000000,0.000000,0.000000,8.000000,32.020000
1777667017.895961,0,0.000000,0.000000,0.000000,0.000000,0.000000,0.000000,0.000000,0.000000,8.000000,32.020000
1777667017.924893,0,0.000000,0.000000,0.000000,0.000000,0.000000,0.000000,0.000000,0.000000,8.000000,32.040000
1777667017.925372,0,0.000000,0.000000,0.000000,0.000000,0.000000,0.000000,0.000000,0.000000,8.000000,32.040000
1777667017.925928,0,0.000000,0.000000,0.000000,0.000000,0.000000,0.000000,0.000000,0.000000,8.000000,32.060000
1777667017.926300,0,0.000000,0.000000,0.000000,0.000000,0.000000,0.000000,0.000000,0.000000,8.000000,32.060000
1777667017.955163,0,0.000000,0.000000,0.000000,0.000000,0.000000,0.000000,0.000000,0.000000,8.000000,32.080000
1777667017.955914,0,0.000000,0.000000,0.000000,0.000000,0.000000,0.000000,0.000000,0.000000,8.000000,32.090000
1777667017.956290,0,0.000000,0.000000,0.000000,0.000000,0.000000,0.000000,0.000000,0.000000,8.000000,32.090000
1777667017.984301,0,0.000000,0.000000,0.000000,0.000000,0.000000,0.000000,0.000000,0.000000,8.000000,32.110000
1777667017.984771,0,0.000000,0.000000,0.000000,0.000000,0.000000,0.000000,0.000000,0.000000,8.000000,32.110000
1777667017.985483,0,0.000000,0.000000,0.000000,0.000000,0.000000,0.000000,0.000000,0.000000,8.000000,32.130000
1777667017.985859,0,0.000000,0.000000,0.000000,0.000000,0.000000,0.000000,0.000000,0.000000,8.000000,32.130000
1777667018.013746,0,0.000000,0.000000,0.000000,0.000000,0.000000,0.000000,0.000000,0.000000,8.000000,32.150000
1777667018.014275,0,0.000000,0.000000,0.000000,0.000000,0.000000,0.000000,0.000000,0.000000,8.000000,32.150000
1777667018.043097,0,0.000000,0.000000,0.000000,0.000000,0.000000,0.000000,0.000000,0.000000,8.000000,32.160000
1777667018.043731,0,0.000000,0.000000,0.000000,0.000000,0.000000,0.000000,0.000000,0.000000,8.000000,32.180000
1777667018.060402,0,0.000000,0.000000,0.000000,0.000000,0.000000,0.000000,0.000000,0.000000,8.000000,32.180000
1777667018.075791,0,0.000000,0.000000,0.000000,0.000000,0.000000,0.000000,0.000000,0.000000,8.000000,32.200000
1777667018.076250,0,0.000000,0.000000,0.000000,0.000000,0.000000,0.000000,0.000000,0.000000,8.000000,32.200000
1777667018.092712,0,0.000000,0.000000,0.000000,0.000000,0.000000,0.000000,0.000000,0.000000,8.000000,32.220000
1777667018.109651,0,0.000000,0.000000,0.000000,0.000000,0.000000,0.000000,0.000000,0.000000,8.000000,32.220000
1777667018.110115,0,0.000000,0.000000,0.000000,0.000000,0.000000,0.000000,0.000000,0.000000,8.000000,32.240000
1777667018.126994,0,0.000000,0.000000,0.000000,0.000000,0.000000,0.000000,0.000000,0.000000,8.000000,32.250000
1777667018.127568,0,0.000000,0.000000,0.000000,0.000000,0.000000,0.000000,0.000000,0.000000,8.000000,32.250000
1777667018.143468,0,0.000000,0.000000,0.000000,0.000000,0.000000,0.000000,0.000000,0.000000,8.000000,32.270000
1777667018.143932,0,0.000000,0.000000,0.000000,0.000000,0.000000,0.000000,0.000000,0.000000,8.000000,32.270000
1777667018.173769,0,0.000000,0.000000,0.000000,0.000000,0.000000,0.000000,0.000000,0.000000,8.000000,32.290000
1777667018.174246,0,0.000000,0.000000,0.000000,0.000000,0.000000,0.000000,0.000000,0.000000,8.000000,32.290000
1777667018.174659,0,0.000000,0.000000,0.000000,0.000000,0.000000,0.000000,0.000000,0.000000,8.000000,32.310000
1777667018.175095,0,0.000000,0.000000,0.000000,0.000000,0.000000,0.000000,0.000000,0.000000,8.000000,32.310000
1777667018.204197,0,0.000000,0.000000,0.000000,0.000000,0.000000,0.000000,0.000000,0.000000,8.000000,32.330000
1777667018.204681,0,0.000000,0.000000,0.000000,0.000000,0.000000,0.000000,0.000000,0.000000,8.000000,32.340000
1777667018.205299,0,0.000000,0.000000,0.000000,0.000000,0.000000,0.000000,0.000000,0.000000,8.000000,32.340000
1777667018.236618,0,0.000000,0.000000,0.000000,0.000000,0.000000,0.000000,0.000000,0.000000,8.000000,32.360000
1777667018.237199,0,0.000000,0.000000,0.000000,0.000000,0.000000,0.000000,0.000000,0.000000,8.000000,32.360000
1777667018.237812,0,0.000000,0.000000,0.000000,0.000000,0.000000,0.000000,0.000000,0.000000,8.000000,32.380000
1777667018.269172,0,0.000000,0.000000,0.000000,0.000000,0.000000,0.000000,0.000000,0.000000,8.000000,32.380000
1777667018.269647,0,0.000000,0.000000,0.000000,0.000000,0.000000,0.000000,0.000000,0.000000,8.000000,32.400000
1777667018.270024,0,0.000000,0.000000,0.000000,0.000000,0.000000,0.000000,0.000000,0.000000,8.000000,32.400000
1777667018.302043,0,0.000000,0.000000,0.000000,0.000000,0.000000,0.000000,0.000000,0.000000,8.000000,32.410000
1777667018.302521,0,0.000000,0.000000,0.000000,0.000000,0.000000,0.000000,0.000000,0.000000,8.000000,32.430000
1777667018.303211,0,0.000000,0.000000,0.000000,0.000000,0.000000,0.000000,0.000000,0.000000,8.000000,32.430000
1777667018.303625,0,0.000000,0.000000,0.000000,0.000000,0.000000,0.000000,0.000000,0.000000,8.000000,32.450000
1777667018.332221,0,0.000000,0.000000,0.000000,0.000000,0.000000,0.000000,0.000000,0.000000,8.000000,32.450000
1777667018.332702,0,0.000000,0.000000,0.000000,0.000000,0.000000,0.000000,0.000000,0.000000,8.000000,32.470000
1777667018.333479,0,0.000000,0.000000,0.000000,0.000000,0.000000,0.000000,0.000000,0.000000,8.000000,32.470000
1777667018.363173,0,0.000000,0.000000,0.000000,0.000000,0.000000,0.000000,0.000000,0.000000,8.000000,32.490000
1777667018.364043,0,0.000000,0.000000,0.000000,0.000000,0.000000,0.000000,0.000000,0.000000,8.000000,32.500000
1777667018.364528,0,0.000000,0.000000,0.000000,0.000000,0.000000,0.000000,0.000000,0.000000,8.000000,32.500000
1777667018.381421,0,0.000000,0.000000,0.000000,0.000000,0.000000,0.000000,0.000000,0.000000,8.000000,32.520000
1777667018.398736,0,0.000000,0.000000,0.000000,0.000000,0.000000,0.000000,0.000000,0.000000,8.000000,32.520000
1777667018.415605,0,0.000000,0.000000,0.000000,0.000000,0.000000,0.000000,0.000000,0.000000,8.000000,32.540000
1777667018.434345,0,0.000000,0.000000,0.000000,0.000000,0.000000,0.000000,0.000000,0.000000,8.000000,32.540000
1777667018.434817,0,0.000000,0.000000,0.000000,0.000000,0.000000,0.000000,0.000000,0.000000,8.000000,32.560000
1777667018.450729,0,0.000000,0.000000,0.000000,0.000000,0.000000,0.000000,0.000000,0.000000,8.000000,32.560000
1777667018.451196,0,0.000000,0.000000,0.000000,0.000000,0.000000,0.000000,0.000000,0.000000,8.000000,32.580000
1777667018.451554,0,0.000000,0.000000,0.000000,0.000000,0.000000,0.000000,0.000000,0.000000,8.000000,32.590000
1777667018.480280,0,0.000000,0.000000,0.000000,0.000000,0.000000,0.000000,0.000000,0.000000,8.000000,32.590000
1777667018.480772,0,0.000000,0.000000,0.000000,0.000000,0.000000,0.000000,0.000000,0.000000,8.000000,32.610000
1777667018.481347,0,0.000000,0.000000,0.000000,0.000000,0.000000,0.000000,0.000000,0.000000,8.000000,32.610000
1777667018.481722,0,0.000000,0.000000,0.000000,0.000000,0.000000,0.000000,0.000000,0.000000,8.000000,32.630000
1777667018.509046,0,0.000000,0.000000,0.000000,0.000000,0.000000,0.000000,0.000000,0.000000,8.000000,32.630000
1777667018.509522,0,0.000000,0.000000,0.000000,0.000000,0.000000,0.000000,0.000000,0.000000,8.000000,32.650000
1777667018.538443,0,0.000000,0.000000,0.000000,0.000000,0.000000,0.000000,0.000000,0.000000,8.000000,32.650000
1777667018.539054,0,0.000000,0.000000,0.000000,0.000000,0.000000,0.000000,0.000000,0.000000,8.000000,32.650000
1777667018.539614,0,0.000000,0.000000,0.000000,0.000000,0.000000,0.000000,0.000000,0.000000,8.000000,32.680000
1777667018.555597,0,0.000000,0.000000,0.000000,0.000000,0.000000,0.000000,0.000000,0.000000,8.000000,32.680000
1777667018.571861,0,0.000000,0.000000,0.000000,0.000000,0.000000,0.000000,0.000000,0.000000,8.000000,32.700000
1777667018.572402,0,0.000000,0.000000,0.000000,0.000000,0.000000,0.000000,0.000000,0.000000,8.000000,32.700000
1777667018.590667,0,0.000000,0.000000,0.000000,0.000000,0.000000,0.000000,0.000000,0.000000,8.000000,32.720000
1777667018.607096,0,0.000000,0.000000,0.000000,0.000000,0.000000,0.000000,0.000000,0.000000,8.000000,32.720000
1777667018.607652,0,0.000000,0.000000,0.000000,0.000000,0.000000,0.000000,0.000000,0.000000,8.000000,32.720000
1777667018.623773,0,0.000000,0.000000,0.000000,0.000000,0.000000,0.000000,0.000000,0.000000,8.000000,32.740000
1777667018.624239,0,0.000000,0.000000,0.000000,0.000000,0.000000,0.000000,0.000000,0.000000,8.000000,32.750000
1777667018.640307,0,0.000000,0.000000,0.000000,0.000000,0.000000,0.000000,0.000000,0.000000,8.000000,32.750000
1777667018.657211,0,0.000000,0.000000,0.000000,0.000000,0.000000,0.000000,0.000000,0.000000,8.000000,32.770000
1777667018.657688,0,0.000000,0.000000,0.000000,0.000000,0.000000,0.000000,0.000000,0.000000,8.000000,32.770000
1777667018.658031,0,0.000000,0.000000,0.000000,0.000000,0.000000,0.000000,0.000000,0.000000,8.000000,32.790000
1777667018.687315,0,0.000000,0.000000,0.000000,0.000000,0.000000,0.000000,0.000000,0.000000,8.000000,32.790000
1777667018.687837,0,0.000000,0.000000,0.000000,0.000000,0.000000,0.000000,0.000000,0.000000,8.000000,32.810000
1777667018.688478,0,0.000000,0.000000,0.000000,0.000000,0.000000,0.000000,0.000000,0.000000,8.000000,32.810000
1777667018.708285,0,0.000000,0.000000,0.000000,0.000000,0.000000,0.000000,0.000000,0.000000,8.000000,32.830000
1777667018.734276,0,0.000000,0.000000,0.000000,0.000000,0.000000,0.000000,0.000000,0.000000,8.000000,32.840000
1777667018.734742,0,0.000000,0.000000,0.000000,0.000000,0.000000,0.000000,0.000000,0.000000,8.000000,32.840000
1777667018.753452,0,0.000000,0.000000,0.000000,0.000000,0.000000,0.000000,0.000000,0.000000,8.000000,32.860000
1777667018.753929,0,0.000000,0.000000,0.000000,0.000000,0.000000,0.000000,0.000000,0.000000,8.000000,32.860000
1777667018.772405,0,0.000000,0.000000,0.000000,0.000000,0.000000,0.000000,0.000000,0.000000,8.000000,32.880000
1777667018.772866,0,0.000000,0.000000,0.000000,0.000000,0.000000,0.000000,0.000000,0.000000,8.000000,32.880000
1777667018.790476,0,0.000000,0.000000,0.000000,0.000000,0.000000,0.000000,0.000000,0.000000,8.000000,32.900000
1777667018.790942,0,0.000000,0.000000,0.000000,0.000000,0.000000,0.000000,0.000000,0.000000,8.000000,32.900000
1777667018.791318,0,0.000000,0.000000,0.000000,0.000000,0.000000,0.000000,0.000000,0.000000,8.000000,32.910000
1777667018.809608,0,0.000000,0.000000,0.000000,0.000000,0.000000,0.000000,0.000000,0.000000,8.000000,32.930000
1777667018.825822,0,0.000000,0.000000,0.000000,0.000000,0.000000,0.000000,0.000000,0.000000,8.000000,32.930000
1777667018.826281,0,0.000000,0.000000,0.000000,0.000000,0.000000,0.000000,0.000000,0.000000,8.000000,32.950000
1777667018.842652,0,0.000000,0.000000,0.000000,0.000000,0.000000,0.000000,0.000000,0.000000,8.000000,32.950000
1777667018.843114,0,0.000000,0.000000,0.000000,0.000000,0.000000,0.000000,0.000000,0.000000,8.000000,32.970000
1777667018.859860,0,0.000000,0.000000,0.000000,0.000000,0.000000,0.000000,0.000000,0.000000,8.000000,32.970000
1777667018.876087,0,0.000000,0.000000,0.000000,0.000000,0.000000,0.000000,0.000000,0.000000,8.000000,32.990000
1777667018.876655,0,0.000000,0.000000,0.000000,0.000000,0.000000,0.000000,0.000000,0.000000,8.000000,33.000000
1777667018.877201,0,0.000000,0.000000,0.000000,0.000000,0.000000,0.000000,0.000000,0.000000,8.000000,33.000000
1777667018.893162,0,0.000000,0.000000,0.000000,0.000000,0.000000,0.000000,0.000000,0.000000,8.000000,33.020000
1777667018.909587,0,0.000000,0.000000,0.000000,0.000000,0.000000,0.000000,0.000000,0.000000,8.000000,33.020000
1777667018.927374,0,0.000000,0.000000,0.000000,0.000000,0.000000,0.000000,0.000000,0.000000,8.000000,33.040000
1777667018.944850,0,0.000000,0.000000,0.000000,0.000000,0.000000,0.000000,0.000000,0.000000,8.000000,33.040000
1777667018.945295,0,0.000000,0.000000,0.000000,0.000000,0.000000,0.000000,0.000000,0.000000,8.000000,33.060000
1777667018.945777,0,0.000000,0.000000,0.000000,0.000000,0.000000,0.000000,0.000000,0.000000,8.000000,33.060000
1777667018.962701,0,0.000000,0.000000,0.000000,0.000000,0.000000,0.000000,0.000000,0.000000,8.000000,33.080000
1777667018.963274,0,0.000000,0.000000,0.000000,0.000000,0.000000,0.000000,0.000000,0.000000,8.000000,33.090000
1777667018.981278,0,0.000000,0.000000,0.000000,0.000000,0.000000,0.000000,0.000000,0.000000,8.000000,33.090000
1777667018.999024,0,0.000000,0.000000,0.000000,0.000000,0.000000,0.000000,0.000000,0.000000,8.000000,33.110000
1777667018.999471,0,0.000000,0.000000,0.000000,0.000000,0.000000,0.000000,0.000000,0.000000,8.000000,33.110000
1777667019.017118,0,0.000000,0.000000,0.000000,0.000000,0.000000,0.000000,0.000000,0.000000,8.000000,33.130000
1777667019.017659,0,0.000000,0.000000,0.000000,0.000000,0.000000,0.000000,0.000000,0.000000,8.000000,33.130000
1777667019.036813,0,0.000000,0.000000,0.000000,0.000000,0.000000,0.000000,0.000000,0.000000,8.000000,33.150000
1777667019.037466,0,0.000000,0.000000,0.000000,0.000000,0.000000,0.000000,0.000000,0.000000,8.000000,33.150000
1777667019.037896,0,0.000000,0.000000,0.000000,0.000000,0.000000,0.000000,0.000000,0.000000,8.000000,33.160000
1777667019.070147,0,0.000000,0.000000,0.000000,0.000000,0.000000,0.000000,0.000000,0.000000,8.000000,33.180000
1777667019.070743,0,0.000000,0.000000,0.000000,0.000000,0.000000,0.000000,0.000000,0.000000,8.000000,33.180000
1777667019.071416,0,0.000000,0.000000,0.000000,0.000000,0.000000,0.000000,0.000000,0.000000,8.000000,33.200000
1777667019.071944,0,0.000000,0.000000,0.000000,0.000000,0.000000,0.000000,0.000000,0.000000,8.000000,33.200000
1777667019.089838,0,0.000000,0.000000,0.000000,0.000000,0.000000,0.000000,0.000000,0.000000,8.000000,33.220000
1777667019.107210,0,0.000000,0.000000,0.000000,0.000000,0.000000,0.000000,0.000000,0.000000,8.000000,33.220000
1777667019.123355,0,0.000000,0.000000,0.000000,0.000000,0.000000,0.000000,0.000000,0.000000,8.000000,33.240000
1777667019.123877,0,0.000000,0.000000,0.000000,0.000000,0.000000,0.000000,0.000000,0.000000,8.000000,33.250000
1777667019.124371,0,0.000000,0.000000,0.000000,0.000000,0.000000,0.000000,0.000000,0.000000,8.000000,33.250000
1777667019.141528,0,0.000000,0.000000,0.000000,0.000000,0.000000,0.000000,0.000000,0.000000,8.000000,33.270000
1777667019.159819,0,0.000000,0.000000,0.000000,0.000000,0.000000,0.000000,0.000000,0.000000,8.000000,33.270000
1777667019.177123,0,0.000000,0.000000,0.000000,0.000000,0.000000,0.000000,0.000000,0.000000,8.000000,33.290000
1777667019.177557,0,0.000000,0.000000,0.000000,0.000000,0.000000,0.000000,0.000000,0.000000,8.000000,33.290000
1777667019.178004,0,0.000000,0.000000,0.000000,0.000000,0.000000,0.000000,0.000000,0.000000,8.000000,33.310000
1777667019.195054,0,0.000000,0.000000,0.000000,0.000000,0.000000,0.000000,0.000000,0.000000,8.000000,33.310000
1777667019.212184,0,0.000000,0.000000,0.000000,0.000000,0.000000,0.000000,0.000000,0.000000,8.000000,33.330000
1777667019.212803,0,0.000000,0.000000,0.000000,0.000000,0.000000,0.000000,0.000000,0.000000,8.000000,33.340000
1777667019.230242,0,0.000000,0.000000,0.000000,0.000000,0.000000,0.000000,0.000000,0.000000,8.000000,33.340000
1777667019.230823,0,0.000000,0.000000,0.000000,0.000000,0.000000,0.000000,0.000000,0.000000,8.000000,33.360000
1777667019.231264,0,0.000000,0.000000,0.000000,0.000000,0.000000,0.000000,0.000000,0.000000,8.000000,33.360000
1777667019.263099,0,0.000000,0.000000,0.000000,0.000000,0.000000,0.000000,0.000000,0.000000,8.000000,33.380000
1777667019.263564,0,0.000000,0.000000,0.000000,0.000000,0.000000,0.000000,0.000000,0.000000,8.000000,33.380000
1777667019.264168,0,0.000000,0.000000,0.000000,0.000000,0.000000,0.000000,0.000000,0.000000,8.000000,33.400000
1777667019.297279,0,0.000000,0.000000,0.000000,0.000000,0.000000,0.000000,0.000000,0.000000,8.000000,33.400000
1777667019.297768,0,0.000000,0.000000,0.000000,0.000000,0.000000,0.000000,0.000000,0.000000,8.000000,33.410000
1777667019.298126,0,0.000000,0.000000,0.000000,0.000000,0.000000,0.000000,0.000000,0.000000,8.000000,33.430000
1777667019.298608,0,0.000000,0.000000,0.000000,0.000000,0.000000,0.000000,0.000000,0.000000,8.000000,33.430000
1777667019.328458,0,0.000000,0.000000,0.000000,0.000000,0.000000,0.000000,0.000000,0.000000,8.000000,33.450000
1777667019.329149,0,0.000000,0.000000,0.000000,0.000000,0.000000,0.000000,0.000000,0.000000,8.000000,33.450000
1777667019.329682,0,0.000000,0.000000,0.000000,0.000000,0.000000,0.000000,0.000000,0.000000,8.000000,33.470000
1777667019.360335,0,0.000000,0.000000,0.000000,0.000000,0.000000,0.000000,0.000000,0.000000,8.000000,33.470000
1777667019.360926,0,0.000000,0.000000,0.000000,0.000000,0.000000,0.000000,0.000000,0.000000,8.000000,33.490000
1777667019.361298,0,0.000000,0.000000,0.000000,0.000000,0.000000,0.000000,0.000000,0.000000,8.000000,33.500000
1777667019.393700,0,0.000000,0.000000,0.000000,0.000000,0.000000,0.000000,0.000000,0.000000,8.000000,33.500000
1777667019.394175,0,0.000000,0.000000,0.000000,0.000000,0.000000,0.000000,0.000000,0.000000,8.000000,33.520000
1777667019.394555,0,0.000000,0.000000,0.000000,0.000000,0.000000,0.000000,0.000000,0.000000,8.000000,33.520000
1777667019.395132,0,0.000000,0.000000,0.000000,0.000000,0.000000,0.000000,0.000000,0.000000,8.000000,33.540000
1777667019.425654,0,0.000000,0.000000,0.000000,0.000000,0.000000,0.000000,0.000000,0.000000,8.000000,33.540000
1777667019.426261,0,0.000000,0.000000,0.000000,0.000000,0.000000,0.000000,0.000000,0.000000,8.000000,33.560000
1777667019.426640,0,0.000000,0.000000,0.000000,0.000000,0.000000,0.000000,0.000000,0.000000,8.000000,33.560000
1777667019.457176,0,0.000000,0.000000,0.000000,0.000000,0.000000,0.000000,0.000000,0.000000,8.000000,33.580000
1777667019.457626,0,0.000000,0.000000,0.000000,0.000000,0.000000,0.000000,0.000000,0.000000,8.000000,33.590000
1777667019.458196,0,0.000000,0.000000,0.000000,0.000000,0.000000,0.000000,0.000000,0.000000,8.000000,33.590000
1777667019.491993,0,0.000000,0.000000,0.000000,0.000000,0.000000,0.000000,0.000000,0.000000,8.000000,33.610000
1777667019.492471,0,0.000000,0.000000,0.000000,0.000000,0.000000,0.000000,0.000000,0.000000,8.000000,33.610000
1777667019.493018,0,0.000000,0.000000,0.000000,0.000000,0.000000,0.000000,0.000000,0.000000,8.000000,33.630000
1777667019.493399,0,0.000000,0.000000,0.000000,0.000000,0.000000,0.000000,0.000000,0.000000,8.000000,33.630000
1777667019.493754,0,0.000000,0.000000,0.000000,0.000000,0.000000,0.000000,0.000000,0.000000,8.000000,33.650000
1777667019.525874,0,0.000000,0.000000,0.000000,0.000000,0.000000,0.000000,0.000000,0.000000,8.000000,33.650000
1777667019.526308,0,0.000000,0.000000,0.000000,0.000000,0.000000,0.000000,0.000000,0.000000,8.000000,33.660000
1777667019.558298,0,0.000000,0.000000,0.000000,0.000000,0.000000,0.000000,0.000000,0.000000,8.000000,33.680000
1777667019.558979,0,0.000000,0.000000,0.000000,0.000000,0.000000,0.000000,0.000000,0.000000,8.000000,33.680000
1777667019.577505,0,0.000000,0.000000,0.000000,0.000000,0.000000,0.000000,0.000000,0.000000,8.000000,33.700000
1777667019.598323,0,0.000000,0.000000,0.000000,0.000000,0.000000,0.000000,0.000000,0.000000,8.000000,33.700000
1777667019.598825,0,0.000000,0.000000,0.000000,0.000000,0.000000,0.000000,0.000000,0.000000,8.000000,33.720000
1777667019.617202,0,0.000000,0.000000,0.000000,0.000000,0.000000,0.000000,0.000000,0.000000,8.000000,33.720000
1777667019.617755,0,0.000000,0.000000,0.000000,0.000000,0.000000,0.000000,0.000000,0.000000,8.000000,33.740000
1777667019.618120,0,0.000000,0.000000,0.000000,0.000000,0.000000,0.000000,0.000000,0.000000,8.000000,33.750000
1777667019.637676,0,0.000000,0.000000,0.000000,0.000000,0.000000,0.000000,0.000000,0.000000,8.000000,33.750000
1777667019.638248,0,0.000000,0.000000,0.000000,0.000000,0.000000,0.000000,0.000000,0.000000,8.000000,33.770000
1777667019.656502,0,0.000000,0.000000,0.000000,0.000000,0.000000,0.000000,0.000000,0.000000,8.000000,33.770000
1777667019.657146,0,0.000000,0.000000,0.000000,0.000000,0.000000,0.000000,0.000000,0.000000,8.000000,33.790000
1777667019.672585,0,0.000000,0.000000,0.000000,0.000000,0.000000,0.000000,0.000000,0.000000,8.000000,33.790000
1777667019.673062,0,0.000000,0.000000,0.000000,0.000000,0.000000,0.000000,0.000000,0.000000,8.000000,33.810000
1777667019.690234,0,0.000000,0.000000,0.000000,0.000000,0.000000,0.000000,0.000000,0.000000,8.000000,33.810000
1777667019.707421,0,0.000000,0.000000,0.000000,0.000000,0.000000,0.000000,0.000000,0.000000,8.000000,33.830000
1777667019.708171,0,0.000000,0.000000,0.000000,0.000000,0.000000,0.000000,0.000000,0.000000,8.000000,33.840000
1777667019.724908,0,0.000000,0.000000,0.000000,0.000000,0.000000,0.000000,0.000000,0.000000,8.000000,33.840000
1777667019.725372,0,0.000000,0.000000,0.000000,0.000000,0.000000,0.000000,0.000000,0.000000,8.000000,33.860000
1777667019.741778,0,0.000000,0.000000,0.000000,0.000000,0.000000,0.000000,0.000000,0.000000,8.000000,33.860000
1777667019.742251,0,0.000000,0.000000,0.000000,0.000000,0.000000,0.000000,0.000000,0.000000,8.000000,33.860000
1777667019.759216,0,0.000000,0.000000,0.000000,0.000000,0.000000,0.000000,0.000000,0.000000,8.000000,33.880000
1777667019.776101,0,0.000000,0.000000,0.000000,0.000000,0.000000,0.000000,0.000000,0.000000,8.000000,33.880000
1777667019.776731,0,0.000000,0.000000,0.000000,0.000000,0.000000,0.000000,0.000000,0.000000,8.000000,33.900000
1777667019.793571,0,0.000000,0.000000,0.000000,0.000000,0.000000,0.000000,0.000000,0.000000,8.000000,33.900000
1777667019.794032,0,0.000000,0.000000,0.000000,0.000000,0.000000,0.000000,0.000000,0.000000,8.000000,33.910000
1777667019.811030,0,0.000000,0.000000,0.000000,0.000000,0.000000,0.000000,0.000000,0.000000,8.000000,33.930000
1777667019.843544,0,0.000000,0.000000,0.000000,0.000000,0.000000,0.000000,0.000000,0.000000,8.000000,33.930000
1777667019.844397,0,0.000000,0.000000,0.000000,0.000000,0.000000,0.000000,0.000000,0.000000,8.000000,33.950000
1777667019.845225,0,0.000000,0.000000,0.000000,0.000000,0.000000,0.000000,0.000000,0.000000,8.000000,33.950000
1777667019.845842,0,0.000000,0.000000,0.000000,0.000000,0.000000,0.000000,0.000000,0.000000,8.000000,33.970000
1777667019.846267,0,0.000000,0.000000,0.000000,0.000000,0.000000,0.000000,0.000000,0.000000,8.000000,33.970000
1777667019.864252,0,0.000000,0.000000,0.000000,0.000000,0.000000,0.000000,0.000000,0.000000,8.000000,33.990000
1777667019.879453,0,0.000000,0.000000,0.000000,0.000000,0.000000,0.000000,0.000000,0.000000,8.000000,34.000000
1777667019.879916,0,0.000000,0.000000,0.000000,0.000000,0.000000,0.000000,0.000000,0.000000,8.000000,34.000000
1777667019.909060,0,0.000000,0.000000,0.000000,0.000000,0.000000,0.000000,0.000000,0.000000,8.000000,34.020000
1777667019.909532,0,0.000000,0.000000,0.000000,0.000000,0.000000,0.000000,0.000000,0.000000,8.000000,34.020000
1777667019.909909,0,0.000000,0.000000,0.000000,0.000000,0.000000,0.000000,0.000000,0.000000,8.000000,34.040000
1777667019.910309,0,0.000000,0.000000,0.000000,0.000000,0.000000,0.000000,0.000000,0.000000,8.000000,34.040000
1777667019.937977,0,0.000000,0.000000,0.000000,0.000000,0.000000,0.000000,0.000000,0.000000,8.000000,34.060000
1777667019.938625,0,0.000000,0.000000,0.000000,0.000000,0.000000,0.000000,0.000000,0.000000,8.000000,34.060000
1777667019.939196,0,0.000000,0.000000,0.000000,0.000000,0.000000,0.000000,0.000000,0.000000,8.000000,34.080000
1777667019.968476,0,0.000000,0.000000,0.000000,0.000000,0.000000,0.000000,0.000000,0.000000,8.000000,34.090000
1777667019.969052,0,0.000000,0.000000,0.000000,0.000000,0.000000,0.000000,0.000000,0.000000,8.000000,34.090000
1777667019.969500,0,0.000000,0.000000,0.000000,0.000000,0.000000,0.000000,0.000000,0.000000,8.000000,34.110000
1777667019.985409,0,0.000000,0.000000,0.000000,0.000000,0.000000,0.000000,0.000000,0.000000,8.000000,34.110000
1777667020.002413,0,0.000000,0.000000,0.000000,0.000000,0.000000,0.000000,0.000000,0.000000,8.000000,34.130000
1777667020.018429,0,0.000000,0.000000,0.000000,0.000000,0.000000,0.000000,0.000000,0.000000,8.000000,34.130000
1777667020.018900,0,0.000000,0.000000,0.000000,0.000000,0.000000,0.000000,0.000000,0.000000,8.000000,34.150000
1777667020.035697,0,0.000000,0.000000,0.000000,0.000000,0.000000,0.000000,0.000000,0.000000,8.000000,34.150000
1777667020.052024,0,0.000000,0.000000,0.000000,0.000000,0.000000,0.000000,0.000000,0.000000,8.000000,34.160000
1777667020.052486,0,0.000000,0.000000,0.000000,0.000000,0.000000,0.000000,0.000000,0.000000,8.000000,34.180000
1777667020.068816,0,0.000000,0.000000,0.000000,0.000000,0.000000,0.000000,0.000000,0.000000,8.000000,34.180000
1777667020.069290,0,0.000000,0.000000,0.000000,0.000000,0.000000,0.000000,0.000000,0.000000,8.000000,34.200000
1777667020.085098,0,0.000000,0.000000,0.000000,0.000000,0.000000,0.000000,0.000000,0.000000,8.000000,34.200000
1777667020.085562,0,0.000000,0.000000,0.000000,0.000000,0.000000,0.000000,0.000000,0.000000,8.000000,34.220000
1777667020.101182,0,0.000000,0.000000,0.000000,0.000000,0.000000,0.000000,0.000000,0.000000,8.000000,34.220000
1777667020.101645,0,0.000000,0.000000,0.000000,0.000000,0.000000,0.000000,0.000000,0.000000,8.000000,34.240000
1777667020.129091,0,0.000000,0.000000,0.000000,0.000000,0.000000,0.000000,0.000000,0.000000,8.000000,34.250000
1777667020.129565,0,0.000000,0.000000,0.000000,0.000000,0.000000,0.000000,0.000000,0.000000,8.000000,34.250000
1777667020.130004,0,0.000000,0.000000,0.000000,0.000000,0.000000,0.000000,0.000000,0.000000,8.000000,34.270000
1777667020.130382,0,0.000000,0.000000,0.000000,0.000000,0.000000,0.000000,0.000000,0.000000,8.000000,34.270000
1777667020.157643,0,0.000000,0.000000,0.000000,0.000000,0.000000,0.000000,0.000000,0.000000,8.000000,34.290000
1777667020.158107,0,0.000000,0.000000,0.000000,0.000000,0.000000,0.000000,0.000000,0.000000,8.000000,34.290000
1777667020.187198,0,0.000000,0.000000,0.000000,0.000000,0.000000,0.000000,0.000000,0.000000,8.000000,34.310000
1777667020.187674,0,0.000000,0.000000,0.000000,0.000000,0.000000,0.000000,0.000000,0.000000,8.000000,34.310000
1777667020.188260,0,0.000000,0.000000,0.000000,0.000000,0.000000,0.000000,0.000000,0.000000,8.000000,34.330000
1777667020.204281,0,0.000000,0.000000,0.000000,0.000000,0.000000,0.000000,0.000000,0.000000,8.000000,34.340000
1777667020.219844,0,0.000000,0.000000,0.000000,0.000000,0.000000,0.000000,0.000000,0.000000,8.000000,34.340000
1777667020.220315,0,0.000000,0.000000,0.000000,0.000000,0.000000,0.000000,0.000000,0.000000,8.000000,34.360000
1777667020.235622,0,5.000000,0.000000,5.000000,0.000000,0.000000,0.000000,0.000000,0.000000,8.000000,34.360000
1777667020.253031,0,5.000000,0.000000,5.000000,0.000000,0.000000,0.000000,0.000000,0.000000,8.000000,34.380000
1777667020.269716,0,5.000000,0.000000,5.000000,0.000000,0.000000,0.000000,0.000000,0.000000,8.000000,34.380000
1777667020.286235,0,5.000000,0.000000,5.000000,0.000000,0.000000,0.000000,0.000000,0.000000,8.000000,34.380000
1777667020.286719,0,5.000000,0.000000,5.000000,0.000000,0.000000,0.000000,0.000000,0.000000,8.000000,34.400000
1777667020.287346,0,5.000000,0.000000,5.000000,0.000000,0.000000,0.000000,0.000000,0.000000,8.000000,34.410000
1777667020.302832,0,5.000000,0.000000,5.000000,0.000000,0.000000,0.000000,0.000000,0.000000,8.000000,34.430000
1777667020.303300,0,5.000000,0.000000,5.000000,0.000000,0.000000,0.000000,0.000000,0.000000,8.000000,34.430000
1777667020.318232,0,5.000000,0.000000,5.000000,0.000000,0.000000,0.000000,0.000000,0.000000,8.000000,34.450000
1777667020.334117,0,5.000000,0.000000,5.000000,0.000000,0.000000,0.000000,0.000000,0.000000,8.000000,34.450000
1777667020.350219,0,5.000000,0.000000,5.000000,0.000000,0.000000,0.000000,0.000000,0.000000,8.000000,34.470000
1777667020.350698,0,5.000000,0.000000,5.000000,0.000000,0.000000,0.000000,0.000000,0.000000,8.000000,34.470000
1777667020.367124,0,5.000000,0.000000,5.000000,0.000000,0.000000,0.000000,0.000000,0.000000,8.000000,34.490000
1777667020.367636,0,5.000000,0.000000,5.000000,0.000000,0.000000,0.000000,0.000000,0.000000,8.000000,34.500000
1777667020.384745,0,5.000000,0.000000,5.000000,0.000000,0.000000,0.000000,0.000000,0.000000,8.000000,34.500000
1777667020.401435,0,5.000000,0.000000,5.000000,0.000000,0.000000,0.000000,0.000000,0.000000,8.000000,34.520000
1777667020.401907,0,5.000000,0.000000,5.000000,0.000000,0.000000,0.000000,0.000000,0.000000,8.000000,34.520000
1777667020.418291,0,5.000000,0.000000,5.000000,0.000000,0.000000,0.000000,0.000000,0.000000,8.000000,34.540000
1777667020.418766,0,5.000000,0.000000,5.000000,0.000000,0.000000,0.000000,0.000000,0.000000,8.000000,34.540000
1777667020.434592,0,5.000000,0.000000,5.000000,0.000000,0.000000,0.000000,0.000000,0.000000,8.000000,34.560000
1777667020.435060,0,5.000000,0.000000,5.000000,0.000000,0.000000,0.000000,0.000000,0.000000,8.000000,34.560000
1777667020.450205,0,5.000000,0.000000,5.000000,0.000000,0.000000,0.000000,0.000000,0.000000,8.000000,34.580000
1777667020.450954,0,5.000000,0.000000,5.000000,0.000000,0.000000,0.000000,0.000000,0.000000,8.000000,34.590000
1777667020.467242,0,5.000000,0.000000,5.000000,0.000000,0.000000,0.000000,0.000000,0.000000,8.000000,34.590000
1777667020.483388,0,5.000000,0.000000,5.000000,0.000000,0.000000,0.000000,0.000000,0.000000,8.000000,34.610000
1777667020.483928,0,5.000000,0.000000,5.000000,0.000000,0.000000,0.000000,0.000000,0.000000,8.000000,34.610000
1777667020.512500,0,5.000000,0.000000,5.000000,0.000000,0.000000,0.000000,0.000000,0.000000,8.000000,34.630000
1777667020.512973,0,5.000000,0.000000,5.000000,0.000000,0.000000,0.000000,0.000000,0.000000,8.000000,34.630000
1777667020.513531,0,5.000000,0.000000,5.000000,0.000000,0.000000,0.000000,0.000000,0.000000,8.000000,34.650000
1777667020.513977,0,5.000000,0.000000,5.000000,0.000000,0.000000,0.000000,0.000000,0.000000,8.000000,34.650000
1777667020.541388,0,5.000000,0.000000,5.000000,0.000000,0.000000,0.000000,0.000000,0.000000,8.000000,34.660000
1777667020.542016,0,5.000000,0.000000,5.000000,0.000000,0.000000,0.000000,0.000000,0.000000,8.000000,34.680000
1777667020.570386,0,5.000000,0.000000,5.000000,0.000000,0.000000,0.000000,0.000000,0.000000,8.000000,34.680000
1777667020.571069,0,5.000000,0.000000,5.000000,0.000000,0.000000,0.000000,0.000000,0.000000,8.000000,34.700000
1777667020.571447,0,5.000000,0.000000,5.000000,0.000000,0.000000,0.000000,0.000000,0.000000,8.000000,34.700000
1777667020.589622,0,5.000000,0.000000,5.000000,0.000000,0.000000,0.000000,0.000000,0.000000,8.000000,34.720000
1777667020.605519,0,5.000000,0.000000,5.000000,0.000000,0.000000,0.000000,0.000000,0.000000,8.000000,34.720000
1777667020.605984,0,5.000000,0.000000,5.000000,0.000000,0.000000,0.000000,0.000000,0.000000,8.000000,34.740000
1777667020.623203,0,5.000000,0.000000,5.000000,0.000000,0.000000,0.000000,0.000000,0.000000,8.000000,34.740000
1777667020.640795,0,5.000000,0.000000,5.000000,0.000000,0.000000,0.000000,0.000000,0.000000,8.000000,34.750000
1777667020.641270,0,5.000000,0.000000,5.000000,0.000000,0.000000,0.000000,0.000000,0.000000,8.000000,34.750000
1777667020.641754,0,5.000000,0.000000,5.000000,0.000000,0.000000,0.000000,0.000000,0.000000,8.000000,34.770000
1777667020.658065,0,5.000000,0.000000,5.000000,0.000000,0.000000,0.000000,0.000000,0.000000,8.000000,34.770000
1777667020.673812,0,5.000000,0.000000,5.000000,0.000000,0.000000,0.000000,0.000000,0.000000,8.000000,34.790000
1777667020.674276,0,5.000000,0.000000,5.000000,0.000000,0.000000,0.000000,0.000000,0.000000,8.000000,34.790000
1777667020.690339,0,5.000000,0.000000,5.000000,0.000000,0.000000,0.000000,0.000000,0.000000,8.000000,34.810000
1777667020.690939,0,5.000000,0.000000,5.000000,0.000000,0.000000,0.000000,0.000000,0.000000,8.000000,34.830000
1777667020.706182,0,5.000000,0.000000,5.000000,0.000000,0.000000,0.000000,0.000000,0.000000,8.000000,34.840000
1777667020.722164,0,5.000000,0.000000,5.000000,0.000000,0.000000,0.000000,0.000000,0.000000,8.000000,34.840000
1777667020.738753,0,5.000000,0.000000,5.000000,0.000000,0.000000,0.000000,0.000000,0.000000,8.000000,34.860000
1777667020.739218,0,5.000000,0.000000,5.000000,0.000000,0.000000,0.000000,0.000000,0.000000,8.000000,34.860000
1777667020.756489,0,5.000000,0.000000,5.000000,0.000000,0.000000,0.000000,0.000000,0.000000,8.000000,34.880000
1777667020.756975,0,5.000000,0.000000,5.000000,0.000000,0.000000,0.000000,0.000000,0.000000,8.000000,34.880000
1777667020.772726,0,5.000000,0.000000,5.000000,0.000000,0.000000,0.000000,0.000000,0.000000,8.000000,34.900000
1777667020.773329,0,5.000000,0.000000,5.000000,0.000000,0.000000,0.000000,0.000000,0.000000,8.000000,34.900000
1777667020.789910,0,5.000000,0.000000,5.000000,0.000000,0.000000,0.000000,0.000000,0.000000,8.000000,34.900000
1777667020.806778,0,5.000000,0.000000,5.000000,0.000000,0.000000,0.000000,0.000000,0.000000,8.000000,34.910000
1777667020.807243,0,5.000000,0.000000,5.000000,0.000000,0.000000,0.000000,0.000000,0.000000,8.000000,34.930000
1777667020.822919,0,5.000000,0.000000,5.000000,0.000000,0.000000,0.000000,0.000000,0.000000,8.000000,34.950000
1777667020.823385,0,5.000000,0.000000,5.000000,0.000000,0.000000,0.000000,0.000000,0.000000,8.000000,34.950000
1777667020.838948,0,5.000000,0.000000,5.000000,0.000000,0.000000,0.000000,0.000000,0.000000,8.000000,34.970000
1777667020.839406,0,5.000000,0.000000,5.000000,0.000000,0.000000,0.000000,0.000000,0.000000,8.000000,34.970000
1777667020.856022,0,5.000000,0.000000,5.000000,0.000000,0.000000,0.000000,0.000000,0.000000,8.000000,34.970000
1777667020.871444,0,5.000000,0.000000,5.000000,0.000000,0.000000,0.000000,0.000000,0.000000,8.000000,35.000000
1777667020.872106,0,5.000000,0.000000,5.000000,0.000000,0.000000,0.000000,0.000000,0.000000,8.000000,35.000000
1777667020.888314,0,5.000000,0.000000,5.000000,0.000000,0.000000,0.000000,0.000000,0.000000,8.000000,35.000000
1777667020.904127,0,5.000000,0.000000,5.000000,0.000000,0.000000,0.000000,0.000000,0.000000,8.000000,35.020000
1777667020.904591,0,5.000000,0.000000,5.000000,0.000000,0.000000,0.000000,0.000000,0.000000,8.000000,35.020000
1777667020.921439,0,5.000000,0.000000,5.000000,0.000000,0.000000,0.000000,0.000000,0.000000,8.000000,35.040000
1777667020.937575,0,5.000000,0.000000,5.000000,0.000000,0.000000,0.000000,0.000000,0.000000,8.000000,35.040000
1777667020.938039,0,5.000000,0.000000,5.000000,0.000000,0.000000,0.000000,0.000000,0.000000,8.000000,35.060000
1777667020.938656,0,5.000000,0.000000,5.000000,0.000000,0.000000,0.000000,0.000000,0.000000,8.000000,35.060000
1777667020.953848,0,5.000000,0.000000,5.000000,0.000000,0.000000,0.000000,0.000000,0.000000,8.000000,35.080000
1777667020.971036,0,5.000000,0.000000,5.000000,0.000000,0.000000,0.000000,0.000000,0.000000,8.000000,35.090000
1777667020.987283,0,5.000000,0.000000,5.000000,0.000000,0.000000,0.000000,0.000000,0.000000,8.000000,35.090000
1777667020.987747,0,5.000000,0.000000,5.000000,0.000000,0.000000,0.000000,0.000000,0.000000,8.000000,35.110000
1777667021.003643,0,5.000000,0.000000,5.000000,0.000000,0.000000,0.000000,0.000000,0.000000,8.000000,35.110000
1777667021.019490,0,5.000000,0.000000,5.000000,0.000000,0.000000,0.000000,0.000000,0.000000,8.000000,35.130000
1777667021.019975,0,5.000000,0.000000,5.000000,0.000000,0.000000,0.000000,0.000000,0.000000,8.000000,35.130000
1777667021.037552,0,5.000000,0.000000,5.000000,0.000000,0.000000,0.000000,0.000000,0.000000,8.000000,35.150000
1777667021.038218,0,5.000000,0.000000,5.000000,0.000000,0.000000,0.000000,0.000000,0.000000,8.000000,35.150000
1777667021.038651,0,5.000000,0.000000,5.000000,0.000000,0.000000,0.000000,0.000000,0.000000,8.000000,35.160000
1777667021.067067,0,5.000000,0.000000,5.000000,0.000000,0.000000,0.000000,0.000000,0.000000,8.000000,35.180000
1777667021.067540,0,5.000000,0.000000,5.000000,0.000000,0.000000,0.000000,0.000000,0.000000,8.000000,35.180000
1777667021.068523,0,5.000000,0.000000,5.000000,0.000000,0.000000,0.000000,0.000000,0.000000,8.000000,35.200000
1777667021.068928,0,5.000000,0.000000,5.000000,0.000000,0.000000,0.000000,0.000000,0.000000,8.000000,35.200000
1777667021.096664,0,5.000000,0.000000,5.000000,0.000000,0.000000,0.000000,0.000000,0.000000,8.000000,35.220000
1777667021.097764,0,5.000000,0.000000,5.000000,0.000000,0.000000,0.000000,0.000000,0.000000,8.000000,35.220000
1777667021.098184,0,5.000000,0.000000,5.000000,0.000000,0.000000,0.000000,0.000000,0.000000,8.000000,35.240000
1777667021.112705,0,5.000000,0.000000,5.000000,0.000000,0.000000,0.000000,0.000000,0.000000,8.000000,35.250000
1777667021.140025,0,5.000000,0.000000,5.000000,0.000000,0.000000,0.000000,0.000000,0.000000,8.000000,35.250000
1777667021.140554,0,5.000000,0.000000,5.000000,0.000000,0.000000,0.000000,0.000000,0.000000,8.000000,35.270000
1777667021.156592,0,5.000000,0.000000,5.000000,0.000000,0.000000,0.000000,0.000000,0.000000,8.000000,35.270000
1777667021.173276,0,5.000000,0.000000,5.000000,0.000000,0.000000,0.000000,0.000000,0.000000,8.000000,35.290000
1777667021.173765,0,5.000000,0.000000,5.000000,0.000000,0.000000,0.000000,0.000000,0.000000,8.000000,35.290000
1777667021.189698,0,5.000000,0.000000,5.000000,0.000000,0.000000,0.000000,0.000000,0.000000,8.000000,35.310000
1777667021.190157,0,5.000000,0.000000,5.000000,0.000000,0.000000,0.000000,0.000000,0.000000,8.000000,35.310000
1777667021.205477,0,5.000000,0.000000,5.000000,0.000000,0.000000,0.000000,0.000000,0.000000,8.000000,35.330000
1777667021.221357,0,5.000000,0.000000,5.000000,0.000000,0.000000,0.000000,0.000000,0.000000,8.000000,35.340000
1777667021.237522,0,5.000000,0.000000,5.000000,0.000000,0.000000,0.000000,0.000000,0.000000,8.000000,35.340000
1777667021.238287,0,5.000000,0.000000,5.000000,0.000000,0.000000,0.000000,0.000000,0.000000,8.000000,35.360000
1777667021.254117,0,5.000000,0.000000,5.000000,0.000000,0.000000,0.000000,0.000000,0.000000,8.000000,35.360000
1777667021.254579,0,5.000000,0.000000,5.000000,0.000000,0.000000,0.000000,0.000000,0.000000,8.000000,35.380000
1777667021.254937,0,5.000000,0.000000,5.000000,0.000000,0.000000,0.000000,0.000000,0.000000,8.000000,35.380000
1777667021.271761,0,5.000000,0.000000,5.000000,0.000000,0.000000,0.000000,0.000000,0.000000,8.000000,35.400000
1777667021.288072,0,5.000000,0.000000,5.000000,0.000000,0.000000,0.000000,0.000000,0.000000,8.000000,35.400000
1777667021.288539,0,5.000000,0.000000,5.000000,0.000000,0.000000,0.000000,0.000000,0.000000,8.000000,35.410000
1777667021.304541,0,5.000000,0.000000,5.000000,0.000000,0.000000,0.000000,0.000000,0.000000,8.000000,35.430000
1777667021.320749,0,5.000000,0.000000,5.000000,0.000000,0.000000,0.000000,0.000000,0.000000,8.000000,35.430000
1777667021.321397,0,5.000000,0.000000,5.000000,0.000000,0.000000,0.000000,0.000000,0.000000,8.000000,35.450000
1777667021.337290,0,5.000000,0.000000,5.000000,0.000000,0.000000,0.000000,0.000000,0.000000,8.000000,35.450000
1777667021.337854,0,5.000000,0.000000,5.000000,0.000000,0.000000,0.000000,0.000000,0.000000,8.000000,35.470000
1777667021.352801,0,5.000000,0.000000,5.000000,0.000000,0.000000,0.000000,0.000000,0.000000,8.000000,35.470000
1777667021.353259,0,5.000000,0.000000,5.000000,0.000000,0.000000,0.000000,0.000000,0.000000,8.000000,35.490000
1777667021.381984,0,5.000000,0.000000,5.000000,0.000000,0.000000,0.000000,0.000000,0.000000,8.000000,35.500000
1777667021.382425,0,5.000000,0.000000,5.000000,0.000000,0.000000,0.000000,0.000000,0.000000,8.000000,35.500000
1777667021.383168,0,5.000000,0.000000,5.000000,0.000000,0.000000,0.000000,0.000000,0.000000,8.000000,35.520000
1777667021.383506,0,5.000000,0.000000,5.000000,0.000000,0.000000,0.000000,0.000000,0.000000,8.000000,35.520000
1777667021.411917,0,5.000000,0.000000,5.000000,0.000000,0.000000,0.000000,0.000000,0.000000,8.000000,35.540000
1777667021.412588,0,5.000000,0.000000,5.000000,0.000000,0.000000,0.000000,0.000000,0.000000,8.000000,35.540000
1777667021.412987,0,5.000000,0.000000,5.000000,0.000000,0.000000,0.000000,0.000000,0.000000,8.000000,35.560000
1777667021.442574,0,5.000000,0.000000,5.000000,0.000000,0.000000,0.000000,0.000000,0.000000,8.000000,35.560000
1777667021.443556,0,5.000000,0.000000,5.000000,0.000000,0.000000,0.000000,0.000000,0.000000,8.000000,35.580000
1777667021.474433,0,5.000000,0.000000,5.000000,0.000000,0.000000,0.000000,0.000000,0.000000,8.000000,35.590000
1777667021.474880,0,5.000000,0.000000,5.000000,0.000000,0.000000,0.000000,0.000000,0.000000,8.000000,35.590000
1777667021.475837,0,5.000000,0.000000,5.000000,0.000000,0.000000,0.000000,0.000000,0.000000,8.000000,35.610000
1777667021.476198,0,5.000000,0.000000,5.000000,0.000000,0.000000,0.000000,0.000000,0.000000,8.000000,35.610000
1777667021.508140,0,5.000000,0.000000,5.000000,0.000000,0.000000,0.000000,0.000000,0.000000,8.000000,35.630000
1777667021.508691,0,5.000000,0.000000,5.000000,0.000000,0.000000,0.000000,0.000000,0.000000,8.000000,35.630000
1777667021.509557,0,5.000000,0.000000,5.000000,0.000000,0.000000,0.000000,0.000000,0.000000,8.000000,35.650000
1777667021.541448,0,5.000000,0.000000,5.000000,0.000000,0.000000,0.000000,0.000000,0.000000,8.000000,35.650000
1777667021.541892,0,5.000000,0.000000,5.000000,0.000000,0.000000,0.000000,0.000000,0.000000,8.000000,35.660000
1777667021.542853,0,5.000000,0.000000,5.000000,0.000000,0.000000,0.000000,0.000000,0.000000,8.000000,35.680000
1777667021.543216,0,5.000000,0.000000,5.000000,0.000000,0.000000,0.000000,0.000000,0.000000,8.000000,35.680000
1777667021.574035,0,5.000000,0.000000,5.000000,0.000000,0.000000,0.000000,0.000000,0.000000,8.000000,35.700000
1777667021.576020,0,5.000000,0.000000,5.000000,0.000000,0.000000,0.000000,0.000000,0.000000,8.000000,35.700000
1777667021.576586,0,5.000000,0.000000,5.000000,0.000000,0.000000,0.000000,0.000000,0.000000,8.000000,35.720000
1777667021.593654,0,5.000000,0.000000,5.000000,0.000000,0.000000,0.000000,0.000000,0.000000,8.000000,35.720000
1777667021.611538,0,5.000000,0.000000,5.000000,0.000000,0.000000,0.000000,0.000000,0.000000,8.000000,35.740000
1777667021.627928,0,5.000000,0.000000,5.000000,0.000000,0.000000,0.000000,0.000000,0.000000,8.000000,35.750000
1777667021.628492,0,5.000000,0.000000,5.000000,0.000000,0.000000,0.000000,0.000000,0.000000,8.000000,35.750000
1777667021.644814,0,5.000000,0.000000,5.000000,0.000000,0.000000,0.000000,0.000000,0.000000,8.000000,35.770000
1777667021.661276,0,5.000000,0.000000,5.000000,0.000000,0.000000,0.000000,0.000000,0.000000,8.000000,35.770000
1777667021.661743,0,5.000000,0.000000,5.000000,0.000000,0.000000,0.000000,0.000000,0.000000,8.000000,35.790000
1777667021.678224,0,5.000000,0.000000,5.000000,0.000000,0.000000,0.000000,0.000000,0.000000,8.000000,35.790000
1777667021.695957,0,5.000000,0.000000,5.000000,0.000000,0.000000,0.000000,0.000000,0.000000,8.000000,35.810000
1777667021.696572,0,5.000000,0.000000,5.000000,0.000000,0.000000,0.000000,0.000000,0.000000,8.000000,35.810000
1777667021.713362,0,5.000000,0.000000,5.000000,0.000000,0.000000,0.000000,0.000000,0.000000,8.000000,35.830000
1777667021.713869,0,5.000000,0.000000,5.000000,0.000000,0.000000,0.000000,0.000000,0.000000,8.000000,35.840000
1777667021.714247,0,5.000000,0.000000,5.000000,0.000000,0.000000,0.000000,0.000000,0.000000,8.000000,35.840000
1777667021.732352,0,5.000000,0.000000,5.000000,0.000000,0.000000,0.000000,0.000000,0.000000,8.000000,35.860000
1777667021.750132,0,5.000000,0.000000,5.000000,0.000000,0.000000,0.000000,0.000000,0.000000,8.000000,35.860000
1777667021.750603,0,5.000000,0.000000,5.000000,0.000000,0.000000,0.000000,0.000000,0.000000,8.000000,35.880000
1777667021.767556,0,5.000000,0.000000,5.000000,0.000000,0.000000,0.000000,0.000000,0.000000,8.000000,35.880000
1777667021.768032,0,5.000000,0.000000,5.000000,0.000000,0.000000,0.000000,0.000000,0.000000,8.000000,35.900000
1777667021.783988,0,5.000000,0.000000,5.000000,0.000000,0.000000,0.000000,0.000000,0.000000,8.000000,35.900000
1777667021.784452,0,5.000000,0.000000,5.000000,0.000000,0.000000,0.000000,0.000000,0.000000,8.000000,35.910000
1777667021.799843,0,5.000000,0.000000,5.000000,0.000000,0.000000,0.000000,0.000000,0.000000,8.000000,35.930000
1777667021.800457,0,5.000000,0.000000,5.000000,0.000000,0.000000,0.000000,0.000000,0.000000,8.000000,35.930000
1777667021.816323,0,5.000000,0.000000,5.000000,0.000000,0.000000,0.000000,0.000000,0.000000,8.000000,35.950000
1777667021.832063,0,5.000000,0.000000,5.000000,0.000000,0.000000,0.000000,0.000000,0.000000,8.000000,35.950000
1777667021.832496,0,5.000000,0.000000,5.000000,0.000000,0.000000,0.000000,0.000000,0.000000,8.000000,35.970000
1777667021.848709,0,5.000000,0.000000,5.000000,0.000000,0.000000,0.000000,0.000000,0.000000,8.000000,35.970000
1777667021.863685,0,5.000000,0.000000,5.000000,0.000000,0.000000,0.000000,0.000000,0.000000,8.000000,35.990000
1777667021.864179,0,5.000000,0.000000,5.000000,0.000000,0.000000,0.000000,0.000000,0.000000,8.000000,36.000000
1777667021.879807,0,5.000000,0.000000,5.000000,0.000000,0.000000,0.000000,0.000000,0.000000,8.000000,36.000000
1777667021.895730,0,5.000000,0.000000,5.000000,0.000000,0.000000,0.000000,0.000000,0.000000,8.000000,36.000000
1777667021.896190,0,5.000000,0.000000,5.000000,0.000000,0.000000,0.000000,0.000000,0.000000,8.000000,36.020000
1777667021.911283,0,5.000000,0.000000,5.000000,0.000000,0.000000,0.000000,0.000000,0.000000,8.000000,36.020000
1777667021.911728,0,5.000000,0.000000,5.000000,0.000000,0.000000,0.000000,0.000000,0.000000,8.000000,36.040000
1777667021.939931,0,5.000000,0.000000,5.000000,0.000000,0.000000,0.000000,0.000000,0.000000,8.000000,36.040000
1777667021.940403,0,5.000000,0.000000,5.000000,0.000000,0.000000,0.000000,0.000000,0.000000,8.000000,36.060000
1777667021.941543,0,5.000000,0.000000,5.000000,0.000000,0.000000,0.000000,0.000000,0.000000,8.000000,36.060000
1777667021.941940,0,5.000000,0.000000,5.000000,0.000000,0.000000,0.000000,0.000000,0.000000,8.000000,36.080000
1777667021.970761,0,5.000000,0.000000,5.000000,0.000000,0.000000,0.000000,0.000000,0.000000,8.000000,36.090000
1777667021.971248,0,5.000000,0.000000,5.000000,0.000000,0.000000,0.000000,0.000000,0.000000,8.000000,36.090000
1777667021.972682,0,5.000000,0.000000,5.000000,0.000000,0.000000,0.000000,0.000000,0.000000,8.000000,36.110000
1777667022.002176,0,5.000000,0.000000,5.000000,0.000000,0.000000,0.000000,0.000000,0.000000,8.000000,36.110000
1777667022.003694,0,5.000000,0.000000,5.000000,0.000000,0.000000,0.000000,0.000000,0.000000,8.000000,36.130000
1777667022.019368,0,5.000000,0.000000,5.000000,0.000000,0.000000,0.000000,0.000000,0.000000,8.000000,36.130000
1777667022.036535,0,5.000000,0.000000,5.000000,0.000000,0.000000,0.000000,0.000000,0.000000,8.000000,36.150000
1777667022.037011,0,5.000000,0.000000,5.000000,0.000000,0.000000,0.000000,0.000000,0.000000,8.000000,36.150000
1777667022.054178,0,5.000000,0.000000,5.000000,0.000000,0.000000,0.000000,0.000000,0.000000,8.000000,36.160000
1777667022.054646,0,5.000000,0.000000,5.000000,0.000000,0.000000,0.000000,0.000000,0.000000,8.000000,36.180000
1777667022.070428,0,5.000000,0.000000,5.000000,0.000000,0.000000,0.000000,0.000000,0.000000,8.000000,36.180000
1777667022.071151,0,5.000000,0.000000,5.000000,0.000000,0.000000,0.000000,0.000000,0.000000,8.000000,36.200000
1777667022.088156,0,5.000000,0.000000,5.000000,0.000000,0.000000,0.000000,0.000000,0.000000,8.000000,36.200000
1777667022.105775,0,5.000000,0.000000,5.000000,0.000000,0.000000,0.000000,0.000000,0.000000,8.000000,36.220000
1777667022.106238,0,5.000000,0.000000,5.000000,0.000000,0.000000,0.000000,0.000000,0.000000,8.000000,36.220000
1777667022.122520,0,5.000000,0.000000,5.000000,0.000000,0.000000,0.000000,0.000000,0.000000,8.000000,36.240000
1777667022.122990,0,5.000000,0.000000,5.000000,0.000000,0.000000,0.000000,0.000000,0.000000,8.000000,36.250000
1777667022.124193,0,5.000000,0.000000,5.000000,0.000000,0.000000,0.000000,0.000000,0.000000,8.000000,36.250000
1777667022.153363,0,5.000000,0.000000,5.000000,0.000000,0.000000,0.000000,0.000000,0.000000,8.000000,36.270000
1777667022.153920,0,5.000000,0.000000,5.000000,0.000000,0.000000,0.000000,0.000000,0.000000,8.000000,36.270000
1777667022.155179,0,5.000000,0.000000,5.000000,0.000000,0.000000,0.000000,0.000000,0.000000,8.000000,36.290000
1777667022.171257,0,5.000000,0.000000,5.000000,0.000000,0.000000,0.000000,0.000000,0.000000,8.000000,36.290000
1777667022.188826,0,5.000000,0.000000,5.000000,0.000000,0.000000,0.000000,0.000000,0.000000,8.000000,36.310000
1777667022.205599,0,5.000000,0.000000,5.000000,0.000000,0.000000,0.000000,0.000000,0.000000,8.000000,36.310000
1777667022.206125,0,5.000000,0.000000,5.000000,0.000000,0.000000,0.000000,0.000000,0.000000,8.000000,36.330000
1777667022.207263,0,5.000000,0.000000,5.000000,0.000000,0.000000,0.000000,0.000000,0.000000,8.000000,36.340000
1777667022.223499,0,5.000000,0.000000,5.000000,0.000000,0.000000,0.000000,0.000000,0.000000,8.000000,36.340000
1777667022.240166,0,5.000000,0.000000,5.000000,0.000000,0.000000,0.000000,0.000000,0.000000,8.000000,36.360000
1777667022.256639,0,5.000000,0.000000,5.000000,0.000000,0.000000,0.000000,0.000000,0.000000,8.000000,36.360000
1777667022.257100,0,5.000000,0.000000,5.000000,0.000000,0.000000,0.000000,0.000000,0.000000,8.000000,36.380000
1777667022.273456,0,5.000000,0.000000,5.000000,0.000000,0.000000,0.000000,0.000000,0.000000,8.000000,36.380000
1777667022.273917,0,5.000000,0.000000,5.000000,0.000000,0.000000,0.000000,0.000000,0.000000,8.000000,36.400000
1777667022.275111,0,5.000000,0.000000,5.000000,0.000000,0.000000,0.000000,0.000000,0.000000,8.000000,36.400000
1777667022.290108,0,5.000000,0.000000,5.000000,0.000000,0.000000,0.000000,0.000000,0.000000,8.000000,36.410000
1777667022.307017,0,5.000000,0.000000,5.000000,0.000000,0.000000,0.000000,0.000000,0.000000,8.000000,36.430000
1777667022.323429,0,5.000000,0.000000,5.000000,0.000000,0.000000,0.000000,0.000000,0.000000,8.000000,36.430000
1777667022.323898,0,5.000000,0.000000,5.000000,0.000000,0.000000,0.000000,0.000000,0.000000,8.000000,36.450000
1777667022.339801,0,5.000000,0.000000,5.000000,0.000000,0.000000,0.000000,0.000000,0.000000,8.000000,36.450000
1777667022.340256,0,5.000000,0.000000,5.000000,0.000000,0.000000,0.000000,0.000000,0.000000,8.000000,36.470000
1777667022.341522,0,5.000000,0.000000,5.000000,0.000000,0.000000,0.000000,0.000000,0.000000,8.000000,36.470000
1777667022.370459,0,5.000000,0.000000,5.000000,0.000000,0.000000,0.000000,0.000000,0.000000,8.000000,36.490000
1777667022.371060,0,5.000000,0.000000,5.000000,0.000000,0.000000,0.000000,0.000000,0.000000,8.000000,36.500000
1777667022.372125,0,5.000000,0.000000,5.000000,0.000000,0.000000,0.000000,0.000000,0.000000,8.000000,36.500000
1777667022.387585,0,5.000000,0.000000,5.000000,0.000000,0.000000,0.000000,0.000000,0.000000,8.000000,36.520000
1777667022.403811,0,5.000000,0.000000,5.000000,0.000000,0.000000,0.000000,0.000000,0.000000,8.000000,36.520000
1777667022.404280,0,5.000000,0.000000,5.000000,0.000000,0.000000,0.000000,0.000000,0.000000,8.000000,36.540000
1777667022.433877,0,5.000000,0.000000,5.000000,0.000000,0.000000,0.000000,0.000000,0.000000,8.000000,36.540000
1777667022.434352,0,5.000000,0.000000,5.000000,0.000000,0.000000,0.000000,0.000000,0.000000,8.000000,36.560000
1777667022.434813,0,5.000000,0.000000,5.000000,0.000000,0.000000,0.000000,0.000000,0.000000,8.000000,36.560000
1777667022.435178,0,5.000000,0.000000,5.000000,0.000000,0.000000,0.000000,0.000000,0.000000,8.000000,36.580000
1777667022.462399,0,5.000000,0.000000,5.000000,0.000000,0.000000,0.000000,0.000000,0.000000,8.000000,36.590000
1777667022.462871,0,5.000000,0.000000,5.000000,0.000000,0.000000,0.000000,0.000000,0.000000,8.000000,36.590000
1777667022.491384,0,5.000000,0.000000,5.000000,0.000000,0.000000,0.000000,0.000000,0.000000,8.000000,36.610000
1777667022.491861,0,5.000000,0.000000,5.000000,0.000000,0.000000,0.000000,0.000000,0.000000,8.000000,36.610000
1777667022.492421,0,5.000000,0.000000,5.000000,0.000000,0.000000,0.000000,0.000000,0.000000,8.000000,36.630000
1777667022.492793,0,5.000000,0.000000,5.000000,0.000000,0.000000,0.000000,0.000000,0.000000,8.000000,36.630000
1777667022.519669,0,5.000000,0.000000,5.000000,0.000000,0.000000,0.000000,0.000000,0.000000,8.000000,36.650000
1777667022.520416,0,5.000000,0.000000,5.000000,0.000000,0.000000,0.000000,0.000000,0.000000,8.000000,36.650000
1777667022.537039,0,5.000000,0.000000,5.000000,0.000000,0.000000,0.000000,0.000000,0.000000,8.000000,36.660000
1777667022.552314,0,5.000000,0.000000,5.000000,0.000000,0.000000,0.000000,0.000000,0.000000,8.000000,36.680000
1777667022.552778,0,5.000000,0.000000,5.000000,0.000000,0.000000,0.000000,0.000000,0.000000,8.000000,36.680000
1777667022.568614,0,5.000000,0.000000,5.000000,0.000000,0.000000,0.000000,0.000000,0.000000,8.000000,36.700000
1777667022.585300,0,5.000000,0.000000,5.000000,0.000000,0.000000,0.000000,0.000000,0.000000,8.000000,36.700000
1777667022.585855,0,5.000000,0.000000,5.000000,0.000000,0.000000,0.000000,0.000000,0.000000,8.000000,36.720000
1777667022.602831,0,5.000000,0.000000,5.000000,0.000000,0.000000,0.000000,0.000000,0.000000,8.000000,36.720000
1777667022.619184,0,5.000000,0.000000,5.000000,0.000000,0.000000,0.000000,0.000000,0.000000,8.000000,36.740000
1777667022.619765,0,5.000000,0.000000,5.000000,0.000000,0.000000,0.000000,0.000000,0.000000,8.000000,36.750000
1777667022.635113,0,5.000000,0.000000,5.000000,0.000000,0.000000,0.000000,0.000000,0.000000,8.000000,36.750000
1777667022.635594,0,5.000000,0.000000,5.000000,0.000000,0.000000,0.000000,0.000000,0.000000,8.000000,36.770000
1777667022.651849,0,5.000000,0.000000,5.000000,0.000000,0.000000,0.000000,0.000000,0.000000,8.000000,36.770000
1777667022.667155,0,5.000000,0.000000,5.000000,0.000000,0.000000,0.000000,0.000000,0.000000,8.000000,36.790000
1777667022.667617,0,5.000000,0.000000,5.000000,0.000000,0.000000,0.000000,0.000000,0.000000,8.000000,36.790000
1777667022.684652,0,5.000000,0.000000,5.000000,0.000000,0.000000,0.000000,0.000000,0.000000,8.000000,36.810000
1777667022.700412,0,5.000000,0.000000,5.000000,0.000000,0.000000,0.000000,0.000000,0.000000,8.000000,36.810000
1777667022.700893,0,5.000000,0.000000,5.000000,0.000000,0.000000,0.000000,0.000000,0.000000,8.000000,36.830000
1777667022.701512,0,5.000000,0.000000,5.000000,0.000000,0.000000,0.000000,0.000000,0.000000,8.000000,36.840000
1777667022.717268,0,5.000000,0.000000,5.000000,0.000000,0.000000,0.000000,0.000000,0.000000,8.000000,36.840000
1777667022.732640,0,5.000000,0.000000,5.000000,0.000000,0.000000,0.000000,0.000000,0.000000,8.000000,36.860000
1777667022.733104,0,5.000000,0.000000,5.000000,0.000000,0.000000,0.000000,0.000000,0.000000,8.000000,36.860000
1777667022.749744,0,5.000000,0.000000,5.000000,0.000000,0.000000,0.000000,0.000000,0.000000,8.000000,36.880000
1777667022.766026,0,5.000000,0.000000,5.000000,0.000000,0.000000,0.000000,0.000000,0.000000,8.000000,36.880000
1777667022.766504,0,5.000000,0.000000,5.000000,0.000000,0.000000,0.000000,0.000000,0.000000,8.000000,36.900000
1777667022.782642,0,5.000000,0.000000,5.000000,0.000000,0.000000,0.000000,0.000000,0.000000,8.000000,36.900000
1777667022.798663,0,5.000000,0.000000,5.000000,0.000000,0.000000,0.000000,0.000000,0.000000,8.000000,36.910000
1777667022.799088,0,5.000000,0.000000,5.000000,0.000000,0.000000,0.000000,0.000000,0.000000,8.000000,36.930000
1777667022.815262,0,5.000000,0.000000,5.000000,0.000000,0.000000,0.000000,0.000000,0.000000,8.000000,36.930000
1777667022.832000,0,5.000000,0.000000,5.000000,0.000000,0.000000,0.000000,0.000000,0.000000,8.000000,36.950000
1777667022.832435,0,5.000000,0.000000,5.000000,0.000000,0.000000,0.000000,0.000000,0.000000,8.000000,36.950000
1777667022.849337,0,5.000000,0.000000,5.000000,0.000000,0.000000,0.000000,0.000000,0.000000,8.000000,36.970000
1777667022.849808,0,5.000000,0.000000,5.000000,0.000000,0.000000,0.000000,0.000000,0.000000,8.000000,36.970000
1777667022.866140,0,5.000000,0.000000,5.000000,0.000000,0.000000,0.000000,0.000000,0.000000,8.000000,36.990000
1777667022.866698,0,5.000000,0.000000,5.000000,0.000000,0.000000,0.000000,0.000000,0.000000,8.000000,37.000000
1777667022.883118,0,5.000000,0.000000,5.000000,0.000000,0.000000,0.000000,0.000000,0.000000,8.000000,37.000000
1777667022.883582,0,5.000000,0.000000,5.000000,0.000000,0.000000,0.000000,0.000000,0.000000,8.000000,37.020000
1777667022.899099,0,5.000000,0.000000,5.000000,0.000000,0.000000,0.000000,0.000000,0.000000,8.000000,37.020000
1777667022.915275,0,5.000000,0.000000,5.000000,0.000000,0.000000,0.000000,0.000000,0.000000,8.000000,37.020000
1777667022.915746,0,5.000000,0.000000,5.000000,0.000000,0.000000,0.000000,0.000000,0.000000,8.000000,37.040000
1777667022.932046,0,5.000000,0.000000,5.000000,0.000000,0.000000,0.000000,0.000000,0.000000,8.000000,37.060000
1777667022.948644,0,5.000000,0.000000,5.000000,0.000000,0.000000,0.000000,0.000000,0.000000,8.000000,37.060000
1777667022.949112,0,5.000000,0.000000,5.000000,0.000000,0.000000,0.000000,0.000000,0.000000,8.000000,37.080000
1777667022.949665,0,5.000000,0.000000,5.000000,0.000000,0.000000,0.000000,0.000000,0.000000,8.000000,37.090000
1777667022.965315,0,5.000000,0.000000,5.000000,0.000000,0.000000,0.000000,0.000000,0.000000,8.000000,37.090000
1777667022.981981,0,5.000000,0.000000,5.000000,0.000000,0.000000,0.000000,0.000000,0.000000,8.000000,37.090000
1777667022.998625,0,5.000000,0.000000,5.000000,0.000000,0.000000,0.000000,0.000000,0.000000,8.000000,37.110000
1777667022.999051,0,5.000000,0.000000,5.000000,0.000000,0.000000,0.000000,0.000000,0.000000,8.000000,37.110000
1777667023.015870,0,5.000000,0.000000,5.000000,0.000000,0.000000,0.000000,0.000000,0.000000,8.000000,37.130000
1777667023.032135,0,5.000000,0.000000,5.000000,0.000000,0.000000,0.000000,0.000000,0.000000,8.000000,37.130000
1777667023.032600,0,5.000000,0.000000,5.000000,0.000000,0.000000,0.000000,0.000000,0.000000,8.000000,37.150000
1777667023.033059,0,5.000000,0.000000,5.000000,0.000000,0.000000,0.000000,0.000000,0.000000,8.000000,37.150000
1777667023.049933,0,5.000000,0.000000,5.000000,0.000000,0.000000,0.000000,0.000000,0.000000,8.000000,37.160000
1777667023.065949,0,5.000000,0.000000,5.000000,0.000000,0.000000,0.000000,0.000000,0.000000,8.000000,37.180000
1777667023.066420,0,5.000000,0.000000,5.000000,0.000000,0.000000,0.000000,0.000000,0.000000,8.000000,37.180000
1777667023.082693,0,5.000000,0.000000,5.000000,0.000000,0.000000,0.000000,0.000000,0.000000,8.000000,37.200000
1777667023.098589,0,5.000000,0.000000,5.000000,0.000000,0.000000,0.000000,0.000000,0.000000,8.000000,37.200000
1777667023.099038,0,5.000000,0.000000,5.000000,0.000000,0.000000,0.000000,0.000000,0.000000,8.000000,37.220000
1777667023.099607,0,5.000000,0.000000,5.000000,0.000000,0.000000,0.000000,0.000000,0.000000,8.000000,37.220000
1777667023.115475,0,5.000000,0.000000,5.000000,0.000000,0.000000,0.000000,0.000000,0.000000,8.000000,37.240000
1777667023.144018,0,5.000000,0.000000,5.000000,0.000000,0.000000,0.000000,0.000000,0.000000,8.000000,37.250000
1777667023.144629,0,5.000000,0.000000,5.000000,0.000000,0.000000,0.000000,0.000000,0.000000,8.000000,37.250000
1777667023.144995,0,5.000000,0.000000,5.000000,0.000000,0.000000,0.000000,0.000000,0.000000,8.000000,37.270000
1777667023.145364,0,5.000000,0.000000,5.000000,0.000000,0.000000,0.000000,0.000000,0.000000,8.000000,37.270000
1777667023.173240,0,5.000000,0.000000,5.000000,0.000000,0.000000,0.000000,0.000000,0.000000,8.000000,37.290000
1777667023.173798,0,5.000000,0.000000,5.000000,0.000000,0.000000,0.000000,0.000000,0.000000,8.000000,37.290000
1777667023.174462,0,5.000000,0.000000,5.000000,0.000000,0.000000,0.000000,0.000000,0.000000,8.000000,37.310000
1777667023.189693,0,5.000000,0.000000,5.000000,0.000000,0.000000,0.000000,0.000000,0.000000,8.000000,37.310000
1777667023.206767,0,5.000000,0.000000,5.000000,0.000000,0.000000,0.000000,0.000000,0.000000,8.000000,37.330000
1777667023.222413,0,5.000000,0.000000,5.000000,0.000000,0.000000,0.000000,0.000000,0.000000,8.000000,37.340000
1777667023.222874,0,5.000000,0.000000,5.000000,0.000000,0.000000,0.000000,0.000000,0.000000,8.000000,37.340000
1777667023.238950,0,5.000000,0.000000,5.000000,0.000000,0.000000,0.000000,0.000000,0.000000,8.000000,37.360000
1777667023.256036,0,5.000000,0.000000,5.000000,0.000000,0.000000,0.000000,0.000000,0.000000,8.000000,37.360000
1777667023.271162,0,5.000000,0.000000,5.000000,0.000000,0.000000,0.000000,0.000000,0.000000,8.000000,37.380000
1777667023.271775,0,5.000000,0.000000,5.000000,0.000000,0.000000,0.000000,0.000000,0.000000,8.000000,37.380000
1777667023.272161,0,5.000000,0.000000,5.000000,0.000000,0.000000,0.000000,0.000000,0.000000,8.000000,37.400000
1777667023.288084,0,5.000000,0.000000,5.000000,0.000000,0.000000,0.000000,0.000000,0.000000,8.000000,37.400000
1777667023.304097,0,5.000000,0.000000,5.000000,0.000000,0.000000,0.000000,0.000000,0.000000,8.000000,37.410000
1777667023.304567,0,5.000000,0.000000,5.000000,0.000000,0.000000,0.000000,0.000000,0.000000,8.000000,37.430000
1777667023.320925,0,5.000000,0.000000,5.000000,0.000000,0.000000,0.000000,0.000000,0.000000,8.000000,37.430000
1777667023.321395,0,5.000000,0.000000,5.000000,0.000000,0.000000,0.000000,0.000000,0.000000,8.000000,37.450000
1777667023.338083,0,5.000000,0.000000,5.000000,0.000000,0.000000,0.000000,0.000000,0.000000,8.000000,37.450000
1777667023.354254,0,5.000000,0.000000,5.000000,0.000000,0.000000,0.000000,0.000000,0.000000,8.000000,37.470000
1777667023.354828,0,5.000000,0.000000,5.000000,0.000000,0.000000,0.000000,0.000000,0.000000,8.000000,37.470000
1777667023.370318,0,5.000000,0.000000,5.000000,0.000000,0.000000,0.000000,0.000000,0.000000,8.000000,37.490000
1777667023.370785,0,5.000000,0.000000,5.000000,0.000000,0.000000,0.000000,0.000000,0.000000,8.000000,37.500000
1777667023.385856,0,5.000000,0.000000,5.000000,0.000000,0.000000,0.000000,0.000000,0.000000,8.000000,37.500000
1777667023.386324,0,5.000000,0.000000,5.000000,0.000000,0.000000,0.000000,0.000000,0.000000,8.000000,37.520000
1777667023.415612,0,5.000000,0.000000,5.000000,0.000000,0.000000,0.000000,0.000000,0.000000,8.000000,37.520000
1777667023.416097,0,5.000000,0.000000,5.000000,0.000000,0.000000,0.000000,0.000000,0.000000,8.000000,37.540000
1777667023.416664,0,5.000000,0.000000,5.000000,0.000000,0.000000,0.000000,0.000000,0.000000,8.000000,37.540000
1777667023.417040,0,5.000000,0.000000,5.000000,0.000000,0.000000,0.000000,0.000000,0.000000,8.000000,37.560000
1777667023.444364,0,5.000000,0.000000,5.000000,0.000000,0.000000,0.000000,0.000000,0.000000,8.000000,37.560000
1777667023.444840,0,5.000000,0.000000,5.000000,0.000000,0.000000,0.000000,0.000000,0.000000,8.000000,37.580000
1777667023.445400,0,5.000000,0.000000,5.000000,0.000000,0.000000,0.000000,0.000000,0.000000,8.000000,37.590000
1777667023.473802,0,5.000000,0.000000,5.000000,0.000000,0.000000,0.000000,0.000000,0.000000,8.000000,37.590000
1777667023.474727,0,5.000000,0.000000,5.000000,0.000000,0.000000,0.000000,0.000000,0.000000,8.000000,37.610000
1777667023.492747,0,5.000000,0.000000,5.000000,0.000000,0.000000,0.000000,0.000000,0.000000,8.000000,37.610000
1777667023.510899,0,5.000000,0.000000,5.000000,0.000000,0.000000,0.000000,0.000000,0.000000,8.000000,37.630000
1777667023.511495,0,5.000000,0.000000,5.000000,0.000000,0.000000,0.000000,0.000000,0.000000,8.000000,37.630000
1777667023.529321,0,5.000000,0.000000,5.000000,0.000000,0.000000,0.000000,0.000000,0.000000,8.000000,37.650000
1777667023.529855,0,5.000000,0.000000,5.000000,0.000000,0.000000,0.000000,0.000000,0.000000,8.000000,37.650000
1777667023.530368,0,5.000000,0.000000,5.000000,0.000000,0.000000,0.000000,0.000000,0.000000,8.000000,37.660000
1777667023.563129,0,5.000000,0.000000,5.000000,0.000000,0.000000,0.000000,0.000000,0.000000,8.000000,37.680000
1777667023.563613,0,5.000000,0.000000,5.000000,0.000000,0.000000,0.000000,0.000000,0.000000,8.000000,37.680000
1777667023.563975,0,5.000000,0.000000,5.000000,0.000000,0.000000,0.000000,0.000000,0.000000,8.000000,37.700000
1777667023.564709,0,5.000000,0.000000,5.000000,0.000000,0.000000,0.000000,0.000000,0.000000,8.000000,37.700000
1777667023.595957,0,5.000000,0.000000,5.000000,0.000000,0.000000,0.000000,0.000000,0.000000,8.000000,37.720000
1777667023.596422,0,5.000000,0.000000,5.000000,0.000000,0.000000,0.000000,0.000000,0.000000,8.000000,37.720000
1777667023.631887,0,5.000000,0.000000,5.000000,0.000000,0.000000,0.000000,0.000000,0.000000,8.000000,37.740000
1777667023.632378,0,5.000000,0.000000,5.000000,0.000000,0.000000,0.000000,0.000000,0.000000,8.000000,37.750000
1777667023.632731,0,5.000000,0.000000,5.000000,0.000000,0.000000,0.000000,0.000000,0.000000,8.000000,37.750000
1777667023.633391,0,5.000000,0.000000,5.000000,0.000000,0.000000,0.000000,0.000000,0.000000,8.000000,37.770000
1777667023.633767,0,5.000000,0.000000,5.000000,0.000000,0.000000,0.000000,0.000000,0.000000,8.000000,37.770000
1777667023.665463,0,5.000000,0.000000,5.000000,0.000000,0.000000,0.000000,0.000000,0.000000,8.000000,37.790000
1777667023.666203,0,5.000000,0.000000,5.000000,0.000000,0.000000,0.000000,0.000000,0.000000,8.000000,37.790000
1777667023.666550,0,5.000000,0.000000,5.000000,0.000000,0.000000,0.000000,0.000000,0.000000,8.000000,37.810000
1777667023.698836,0,5.000000,0.000000,5.000000,0.000000,0.000000,0.000000,0.000000,0.000000,8.000000,37.810000
1777667023.699357,0,5.000000,0.000000,5.000000,0.000000,0.000000,0.000000,0.000000,0.000000,8.000000,37.830000
1777667023.699890,0,5.000000,0.000000,5.000000,0.000000,0.000000,0.000000,0.000000,0.000000,8.000000,37.840000
1777667023.716967,0,5.000000,0.000000,5.000000,0.000000,0.000000,0.000000,0.000000,0.000000,8.000000,37.840000
1777667023.736173,0,5.000000,0.000000,5.000000,0.000000,0.000000,0.000000,0.000000,0.000000,8.000000,37.860000
1777667023.753060,0,5.000000,0.000000,5.000000,0.000000,0.000000,0.000000,0.000000,0.000000,8.000000,37.860000
1777667023.753530,0,5.000000,0.000000,5.000000,0.000000,0.000000,0.000000,0.000000,0.000000,8.000000,37.880000
1777667023.753999,0,5.000000,0.000000,5.000000,0.000000,0.000000,0.000000,0.000000,0.000000,8.000000,37.880000
1777667023.771992,0,5.000000,0.000000,5.000000,0.000000,0.000000,0.000000,0.000000,0.000000,8.000000,37.900000
1777667023.789567,0,5.000000,0.000000,5.000000,0.000000,0.000000,0.000000,0.000000,0.000000,8.000000,37.900000
1777667023.790018,0,5.000000,0.000000,5.000000,0.000000,0.000000,0.000000,0.000000,0.000000,8.000000,37.910000
1777667023.807115,0,5.000000,0.000000,5.000000,0.000000,0.000000,0.000000,0.000000,0.000000,8.000000,37.930000
1777667023.807563,0,5.000000,0.000000,5.000000,0.000000,0.000000,0.000000,0.000000,0.000000,8.000000,37.930000
1777667023.807939,0,5.000000,0.000000,5.000000,0.000000,0.000000,0.000000,0.000000,0.000000,8.000000,37.950000
1777667023.840734,0,5.000000,0.000000,5.000000,0.000000,0.000000,0.000000,0.000000,0.000000,8.000000,37.950000
1777667023.841206,0,5.000000,0.000000,5.000000,0.000000,0.000000,0.000000,0.000000,0.000000,8.000000,37.970000
1777667023.841555,0,5.000000,0.000000,5.000000,0.000000,0.000000,0.000000,0.000000,0.000000,8.000000,37.970000
1777667023.841982,0,5.000000,0.000000,5.000000,0.000000,0.000000,0.000000,0.000000,0.000000,8.000000,37.970000
1777667023.874531,0,5.000000,0.000000,5.000000,0.000000,0.000000,0.000000,0.000000,0.000000,8.000000,37.990000
1777667023.874996,0,5.000000,0.000000,5.000000,0.000000,0.000000,0.000000,0.000000,0.000000,8.000000,38.000000
1777667023.875634,0,5.000000,0.000000,5.000000,0.000000,0.000000,0.000000,0.000000,0.000000,8.000000,38.000000
1777667023.907016,0,5.000000,0.000000,5.000000,0.000000,0.000000,0.000000,0.000000,0.000000,8.000000,38.020000
1777667023.907486,0,5.000000,0.000000,5.000000,0.000000,0.000000,0.000000,0.000000,0.000000,8.000000,38.020000
1777667023.908019,0,5.000000,0.000000,5.000000,0.000000,0.000000,0.000000,0.000000,0.000000,8.000000,38.040000
1777667023.925897,0,5.000000,0.000000,5.000000,0.000000,0.000000,0.000000,0.000000,0.000000,8.000000,38.040000
1777667023.944253,0,5.000000,0.000000,5.000000,0.000000,0.000000,0.000000,0.000000,0.000000,8.000000,38.060000
1777667023.944725,0,5.000000,0.000000,5.000000,0.000000,0.000000,0.000000,0.000000,0.000000,8.000000,38.060000
1777667023.962944,0,5.000000,0.000000,5.000000,0.000000,0.000000,0.000000,0.000000,0.000000,8.000000,38.080000
1777667023.963749,0,5.000000,0.000000,5.000000,0.000000,0.000000,0.000000,0.000000,0.000000,8.000000,38.090000
1777667023.981119,0,5.000000,0.000000,5.000000,0.000000,0.000000,0.000000,0.000000,0.000000,8.000000,38.090000
1777667023.998809,0,5.000000,0.000000,5.000000,0.000000,0.000000,0.000000,0.000000,0.000000,8.000000,38.110000
1777667023.999273,0,5.000000,0.000000,5.000000,0.000000,0.000000,0.000000,0.000000,0.000000,8.000000,38.110000
1777667024.016857,0,5.000000,0.000000,5.000000,0.000000,0.000000,0.000000,0.000000,0.000000,8.000000,38.130000
1777667024.017313,0,5.000000,0.000000,5.000000,0.000000,0.000000,0.000000,0.000000,0.000000,8.000000,38.130000
1777667024.034712,0,5.000000,0.000000,5.000000,0.000000,0.000000,0.000000,0.000000,0.000000,8.000000,38.150000
1777667024.051481,0,5.000000,0.000000,5.000000,0.000000,0.000000,0.000000,0.000000,0.000000,8.000000,38.150000
1777667024.051968,0,5.000000,0.000000,5.000000,0.000000,0.000000,0.000000,0.000000,0.000000,8.000000,38.160000
1777667024.052654,0,5.000000,0.000000,5.000000,0.000000,0.000000,0.000000,0.000000,0.000000,8.000000,38.180000
1777667024.068792,0,5.000000,0.000000,5.000000,0.000000,0.000000,0.000000,0.000000,0.000000,8.000000,38.180000
1777667024.069273,0,5.000000,0.000000,5.000000,0.000000,0.000000,0.000000,0.000000,0.000000,8.000000,38.200000
1777667024.085812,0,5.000000,0.000000,5.000000,0.000000,0.000000,0.000000,0.000000,0.000000,8.000000,38.200000
1777667024.102388,0,5.000000,0.000000,5.000000,0.000000,0.000000,0.000000,0.000000,0.000000,8.000000,38.220000
1777667024.102851,0,5.000000,0.000000,5.000000,0.000000,0.000000,0.000000,0.000000,0.000000,8.000000,38.220000
1777667024.118839,0,5.000000,0.000000,5.000000,0.000000,0.000000,0.000000,0.000000,0.000000,8.000000,38.240000
1777667024.135620,0,5.000000,0.000000,5.000000,0.000000,0.000000,0.000000,0.000000,0.000000,8.000000,38.250000
1777667024.136088,0,5.000000,0.000000,5.000000,0.000000,0.000000,0.000000,0.000000,0.000000,8.000000,38.250000
1777667024.152865,0,5.000000,0.000000,5.000000,0.000000,0.000000,0.000000,0.000000,0.000000,8.000000,38.270000
1777667024.153316,0,5.000000,0.000000,5.000000,0.000000,0.000000,0.000000,0.000000,0.000000,8.000000,38.270000
1777667024.169528,0,5.000000,0.000000,5.000000,0.000000,0.000000,0.000000,0.000000,0.000000,8.000000,38.290000
1777667024.185432,0,5.000000,0.000000,5.000000,0.000000,0.000000,0.000000,0.000000,0.000000,8.000000,38.290000
1777667024.186086,0,5.000000,0.000000,5.000000,0.000000,0.000000,0.000000,0.000000,0.000000,8.000000,38.310000
1777667024.186515,0,5.000000,0.000000,5.000000,0.000000,0.000000,0.000000,0.000000,0.000000,8.000000,38.310000
1777667024.202700,0,5.000000,0.000000,5.000000,0.000000,0.000000,0.000000,0.000000,0.000000,8.000000,38.330000
1777667024.219361,0,5.000000,0.000000,5.000000,0.000000,0.000000,0.000000,0.000000,0.000000,8.000000,38.340000
1777667024.219827,0,5.000000,0.000000,5.000000,0.000000,0.000000,0.000000,0.000000,0.000000,8.000000,38.340000
1777667024.236496,0,5.000000,0.000000,5.000000,0.000000,0.000000,0.000000,0.000000,0.000000,8.000000,38.360000
1777667024.252870,0,5.000000,0.000000,5.000000,0.000000,0.000000,0.000000,0.000000,0.000000,8.000000,38.360000
1777667024.253320,0,5.000000,0.000000,5.000000,0.000000,0.000000,0.000000,0.000000,0.000000,8.000000,38.380000
1777667024.253863,0,5.000000,0.000000,5.000000,0.000000,0.000000,0.000000,0.000000,0.000000,8.000000,38.380000
1777667024.269950,0,5.000000,0.000000,5.000000,0.000000,0.000000,0.000000,0.000000,0.000000,8.000000,38.400000
1777667024.286433,0,5.000000,0.000000,5.000000,0.000000,0.000000,0.000000,0.000000,0.000000,8.000000,38.400000
1777667024.286906,0,5.000000,0.000000,5.000000,0.000000,0.000000,0.000000,0.000000,0.000000,8.000000,38.410000
1777667024.305574,0,5.000000,0.000000,5.000000,0.000000,0.000000,0.000000,0.000000,0.000000,8.000000,38.430000
1777667024.322474,0,5.000000,0.000000,5.000000,0.000000,0.000000,0.000000,0.000000,0.000000,8.000000,38.430000
1777667024.322975,0,5.000000,0.000000,5.000000,0.000000,0.000000,0.000000,0.000000,0.000000,8.000000,38.450000
1777667024.339837,0,5.000000,0.000000,5.000000,0.000000,0.000000,0.000000,0.000000,0.000000,8.000000,38.450000
1777667024.340305,0,5.000000,0.000000,5.000000,0.000000,0.000000,0.000000,0.000000,0.000000,8.000000,38.470000
1777667024.356557,0,5.000000,0.000000,5.000000,0.000000,0.000000,0.000000,0.000000,0.000000,8.000000,38.470000
1777667024.357045,0,5.000000,0.000000,5.000000,0.000000,0.000000,0.000000,0.000000,0.000000,8.000000,38.490000
1777667024.373505,0,5.000000,0.000000,5.000000,0.000000,0.000000,0.000000,0.000000,0.000000,8.000000,38.500000
1777667024.374252,0,5.000000,0.000000,5.000000,0.000000,0.000000,0.000000,0.000000,0.000000,8.000000,38.500000
1777667024.406692,0,5.000000,0.000000,5.000000,0.000000,0.000000,0.000000,0.000000,0.000000,8.000000,38.520000
1777667024.407167,0,5.000000,0.000000,5.000000,0.000000,0.000000,0.000000,0.000000,0.000000,8.000000,38.520000
1777667024.407816,0,5.000000,0.000000,5.000000,0.000000,0.000000,0.000000,0.000000,0.000000,8.000000,38.540000
1777667024.408203,0,5.000000,0.000000,5.000000,0.000000,0.000000,0.000000,0.000000,0.000000,8.000000,38.540000
1777667024.439321,0,5.000000,0.000000,5.000000,0.000000,0.000000,0.000000,0.000000,0.000000,8.000000,38.560000
1777667024.439790,0,5.000000,0.000000,5.000000,0.000000,0.000000,0.000000,0.000000,0.000000,8.000000,38.560000
1777667024.440281,0,5.000000,0.000000,5.000000,0.000000,0.000000,0.000000,0.000000,0.000000,8.000000,38.580000
1777667024.440691,0,5.000000,0.000000,5.000000,0.000000,0.000000,0.000000,0.000000,0.000000,8.000000,38.590000
1777667024.469143,0,5.000000,0.000000,5.000000,0.000000,0.000000,0.000000,0.000000,0.000000,8.000000,38.590000
1777667024.469615,0,5.000000,0.000000,5.000000,0.000000,0.000000,0.000000,0.000000,0.000000,8.000000,38.610000
1777667024.487040,0,5.000000,0.000000,5.000000,0.000000,0.000000,0.000000,0.000000,0.000000,8.000000,38.610000
1777667024.504176,0,5.000000,0.000000,5.000000,0.000000,0.000000,0.000000,0.000000,0.000000,8.000000,38.610000
1777667024.521154,0,5.000000,0.000000,5.000000,0.000000,0.000000,0.000000,0.000000,0.000000,8.000000,38.630000
1777667024.521619,0,5.000000,0.000000,5.000000,0.000000,0.000000,0.000000,0.000000,0.000000,8.000000,38.630000
1777667024.538623,0,5.000000,0.000000,5.000000,0.000000,0.000000,0.000000,0.000000,0.000000,8.000000,38.650000
1777667024.539241,0,5.000000,0.000000,5.000000,0.000000,0.000000,0.000000,0.000000,0.000000,8.000000,38.650000
1777667024.556361,0,5.000000,0.000000,5.000000,0.000000,0.000000,0.000000,0.000000,0.000000,8.000000,38.660000
1777667024.556833,0,5.000000,0.000000,5.000000,0.000000,0.000000,0.000000,0.000000,0.000000,8.000000,38.680000
1777667024.574470,0,5.000000,0.000000,5.000000,0.000000,0.000000,0.000000,0.000000,0.000000,8.000000,38.680000
1777667024.574939,0,5.000000,0.000000,5.000000,0.000000,0.000000,0.000000,0.000000,0.000000,8.000000,38.700000
1777667024.593176,0,5.000000,0.000000,5.000000,0.000000,0.000000,0.000000,0.000000,0.000000,8.000000,38.700000
1777667024.593760,0,5.000000,0.000000,5.000000,0.000000,0.000000,0.000000,0.000000,0.000000,8.000000,38.720000
1777667024.611031,0,5.000000,0.000000,5.000000,0.000000,0.000000,0.000000,0.000000,0.000000,8.000000,38.720000
1777667024.627571,0,5.000000,0.000000,5.000000,0.000000,0.000000,0.000000,0.000000,0.000000,8.000000,38.740000
1777667024.628046,0,5.000000,0.000000,5.000000,0.000000,0.000000,0.000000,0.000000,0.000000,8.000000,38.750000
1777667024.644923,0,5.000000,0.000000,5.000000,0.000000,0.000000,0.000000,0.000000,0.000000,8.000000,38.750000
1777667024.645485,0,5.000000,0.000000,5.000000,0.000000,0.000000,0.000000,0.000000,0.000000,8.000000,38.770000
1777667024.662419,0,5.000000,0.000000,5.000000,0.000000,0.000000,0.000000,0.000000,0.000000,8.000000,38.770000
1777667024.662890,0,5.000000,0.000000,5.000000,0.000000,0.000000,0.000000,0.000000,0.000000,8.000000,38.790000
1777667024.680104,0,5.000000,0.000000,5.000000,0.000000,0.000000,0.000000,0.000000,0.000000,8.000000,38.790000
1777667024.695910,0,5.000000,0.000000,5.000000,0.000000,0.000000,0.000000,0.000000,0.000000,8.000000,38.810000
1777667024.696389,0,5.000000,0.000000,5.000000,0.000000,0.000000,0.000000,0.000000,0.000000,8.000000,38.810000
1777667024.696775,0,5.000000,0.000000,5.000000,0.000000,0.000000,0.000000,0.000000,0.000000,8.000000,38.830000
1777667024.725799,0,5.000000,0.000000,5.000000,0.000000,0.000000,0.000000,0.000000,0.000000,8.000000,38.840000
1777667024.726459,0,5.000000,0.000000,5.000000,0.000000,0.000000,0.000000,0.000000,0.000000,8.000000,38.840000
1777667024.726980,0,5.000000,0.000000,5.000000,0.000000,0.000000,0.000000,0.000000,0.000000,8.000000,38.860000
1777667024.742694,0,5.000000,0.000000,5.000000,0.000000,0.000000,0.000000,0.000000,0.000000,8.000000,38.860000
1777667024.759951,0,5.000000,0.000000,5.000000,0.000000,0.000000,0.000000,0.000000,0.000000,8.000000,38.880000
1777667024.760421,0,5.000000,0.000000,5.000000,0.000000,0.000000,0.000000,0.000000,0.000000,8.000000,38.880000
1777667024.776777,0,5.000000,0.000000,5.000000,0.000000,0.000000,0.000000,0.000000,0.000000,8.000000,38.900000
1777667024.777245,0,5.000000,0.000000,5.000000,0.000000,0.000000,0.000000,0.000000,0.000000,8.000000,38.900000
1777667024.793241,0,5.000000,0.000000,5.000000,0.000000,0.000000,0.000000,0.000000,0.000000,8.000000,38.910000
1777667024.794003,0,5.000000,0.000000,5.000000,0.000000,0.000000,0.000000,0.000000,0.000000,8.000000,38.930000
1777667024.810279,0,5.000000,0.000000,5.000000,0.000000,0.000000,0.000000,0.000000,0.000000,8.000000,38.930000
1777667024.826855,0,5.000000,0.000000,5.000000,0.000000,0.000000,0.000000,0.000000,0.000000,8.000000,38.950000
1777667024.827328,0,5.000000,0.000000,5.000000,0.000000,0.000000,0.000000,0.000000,0.000000,8.000000,38.950000
1777667024.843765,0,5.000000,0.000000,5.000000,0.000000,0.000000,0.000000,0.000000,0.000000,8.000000,38.970000
1777667024.859462,0,5.000000,0.000000,5.000000,0.000000,0.000000,0.000000,0.000000,0.000000,8.000000,38.970000
1777667024.859921,0,5.000000,0.000000,5.000000,0.000000,0.000000,0.000000,0.000000,0.000000,8.000000,38.990000
1777667024.874529,0,5.000000,0.000000,5.000000,0.000000,0.000000,0.000000,0.000000,0.000000,8.000000,39.000000
1777667024.891166,0,5.000000,0.000000,5.000000,0.000000,0.000000,0.000000,0.000000,0.000000,8.000000,39.000000
1777667024.891832,0,5.000000,0.000000,5.000000,0.000000,0.000000,0.000000,0.000000,0.000000,8.000000,39.020000
1777667024.908358,0,5.000000,0.000000,5.000000,0.000000,0.000000,0.000000,0.000000,0.000000,8.000000,39.020000
1777667024.908911,0,5.000000,0.000000,5.000000,0.000000,0.000000,0.000000,0.000000,0.000000,8.000000,39.040000
1777667024.925133,0,5.000000,0.000000,5.000000,0.000000,0.000000,0.000000,0.000000,0.000000,8.000000,39.040000
1777667024.925603,0,5.000000,0.000000,5.000000,0.000000,0.000000,0.000000,0.000000,0.000000,8.000000,39.060000
1777667024.941699,0,5.000000,0.000000,5.000000,0.000000,0.000000,0.000000,0.000000,0.000000,8.000000,39.060000
1777667024.959681,0,5.000000,0.000000,5.000000,0.000000,0.000000,0.000000,0.000000,0.000000,8.000000,39.080000
1777667024.960262,0,5.000000,0.000000,5.000000,0.000000,0.000000,0.000000,0.000000,0.000000,8.000000,39.090000
1777667024.977925,0,5.000000,0.000000,5.000000,0.000000,0.000000,0.000000,0.000000,0.000000,8.000000,39.090000
1777667024.978361,0,5.000000,0.000000,5.000000,0.000000,0.000000,0.000000,0.000000,0.000000,8.000000,39.110000
1777667024.996123,0,5.000000,0.000000,5.000000,0.000000,0.000000,0.000000,0.000000,0.000000,8.000000,39.110000
1777667024.996894,0,5.000000,0.000000,5.000000,0.000000,0.000000,0.000000,0.000000,0.000000,8.000000,39.130000
1777667025.015691,0,5.000000,0.000000,5.000000,0.000000,0.000000,0.000000,0.000000,0.000000,8.000000,39.130000
1777667025.034507,0,5.000000,0.000000,5.000000,0.000000,0.000000,0.000000,0.000000,0.000000,8.000000,39.150000
1777667025.052663,0,5.000000,0.000000,5.000000,0.000000,0.000000,0.000000,0.000000,0.000000,8.000000,39.150000
1777667025.053102,0,5.000000,0.000000,5.000000,0.000000,0.000000,0.000000,0.000000,0.000000,8.000000,39.150000
1777667025.053453,0,5.000000,0.000000,5.000000,0.000000,0.000000,0.000000,0.000000,0.000000,8.000000,39.180000
1777667025.053778,0,5.000000,0.000000,5.000000,0.000000,0.000000,0.000000,0.000000,0.000000,8.000000,39.180000
1777667025.071147,0,5.000000,0.000000,5.000000,0.000000,0.000000,0.000000,0.000000,0.000000,8.000000,39.180000
1777667025.088577,0,5.000000,0.000000,5.000000,0.000000,0.000000,0.000000,0.000000,0.000000,8.000000,39.200000
1777667025.089042,0,5.000000,0.000000,5.000000,0.000000,0.000000,0.000000,0.000000,0.000000,8.000000,39.220000
1777667025.105050,0,5.000000,0.000000,5.000000,0.000000,0.000000,0.000000,0.000000,0.000000,8.000000,39.220000
1777667025.105518,0,5.000000,0.000000,5.000000,0.000000,0.000000,0.000000,0.000000,0.000000,8.000000,39.220000
1777667025.120897,0,5.000000,0.000000,5.000000,0.000000,0.000000,0.000000,0.000000,0.000000,8.000000,39.250000
1777667025.121355,0,5.000000,0.000000,5.000000,0.000000,0.000000,0.000000,0.000000,0.000000,8.000000,39.250000
1777667025.149736,0,5.000000,0.000000,5.000000,0.000000,0.000000,0.000000,0.000000,0.000000,8.000000,39.250000
1777667025.150213,0,5.000000,0.000000,5.000000,0.000000,0.000000,0.000000,0.000000,0.000000,8.000000,39.270000
1777667025.150769,0,5.000000,0.000000,5.000000,0.000000,0.000000,0.000000,0.000000,0.000000,8.000000,39.290000
1777667025.151148,0,5.000000,0.000000,5.000000,0.000000,0.000000,0.000000,0.000000,0.000000,8.000000,39.290000
1777667025.178804,0,5.000000,0.000000,5.000000,0.000000,0.000000,0.000000,0.000000,0.000000,8.000000,39.310000
1777667025.179624,0,5.000000,0.000000,5.000000,0.000000,0.000000,0.000000,0.000000,0.000000,8.000000,39.310000
1777667025.180188,0,5.000000,0.000000,5.000000,0.000000,0.000000,0.000000,0.000000,0.000000,8.000000,39.330000
1777667025.206628,0,5.000000,0.000000,5.000000,0.000000,0.000000,0.000000,0.000000,0.000000,8.000000,39.340000
1777667025.207258,0,5.000000,0.000000,5.000000,0.000000,0.000000,0.000000,0.000000,0.000000,8.000000,39.340000
1777667025.236243,0,5.000000,0.000000,5.000000,0.000000,0.000000,0.000000,0.000000,0.000000,8.000000,39.360000
1777667025.236844,0,0.000000,0.000000,0.000000,0.000000,0.000000,0.000000,0.000000,0.000000,8.000000,39.360000
1777667025.237571,0,0.000000,0.000000,0.000000,0.000000,0.000000,0.000000,0.000000,0.000000,8.000000,39.380000
1777667025.252287,0,0.000000,0.000000,0.000000,0.000000,0.000000,0.000000,0.000000,0.000000,8.000000,39.380000
1777667025.267991,0,0.000000,0.000000,0.000000,0.000000,0.000000,0.000000,0.000000,0.000000,8.000000,39.400000
1777667025.284003,0,0.000000,0.000000,0.000000,0.000000,0.000000,0.000000,0.000000,0.000000,8.000000,39.400000
1777667025.284479,0,0.000000,0.000000,0.000000,0.000000,0.000000,0.000000,0.000000,0.000000,8.000000,39.400000
1777667025.300209,0,0.000000,0.000000,0.000000,0.000000,0.000000,0.000000,0.000000,0.000000,8.000000,39.410000
1777667025.316178,0,0.000000,0.000000,0.000000,0.000000,0.000000,0.000000,0.000000,0.000000,8.000000,39.430000
1777667025.316657,0,0.000000,0.000000,0.000000,0.000000,0.000000,0.000000,0.000000,0.000000,8.000000,39.430000
1777667025.332603,0,0.000000,0.000000,0.000000,0.000000,0.000000,0.000000,0.000000,0.000000,8.000000,39.450000
1777667025.333073,0,0.000000,0.000000,0.000000,0.000000,0.000000,0.000000,0.000000,0.000000,8.000000,39.450000
1777667025.349087,0,0.000000,0.000000,0.000000,0.000000,0.000000,0.000000,0.000000,0.000000,8.000000,39.470000
1777667025.349661,0,0.000000,0.000000,0.000000,0.000000,0.000000,0.000000,0.000000,0.000000,8.000000,39.470000
1777667025.365299,0,0.000000,0.000000,0.000000,0.000000,0.000000,0.000000,0.000000,0.000000,8.000000,39.490000
1777667025.380234,0,0.000000,0.000000,0.000000,0.000000,0.000000,0.000000,0.000000,0.000000,8.000000,39.500000
1777667025.380725,0,0.000000,0.000000,0.000000,0.000000,0.000000,0.000000,0.000000,0.000000,8.000000,39.500000
1777667025.395897,0,0.000000,0.000000,0.000000,0.000000,0.000000,0.000000,0.000000,0.000000,8.000000,39.520000
1777667025.413310,0,0.000000,0.000000,0.000000,0.000000,0.000000,0.000000,0.000000,0.000000,8.000000,39.520000
1777667025.413810,0,0.000000,0.000000,0.000000,0.000000,0.000000,0.000000,0.000000,0.000000,8.000000,39.540000
1777667025.429360,0,0.000000,0.000000,0.000000,0.000000,0.000000,0.000000,0.000000,0.000000,8.000000,39.540000
1777667025.429923,0,0.000000,0.000000,0.000000,0.000000,0.000000,0.000000,0.000000,0.000000,8.000000,39.560000
1777667025.445787,0,0.000000,0.000000,0.000000,0.000000,0.000000,0.000000,0.000000,0.000000,8.000000,39.560000
1777667025.446538,0,0.000000,0.000000,0.000000,0.000000,0.000000,0.000000,0.000000,0.000000,8.000000,39.580000
1777667025.462153,0,0.000000,0.000000,0.000000,0.000000,0.000000,0.000000,0.000000,0.000000,8.000000,39.590000
1777667025.478189,0,0.000000,0.000000,0.000000,0.000000,0.000000,0.000000,0.000000,0.000000,8.000000,39.590000
1777667025.478647,0,0.000000,0.000000,0.000000,0.000000,0.000000,0.000000,0.000000,0.000000,8.000000,39.610000
1777667025.494311,0,0.000000,0.000000,0.000000,0.000000,0.000000,0.000000,0.000000,0.000000,8.000000,39.610000
1777667025.494769,0,0.000000,0.000000,0.000000,0.000000,0.000000,0.000000,0.000000,0.000000,8.000000,39.630000
1777667025.510562,0,0.000000,0.000000,0.000000,0.000000,0.000000,0.000000,0.000000,0.000000,8.000000,39.630000
1777667025.526098,0,0.000000,0.000000,0.000000,0.000000,0.000000,0.000000,0.000000,0.000000,8.000000,39.650000
1777667025.526574,0,0.000000,0.000000,0.000000,0.000000,0.000000,0.000000,0.000000,0.000000,8.000000,39.650000
1777667025.542406,0,0.000000,0.000000,0.000000,0.000000,0.000000,0.000000,0.000000,0.000000,8.000000,39.660000
1777667025.558708,0,0.000000,0.000000,0.000000,0.000000,0.000000,0.000000,0.000000,0.000000,8.000000,39.680000
1777667025.559346,0,0.000000,0.000000,0.000000,0.000000,0.000000,0.000000,0.000000,0.000000,8.000000,39.680000
1777667025.575101,0,0.000000,0.000000,0.000000,0.000000,0.000000,0.000000,0.000000,0.000000,8.000000,39.700000
1777667025.575567,0,0.000000,0.000000,0.000000,0.000000,0.000000,0.000000,0.000000,0.000000,8.000000,39.700000
1777667025.594197,0,0.000000,0.000000,0.000000,0.000000,0.000000,0.000000,0.000000,0.000000,8.000000,39.720000
1777667025.609374,0,0.000000,0.000000,0.000000,0.000000,0.000000,0.000000,0.000000,0.000000,8.000000,39.720000
1777667025.609836,0,0.000000,0.000000,0.000000,0.000000,0.000000,0.000000,0.000000,0.000000,8.000000,39.740000
1777667025.610203,0,0.000000,0.000000,0.000000,0.000000,0.000000,0.000000,0.000000,0.000000,8.000000,39.750000
1777667025.627531,0,0.000000,0.000000,0.000000,0.000000,0.000000,0.000000,0.000000,0.000000,8.000000,39.750000
1777667025.644547,0,0.000000,0.000000,0.000000,0.000000,0.000000,0.000000,0.000000,0.000000,8.000000,39.770000
1777667025.645015,0,0.000000,0.000000,0.000000,0.000000,0.000000,0.000000,0.000000,0.000000,8.000000,39.770000
1777667025.661611,0,0.000000,0.000000,0.000000,0.000000,0.000000,0.000000,0.000000,0.000000,8.000000,39.790000
1777667025.677830,0,0.000000,0.000000,0.000000,0.000000,0.000000,0.000000,0.000000,0.000000,8.000000,39.790000
1777667025.678405,0,0.000000,0.000000,0.000000,0.000000,0.000000,0.000000,0.000000,0.000000,8.000000,39.790000
1777667025.694335,0,0.000000,0.000000,0.000000,0.000000,0.000000,0.000000,0.000000,0.000000,8.000000,39.810000
1777667025.694798,0,0.000000,0.000000,0.000000,0.000000,0.000000,0.000000,0.000000,0.000000,8.000000,39.830000
1777667025.710328,0,0.000000,0.000000,0.000000,0.000000,0.000000,0.000000,0.000000,0.000000,8.000000,39.840000
1777667025.710793,0,0.000000,0.000000,0.000000,0.000000,0.000000,0.000000,0.000000,0.000000,8.000000,39.840000
1777667025.726250,0,0.000000,0.000000,0.000000,0.000000,0.000000,0.000000,0.000000,0.000000,8.000000,39.860000
1777667025.742395,0,0.000000,0.000000,0.000000,0.000000,0.000000,0.000000,0.000000,0.000000,8.000000,39.860000
1777667025.760081,0,0.000000,0.000000,0.000000,0.000000,0.000000,0.000000,0.000000,0.000000,8.000000,39.880000
1777667025.760545,0,0.000000,0.000000,0.000000,0.000000,0.000000,0.000000,0.000000,0.000000,8.000000,39.880000
1777667025.777196,0,0.000000,0.000000,0.000000,0.000000,0.000000,0.000000,0.000000,0.000000,8.000000,39.880000
1777667025.777737,0,0.000000,0.000000,0.000000,0.000000,0.000000,0.000000,0.000000,0.000000,8.000000,39.900000
1777667025.778206,0,0.000000,0.000000,0.000000,0.000000,0.000000,0.000000,0.000000,0.000000,8.000000,39.900000
1777667025.794002,0,0.000000,0.000000,0.000000,0.000000,0.000000,0.000000,0.000000,0.000000,8.000000,39.910000
1777667025.810425,0,0.000000,0.000000,0.000000,0.000000,0.000000,0.000000,0.000000,0.000000,8.000000,39.930000
1777667025.826182,0,0.000000,0.000000,0.000000,0.000000,0.000000,0.000000,0.000000,0.000000,8.000000,39.930000
1777667025.826650,0,0.000000,0.000000,0.000000,0.000000,0.000000,0.000000,0.000000,0.000000,8.000000,39.950000
1777667025.827026,0,0.000000,0.000000,0.000000,0.000000,0.000000,0.000000,0.000000,0.000000,8.000000,39.950000
1777667025.843452,0,0.000000,0.000000,0.000000,0.000000,0.000000,0.000000,0.000000,0.000000,8.000000,39.970000
1777667025.858449,0,0.000000,0.000000,0.000000,0.000000,0.000000,0.000000,0.000000,0.000000,8.000000,39.970000
1777667025.859109,0,0.000000,0.000000,0.000000,0.000000,0.000000,0.000000,0.000000,0.000000,8.000000,39.990000
1777667025.875646,0,0.000000,0.000000,0.000000,0.000000,0.000000,0.000000,0.000000,0.000000,8.000000,40.000000
1777667025.891728,0,0.000000,0.000000,0.000000,0.000000,0.000000,0.000000,0.000000,0.000000,8.000000,40.000000
1777667025.892200,0,0.000000,0.000000,0.000000,0.000000,0.000000,0.000000,0.000000,0.000000,8.000000,40.020000
1777667025.908521,0,0.000000,0.000000,0.000000,0.000000,0.000000,0.000000,0.000000,0.000000,8.000000,40.020000
1777667025.924168,0,0.000000,0.000000,0.000000,0.000000,0.000000,0.000000,0.000000,0.000000,8.000000,40.040000
1777667025.924633,0,0.000000,0.000000,0.000000,0.000000,0.000000,0.000000,0.000000,0.000000,8.000000,40.040000
1777667025.940547,0,0.000000,0.000000,0.000000,0.000000,0.000000,0.000000,0.000000,0.000000,8.000000,40.060000
1777667025.941247,0,0.000000,0.000000,0.000000,0.000000,0.000000,0.000000,0.000000,0.000000,8.000000,40.060000
1777667025.956668,0,0.000000,0.000000,0.000000,0.000000,0.000000,0.000000,0.000000,0.000000,8.000000,40.080000
1777667025.957129,0,0.000000,0.000000,0.000000,0.000000,0.000000,0.000000,0.000000,0.000000,8.000000,40.090000
1777667025.972861,0,0.000000,0.000000,0.000000,0.000000,0.000000,0.000000,0.000000,0.000000,8.000000,40.090000
1777667025.988803,0,0.000000,0.000000,0.000000,0.000000,0.000000,0.000000,0.000000,0.000000,8.000000,40.110000
1777667026.005082,0,0.000000,0.000000,0.000000,0.000000,0.000000,0.000000,0.000000,0.000000,8.000000,40.110000
1777667026.005543,0,0.000000,0.000000,0.000000,0.000000,0.000000,0.000000,0.000000,0.000000,8.000000,40.130000
1777667026.021353,0,0.000000,0.000000,0.000000,0.000000,0.000000,0.000000,0.000000,0.000000,8.000000,40.130000
1777667026.021818,0,0.000000,0.000000,0.000000,0.000000,0.000000,0.000000,0.000000,0.000000,8.000000,40.150000
1777667026.038750,0,0.000000,0.000000,0.000000,0.000000,0.000000,0.000000,0.000000,0.000000,8.000000,40.150000
1777667026.055133,0,0.000000,0.000000,0.000000,0.000000,0.000000,0.000000,0.000000,0.000000,8.000000,40.160000
1777667026.055596,0,0.000000,0.000000,0.000000,0.000000,0.000000,0.000000,0.000000,0.000000,8.000000,40.180000
1777667026.072058,0,0.000000,0.000000,0.000000,0.000000,0.000000,0.000000,0.000000,0.000000,8.000000,40.180000
1777667026.088109,0,0.000000,0.000000,0.000000,0.000000,0.000000,0.000000,0.000000,0.000000,8.000000,40.200000
1777667026.088570,0,0.000000,0.000000,0.000000,0.000000,0.000000,0.000000,0.000000,0.000000,8.000000,40.200000
1777667026.088942,0,0.000000,0.000000,0.000000,0.000000,0.000000,0.000000,0.000000,0.000000,8.000000,40.220000
1777667026.118404,0,0.000000,0.000000,0.000000,0.000000,0.000000,0.000000,0.000000,0.000000,8.000000,40.220000
1777667026.118880,0,0.000000,0.000000,0.000000,0.000000,0.000000,0.000000,0.000000,0.000000,8.000000,40.240000
1777667026.119317,0,0.000000,0.000000,0.000000,0.000000,0.000000,0.000000,0.000000,0.000000,8.000000,40.250000
1777667026.119673,0,0.000000,0.000000,0.000000,0.000000,0.000000,0.000000,0.000000,0.000000,8.000000,40.250000
1777667026.134917,0,0.000000,0.000000,0.000000,0.000000,0.000000,0.000000,0.000000,0.000000,8.000000,40.270000
1777667026.150386,0,0.000000,0.000000,0.000000,0.000000,0.000000,0.000000,0.000000,0.000000,8.000000,40.270000
1777667026.166190,0,0.000000,0.000000,0.000000,0.000000,0.000000,0.000000,0.000000,0.000000,8.000000,40.290000
1777667026.166767,0,0.000000,0.000000,0.000000,0.000000,0.000000,0.000000,0.000000,0.000000,8.000000,40.290000
1777667026.182377,0,0.000000,0.000000,0.000000,0.000000,0.000000,0.000000,0.000000,0.000000,8.000000,40.310000
1777667026.198590,0,0.000000,0.000000,0.000000,0.000000,0.000000,0.000000,0.000000,0.000000,8.000000,40.310000
1777667026.199021,0,0.000000,0.000000,0.000000,0.000000,0.000000,0.000000,0.000000,0.000000,8.000000,40.330000
1777667026.215297,0,0.000000,0.000000,0.000000,0.000000,0.000000,0.000000,0.000000,0.000000,8.000000,40.340000
1777667026.231944,0,0.000000,0.000000,0.000000,0.000000,0.000000,0.000000,0.000000,0.000000,8.000000,40.340000
1777667026.232380,0,0.000000,0.000000,0.000000,0.000000,0.000000,0.000000,0.000000,0.000000,8.000000,40.360000
1777667026.249019,0,0.000000,0.000000,0.000000,0.000000,0.000000,0.000000,0.000000,0.000000,8.000000,40.360000
1777667026.249498,0,0.000000,0.000000,0.000000,0.000000,0.000000,0.000000,0.000000,0.000000,8.000000,40.380000
1777667026.265297,0,0.000000,0.000000,0.000000,0.000000,0.000000,0.000000,0.000000,0.000000,8.000000,40.380000
1777667026.265764,0,0.000000,0.000000,0.000000,0.000000,0.000000,0.000000,0.000000,0.000000,8.000000,40.400000
1777667026.293982,0,0.000000,0.000000,0.000000,0.000000,0.000000,0.000000,0.000000,0.000000,8.000000,40.400000
1777667026.294460,0,0.000000,0.000000,0.000000,0.000000,0.000000,0.000000,0.000000,0.000000,8.000000,40.410000
1777667026.294833,0,0.000000,0.000000,0.000000,0.000000,0.000000,0.000000,0.000000,0.000000,8.000000,40.430000
1777667026.295348,0,0.000000,0.000000,0.000000,0.000000,0.000000,0.000000,0.000000,0.000000,8.000000,40.430000
1777667026.322822,0,0.000000,0.000000,0.000000,0.000000,0.000000,0.000000,0.000000,0.000000,8.000000,40.450000
1777667026.323367,0,0.000000,0.000000,0.000000,0.000000,0.000000,0.000000,0.000000,0.000000,8.000000,40.450000
1777667026.323949,0,0.000000,0.000000,0.000000,0.000000,0.000000,0.000000,0.000000,0.000000,8.000000,40.470000
1777667026.338717,0,0.000000,0.000000,0.000000,0.000000,0.000000,0.000000,0.000000,0.000000,8.000000,40.470000
1777667026.366407,0,0.000000,0.000000,0.000000,0.000000,0.000000,0.000000,0.000000,0.000000,8.000000,40.490000
1777667026.366885,0,0.000000,0.000000,0.000000,0.000000,0.000000,0.000000,0.000000,0.000000,8.000000,40.500000
1777667026.367524,0,0.000000,0.000000,0.000000,0.000000,0.000000,0.000000,0.000000,0.000000,8.000000,40.500000
1777667026.395425,0,0.000000,0.000000,0.000000,0.000000,0.000000,0.000000,0.000000,0.000000,8.000000,40.520000
1777667026.395994,0,0.000000,0.000000,0.000000,0.000000,0.000000,0.000000,0.000000,0.000000,8.000000,40.520000
1777667026.396621,0,0.000000,0.000000,0.000000,0.000000,0.000000,0.000000,0.000000,0.000000,8.000000,40.540000
1777667026.414049,0,0.000000,0.000000,0.000000,0.000000,0.000000,0.000000,0.000000,0.000000,8.000000,40.540000
1777667026.429390,0,0.000000,0.000000,0.000000,0.000000,0.000000,0.000000,0.000000,0.000000,8.000000,40.540000
1777667026.444688,0,0.000000,0.000000,0.000000,0.000000,0.000000,0.000000,0.000000,0.000000,8.000000,40.560000
1777667026.445143,0,0.000000,0.000000,0.000000,0.000000,0.000000,0.000000,0.000000,0.000000,8.000000,40.560000
1777667026.473971,0,0.000000,0.000000,0.000000,0.000000,0.000000,0.000000,0.000000,0.000000,8.000000,40.590000
1777667026.474465,0,0.000000,0.000000,0.000000,0.000000,0.000000,0.000000,0.000000,0.000000,8.000000,40.590000
1777667026.474833,0,0.000000,0.000000,0.000000,0.000000,0.000000,0.000000,0.000000,0.000000,8.000000,40.590000
1777667026.475350,0,0.000000,0.000000,0.000000,0.000000,0.000000,0.000000,0.000000,0.000000,8.000000,40.610000
1777667026.475728,0,0.000000,0.000000,0.000000,0.000000,0.000000,0.000000,0.000000,0.000000,8.000000,40.610000
1777667026.503766,0,0.000000,0.000000,0.000000,0.000000,0.000000,0.000000,0.000000,0.000000,8.000000,40.630000
1777667026.504468,0,0.000000,0.000000,0.000000,0.000000,0.000000,0.000000,0.000000,0.000000,8.000000,40.630000
1777667026.504859,0,0.000000,0.000000,0.000000,0.000000,0.000000,0.000000,0.000000,0.000000,8.000000,40.650000
1777667026.531942,0,0.000000,0.000000,0.000000,0.000000,0.000000,0.000000,0.000000,0.000000,8.000000,40.650000
1777667026.532564,0,0.000000,0.000000,0.000000,0.000000,0.000000,0.000000,0.000000,0.000000,8.000000,40.660000
1777667026.549142,0,0.000000,0.000000,0.000000,0.000000,0.000000,0.000000,0.000000,0.000000,8.000000,40.680000
1777667026.565521,0,0.000000,0.000000,0.000000,0.000000,0.000000,0.000000,0.000000,0.000000,8.000000,40.680000
1777667026.582232,0,0.000000,0.000000,0.000000,0.000000,0.000000,0.000000,0.000000,0.000000,8.000000,40.700000
1777667026.582699,0,0.000000,0.000000,0.000000,0.000000,0.000000,0.000000,0.000000,0.000000,8.000000,40.700000
1777667026.600006,0,0.000000,0.000000,0.000000,0.000000,0.000000,0.000000,0.000000,0.000000,8.000000,40.720000
1777667026.618876,0,0.000000,0.000000,0.000000,0.000000,0.000000,0.000000,0.000000,0.000000,8.000000,40.720000
1777667026.619344,0,0.000000,0.000000,0.000000,0.000000,0.000000,0.000000,0.000000,0.000000,8.000000,40.740000
1777667026.619890,0,0.000000,0.000000,0.000000,0.000000,0.000000,0.000000,0.000000,0.000000,8.000000,40.750000
1777667026.635002,0,0.000000,0.000000,0.000000,0.000000,0.000000,0.000000,0.000000,0.000000,8.000000,40.750000
1777667026.635489,0,0.000000,0.000000,0.000000,0.000000,0.000000,0.000000,0.000000,0.000000,8.000000,40.770000
1777667026.665198,0,0.000000,0.000000,0.000000,0.000000,0.000000,0.000000,0.000000,0.000000,8.000000,40.770000
1777667026.665641,0,0.000000,0.000000,0.000000,0.000000,0.000000,0.000000,0.000000,0.000000,8.000000,40.790000
1777667026.666042,0,0.000000,0.000000,0.000000,0.000000,0.000000,0.000000,0.000000,0.000000,8.000000,40.790000
1777667026.666363,0,0.000000,0.000000,0.000000,0.000000,0.000000,0.000000,0.000000,0.000000,8.000000,40.810000
1777667026.694231,0,0.000000,0.000000,0.000000,0.000000,0.000000,0.000000,0.000000,0.000000,8.000000,40.810000
1777667026.694699,0,0.000000,0.000000,0.000000,0.000000,0.000000,0.000000,0.000000,0.000000,8.000000,40.830000
1777667026.722183,0,0.000000,0.000000,0.000000,0.000000,0.000000,0.000000,0.000000,0.000000,8.000000,40.840000
1777667026.722795,0,0.000000,0.000000,0.000000,0.000000,0.000000,0.000000,0.000000,0.000000,8.000000,40.840000
1777667026.723173,0,0.000000,0.000000,0.000000,0.000000,0.000000,0.000000,0.000000,0.000000,8.000000,40.860000
1777667026.723507,0,0.000000,0.000000,0.000000,0.000000,0.000000,0.000000,0.000000,0.000000,8.000000,40.860000
1777667026.751332,0,0.000000,0.000000,0.000000,0.000000,0.000000,0.000000,0.000000,0.000000,8.000000,40.880000
1777667026.752030,0,0.000000,0.000000,0.000000,0.000000,0.000000,0.000000,0.000000,0.000000,8.000000,40.880000
1777667026.767279,0,0.000000,0.000000,0.000000,0.000000,0.000000,0.000000,0.000000,0.000000,8.000000,40.900000
1777667026.783728,0,0.000000,0.000000,0.000000,0.000000,0.000000,0.000000,0.000000,0.000000,8.000000,40.900000
1777667026.800651,0,0.000000,0.000000,0.000000,0.000000,0.000000,0.000000,0.000000,0.000000,8.000000,40.910000
1777667026.816272,0,0.000000,0.000000,0.000000,0.000000,0.000000,0.000000,0.000000,0.000000,8.000000,40.930000
1777667026.816736,0,0.000000,0.000000,0.000000,0.000000,0.000000,0.000000,0.000000,0.000000,8.000000,40.930000
1777667026.833073,0,0.000000,0.000000,0.000000,0.000000,0.000000,0.000000,0.000000,0.000000,8.000000,40.950000
1777667026.849192,0,0.000000,0.000000,0.000000,0.000000,0.000000,0.000000,0.000000,0.000000,8.000000,40.950000
1777667026.849661,0,0.000000,0.000000,0.000000,0.000000,0.000000,0.000000,0.000000,0.000000,8.000000,40.970000
1777667026.850154,0,0.000000,0.000000,0.000000,0.000000,0.000000,0.000000,0.000000,0.000000,8.000000,40.970000
1777667026.866978,0,0.000000,0.000000,0.000000,0.000000,0.000000,0.000000,0.000000,0.000000,8.000000,40.990000
1777667026.883018,0,0.000000,0.000000,0.000000,0.000000,0.000000,0.000000,0.000000,0.000000,8.000000,41.000000
1777667026.883487,0,0.000000,0.000000,0.000000,0.000000,0.000000,0.000000,0.000000,0.000000,8.000000,41.000000
1777667026.899903,0,0.000000,0.000000,0.000000,0.000000,0.000000,0.000000,0.000000,0.000000,8.000000,41.020000
1777667026.915341,0,0.000000,0.000000,0.000000,0.000000,0.000000,0.000000,0.000000,0.000000,8.000000,41.020000
1777667026.916011,0,0.000000,0.000000,0.000000,0.000000,0.000000,0.000000,0.000000,0.000000,8.000000,41.040000
1777667026.916591,0,0.000000,0.000000,0.000000,0.000000,0.000000,0.000000,0.000000,0.000000,8.000000,41.040000
1777667026.932485,0,0.000000,0.000000,0.000000,0.000000,0.000000,0.000000,0.000000,0.000000,8.000000,41.060000
1777667026.949641,0,0.000000,0.000000,0.000000,0.000000,0.000000,0.000000,0.000000,0.000000,8.000000,41.060000
1777667026.966346,0,0.000000,0.000000,0.000000,0.000000,0.000000,0.000000,0.000000,0.000000,8.000000,41.080000
1777667026.966818,0,0.000000,0.000000,0.000000,0.000000,0.000000,0.000000,0.000000,0.000000,8.000000,41.090000
1777667026.983519,0,0.000000,0.000000,0.000000,0.000000,0.000000,0.000000,0.000000,0.000000,8.000000,41.090000
1777667026.984159,0,0.000000,0.000000,0.000000,0.000000,0.000000,0.000000,0.000000,0.000000,8.000000,41.110000
1777667027.000996,0,0.000000,0.000000,0.000000,0.000000,0.000000,0.000000,0.000000,0.000000,8.000000,41.110000
1777667027.001467,0,0.000000,0.000000,0.000000,0.000000,0.000000,0.000000,0.000000,0.000000,8.000000,41.130000
1777667027.019020,0,0.000000,0.000000,0.000000,0.000000,0.000000,0.000000,0.000000,0.000000,8.000000,41.130000
1777667027.036158,0,0.000000,0.000000,0.000000,0.000000,0.000000,0.000000,0.000000,0.000000,8.000000,41.150000
1777667027.037582,0,0.000000,0.000000,0.000000,0.000000,0.000000,0.000000,0.000000,0.000000,8.000000,41.150000
1777667027.053925,0,0.000000,0.000000,0.000000,0.000000,0.000000,0.000000,0.000000,0.000000,8.000000,41.160000
1777667027.054481,0,0.000000,0.000000,0.000000,0.000000,0.000000,0.000000,0.000000,0.000000,8.000000,41.180000
1777667027.070358,0,0.000000,0.000000,0.000000,0.000000,0.000000,0.000000,0.000000,0.000000,8.000000,41.180000
1777667027.070820,0,0.000000,0.000000,0.000000,0.000000,0.000000,0.000000,0.000000,0.000000,8.000000,41.200000
1777667027.087715,0,0.000000,0.000000,0.000000,0.000000,0.000000,0.000000,0.000000,0.000000,8.000000,41.200000
1777667027.105044,0,0.000000,0.000000,0.000000,0.000000,0.000000,0.000000,0.000000,0.000000,8.000000,41.220000
1777667027.105514,0,0.000000,0.000000,0.000000,0.000000,0.000000,0.000000,0.000000,0.000000,8.000000,41.220000
1777667027.122653,0,0.000000,0.000000,0.000000,0.000000,0.000000,0.000000,0.000000,0.000000,8.000000,41.240000
1777667027.123119,0,0.000000,0.000000,0.000000,0.000000,0.000000,0.000000,0.000000,0.000000,8.000000,41.250000
1777667027.140875,0,0.000000,0.000000,0.000000,0.000000,0.000000,0.000000,0.000000,0.000000,8.000000,41.250000
1777667027.157143,0,0.000000,0.000000,0.000000,0.000000,0.000000,0.000000,0.000000,0.000000,8.000000,41.270000
1777667027.157613,0,0.000000,0.000000,0.000000,0.000000,0.000000,0.000000,0.000000,0.000000,8.000000,41.270000
1777667027.158102,0,0.000000,0.000000,0.000000,0.000000,0.000000,0.000000,0.000000,0.000000,8.000000,41.290000
1777667027.175078,0,0.000000,0.000000,0.000000,0.000000,0.000000,0.000000,0.000000,0.000000,8.000000,41.290000
1777667027.191342,0,0.000000,0.000000,0.000000,0.000000,0.000000,0.000000,0.000000,0.000000,8.000000,41.310000
1777667027.191807,0,0.000000,0.000000,0.000000,0.000000,0.000000,0.000000,0.000000,0.000000,8.000000,41.310000
1777667027.210031,0,0.000000,0.000000,0.000000,0.000000,0.000000,0.000000,0.000000,0.000000,8.000000,41.330000
1777667027.211471,0,0.000000,0.000000,0.000000,0.000000,0.000000,0.000000,0.000000,0.000000,8.000000,41.340000
1777667027.226949,0,0.000000,0.000000,0.000000,0.000000,0.000000,0.000000,0.000000,0.000000,8.000000,41.340000
1777667027.227413,0,0.000000,0.000000,0.000000,0.000000,0.000000,0.000000,0.000000,0.000000,8.000000,41.360000
1777667027.244383,0,0.000000,0.000000,0.000000,0.000000,0.000000,0.000000,0.000000,0.000000,8.000000,41.360000
1777667027.261454,0,0.000000,0.000000,0.000000,0.000000,0.000000,0.000000,0.000000,0.000000,8.000000,41.380000
1777667027.261915,0,0.000000,0.000000,0.000000,0.000000,0.000000,0.000000,0.000000,0.000000,8.000000,41.380000
1777667027.278544,0,0.000000,0.000000,0.000000,0.000000,0.000000,0.000000,0.000000,0.000000,8.000000,41.400000
1777667027.279005,0,0.000000,0.000000,0.000000,0.000000,0.000000,0.000000,0.000000,0.000000,8.000000,41.400000
1777667027.294576,0,0.000000,0.000000,0.000000,0.000000,0.000000,0.000000,0.000000,0.000000,8.000000,41.410000
1777667027.295028,0,0.000000,0.000000,0.000000,0.000000,0.000000,0.000000,0.000000,0.000000,8.000000,41.430000
1777667027.325109,0,0.000000,0.000000,0.000000,0.000000,0.000000,0.000000,0.000000,0.000000,8.000000,41.430000
1777667027.325579,0,0.000000,0.000000,0.000000,0.000000,0.000000,0.000000,0.000000,0.000000,8.000000,41.450000
1777667027.325978,0,0.000000,0.000000,0.000000,0.000000,0.000000,0.000000,0.000000,0.000000,8.000000,41.450000
1777667027.326411,0,0.000000,0.000000,0.000000,0.000000,0.000000,0.000000,0.000000,0.000000,8.000000,41.470000
1777667027.353952,0,0.000000,0.000000,0.000000,0.000000,0.000000,0.000000,0.000000,0.000000,8.000000,41.470000
1777667027.354587,0,0.000000,0.000000,0.000000,0.000000,0.000000,0.000000,0.000000,0.000000,8.000000,41.490000
1777667027.355002,0,0.000000,0.000000,0.000000,0.000000,0.000000,0.000000,0.000000,0.000000,8.000000,41.500000
1777667027.382240,0,0.000000,0.000000,0.000000,0.000000,0.000000,0.000000,0.000000,0.000000,8.000000,41.500000
1777667027.382710,0,0.000000,0.000000,0.000000,0.000000,0.000000,0.000000,0.000000,0.000000,8.000000,41.520000
1777667027.410691,0,0.000000,0.000000,0.000000,0.000000,0.000000,0.000000,0.000000,0.000000,8.000000,41.520000
1777667027.411149,0,0.000000,0.000000,0.000000,0.000000,0.000000,0.000000,0.000000,0.000000,8.000000,41.540000
1777667027.411533,0,0.000000,0.000000,0.000000,0.000000,0.000000,0.000000,0.000000,0.000000,8.000000,41.540000
1777667027.412051,0,0.000000,0.000000,0.000000,0.000000,0.000000,0.000000,0.000000,0.000000,8.000000,41.560000
1777667027.439887,0,0.000000,0.000000,0.000000,0.000000,0.000000,0.000000,0.000000,0.000000,8.000000,41.560000
1777667027.440530,0,0.000000,0.000000,0.000000,0.000000,0.000000,0.000000,0.000000,0.000000,8.000000,41.580000
1777667027.456941,0,0.000000,0.000000,0.000000,0.000000,0.000000,0.000000,0.000000,0.000000,8.000000,41.590000
1777667027.472258,0,0.000000,0.000000,0.000000,0.000000,0.000000,0.000000,0.000000,0.000000,8.000000,41.590000
1777667027.472726,0,0.000000,0.000000,0.000000,0.000000,0.000000,0.000000,0.000000,0.000000,8.000000,41.610000
1777667027.489862,0,0.000000,0.000000,0.000000,0.000000,0.000000,0.000000,0.000000,0.000000,8.000000,41.610000
1777667027.505880,0,0.000000,0.000000,0.000000,0.000000,0.000000,0.000000,0.000000,0.000000,8.000000,41.630000
1777667027.506346,0,0.000000,0.000000,0.000000,0.000000,0.000000,0.000000,0.000000,0.000000,8.000000,41.630000
1777667027.524685,0,0.000000,0.000000,0.000000,0.000000,0.000000,0.000000,0.000000,0.000000,8.000000,41.650000
1777667027.541698,0,0.000000,0.000000,0.000000,0.000000,0.000000,0.000000,0.000000,0.000000,8.000000,41.650000
1777667027.542157,0,0.000000,0.000000,0.000000,0.000000,0.000000,0.000000,0.000000,0.000000,8.000000,41.660000
1777667027.558588,0,0.000000,0.000000,0.000000,0.000000,0.000000,0.000000,0.000000,0.000000,8.000000,41.680000
1777667027.559051,0,0.000000,0.000000,0.000000,0.000000,0.000000,0.000000,0.000000,0.000000,8.000000,41.680000
1777667027.576792,0,0.000000,0.000000,0.000000,0.000000,0.000000,0.000000,0.000000,0.000000,8.000000,41.700000
1777667027.578801,0,0.000000,0.000000,0.000000,0.000000,0.000000,0.000000,0.000000,0.000000,8.000000,41.700000
1777667027.596090,0,0.000000,0.000000,0.000000,0.000000,0.000000,0.000000,0.000000,0.000000,8.000000,41.720000
1777667027.612490,0,0.000000,0.000000,0.000000,0.000000,0.000000,0.000000,0.000000,0.000000,8.000000,41.720000
1777667027.613012,0,0.000000,0.000000,0.000000,0.000000,0.000000,0.000000,0.000000,0.000000,8.000000,41.740000
1777667027.614284,0,0.000000,0.000000,0.000000,0.000000,0.000000,0.000000,0.000000,0.000000,8.000000,41.750000
1777667027.644777,0,0.000000,0.000000,0.000000,0.000000,0.000000,0.000000,0.000000,0.000000,8.000000,41.750000
1777667027.645260,0,0.000000,0.000000,0.000000,0.000000,0.000000,0.000000,0.000000,0.000000,8.000000,41.770000
1777667027.645687,0,0.000000,0.000000,0.000000,0.000000,0.000000,0.000000,0.000000,0.000000,8.000000,41.770000
1777667027.646880,0,0.000000,0.000000,0.000000,0.000000,0.000000,0.000000,0.000000,0.000000,8.000000,41.770000
1777667027.647270,0,0.000000,0.000000,0.000000,0.000000,0.000000,0.000000,0.000000,0.000000,8.000000,41.790000
1777667027.676200,0,0.000000,0.000000,0.000000,0.000000,0.000000,0.000000,0.000000,0.000000,8.000000,41.790000
1777667027.677309,0,0.000000,0.000000,0.000000,0.000000,0.000000,0.000000,0.000000,0.000000,8.000000,41.810000
1777667027.677709,0,0.000000,0.000000,0.000000,0.000000,0.000000,0.000000,0.000000,0.000000,8.000000,41.810000
1777667027.706211,0,0.000000,0.000000,0.000000,0.000000,0.000000,0.000000,0.000000,0.000000,8.000000,41.830000
1777667027.707331,0,0.000000,0.000000,0.000000,0.000000,0.000000,0.000000,0.000000,0.000000,8.000000,41.840000
1777667027.735825,0,0.000000,0.000000,0.000000,0.000000,0.000000,0.000000,0.000000,0.000000,8.000000,41.840000
1777667027.736990,0,0.000000,0.000000,0.000000,0.000000,0.000000,0.000000,0.000000,0.000000,8.000000,41.860000
1777667027.737401,0,0.000000,0.000000,0.000000,0.000000,0.000000,0.000000,0.000000,0.000000,8.000000,41.860000
1777667027.765433,0,0.000000,0.000000,0.000000,0.000000,0.000000,0.000000,0.000000,0.000000,8.000000,41.880000
1777667027.765908,0,0.000000,0.000000,0.000000,0.000000,0.000000,0.000000,0.000000,0.000000,8.000000,41.900000
1777667027.766780,0,0.000000,0.000000,0.000000,0.000000,0.000000,0.000000,0.000000,0.000000,8.000000,41.900000
1777667027.767148,0,0.000000,0.000000,0.000000,0.000000,0.000000,0.000000,0.000000,0.000000,8.000000,41.910000
1777667027.796166,0,0.000000,0.000000,0.000000,0.000000,0.000000,0.000000,0.000000,0.000000,8.000000,41.930000
1777667027.797766,0,0.000000,0.000000,0.000000,0.000000,0.000000,0.000000,0.000000,0.000000,8.000000,41.930000
1777667027.798198,0,0.000000,0.000000,0.000000,0.000000,0.000000,0.000000,0.000000,0.000000,8.000000,41.950000
1777667027.825859,0,0.000000,0.000000,0.000000,0.000000,0.000000,0.000000,0.000000,0.000000,8.000000,41.950000
1777667027.826893,0,0.000000,0.000000,0.000000,0.000000,0.000000,0.000000,0.000000,0.000000,8.000000,41.970000
1777667027.827304,0,0.000000,0.000000,0.000000,0.000000,0.000000,0.000000,0.000000,0.000000,8.000000,41.970000
1777667027.856320,0,0.000000,0.000000,0.000000,0.000000,0.000000,0.000000,0.000000,0.000000,8.000000,41.990000
1777667027.856790,0,0.000000,0.000000,0.000000,0.000000,0.000000,0.000000,0.000000,0.000000,8.000000,41.990000
1777667027.887634,0,0.000000,0.000000,0.000000,0.000000,0.000000,0.000000,0.000000,0.000000,8.000000,42.000000
1777667027.888113,0,0.000000,0.000000,0.000000,0.000000,0.000000,0.000000,0.000000,0.000000,8.000000,42.020000
1777667027.889080,0,0.000000,0.000000,0.000000,0.000000,0.000000,0.000000,0.000000,0.000000,8.000000,42.020000
1777667027.919505,0,0.000000,0.000000,0.000000,0.000000,0.000000,0.000000,0.000000,0.000000,8.000000,42.040000
1777667027.919980,0,0.000000,0.000000,0.000000,0.000000,0.000000,0.000000,0.000000,0.000000,8.000000,42.040000
1777667027.920479,0,0.000000,0.000000,0.000000,0.000000,0.000000,0.000000,0.000000,0.000000,8.000000,42.060000
1777667027.921310,0,0.000000,0.000000,0.000000,0.000000,0.000000,0.000000,0.000000,0.000000,8.000000,42.060000
1777667027.950758,0,0.000000,0.000000,0.000000,0.000000,0.000000,0.000000,0.000000,0.000000,8.000000,42.080000
1777667027.951576,0,0.000000,0.000000,0.000000,0.000000,0.000000,0.000000,0.000000,0.000000,8.000000,42.080000
1777667027.967580,0,0.000000,0.000000,0.000000,0.000000,0.000000,0.000000,0.000000,0.000000,8.000000,42.090000
1777667027.983754,0,0.000000,0.000000,0.000000,0.000000,0.000000,0.000000,0.000000,0.000000,8.000000,42.110000
1777667028.000153,0,0.000000,0.000000,0.000000,0.000000,0.000000,0.000000,0.000000,0.000000,8.000000,42.110000
1777667028.000618,0,0.000000,0.000000,0.000000,0.000000,0.000000,0.000000,0.000000,0.000000,8.000000,42.110000
1777667028.016271,0,0.000000,0.000000,0.000000,0.000000,0.000000,0.000000,0.000000,0.000000,8.000000,42.130000
1777667028.016734,0,0.000000,0.000000,0.000000,0.000000,0.000000,0.000000,0.000000,0.000000,8.000000,42.130000
1777667028.033105,0,0.000000,0.000000,0.000000,0.000000,0.000000,0.000000,0.000000,0.000000,8.000000,42.150000
1777667028.033988,0,0.000000,0.000000,0.000000,0.000000,0.000000,0.000000,0.000000,0.000000,8.000000,42.150000
1777667028.050151,0,0.000000,0.000000,0.000000,0.000000,0.000000,0.000000,0.000000,0.000000,8.000000,42.160000
1777667028.050706,0,0.000000,0.000000,0.000000,0.000000,0.000000,0.000000,0.000000,0.000000,8.000000,42.180000
1777667028.066202,0,0.000000,0.000000,0.000000,0.000000,0.000000,0.000000,0.000000,0.000000,8.000000,42.180000
1777667028.082446,0,0.000000,0.000000,0.000000,0.000000,0.000000,0.000000,0.000000,0.000000,8.000000,42.200000
1777667028.098712,0,0.000000,0.000000,0.000000,0.000000,0.000000,0.000000,0.000000,0.000000,8.000000,42.200000
1777667028.099145,0,0.000000,0.000000,0.000000,0.000000,0.000000,0.000000,0.000000,0.000000,8.000000,42.220000
1777667028.116009,0,0.000000,0.000000,0.000000,0.000000,0.000000,0.000000,0.000000,0.000000,8.000000,42.220000
1777667028.116814,0,0.000000,0.000000,0.000000,0.000000,0.000000,0.000000,0.000000,0.000000,8.000000,42.240000
1777667028.131995,0,0.000000,0.000000,0.000000,0.000000,0.000000,0.000000,0.000000,0.000000,8.000000,42.250000
1777667028.132465,0,0.000000,0.000000,0.000000,0.000000,0.000000,0.000000,0.000000,0.000000,8.000000,42.250000
1777667028.132942,0,0.000000,0.000000,0.000000,0.000000,0.000000,0.000000,0.000000,0.000000,8.000000,42.270000
1777667028.160980,0,0.000000,0.000000,0.000000,0.000000,0.000000,0.000000,0.000000,0.000000,8.000000,42.270000
1777667028.161598,0,0.000000,0.000000,0.000000,0.000000,0.000000,0.000000,0.000000,0.000000,8.000000,42.290000
1777667028.162222,0,0.000000,0.000000,0.000000,0.000000,0.000000,0.000000,0.000000,0.000000,8.000000,42.290000
1777667028.178192,0,0.000000,0.000000,0.000000,0.000000,0.000000,0.000000,0.000000,0.000000,8.000000,42.310000
1777667028.193922,0,0.000000,0.000000,0.000000,0.000000,0.000000,0.000000,0.000000,0.000000,8.000000,42.310000
1777667028.211988,0,0.000000,0.000000,0.000000,0.000000,0.000000,0.000000,0.000000,0.000000,8.000000,42.330000
1777667028.212458,0,0.000000,0.000000,0.000000,0.000000,0.000000,0.000000,0.000000,0.000000,8.000000,42.340000
1777667028.227880,0,0.000000,0.000000,0.000000,0.000000,0.000000,0.000000,0.000000,0.000000,8.000000,42.340000
1777667028.228340,0,0.000000,0.000000,0.000000,0.000000,0.000000,0.000000,0.000000,0.000000,8.000000,42.360000
1777667028.244424,0,0.000000,0.000000,0.000000,0.000000,0.000000,0.000000,0.000000,0.000000,8.000000,42.360000
1777667028.260754,0,0.000000,0.000000,0.000000,0.000000,0.000000,0.000000,0.000000,0.000000,8.000000,42.380000
1777667028.261220,0,0.000000,0.000000,0.000000,0.000000,0.000000,0.000000,0.000000,0.000000,8.000000,42.380000
1777667028.278452,0,0.000000,0.000000,0.000000,0.000000,0.000000,0.000000,0.000000,0.000000,8.000000,42.400000
1777667028.278920,0,0.000000,0.000000,0.000000,0.000000,0.000000,0.000000,0.000000,0.000000,8.000000,42.400000
1777667028.295472,0,0.000000,0.000000,0.000000,0.000000,0.000000,0.000000,0.000000,0.000000,8.000000,42.410000
1777667028.296262,0,0.000000,0.000000,0.000000,0.000000,0.000000,0.000000,0.000000,0.000000,8.000000,42.430000
1777667028.311913,0,0.000000,0.000000,0.000000,0.000000,0.000000,0.000000,0.000000,0.000000,8.000000,42.430000
1777667028.328689,0,0.000000,0.000000,0.000000,0.000000,0.000000,0.000000,0.000000,0.000000,8.000000,42.450000
1777667028.329156,0,0.000000,0.000000,0.000000,0.000000,0.000000,0.000000,0.000000,0.000000,8.000000,42.450000
1777667028.345125,0,0.000000,0.000000,0.000000,0.000000,0.000000,0.000000,0.000000,0.000000,8.000000,42.470000
1777667028.345594,0,0.000000,0.000000,0.000000,0.000000,0.000000,0.000000,0.000000,0.000000,8.000000,42.470000
1777667028.361091,0,0.000000,0.000000,0.000000,0.000000,0.000000,0.000000,0.000000,0.000000,8.000000,42.490000
1777667028.377314,0,0.000000,0.000000,0.000000,0.000000,0.000000,0.000000,0.000000,0.000000,8.000000,42.500000
1777667028.394699,0,0.000000,0.000000,0.000000,0.000000,0.000000,0.000000,0.000000,0.000000,8.000000,42.500000
1777667028.395171,0,0.000000,0.000000,0.000000,0.000000,0.000000,0.000000,0.000000,0.000000,8.000000,42.520000
1777667028.395723,0,0.000000,0.000000,0.000000,0.000000,0.000000,0.000000,0.000000,0.000000,8.000000,42.520000
1777667028.411831,0,0.000000,0.000000,0.000000,0.000000,0.000000,0.000000,0.000000,0.000000,8.000000,42.540000
1777667028.427866,0,0.000000,0.000000,0.000000,0.000000,0.000000,0.000000,0.000000,0.000000,8.000000,42.540000
1777667028.428382,0,0.000000,0.000000,0.000000,0.000000,0.000000,0.000000,0.000000,0.000000,8.000000,42.560000
1777667028.444443,0,0.000000,0.000000,0.000000,0.000000,0.000000,0.000000,0.000000,0.000000,8.000000,42.560000
1777667028.444909,0,0.000000,0.000000,0.000000,0.000000,0.000000,0.000000,0.000000,0.000000,8.000000,42.580000
1777667028.461566,0,0.000000,0.000000,0.000000,0.000000,0.000000,0.000000,0.000000,0.000000,8.000000,42.590000
1777667028.462394,0,0.000000,0.000000,0.000000,0.000000,0.000000,0.000000,0.000000,0.000000,8.000000,42.590000
1777667028.477559,0,0.000000,0.000000,0.000000,0.000000,0.000000,0.000000,0.000000,0.000000,8.000000,42.610000
1777667028.478108,0,0.000000,0.000000,0.000000,0.000000,0.000000,0.000000,0.000000,0.000000,8.000000,42.610000
1777667028.507383,0,0.000000,0.000000,0.000000,0.000000,0.000000,0.000000,0.000000,0.000000,8.000000,42.610000
1777667028.507864,0,0.000000,0.000000,0.000000,0.000000,0.000000,0.000000,0.000000,0.000000,8.000000,42.630000
1777667028.508418,0,0.000000,0.000000,0.000000,0.000000,0.000000,0.000000,0.000000,0.000000,8.000000,42.650000
1777667028.508791,0,0.000000,0.000000,0.000000,0.000000,0.000000,0.000000,0.000000,0.000000,8.000000,42.650000
1777667028.536316,0,0.000000,0.000000,0.000000,0.000000,0.000000,0.000000,0.000000,0.000000,8.000000,42.660000
1777667028.537072,0,0.000000,0.000000,0.000000,0.000000,0.000000,0.000000,0.000000,0.000000,8.000000,42.680000
1777667028.537525,0,0.000000,0.000000,0.000000,0.000000,0.000000,0.000000,0.000000,0.000000,8.000000,42.680000
1777667028.565376,0,0.000000,0.000000,0.000000,0.000000,0.000000,0.000000,0.000000,0.000000,8.000000,42.700000
1777667028.566201,0,0.000000,0.000000,0.000000,0.000000,0.000000,0.000000,0.000000,0.000000,8.000000,42.700000
1777667028.581999,0,0.000000,0.000000,0.000000,0.000000,0.000000,0.000000,0.000000,0.000000,8.000000,42.720000
1777667028.599272,0,0.000000,0.000000,0.000000,0.000000,0.000000,0.000000,0.000000,0.000000,8.000000,42.720000
1777667028.617805,0,0.000000,0.000000,0.000000,0.000000,0.000000,0.000000,0.000000,0.000000,8.000000,42.740000
1777667028.618459,0,0.000000,0.000000,0.000000,0.000000,0.000000,0.000000,0.000000,0.000000,8.000000,42.750000
1777667028.634403,0,0.000000,0.000000,0.000000,0.000000,0.000000,0.000000,0.000000,0.000000,8.000000,42.750000
1777667028.634992,0,0.000000,0.000000,0.000000,0.000000,0.000000,0.000000,0.000000,0.000000,8.000000,42.770000
1777667028.650195,0,0.000000,0.000000,0.000000,0.000000,0.000000,0.000000,0.000000,0.000000,8.000000,42.770000
1777667028.650658,0,0.000000,0.000000,0.000000,0.000000,0.000000,0.000000,0.000000,0.000000,8.000000,42.790000
1777667028.678266,0,0.000000,0.000000,0.000000,0.000000,0.000000,0.000000,0.000000,0.000000,8.000000,42.790000
1777667028.678891,0,0.000000,0.000000,0.000000,0.000000,0.000000,0.000000,0.000000,0.000000,8.000000,42.810000
1777667028.694165,0,0.000000,0.000000,0.000000,0.000000,0.000000,0.000000,0.000000,0.000000,8.000000,42.810000
1777667028.709909,0,0.000000,0.000000,0.000000,0.000000,0.000000,0.000000,0.000000,0.000000,8.000000,42.830000
1777667028.725785,0,0.000000,0.000000,0.000000,0.000000,0.000000,0.000000,0.000000,0.000000,8.000000,42.840000
1777667028.726246,0,0.000000,0.000000,0.000000,0.000000,0.000000,0.000000,0.000000,0.000000,8.000000,42.840000
1777667028.742006,0,0.000000,0.000000,0.000000,0.000000,0.000000,0.000000,0.000000,0.000000,8.000000,42.860000
1777667028.758679,0,0.000000,0.000000,0.000000,0.000000,0.000000,0.000000,0.000000,0.000000,8.000000,42.860000
1777667028.759145,0,0.000000,0.000000,0.000000,0.000000,0.000000,0.000000,0.000000,0.000000,8.000000,42.880000
1777667028.775480,0,0.000000,0.000000,0.000000,0.000000,0.000000,0.000000,0.000000,0.000000,8.000000,42.880000
1777667028.775942,0,0.000000,0.000000,0.000000,0.000000,0.000000,0.000000,0.000000,0.000000,8.000000,42.900000
1777667028.793018,0,0.000000,0.000000,0.000000,0.000000,0.000000,0.000000,0.000000,0.000000,8.000000,42.900000
1777667028.793482,0,0.000000,0.000000,0.000000,0.000000,0.000000,0.000000,0.000000,0.000000,8.000000,42.910000
1777667028.809073,0,0.000000,0.000000,0.000000,0.000000,0.000000,0.000000,0.000000,0.000000,8.000000,42.930000
1777667028.809541,0,0.000000,0.000000,0.000000,0.000000,0.000000,0.000000,0.000000,0.000000,8.000000,42.930000
1777667028.825643,0,0.000000,0.000000,0.000000,0.000000,0.000000,0.000000,0.000000,0.000000,8.000000,42.950000
1777667028.842185,0,0.000000,0.000000,0.000000,0.000000,0.000000,0.000000,0.000000,0.000000,8.000000,42.950000
1777667028.858629,0,0.000000,0.000000,0.000000,0.000000,0.000000,0.000000,0.000000,0.000000,8.000000,42.970000
1777667028.859095,0,0.000000,0.000000,0.000000,0.000000,0.000000,0.000000,0.000000,0.000000,8.000000,42.970000
1777667028.859648,0,0.000000,0.000000,0.000000,0.000000,0.000000,0.000000,0.000000,0.000000,8.000000,42.990000
1777667028.875652,0,0.000000,0.000000,0.000000,0.000000,0.000000,0.000000,0.000000,0.000000,8.000000,43.000000
1777667028.876116,0,0.000000,0.000000,0.000000,0.000000,0.000000,0.000000,0.000000,0.000000,8.000000,43.000000
1777667028.892838,0,0.000000,0.000000,0.000000,0.000000,0.000000,0.000000,0.000000,0.000000,8.000000,43.020000
1777667028.909180,0,0.000000,0.000000,0.000000,0.000000,0.000000,0.000000,0.000000,0.000000,8.000000,43.020000
1777667028.909763,0,0.000000,0.000000,0.000000,0.000000,0.000000,0.000000,0.000000,0.000000,8.000000,43.040000
1777667028.925474,0,0.000000,0.000000,0.000000,0.000000,0.000000,0.000000,0.000000,0.000000,8.000000,43.040000
1777667028.926332,0,0.000000,0.000000,0.000000,0.000000,0.000000,0.000000,0.000000,0.000000,8.000000,43.060000
1777667028.942532,0,0.000000,0.000000,0.000000,0.000000,0.000000,0.000000,0.000000,0.000000,8.000000,43.060000
1777667028.958418,0,0.000000,0.000000,0.000000,0.000000,0.000000,0.000000,0.000000,0.000000,8.000000,43.080000
1777667028.958881,0,0.000000,0.000000,0.000000,0.000000,0.000000,0.000000,0.000000,0.000000,8.000000,43.090000
1777667028.975259,0,0.000000,0.000000,0.000000,0.000000,0.000000,0.000000,0.000000,0.000000,8.000000,43.090000
1777667028.991874,0,0.000000,0.000000,0.000000,0.000000,0.000000,0.000000,0.000000,0.000000,8.000000,43.110000
1777667028.992347,0,0.000000,0.000000,0.000000,0.000000,0.000000,0.000000,0.000000,0.000000,8.000000,43.110000
1777667029.009935,0,0.000000,0.000000,0.000000,0.000000,0.000000,0.000000,0.000000,0.000000,8.000000,43.130000
1777667029.010400,0,0.000000,0.000000,0.000000,0.000000,0.000000,0.000000,0.000000,0.000000,8.000000,43.130000
1777667029.027479,0,0.000000,0.000000,0.000000,0.000000,0.000000,0.000000,0.000000,0.000000,8.000000,43.150000
1777667029.027940,0,0.000000,0.000000,0.000000,0.000000,0.000000,0.000000,0.000000,0.000000,8.000000,43.150000
1777667029.045465,0,0.000000,0.000000,0.000000,0.000000,0.000000,0.000000,0.000000,0.000000,8.000000,43.160000
1777667029.061825,0,0.000000,0.000000,0.000000,0.000000,0.000000,0.000000,0.000000,0.000000,8.000000,43.180000
1777667029.062265,0,0.000000,0.000000,0.000000,0.000000,0.000000,0.000000,0.000000,0.000000,8.000000,43.180000
1777667029.062815,0,0.000000,0.000000,0.000000,0.000000,0.000000,0.000000,0.000000,0.000000,8.000000,43.200000
1777667029.078377,0,0.000000,0.000000,0.000000,0.000000,0.000000,0.000000,0.000000,0.000000,8.000000,43.200000
1777667029.094685,0,0.000000,0.000000,0.000000,0.000000,0.000000,0.000000,0.000000,0.000000,8.000000,43.220000
1777667029.111607,0,0.000000,0.000000,0.000000,0.000000,0.000000,0.000000,0.000000,0.000000,8.000000,43.220000
1777667029.112079,0,0.000000,0.000000,0.000000,0.000000,0.000000,0.000000,0.000000,0.000000,8.000000,43.240000
1777667029.127537,0,0.000000,0.000000,0.000000,0.000000,0.000000,0.000000,0.000000,0.000000,8.000000,43.250000
1777667029.127994,0,0.000000,0.000000,0.000000,0.000000,0.000000,0.000000,0.000000,0.000000,8.000000,43.250000
1777667029.128552,0,0.000000,0.000000,0.000000,0.000000,0.000000,0.000000,0.000000,0.000000,8.000000,43.270000
1777667029.156411,0,0.000000,0.000000,0.000000,0.000000,0.000000,0.000000,0.000000,0.000000,8.000000,43.270000
1777667029.156880,0,0.000000,0.000000,0.000000,0.000000,0.000000,0.000000,0.000000,0.000000,8.000000,43.290000
1777667029.157422,0,0.000000,0.000000,0.000000,0.000000,0.000000,0.000000,0.000000,0.000000,8.000000,43.290000
1777667029.172560,0,0.000000,0.000000,0.000000,0.000000,0.000000,0.000000,0.000000,0.000000,8.000000,43.310000
1777667029.189337,0,0.000000,0.000000,0.000000,0.000000,0.000000,0.000000,0.000000,0.000000,8.000000,43.310000
1777667029.204945,0,0.000000,0.000000,0.000000,0.000000,0.000000,0.000000,0.000000,0.000000,8.000000,43.330000
1777667029.205404,0,0.000000,0.000000,0.000000,0.000000,0.000000,0.000000,0.000000,0.000000,8.000000,43.340000
1777667029.221386,0,0.000000,0.000000,0.000000,0.000000,0.000000,0.000000,0.000000,0.000000,8.000000,43.340000
1777667029.238065,0,0.000000,0.000000,0.000000,0.000000,0.000000,0.000000,0.000000,0.000000,8.000000,43.340000
1777667029.254590,0,0.000000,0.000000,0.000000,0.000000,0.000000,0.000000,0.000000,0.000000,8.000000,43.360000
1777667029.255075,0,0.000000,0.000000,0.000000,0.000000,0.000000,0.000000,0.000000,0.000000,8.000000,43.360000
1777667029.255567,0,0.000000,0.000000,0.000000,0.000000,0.000000,0.000000,0.000000,0.000000,8.000000,43.380000
1777667029.271493,0,0.000000,0.000000,0.000000,0.000000,0.000000,0.000000,0.000000,0.000000,8.000000,43.380000
1777667029.272052,0,0.000000,0.000000,0.000000,0.000000,0.000000,0.000000,0.000000,0.000000,8.000000,43.400000
1777667029.272639,0,0.000000,0.000000,0.000000,0.000000,0.000000,0.000000,0.000000,0.000000,8.000000,43.400000
1777667029.301059,0,0.000000,0.000000,0.000000,0.000000,0.000000,0.000000,0.000000,0.000000,8.000000,43.410000
1777667029.301740,0,0.000000,0.000000,0.000000,0.000000,0.000000,0.000000,0.000000,0.000000,8.000000,43.430000
1777667029.317571,0,0.000000,0.000000,0.000000,0.000000,0.000000,0.000000,0.000000,0.000000,8.000000,43.430000
1777667029.333629,0,0.000000,0.000000,0.000000,0.000000,0.000000,0.000000,0.000000,0.000000,8.000000,43.450000
1777667029.334098,0,0.000000,0.000000,0.000000,0.000000,0.000000,0.000000,0.000000,0.000000,8.000000,43.450000
1777667029.351608,0,0.000000,0.000000,0.000000,0.000000,0.000000,0.000000,0.000000,0.000000,8.000000,43.470000
1777667029.352119,0,0.000000,0.000000,0.000000,0.000000,0.000000,0.000000,0.000000,0.000000,8.000000,43.470000
1777667029.368116,0,0.000000,0.000000,0.000000,0.000000,0.000000,0.000000,0.000000,0.000000,8.000000,43.490000
1777667029.384939,0,0.000000,0.000000,0.000000,0.000000,0.000000,0.000000,0.000000,0.000000,8.000000,43.500000
1777667029.385517,0,0.000000,0.000000,0.000000,0.000000,0.000000,0.000000,0.000000,0.000000,8.000000,43.500000
1777667029.403565,0,0.000000,0.000000,0.000000,0.000000,0.000000,0.000000,0.000000,0.000000,8.000000,43.520000
1777667029.404045,0,0.000000,0.000000,0.000000,0.000000,0.000000,0.000000,0.000000,0.000000,8.000000,43.520000
1777667029.420007,0,0.000000,0.000000,0.000000,0.000000,0.000000,0.000000,0.000000,0.000000,8.000000,43.540000
1777667029.435039,0,0.000000,0.000000,0.000000,0.000000,0.000000,0.000000,0.000000,0.000000,8.000000,43.540000
1777667029.435510,0,0.000000,0.000000,0.000000,0.000000,0.000000,0.000000,0.000000,0.000000,8.000000,43.560000
1777667029.436271,0,0.000000,0.000000,0.000000,0.000000,0.000000,0.000000,0.000000,0.000000,8.000000,43.560000
1777667029.452897,0,0.000000,0.000000,0.000000,0.000000,0.000000,0.000000,0.000000,0.000000,8.000000,43.580000
1777667029.468524,0,0.000000,0.000000,0.000000,0.000000,0.000000,0.000000,0.000000,0.000000,8.000000,43.590000
1777667029.468994,0,0.000000,0.000000,0.000000,0.000000,0.000000,0.000000,0.000000,0.000000,8.000000,43.590000
1777667029.485034,0,0.000000,0.000000,0.000000,0.000000,0.000000,0.000000,0.000000,0.000000,8.000000,43.610000
1777667029.501066,0,0.000000,0.000000,0.000000,0.000000,0.000000,0.000000,0.000000,0.000000,8.000000,43.610000
1777667029.501530,0,0.000000,0.000000,0.000000,0.000000,0.000000,0.000000,0.000000,0.000000,8.000000,43.630000
1777667029.518608,0,0.000000,0.000000,0.000000,0.000000,0.000000,0.000000,0.000000,0.000000,8.000000,43.630000
1777667029.536558,0,0.000000,0.000000,0.000000,0.000000,0.000000,0.000000,0.000000,0.000000,8.000000,43.650000
1777667029.537031,0,0.000000,0.000000,0.000000,0.000000,0.000000,0.000000,0.000000,0.000000,8.000000,43.650000
1777667029.553092,0,0.000000,0.000000,0.000000,0.000000,0.000000,0.000000,0.000000,0.000000,8.000000,43.660000
1777667029.569341,0,0.000000,0.000000,0.000000,0.000000,0.000000,0.000000,0.000000,0.000000,8.000000,43.680000
1777667029.569807,0,0.000000,0.000000,0.000000,0.000000,0.000000,0.000000,0.000000,0.000000,8.000000,43.680000
1777667029.585896,0,0.000000,0.000000,0.000000,0.000000,0.000000,0.000000,0.000000,0.000000,8.000000,43.700000
1777667029.586370,0,0.000000,0.000000,0.000000,0.000000,0.000000,0.000000,0.000000,0.000000,8.000000,43.700000
1777667029.587535,0,0.000000,0.000000,0.000000,0.000000,0.000000,0.000000,0.000000,0.000000,8.000000,43.720000
1777667029.604512,0,0.000000,0.000000,0.000000,0.000000,0.000000,0.000000,0.000000,0.000000,8.000000,43.720000
1777667029.621567,0,0.000000,0.000000,0.000000,0.000000,0.000000,0.000000,0.000000,0.000000,8.000000,43.740000
1777667029.622083,0,0.000000,0.000000,0.000000,0.000000,0.000000,0.000000,0.000000,0.000000,8.000000,43.750000
1777667029.638836,0,0.000000,0.000000,0.000000,0.000000,0.000000,0.000000,0.000000,0.000000,8.000000,43.750000
1777667029.639441,0,0.000000,0.000000,0.000000,0.000000,0.000000,0.000000,0.000000,0.000000,8.000000,43.770000
1777667029.655283,0,0.000000,0.000000,0.000000,0.000000,0.000000,0.000000,0.000000,0.000000,8.000000,43.770000
1777667029.671324,0,0.000000,0.000000,0.000000,0.000000,0.000000,0.000000,0.000000,0.000000,8.000000,43.790000
1777667029.671793,0,0.000000,0.000000,0.000000,0.000000,0.000000,0.000000,0.000000,0.000000,8.000000,43.790000
1777667029.688034,0,0.000000,0.000000,0.000000,0.000000,0.000000,0.000000,0.000000,0.000000,8.000000,43.810000
1777667029.688496,0,0.000000,0.000000,0.000000,0.000000,0.000000,0.000000,0.000000,0.000000,8.000000,43.810000
1777667029.704268,0,0.000000,0.000000,0.000000,0.000000,0.000000,0.000000,0.000000,0.000000,8.000000,43.830000
1777667029.720707,0,0.000000,0.000000,0.000000,0.000000,0.000000,0.000000,0.000000,0.000000,8.000000,43.840000
1777667029.721552,0,0.000000,0.000000,0.000000,0.000000,0.000000,0.000000,0.000000,0.000000,8.000000,43.840000
1777667029.737010,0,0.000000,0.000000,0.000000,0.000000,0.000000,0.000000,0.000000,0.000000,8.000000,43.860000
1777667029.737474,0,0.000000,0.000000,0.000000,0.000000,0.000000,0.000000,0.000000,0.000000,8.000000,43.860000
1777667029.753031,0,0.000000,0.000000,0.000000,0.000000,0.000000,0.000000,0.000000,0.000000,8.000000,43.880000
1777667029.753491,0,0.000000,0.000000,0.000000,0.000000,0.000000,0.000000,0.000000,0.000000,8.000000,43.880000
1777667029.768939,0,0.000000,0.000000,0.000000,0.000000,0.000000,0.000000,0.000000,0.000000,8.000000,43.900000
1777667029.785856,0,0.000000,0.000000,0.000000,0.000000,0.000000,0.000000,0.000000,0.000000,8.000000,43.900000
1777667029.801739,0,0.000000,0.000000,0.000000,0.000000,0.000000,0.000000,0.000000,0.000000,8.000000,43.910000
1777667029.802205,0,0.000000,0.000000,0.000000,0.000000,0.000000,0.000000,0.000000,0.000000,8.000000,43.930000
1777667029.817994,0,0.000000,0.000000,0.000000,0.000000,0.000000,0.000000,0.000000,0.000000,8.000000,43.930000
1777667029.836189,0,0.000000,0.000000,0.000000,0.000000,0.000000,0.000000,0.000000,0.000000,8.000000,43.950000
1777667029.836769,0,0.000000,0.000000,0.000000,0.000000,0.000000,0.000000,0.000000,0.000000,8.000000,43.950000
