epoch,mark,Desired Torque (L),Measured Torque (L),Desired Torque (R),Measured Torque (R),Toe FSR (L),Stance Phase (L),Toe FSR (R),Stance Phase (R),Channel 8,Exoskeleton time (seconds)
1777586592.524897,0,5.000000,0.000000,5.000000,0.000000,0.000000,0.000000,0.000000,0.000000,8.000000,-183.830000
1777586592.554212,0,5.000000,0.000000,5.000000,0.000000,0.000000,0.000000,0.000000,0.000000,8.000000,-183.830000
1777586592.555053,0,5.000000,0.000000,5.000000,0.000000,0.000000,0.000000,0.000000,0.000000,8.000000,-183.830000
1777586592.586504,0,5.000000,0.000000,5.000000,0.000000,0.000000,0.000000,0.000000,0.000000,8.000000,-183.820000
1777586592.586912,0,5.000000,0.000000,5.000000,0.000000,0.000000,0.000000,0.000000,0.000000,8.000000,-183.800000
1777586592.587204,0,5.000000,0.000000,5.000000,0.000000,0.000000,0.000000,0.000000,0.000000,8.000000,-183.800000
1777586592.587785,0,5.000000,0.000000,5.000000,0.000000,0.000000,0.000000,0.000000,0.000000,8.000000,-183.780000
1777586592.620095,0,5.000000,0.000000,5.000000,0.000000,0.000000,0.000000,0.000000,0.000000,8.000000,-183.770000
1777586592.620859,0,5.000000,0.000000,5.000000,0.000000,0.000000,0.000000,0.000000,0.000000,8.000000,-183.770000
1777586592.637453,0,5.000000,0.000000,5.000000,0.000000,0.000000,0.000000,0.000000,0.000000,8.000000,-183.750000
1777586592.653483,0,5.000000,0.000000,5.000000,0.000000,0.000000,0.000000,0.000000,0.000000,8.000000,-183.740000
1777586592.671954,0,5.000000,0.000000,5.000000,0.000000,0.000000,0.000000,0.000000,0.000000,8.000000,-183.720000
1777586592.690725,0,5.000000,0.000000,5.000000,0.000000,0.000000,0.000000,0.000000,0.000000,8.000000,-183.720000
1777586592.691149,0,5.000000,0.000000,5.000000,0.000000,0.000000,0.000000,0.000000,0.000000,8.000000,-183.710000
1777586592.691479,0,5.000000,0.000000,5.000000,0.000000,0.000000,0.000000,0.000000,0.000000,8.000000,-183.690000
1777586592.709764,0,5.000000,0.000000,5.000000,0.000000,0.000000,0.000000,0.000000,0.000000,8.000000,-183.690000
1777586592.710177,0,5.000000,0.000000,5.000000,0.000000,0.000000,0.000000,0.000000,0.000000,8.000000,-183.670000
1777586592.710481,0,5.000000,0.000000,5.000000,0.000000,0.000000,0.000000,0.000000,0.000000,8.000000,-183.660000
1777586592.731047,0,5.000000,0.000000,5.000000,0.000000,0.000000,0.000000,0.000000,0.000000,8.000000,-183.660000
1777586592.731707,0,5.000000,0.000000,5.000000,0.000000,0.000000,0.000000,0.000000,0.000000,8.000000,-183.640000
1777586592.751606,0,5.000000,0.000000,5.000000,0.000000,0.000000,0.000000,0.000000,0.000000,8.000000,-183.640000
1777586592.752042,0,5.000000,0.000000,5.000000,0.000000,0.000000,0.000000,0.000000,0.000000,8.000000,-183.630000
1777586592.769249,0,5.000000,0.000000,5.000000,0.000000,0.000000,0.000000,0.000000,0.000000,8.000000,-183.630000
1777586592.786508,0,5.000000,0.000000,5.000000,0.000000,0.000000,0.000000,0.000000,0.000000,8.000000,-183.610000
1777586592.786916,0,5.000000,0.000000,5.000000,0.000000,0.000000,0.000000,0.000000,0.000000,8.000000,-183.600000
1777586592.803194,0,5.000000,0.000000,5.000000,0.000000,0.000000,0.000000,0.000000,0.000000,8.000000,-183.580000
1777586592.803602,0,5.000000,0.000000,5.000000,0.000000,0.000000,0.000000,0.000000,0.000000,8.000000,-183.580000
1777586592.819806,0,5.000000,0.000000,5.000000,0.000000,0.000000,0.000000,0.000000,0.000000,8.000000,-183.580000
1777586592.820213,0,5.000000,0.000000,5.000000,0.000000,0.000000,0.000000,0.000000,0.000000,8.000000,-183.570000
1777586592.836884,0,5.000000,0.000000,5.000000,0.000000,0.000000,0.000000,0.000000,0.000000,8.000000,-183.550000
1777586592.853369,0,5.000000,0.000000,5.000000,0.000000,0.000000,0.000000,0.000000,0.000000,8.000000,-183.530000
1777586592.853806,0,5.000000,0.000000,5.000000,0.000000,0.000000,0.000000,0.000000,0.000000,8.000000,-183.530000
1777586592.871253,0,5.000000,0.000000,5.000000,0.000000,0.000000,0.000000,0.000000,0.000000,8.000000,-183.520000
1777586592.871782,0,5.000000,0.000000,5.000000,0.000000,0.000000,0.000000,0.000000,0.000000,8.000000,-183.520000
1777586592.889067,0,5.000000,0.000000,5.000000,0.000000,0.000000,0.000000,0.000000,0.000000,8.000000,-183.500000
1777586592.889487,0,5.000000,0.000000,5.000000,0.000000,0.000000,0.000000,0.000000,0.000000,8.000000,-183.490000
1777586592.906669,0,5.000000,0.000000,5.000000,0.000000,0.000000,0.000000,0.000000,0.000000,8.000000,-183.470000
1777586592.924285,0,5.000000,0.000000,5.000000,0.000000,0.000000,0.000000,0.000000,0.000000,8.000000,-183.470000
1777586592.924805,0,5.000000,0.000000,5.000000,0.000000,0.000000,0.000000,0.000000,0.000000,8.000000,-183.460000
1777586592.944321,0,5.000000,0.000000,5.000000,0.000000,0.000000,0.000000,0.000000,0.000000,8.000000,-183.440000
1777586592.944931,0,5.000000,0.000000,5.000000,0.000000,0.000000,0.000000,0.000000,0.000000,8.000000,-183.440000
1777586592.965182,0,5.000000,0.000000,5.000000,0.000000,0.000000,0.000000,0.000000,0.000000,8.000000,-183.420000
1777586592.965608,0,5.000000,0.000000,5.000000,0.000000,0.000000,0.000000,0.000000,0.000000,8.000000,-183.410000
1777586592.986499,0,5.000000,0.000000,5.000000,0.000000,0.000000,0.000000,0.000000,0.000000,8.000000,-183.410000
1777586592.986929,0,5.000000,0.000000,5.000000,0.000000,0.000000,0.000000,0.000000,0.000000,8.000000,-183.390000
1777586593.003021,0,5.000000,0.000000,5.000000,0.000000,0.000000,0.000000,0.000000,0.000000,8.000000,-183.380000
1777586593.003441,0,5.000000,0.000000,5.000000,0.000000,0.000000,0.000000,0.000000,0.000000,8.000000,-183.380000
1777586593.020929,0,5.000000,0.000000,5.000000,0.000000,0.000000,0.000000,0.000000,0.000000,8.000000,-183.360000
1777586593.038469,0,5.000000,0.000000,5.000000,0.000000,0.000000,0.000000,0.000000,0.000000,8.000000,-183.360000
1777586593.038900,0,5.000000,0.000000,5.000000,0.000000,0.000000,0.000000,0.000000,0.000000,8.000000,-183.350000
1777586593.057310,0,5.000000,0.000000,5.000000,0.000000,0.000000,0.000000,0.000000,0.000000,8.000000,-183.330000
1777586593.057734,0,5.000000,0.000000,5.000000,0.000000,0.000000,0.000000,0.000000,0.000000,8.000000,-183.330000
1777586593.076965,0,5.000000,0.000000,5.000000,0.000000,0.000000,0.000000,0.000000,0.000000,8.000000,-183.330000
1777586593.077487,0,5.000000,0.000000,5.000000,0.000000,0.000000,0.000000,0.000000,0.000000,8.000000,-183.300000
1777586593.096840,0,5.000000,0.000000,5.000000,0.000000,0.000000,0.000000,0.000000,0.000000,8.000000,-183.300000
1777586593.097271,0,5.000000,0.000000,5.000000,0.000000,0.000000,0.000000,0.000000,0.000000,8.000000,-183.300000
1777586593.097850,0,5.000000,0.000000,5.000000,0.000000,0.000000,0.000000,0.000000,0.000000,8.000000,-183.270000
1777586593.116019,0,5.000000,0.000000,5.000000,0.000000,0.000000,0.000000,0.000000,0.000000,8.000000,-183.270000
1777586593.135172,0,5.000000,0.000000,5.000000,0.000000,0.000000,0.000000,0.000000,0.000000,8.000000,-183.270000
1777586593.135716,0,5.000000,0.000000,5.000000,0.000000,0.000000,0.000000,0.000000,0.000000,8.000000,-183.250000
1777586593.155335,0,5.000000,0.000000,5.000000,0.000000,0.000000,0.000000,0.000000,0.000000,8.000000,-183.250000
1777586593.155764,0,5.000000,0.000000,5.000000,0.000000,0.000000,0.000000,0.000000,0.000000,8.000000,-183.240000
1777586593.175367,0,5.000000,0.000000,5.000000,0.000000,0.000000,0.000000,0.000000,0.000000,8.000000,-183.220000
1777586593.175786,0,5.000000,0.000000,5.000000,0.000000,0.000000,0.000000,0.000000,0.000000,8.000000,-183.220000
1777586593.194601,0,5.000000,0.000000,5.000000,0.000000,0.000000,0.000000,0.000000,0.000000,8.000000,-183.210000
1777586593.195039,0,5.000000,0.000000,5.000000,0.000000,0.000000,0.000000,0.000000,0.000000,8.000000,-183.190000
1777586593.195724,0,5.000000,0.000000,5.000000,0.000000,0.000000,0.000000,0.000000,0.000000,8.000000,-183.190000
1777586593.232283,0,5.000000,0.000000,5.000000,0.000000,0.000000,0.000000,0.000000,0.000000,8.000000,-183.170000
1777586593.232731,0,5.000000,0.000000,5.000000,0.000000,0.000000,0.000000,0.000000,0.000000,8.000000,-183.160000
1777586593.233215,0,5.000000,0.000000,5.000000,0.000000,0.000000,0.000000,0.000000,0.000000,8.000000,-183.160000
1777586593.233916,0,5.000000,0.000000,5.000000,0.000000,0.000000,0.000000,0.000000,0.000000,8.000000,-183.140000
1777586593.234305,0,5.000000,0.000000,5.000000,0.000000,0.000000,0.000000,0.000000,0.000000,8.000000,-183.130000
1777586593.269494,0,5.000000,0.000000,5.000000,0.000000,0.000000,0.000000,0.000000,0.000000,8.000000,-183.130000
1777586593.269931,0,5.000000,0.000000,5.000000,0.000000,0.000000,0.000000,0.000000,0.000000,8.000000,-183.110000
1777586593.270551,0,5.000000,0.000000,5.000000,0.000000,0.000000,0.000000,0.000000,0.000000,8.000000,-183.110000
1777586593.306051,0,5.000000,0.000000,5.000000,0.000000,0.000000,0.000000,0.000000,0.000000,8.000000,-183.100000
1777586593.306464,0,5.000000,0.000000,5.000000,0.000000,0.000000,0.000000,0.000000,0.000000,8.000000,-183.080000
1777586593.306781,0,5.000000,0.000000,5.000000,0.000000,0.000000,0.000000,0.000000,0.000000,8.000000,-183.080000
1777586593.307420,0,5.000000,0.000000,5.000000,0.000000,0.000000,0.000000,0.000000,0.000000,8.000000,-183.070000
1777586593.307783,0,5.000000,0.000000,5.000000,0.000000,0.000000,0.000000,0.000000,0.000000,8.000000,-183.050000
1777586593.343508,0,5.000000,0.000000,5.000000,0.000000,0.000000,0.000000,0.000000,0.000000,8.000000,-183.050000
1777586593.344131,0,5.000000,0.000000,5.000000,0.000000,0.000000,0.000000,0.000000,0.000000,8.000000,-183.030000
1777586593.344465,0,5.000000,0.000000,5.000000,0.000000,0.000000,0.000000,0.000000,0.000000,8.000000,-183.020000
1777586593.382829,0,5.000000,0.000000,5.000000,0.000000,0.000000,0.000000,0.000000,0.000000,8.000000,-183.020000
1777586593.383284,0,5.000000,0.000000,5.000000,0.000000,0.000000,0.000000,0.000000,0.000000,8.000000,-183.000000
1777586593.384055,0,5.000000,0.000000,5.000000,0.000000,0.000000,0.000000,0.000000,0.000000,8.000000,-183.000000
1777586593.384455,0,5.000000,0.000000,5.000000,0.000000,0.000000,0.000000,0.000000,0.000000,8.000000,-182.990000
1777586593.422251,0,5.000000,0.000000,5.000000,0.000000,0.000000,0.000000,0.000000,0.000000,8.000000,-182.970000
1777586593.422692,0,5.000000,0.000000,5.000000,0.000000,0.000000,0.000000,0.000000,0.000000,8.000000,-182.970000
1777586593.423157,0,5.000000,0.000000,5.000000,0.000000,0.000000,0.000000,0.000000,0.000000,8.000000,-182.960000
1777586593.423511,0,5.000000,0.000000,5.000000,0.000000,0.000000,0.000000,0.000000,0.000000,8.000000,-182.940000
1777586593.444333,0,5.000000,0.000000,5.000000,0.000000,0.000000,0.000000,0.000000,0.000000,8.000000,-182.940000
1777586593.460883,0,5.000000,0.000000,5.000000,0.000000,0.000000,0.000000,0.000000,0.000000,8.000000,-182.920000
1777586593.477778,0,5.000000,0.000000,5.000000,0.000000,0.000000,0.000000,0.000000,0.000000,8.000000,-182.910000
1777586593.478296,0,5.000000,0.000000,5.000000,0.000000,0.000000,0.000000,0.000000,0.000000,8.000000,-182.910000
1777586593.494684,0,5.000000,0.000000,5.000000,0.000000,0.000000,0.000000,0.000000,0.000000,8.000000,-182.890000
1777586593.495100,0,5.000000,0.000000,5.000000,0.000000,0.000000,0.000000,0.000000,0.000000,8.000000,-182.880000
1777586593.511688,0,5.000000,0.000000,5.000000,0.000000,0.000000,0.000000,0.000000,0.000000,8.000000,-182.880000
1777586593.528604,0,5.000000,0.000000,5.000000,0.000000,0.000000,0.000000,0.000000,0.000000,8.000000,-182.860000
1777586593.529038,0,5.000000,0.000000,5.000000,0.000000,0.000000,0.000000,0.000000,0.000000,8.000000,-182.860000
1777586593.545680,0,5.000000,0.000000,5.000000,0.000000,0.000000,0.000000,0.000000,0.000000,8.000000,-182.850000
1777586593.546104,0,5.000000,0.000000,5.000000,0.000000,0.000000,0.000000,0.000000,0.000000,8.000000,-182.830000
1777586593.563692,0,5.000000,0.000000,5.000000,0.000000,0.000000,0.000000,0.000000,0.000000,8.000000,-182.830000
1777586593.564157,0,5.000000,0.000000,5.000000,0.000000,0.000000,0.000000,0.000000,0.000000,8.000000,-182.820000
1777586593.582213,0,5.000000,0.000000,5.000000,0.000000,0.000000,0.000000,0.000000,0.000000,8.000000,-182.800000
1777586593.599127,0,5.000000,0.000000,5.000000,0.000000,0.000000,0.000000,0.000000,0.000000,8.000000,-182.800000
1777586593.599545,0,5.000000,0.000000,5.000000,0.000000,0.000000,0.000000,0.000000,0.000000,8.000000,-182.780000
1777586593.615682,0,5.000000,0.000000,5.000000,0.000000,0.000000,0.000000,0.000000,0.000000,8.000000,-182.770000
1777586593.616092,0,5.000000,0.000000,5.000000,0.000000,0.000000,0.000000,0.000000,0.000000,8.000000,-182.770000
1777586593.633381,0,5.000000,0.000000,5.000000,0.000000,0.000000,0.000000,0.000000,0.000000,8.000000,-182.750000
1777586593.634094,0,5.000000,0.000000,5.000000,0.000000,0.000000,0.000000,0.000000,0.000000,8.000000,-182.750000
1777586593.651172,0,5.000000,0.000000,5.000000,0.000000,0.000000,0.000000,0.000000,0.000000,8.000000,-182.740000
1777586593.651717,0,5.000000,0.000000,5.000000,0.000000,0.000000,0.000000,0.000000,0.000000,8.000000,-182.720000
1777586593.669122,0,5.000000,0.000000,5.000000,0.000000,0.000000,0.000000,0.000000,0.000000,8.000000,-182.720000
1777586593.669530,0,5.000000,0.000000,5.000000,0.000000,0.000000,0.000000,0.000000,0.000000,8.000000,-182.710000
1777586593.687287,0,5.000000,0.000000,5.000000,0.000000,0.000000,0.000000,0.000000,0.000000,8.000000,-182.690000
1777586593.705211,0,5.000000,0.000000,5.000000,0.000000,0.000000,0.000000,0.000000,0.000000,8.000000,-182.690000
1777586593.705627,0,5.000000,0.000000,5.000000,0.000000,0.000000,0.000000,0.000000,0.000000,8.000000,-182.670000
1777586593.723232,0,5.000000,0.000000,5.000000,0.000000,0.000000,0.000000,0.000000,0.000000,8.000000,-182.660000
1777586593.723666,0,5.000000,0.000000,5.000000,0.000000,0.000000,0.000000,0.000000,0.000000,8.000000,-182.660000
1777586593.742089,0,5.000000,0.000000,5.000000,0.000000,0.000000,0.000000,0.000000,0.000000,8.000000,-182.660000
1777586593.742606,0,5.000000,0.000000,5.000000,0.000000,0.000000,0.000000,0.000000,0.000000,8.000000,-182.640000
1777586593.760816,0,5.000000,0.000000,5.000000,0.000000,0.000000,0.000000,0.000000,0.000000,8.000000,-182.630000
1777586593.761632,0,5.000000,0.000000,5.000000,0.000000,0.000000,0.000000,0.000000,0.000000,8.000000,-182.610000
1777586593.781359,0,5.000000,0.000000,5.000000,0.000000,0.000000,0.000000,0.000000,0.000000,8.000000,-182.610000
1777586593.781916,0,5.000000,0.000000,5.000000,0.000000,0.000000,0.000000,0.000000,0.000000,8.000000,-182.600000
1777586593.801291,0,5.000000,0.000000,5.000000,0.000000,0.000000,0.000000,0.000000,0.000000,8.000000,-182.580000
1777586593.819089,0,5.000000,0.000000,5.000000,0.000000,0.000000,0.000000,0.000000,0.000000,8.000000,-182.580000
1777586593.819557,0,5.000000,0.000000,5.000000,0.000000,0.000000,0.000000,0.000000,0.000000,8.000000,-182.580000
1777586593.819877,0,5.000000,0.000000,5.000000,0.000000,0.000000,0.000000,0.000000,0.000000,8.000000,-182.550000
1777586593.838961,0,5.000000,0.000000,5.000000,0.000000,0.000000,0.000000,0.000000,0.000000,8.000000,-182.550000
1777586593.858386,0,5.000000,0.000000,5.000000,0.000000,0.000000,0.000000,0.000000,0.000000,8.000000,-182.550000
1777586593.858840,0,5.000000,0.000000,5.000000,0.000000,0.000000,0.000000,0.000000,0.000000,8.000000,-182.530000
1777586593.877606,0,5.000000,0.000000,5.000000,0.000000,0.000000,0.000000,0.000000,0.000000,8.000000,-182.520000
1777586593.878098,0,5.000000,0.000000,5.000000,0.000000,0.000000,0.000000,0.000000,0.000000,8.000000,-182.520000
1777586593.878575,0,5.000000,0.000000,5.000000,0.000000,0.000000,0.000000,0.000000,0.000000,8.000000,-182.500000
1777586593.897456,0,5.000000,0.000000,5.000000,0.000000,0.000000,0.000000,0.000000,0.000000,8.000000,-182.500000
1777586593.897907,0,5.000000,0.000000,5.000000,0.000000,0.000000,0.000000,0.000000,0.000000,8.000000,-182.490000
1777586593.917077,0,5.000000,0.000000,5.000000,0.000000,0.000000,0.000000,0.000000,0.000000,8.000000,-182.470000
1777586593.937447,0,5.000000,0.000000,5.000000,0.000000,0.000000,0.000000,0.000000,0.000000,8.000000,-182.470000
1777586593.937879,0,5.000000,0.000000,5.000000,0.000000,0.000000,0.000000,0.000000,0.000000,8.000000,-182.460000
1777586593.955470,0,5.000000,0.000000,5.000000,0.000000,0.000000,0.000000,0.000000,0.000000,8.000000,-182.440000
1777586593.955879,0,5.000000,0.000000,5.000000,0.000000,0.000000,0.000000,0.000000,0.000000,8.000000,-182.440000
1777586593.956233,0,5.000000,0.000000,5.000000,0.000000,0.000000,0.000000,0.000000,0.000000,8.000000,-182.420000
1777586593.976443,0,5.000000,0.000000,5.000000,0.000000,0.000000,0.000000,0.000000,0.000000,8.000000,-182.410000
1777586593.996971,0,5.000000,0.000000,5.000000,0.000000,0.000000,0.000000,0.000000,0.000000,8.000000,-182.410000
1777586593.997402,0,5.000000,0.000000,5.000000,0.000000,0.000000,0.000000,0.000000,0.000000,8.000000,-182.390000
1777586594.016841,0,5.000000,0.000000,5.000000,0.000000,0.000000,0.000000,0.000000,0.000000,8.000000,-182.380000
1777586594.017639,0,5.000000,0.000000,5.000000,0.000000,0.000000,0.000000,0.000000,0.000000,8.000000,-182.380000
1777586594.018033,0,5.000000,0.000000,5.000000,0.000000,0.000000,0.000000,0.000000,0.000000,8.000000,-182.360000
1777586594.038444,0,5.000000,0.000000,5.000000,0.000000,0.000000,0.000000,0.000000,0.000000,8.000000,-182.360000
1777586594.058510,0,5.000000,0.000000,5.000000,0.000000,0.000000,0.000000,0.000000,0.000000,8.000000,-182.350000
1777586594.058963,0,5.000000,0.000000,5.000000,0.000000,0.000000,0.000000,0.000000,0.000000,8.000000,-182.330000
1777586594.059469,0,5.000000,0.000000,5.000000,0.000000,0.000000,0.000000,0.000000,0.000000,8.000000,-182.330000
1777586594.078910,0,5.000000,0.000000,5.000000,0.000000,0.000000,0.000000,0.000000,0.000000,8.000000,-182.320000
1777586594.079327,0,5.000000,0.000000,5.000000,0.000000,0.000000,0.000000,0.000000,0.000000,8.000000,-182.300000
1777586594.099570,0,5.000000,0.000000,5.000000,0.000000,0.000000,0.000000,0.000000,0.000000,8.000000,-182.300000
1777586594.120848,0,5.000000,0.000000,5.000000,0.000000,0.000000,0.000000,0.000000,0.000000,8.000000,-182.280000
1777586594.121267,0,5.000000,0.000000,5.000000,0.000000,0.000000,0.000000,0.000000,0.000000,8.000000,-182.270000
1777586594.121586,0,5.000000,0.000000,5.000000,0.000000,0.000000,0.000000,0.000000,0.000000,8.000000,-182.270000
1777586594.141717,0,5.000000,0.000000,5.000000,0.000000,0.000000,0.000000,0.000000,0.000000,8.000000,-182.250000
1777586594.165184,0,5.000000,0.000000,5.000000,0.000000,0.000000,0.000000,0.000000,0.000000,8.000000,-182.250000
1777586594.165632,0,5.000000,0.000000,5.000000,0.000000,0.000000,0.000000,0.000000,0.000000,8.000000,-182.240000
1777586594.165951,0,5.000000,0.000000,5.000000,0.000000,0.000000,0.000000,0.000000,0.000000,8.000000,-182.220000
1777586594.166410,0,5.000000,0.000000,5.000000,0.000000,0.000000,0.000000,0.000000,0.000000,8.000000,-182.220000
1777586594.186763,0,5.000000,0.000000,5.000000,0.000000,0.000000,0.000000,0.000000,0.000000,8.000000,-182.210000
1777586594.187212,0,5.000000,0.000000,5.000000,0.000000,0.000000,0.000000,0.000000,0.000000,8.000000,-182.190000
1777586594.208524,0,5.000000,0.000000,5.000000,0.000000,0.000000,0.000000,0.000000,0.000000,8.000000,-182.190000
1777586594.230659,0,5.000000,0.000000,5.000000,0.000000,0.000000,0.000000,0.000000,0.000000,8.000000,-182.170000
1777586594.231104,0,5.000000,0.000000,5.000000,0.000000,0.000000,0.000000,0.000000,0.000000,8.000000,-182.160000
1777586594.251516,0,5.000000,0.000000,5.000000,0.000000,0.000000,0.000000,0.000000,0.000000,8.000000,-182.160000
1777586594.251951,0,5.000000,0.000000,5.000000,0.000000,0.000000,0.000000,0.000000,0.000000,8.000000,-182.140000
1777586594.252272,0,5.000000,0.000000,5.000000,0.000000,0.000000,0.000000,0.000000,0.000000,8.000000,-182.130000
1777586594.272108,0,5.000000,0.000000,5.000000,0.000000,0.000000,0.000000,0.000000,0.000000,8.000000,-182.130000
1777586594.272700,0,5.000000,0.000000,5.000000,0.000000,0.000000,0.000000,0.000000,0.000000,8.000000,-182.110000
1777586594.273073,0,5.000000,0.000000,5.000000,0.000000,0.000000,0.000000,0.000000,0.000000,8.000000,-182.110000
1777586594.294389,0,5.000000,0.000000,5.000000,0.000000,0.000000,0.000000,0.000000,0.000000,8.000000,-182.100000
1777586594.313879,0,5.000000,0.000000,5.000000,0.000000,0.000000,0.000000,0.000000,0.000000,8.000000,-182.080000
1777586594.314466,0,5.000000,0.000000,5.000000,0.000000,0.000000,0.000000,0.000000,0.000000,8.000000,-182.080000
1777586594.314802,0,5.000000,0.000000,5.000000,0.000000,0.000000,0.000000,0.000000,0.000000,8.000000,-182.070000
1777586594.333410,0,5.000000,0.000000,5.000000,0.000000,0.000000,0.000000,0.000000,0.000000,8.000000,-182.050000
1777586594.333892,0,5.000000,0.000000,5.000000,0.000000,0.000000,0.000000,0.000000,0.000000,8.000000,-182.050000
1777586594.354832,0,5.000000,0.000000,5.000000,0.000000,0.000000,0.000000,0.000000,0.000000,8.000000,-182.030000
1777586594.373981,0,5.000000,0.000000,5.000000,0.000000,0.000000,0.000000,0.000000,0.000000,8.000000,-182.020000
1777586594.374424,0,5.000000,0.000000,5.000000,0.000000,0.000000,0.000000,0.000000,0.000000,8.000000,-182.020000
1777586594.374755,0,5.000000,0.000000,5.000000,0.000000,0.000000,0.000000,0.000000,0.000000,8.000000,-182.000000
1777586594.394919,0,5.000000,0.000000,5.000000,0.000000,0.000000,0.000000,0.000000,0.000000,8.000000,-182.000000
1777586594.415709,0,5.000000,0.000000,5.000000,0.000000,0.000000,0.000000,0.000000,0.000000,8.000000,-181.990000
1777586594.435643,0,5.000000,0.000000,5.000000,0.000000,0.000000,0.000000,0.000000,0.000000,8.000000,-181.970000
1777586594.436090,0,5.000000,0.000000,5.000000,0.000000,0.000000,0.000000,0.000000,0.000000,8.000000,-181.970000
1777586594.436621,0,5.000000,0.000000,5.000000,0.000000,0.000000,0.000000,0.000000,0.000000,8.000000,-181.960000
1777586594.456118,0,5.000000,0.000000,5.000000,0.000000,0.000000,0.000000,0.000000,0.000000,8.000000,-181.940000
1777586594.456543,0,5.000000,0.000000,5.000000,0.000000,0.000000,0.000000,0.000000,0.000000,8.000000,-181.940000
1777586594.477734,0,5.000000,0.000000,5.000000,0.000000,0.000000,0.000000,0.000000,0.000000,8.000000,-181.920000
1777586594.478188,0,5.000000,0.000000,5.000000,0.000000,0.000000,0.000000,0.000000,0.000000,8.000000,-181.910000
1777586594.498392,0,5.000000,0.000000,5.000000,0.000000,0.000000,0.000000,0.000000,0.000000,8.000000,-181.910000
1777586594.498839,0,5.000000,0.000000,5.000000,0.000000,0.000000,0.000000,0.000000,0.000000,8.000000,-181.880000
1777586594.518397,0,5.000000,0.000000,5.000000,0.000000,0.000000,0.000000,0.000000,0.000000,8.000000,-181.880000
1777586594.518856,0,5.000000,0.000000,5.000000,0.000000,0.000000,0.000000,0.000000,0.000000,8.000000,-181.860000
1777586594.519258,0,5.000000,0.000000,5.000000,0.000000,0.000000,0.000000,0.000000,0.000000,8.000000,-181.860000
1777586594.538768,0,5.000000,0.000000,5.000000,0.000000,0.000000,0.000000,0.000000,0.000000,8.000000,-181.850000
1777586594.560267,0,5.000000,0.000000,5.000000,0.000000,0.000000,0.000000,0.000000,0.000000,8.000000,-181.830000
1777586594.560719,0,5.000000,0.000000,5.000000,0.000000,0.000000,0.000000,0.000000,0.000000,8.000000,-181.830000
1777586594.582950,0,5.000000,0.000000,5.000000,0.000000,0.000000,0.000000,0.000000,0.000000,8.000000,-181.820000
1777586594.583423,0,5.000000,0.000000,5.000000,0.000000,0.000000,0.000000,0.000000,0.000000,8.000000,-181.800000
1777586594.605918,0,5.000000,0.000000,5.000000,0.000000,0.000000,0.000000,0.000000,0.000000,8.000000,-181.800000
1777586594.606357,0,5.000000,0.000000,5.000000,0.000000,0.000000,0.000000,0.000000,0.000000,8.000000,-181.800000
1777586594.606835,0,5.000000,0.000000,5.000000,0.000000,0.000000,0.000000,0.000000,0.000000,8.000000,-181.780000
1777586594.628031,0,5.000000,0.000000,5.000000,0.000000,0.000000,0.000000,0.000000,0.000000,8.000000,-181.770000
1777586594.628461,0,5.000000,0.000000,5.000000,0.000000,0.000000,0.000000,0.000000,0.000000,8.000000,-181.770000
1777586594.650059,0,5.000000,0.000000,5.000000,0.000000,0.000000,0.000000,0.000000,0.000000,8.000000,-181.750000
1777586594.650795,0,5.000000,0.000000,5.000000,0.000000,0.000000,0.000000,0.000000,0.000000,8.000000,-181.750000
1777586594.672608,0,5.000000,0.000000,5.000000,0.000000,0.000000,0.000000,0.000000,0.000000,8.000000,-181.740000
1777586594.673070,0,5.000000,0.000000,5.000000,0.000000,0.000000,0.000000,0.000000,0.000000,8.000000,-181.720000
1777586594.673448,0,5.000000,0.000000,5.000000,0.000000,0.000000,0.000000,0.000000,0.000000,8.000000,-181.720000
1777586594.694860,0,5.000000,0.000000,5.000000,0.000000,0.000000,0.000000,0.000000,0.000000,8.000000,-181.710000
1777586594.695291,0,5.000000,0.000000,5.000000,0.000000,0.000000,0.000000,0.000000,0.000000,8.000000,-181.690000
1777586594.718801,0,5.000000,0.000000,5.000000,0.000000,0.000000,0.000000,0.000000,0.000000,8.000000,-181.690000
1777586594.740664,0,5.000000,0.000000,5.000000,0.000000,0.000000,0.000000,0.000000,0.000000,8.000000,-181.670000
1777586594.741176,0,5.000000,0.000000,5.000000,0.000000,0.000000,0.000000,0.000000,0.000000,8.000000,-181.660000
1777586594.741538,0,5.000000,0.000000,5.000000,0.000000,0.000000,0.000000,0.000000,0.000000,8.000000,-181.660000
1777586594.741879,0,5.000000,0.000000,5.000000,0.000000,0.000000,0.000000,0.000000,0.000000,8.000000,-181.640000
1777586594.763906,0,5.000000,0.000000,5.000000,0.000000,0.000000,0.000000,0.000000,0.000000,8.000000,-181.630000
1777586594.764353,0,5.000000,0.000000,5.000000,0.000000,0.000000,0.000000,0.000000,0.000000,8.000000,-181.630000
1777586594.786089,0,5.000000,0.000000,5.000000,0.000000,0.000000,0.000000,0.000000,0.000000,8.000000,-181.610000
1777586594.786529,0,5.000000,0.000000,5.000000,0.000000,0.000000,0.000000,0.000000,0.000000,8.000000,-181.610000
1777586594.786859,0,5.000000,0.000000,5.000000,0.000000,0.000000,0.000000,0.000000,0.000000,8.000000,-181.600000
1777586594.808714,0,5.000000,0.000000,5.000000,0.000000,0.000000,0.000000,0.000000,0.000000,8.000000,-181.580000
1777586594.826275,0,5.000000,0.000000,5.000000,0.000000,0.000000,0.000000,0.000000,0.000000,8.000000,-181.580000
1777586594.826939,0,5.000000,0.000000,5.000000,0.000000,0.000000,0.000000,0.000000,0.000000,8.000000,-181.570000
1777586594.843922,0,5.000000,0.000000,5.000000,0.000000,0.000000,0.000000,0.000000,0.000000,8.000000,-181.550000
1777586594.844351,0,5.000000,0.000000,5.000000,0.000000,0.000000,0.000000,0.000000,0.000000,8.000000,-181.550000
1777586594.844717,0,5.000000,0.000000,5.000000,0.000000,0.000000,0.000000,0.000000,0.000000,8.000000,-181.530000
1777586594.861157,0,5.000000,0.000000,5.000000,0.000000,0.000000,0.000000,0.000000,0.000000,8.000000,-181.520000
1777586594.861741,0,5.000000,0.000000,5.000000,0.000000,0.000000,0.000000,0.000000,0.000000,8.000000,-181.520000
1777586594.894654,0,5.000000,0.000000,5.000000,0.000000,0.000000,0.000000,0.000000,0.000000,8.000000,-181.500000
1777586594.895164,0,5.000000,0.000000,5.000000,0.000000,0.000000,0.000000,0.000000,0.000000,8.000000,-181.500000
1777586594.895508,0,5.000000,0.000000,5.000000,0.000000,0.000000,0.000000,0.000000,0.000000,8.000000,-181.490000
1777586594.895960,0,5.000000,0.000000,5.000000,0.000000,0.000000,0.000000,0.000000,0.000000,8.000000,-181.470000
1777586594.913547,0,5.000000,0.000000,5.000000,0.000000,0.000000,0.000000,0.000000,0.000000,8.000000,-181.470000
1777586594.932729,0,5.000000,0.000000,5.000000,0.000000,0.000000,0.000000,0.000000,0.000000,8.000000,-181.460000
1777586594.949437,0,5.000000,0.000000,5.000000,0.000000,0.000000,0.000000,0.000000,0.000000,8.000000,-181.440000
1777586594.949934,0,5.000000,0.000000,5.000000,0.000000,0.000000,0.000000,0.000000,0.000000,8.000000,-181.440000
1777586594.950437,0,5.000000,0.000000,5.000000,0.000000,0.000000,0.000000,0.000000,0.000000,8.000000,-181.420000
1777586594.965893,0,5.000000,0.000000,5.000000,0.000000,0.000000,0.000000,0.000000,0.000000,8.000000,-181.410000
1777586594.981201,0,5.000000,0.000000,5.000000,0.000000,0.000000,0.000000,0.000000,0.000000,8.000000,-181.410000
1777586594.981662,0,5.000000,0.000000,5.000000,0.000000,0.000000,0.000000,0.000000,0.000000,8.000000,-181.390000
1777586594.996511,0,5.000000,0.000000,5.000000,0.000000,0.000000,0.000000,0.000000,0.000000,8.000000,-181.380000
1777586595.012101,0,5.000000,0.000000,5.000000,0.000000,0.000000,0.000000,0.000000,0.000000,8.000000,-181.380000
1777586595.026935,0,5.000000,0.000000,5.000000,0.000000,0.000000,0.000000,0.000000,0.000000,8.000000,-181.360000
1777586595.042849,0,5.000000,0.000000,5.000000,0.000000,0.000000,0.000000,0.000000,0.000000,8.000000,-181.360000
1777586595.043313,0,5.000000,0.000000,5.000000,0.000000,0.000000,0.000000,0.000000,0.000000,8.000000,-181.350000
1777586595.058301,0,5.000000,0.000000,5.000000,0.000000,0.000000,0.000000,0.000000,0.000000,8.000000,-181.330000
1777586595.058773,0,5.000000,0.000000,5.000000,0.000000,0.000000,0.000000,0.000000,0.000000,8.000000,-181.330000
1777586595.059482,0,5.000000,0.000000,5.000000,0.000000,0.000000,0.000000,0.000000,0.000000,8.000000,-181.320000
1777586595.074611,0,5.000000,0.000000,5.000000,0.000000,0.000000,0.000000,0.000000,0.000000,8.000000,-181.300000
1777586595.089282,0,5.000000,0.000000,5.000000,0.000000,0.000000,0.000000,0.000000,0.000000,8.000000,-181.300000
1777586595.089736,0,5.000000,0.000000,5.000000,0.000000,0.000000,0.000000,0.000000,0.000000,8.000000,-181.280000
1777586595.103776,0,5.000000,0.000000,5.000000,0.000000,0.000000,0.000000,0.000000,0.000000,8.000000,-181.270000
1777586595.119934,0,5.000000,0.000000,5.000000,0.000000,0.000000,0.000000,0.000000,0.000000,8.000000,-181.270000
1777586595.136422,0,5.000000,0.000000,5.000000,0.000000,0.000000,0.000000,0.000000,0.000000,8.000000,-181.250000
1777586595.136853,0,5.000000,0.000000,5.000000,0.000000,0.000000,0.000000,0.000000,0.000000,8.000000,-181.250000
1777586595.153785,0,5.000000,0.000000,5.000000,0.000000,0.000000,0.000000,0.000000,0.000000,8.000000,-181.240000
1777586595.169821,0,5.000000,0.000000,5.000000,0.000000,0.000000,0.000000,0.000000,0.000000,8.000000,-181.220000
1777586595.170311,0,5.000000,0.000000,5.000000,0.000000,0.000000,0.000000,0.000000,0.000000,8.000000,-181.220000
1777586595.170877,0,5.000000,0.000000,5.000000,0.000000,0.000000,0.000000,0.000000,0.000000,8.000000,-181.210000
1777586595.186788,0,5.000000,0.000000,5.000000,0.000000,0.000000,0.000000,0.000000,0.000000,8.000000,-181.190000
1777586595.203126,0,5.000000,0.000000,5.000000,0.000000,0.000000,0.000000,0.000000,0.000000,8.000000,-181.190000
1777586595.219779,0,5.000000,0.000000,5.000000,0.000000,0.000000,0.000000,0.000000,0.000000,8.000000,-181.170000
1777586595.220229,0,5.000000,0.000000,5.000000,0.000000,0.000000,0.000000,0.000000,0.000000,8.000000,-181.160000
1777586595.236487,0,5.000000,0.000000,5.000000,0.000000,0.000000,0.000000,0.000000,0.000000,8.000000,-181.160000
1777586595.236935,0,5.000000,0.000000,5.000000,0.000000,0.000000,0.000000,0.000000,0.000000,8.000000,-181.140000
1777586595.253071,0,5.000000,0.000000,5.000000,0.000000,0.000000,0.000000,0.000000,0.000000,8.000000,-181.130000
1777586595.269768,0,5.000000,0.000000,5.000000,0.000000,0.000000,0.000000,0.000000,0.000000,8.000000,-181.130000
1777586595.270361,0,5.000000,0.000000,5.000000,0.000000,0.000000,0.000000,0.000000,0.000000,8.000000,-181.110000
1777586595.286579,0,5.000000,0.000000,5.000000,0.000000,0.000000,0.000000,0.000000,0.000000,8.000000,-181.110000
1777586595.287112,0,5.000000,0.000000,5.000000,0.000000,0.000000,0.000000,0.000000,0.000000,8.000000,-181.100000
1777586595.303100,0,5.000000,0.000000,5.000000,0.000000,0.000000,0.000000,0.000000,0.000000,8.000000,-181.080000
1777586595.319831,0,5.000000,0.000000,5.000000,0.000000,0.000000,0.000000,0.000000,0.000000,8.000000,-181.080000
1777586595.320287,0,5.000000,0.000000,5.000000,0.000000,0.000000,0.000000,0.000000,0.000000,8.000000,-181.070000
1777586595.336509,0,5.000000,0.000000,5.000000,0.000000,0.000000,0.000000,0.000000,0.000000,8.000000,-181.050000
1777586595.337135,0,5.000000,0.000000,5.000000,0.000000,0.000000,0.000000,0.000000,0.000000,8.000000,-181.050000
1777586595.353305,0,5.000000,0.000000,5.000000,0.000000,0.000000,0.000000,0.000000,0.000000,8.000000,-181.030000
1777586595.353875,0,5.000000,0.000000,5.000000,0.000000,0.000000,0.000000,0.000000,0.000000,8.000000,-181.020000
1777586595.369722,0,5.000000,0.000000,5.000000,0.000000,0.000000,0.000000,0.000000,0.000000,8.000000,-181.020000
1777586595.386535,0,5.000000,0.000000,5.000000,0.000000,0.000000,0.000000,0.000000,0.000000,8.000000,-181.000000
1777586595.387303,0,5.000000,0.000000,5.000000,0.000000,0.000000,0.000000,0.000000,0.000000,8.000000,-181.000000
1777586595.387723,0,5.000000,0.000000,5.000000,0.000000,0.000000,0.000000,0.000000,0.000000,8.000000,-180.990000
1777586595.414837,0,5.000000,0.000000,5.000000,0.000000,0.000000,0.000000,0.000000,0.000000,8.000000,-180.970000
1777586595.415430,0,5.000000,0.000000,5.000000,0.000000,0.000000,0.000000,0.000000,0.000000,8.000000,-180.970000
1777586595.416143,0,5.000000,0.000000,5.000000,0.000000,0.000000,0.000000,0.000000,0.000000,8.000000,-180.960000
1777586595.416555,0,5.000000,0.000000,5.000000,0.000000,0.000000,0.000000,0.000000,0.000000,8.000000,-180.940000
1777586595.443818,0,5.000000,0.000000,5.000000,0.000000,0.000000,0.000000,0.000000,0.000000,8.000000,-180.940000
1777586595.444508,0,5.000000,0.000000,5.000000,0.000000,0.000000,0.000000,0.000000,0.000000,8.000000,-180.920000
1777586595.444901,0,5.000000,0.000000,5.000000,0.000000,0.000000,0.000000,0.000000,0.000000,8.000000,-180.910000
1777586595.473410,0,5.000000,0.000000,5.000000,0.000000,0.000000,0.000000,0.000000,0.000000,8.000000,-180.910000
1777586595.474101,0,5.000000,0.000000,5.000000,0.000000,0.000000,0.000000,0.000000,0.000000,8.000000,-180.890000
1777586595.474504,0,5.000000,0.000000,5.000000,0.000000,0.000000,0.000000,0.000000,0.000000,8.000000,-180.880000
1777586595.502999,0,5.000000,0.000000,5.000000,0.000000,0.000000,0.000000,0.000000,0.000000,8.000000,-180.880000
1777586595.503618,0,5.000000,0.000000,5.000000,0.000000,0.000000,0.000000,0.000000,0.000000,8.000000,-180.860000
1777586595.531551,0,5.000000,0.000000,5.000000,0.000000,0.000000,0.000000,0.000000,0.000000,8.000000,-180.860000
1777586595.532020,0,5.000000,0.000000,5.000000,0.000000,0.000000,0.000000,0.000000,0.000000,8.000000,-180.850000
1777586595.532602,0,5.000000,0.000000,5.000000,0.000000,0.000000,0.000000,0.000000,0.000000,8.000000,-180.830000
1777586595.559642,0,5.000000,0.000000,5.000000,0.000000,0.000000,0.000000,0.000000,0.000000,8.000000,-180.830000
1777586595.560121,0,5.000000,0.000000,5.000000,0.000000,0.000000,0.000000,0.000000,0.000000,8.000000,-180.820000
1777586595.560669,0,5.000000,0.000000,5.000000,0.000000,0.000000,0.000000,0.000000,0.000000,8.000000,-180.800000
1777586595.576117,0,5.000000,0.000000,5.000000,0.000000,0.000000,0.000000,0.000000,0.000000,8.000000,-180.800000
1777586595.591486,0,5.000000,0.000000,5.000000,0.000000,0.000000,0.000000,0.000000,0.000000,8.000000,-180.780000
1777586595.608336,0,5.000000,0.000000,5.000000,0.000000,0.000000,0.000000,0.000000,0.000000,8.000000,-180.770000
1777586595.623925,0,5.000000,0.000000,5.000000,0.000000,0.000000,0.000000,0.000000,0.000000,8.000000,-180.770000
1777586595.624407,0,5.000000,0.000000,5.000000,0.000000,0.000000,0.000000,0.000000,0.000000,8.000000,-180.750000
1777586595.640038,0,5.000000,0.000000,5.000000,0.000000,0.000000,0.000000,0.000000,0.000000,8.000000,-180.750000
1777586595.640634,0,5.000000,0.000000,5.000000,0.000000,0.000000,0.000000,0.000000,0.000000,8.000000,-180.740000
1777586595.656105,0,5.000000,0.000000,5.000000,0.000000,0.000000,0.000000,0.000000,0.000000,8.000000,-180.720000
1777586595.672080,0,5.000000,0.000000,5.000000,0.000000,0.000000,0.000000,0.000000,0.000000,8.000000,-180.720000
1777586595.672548,0,5.000000,0.000000,5.000000,0.000000,0.000000,0.000000,0.000000,0.000000,8.000000,-180.710000
1777586595.688607,0,5.000000,0.000000,5.000000,0.000000,0.000000,0.000000,0.000000,0.000000,8.000000,-180.690000
1777586595.705972,0,5.000000,0.000000,5.000000,0.000000,0.000000,0.000000,0.000000,0.000000,8.000000,-180.690000
1777586595.706549,0,5.000000,0.000000,5.000000,0.000000,0.000000,0.000000,0.000000,0.000000,8.000000,-180.670000
1777586595.723085,0,5.000000,0.000000,5.000000,0.000000,0.000000,0.000000,0.000000,0.000000,8.000000,-180.660000
1777586595.723552,0,5.000000,0.000000,5.000000,0.000000,0.000000,0.000000,0.000000,0.000000,8.000000,-180.660000
1777586595.739678,0,5.000000,0.000000,5.000000,0.000000,0.000000,0.000000,0.000000,0.000000,8.000000,-180.640000
1777586595.740227,0,5.000000,0.000000,5.000000,0.000000,0.000000,0.000000,0.000000,0.000000,8.000000,-180.630000
1777586595.757818,0,5.000000,0.000000,5.000000,0.000000,0.000000,0.000000,0.000000,0.000000,8.000000,-180.630000
1777586595.758449,0,5.000000,0.000000,5.000000,0.000000,0.000000,0.000000,0.000000,0.000000,8.000000,-180.610000
1777586595.774057,0,5.000000,0.000000,5.000000,0.000000,0.000000,0.000000,0.000000,0.000000,8.000000,-180.610000
1777586595.790856,0,5.000000,0.000000,5.000000,0.000000,0.000000,0.000000,0.000000,0.000000,8.000000,-180.600000
1777586595.791328,0,5.000000,0.000000,5.000000,0.000000,0.000000,0.000000,0.000000,0.000000,8.000000,-180.580000
1777586595.806033,0,5.000000,0.000000,5.000000,0.000000,0.000000,0.000000,0.000000,0.000000,8.000000,-180.580000
1777586595.806506,0,5.000000,0.000000,5.000000,0.000000,0.000000,0.000000,0.000000,0.000000,8.000000,-180.570000
1777586595.837547,0,5.000000,0.000000,5.000000,0.000000,0.000000,0.000000,0.000000,0.000000,8.000000,-180.550000
1777586595.838119,0,5.000000,0.000000,5.000000,0.000000,0.000000,0.000000,0.000000,0.000000,8.000000,-180.550000
1777586595.838596,0,5.000000,0.000000,5.000000,0.000000,0.000000,0.000000,0.000000,0.000000,8.000000,-180.530000
1777586595.839115,0,5.000000,0.000000,5.000000,0.000000,0.000000,0.000000,0.000000,0.000000,8.000000,-180.520000
1777586595.854591,0,5.000000,0.000000,5.000000,0.000000,0.000000,0.000000,0.000000,0.000000,8.000000,-180.520000
1777586595.870340,0,5.000000,0.000000,5.000000,0.000000,0.000000,0.000000,0.000000,0.000000,8.000000,-180.520000
1777586595.887694,0,5.000000,0.000000,5.000000,0.000000,0.000000,0.000000,0.000000,0.000000,8.000000,-180.500000
1777586595.888233,0,5.000000,0.000000,5.000000,0.000000,0.000000,0.000000,0.000000,0.000000,8.000000,-180.500000
1777586595.904792,0,5.000000,0.000000,5.000000,0.000000,0.000000,0.000000,0.000000,0.000000,8.000000,-180.470000
1777586595.920930,0,5.000000,0.000000,5.000000,0.000000,0.000000,0.000000,0.000000,0.000000,8.000000,-180.470000
1777586595.921402,0,5.000000,0.000000,5.000000,0.000000,0.000000,0.000000,0.000000,0.000000,8.000000,-180.470000
1777586595.936660,0,5.000000,0.000000,5.000000,0.000000,0.000000,0.000000,0.000000,0.000000,8.000000,-180.460000
1777586595.937272,0,5.000000,0.000000,5.000000,0.000000,0.000000,0.000000,0.000000,0.000000,8.000000,-180.440000
1777586595.953936,0,5.000000,0.000000,5.000000,0.000000,0.000000,0.000000,0.000000,0.000000,8.000000,-180.440000
1777586595.969951,0,5.000000,0.000000,5.000000,0.000000,0.000000,0.000000,0.000000,0.000000,8.000000,-180.420000
1777586595.970426,0,5.000000,0.000000,5.000000,0.000000,0.000000,0.000000,0.000000,0.000000,8.000000,-180.410000
1777586595.987274,0,5.000000,0.000000,5.000000,0.000000,0.000000,0.000000,0.000000,0.000000,8.000000,-180.410000
1777586596.004225,0,5.000000,0.000000,5.000000,0.000000,0.000000,0.000000,0.000000,0.000000,8.000000,-180.390000
1777586596.004870,0,5.000000,0.000000,5.000000,0.000000,0.000000,0.000000,0.000000,0.000000,8.000000,-180.380000
1777586596.006129,0,5.000000,0.000000,5.000000,0.000000,0.000000,0.000000,0.000000,0.000000,8.000000,-180.380000
1777586596.022349,0,5.000000,0.000000,5.000000,0.000000,0.000000,0.000000,0.000000,0.000000,8.000000,-180.360000
1777586596.022821,0,5.000000,0.000000,5.000000,0.000000,0.000000,0.000000,0.000000,0.000000,8.000000,-180.360000
1777586596.053349,0,5.000000,0.000000,5.000000,0.000000,0.000000,0.000000,0.000000,0.000000,8.000000,-180.350000
1777586596.053949,0,5.000000,0.000000,5.000000,0.000000,0.000000,0.000000,0.000000,0.000000,8.000000,-180.330000
1777586596.055036,0,5.000000,0.000000,5.000000,0.000000,0.000000,0.000000,0.000000,0.000000,8.000000,-180.330000
1777586596.055454,0,5.000000,0.000000,5.000000,0.000000,0.000000,0.000000,0.000000,0.000000,8.000000,-180.320000
1777586596.071490,0,5.000000,0.000000,5.000000,0.000000,0.000000,0.000000,0.000000,0.000000,8.000000,-180.300000
1777586596.087600,0,5.000000,0.000000,5.000000,0.000000,0.000000,0.000000,0.000000,0.000000,8.000000,-180.300000
1777586596.103601,0,5.000000,0.000000,5.000000,0.000000,0.000000,0.000000,0.000000,0.000000,8.000000,-180.280000
1777586596.104086,0,5.000000,0.000000,5.000000,0.000000,0.000000,0.000000,0.000000,0.000000,8.000000,-180.270000
1777586596.120987,0,5.000000,0.000000,5.000000,0.000000,0.000000,0.000000,0.000000,0.000000,8.000000,-180.270000
1777586596.137588,0,5.000000,0.000000,5.000000,0.000000,0.000000,0.000000,0.000000,0.000000,8.000000,-180.250000
1777586596.138058,0,5.000000,0.000000,5.000000,0.000000,0.000000,0.000000,0.000000,0.000000,8.000000,-180.250000
1777586596.155988,0,5.000000,0.000000,5.000000,0.000000,0.000000,0.000000,0.000000,0.000000,8.000000,-180.240000
1777586596.156553,0,5.000000,0.000000,5.000000,0.000000,0.000000,0.000000,0.000000,0.000000,8.000000,-180.220000
1777586596.173167,0,5.000000,0.000000,5.000000,0.000000,0.000000,0.000000,0.000000,0.000000,8.000000,-180.220000
1777586596.173684,0,5.000000,0.000000,5.000000,0.000000,0.000000,0.000000,0.000000,0.000000,8.000000,-180.210000
1777586596.191424,0,5.000000,0.000000,5.000000,0.000000,0.000000,0.000000,0.000000,0.000000,8.000000,-180.190000
1777586596.209458,0,5.000000,0.000000,5.000000,0.000000,0.000000,0.000000,0.000000,0.000000,8.000000,-180.190000
1777586596.209935,0,5.000000,0.000000,5.000000,0.000000,0.000000,0.000000,0.000000,0.000000,8.000000,-180.170000
1777586596.228563,0,5.000000,0.000000,5.000000,0.000000,0.000000,0.000000,0.000000,0.000000,8.000000,-180.160000
1777586596.229135,0,5.000000,0.000000,5.000000,0.000000,0.000000,0.000000,0.000000,0.000000,8.000000,-180.160000
1777586596.245499,0,5.000000,0.000000,5.000000,0.000000,0.000000,0.000000,0.000000,0.000000,8.000000,-180.140000
1777586596.246099,0,5.000000,0.000000,5.000000,0.000000,0.000000,0.000000,0.000000,0.000000,8.000000,-180.130000
1777586596.261515,0,5.000000,0.000000,5.000000,0.000000,0.000000,0.000000,0.000000,0.000000,8.000000,-180.130000
1777586596.262015,0,5.000000,0.000000,5.000000,0.000000,0.000000,0.000000,0.000000,0.000000,8.000000,-180.110000
1777586596.278871,0,5.000000,0.000000,5.000000,0.000000,0.000000,0.000000,0.000000,0.000000,8.000000,-180.110000
1777586596.296463,0,5.000000,0.000000,5.000000,0.000000,0.000000,0.000000,0.000000,0.000000,8.000000,-180.100000
1777586596.315338,0,5.000000,0.000000,5.000000,0.000000,0.000000,0.000000,0.000000,0.000000,8.000000,-180.080000
1777586596.315792,0,5.000000,0.000000,5.000000,0.000000,0.000000,0.000000,0.000000,0.000000,8.000000,-180.080000
1777586596.316144,0,5.000000,0.000000,5.000000,0.000000,0.000000,0.000000,0.000000,0.000000,8.000000,-180.070000
1777586596.333854,0,5.000000,0.000000,5.000000,0.000000,0.000000,0.000000,0.000000,0.000000,8.000000,-180.050000
1777586596.352442,0,5.000000,0.000000,5.000000,0.000000,0.000000,0.000000,0.000000,0.000000,8.000000,-180.050000
1777586596.352887,0,5.000000,0.000000,5.000000,0.000000,0.000000,0.000000,0.000000,0.000000,8.000000,-180.030000
1777586596.353444,0,5.000000,0.000000,5.000000,0.000000,0.000000,0.000000,0.000000,0.000000,8.000000,-180.020000
1777586596.371562,0,5.000000,0.000000,5.000000,0.000000,0.000000,0.000000,0.000000,0.000000,8.000000,-180.020000
1777586596.388822,0,5.000000,0.000000,5.000000,0.000000,0.000000,0.000000,0.000000,0.000000,8.000000,-180.000000
1777586596.389258,0,5.000000,0.000000,5.000000,0.000000,0.000000,0.000000,0.000000,0.000000,8.000000,-180.000000
1777586596.406221,0,5.000000,0.000000,5.000000,0.000000,0.000000,0.000000,0.000000,0.000000,8.000000,-179.990000
1777586596.422920,0,5.000000,0.000000,5.000000,0.000000,0.000000,0.000000,0.000000,0.000000,8.000000,-179.970000
1777586596.423391,0,5.000000,0.000000,5.000000,0.000000,0.000000,0.000000,0.000000,0.000000,8.000000,-179.970000
1777586596.439529,0,5.000000,0.000000,5.000000,0.000000,0.000000,0.000000,0.000000,0.000000,8.000000,-179.960000
1777586596.440186,0,5.000000,0.000000,5.000000,0.000000,0.000000,0.000000,0.000000,0.000000,8.000000,-179.940000
1777586596.440718,0,5.000000,0.000000,5.000000,0.000000,0.000000,0.000000,0.000000,0.000000,8.000000,-179.940000
1777586596.457512,0,5.000000,0.000000,5.000000,0.000000,0.000000,0.000000,0.000000,0.000000,8.000000,-179.920000
1777586596.473987,0,5.000000,0.000000,5.000000,0.000000,0.000000,0.000000,0.000000,0.000000,8.000000,-179.910000
1777586596.474487,0,5.000000,0.000000,5.000000,0.000000,0.000000,0.000000,0.000000,0.000000,8.000000,-179.910000
1777586596.490882,0,5.000000,0.000000,5.000000,0.000000,0.000000,0.000000,0.000000,0.000000,8.000000,-179.890000
1777586596.508410,0,5.000000,0.000000,5.000000,0.000000,0.000000,0.000000,0.000000,0.000000,8.000000,-179.880000
1777586596.508875,0,5.000000,0.000000,5.000000,0.000000,0.000000,0.000000,0.000000,0.000000,8.000000,-179.880000
1777586596.525866,0,5.000000,0.000000,5.000000,0.000000,0.000000,0.000000,0.000000,0.000000,8.000000,-179.860000
1777586596.526340,0,5.000000,0.000000,5.000000,0.000000,0.000000,0.000000,0.000000,0.000000,8.000000,-179.860000
1777586596.543397,0,5.000000,0.000000,5.000000,0.000000,0.000000,0.000000,0.000000,0.000000,8.000000,-179.850000
1777586596.543869,0,5.000000,0.000000,5.000000,0.000000,0.000000,0.000000,0.000000,0.000000,8.000000,-179.830000
1777586596.560405,0,5.000000,0.000000,5.000000,0.000000,0.000000,0.000000,0.000000,0.000000,8.000000,-179.830000
1777586596.578166,0,5.000000,0.000000,5.000000,0.000000,0.000000,0.000000,0.000000,0.000000,8.000000,-179.820000
1777586596.578632,0,5.000000,0.000000,5.000000,0.000000,0.000000,0.000000,0.000000,0.000000,8.000000,-179.800000
1777586596.595463,0,5.000000,0.000000,5.000000,0.000000,0.000000,0.000000,0.000000,0.000000,8.000000,-179.800000
1777586596.596194,0,5.000000,0.000000,5.000000,0.000000,0.000000,0.000000,0.000000,0.000000,8.000000,-179.780000
1777586596.613518,0,5.000000,0.000000,5.000000,0.000000,0.000000,0.000000,0.000000,0.000000,8.000000,-179.770000
1777586596.614042,0,5.000000,0.000000,5.000000,0.000000,0.000000,0.000000,0.000000,0.000000,8.000000,-179.770000
1777586596.630014,0,5.000000,0.000000,5.000000,0.000000,0.000000,0.000000,0.000000,0.000000,8.000000,-179.750000
1777586596.646796,0,5.000000,0.000000,5.000000,0.000000,0.000000,0.000000,0.000000,0.000000,8.000000,-179.750000
1777586596.667247,0,5.000000,0.000000,5.000000,0.000000,0.000000,0.000000,0.000000,0.000000,8.000000,-179.740000
1777586596.667806,0,5.000000,0.000000,5.000000,0.000000,0.000000,0.000000,0.000000,0.000000,8.000000,-179.720000
1777586596.688114,0,5.000000,0.000000,5.000000,0.000000,0.000000,0.000000,0.000000,0.000000,8.000000,-179.720000
1777586596.688580,0,5.000000,0.000000,5.000000,0.000000,0.000000,0.000000,0.000000,0.000000,8.000000,-179.710000
1777586596.705353,0,5.000000,0.000000,5.000000,0.000000,0.000000,0.000000,0.000000,0.000000,8.000000,-179.690000
1777586596.705809,0,5.000000,0.000000,5.000000,0.000000,0.000000,0.000000,0.000000,0.000000,8.000000,-179.690000
1777586596.706160,0,5.000000,0.000000,5.000000,0.000000,0.000000,0.000000,0.000000,0.000000,8.000000,-179.670000
1777586596.725621,0,5.000000,0.000000,5.000000,0.000000,0.000000,0.000000,0.000000,0.000000,8.000000,-179.660000
1777586596.744159,0,5.000000,0.000000,5.000000,0.000000,0.000000,0.000000,0.000000,0.000000,8.000000,-179.660000
1777586596.744609,0,5.000000,0.000000,5.000000,0.000000,0.000000,0.000000,0.000000,0.000000,8.000000,-179.640000
1777586596.761158,0,5.000000,0.000000,5.000000,0.000000,0.000000,0.000000,0.000000,0.000000,8.000000,-179.630000
1777586596.761865,0,5.000000,0.000000,5.000000,0.000000,0.000000,0.000000,0.000000,0.000000,8.000000,-179.630000
1777586596.778230,0,5.000000,0.000000,5.000000,0.000000,0.000000,0.000000,0.000000,0.000000,8.000000,-179.610000
1777586596.778801,0,5.000000,0.000000,5.000000,0.000000,0.000000,0.000000,0.000000,0.000000,8.000000,-179.610000
1777586596.795320,0,5.000000,0.000000,5.000000,0.000000,0.000000,0.000000,0.000000,0.000000,8.000000,-179.600000
1777586596.811962,0,5.000000,0.000000,5.000000,0.000000,0.000000,0.000000,0.000000,0.000000,8.000000,-179.580000
1777586596.812435,0,5.000000,0.000000,5.000000,0.000000,0.000000,0.000000,0.000000,0.000000,8.000000,-179.580000
1777586596.829213,0,5.000000,0.000000,5.000000,0.000000,0.000000,0.000000,0.000000,0.000000,8.000000,-179.570000
1777586596.829848,0,5.000000,0.000000,5.000000,0.000000,0.000000,0.000000,0.000000,0.000000,8.000000,-179.550000
1777586596.845914,0,5.000000,0.000000,5.000000,0.000000,0.000000,0.000000,0.000000,0.000000,8.000000,-179.550000
1777586596.862047,0,5.000000,0.000000,5.000000,0.000000,0.000000,0.000000,0.000000,0.000000,8.000000,-179.530000
1777586596.862519,0,5.000000,0.000000,5.000000,0.000000,0.000000,0.000000,0.000000,0.000000,8.000000,-179.520000
1777586596.879383,0,5.000000,0.000000,5.000000,0.000000,0.000000,0.000000,0.000000,0.000000,8.000000,-179.500000
1777586596.879851,0,5.000000,0.000000,5.000000,0.000000,0.000000,0.000000,0.000000,0.000000,8.000000,-179.500000
1777586596.896813,0,5.000000,0.000000,5.000000,0.000000,0.000000,0.000000,0.000000,0.000000,8.000000,-179.490000
1777586596.912870,0,5.000000,0.000000,5.000000,0.000000,0.000000,0.000000,0.000000,0.000000,8.000000,-179.470000
1777586596.913343,0,5.000000,0.000000,5.000000,0.000000,0.000000,0.000000,0.000000,0.000000,8.000000,-179.470000
1777586596.942635,0,5.000000,0.000000,5.000000,0.000000,0.000000,0.000000,0.000000,0.000000,8.000000,-179.460000
1777586596.943118,0,5.000000,0.000000,5.000000,0.000000,0.000000,0.000000,0.000000,0.000000,8.000000,-179.440000
1777586596.943499,0,5.000000,0.000000,5.000000,0.000000,0.000000,0.000000,0.000000,0.000000,8.000000,-179.440000
1777586596.944214,0,5.000000,0.000000,5.000000,0.000000,0.000000,0.000000,0.000000,0.000000,8.000000,-179.420000
1777586596.944600,0,5.000000,0.000000,5.000000,0.000000,0.000000,0.000000,0.000000,0.000000,8.000000,-179.410000
1777586596.973738,0,5.000000,0.000000,5.000000,0.000000,0.000000,0.000000,0.000000,0.000000,8.000000,-179.410000
1777586596.974598,0,5.000000,0.000000,5.000000,0.000000,0.000000,0.000000,0.000000,0.000000,8.000000,-179.390000
1777586596.974974,0,5.000000,0.000000,5.000000,0.000000,0.000000,0.000000,0.000000,0.000000,8.000000,-179.380000
1777586597.002955,0,5.000000,0.000000,5.000000,0.000000,0.000000,0.000000,0.000000,0.000000,8.000000,-179.380000
1777586597.003685,0,5.000000,0.000000,5.000000,0.000000,0.000000,0.000000,0.000000,0.000000,8.000000,-179.360000
1777586597.004053,0,5.000000,0.000000,5.000000,0.000000,0.000000,0.000000,0.000000,0.000000,8.000000,-179.360000
1777586597.032657,0,5.000000,0.000000,5.000000,0.000000,0.000000,0.000000,0.000000,0.000000,8.000000,-179.350000
1777586597.033470,0,5.000000,0.000000,5.000000,0.000000,0.000000,0.000000,0.000000,0.000000,8.000000,-179.330000
1777586597.060251,0,5.000000,0.000000,5.000000,0.000000,0.000000,0.000000,0.000000,0.000000,8.000000,-179.330000
1777586597.060724,0,5.000000,0.000000,5.000000,0.000000,0.000000,0.000000,0.000000,0.000000,8.000000,-179.320000
1777586597.061267,0,5.000000,0.000000,5.000000,0.000000,0.000000,0.000000,0.000000,0.000000,8.000000,-179.300000
1777586597.090491,0,5.000000,0.000000,5.000000,0.000000,0.000000,0.000000,0.000000,0.000000,8.000000,-179.300000
1777586597.090997,0,5.000000,0.000000,5.000000,0.000000,0.000000,0.000000,0.000000,0.000000,8.000000,-179.280000
1777586597.106799,0,5.000000,0.000000,5.000000,0.000000,0.000000,0.000000,0.000000,0.000000,8.000000,-179.270000
1777586597.123580,0,5.000000,0.000000,5.000000,0.000000,0.000000,0.000000,0.000000,0.000000,8.000000,-179.270000
1777586597.141623,0,5.000000,0.000000,5.000000,0.000000,0.000000,0.000000,0.000000,0.000000,8.000000,-179.250000
1777586597.142102,0,5.000000,0.000000,5.000000,0.000000,0.000000,0.000000,0.000000,0.000000,8.000000,-179.250000
1777586597.142521,0,5.000000,0.000000,5.000000,0.000000,0.000000,0.000000,0.000000,0.000000,8.000000,-179.240000
1777586597.158664,0,5.000000,0.000000,5.000000,0.000000,0.000000,0.000000,0.000000,0.000000,8.000000,-179.220000
1777586597.159536,0,5.000000,0.000000,5.000000,0.000000,0.000000,0.000000,0.000000,0.000000,8.000000,-179.220000
1777586597.176313,0,5.000000,0.000000,5.000000,0.000000,0.000000,0.000000,0.000000,0.000000,8.000000,-179.210000
1777586597.193297,0,5.000000,0.000000,5.000000,0.000000,0.000000,0.000000,0.000000,0.000000,8.000000,-179.190000
1777586597.193770,0,5.000000,0.000000,5.000000,0.000000,0.000000,0.000000,0.000000,0.000000,8.000000,-179.190000
1777586597.212866,0,5.000000,0.000000,5.000000,0.000000,0.000000,0.000000,0.000000,0.000000,8.000000,-179.170000
1777586597.213337,0,5.000000,0.000000,5.000000,0.000000,0.000000,0.000000,0.000000,0.000000,8.000000,-179.160000
1777586597.229839,0,5.000000,0.000000,5.000000,0.000000,0.000000,0.000000,0.000000,0.000000,8.000000,-179.160000
1777586597.247410,0,5.000000,0.000000,5.000000,0.000000,0.000000,0.000000,0.000000,0.000000,8.000000,-179.140000
1777586597.247887,0,5.000000,0.000000,5.000000,0.000000,0.000000,0.000000,0.000000,0.000000,8.000000,-179.130000
1777586597.264127,0,5.000000,0.000000,5.000000,0.000000,0.000000,0.000000,0.000000,0.000000,8.000000,-179.130000
1777586597.264593,0,5.000000,0.000000,5.000000,0.000000,0.000000,0.000000,0.000000,0.000000,8.000000,-179.110000
1777586597.281751,0,5.000000,0.000000,5.000000,0.000000,0.000000,0.000000,0.000000,0.000000,8.000000,-179.110000
1777586597.297903,0,5.000000,0.000000,5.000000,0.000000,0.000000,0.000000,0.000000,0.000000,8.000000,-179.100000
1777586597.298367,0,5.000000,0.000000,5.000000,0.000000,0.000000,0.000000,0.000000,0.000000,8.000000,-179.080000
1777586597.298764,0,5.000000,0.000000,5.000000,0.000000,0.000000,0.000000,0.000000,0.000000,8.000000,-179.080000
1777586597.326550,0,5.000000,0.000000,5.000000,0.000000,0.000000,0.000000,0.000000,0.000000,8.000000,-179.070000
1777586597.327030,0,5.000000,0.000000,5.000000,0.000000,0.000000,0.000000,0.000000,0.000000,8.000000,-179.050000
1777586597.327603,0,5.000000,0.000000,5.000000,0.000000,0.000000,0.000000,0.000000,0.000000,8.000000,-179.050000
1777586597.327972,0,5.000000,0.000000,5.000000,0.000000,0.000000,0.000000,0.000000,0.000000,8.000000,-179.030000
1777586597.355260,0,5.000000,0.000000,5.000000,0.000000,0.000000,0.000000,0.000000,0.000000,8.000000,-179.020000
1777586597.355962,0,5.000000,0.000000,5.000000,0.000000,0.000000,0.000000,0.000000,0.000000,8.000000,-179.020000
1777586597.356349,0,5.000000,0.000000,5.000000,0.000000,0.000000,0.000000,0.000000,0.000000,8.000000,-179.000000
1777586597.382941,0,5.000000,0.000000,5.000000,0.000000,0.000000,0.000000,0.000000,0.000000,8.000000,-179.000000
1777586597.383610,0,5.000000,0.000000,5.000000,0.000000,0.000000,0.000000,0.000000,0.000000,8.000000,-178.990000
1777586597.398856,0,5.000000,0.000000,5.000000,0.000000,0.000000,0.000000,0.000000,0.000000,8.000000,-178.970000
1777586597.415881,0,5.000000,0.000000,5.000000,0.000000,0.000000,0.000000,0.000000,0.000000,8.000000,-178.970000
1777586597.433050,0,5.000000,0.000000,5.000000,0.000000,0.000000,0.000000,0.000000,0.000000,8.000000,-178.960000
1777586597.449676,0,5.000000,0.000000,5.000000,0.000000,0.000000,0.000000,0.000000,0.000000,8.000000,-178.940000
1777586597.467032,0,5.000000,0.000000,5.000000,0.000000,0.000000,0.000000,0.000000,0.000000,8.000000,-178.940000
1777586597.467510,0,5.000000,0.000000,5.000000,0.000000,0.000000,0.000000,0.000000,0.000000,8.000000,-178.920000
1777586597.467877,0,5.000000,0.000000,5.000000,0.000000,0.000000,0.000000,0.000000,0.000000,8.000000,-178.910000
1777586597.485035,0,5.000000,0.000000,5.000000,0.000000,0.000000,0.000000,0.000000,0.000000,8.000000,-178.910000
1777586597.485486,0,5.000000,0.000000,5.000000,0.000000,0.000000,0.000000,0.000000,0.000000,8.000000,-178.890000
1777586597.502298,0,5.000000,0.000000,5.000000,0.000000,0.000000,0.000000,0.000000,0.000000,8.000000,-178.880000
1777586597.519587,0,5.000000,0.000000,5.000000,0.000000,0.000000,0.000000,0.000000,0.000000,8.000000,-178.880000
1777586597.520032,0,5.000000,0.000000,5.000000,0.000000,0.000000,0.000000,0.000000,0.000000,8.000000,-178.860000
1777586597.538201,0,5.000000,0.000000,5.000000,0.000000,0.000000,0.000000,0.000000,0.000000,8.000000,-178.860000
1777586597.538723,0,5.000000,0.000000,5.000000,0.000000,0.000000,0.000000,0.000000,0.000000,8.000000,-178.850000
1777586597.556397,0,5.000000,0.000000,5.000000,0.000000,0.000000,0.000000,0.000000,0.000000,8.000000,-178.830000
1777586597.556857,0,5.000000,0.000000,5.000000,0.000000,0.000000,0.000000,0.000000,0.000000,8.000000,-178.830000
1777586597.574435,0,5.000000,0.000000,5.000000,0.000000,0.000000,0.000000,0.000000,0.000000,8.000000,-178.820000
1777586597.574895,0,5.000000,0.000000,5.000000,0.000000,0.000000,0.000000,0.000000,0.000000,8.000000,-178.800000
1777586597.592472,0,5.000000,0.000000,5.000000,0.000000,0.000000,0.000000,0.000000,0.000000,8.000000,-178.800000
1777586597.610926,0,5.000000,0.000000,5.000000,0.000000,0.000000,0.000000,0.000000,0.000000,8.000000,-178.780000
1777586597.611388,0,5.000000,0.000000,5.000000,0.000000,0.000000,0.000000,0.000000,0.000000,8.000000,-178.770000
1777586597.611987,0,5.000000,0.000000,5.000000,0.000000,0.000000,0.000000,0.000000,0.000000,8.000000,-178.770000
1777586597.628988,0,5.000000,0.000000,5.000000,0.000000,0.000000,0.000000,0.000000,0.000000,8.000000,-178.750000
1777586597.662068,0,5.000000,0.000000,5.000000,0.000000,0.000000,0.000000,0.000000,0.000000,8.000000,-178.750000
1777586597.662530,0,5.000000,0.000000,5.000000,0.000000,0.000000,0.000000,0.000000,0.000000,8.000000,-178.740000
1777586597.662870,0,5.000000,0.000000,5.000000,0.000000,0.000000,0.000000,0.000000,0.000000,8.000000,-178.720000
1777586597.663257,0,5.000000,0.000000,5.000000,0.000000,0.000000,0.000000,0.000000,0.000000,8.000000,-178.720000
1777586597.663592,0,5.000000,0.000000,5.000000,0.000000,0.000000,0.000000,0.000000,0.000000,8.000000,-178.710000
1777586597.663914,0,5.000000,0.000000,5.000000,0.000000,0.000000,0.000000,0.000000,0.000000,8.000000,-178.690000
1777586597.693705,0,5.000000,0.000000,5.000000,0.000000,0.000000,0.000000,0.000000,0.000000,8.000000,-178.690000
1777586597.694320,0,5.000000,0.000000,5.000000,0.000000,0.000000,0.000000,0.000000,0.000000,8.000000,-178.670000
1777586597.694680,0,5.000000,0.000000,5.000000,0.000000,0.000000,0.000000,0.000000,0.000000,8.000000,-178.660000
1777586597.727381,0,5.000000,0.000000,5.000000,0.000000,0.000000,0.000000,0.000000,0.000000,8.000000,-178.660000
1777586597.728167,0,5.000000,0.000000,5.000000,0.000000,0.000000,0.000000,0.000000,0.000000,8.000000,-178.640000
1777586597.746071,0,5.000000,0.000000,5.000000,0.000000,0.000000,0.000000,0.000000,0.000000,8.000000,-178.630000
1777586597.763173,0,5.000000,0.000000,5.000000,0.000000,0.000000,0.000000,0.000000,0.000000,8.000000,-178.630000
1777586597.763618,0,5.000000,0.000000,5.000000,0.000000,0.000000,0.000000,0.000000,0.000000,8.000000,-178.610000
1777586597.780748,0,5.000000,0.000000,5.000000,0.000000,0.000000,0.000000,0.000000,0.000000,8.000000,-178.610000
1777586597.781221,0,5.000000,0.000000,5.000000,0.000000,0.000000,0.000000,0.000000,0.000000,8.000000,-178.600000
1777586597.799411,0,5.000000,0.000000,5.000000,0.000000,0.000000,0.000000,0.000000,0.000000,8.000000,-178.580000
1777586597.800307,0,5.000000,0.000000,5.000000,0.000000,0.000000,0.000000,0.000000,0.000000,8.000000,-178.580000
1777586597.831119,0,5.000000,0.000000,5.000000,0.000000,0.000000,0.000000,0.000000,0.000000,8.000000,-178.570000
1777586597.831566,0,5.000000,0.000000,5.000000,0.000000,0.000000,0.000000,0.000000,0.000000,8.000000,-178.550000
1777586597.831941,0,5.000000,0.000000,5.000000,0.000000,0.000000,0.000000,0.000000,0.000000,8.000000,-178.550000
1777586597.832433,0,5.000000,0.000000,5.000000,0.000000,0.000000,0.000000,0.000000,0.000000,8.000000,-178.530000
1777586597.862413,0,5.000000,0.000000,5.000000,0.000000,0.000000,0.000000,0.000000,0.000000,8.000000,-178.520000
1777586597.863037,0,5.000000,0.000000,5.000000,0.000000,0.000000,0.000000,0.000000,0.000000,8.000000,-178.520000
1777586597.863434,0,5.000000,0.000000,5.000000,0.000000,0.000000,0.000000,0.000000,0.000000,8.000000,-178.500000
1777586597.881238,0,5.000000,0.000000,5.000000,0.000000,0.000000,0.000000,0.000000,0.000000,8.000000,-178.500000
1777586597.897954,0,5.000000,0.000000,5.000000,0.000000,0.000000,0.000000,0.000000,0.000000,8.000000,-178.490000
1777586597.898433,0,5.000000,0.000000,5.000000,0.000000,0.000000,0.000000,0.000000,0.000000,8.000000,-178.470000
1777586597.915820,0,5.000000,0.000000,5.000000,0.000000,0.000000,0.000000,0.000000,0.000000,8.000000,-178.470000
1777586597.934202,0,5.000000,0.000000,5.000000,0.000000,0.000000,0.000000,0.000000,0.000000,8.000000,-178.460000
1777586597.934683,0,5.000000,0.000000,5.000000,0.000000,0.000000,0.000000,0.000000,0.000000,8.000000,-178.440000
1777586597.952176,0,5.000000,0.000000,5.000000,0.000000,0.000000,0.000000,0.000000,0.000000,8.000000,-178.440000
1777586597.971385,0,5.000000,0.000000,5.000000,0.000000,0.000000,0.000000,0.000000,0.000000,8.000000,-178.420000
1777586597.971884,0,5.000000,0.000000,5.000000,0.000000,0.000000,0.000000,0.000000,0.000000,8.000000,-178.410000
1777586597.990588,0,5.000000,0.000000,5.000000,0.000000,0.000000,0.000000,0.000000,0.000000,8.000000,-178.410000
1777586597.991045,0,5.000000,0.000000,5.000000,0.000000,0.000000,0.000000,0.000000,0.000000,8.000000,-178.390000
1777586598.008653,0,5.000000,0.000000,5.000000,0.000000,0.000000,0.000000,0.000000,0.000000,8.000000,-178.380000
1777586598.009123,0,5.000000,0.000000,5.000000,0.000000,0.000000,0.000000,0.000000,0.000000,8.000000,-178.380000
1777586598.009717,0,5.000000,0.000000,5.000000,0.000000,0.000000,0.000000,0.000000,0.000000,8.000000,-178.360000
1777586598.025484,0,5.000000,0.000000,5.000000,0.000000,0.000000,0.000000,0.000000,0.000000,8.000000,-178.360000
1777586598.041781,0,5.000000,0.000000,5.000000,0.000000,0.000000,0.000000,0.000000,0.000000,8.000000,-178.350000
1777586598.057513,0,5.000000,0.000000,5.000000,0.000000,0.000000,0.000000,0.000000,0.000000,8.000000,-178.330000
1777586598.057986,0,5.000000,0.000000,5.000000,0.000000,0.000000,0.000000,0.000000,0.000000,8.000000,-178.330000
1777586598.074081,0,5.000000,0.000000,5.000000,0.000000,0.000000,0.000000,0.000000,0.000000,8.000000,-178.320000
1777586598.074757,0,5.000000,0.000000,5.000000,0.000000,0.000000,0.000000,0.000000,0.000000,8.000000,-178.300000
1777586598.090647,0,5.000000,0.000000,5.000000,0.000000,0.000000,0.000000,0.000000,0.000000,8.000000,-178.300000
1777586598.106866,0,5.000000,0.000000,5.000000,0.000000,0.000000,0.000000,0.000000,0.000000,8.000000,-178.280000
1777586598.107347,0,5.000000,0.000000,5.000000,0.000000,0.000000,0.000000,0.000000,0.000000,8.000000,-178.270000
1777586598.107712,0,5.000000,0.000000,5.000000,0.000000,0.000000,0.000000,0.000000,0.000000,8.000000,-178.270000
1777586598.124700,0,5.000000,0.000000,5.000000,0.000000,0.000000,0.000000,0.000000,0.000000,8.000000,-178.250000
1777586598.140463,0,5.000000,0.000000,5.000000,0.000000,0.000000,0.000000,0.000000,0.000000,8.000000,-178.250000
1777586598.156047,0,5.000000,0.000000,5.000000,0.000000,0.000000,0.000000,0.000000,0.000000,8.000000,-178.240000
1777586598.156509,0,5.000000,0.000000,5.000000,0.000000,0.000000,0.000000,0.000000,0.000000,8.000000,-178.220000
1777586598.157201,0,5.000000,0.000000,5.000000,0.000000,0.000000,0.000000,0.000000,0.000000,8.000000,-178.220000
1777586598.172907,0,5.000000,0.000000,5.000000,0.000000,0.000000,0.000000,0.000000,0.000000,8.000000,-178.210000
1777586598.188823,0,5.000000,0.000000,5.000000,0.000000,0.000000,0.000000,0.000000,0.000000,8.000000,-178.190000
1777586598.189502,0,5.000000,0.000000,5.000000,0.000000,0.000000,0.000000,0.000000,0.000000,8.000000,-178.190000
1777586598.205048,0,5.000000,0.000000,5.000000,0.000000,0.000000,0.000000,0.000000,0.000000,8.000000,-178.170000
1777586598.220529,0,5.000000,0.000000,5.000000,0.000000,0.000000,0.000000,0.000000,0.000000,8.000000,-178.160000
1777586598.221001,0,5.000000,0.000000,5.000000,0.000000,0.000000,0.000000,0.000000,0.000000,8.000000,-178.160000
1777586598.237421,0,5.000000,0.000000,5.000000,0.000000,0.000000,0.000000,0.000000,0.000000,8.000000,-178.140000
1777586598.254259,0,5.000000,0.000000,5.000000,0.000000,0.000000,0.000000,0.000000,0.000000,8.000000,-178.130000
1777586598.254905,0,5.000000,0.000000,5.000000,0.000000,0.000000,0.000000,0.000000,0.000000,8.000000,-178.130000
1777586598.270144,0,5.000000,0.000000,5.000000,0.000000,0.000000,0.000000,0.000000,0.000000,8.000000,-178.110000
1777586598.270745,0,5.000000,0.000000,5.000000,0.000000,0.000000,0.000000,0.000000,0.000000,8.000000,-178.110000
1777586598.287584,0,5.000000,0.000000,5.000000,0.000000,0.000000,0.000000,0.000000,0.000000,8.000000,-178.100000
1777586598.288062,0,5.000000,0.000000,5.000000,0.000000,0.000000,0.000000,0.000000,0.000000,8.000000,-178.080000
1777586598.304297,0,5.000000,0.000000,5.000000,0.000000,0.000000,0.000000,0.000000,0.000000,8.000000,-178.080000
1777586598.320405,0,5.000000,0.000000,5.000000,0.000000,0.000000,0.000000,0.000000,0.000000,8.000000,-178.070000
1777586598.336262,0,5.000000,0.000000,5.000000,0.000000,0.000000,0.000000,0.000000,0.000000,8.000000,-178.050000
1777586598.336912,0,5.000000,0.000000,5.000000,0.000000,0.000000,0.000000,0.000000,0.000000,8.000000,-178.050000
1777586598.352868,0,5.000000,0.000000,5.000000,0.000000,0.000000,0.000000,0.000000,0.000000,8.000000,-178.030000
1777586598.353410,0,5.000000,0.000000,5.000000,0.000000,0.000000,0.000000,0.000000,0.000000,8.000000,-178.020000
1777586598.369514,0,5.000000,0.000000,5.000000,0.000000,0.000000,0.000000,0.000000,0.000000,8.000000,-178.020000
1777586598.370020,0,5.000000,0.000000,5.000000,0.000000,0.000000,0.000000,0.000000,0.000000,8.000000,-178.000000
1777586598.386207,0,5.000000,0.000000,5.000000,0.000000,0.000000,0.000000,0.000000,0.000000,8.000000,-178.000000
1777586598.402889,0,5.000000,0.000000,5.000000,0.000000,0.000000,0.000000,0.000000,0.000000,8.000000,-177.990000
1777586598.403332,0,5.000000,0.000000,5.000000,0.000000,0.000000,0.000000,0.000000,0.000000,8.000000,-177.970000
1777586598.419661,0,5.000000,0.000000,5.000000,0.000000,0.000000,0.000000,0.000000,0.000000,8.000000,-177.970000
1777586598.420507,0,5.000000,0.000000,5.000000,0.000000,0.000000,0.000000,0.000000,0.000000,8.000000,-177.960000
1777586598.436210,0,5.000000,0.000000,5.000000,0.000000,0.000000,0.000000,0.000000,0.000000,8.000000,-177.940000
1777586598.436849,0,5.000000,0.000000,5.000000,0.000000,0.000000,0.000000,0.000000,0.000000,8.000000,-177.940000
1777586598.455142,0,5.000000,0.000000,5.000000,0.000000,0.000000,0.000000,0.000000,0.000000,8.000000,-177.920000
1777586598.472815,0,5.000000,0.000000,5.000000,0.000000,0.000000,0.000000,0.000000,0.000000,8.000000,-177.910000
1777586598.473286,0,5.000000,0.000000,5.000000,0.000000,0.000000,0.000000,0.000000,0.000000,8.000000,-177.910000
1777586598.489957,0,5.000000,0.000000,5.000000,0.000000,0.000000,0.000000,0.000000,0.000000,8.000000,-177.910000
1777586598.490433,0,5.000000,0.000000,5.000000,0.000000,0.000000,0.000000,0.000000,0.000000,8.000000,-177.890000
1777586598.507914,0,5.000000,0.000000,5.000000,0.000000,0.000000,0.000000,0.000000,0.000000,8.000000,-177.880000
1777586598.526728,0,5.000000,0.000000,5.000000,0.000000,0.000000,0.000000,0.000000,0.000000,8.000000,-177.880000
1777586598.527200,0,5.000000,0.000000,5.000000,0.000000,0.000000,0.000000,0.000000,0.000000,8.000000,-177.860000
1777586598.527923,0,5.000000,0.000000,5.000000,0.000000,0.000000,0.000000,0.000000,0.000000,8.000000,-177.860000
1777586598.547922,0,5.000000,0.000000,5.000000,0.000000,0.000000,0.000000,0.000000,0.000000,8.000000,-177.850000
1777586598.566294,0,5.000000,0.000000,5.000000,0.000000,0.000000,0.000000,0.000000,0.000000,8.000000,-177.830000
1777586598.566788,0,5.000000,0.000000,5.000000,0.000000,0.000000,0.000000,0.000000,0.000000,8.000000,-177.830000
1777586598.567196,0,5.000000,0.000000,5.000000,0.000000,0.000000,0.000000,0.000000,0.000000,8.000000,-177.820000
1777586598.584724,0,5.000000,0.000000,5.000000,0.000000,0.000000,0.000000,0.000000,0.000000,8.000000,-177.800000
1777586598.585344,0,5.000000,0.000000,5.000000,0.000000,0.000000,0.000000,0.000000,0.000000,8.000000,-177.800000
1777586598.602559,0,5.000000,0.000000,5.000000,0.000000,0.000000,0.000000,0.000000,0.000000,8.000000,-177.770000
1777586598.620002,0,5.000000,0.000000,5.000000,0.000000,0.000000,0.000000,0.000000,0.000000,8.000000,-177.770000
1777586598.620477,0,5.000000,0.000000,5.000000,0.000000,0.000000,0.000000,0.000000,0.000000,8.000000,-177.770000
1777586598.637076,0,5.000000,0.000000,5.000000,0.000000,0.000000,0.000000,0.000000,0.000000,8.000000,-177.750000
1777586598.637884,0,5.000000,0.000000,5.000000,0.000000,0.000000,0.000000,0.000000,0.000000,8.000000,-177.750000
1777586598.654121,0,5.000000,0.000000,5.000000,0.000000,0.000000,0.000000,0.000000,0.000000,8.000000,-177.740000
1777586598.671238,0,5.000000,0.000000,5.000000,0.000000,0.000000,0.000000,0.000000,0.000000,8.000000,-177.720000
1777586598.671711,0,5.000000,0.000000,5.000000,0.000000,0.000000,0.000000,0.000000,0.000000,8.000000,-177.720000
1777586598.689143,0,5.000000,0.000000,5.000000,0.000000,0.000000,0.000000,0.000000,0.000000,8.000000,-177.710000
1777586598.706368,0,5.000000,0.000000,5.000000,0.000000,0.000000,0.000000,0.000000,0.000000,8.000000,-177.690000
1777586598.706842,0,5.000000,0.000000,5.000000,0.000000,0.000000,0.000000,0.000000,0.000000,8.000000,-177.690000
1777586598.724205,0,5.000000,0.000000,5.000000,0.000000,0.000000,0.000000,0.000000,0.000000,8.000000,-177.670000
1777586598.724676,0,5.000000,0.000000,5.000000,0.000000,0.000000,0.000000,0.000000,0.000000,8.000000,-177.660000
1777586598.741837,0,5.000000,0.000000,5.000000,0.000000,0.000000,0.000000,0.000000,0.000000,8.000000,-177.660000
1777586598.742490,0,5.000000,0.000000,5.000000,0.000000,0.000000,0.000000,0.000000,0.000000,8.000000,-177.640000
1777586598.760240,0,5.000000,0.000000,5.000000,0.000000,0.000000,0.000000,0.000000,0.000000,8.000000,-177.630000
1777586598.760800,0,5.000000,0.000000,5.000000,0.000000,0.000000,0.000000,0.000000,0.000000,8.000000,-177.630000
1777586598.779484,0,5.000000,0.000000,5.000000,0.000000,0.000000,0.000000,0.000000,0.000000,8.000000,-177.610000
1777586598.796583,0,5.000000,0.000000,5.000000,0.000000,0.000000,0.000000,0.000000,0.000000,8.000000,-177.610000
1777586598.797055,0,5.000000,0.000000,5.000000,0.000000,0.000000,0.000000,0.000000,0.000000,8.000000,-177.600000
1777586598.797415,0,5.000000,0.000000,5.000000,0.000000,0.000000,0.000000,0.000000,0.000000,8.000000,-177.580000
1777586598.814293,0,5.000000,0.000000,5.000000,0.000000,0.000000,0.000000,0.000000,0.000000,8.000000,-177.580000
1777586598.814760,0,5.000000,0.000000,5.000000,0.000000,0.000000,0.000000,0.000000,0.000000,8.000000,-177.570000
1777586598.833024,0,5.000000,0.000000,5.000000,0.000000,0.000000,0.000000,0.000000,0.000000,8.000000,-177.550000
1777586598.833945,0,5.000000,0.000000,5.000000,0.000000,0.000000,0.000000,0.000000,0.000000,8.000000,-177.550000
1777586598.850666,0,5.000000,0.000000,5.000000,0.000000,0.000000,0.000000,0.000000,0.000000,8.000000,-177.530000
1777586598.867027,0,5.000000,0.000000,5.000000,0.000000,0.000000,0.000000,0.000000,0.000000,8.000000,-177.520000
1777586598.867497,0,5.000000,0.000000,5.000000,0.000000,0.000000,0.000000,0.000000,0.000000,8.000000,-177.520000
1777586598.884661,0,5.000000,0.000000,5.000000,0.000000,0.000000,0.000000,0.000000,0.000000,8.000000,-177.500000
1777586598.885570,0,5.000000,0.000000,5.000000,0.000000,0.000000,0.000000,0.000000,0.000000,8.000000,-177.500000
1777586598.902218,0,5.000000,0.000000,5.000000,0.000000,0.000000,0.000000,0.000000,0.000000,8.000000,-177.490000
1777586598.902646,0,5.000000,0.000000,5.000000,0.000000,0.000000,0.000000,0.000000,0.000000,8.000000,-177.470000
1777586598.936178,0,5.000000,0.000000,5.000000,0.000000,0.000000,0.000000,0.000000,0.000000,8.000000,-177.470000
1777586598.936898,0,5.000000,0.000000,5.000000,0.000000,0.000000,0.000000,0.000000,0.000000,8.000000,-177.460000
1777586598.937510,0,5.000000,0.000000,5.000000,0.000000,0.000000,0.000000,0.000000,0.000000,8.000000,-177.440000
1777586598.938005,0,5.000000,0.000000,5.000000,0.000000,0.000000,0.000000,0.000000,0.000000,8.000000,-177.440000
1777586598.954171,0,5.000000,0.000000,5.000000,0.000000,0.000000,0.000000,0.000000,0.000000,8.000000,-177.420000
1777586598.970890,0,5.000000,0.000000,5.000000,0.000000,0.000000,0.000000,0.000000,0.000000,8.000000,-177.410000
1777586598.988791,0,5.000000,0.000000,5.000000,0.000000,0.000000,0.000000,0.000000,0.000000,8.000000,-177.410000
1777586598.989291,0,5.000000,0.000000,5.000000,0.000000,0.000000,0.000000,0.000000,0.000000,8.000000,-177.390000
1777586599.006015,0,5.000000,0.000000,5.000000,0.000000,0.000000,0.000000,0.000000,0.000000,8.000000,-177.380000
1777586599.006485,0,5.000000,0.000000,5.000000,0.000000,0.000000,0.000000,0.000000,0.000000,8.000000,-177.380000
1777586599.023524,0,5.000000,0.000000,5.000000,0.000000,0.000000,0.000000,0.000000,0.000000,8.000000,-177.360000
1777586599.023988,0,5.000000,0.000000,5.000000,0.000000,0.000000,0.000000,0.000000,0.000000,8.000000,-177.360000
1777586599.040529,0,5.000000,0.000000,5.000000,0.000000,0.000000,0.000000,0.000000,0.000000,8.000000,-177.350000
1777586599.040985,0,5.000000,0.000000,5.000000,0.000000,0.000000,0.000000,0.000000,0.000000,8.000000,-177.330000
1777586599.057936,0,5.000000,0.000000,5.000000,0.000000,0.000000,0.000000,0.000000,0.000000,8.000000,-177.330000
1777586599.058604,0,5.000000,0.000000,5.000000,0.000000,0.000000,0.000000,0.000000,0.000000,8.000000,-177.320000
1777586599.075531,0,5.000000,0.000000,5.000000,0.000000,0.000000,0.000000,0.000000,0.000000,8.000000,-177.300000
1777586599.093334,0,5.000000,0.000000,5.000000,0.000000,0.000000,0.000000,0.000000,0.000000,8.000000,-177.300000
1777586599.110735,0,5.000000,0.000000,5.000000,0.000000,0.000000,0.000000,0.000000,0.000000,8.000000,-177.280000
1777586599.111204,0,5.000000,0.000000,5.000000,0.000000,0.000000,0.000000,0.000000,0.000000,8.000000,-177.270000
1777586599.111648,0,5.000000,0.000000,5.000000,0.000000,0.000000,0.000000,0.000000,0.000000,8.000000,-177.270000
1777586599.129339,0,5.000000,0.000000,5.000000,0.000000,0.000000,0.000000,0.000000,0.000000,8.000000,-177.250000
1777586599.129796,0,5.000000,0.000000,5.000000,0.000000,0.000000,0.000000,0.000000,0.000000,8.000000,-177.250000
1777586599.146196,0,5.000000,0.000000,5.000000,0.000000,0.000000,0.000000,0.000000,0.000000,8.000000,-177.240000
1777586599.147801,0,5.000000,0.000000,5.000000,0.000000,0.000000,0.000000,0.000000,0.000000,8.000000,-177.220000
1777586599.164840,0,5.000000,0.000000,5.000000,0.000000,0.000000,0.000000,0.000000,0.000000,8.000000,-177.220000
1777586599.181093,0,5.000000,0.000000,5.000000,0.000000,0.000000,0.000000,0.000000,0.000000,8.000000,-177.210000
1777586599.181557,0,5.000000,0.000000,5.000000,0.000000,0.000000,0.000000,0.000000,0.000000,8.000000,-177.190000
1777586599.198584,0,5.000000,0.000000,5.000000,0.000000,0.000000,0.000000,0.000000,0.000000,8.000000,-177.190000
1777586599.215671,0,5.000000,0.000000,5.000000,0.000000,0.000000,0.000000,0.000000,0.000000,8.000000,-177.170000
1777586599.216240,0,5.000000,0.000000,5.000000,0.000000,0.000000,0.000000,0.000000,0.000000,8.000000,-177.160000
1777586599.233382,0,5.000000,0.000000,5.000000,0.000000,0.000000,0.000000,0.000000,0.000000,8.000000,-177.160000
1777586599.233929,0,5.000000,0.000000,5.000000,0.000000,0.000000,0.000000,0.000000,0.000000,8.000000,-177.140000
1777586599.251676,0,5.000000,0.000000,5.000000,0.000000,0.000000,0.000000,0.000000,0.000000,8.000000,-177.130000
1777586599.268802,0,5.000000,0.000000,5.000000,0.000000,0.000000,0.000000,0.000000,0.000000,8.000000,-177.130000
1777586599.269269,0,5.000000,0.000000,5.000000,0.000000,0.000000,0.000000,0.000000,0.000000,8.000000,-177.110000
1777586599.269736,0,5.000000,0.000000,5.000000,0.000000,0.000000,0.000000,0.000000,0.000000,8.000000,-177.110000
1777586599.300384,0,5.000000,0.000000,5.000000,0.000000,0.000000,0.000000,0.000000,0.000000,8.000000,-177.100000
1777586599.300920,0,5.000000,0.000000,5.000000,0.000000,0.000000,0.000000,0.000000,0.000000,8.000000,-177.080000
1777586599.304269,0,5.000000,0.000000,5.000000,0.000000,0.000000,0.000000,0.000000,0.000000,8.000000,-177.080000
1777586599.304786,0,5.000000,0.000000,5.000000,0.000000,0.000000,0.000000,0.000000,0.000000,8.000000,-177.070000
1777586599.321416,0,5.000000,0.000000,5.000000,0.000000,0.000000,0.000000,0.000000,0.000000,8.000000,-177.050000
1777586599.338624,0,5.000000,0.000000,5.000000,0.000000,0.000000,0.000000,0.000000,0.000000,8.000000,-177.050000
1777586599.355533,0,5.000000,0.000000,5.000000,0.000000,0.000000,0.000000,0.000000,0.000000,8.000000,-177.030000
1777586599.356170,0,5.000000,0.000000,5.000000,0.000000,0.000000,0.000000,0.000000,0.000000,8.000000,-177.020000
1777586599.372603,0,5.000000,0.000000,5.000000,0.000000,0.000000,0.000000,0.000000,0.000000,8.000000,-177.020000
1777586599.373168,0,5.000000,0.000000,5.000000,0.000000,0.000000,0.000000,0.000000,0.000000,8.000000,-177.000000
1777586599.389381,0,5.000000,0.000000,5.000000,0.000000,0.000000,0.000000,0.000000,0.000000,8.000000,-177.000000
1777586599.407268,0,5.000000,0.000000,5.000000,0.000000,0.000000,0.000000,0.000000,0.000000,8.000000,-176.990000
1777586599.407872,0,5.000000,0.000000,5.000000,0.000000,0.000000,0.000000,0.000000,0.000000,8.000000,-176.970000
1777586599.428842,0,5.000000,0.000000,5.000000,0.000000,0.000000,0.000000,0.000000,0.000000,8.000000,-176.970000
1777586599.429288,0,5.000000,0.000000,5.000000,0.000000,0.000000,0.000000,0.000000,0.000000,8.000000,-176.960000
1777586599.430065,0,5.000000,0.000000,5.000000,0.000000,0.000000,0.000000,0.000000,0.000000,8.000000,-176.940000
1777586599.430471,0,5.000000,0.000000,5.000000,0.000000,0.000000,0.000000,0.000000,0.000000,8.000000,-176.940000
1777586599.442147,0,5.000000,0.000000,5.000000,0.000000,0.000000,0.000000,0.000000,0.000000,8.000000,-176.920000
1777586599.442578,0,5.000000,0.000000,5.000000,0.000000,0.000000,0.000000,0.000000,0.000000,8.000000,-176.910000
1777586599.462748,0,5.000000,0.000000,5.000000,0.000000,0.000000,0.000000,0.000000,0.000000,8.000000,-176.910000
1777586599.469595,0,5.000000,0.000000,5.000000,0.000000,0.000000,0.000000,0.000000,0.000000,8.000000,-176.890000
1777586599.476973,0,5.000000,0.000000,5.000000,0.000000,0.000000,0.000000,0.000000,0.000000,8.000000,-176.880000
1777586599.484359,0,5.000000,0.000000,5.000000,0.000000,0.000000,0.000000,0.000000,0.000000,8.000000,-176.880000
1777586599.491919,0,5.000000,0.000000,5.000000,0.000000,0.000000,0.000000,0.000000,0.000000,8.000000,-176.860000
1777586599.499585,0,5.000000,0.000000,5.000000,0.000000,0.000000,0.000000,0.000000,0.000000,8.000000,-176.860000
1777586599.514714,0,5.000000,0.000000,5.000000,0.000000,0.000000,0.000000,0.000000,0.000000,8.000000,-176.850000
1777586599.522103,0,5.000000,0.000000,5.000000,0.000000,0.000000,0.000000,0.000000,0.000000,8.000000,-176.830000
1777586599.537008,0,5.000000,0.000000,5.000000,0.000000,0.000000,0.000000,0.000000,0.000000,8.000000,-176.830000
1777586599.544649,0,5.000000,0.000000,5.000000,0.000000,0.000000,0.000000,0.000000,0.000000,8.000000,-176.820000
1777586599.552144,0,5.000000,0.000000,5.000000,0.000000,0.000000,0.000000,0.000000,0.000000,8.000000,-176.800000
1777586599.559594,0,5.000000,0.000000,5.000000,0.000000,0.000000,0.000000,0.000000,0.000000,8.000000,-176.800000
1777586599.575056,0,5.000000,0.000000,5.000000,0.000000,0.000000,0.000000,0.000000,0.000000,8.000000,-176.800000
1777586599.581556,0,5.000000,0.000000,5.000000,0.000000,0.000000,0.000000,0.000000,0.000000,8.000000,-176.780000
1777586599.582937,0,5.000000,0.000000,5.000000,0.000000,0.000000,0.000000,0.000000,0.000000,8.000000,-176.770000
1777586599.604820,0,5.000000,0.000000,5.000000,0.000000,0.000000,0.000000,0.000000,0.000000,8.000000,-176.770000
1777586599.611741,0,5.000000,0.000000,5.000000,0.000000,0.000000,0.000000,0.000000,0.000000,8.000000,-176.750000
1777586599.627911,0,5.000000,0.000000,5.000000,0.000000,0.000000,0.000000,0.000000,0.000000,8.000000,-176.750000
1777586599.642008,0,5.000000,0.000000,5.000000,0.000000,0.000000,0.000000,0.000000,0.000000,8.000000,-176.740000
1777586599.649089,0,5.000000,0.000000,5.000000,0.000000,0.000000,0.000000,0.000000,0.000000,8.000000,-176.720000
1777586599.650482,0,5.000000,0.000000,5.000000,0.000000,0.000000,0.000000,0.000000,0.000000,8.000000,-176.720000
1777586599.665431,0,5.000000,0.000000,5.000000,0.000000,0.000000,0.000000,0.000000,0.000000,8.000000,-176.710000
1777586599.672028,0,5.000000,0.000000,5.000000,0.000000,0.000000,0.000000,0.000000,0.000000,8.000000,-176.690000
1777586599.687044,0,5.000000,0.000000,5.000000,0.000000,0.000000,0.000000,0.000000,0.000000,8.000000,-176.670000
1777586599.694531,0,5.000000,0.000000,5.000000,0.000000,0.000000,0.000000,0.000000,0.000000,8.000000,-176.660000
1777586599.701923,0,5.000000,0.000000,5.000000,0.000000,0.000000,0.000000,0.000000,0.000000,8.000000,-176.660000
1777586599.709383,0,5.000000,0.000000,5.000000,0.000000,0.000000,0.000000,0.000000,0.000000,8.000000,-176.640000
1777586599.717258,0,5.000000,0.000000,5.000000,0.000000,0.000000,0.000000,0.000000,0.000000,8.000000,-176.640000
1777586599.739607,0,5.000000,0.000000,5.000000,0.000000,0.000000,0.000000,0.000000,0.000000,8.000000,-176.630000
1777586599.747634,0,5.000000,0.000000,5.000000,0.000000,0.000000,0.000000,0.000000,0.000000,8.000000,-176.630000
1777586599.754501,0,5.000000,0.000000,5.000000,0.000000,0.000000,0.000000,0.000000,0.000000,8.000000,-176.610000
1777586599.762114,0,5.000000,0.000000,5.000000,0.000000,0.000000,0.000000,0.000000,0.000000,8.000000,-176.610000
1777586599.769779,0,5.000000,0.000000,5.000000,0.000000,0.000000,0.000000,0.000000,0.000000,8.000000,-176.600000
1777586599.776884,0,5.000000,0.000000,5.000000,0.000000,0.000000,0.000000,0.000000,0.000000,8.000000,-176.580000
1777586599.792740,0,5.000000,0.000000,5.000000,0.000000,0.000000,0.000000,0.000000,0.000000,8.000000,-176.580000
1777586599.799483,0,5.000000,0.000000,5.000000,0.000000,0.000000,0.000000,0.000000,0.000000,8.000000,-176.570000
1777586599.815200,0,5.000000,0.000000,5.000000,0.000000,0.000000,0.000000,0.000000,0.000000,8.000000,-176.550000
1777586599.821823,0,5.000000,0.000000,5.000000,0.000000,0.000000,0.000000,0.000000,0.000000,8.000000,-176.550000
1777586599.829667,0,5.000000,0.000000,5.000000,0.000000,0.000000,0.000000,0.000000,0.000000,8.000000,-176.530000
1777586599.836874,0,5.000000,0.000000,5.000000,0.000000,0.000000,0.000000,0.000000,0.000000,8.000000,-176.520000
1777586599.852444,0,5.000000,0.000000,5.000000,0.000000,0.000000,0.000000,0.000000,0.000000,8.000000,-176.520000
1777586599.860397,0,5.000000,0.000000,5.000000,0.000000,0.000000,0.000000,0.000000,0.000000,8.000000,-176.500000
1777586599.875448,0,5.000000,0.000000,5.000000,0.000000,0.000000,0.000000,0.000000,0.000000,8.000000,-176.500000
1777586599.882502,0,5.000000,0.000000,5.000000,0.000000,0.000000,0.000000,0.000000,0.000000,8.000000,-176.490000
1777586599.889098,0,5.000000,0.000000,5.000000,0.000000,0.000000,0.000000,0.000000,0.000000,8.000000,-176.470000
1777586599.890443,0,5.000000,0.000000,5.000000,0.000000,0.000000,0.000000,0.000000,0.000000,8.000000,-176.470000
1777586599.920393,0,5.000000,0.000000,5.000000,0.000000,0.000000,0.000000,0.000000,0.000000,8.000000,-176.460000
1777586599.927308,0,5.000000,0.000000,5.000000,0.000000,0.000000,0.000000,0.000000,0.000000,8.000000,-176.440000
1777586599.934585,0,5.000000,0.000000,5.000000,0.000000,0.000000,0.000000,0.000000,0.000000,8.000000,-176.440000
1777586599.942081,0,5.000000,0.000000,5.000000,0.000000,0.000000,0.000000,0.000000,0.000000,8.000000,-176.420000
1777586599.957365,0,5.000000,0.000000,5.000000,0.000000,0.000000,0.000000,0.000000,0.000000,8.000000,-176.410000
1777586599.964364,0,5.000000,0.000000,5.000000,0.000000,0.000000,0.000000,0.000000,0.000000,8.000000,-176.410000
1777586599.972045,0,5.000000,0.000000,5.000000,0.000000,0.000000,0.000000,0.000000,0.000000,8.000000,-176.390000
1777586599.979334,0,5.000000,0.000000,5.000000,0.000000,0.000000,0.000000,0.000000,0.000000,8.000000,-176.380000
1777586599.987054,0,5.000000,0.000000,5.000000,0.000000,0.000000,0.000000,0.000000,0.000000,8.000000,-176.380000
1777586600.010134,0,5.000000,0.000000,5.000000,0.000000,0.000000,0.000000,0.000000,0.000000,8.000000,-176.360000
1777586600.011234,0,5.000000,0.000000,5.000000,0.000000,0.000000,0.000000,0.000000,0.000000,8.000000,-176.360000
1777586600.017114,0,5.000000,0.000000,5.000000,0.000000,0.000000,0.000000,0.000000,0.000000,8.000000,-176.350000
1777586600.033010,0,5.000000,0.000000,5.000000,0.000000,0.000000,0.000000,0.000000,0.000000,8.000000,-176.330000
1777586600.039473,0,5.000000,0.000000,5.000000,0.000000,0.000000,0.000000,0.000000,0.000000,8.000000,-176.330000
1777586600.047213,0,5.000000,0.000000,5.000000,0.000000,0.000000,0.000000,0.000000,0.000000,8.000000,-176.320000
1777586600.062574,0,5.000000,0.000000,5.000000,0.000000,0.000000,0.000000,0.000000,0.000000,8.000000,-176.300000
1777586600.069606,0,5.000000,0.000000,5.000000,0.000000,0.000000,0.000000,0.000000,0.000000,8.000000,-176.300000
1777586600.084587,0,5.000000,0.000000,5.000000,0.000000,0.000000,0.000000,0.000000,0.000000,8.000000,-176.280000
1777586600.091936,0,5.000000,0.000000,5.000000,0.000000,0.000000,0.000000,0.000000,0.000000,8.000000,-176.270000
1777586600.099631,0,5.000000,0.000000,5.000000,0.000000,0.000000,0.000000,0.000000,0.000000,8.000000,-176.270000
1777586600.107350,0,5.000000,0.000000,5.000000,0.000000,0.000000,0.000000,0.000000,0.000000,8.000000,-176.250000
1777586600.114553,0,5.000000,0.000000,5.000000,0.000000,0.000000,0.000000,0.000000,0.000000,8.000000,-176.250000
1777586600.130220,0,5.000000,0.000000,5.000000,0.000000,0.000000,0.000000,0.000000,0.000000,8.000000,-176.240000
1777586600.144145,0,5.000000,0.000000,5.000000,0.000000,0.000000,0.000000,0.000000,0.000000,8.000000,-176.220000
1777586600.145058,0,5.000000,0.000000,5.000000,0.000000,0.000000,0.000000,0.000000,0.000000,8.000000,-176.220000
1777586600.159512,0,5.000000,0.000000,5.000000,0.000000,0.000000,0.000000,0.000000,0.000000,8.000000,-176.210000
1777586600.166849,0,5.000000,0.000000,5.000000,0.000000,0.000000,0.000000,0.000000,0.000000,8.000000,-176.190000
1777586600.168155,0,5.000000,0.000000,5.000000,0.000000,0.000000,0.000000,0.000000,0.000000,8.000000,-176.190000
1777586600.190425,0,5.000000,0.000000,5.000000,0.000000,0.000000,0.000000,0.000000,0.000000,8.000000,-176.170000
1777586600.204060,0,5.000000,0.000000,5.000000,0.000000,0.000000,0.000000,0.000000,0.000000,8.000000,-176.160000
1777586600.211994,0,5.000000,0.000000,5.000000,0.000000,0.000000,0.000000,0.000000,0.000000,8.000000,-176.160000
1777586600.219710,0,5.000000,0.000000,5.000000,0.000000,0.000000,0.000000,0.000000,0.000000,8.000000,-176.140000
1777586600.227086,0,5.000000,0.000000,5.000000,0.000000,0.000000,0.000000,0.000000,0.000000,8.000000,-176.130000
1777586600.235228,0,5.000000,0.000000,5.000000,0.000000,0.000000,0.000000,0.000000,0.000000,8.000000,-176.130000
1777586600.241860,0,5.000000,0.000000,5.000000,0.000000,0.000000,0.000000,0.000000,0.000000,8.000000,-176.110000
1777586600.265788,0,5.000000,0.000000,5.000000,0.000000,0.000000,0.000000,0.000000,0.000000,8.000000,-176.110000
1777586600.272217,0,5.000000,0.000000,5.000000,0.000000,0.000000,0.000000,0.000000,0.000000,8.000000,-176.100000
1777586600.279721,0,5.000000,0.000000,5.000000,0.000000,0.000000,0.000000,0.000000,0.000000,8.000000,-176.080000
1777586600.286980,0,5.000000,0.000000,5.000000,0.000000,0.000000,0.000000,0.000000,0.000000,8.000000,-176.080000
1777586600.294685,0,5.000000,0.000000,5.000000,0.000000,0.000000,0.000000,0.000000,0.000000,8.000000,-176.070000
1777586600.302425,0,5.000000,0.000000,5.000000,0.000000,0.000000,0.000000,0.000000,0.000000,8.000000,-176.050000
1777586600.317382,0,5.000000,0.000000,5.000000,0.000000,0.000000,0.000000,0.000000,0.000000,8.000000,-176.050000
1777586600.324675,0,5.000000,0.000000,5.000000,0.000000,0.000000,0.000000,0.000000,0.000000,8.000000,-176.030000
1777586600.331860,0,5.000000,0.000000,5.000000,0.000000,0.000000,0.000000,0.000000,0.000000,8.000000,-176.020000
1777586600.339442,0,5.000000,0.000000,5.000000,0.000000,0.000000,0.000000,0.000000,0.000000,8.000000,-176.020000
1777586600.354566,0,5.000000,0.000000,5.000000,0.000000,0.000000,0.000000,0.000000,0.000000,8.000000,-176.000000
1777586600.362282,0,5.000000,0.000000,5.000000,0.000000,0.000000,0.000000,0.000000,0.000000,8.000000,-176.000000
1777586600.384737,0,5.000000,0.000000,5.000000,0.000000,0.000000,0.000000,0.000000,0.000000,8.000000,-175.990000
1777586600.391920,0,5.000000,0.000000,5.000000,0.000000,0.000000,0.000000,0.000000,0.000000,8.000000,-175.970000
1777586600.399499,0,5.000000,0.000000,5.000000,0.000000,0.000000,0.000000,0.000000,0.000000,8.000000,-175.970000
1777586600.406930,0,5.000000,0.000000,5.000000,0.000000,0.000000,0.000000,0.000000,0.000000,8.000000,-175.960000
1777586600.414486,0,5.000000,0.000000,5.000000,0.000000,0.000000,0.000000,0.000000,0.000000,8.000000,-175.940000
1777586600.422306,0,5.000000,0.000000,5.000000,0.000000,0.000000,0.000000,0.000000,0.000000,8.000000,-175.940000
1777586600.430029,0,5.000000,0.000000,5.000000,0.000000,0.000000,0.000000,0.000000,0.000000,8.000000,-175.920000
1777586600.452732,0,5.000000,0.000000,5.000000,0.000000,0.000000,0.000000,0.000000,0.000000,8.000000,-175.910000
1777586600.459351,0,5.000000,0.000000,5.000000,0.000000,0.000000,0.000000,0.000000,0.000000,8.000000,-175.910000
1777586600.467311,0,5.000000,0.000000,5.000000,0.000000,0.000000,0.000000,0.000000,0.000000,8.000000,-175.890000
1777586600.474687,0,5.000000,0.000000,5.000000,0.000000,0.000000,0.000000,0.000000,0.000000,8.000000,-175.880000
1777586600.489527,0,5.000000,0.000000,5.000000,0.000000,0.000000,0.000000,0.000000,0.000000,8.000000,-175.880000
1777586600.504300,0,5.000000,0.000000,5.000000,0.000000,0.000000,0.000000,0.000000,0.000000,8.000000,-175.860000
1777586600.505211,0,5.000000,0.000000,5.000000,0.000000,0.000000,0.000000,0.000000,0.000000,8.000000,-175.860000
1777586600.512011,0,5.000000,0.000000,5.000000,0.000000,0.000000,0.000000,0.000000,0.000000,8.000000,-175.850000
1777586600.527804,0,5.000000,0.000000,5.000000,0.000000,0.000000,0.000000,0.000000,0.000000,8.000000,-175.830000
1777586600.534645,0,5.000000,0.000000,5.000000,0.000000,0.000000,0.000000,0.000000,0.000000,8.000000,-175.830000
1777586600.550031,0,5.000000,0.000000,5.000000,0.000000,0.000000,0.000000,0.000000,0.000000,8.000000,-175.820000
1777586600.551113,0,5.000000,0.000000,5.000000,0.000000,0.000000,0.000000,0.000000,0.000000,8.000000,-175.800000
1777586600.572071,0,5.000000,0.000000,5.000000,0.000000,0.000000,0.000000,0.000000,0.000000,8.000000,-175.800000
1777586600.573072,0,5.000000,0.000000,5.000000,0.000000,0.000000,0.000000,0.000000,0.000000,8.000000,-175.780000
1777586600.587517,0,5.000000,0.000000,5.000000,0.000000,0.000000,0.000000,0.000000,0.000000,8.000000,-175.770000
1777586600.594445,0,5.000000,0.000000,5.000000,0.000000,0.000000,0.000000,0.000000,0.000000,8.000000,-175.770000
1777586600.602044,0,5.000000,0.000000,5.000000,0.000000,0.000000,0.000000,0.000000,0.000000,8.000000,-175.750000
1777586600.624915,0,5.000000,0.000000,5.000000,0.000000,0.000000,0.000000,0.000000,0.000000,8.000000,-175.750000
1777586600.632008,0,5.000000,0.000000,5.000000,0.000000,0.000000,0.000000,0.000000,0.000000,8.000000,-175.740000
1777586600.639842,0,5.000000,0.000000,5.000000,0.000000,0.000000,0.000000,0.000000,0.000000,8.000000,-175.720000
1777586600.647026,0,5.000000,0.000000,5.000000,0.000000,0.000000,0.000000,0.000000,0.000000,8.000000,-175.720000
1777586600.655192,0,5.000000,0.000000,5.000000,0.000000,0.000000,0.000000,0.000000,0.000000,8.000000,-175.710000
1777586600.661751,0,5.000000,0.000000,5.000000,0.000000,0.000000,0.000000,0.000000,0.000000,8.000000,-175.690000
1777586600.669545,0,5.000000,0.000000,5.000000,0.000000,0.000000,0.000000,0.000000,0.000000,8.000000,-175.690000
1777586600.692452,0,5.000000,0.000000,5.000000,0.000000,0.000000,0.000000,0.000000,0.000000,8.000000,-175.670000
1777586600.707316,0,5.000000,0.000000,5.000000,0.000000,0.000000,0.000000,0.000000,0.000000,8.000000,-175.660000
1777586600.714681,0,5.000000,0.000000,5.000000,0.000000,0.000000,0.000000,0.000000,0.000000,8.000000,-175.660000
1777586600.722050,0,5.000000,0.000000,5.000000,0.000000,0.000000,0.000000,0.000000,0.000000,8.000000,-175.640000
1777586600.729830,0,5.000000,0.000000,5.000000,0.000000,0.000000,0.000000,0.000000,0.000000,8.000000,-175.630000
1777586600.744844,0,5.000000,0.000000,5.000000,0.000000,0.000000,0.000000,0.000000,0.000000,8.000000,-175.630000
1777586600.745585,0,5.000000,0.000000,5.000000,0.000000,0.000000,0.000000,0.000000,0.000000,8.000000,-175.610000
1777586600.752062,0,5.000000,0.000000,5.000000,0.000000,0.000000,0.000000,0.000000,0.000000,8.000000,-175.610000
1777586600.775459,0,5.000000,0.000000,5.000000,0.000000,0.000000,0.000000,0.000000,0.000000,8.000000,-175.600000
1777586600.781912,0,5.000000,0.000000,5.000000,0.000000,0.000000,0.000000,0.000000,0.000000,8.000000,-175.580000
1777586600.789649,0,5.000000,0.000000,5.000000,0.000000,0.000000,0.000000,0.000000,0.000000,8.000000,-175.580000
1777586600.796971,0,5.000000,0.000000,5.000000,0.000000,0.000000,0.000000,0.000000,0.000000,8.000000,-175.570000
1777586600.813308,0,5.000000,0.000000,5.000000,0.000000,0.000000,0.000000,0.000000,0.000000,8.000000,-175.550000
1777586600.819422,0,5.000000,0.000000,5.000000,0.000000,0.000000,0.000000,0.000000,0.000000,8.000000,-175.550000
1777586600.827157,0,5.000000,0.000000,5.000000,0.000000,0.000000,0.000000,0.000000,0.000000,8.000000,-175.530000
1777586600.835172,0,5.000000,0.000000,5.000000,0.000000,0.000000,0.000000,0.000000,0.000000,8.000000,-175.520000
1777586600.841866,0,5.000000,0.000000,5.000000,0.000000,0.000000,0.000000,0.000000,0.000000,8.000000,-175.520000
1777586600.865448,0,5.000000,0.000000,5.000000,0.000000,0.000000,0.000000,0.000000,0.000000,8.000000,-175.500000
1777586600.872117,0,5.000000,0.000000,5.000000,0.000000,0.000000,0.000000,0.000000,0.000000,8.000000,-175.500000
1777586600.879489,0,5.000000,0.000000,5.000000,0.000000,0.000000,0.000000,0.000000,0.000000,8.000000,-175.490000
1777586600.887344,0,5.000000,0.000000,5.000000,0.000000,0.000000,0.000000,0.000000,0.000000,8.000000,-175.470000
1777586600.895025,0,5.000000,0.000000,5.000000,0.000000,0.000000,0.000000,0.000000,0.000000,8.000000,-175.470000
1777586600.909520,0,5.000000,0.000000,5.000000,0.000000,0.000000,0.000000,0.000000,0.000000,8.000000,-175.460000
1777586600.910587,0,5.000000,0.000000,5.000000,0.000000,0.000000,0.000000,0.000000,0.000000,8.000000,-175.440000
1777586600.933685,0,5.000000,0.000000,5.000000,0.000000,0.000000,0.000000,0.000000,0.000000,8.000000,-175.440000
1777586600.939713,0,5.000000,0.000000,5.000000,0.000000,0.000000,0.000000,0.000000,0.000000,8.000000,-175.420000
1777586600.946802,0,5.000000,0.000000,5.000000,0.000000,0.000000,0.000000,0.000000,0.000000,8.000000,-175.410000
1777586600.954573,0,5.000000,0.000000,5.000000,0.000000,0.000000,0.000000,0.000000,0.000000,8.000000,-175.410000
1777586600.969585,0,5.000000,0.000000,5.000000,0.000000,0.000000,0.000000,0.000000,0.000000,8.000000,-175.390000
1777586600.976902,0,5.000000,0.000000,5.000000,0.000000,0.000000,0.000000,0.000000,0.000000,8.000000,-175.380000
1777586600.985051,0,5.000000,0.000000,5.000000,0.000000,0.000000,0.000000,0.000000,0.000000,8.000000,-175.380000
1777586601.000660,0,5.000000,0.000000,5.000000,0.000000,0.000000,0.000000,0.000000,0.000000,8.000000,-175.360000
1777586601.007176,0,5.000000,0.000000,5.000000,0.000000,0.000000,0.000000,0.000000,0.000000,8.000000,-175.360000
1777586601.014640,0,5.000000,0.000000,5.000000,0.000000,0.000000,0.000000,0.000000,0.000000,8.000000,-175.350000
1777586601.023229,0,5.000000,0.000000,5.000000,0.000000,0.000000,0.000000,0.000000,0.000000,8.000000,-175.330000
1777586601.045887,0,5.000000,0.000000,5.000000,0.000000,0.000000,0.000000,0.000000,0.000000,8.000000,-175.330000
1777586601.052126,0,5.000000,0.000000,5.000000,0.000000,0.000000,0.000000,0.000000,0.000000,8.000000,-175.320000
1777586601.059856,0,5.000000,0.000000,5.000000,0.000000,0.000000,0.000000,0.000000,0.000000,8.000000,-175.300000
1777586601.068764,0,5.000000,0.000000,5.000000,0.000000,0.000000,0.000000,0.000000,0.000000,8.000000,-175.300000
1777586601.074459,0,5.000000,0.000000,5.000000,0.000000,0.000000,0.000000,0.000000,0.000000,8.000000,-175.280000
1777586601.088889,0,5.000000,0.000000,5.000000,0.000000,0.000000,0.000000,0.000000,0.000000,8.000000,-175.270000
1777586601.097175,0,5.000000,0.000000,5.000000,0.000000,0.000000,0.000000,0.000000,0.000000,8.000000,-175.270000
1777586601.112897,0,5.000000,0.000000,5.000000,0.000000,0.000000,0.000000,0.000000,0.000000,8.000000,-175.250000
1777586601.119463,0,5.000000,0.000000,5.000000,0.000000,0.000000,0.000000,0.000000,0.000000,8.000000,-175.250000
1777586601.127026,0,5.000000,0.000000,5.000000,0.000000,0.000000,0.000000,0.000000,0.000000,8.000000,-175.240000
1777586601.143257,0,5.000000,0.000000,5.000000,0.000000,0.000000,0.000000,0.000000,0.000000,8.000000,-175.220000
1777586601.149455,0,5.000000,0.000000,5.000000,0.000000,0.000000,0.000000,0.000000,0.000000,8.000000,-175.220000
1777586601.156859,0,5.000000,0.000000,5.000000,0.000000,0.000000,0.000000,0.000000,0.000000,8.000000,-175.210000
1777586601.164388,0,5.000000,0.000000,5.000000,0.000000,0.000000,0.000000,0.000000,0.000000,8.000000,-175.190000
1777586601.172178,0,5.000000,0.000000,5.000000,0.000000,0.000000,0.000000,0.000000,0.000000,8.000000,-175.190000
1777586601.187046,0,5.000000,0.000000,5.000000,0.000000,0.000000,0.000000,0.000000,0.000000,8.000000,-175.170000
1777586601.203300,0,5.000000,0.000000,5.000000,0.000000,0.000000,0.000000,0.000000,0.000000,8.000000,-175.160000
1777586601.209805,0,5.000000,0.000000,5.000000,0.000000,0.000000,0.000000,0.000000,0.000000,8.000000,-175.160000
1777586601.217228,0,5.000000,0.000000,5.000000,0.000000,0.000000,0.000000,0.000000,0.000000,8.000000,-175.140000
1777586601.224454,0,5.000000,0.000000,5.000000,0.000000,0.000000,0.000000,0.000000,0.000000,8.000000,-175.130000
1777586601.233191,0,5.000000,0.000000,5.000000,0.000000,0.000000,0.000000,0.000000,0.000000,8.000000,-175.130000
1777586601.239460,0,5.000000,0.000000,5.000000,0.000000,0.000000,0.000000,0.000000,0.000000,8.000000,-175.110000
1777586601.247226,0,5.000000,0.000000,5.000000,0.000000,0.000000,0.000000,0.000000,0.000000,8.000000,-175.110000
1777586601.270217,0,5.000000,0.000000,5.000000,0.000000,0.000000,0.000000,0.000000,0.000000,8.000000,-175.100000
1777586601.284357,0,5.000000,0.000000,5.000000,0.000000,0.000000,0.000000,0.000000,0.000000,8.000000,-175.080000
1777586601.285477,0,5.000000,0.000000,5.000000,0.000000,0.000000,0.000000,0.000000,0.000000,8.000000,-175.080000
1777586601.292004,0,5.000000,0.000000,5.000000,0.000000,0.000000,0.000000,0.000000,0.000000,8.000000,-175.070000
1777586601.299891,0,5.000000,0.000000,5.000000,0.000000,0.000000,0.000000,0.000000,0.000000,8.000000,-175.050000
1777586601.315474,0,5.000000,0.000000,5.000000,0.000000,0.000000,0.000000,0.000000,0.000000,8.000000,-175.050000
1777586601.321814,0,5.000000,0.000000,5.000000,0.000000,0.000000,0.000000,0.000000,0.000000,8.000000,-175.050000
1777586601.329566,0,5.000000,0.000000,5.000000,0.000000,0.000000,0.000000,0.000000,0.000000,8.000000,-175.030000
1777586601.344930,0,5.000000,0.000000,5.000000,0.000000,0.000000,0.000000,0.000000,0.000000,8.000000,-175.020000
1777586601.351903,0,5.000000,0.000000,5.000000,0.000000,0.000000,0.000000,0.000000,0.000000,8.000000,-175.000000
1777586601.359259,0,5.000000,0.000000,5.000000,0.000000,0.000000,0.000000,0.000000,0.000000,8.000000,-175.000000
1777586601.369210,0,5.000000,0.000000,5.000000,0.000000,0.000000,0.000000,0.000000,0.000000,8.000000,-175.000000
1777586601.390453,0,5.000000,0.000000,5.000000,0.000000,0.000000,0.000000,0.000000,0.000000,8.000000,-174.990000
1777586601.397883,0,5.000000,0.000000,5.000000,0.000000,0.000000,0.000000,0.000000,0.000000,8.000000,-174.970000
1777586601.404394,0,5.000000,0.000000,5.000000,0.000000,0.000000,0.000000,0.000000,0.000000,8.000000,-174.960000
1777586601.412095,0,5.000000,0.000000,5.000000,0.000000,0.000000,0.000000,0.000000,0.000000,8.000000,-174.940000
1777586601.419662,0,5.000000,0.000000,5.000000,0.000000,0.000000,0.000000,0.000000,0.000000,8.000000,-174.940000
1777586601.426815,0,5.000000,0.000000,5.000000,0.000000,0.000000,0.000000,0.000000,0.000000,8.000000,-174.940000
1777586601.435770,0,5.000000,0.000000,5.000000,0.000000,0.000000,0.000000,0.000000,0.000000,8.000000,-174.920000
1777586601.458240,0,5.000000,0.000000,5.000000,0.000000,0.000000,0.000000,0.000000,0.000000,8.000000,-174.910000
1777586601.468047,0,5.000000,0.000000,5.000000,0.000000,0.000000,0.000000,0.000000,0.000000,8.000000,-174.910000
1777586601.479363,0,5.000000,0.000000,5.000000,0.000000,0.000000,0.000000,0.000000,0.000000,8.000000,-174.890000
1777586601.481996,0,5.000000,0.000000,5.000000,0.000000,0.000000,0.000000,0.000000,0.000000,8.000000,-174.880000
1777586601.487031,0,5.000000,0.000000,5.000000,0.000000,0.000000,0.000000,0.000000,0.000000,8.000000,-174.880000
1777586601.494783,0,5.000000,0.000000,5.000000,0.000000,0.000000,0.000000,0.000000,0.000000,8.000000,-174.860000
1777586601.510540,0,5.000000,0.000000,5.000000,0.000000,0.000000,0.000000,0.000000,0.000000,8.000000,-174.860000
1777586601.517036,0,5.000000,0.000000,5.000000,0.000000,0.000000,0.000000,0.000000,0.000000,8.000000,-174.850000
1777586601.532813,0,5.000000,0.000000,5.000000,0.000000,0.000000,0.000000,0.000000,0.000000,8.000000,-174.830000
1777586601.539360,0,5.000000,0.000000,5.000000,0.000000,0.000000,0.000000,0.000000,0.000000,8.000000,-174.830000
1777586601.547179,0,5.000000,0.000000,5.000000,0.000000,0.000000,0.000000,0.000000,0.000000,8.000000,-174.820000
1777586601.562861,0,5.000000,0.000000,5.000000,0.000000,0.000000,0.000000,0.000000,0.000000,8.000000,-174.800000
1777586601.569755,0,5.000000,0.000000,5.000000,0.000000,0.000000,0.000000,0.000000,0.000000,8.000000,-174.800000
1777586601.576944,0,5.000000,0.000000,5.000000,0.000000,0.000000,0.000000,0.000000,0.000000,8.000000,-174.780000
1777586601.592525,0,5.000000,0.000000,5.000000,0.000000,0.000000,0.000000,0.000000,0.000000,8.000000,-174.770000
1777586601.599389,0,5.000000,0.000000,5.000000,0.000000,0.000000,0.000000,0.000000,0.000000,8.000000,-174.770000
1777586601.606910,0,5.000000,0.000000,5.000000,0.000000,0.000000,0.000000,0.000000,0.000000,8.000000,-174.750000
1777586601.630997,0,5.000000,0.000000,5.000000,0.000000,0.000000,0.000000,0.000000,0.000000,8.000000,-174.750000
1777586601.636927,0,5.000000,0.000000,5.000000,0.000000,0.000000,0.000000,0.000000,0.000000,8.000000,-174.740000
1777586601.644750,0,5.000000,0.000000,5.000000,0.000000,0.000000,0.000000,0.000000,0.000000,8.000000,-174.720000
1777586601.652371,0,5.000000,0.000000,5.000000,0.000000,0.000000,0.000000,0.000000,0.000000,8.000000,-174.710000
1777586601.667991,0,5.000000,0.000000,5.000000,0.000000,0.000000,0.000000,0.000000,0.000000,8.000000,-174.690000
1777586601.674365,0,5.000000,0.000000,5.000000,0.000000,0.000000,0.000000,0.000000,0.000000,8.000000,-174.690000
1777586601.682276,0,5.000000,0.000000,5.000000,0.000000,0.000000,0.000000,0.000000,0.000000,8.000000,-174.670000
1777586601.689439,0,5.000000,0.000000,5.000000,0.000000,0.000000,0.000000,0.000000,0.000000,8.000000,-174.660000
1777586601.697287,0,5.000000,0.000000,5.000000,0.000000,0.000000,0.000000,0.000000,0.000000,8.000000,-174.660000
1777586601.720396,0,5.000000,0.000000,5.000000,0.000000,0.000000,0.000000,0.000000,0.000000,8.000000,-174.640000
1777586601.726717,0,5.000000,0.000000,5.000000,0.000000,0.000000,0.000000,0.000000,0.000000,8.000000,-174.630000
1777586601.735627,0,5.000000,0.000000,5.000000,0.000000,0.000000,0.000000,0.000000,0.000000,8.000000,-174.630000
1777586601.742044,0,5.000000,0.000000,5.000000,0.000000,0.000000,0.000000,0.000000,0.000000,8.000000,-174.630000
1777586601.749515,0,5.000000,0.000000,5.000000,0.000000,0.000000,0.000000,0.000000,0.000000,8.000000,-174.610000
1777586601.757008,0,5.000000,0.000000,5.000000,0.000000,0.000000,0.000000,0.000000,0.000000,8.000000,-174.610000
1777586601.780857,0,5.000000,0.000000,5.000000,0.000000,0.000000,0.000000,0.000000,0.000000,8.000000,-174.600000
1777586601.787181,0,5.000000,0.000000,5.000000,0.000000,0.000000,0.000000,0.000000,0.000000,8.000000,-174.580000
1777586601.794592,0,5.000000,0.000000,5.000000,0.000000,0.000000,0.000000,0.000000,0.000000,8.000000,-174.580000
1777586601.802173,0,5.000000,0.000000,5.000000,0.000000,0.000000,0.000000,0.000000,0.000000,8.000000,-174.570000
1777586601.809427,0,5.000000,0.000000,5.000000,0.000000,0.000000,0.000000,0.000000,0.000000,8.000000,-174.550000
1777586601.817062,0,5.000000,0.000000,5.000000,0.000000,0.000000,0.000000,0.000000,0.000000,8.000000,-174.550000
1777586601.832955,0,5.000000,0.000000,5.000000,0.000000,0.000000,0.000000,0.000000,0.000000,8.000000,-174.530000
1777586601.847393,0,5.000000,0.000000,5.000000,0.000000,0.000000,0.000000,0.000000,0.000000,8.000000,-174.520000
1777586601.858435,0,5.000000,0.000000,5.000000,0.000000,0.000000,0.000000,0.000000,0.000000,8.000000,-174.520000
1777586601.871188,0,5.000000,0.000000,5.000000,0.000000,0.000000,0.000000,0.000000,0.000000,8.000000,-174.500000
1777586601.871666,0,5.000000,0.000000,5.000000,0.000000,0.000000,0.000000,0.000000,0.000000,8.000000,-174.500000
1777586601.877100,0,5.000000,0.000000,5.000000,0.000000,0.000000,0.000000,0.000000,0.000000,8.000000,-174.490000
1777586601.893317,0,5.000000,0.000000,5.000000,0.000000,0.000000,0.000000,0.000000,0.000000,8.000000,-174.470000
1777586601.899380,0,5.000000,0.000000,5.000000,0.000000,0.000000,0.000000,0.000000,0.000000,8.000000,-174.470000
1777586601.907076,0,5.000000,0.000000,5.000000,0.000000,0.000000,0.000000,0.000000,0.000000,8.000000,-174.460000
1777586601.914402,0,5.000000,0.000000,5.000000,0.000000,0.000000,0.000000,0.000000,0.000000,8.000000,-174.440000
1777586601.930734,0,5.000000,0.000000,5.000000,0.000000,0.000000,0.000000,0.000000,0.000000,8.000000,-174.440000
1777586601.945592,0,5.000000,0.000000,5.000000,0.000000,0.000000,0.000000,0.000000,0.000000,8.000000,-174.420000
1777586601.952233,0,5.000000,0.000000,5.000000,0.000000,0.000000,0.000000,0.000000,0.000000,8.000000,-174.410000
1777586601.959369,0,5.000000,0.000000,5.000000,0.000000,0.000000,0.000000,0.000000,0.000000,8.000000,-174.410000
1777586601.966583,0,5.000000,0.000000,5.000000,0.000000,0.000000,0.000000,0.000000,0.000000,8.000000,-174.390000
1777586601.989978,0,5.000000,0.000000,5.000000,0.000000,0.000000,0.000000,0.000000,0.000000,8.000000,-174.380000
1777586601.996883,0,5.000000,0.000000,5.000000,0.000000,0.000000,0.000000,0.000000,0.000000,8.000000,-174.380000
1777586602.004509,0,5.000000,0.000000,5.000000,0.000000,0.000000,0.000000,0.000000,0.000000,8.000000,-174.360000
1777586602.012427,0,5.000000,0.000000,5.000000,0.000000,0.000000,0.000000,0.000000,0.000000,8.000000,-174.360000
1777586602.019556,0,5.000000,0.000000,5.000000,0.000000,0.000000,0.000000,0.000000,0.000000,8.000000,-174.350000
1777586602.027251,0,5.000000,0.000000,5.000000,0.000000,0.000000,0.000000,0.000000,0.000000,8.000000,-174.330000
1777586602.043091,0,5.000000,0.000000,5.000000,0.000000,0.000000,0.000000,0.000000,0.000000,8.000000,-174.330000
1777586602.049885,0,5.000000,0.000000,5.000000,0.000000,0.000000,0.000000,0.000000,0.000000,8.000000,-174.320000
1777586602.065179,0,5.000000,0.000000,5.000000,0.000000,0.000000,0.000000,0.000000,0.000000,8.000000,-174.300000
1777586602.071935,0,5.000000,0.000000,5.000000,0.000000,0.000000,0.000000,0.000000,0.000000,8.000000,-174.300000
1777586602.079514,0,5.000000,0.000000,5.000000,0.000000,0.000000,0.000000,0.000000,0.000000,8.000000,-174.280000
1777586602.087028,0,5.000000,0.000000,5.000000,0.000000,0.000000,0.000000,0.000000,0.000000,8.000000,-174.270000
1777586602.094411,0,5.000000,0.000000,5.000000,0.000000,0.000000,0.000000,0.000000,0.000000,8.000000,-174.270000
1777586602.118488,0,5.000000,0.000000,5.000000,0.000000,0.000000,0.000000,0.000000,0.000000,8.000000,-174.250000
1777586602.132584,0,5.000000,0.000000,5.000000,0.000000,0.000000,0.000000,0.000000,0.000000,8.000000,-174.250000
1777586602.133497,0,5.000000,0.000000,5.000000,0.000000,0.000000,0.000000,0.000000,0.000000,8.000000,-174.240000
1777586602.146873,0,5.000000,0.000000,5.000000,0.000000,0.000000,0.000000,0.000000,0.000000,8.000000,-174.220000
1777586602.154043,0,5.000000,0.000000,5.000000,0.000000,0.000000,0.000000,0.000000,0.000000,8.000000,-174.220000
1777586602.155158,0,5.000000,0.000000,5.000000,0.000000,0.000000,0.000000,0.000000,0.000000,8.000000,-174.210000
1777586602.170272,0,5.000000,0.000000,5.000000,0.000000,0.000000,0.000000,0.000000,0.000000,8.000000,-174.190000
1777586602.176958,0,5.000000,0.000000,5.000000,0.000000,0.000000,0.000000,0.000000,0.000000,8.000000,-174.190000
1777586602.184765,0,5.000000,0.000000,5.000000,0.000000,0.000000,0.000000,0.000000,0.000000,8.000000,-174.170000
1777586602.214716,0,5.000000,0.000000,5.000000,0.000000,0.000000,0.000000,0.000000,0.000000,8.000000,-174.160000
1777586602.215657,0,5.000000,0.000000,5.000000,0.000000,0.000000,0.000000,0.000000,0.000000,8.000000,-174.160000
1777586602.222036,0,5.000000,0.000000,5.000000,0.000000,0.000000,0.000000,0.000000,0.000000,8.000000,-174.140000
1777586602.229564,0,5.000000,0.000000,5.000000,0.000000,0.000000,0.000000,0.000000,0.000000,8.000000,-174.130000
1777586602.236905,0,5.000000,0.000000,5.000000,0.000000,0.000000,0.000000,0.000000,0.000000,8.000000,-174.130000
1777586602.252331,0,5.000000,0.000000,5.000000,0.000000,0.000000,0.000000,0.000000,0.000000,8.000000,-174.110000
1777586602.259667,0,5.000000,0.000000,5.000000,0.000000,0.000000,0.000000,0.000000,0.000000,8.000000,-174.110000
1777586602.267087,0,5.000000,0.000000,5.000000,0.000000,0.000000,0.000000,0.000000,0.000000,8.000000,-174.100000
1777586602.283213,0,5.000000,0.000000,5.000000,0.000000,0.000000,0.000000,0.000000,0.000000,8.000000,-174.080000
1777586602.289887,0,5.000000,0.000000,5.000000,0.000000,0.000000,0.000000,0.000000,0.000000,8.000000,-174.080000
1777586602.305188,0,5.000000,0.000000,5.000000,0.000000,0.000000,0.000000,0.000000,0.000000,8.000000,-174.070000
1777586602.312154,0,5.000000,0.000000,5.000000,0.000000,0.000000,0.000000,0.000000,0.000000,8.000000,-174.050000
1777586602.319515,0,5.000000,0.000000,5.000000,0.000000,0.000000,0.000000,0.000000,0.000000,8.000000,-174.050000
1777586602.335032,0,5.000000,0.000000,5.000000,0.000000,0.000000,0.000000,0.000000,0.000000,8.000000,-174.030000
1777586602.341770,0,5.000000,0.000000,5.000000,0.000000,0.000000,0.000000,0.000000,0.000000,8.000000,-174.020000
1777586602.349295,0,5.000000,0.000000,5.000000,0.000000,0.000000,0.000000,0.000000,0.000000,8.000000,-174.020000
1777586602.357814,0,5.000000,0.000000,5.000000,0.000000,0.000000,0.000000,0.000000,0.000000,8.000000,-174.000000
1777586602.364505,0,5.000000,0.000000,5.000000,0.000000,0.000000,0.000000,0.000000,0.000000,8.000000,-174.000000
1777586602.388024,0,5.000000,0.000000,5.000000,0.000000,0.000000,0.000000,0.000000,0.000000,8.000000,-173.990000
1777586602.394889,0,5.000000,0.000000,5.000000,0.000000,0.000000,0.000000,0.000000,0.000000,8.000000,-173.970000
1777586602.402809,0,5.000000,0.000000,5.000000,0.000000,0.000000,0.000000,0.000000,0.000000,8.000000,-173.970000
1777586602.409450,0,5.000000,0.000000,5.000000,0.000000,0.000000,0.000000,0.000000,0.000000,8.000000,-173.960000
1777586602.425025,0,5.000000,0.000000,5.000000,0.000000,0.000000,0.000000,0.000000,0.000000,8.000000,-173.940000
1777586602.431818,0,5.000000,0.000000,5.000000,0.000000,0.000000,0.000000,0.000000,0.000000,8.000000,-173.940000
1777586602.446948,0,5.000000,0.000000,5.000000,0.000000,0.000000,0.000000,0.000000,0.000000,8.000000,-173.920000
1777586602.447823,0,5.000000,0.000000,5.000000,0.000000,0.000000,0.000000,0.000000,0.000000,8.000000,-173.910000
1777586602.462092,0,5.000000,0.000000,5.000000,0.000000,0.000000,0.000000,0.000000,0.000000,8.000000,-173.910000
1777586602.469419,0,5.000000,0.000000,5.000000,0.000000,0.000000,0.000000,0.000000,0.000000,8.000000,-173.890000
1777586602.477032,0,5.000000,0.000000,5.000000,0.000000,0.000000,0.000000,0.000000,0.000000,8.000000,-173.880000
1777586602.484670,0,5.000000,0.000000,5.000000,0.000000,0.000000,0.000000,0.000000,0.000000,8.000000,-173.880000
1777586602.492222,0,5.000000,0.000000,5.000000,0.000000,0.000000,0.000000,0.000000,0.000000,8.000000,-173.860000
1777586602.515498,0,5.000000,0.000000,5.000000,0.000000,0.000000,0.000000,0.000000,0.000000,8.000000,-173.860000
1777586602.521938,0,5.000000,0.000000,5.000000,0.000000,0.000000,0.000000,0.000000,0.000000,8.000000,-173.850000
1777586602.529742,0,5.000000,0.000000,5.000000,0.000000,0.000000,0.000000,0.000000,0.000000,8.000000,-173.830000
1777586602.537521,0,5.000000,0.000000,5.000000,0.000000,0.000000,0.000000,0.000000,0.000000,8.000000,-173.830000
1777586602.544700,0,5.000000,0.000000,5.000000,0.000000,0.000000,0.000000,0.000000,0.000000,8.000000,-173.820000
1777586602.551765,0,5.000000,0.000000,5.000000,0.000000,0.000000,0.000000,0.000000,0.000000,8.000000,-173.800000
1777586602.567824,0,5.000000,0.000000,5.000000,0.000000,0.000000,0.000000,0.000000,0.000000,8.000000,-173.800000
1777586602.582592,0,5.000000,0.000000,5.000000,0.000000,0.000000,0.000000,0.000000,0.000000,8.000000,-173.780000
1777586602.583509,0,5.000000,0.000000,5.000000,0.000000,0.000000,0.000000,0.000000,0.000000,8.000000,-173.770000
1777586602.605268,0,5.000000,0.000000,5.000000,0.000000,0.000000,0.000000,0.000000,0.000000,8.000000,-173.770000
1777586602.611784,0,5.000000,0.000000,5.000000,0.000000,0.000000,0.000000,0.000000,0.000000,8.000000,-173.750000
1777586602.619344,0,5.000000,0.000000,5.000000,0.000000,0.000000,0.000000,0.000000,0.000000,8.000000,-173.750000
1777586602.627153,0,5.000000,0.000000,5.000000,0.000000,0.000000,0.000000,0.000000,0.000000,8.000000,-173.740000
1777586602.634672,0,5.000000,0.000000,5.000000,0.000000,0.000000,0.000000,0.000000,0.000000,8.000000,-173.720000
1777586602.649940,0,5.000000,0.000000,5.000000,0.000000,0.000000,0.000000,0.000000,0.000000,8.000000,-173.720000
1777586602.656617,0,5.000000,0.000000,5.000000,0.000000,0.000000,0.000000,0.000000,0.000000,8.000000,-173.710000
1777586602.657806,0,5.000000,0.000000,5.000000,0.000000,0.000000,0.000000,0.000000,0.000000,8.000000,-173.690000
1777586602.683515,0,5.000000,0.000000,5.000000,0.000000,0.000000,0.000000,0.000000,0.000000,8.000000,-173.690000
1777586602.686925,0,5.000000,0.000000,5.000000,0.000000,0.000000,0.000000,0.000000,0.000000,8.000000,-173.670000
1777586602.694561,0,5.000000,0.000000,5.000000,0.000000,0.000000,0.000000,0.000000,0.000000,8.000000,-173.660000
1777586602.710457,0,5.000000,0.000000,5.000000,0.000000,0.000000,0.000000,0.000000,0.000000,8.000000,-173.660000
1777586602.717134,0,5.000000,0.000000,5.000000,0.000000,0.000000,0.000000,0.000000,0.000000,8.000000,-173.640000
1777586602.724556,0,5.000000,0.000000,5.000000,0.000000,0.000000,0.000000,0.000000,0.000000,8.000000,-173.630000
1777586602.739738,0,5.000000,0.000000,5.000000,0.000000,0.000000,0.000000,0.000000,0.000000,8.000000,-173.630000
1777586602.746981,0,5.000000,0.000000,5.000000,0.000000,0.000000,0.000000,0.000000,0.000000,8.000000,-173.610000
1777586602.754503,0,5.000000,0.000000,5.000000,0.000000,0.000000,0.000000,0.000000,0.000000,8.000000,-173.610000
1777586602.762070,0,5.000000,0.000000,5.000000,0.000000,0.000000,0.000000,0.000000,0.000000,8.000000,-173.600000
1777586602.785221,0,5.000000,0.000000,5.000000,0.000000,0.000000,0.000000,0.000000,0.000000,8.000000,-173.580000
1777586602.792156,0,5.000000,0.000000,5.000000,0.000000,0.000000,0.000000,0.000000,0.000000,8.000000,-173.580000
1777586602.799562,0,5.000000,0.000000,5.000000,0.000000,0.000000,0.000000,0.000000,0.000000,8.000000,-173.570000
1777586602.807030,0,5.000000,0.000000,5.000000,0.000000,0.000000,0.000000,0.000000,0.000000,8.000000,-173.550000
1777586602.814628,0,5.000000,0.000000,5.000000,0.000000,0.000000,0.000000,0.000000,0.000000,8.000000,-173.550000
1777586602.831152,0,5.000000,0.000000,5.000000,0.000000,0.000000,0.000000,0.000000,0.000000,8.000000,-173.530000
1777586602.837217,0,5.000000,0.000000,5.000000,0.000000,0.000000,0.000000,0.000000,0.000000,8.000000,-173.520000
1777586602.844549,0,5.000000,0.000000,5.000000,0.000000,0.000000,0.000000,0.000000,0.000000,8.000000,-173.520000
1777586602.860575,0,5.000000,0.000000,5.000000,0.000000,0.000000,0.000000,0.000000,0.000000,8.000000,-173.500000
1777586602.867244,0,5.000000,0.000000,5.000000,0.000000,0.000000,0.000000,0.000000,0.000000,8.000000,-173.500000
1777586602.874592,0,5.000000,0.000000,5.000000,0.000000,0.000000,0.000000,0.000000,0.000000,8.000000,-173.490000
1777586602.889643,0,5.000000,0.000000,5.000000,0.000000,0.000000,0.000000,0.000000,0.000000,8.000000,-173.470000
1777586602.897288,0,5.000000,0.000000,5.000000,0.000000,0.000000,0.000000,0.000000,0.000000,8.000000,-173.470000
1777586602.904762,0,5.000000,0.000000,5.000000,0.000000,0.000000,0.000000,0.000000,0.000000,8.000000,-173.460000
1777586602.919736,0,5.000000,0.000000,5.000000,0.000000,0.000000,0.000000,0.000000,0.000000,8.000000,-173.440000
1777586602.926968,0,5.000000,0.000000,5.000000,0.000000,0.000000,0.000000,0.000000,0.000000,8.000000,-173.440000
1777586602.927869,0,5.000000,0.000000,5.000000,0.000000,0.000000,0.000000,0.000000,0.000000,8.000000,-173.420000
1777586602.958064,0,5.000000,0.000000,5.000000,0.000000,0.000000,0.000000,0.000000,0.000000,8.000000,-173.410000
1777586602.964572,0,5.000000,0.000000,5.000000,0.000000,0.000000,0.000000,0.000000,0.000000,8.000000,-173.410000
1777586602.971970,0,5.000000,0.000000,5.000000,0.000000,0.000000,0.000000,0.000000,0.000000,8.000000,-173.390000
1777586602.979380,0,5.000000,0.000000,5.000000,0.000000,0.000000,0.000000,0.000000,0.000000,8.000000,-173.380000
1777586602.987054,0,5.000000,0.000000,5.000000,0.000000,0.000000,0.000000,0.000000,0.000000,8.000000,-173.380000
1777586602.994377,0,5.000000,0.000000,5.000000,0.000000,0.000000,0.000000,0.000000,0.000000,8.000000,-173.360000
1777586603.018111,0,5.000000,0.000000,5.000000,0.000000,0.000000,0.000000,0.000000,0.000000,8.000000,-173.360000
1777586603.018959,0,5.000000,0.000000,5.000000,0.000000,0.000000,0.000000,0.000000,0.000000,8.000000,-173.350000
1777586603.024468,0,5.000000,0.000000,5.000000,0.000000,0.000000,0.000000,0.000000,0.000000,8.000000,-173.330000
1777586603.032032,0,5.000000,0.000000,5.000000,0.000000,0.000000,0.000000,0.000000,0.000000,8.000000,-173.330000
1777586603.056173,0,5.000000,0.000000,5.000000,0.000000,0.000000,0.000000,0.000000,0.000000,8.000000,-173.320000
1777586603.062024,0,5.000000,0.000000,5.000000,0.000000,0.000000,0.000000,0.000000,0.000000,8.000000,-173.300000
1777586603.069456,0,5.000000,0.000000,5.000000,0.000000,0.000000,0.000000,0.000000,0.000000,8.000000,-173.300000
1777586603.077036,0,5.000000,0.000000,5.000000,0.000000,0.000000,0.000000,0.000000,0.000000,8.000000,-173.280000
1777586603.084833,0,5.000000,0.000000,5.000000,0.000000,0.000000,0.000000,0.000000,0.000000,8.000000,-173.270000
1777586603.092031,0,5.000000,0.000000,5.000000,0.000000,0.000000,0.000000,0.000000,0.000000,8.000000,-173.270000
1777586603.099950,0,5.000000,0.000000,5.000000,0.000000,0.000000,0.000000,0.000000,0.000000,8.000000,-173.250000
1777586603.122557,0,5.000000,0.000000,5.000000,0.000000,0.000000,0.000000,0.000000,0.000000,8.000000,-173.250000
1777586603.129534,0,5.000000,0.000000,5.000000,0.000000,0.000000,0.000000,0.000000,0.000000,8.000000,-173.240000
1777586603.137006,0,5.000000,0.000000,5.000000,0.000000,0.000000,0.000000,0.000000,0.000000,8.000000,-173.220000
1777586603.144358,0,5.000000,0.000000,5.000000,0.000000,0.000000,0.000000,0.000000,0.000000,8.000000,-173.220000
1777586603.153354,0,5.000000,0.000000,5.000000,0.000000,0.000000,0.000000,0.000000,0.000000,8.000000,-173.210000
1777586603.168089,0,5.000000,0.000000,5.000000,0.000000,0.000000,0.000000,0.000000,0.000000,8.000000,-173.190000
1777586603.174395,0,5.000000,0.000000,5.000000,0.000000,0.000000,0.000000,0.000000,0.000000,8.000000,-173.190000
1777586603.182018,0,5.000000,0.000000,5.000000,0.000000,0.000000,0.000000,0.000000,0.000000,8.000000,-173.170000
1777586603.198369,0,5.000000,0.000000,5.000000,0.000000,0.000000,0.000000,0.000000,0.000000,8.000000,-173.160000
1777586603.204873,0,5.000000,0.000000,5.000000,0.000000,0.000000,0.000000,0.000000,0.000000,8.000000,-173.160000
1777586603.212605,0,5.000000,0.000000,5.000000,0.000000,0.000000,0.000000,0.000000,0.000000,8.000000,-173.140000
1777586603.220165,0,5.000000,0.000000,5.000000,0.000000,0.000000,0.000000,0.000000,0.000000,8.000000,-173.130000
1777586603.242958,0,5.000000,0.000000,5.000000,0.000000,0.000000,0.000000,0.000000,0.000000,8.000000,-173.130000
1777586603.249823,0,5.000000,0.000000,5.000000,0.000000,0.000000,0.000000,0.000000,0.000000,8.000000,-173.110000
1777586603.257084,0,5.000000,0.000000,5.000000,0.000000,0.000000,0.000000,0.000000,0.000000,8.000000,-173.110000
1777586603.264532,0,5.000000,0.000000,5.000000,0.000000,0.000000,0.000000,0.000000,0.000000,8.000000,-173.100000
1777586603.273280,0,5.000000,0.000000,5.000000,0.000000,0.000000,0.000000,0.000000,0.000000,8.000000,-173.080000
1777586603.287165,0,5.000000,0.000000,5.000000,0.000000,0.000000,0.000000,0.000000,0.000000,8.000000,-173.080000
1777586603.294570,0,5.000000,0.000000,5.000000,0.000000,0.000000,0.000000,0.000000,0.000000,8.000000,-173.070000
1777586603.302397,0,5.000000,0.000000,5.000000,0.000000,0.000000,0.000000,0.000000,0.000000,8.000000,-173.050000
1777586603.317220,0,5.000000,0.000000,5.000000,0.000000,0.000000,0.000000,0.000000,0.000000,8.000000,-173.050000
1777586603.332887,0,5.000000,0.000000,5.000000,0.000000,0.000000,0.000000,0.000000,0.000000,8.000000,-173.030000
1777586603.339546,0,5.000000,0.000000,5.000000,0.000000,0.000000,0.000000,0.000000,0.000000,8.000000,-173.020000
1777586603.347053,0,5.000000,0.000000,5.000000,0.000000,0.000000,0.000000,0.000000,0.000000,8.000000,-173.020000
1777586603.354338,0,5.000000,0.000000,5.000000,0.000000,0.000000,0.000000,0.000000,0.000000,8.000000,-173.000000
1777586603.361922,0,5.000000,0.000000,5.000000,0.000000,0.000000,0.000000,0.000000,0.000000,8.000000,-173.000000
1777586603.369596,0,5.000000,0.000000,5.000000,0.000000,0.000000,0.000000,0.000000,0.000000,8.000000,-172.990000
1777586603.385029,0,5.000000,0.000000,5.000000,0.000000,0.000000,0.000000,0.000000,0.000000,8.000000,-172.970000
1777586603.391960,0,5.000000,0.000000,5.000000,0.000000,0.000000,0.000000,0.000000,0.000000,8.000000,-172.970000
1777586603.407715,0,5.000000,0.000000,5.000000,0.000000,0.000000,0.000000,0.000000,0.000000,8.000000,-172.960000
1777586603.414702,0,5.000000,0.000000,5.000000,0.000000,0.000000,0.000000,0.000000,0.000000,8.000000,-172.940000
1777586603.422006,0,5.000000,0.000000,5.000000,0.000000,0.000000,0.000000,0.000000,0.000000,8.000000,-172.940000
1777586603.429495,0,5.000000,0.000000,5.000000,0.000000,0.000000,0.000000,0.000000,0.000000,8.000000,-172.920000
1777586603.445270,0,5.000000,0.000000,5.000000,0.000000,0.000000,0.000000,0.000000,0.000000,8.000000,-172.910000
1777586603.452321,0,5.000000,0.000000,5.000000,0.000000,0.000000,0.000000,0.000000,0.000000,8.000000,-172.910000
1777586603.467392,0,5.000000,0.000000,5.000000,0.000000,0.000000,0.000000,0.000000,0.000000,8.000000,-172.890000
1777586603.474849,0,5.000000,0.000000,5.000000,0.000000,0.000000,0.000000,0.000000,0.000000,8.000000,-172.880000
1777586603.481768,0,5.000000,0.000000,5.000000,0.000000,0.000000,0.000000,0.000000,0.000000,8.000000,-172.880000
1777586603.489460,0,5.000000,0.000000,5.000000,0.000000,0.000000,0.000000,0.000000,0.000000,8.000000,-172.860000
1777586603.504190,0,5.000000,0.000000,5.000000,0.000000,0.000000,0.000000,0.000000,0.000000,8.000000,-172.860000
1777586603.505183,0,5.000000,0.000000,5.000000,0.000000,0.000000,0.000000,0.000000,0.000000,8.000000,-172.850000
1777586603.528118,0,5.000000,0.000000,5.000000,0.000000,0.000000,0.000000,0.000000,0.000000,8.000000,-172.830000
1777586603.534735,0,5.000000,0.000000,5.000000,0.000000,0.000000,0.000000,0.000000,0.000000,8.000000,-172.830000
1777586603.541773,0,5.000000,0.000000,5.000000,0.000000,0.000000,0.000000,0.000000,0.000000,8.000000,-172.820000
1777586603.549748,0,5.000000,0.000000,5.000000,0.000000,0.000000,0.000000,0.000000,0.000000,8.000000,-172.800000
1777586603.557053,0,5.000000,0.000000,5.000000,0.000000,0.000000,0.000000,0.000000,0.000000,8.000000,-172.800000
1777586603.581158,0,5.000000,0.000000,5.000000,0.000000,0.000000,0.000000,0.000000,0.000000,8.000000,-172.780000
1777586603.587186,0,5.000000,0.000000,5.000000,0.000000,0.000000,0.000000,0.000000,0.000000,8.000000,-172.770000
1777586603.594573,0,5.000000,0.000000,5.000000,0.000000,0.000000,0.000000,0.000000,0.000000,8.000000,-172.770000
1777586603.610142,0,5.000000,0.000000,5.000000,0.000000,0.000000,0.000000,0.000000,0.000000,8.000000,-172.750000
1777586603.617072,0,5.000000,0.000000,5.000000,0.000000,0.000000,0.000000,0.000000,0.000000,8.000000,-172.750000
1777586603.624748,0,5.000000,0.000000,5.000000,0.000000,0.000000,0.000000,0.000000,0.000000,8.000000,-172.740000
1777586603.640700,0,5.000000,0.000000,5.000000,0.000000,0.000000,0.000000,0.000000,0.000000,8.000000,-172.720000
1777586603.647471,0,5.000000,0.000000,5.000000,0.000000,0.000000,0.000000,0.000000,0.000000,8.000000,-172.720000
1777586603.654425,0,5.000000,0.000000,5.000000,0.000000,0.000000,0.000000,0.000000,0.000000,8.000000,-172.710000
1777586603.662882,0,5.000000,0.000000,5.000000,0.000000,0.000000,0.000000,0.000000,0.000000,8.000000,-172.690000
1777586603.684727,0,5.000000,0.000000,5.000000,0.000000,0.000000,0.000000,0.000000,0.000000,8.000000,-172.690000
1777586603.685682,0,5.000000,0.000000,5.000000,0.000000,0.000000,0.000000,0.000000,0.000000,8.000000,-172.670000
1777586603.692009,0,5.000000,0.000000,5.000000,0.000000,0.000000,0.000000,0.000000,0.000000,8.000000,-172.660000
1777586603.700826,0,5.000000,0.000000,5.000000,0.000000,0.000000,0.000000,0.000000,0.000000,8.000000,-172.660000
1777586603.708583,0,5.000000,0.000000,5.000000,0.000000,0.000000,0.000000,0.000000,0.000000,8.000000,-172.640000
1777586603.730098,0,5.000000,0.000000,5.000000,0.000000,0.000000,0.000000,0.000000,0.000000,8.000000,-172.630000
1777586603.737113,0,5.000000,0.000000,5.000000,0.000000,0.000000,0.000000,0.000000,0.000000,8.000000,-172.630000
1777586603.744627,0,5.000000,0.000000,5.000000,0.000000,0.000000,0.000000,0.000000,0.000000,8.000000,-172.610000
1777586603.752203,0,5.000000,0.000000,5.000000,0.000000,0.000000,0.000000,0.000000,0.000000,8.000000,-172.610000
1777586603.759460,0,5.000000,0.000000,5.000000,0.000000,0.000000,0.000000,0.000000,0.000000,8.000000,-172.610000
1777586603.774503,0,5.000000,0.000000,5.000000,0.000000,0.000000,0.000000,0.000000,0.000000,8.000000,-172.600000
1777586603.784147,0,5.000000,0.000000,5.000000,0.000000,0.000000,0.000000,0.000000,0.000000,8.000000,-172.580000
1777586603.789556,0,5.000000,0.000000,5.000000,0.000000,0.000000,0.000000,0.000000,0.000000,8.000000,-172.580000
1777586603.804616,0,5.000000,0.000000,5.000000,0.000000,0.000000,0.000000,0.000000,0.000000,8.000000,-172.570000
1777586603.812656,0,5.000000,0.000000,5.000000,0.000000,0.000000,0.000000,0.000000,0.000000,8.000000,-172.550000
1777586603.819451,0,5.000000,0.000000,5.000000,0.000000,0.000000,0.000000,0.000000,0.000000,8.000000,-172.550000
1777586603.826824,0,5.000000,0.000000,5.000000,0.000000,0.000000,0.000000,0.000000,0.000000,8.000000,-172.530000
1777586603.844005,0,5.000000,0.000000,5.000000,0.000000,0.000000,0.000000,0.000000,0.000000,8.000000,-172.520000
1777586603.849601,0,5.000000,0.000000,5.000000,0.000000,0.000000,0.000000,0.000000,0.000000,8.000000,-172.500000
1777586603.864954,0,5.000000,0.000000,5.000000,0.000000,0.000000,0.000000,0.000000,0.000000,8.000000,-172.500000
1777586603.872356,0,5.000000,0.000000,5.000000,0.000000,0.000000,0.000000,0.000000,0.000000,8.000000,-172.500000
1777586603.879598,0,5.000000,0.000000,5.000000,0.000000,0.000000,0.000000,0.000000,0.000000,8.000000,-172.470000
1777586603.887247,0,5.000000,0.000000,5.000000,0.000000,0.000000,0.000000,0.000000,0.000000,8.000000,-172.470000
1777586603.909989,0,5.000000,0.000000,5.000000,0.000000,0.000000,0.000000,0.000000,0.000000,8.000000,-172.470000
1777586603.917101,0,5.000000,0.000000,5.000000,0.000000,0.000000,0.000000,0.000000,0.000000,8.000000,-172.460000
1777586603.924368,0,5.000000,0.000000,5.000000,0.000000,0.000000,0.000000,0.000000,0.000000,8.000000,-172.440000
1777586603.932344,0,5.000000,0.000000,5.000000,0.000000,0.000000,0.000000,0.000000,0.000000,8.000000,-172.420000
1777586603.939555,0,5.000000,0.000000,5.000000,0.000000,0.000000,0.000000,0.000000,0.000000,8.000000,-172.420000
1777586603.946889,0,5.000000,0.000000,5.000000,0.000000,0.000000,0.000000,0.000000,0.000000,8.000000,-172.410000
1777586603.954380,0,5.000000,0.000000,5.000000,0.000000,0.000000,0.000000,0.000000,0.000000,8.000000,-172.410000
1777586603.977700,0,5.000000,0.000000,5.000000,0.000000,0.000000,0.000000,0.000000,0.000000,8.000000,-172.390000
1777586603.984523,0,5.000000,0.000000,5.000000,0.000000,0.000000,0.000000,0.000000,0.000000,8.000000,-172.380000
1777586603.992118,0,5.000000,0.000000,5.000000,0.000000,0.000000,0.000000,0.000000,0.000000,8.000000,-172.380000
1777586603.999516,0,5.000000,0.000000,5.000000,0.000000,0.000000,0.000000,0.000000,0.000000,8.000000,-172.360000
1777586604.006946,0,5.000000,0.000000,5.000000,0.000000,0.000000,0.000000,0.000000,0.000000,8.000000,-172.360000
1777586604.022553,0,5.000000,0.000000,5.000000,0.000000,0.000000,0.000000,0.000000,0.000000,8.000000,-172.350000
1777586604.023370,0,5.000000,0.000000,5.000000,0.000000,0.000000,0.000000,0.000000,0.000000,8.000000,-172.330000
1777586604.051886,0,5.000000,0.000000,5.000000,0.000000,0.000000,0.000000,0.000000,0.000000,8.000000,-172.330000
1777586604.052842,0,5.000000,0.000000,5.000000,0.000000,0.000000,0.000000,0.000000,0.000000,8.000000,-172.320000
1777586604.053616,0,5.000000,0.000000,5.000000,0.000000,0.000000,0.000000,0.000000,0.000000,8.000000,-172.300000
1777586604.074488,0,5.000000,0.000000,5.000000,0.000000,0.000000,0.000000,0.000000,0.000000,8.000000,-172.300000
1777586604.081491,0,5.000000,0.000000,5.000000,0.000000,0.000000,0.000000,0.000000,0.000000,8.000000,-172.280000
1777586604.083234,0,5.000000,0.000000,5.000000,0.000000,0.000000,0.000000,0.000000,0.000000,8.000000,-172.270000
1777586604.104696,0,5.000000,0.000000,5.000000,0.000000,0.000000,0.000000,0.000000,0.000000,8.000000,-172.270000
1777586604.111878,0,5.000000,0.000000,5.000000,0.000000,0.000000,0.000000,0.000000,0.000000,8.000000,-172.250000
1777586604.127215,0,5.000000,0.000000,5.000000,0.000000,0.000000,0.000000,0.000000,0.000000,8.000000,-172.250000
1777586604.134447,0,5.000000,0.000000,5.000000,0.000000,0.000000,0.000000,0.000000,0.000000,8.000000,-172.240000
1777586604.142436,0,5.000000,0.000000,5.000000,0.000000,0.000000,0.000000,0.000000,0.000000,8.000000,-172.220000
1777586604.149576,0,5.000000,0.000000,5.000000,0.000000,0.000000,0.000000,0.000000,0.000000,8.000000,-172.220000
1777586604.157254,0,5.000000,0.000000,5.000000,0.000000,0.000000,0.000000,0.000000,0.000000,8.000000,-172.210000
1777586604.171966,0,5.000000,0.000000,5.000000,0.000000,0.000000,0.000000,0.000000,0.000000,8.000000,-172.190000
1777586604.179076,0,5.000000,0.000000,5.000000,0.000000,0.000000,0.000000,0.000000,0.000000,8.000000,-172.190000
1777586604.180216,0,5.000000,0.000000,5.000000,0.000000,0.000000,0.000000,0.000000,0.000000,8.000000,-172.170000
1777586604.203076,0,5.000000,0.000000,5.000000,0.000000,0.000000,0.000000,0.000000,0.000000,8.000000,-172.160000
1777586604.218020,0,5.000000,0.000000,5.000000,0.000000,0.000000,0.000000,0.000000,0.000000,8.000000,-172.160000
1777586604.218941,0,5.000000,0.000000,5.000000,0.000000,0.000000,0.000000,0.000000,0.000000,8.000000,-172.140000
1777586604.232778,0,5.000000,0.000000,5.000000,0.000000,0.000000,0.000000,0.000000,0.000000,8.000000,-172.130000
1777586604.239560,0,5.000000,0.000000,5.000000,0.000000,0.000000,0.000000,0.000000,0.000000,8.000000,-172.130000
1777586604.250036,0,5.000000,0.000000,5.000000,0.000000,0.000000,0.000000,0.000000,0.000000,8.000000,-172.110000
1777586604.254591,0,5.000000,0.000000,5.000000,0.000000,0.000000,0.000000,0.000000,0.000000,8.000000,-172.110000
1777586604.269749,0,5.000000,0.000000,5.000000,0.000000,0.000000,0.000000,0.000000,0.000000,8.000000,-172.100000
1777586604.276825,0,5.000000,0.000000,5.000000,0.000000,0.000000,0.000000,0.000000,0.000000,8.000000,-172.080000
1777586604.285042,0,5.000000,0.000000,5.000000,0.000000,0.000000,0.000000,0.000000,0.000000,8.000000,-172.080000
1777586604.299968,0,5.000000,0.000000,5.000000,0.000000,0.000000,0.000000,0.000000,0.000000,8.000000,-172.070000
1777586604.308141,0,5.000000,0.000000,5.000000,0.000000,0.000000,0.000000,0.000000,0.000000,8.000000,-172.050000
1777586604.314378,0,5.000000,0.000000,5.000000,0.000000,0.000000,0.000000,0.000000,0.000000,8.000000,-172.050000
1777586604.337730,0,5.000000,0.000000,5.000000,0.000000,0.000000,0.000000,0.000000,0.000000,8.000000,-172.030000
1777586604.344509,0,5.000000,0.000000,5.000000,0.000000,0.000000,0.000000,0.000000,0.000000,8.000000,-172.020000
1777586604.352308,0,5.000000,0.000000,5.000000,0.000000,0.000000,0.000000,0.000000,0.000000,8.000000,-172.020000
1777586604.359720,0,5.000000,0.000000,5.000000,0.000000,0.000000,0.000000,0.000000,0.000000,8.000000,-172.000000
1777586604.367267,0,5.000000,0.000000,5.000000,0.000000,0.000000,0.000000,0.000000,0.000000,8.000000,-172.000000
1777586604.375890,0,5.000000,0.000000,5.000000,0.000000,0.000000,0.000000,0.000000,0.000000,8.000000,-171.990000
1777586604.390036,0,5.000000,0.000000,5.000000,0.000000,0.000000,0.000000,0.000000,0.000000,8.000000,-171.970000
1777586604.396974,0,5.000000,0.000000,5.000000,0.000000,0.000000,0.000000,0.000000,0.000000,8.000000,-171.970000
1777586604.404565,0,5.000000,0.000000,5.000000,0.000000,0.000000,0.000000,0.000000,0.000000,8.000000,-171.960000
1777586604.419895,0,5.000000,0.000000,5.000000,0.000000,0.000000,0.000000,0.000000,0.000000,8.000000,-171.940000
1777586604.427262,0,5.000000,0.000000,5.000000,0.000000,0.000000,0.000000,0.000000,0.000000,8.000000,-171.940000
1777586604.434559,0,5.000000,0.000000,5.000000,0.000000,0.000000,0.000000,0.000000,0.000000,8.000000,-171.920000
1777586604.449785,0,5.000000,0.000000,5.000000,0.000000,0.000000,0.000000,0.000000,0.000000,8.000000,-171.910000
1777586604.456652,0,5.000000,0.000000,5.000000,0.000000,0.000000,0.000000,0.000000,0.000000,8.000000,-171.910000
1777586604.457734,0,5.000000,0.000000,5.000000,0.000000,0.000000,0.000000,0.000000,0.000000,8.000000,-171.890000
1777586604.482685,0,5.000000,0.000000,5.000000,0.000000,0.000000,0.000000,0.000000,0.000000,8.000000,-171.880000
1777586604.491264,0,5.000000,0.000000,5.000000,0.000000,0.000000,0.000000,0.000000,0.000000,8.000000,-171.880000
1777586604.494475,0,5.000000,0.000000,5.000000,0.000000,0.000000,0.000000,0.000000,0.000000,8.000000,-171.860000
1777586604.511686,0,5.000000,0.000000,5.000000,0.000000,0.000000,0.000000,0.000000,0.000000,8.000000,-171.860000
1777586604.517467,0,5.000000,0.000000,5.000000,0.000000,0.000000,0.000000,0.000000,0.000000,8.000000,-171.850000
1777586604.525362,0,5.000000,0.000000,5.000000,0.000000,0.000000,0.000000,0.000000,0.000000,8.000000,-171.830000
1777586604.540039,0,5.000000,0.000000,5.000000,0.000000,0.000000,0.000000,0.000000,0.000000,8.000000,-171.830000
1777586604.547363,0,5.000000,0.000000,5.000000,0.000000,0.000000,0.000000,0.000000,0.000000,8.000000,-171.820000
1777586604.554894,0,5.000000,0.000000,5.000000,0.000000,0.000000,0.000000,0.000000,0.000000,8.000000,-171.800000
1777586604.562008,0,5.000000,0.000000,5.000000,0.000000,0.000000,0.000000,0.000000,0.000000,8.000000,-171.800000
1777586604.585057,0,5.000000,0.000000,5.000000,0.000000,0.000000,0.000000,0.000000,0.000000,8.000000,-171.780000
1777586604.595465,0,5.000000,0.000000,5.000000,0.000000,0.000000,0.000000,0.000000,0.000000,8.000000,-171.770000
1777586604.599396,0,5.000000,0.000000,5.000000,0.000000,0.000000,0.000000,0.000000,0.000000,8.000000,-171.770000
1777586604.607155,0,5.000000,0.000000,5.000000,0.000000,0.000000,0.000000,0.000000,0.000000,8.000000,-171.750000
1777586604.614698,0,5.000000,0.000000,5.000000,0.000000,0.000000,0.000000,0.000000,0.000000,8.000000,-171.750000
1777586604.634672,0,5.000000,0.000000,5.000000,0.000000,0.000000,0.000000,0.000000,0.000000,8.000000,-171.740000
1777586604.637461,0,5.000000,0.000000,5.000000,0.000000,0.000000,0.000000,0.000000,0.000000,8.000000,-171.720000
1777586604.644416,0,5.000000,0.000000,5.000000,0.000000,0.000000,0.000000,0.000000,0.000000,8.000000,-171.720000
1777586604.659784,0,5.000000,0.000000,5.000000,0.000000,0.000000,0.000000,0.000000,0.000000,8.000000,-171.710000
1777586604.675837,0,5.000000,0.000000,5.000000,0.000000,0.000000,0.000000,0.000000,0.000000,8.000000,-171.690000
1777586604.681863,0,5.000000,0.000000,5.000000,0.000000,0.000000,0.000000,0.000000,0.000000,8.000000,-171.690000
1777586604.689701,0,5.000000,0.000000,5.000000,0.000000,0.000000,0.000000,0.000000,0.000000,8.000000,-171.670000
1777586604.703185,0,5.000000,0.000000,5.000000,0.000000,0.000000,0.000000,0.000000,0.000000,8.000000,-171.660000
1777586604.704515,0,5.000000,0.000000,5.000000,0.000000,0.000000,0.000000,0.000000,0.000000,8.000000,-171.660000
1777586604.722070,0,5.000000,0.000000,5.000000,0.000000,0.000000,0.000000,0.000000,0.000000,8.000000,-171.640000
1777586604.726841,0,5.000000,0.000000,5.000000,0.000000,0.000000,0.000000,0.000000,0.000000,8.000000,-171.630000
1777586604.735126,0,5.000000,0.000000,5.000000,0.000000,0.000000,0.000000,0.000000,0.000000,8.000000,-171.630000
1777586604.741894,0,5.000000,0.000000,5.000000,0.000000,0.000000,0.000000,0.000000,0.000000,8.000000,-171.610000
1777586604.765183,0,5.000000,0.000000,5.000000,0.000000,0.000000,0.000000,0.000000,0.000000,8.000000,-171.610000
1777586604.773072,0,5.000000,0.000000,5.000000,0.000000,0.000000,0.000000,0.000000,0.000000,8.000000,-171.600000
1777586604.786308,0,5.000000,0.000000,5.000000,0.000000,0.000000,0.000000,0.000000,0.000000,8.000000,-171.580000
1777586604.787151,0,5.000000,0.000000,5.000000,0.000000,0.000000,0.000000,0.000000,0.000000,8.000000,-171.580000
1777586604.795455,0,5.000000,0.000000,5.000000,0.000000,0.000000,0.000000,0.000000,0.000000,8.000000,-171.570000
1777586604.810095,0,5.000000,0.000000,5.000000,0.000000,0.000000,0.000000,0.000000,0.000000,8.000000,-171.550000
1777586604.817145,0,5.000000,0.000000,5.000000,0.000000,0.000000,0.000000,0.000000,0.000000,8.000000,-171.550000
1777586604.824539,0,5.000000,0.000000,5.000000,0.000000,0.000000,0.000000,0.000000,0.000000,8.000000,-171.530000
1777586604.832041,0,5.000000,0.000000,5.000000,0.000000,0.000000,0.000000,0.000000,0.000000,8.000000,-171.520000
1777586604.847088,0,5.000000,0.000000,5.000000,0.000000,0.000000,0.000000,0.000000,0.000000,8.000000,-171.520000
1777586604.854514,0,5.000000,0.000000,5.000000,0.000000,0.000000,0.000000,0.000000,0.000000,8.000000,-171.500000
1777586604.862064,0,5.000000,0.000000,5.000000,0.000000,0.000000,0.000000,0.000000,0.000000,8.000000,-171.500000
1777586604.869719,0,5.000000,0.000000,5.000000,0.000000,0.000000,0.000000,0.000000,0.000000,8.000000,-171.490000
1777586604.884580,0,5.000000,0.000000,5.000000,0.000000,0.000000,0.000000,0.000000,0.000000,8.000000,-171.470000
1777586604.892493,0,5.000000,0.000000,5.000000,0.000000,0.000000,0.000000,0.000000,0.000000,8.000000,-171.470000
1777586604.899870,0,5.000000,0.000000,5.000000,0.000000,0.000000,0.000000,0.000000,0.000000,8.000000,-171.460000
1777586604.914813,0,5.000000,0.000000,5.000000,0.000000,0.000000,0.000000,0.000000,0.000000,8.000000,-171.440000
1777586604.922086,0,5.000000,0.000000,5.000000,0.000000,0.000000,0.000000,0.000000,0.000000,8.000000,-171.440000
1777586604.936800,0,5.000000,0.000000,5.000000,0.000000,0.000000,0.000000,0.000000,0.000000,8.000000,-171.420000
1777586604.944783,0,5.000000,0.000000,5.000000,0.000000,0.000000,0.000000,0.000000,0.000000,8.000000,-171.410000
1777586604.952230,0,5.000000,0.000000,5.000000,0.000000,0.000000,0.000000,0.000000,0.000000,8.000000,-171.410000
1777586604.959431,0,5.000000,0.000000,5.000000,0.000000,0.000000,0.000000,0.000000,0.000000,8.000000,-171.410000
1777586604.981679,0,5.000000,0.000000,5.000000,0.000000,0.000000,0.000000,0.000000,0.000000,8.000000,-171.380000
1777586604.982833,0,5.000000,0.000000,5.000000,0.000000,0.000000,0.000000,0.000000,0.000000,8.000000,-171.380000
1777586604.989376,0,5.000000,0.000000,5.000000,0.000000,0.000000,0.000000,0.000000,0.000000,8.000000,-171.360000
1777586605.004235,0,5.000000,0.000000,5.000000,0.000000,0.000000,0.000000,0.000000,0.000000,8.000000,-171.360000
1777586605.005200,0,5.000000,0.000000,5.000000,0.000000,0.000000,0.000000,0.000000,0.000000,8.000000,-171.350000
1777586605.027056,0,5.000000,0.000000,5.000000,0.000000,0.000000,0.000000,0.000000,0.000000,8.000000,-171.330000
1777586605.034609,0,5.000000,0.000000,5.000000,0.000000,0.000000,0.000000,0.000000,0.000000,8.000000,-171.330000
1777586605.041884,0,5.000000,0.000000,5.000000,0.000000,0.000000,0.000000,0.000000,0.000000,8.000000,-171.320000
1777586605.049433,0,5.000000,0.000000,5.000000,0.000000,0.000000,0.000000,0.000000,0.000000,8.000000,-171.300000
1777586605.064737,0,5.000000,0.000000,5.000000,0.000000,0.000000,0.000000,0.000000,0.000000,8.000000,-171.300000
1777586605.072147,0,5.000000,0.000000,5.000000,0.000000,0.000000,0.000000,0.000000,0.000000,8.000000,-171.280000
1777586605.079522,0,5.000000,0.000000,5.000000,0.000000,0.000000,0.000000,0.000000,0.000000,8.000000,-171.270000
1777586605.094052,0,5.000000,0.000000,5.000000,0.000000,0.000000,0.000000,0.000000,0.000000,8.000000,-171.270000
1777586605.095742,0,5.000000,0.000000,5.000000,0.000000,0.000000,0.000000,0.000000,0.000000,8.000000,-171.250000
1777586605.117914,0,5.000000,0.000000,5.000000,0.000000,0.000000,0.000000,0.000000,0.000000,8.000000,-171.250000
1777586605.132189,0,5.000000,0.000000,5.000000,0.000000,0.000000,0.000000,0.000000,0.000000,8.000000,-171.240000
1777586605.139403,0,5.000000,0.000000,5.000000,0.000000,0.000000,0.000000,0.000000,0.000000,8.000000,-171.220000
1777586605.154456,0,5.000000,0.000000,5.000000,0.000000,0.000000,0.000000,0.000000,0.000000,8.000000,-171.220000
1777586605.162012,0,5.000000,0.000000,5.000000,0.000000,0.000000,0.000000,0.000000,0.000000,8.000000,-171.210000
1777586605.169498,0,5.000000,0.000000,5.000000,0.000000,0.000000,0.000000,0.000000,0.000000,8.000000,-171.190000
1777586605.184556,0,5.000000,0.000000,5.000000,0.000000,0.000000,0.000000,0.000000,0.000000,8.000000,-171.190000
1777586605.192448,0,5.000000,0.000000,5.000000,0.000000,0.000000,0.000000,0.000000,0.000000,8.000000,-171.170000
1777586605.199501,0,5.000000,0.000000,5.000000,0.000000,0.000000,0.000000,0.000000,0.000000,8.000000,-171.160000
1777586605.207132,0,5.000000,0.000000,5.000000,0.000000,0.000000,0.000000,0.000000,0.000000,8.000000,-171.160000
1777586605.214409,0,5.000000,0.000000,5.000000,0.000000,0.000000,0.000000,0.000000,0.000000,8.000000,-171.140000
1777586605.222015,0,5.000000,0.000000,5.000000,0.000000,0.000000,0.000000,0.000000,0.000000,8.000000,-171.130000
1777586605.244710,0,5.000000,0.000000,5.000000,0.000000,0.000000,0.000000,0.000000,0.000000,8.000000,-171.130000
1777586605.251974,0,5.000000,0.000000,5.000000,0.000000,0.000000,0.000000,0.000000,0.000000,8.000000,-171.110000
1777586605.267909,0,5.000000,0.000000,5.000000,0.000000,0.000000,0.000000,0.000000,0.000000,8.000000,-171.110000
1777586605.282311,0,5.000000,0.000000,5.000000,0.000000,0.000000,0.000000,0.000000,0.000000,8.000000,-171.100000
1777586605.283521,0,5.000000,0.000000,5.000000,0.000000,0.000000,0.000000,0.000000,0.000000,8.000000,-171.080000
1777586605.289827,0,5.000000,0.000000,5.000000,0.000000,0.000000,0.000000,0.000000,0.000000,8.000000,-171.080000
1777586605.296909,0,5.000000,0.000000,5.000000,0.000000,0.000000,0.000000,0.000000,0.000000,8.000000,-171.070000
1777586605.304481,0,5.000000,0.000000,5.000000,0.000000,0.000000,0.000000,0.000000,0.000000,8.000000,-171.050000
1777586605.311996,0,5.000000,0.000000,5.000000,0.000000,0.000000,0.000000,0.000000,0.000000,8.000000,-171.050000
1777586605.334690,0,5.000000,0.000000,5.000000,0.000000,0.000000,0.000000,0.000000,0.000000,8.000000,-171.030000
1777586605.341896,0,5.000000,0.000000,5.000000,0.000000,0.000000,0.000000,0.000000,0.000000,8.000000,-171.020000
1777586605.349690,0,5.000000,0.000000,5.000000,0.000000,0.000000,0.000000,0.000000,0.000000,8.000000,-171.020000
1777586605.357140,0,5.000000,0.000000,5.000000,0.000000,0.000000,0.000000,0.000000,0.000000,8.000000,-171.000000
1777586605.364398,0,5.000000,0.000000,5.000000,0.000000,0.000000,0.000000,0.000000,0.000000,8.000000,-171.000000
1777586605.379864,0,5.000000,0.000000,5.000000,0.000000,0.000000,0.000000,0.000000,0.000000,8.000000,-170.990000
1777586605.387142,0,5.000000,0.000000,5.000000,0.000000,0.000000,0.000000,0.000000,0.000000,8.000000,-170.970000
1777586605.394378,0,5.000000,0.000000,5.000000,0.000000,0.000000,0.000000,0.000000,0.000000,8.000000,-170.970000
1777586605.402328,0,5.000000,0.000000,5.000000,0.000000,0.000000,0.000000,0.000000,0.000000,8.000000,-170.960000
1777586605.418071,0,5.000000,0.000000,5.000000,0.000000,0.000000,0.000000,0.000000,0.000000,8.000000,-170.940000
1777586605.424697,0,5.000000,0.000000,5.000000,0.000000,0.000000,0.000000,0.000000,0.000000,8.000000,-170.940000
1777586605.439816,0,5.000000,0.000000,5.000000,0.000000,0.000000,0.000000,0.000000,0.000000,8.000000,-170.920000
1777586605.446868,0,5.000000,0.000000,5.000000,0.000000,0.000000,0.000000,0.000000,0.000000,8.000000,-170.910000
1777586605.454754,0,5.000000,0.000000,5.000000,0.000000,0.000000,0.000000,0.000000,0.000000,8.000000,-170.910000
1777586605.461971,0,5.000000,0.000000,5.000000,0.000000,0.000000,0.000000,0.000000,0.000000,8.000000,-170.890000
1777586605.477121,0,5.000000,0.000000,5.000000,0.000000,0.000000,0.000000,0.000000,0.000000,8.000000,-170.880000
1777586605.484703,0,5.000000,0.000000,5.000000,0.000000,0.000000,0.000000,0.000000,0.000000,8.000000,-170.880000
1777586605.491902,0,5.000000,0.000000,5.000000,0.000000,0.000000,0.000000,0.000000,0.000000,8.000000,-170.860000
1777586605.499331,0,5.000000,0.000000,5.000000,0.000000,0.000000,0.000000,0.000000,0.000000,8.000000,-170.860000
1777586605.507030,0,5.000000,0.000000,5.000000,0.000000,0.000000,0.000000,0.000000,0.000000,8.000000,-170.850000
1777586605.530483,0,5.000000,0.000000,5.000000,0.000000,0.000000,0.000000,0.000000,0.000000,8.000000,-170.830000
1777586605.537108,0,5.000000,0.000000,5.000000,0.000000,0.000000,0.000000,0.000000,0.000000,8.000000,-170.830000
1777586605.544791,0,5.000000,0.000000,5.000000,0.000000,0.000000,0.000000,0.000000,0.000000,8.000000,-170.820000
1777586605.552031,0,5.000000,0.000000,5.000000,0.000000,0.000000,0.000000,0.000000,0.000000,8.000000,-170.800000
1777586605.559664,0,5.000000,0.000000,5.000000,0.000000,0.000000,0.000000,0.000000,0.000000,8.000000,-170.800000
1777586605.567052,0,5.000000,0.000000,5.000000,0.000000,0.000000,0.000000,0.000000,0.000000,8.000000,-170.800000
1777586605.574709,0,5.000000,0.000000,5.000000,0.000000,0.000000,0.000000,0.000000,0.000000,8.000000,-170.780000
1777586605.597672,0,5.000000,0.000000,5.000000,0.000000,0.000000,0.000000,0.000000,0.000000,8.000000,-170.770000
1777586605.604486,0,5.000000,0.000000,5.000000,0.000000,0.000000,0.000000,0.000000,0.000000,8.000000,-170.770000
1777586605.611944,0,5.000000,0.000000,5.000000,0.000000,0.000000,0.000000,0.000000,0.000000,8.000000,-170.750000
1777586605.619357,0,5.000000,0.000000,5.000000,0.000000,0.000000,0.000000,0.000000,0.000000,8.000000,-170.740000
1777586605.634903,0,5.000000,0.000000,5.000000,0.000000,0.000000,0.000000,0.000000,0.000000,8.000000,-170.740000
1777586605.641861,0,5.000000,0.000000,5.000000,0.000000,0.000000,0.000000,0.000000,0.000000,8.000000,-170.720000
1777586605.642988,0,5.000000,0.000000,5.000000,0.000000,0.000000,0.000000,0.000000,0.000000,8.000000,-170.720000
1777586605.665234,0,5.000000,0.000000,5.000000,0.000000,0.000000,0.000000,0.000000,0.000000,8.000000,-170.710000
1777586605.671939,0,5.000000,0.000000,5.000000,0.000000,0.000000,0.000000,0.000000,0.000000,8.000000,-170.690000
1777586605.687091,0,5.000000,0.000000,5.000000,0.000000,0.000000,0.000000,0.000000,0.000000,8.000000,-170.690000
1777586605.694715,0,5.000000,0.000000,5.000000,0.000000,0.000000,0.000000,0.000000,0.000000,8.000000,-170.670000
1777586605.702152,0,5.000000,0.000000,5.000000,0.000000,0.000000,0.000000,0.000000,0.000000,8.000000,-170.660000
1777586605.709605,0,5.000000,0.000000,5.000000,0.000000,0.000000,0.000000,0.000000,0.000000,8.000000,-170.660000
1777586605.724984,0,5.000000,0.000000,5.000000,0.000000,0.000000,0.000000,0.000000,0.000000,8.000000,-170.640000
1777586605.731942,0,5.000000,0.000000,5.000000,0.000000,0.000000,0.000000,0.000000,0.000000,8.000000,-170.630000
1777586605.739899,0,5.000000,0.000000,5.000000,0.000000,0.000000,0.000000,0.000000,0.000000,8.000000,-170.630000
1777586605.746931,0,5.000000,0.000000,5.000000,0.000000,0.000000,0.000000,0.000000,0.000000,8.000000,-170.610000
1777586605.754472,0,5.000000,0.000000,5.000000,0.000000,0.000000,0.000000,0.000000,0.000000,8.000000,-170.610000
1777586605.778458,0,5.000000,0.000000,5.000000,0.000000,0.000000,0.000000,0.000000,0.000000,8.000000,-170.600000
1777586605.784605,0,5.000000,0.000000,5.000000,0.000000,0.000000,0.000000,0.000000,0.000000,8.000000,-170.580000
1777586605.793090,0,5.000000,0.000000,5.000000,0.000000,0.000000,0.000000,0.000000,0.000000,8.000000,-170.580000
1777586605.800045,0,5.000000,0.000000,5.000000,0.000000,0.000000,0.000000,0.000000,0.000000,8.000000,-170.570000
1777586605.806930,0,5.000000,0.000000,5.000000,0.000000,0.000000,0.000000,0.000000,0.000000,8.000000,-170.550000
1777586605.829846,0,5.000000,0.000000,5.000000,0.000000,0.000000,0.000000,0.000000,0.000000,8.000000,-170.550000
1777586605.837047,0,5.000000,0.000000,5.000000,0.000000,0.000000,0.000000,0.000000,0.000000,8.000000,-170.530000
1777586605.844428,0,5.000000,0.000000,5.000000,0.000000,0.000000,0.000000,0.000000,0.000000,8.000000,-170.520000
1777586605.852132,0,5.000000,0.000000,5.000000,0.000000,0.000000,0.000000,0.000000,0.000000,8.000000,-170.500000
1777586605.859402,0,5.000000,0.000000,5.000000,0.000000,0.000000,0.000000,0.000000,0.000000,8.000000,-170.500000
1777586605.874877,0,5.000000,0.000000,5.000000,0.000000,0.000000,0.000000,0.000000,0.000000,8.000000,-170.500000
1777586605.888823,0,5.000000,0.000000,5.000000,0.000000,0.000000,0.000000,0.000000,0.000000,8.000000,-170.490000
1777586605.890144,0,5.000000,0.000000,5.000000,0.000000,0.000000,0.000000,0.000000,0.000000,8.000000,-170.470000
1777586605.904916,0,5.000000,0.000000,5.000000,0.000000,0.000000,0.000000,0.000000,0.000000,8.000000,-170.470000
1777586605.911933,0,5.000000,0.000000,5.000000,0.000000,0.000000,0.000000,0.000000,0.000000,8.000000,-170.460000
1777586605.919505,0,5.000000,0.000000,5.000000,0.000000,0.000000,0.000000,0.000000,0.000000,8.000000,-170.440000
1777586605.927169,0,5.000000,0.000000,5.000000,0.000000,0.000000,0.000000,0.000000,0.000000,8.000000,-170.440000
1777586605.935469,0,5.000000,0.000000,5.000000,0.000000,0.000000,0.000000,0.000000,0.000000,8.000000,-170.420000
1777586605.957702,0,5.000000,0.000000,5.000000,0.000000,0.000000,0.000000,0.000000,0.000000,8.000000,-170.410000
1777586605.971890,0,5.000000,0.000000,5.000000,0.000000,0.000000,0.000000,0.000000,0.000000,8.000000,-170.410000
1777586605.972998,0,5.000000,0.000000,5.000000,0.000000,0.000000,0.000000,0.000000,0.000000,8.000000,-170.390000
1777586605.987250,0,5.000000,0.000000,5.000000,0.000000,0.000000,0.000000,0.000000,0.000000,8.000000,-170.380000
1777586605.994665,0,5.000000,0.000000,5.000000,0.000000,0.000000,0.000000,0.000000,0.000000,8.000000,-170.360000
1777586606.002115,0,5.000000,0.000000,5.000000,0.000000,0.000000,0.000000,0.000000,0.000000,8.000000,-170.360000
1777586606.009717,0,5.000000,0.000000,5.000000,0.000000,0.000000,0.000000,0.000000,0.000000,8.000000,-170.350000
1777586606.025210,0,5.000000,0.000000,5.000000,0.000000,0.000000,0.000000,0.000000,0.000000,8.000000,-170.350000
1777586606.031507,0,5.000000,0.000000,5.000000,0.000000,0.000000,0.000000,0.000000,0.000000,8.000000,-170.330000
1777586606.032637,0,5.000000,0.000000,5.000000,0.000000,0.000000,0.000000,0.000000,0.000000,8.000000,-170.330000
1777586606.055828,0,5.000000,0.000000,5.000000,0.000000,0.000000,0.000000,0.000000,0.000000,8.000000,-170.320000
1777586606.062037,0,5.000000,0.000000,5.000000,0.000000,0.000000,0.000000,0.000000,0.000000,8.000000,-170.300000
1777586606.069633,0,5.000000,0.000000,5.000000,0.000000,0.000000,0.000000,0.000000,0.000000,8.000000,-170.280000
1777586606.085066,0,5.000000,0.000000,5.000000,0.000000,0.000000,0.000000,0.000000,0.000000,8.000000,-170.280000
1777586606.092018,0,5.000000,0.000000,5.000000,0.000000,0.000000,0.000000,0.000000,0.000000,8.000000,-170.270000
1777586606.108267,0,5.000000,0.000000,5.000000,0.000000,0.000000,0.000000,0.000000,0.000000,8.000000,-170.250000
1777586606.114370,0,5.000000,0.000000,5.000000,0.000000,0.000000,0.000000,0.000000,0.000000,8.000000,-170.250000
1777586606.121996,0,5.000000,0.000000,5.000000,0.000000,0.000000,0.000000,0.000000,0.000000,8.000000,-170.250000
1777586606.129302,0,5.000000,0.000000,5.000000,0.000000,0.000000,0.000000,0.000000,0.000000,8.000000,-170.240000
1777586606.137274,0,5.000000,0.000000,5.000000,0.000000,0.000000,0.000000,0.000000,0.000000,8.000000,-170.220000
1777586606.144491,0,5.000000,0.000000,5.000000,0.000000,0.000000,0.000000,0.000000,0.000000,8.000000,-170.220000
1777586606.168152,0,5.000000,0.000000,5.000000,0.000000,0.000000,0.000000,0.000000,0.000000,8.000000,-170.210000
1777586606.174337,0,5.000000,0.000000,5.000000,0.000000,0.000000,0.000000,0.000000,0.000000,8.000000,-170.190000
1777586606.182034,0,5.000000,0.000000,5.000000,0.000000,0.000000,0.000000,0.000000,0.000000,8.000000,-170.190000
1777586606.197513,0,5.000000,0.000000,5.000000,0.000000,0.000000,0.000000,0.000000,0.000000,8.000000,-170.170000
1777586606.204672,0,5.000000,0.000000,5.000000,0.000000,0.000000,0.000000,0.000000,0.000000,8.000000,-170.160000
1777586606.211913,0,5.000000,0.000000,5.000000,0.000000,0.000000,0.000000,0.000000,0.000000,8.000000,-170.160000
1777586606.219456,0,5.000000,0.000000,5.000000,0.000000,0.000000,0.000000,0.000000,0.000000,8.000000,-170.140000
1777586606.226739,0,5.000000,0.000000,5.000000,0.000000,0.000000,0.000000,0.000000,0.000000,8.000000,-170.130000
1777586606.234585,0,5.000000,0.000000,5.000000,0.000000,0.000000,0.000000,0.000000,0.000000,8.000000,-170.130000
1777586606.258141,0,5.000000,0.000000,5.000000,0.000000,0.000000,0.000000,0.000000,0.000000,8.000000,-170.110000
1777586606.265090,0,5.000000,0.000000,5.000000,0.000000,0.000000,0.000000,0.000000,0.000000,8.000000,-170.110000
1777586606.271787,0,5.000000,0.000000,5.000000,0.000000,0.000000,0.000000,0.000000,0.000000,8.000000,-170.100000
1777586606.281734,0,5.000000,0.000000,5.000000,0.000000,0.000000,0.000000,0.000000,0.000000,8.000000,-170.080000
1777586606.287066,0,5.000000,0.000000,5.000000,0.000000,0.000000,0.000000,0.000000,0.000000,8.000000,-170.080000
1777586606.294665,0,5.000000,0.000000,5.000000,0.000000,0.000000,0.000000,0.000000,0.000000,8.000000,-170.070000
1777586606.310607,0,5.000000,0.000000,5.000000,0.000000,0.000000,0.000000,0.000000,0.000000,8.000000,-170.050000
1777586606.324960,0,5.000000,0.000000,5.000000,0.000000,0.000000,0.000000,0.000000,0.000000,8.000000,-170.050000
1777586606.339812,0,5.000000,0.000000,5.000000,0.000000,0.000000,0.000000,0.000000,0.000000,8.000000,-170.030000
1777586606.340950,0,5.000000,0.000000,5.000000,0.000000,0.000000,0.000000,0.000000,0.000000,8.000000,-170.020000
1777586606.346740,0,5.000000,0.000000,5.000000,0.000000,0.000000,0.000000,0.000000,0.000000,8.000000,-170.020000
1777586606.362665,0,5.000000,0.000000,5.000000,0.000000,0.000000,0.000000,0.000000,0.000000,8.000000,-170.000000
1777586606.369185,0,5.000000,0.000000,5.000000,0.000000,0.000000,0.000000,0.000000,0.000000,8.000000,-170.000000
1777586606.370242,0,5.000000,0.000000,5.000000,0.000000,0.000000,0.000000,0.000000,0.000000,8.000000,-169.990000
1777586606.392824,0,5.000000,0.000000,5.000000,0.000000,0.000000,0.000000,0.000000,0.000000,8.000000,-169.970000
1777586606.399764,0,5.000000,0.000000,5.000000,0.000000,0.000000,0.000000,0.000000,0.000000,8.000000,-169.970000
1777586606.407265,0,5.000000,0.000000,5.000000,0.000000,0.000000,0.000000,0.000000,0.000000,8.000000,-169.960000
1777586606.415028,0,5.000000,0.000000,5.000000,0.000000,0.000000,0.000000,0.000000,0.000000,8.000000,-169.940000
1777586606.430878,0,5.000000,0.000000,5.000000,0.000000,0.000000,0.000000,0.000000,0.000000,8.000000,-169.940000
1777586606.437250,0,5.000000,0.000000,5.000000,0.000000,0.000000,0.000000,0.000000,0.000000,8.000000,-169.920000
1777586606.444627,0,5.000000,0.000000,5.000000,0.000000,0.000000,0.000000,0.000000,0.000000,8.000000,-169.910000
1777586606.467791,0,5.000000,0.000000,5.000000,0.000000,0.000000,0.000000,0.000000,0.000000,8.000000,-169.910000
1777586606.474337,0,5.000000,0.000000,5.000000,0.000000,0.000000,0.000000,0.000000,0.000000,8.000000,-169.890000
1777586606.481940,0,5.000000,0.000000,5.000000,0.000000,0.000000,0.000000,0.000000,0.000000,8.000000,-169.880000
1777586606.497361,0,5.000000,0.000000,5.000000,0.000000,0.000000,0.000000,0.000000,0.000000,8.000000,-169.880000
1777586606.498234,0,5.000000,0.000000,5.000000,0.000000,0.000000,0.000000,0.000000,0.000000,8.000000,-169.860000
1777586606.512754,0,5.000000,0.000000,5.000000,0.000000,0.000000,0.000000,0.000000,0.000000,8.000000,-169.860000
1777586606.519424,0,5.000000,0.000000,5.000000,0.000000,0.000000,0.000000,0.000000,0.000000,8.000000,-169.850000
1777586606.534557,0,5.000000,0.000000,5.000000,0.000000,0.000000,0.000000,0.000000,0.000000,8.000000,-169.830000
1777586606.535612,0,5.000000,0.000000,5.000000,0.000000,0.000000,0.000000,0.000000,0.000000,8.000000,-169.830000
1777586606.550414,0,5.000000,0.000000,5.000000,0.000000,0.000000,0.000000,0.000000,0.000000,8.000000,-169.820000
1777586606.557307,0,5.000000,0.000000,5.000000,0.000000,0.000000,0.000000,0.000000,0.000000,8.000000,-169.800000
1777586606.564470,0,5.000000,0.000000,5.000000,0.000000,0.000000,0.000000,0.000000,0.000000,8.000000,-169.800000
1777586606.580517,0,5.000000,0.000000,5.000000,0.000000,0.000000,0.000000,0.000000,0.000000,8.000000,-169.780000
1777586606.587024,0,5.000000,0.000000,5.000000,0.000000,0.000000,0.000000,0.000000,0.000000,8.000000,-169.770000
1777586606.594570,0,5.000000,0.000000,5.000000,0.000000,0.000000,0.000000,0.000000,0.000000,8.000000,-169.770000
1777586606.610295,0,5.000000,0.000000,5.000000,0.000000,0.000000,0.000000,0.000000,0.000000,8.000000,-169.750000
1777586606.624291,0,5.000000,0.000000,5.000000,0.000000,0.000000,0.000000,0.000000,0.000000,8.000000,-169.750000
1777586606.625187,0,5.000000,0.000000,5.000000,0.000000,0.000000,0.000000,0.000000,0.000000,8.000000,-169.740000
1777586606.632026,0,5.000000,0.000000,5.000000,0.000000,0.000000,0.000000,0.000000,0.000000,8.000000,-169.720000
1777586606.647947,0,5.000000,0.000000,5.000000,0.000000,0.000000,0.000000,0.000000,0.000000,8.000000,-169.720000
1777586606.648725,0,5.000000,0.000000,5.000000,0.000000,0.000000,0.000000,0.000000,0.000000,8.000000,-169.710000
1777586606.677817,0,5.000000,0.000000,5.000000,0.000000,0.000000,0.000000,0.000000,0.000000,8.000000,-169.690000
1777586606.678658,0,5.000000,0.000000,5.000000,0.000000,0.000000,0.000000,0.000000,0.000000,8.000000,-169.690000
1777586606.692944,0,5.000000,0.000000,5.000000,0.000000,0.000000,0.000000,0.000000,0.000000,8.000000,-169.670000
1777586606.700787,0,5.000000,0.000000,5.000000,0.000000,0.000000,0.000000,0.000000,0.000000,8.000000,-169.660000
1777586606.707170,0,5.000000,0.000000,5.000000,0.000000,0.000000,0.000000,0.000000,0.000000,8.000000,-169.660000
1777586606.714638,0,5.000000,0.000000,5.000000,0.000000,0.000000,0.000000,0.000000,0.000000,8.000000,-169.640000
1777586606.722262,0,5.000000,0.000000,5.000000,0.000000,0.000000,0.000000,0.000000,0.000000,8.000000,-169.630000
1777586606.729438,0,5.000000,0.000000,5.000000,0.000000,0.000000,0.000000,0.000000,0.000000,8.000000,-169.630000
1777586606.752182,0,5.000000,0.000000,5.000000,0.000000,0.000000,0.000000,0.000000,0.000000,8.000000,-169.610000
1777586606.759629,0,5.000000,0.000000,5.000000,0.000000,0.000000,0.000000,0.000000,0.000000,8.000000,-169.610000
1777586606.766639,0,5.000000,0.000000,5.000000,0.000000,0.000000,0.000000,0.000000,0.000000,8.000000,-169.600000
1777586606.767781,0,5.000000,0.000000,5.000000,0.000000,0.000000,0.000000,0.000000,0.000000,8.000000,-169.580000
1777586606.790415,0,5.000000,0.000000,5.000000,0.000000,0.000000,0.000000,0.000000,0.000000,8.000000,-169.580000
1777586606.797215,0,5.000000,0.000000,5.000000,0.000000,0.000000,0.000000,0.000000,0.000000,8.000000,-169.570000
1777586606.812824,0,5.000000,0.000000,5.000000,0.000000,0.000000,0.000000,0.000000,0.000000,8.000000,-169.550000
1777586606.819772,0,5.000000,0.000000,5.000000,0.000000,0.000000,0.000000,0.000000,0.000000,8.000000,-169.550000
1777586606.826907,0,5.000000,0.000000,5.000000,0.000000,0.000000,0.000000,0.000000,0.000000,8.000000,-169.530000
1777586606.834971,0,5.000000,0.000000,5.000000,0.000000,0.000000,0.000000,0.000000,0.000000,8.000000,-169.520000
1777586606.841804,0,5.000000,0.000000,5.000000,0.000000,0.000000,0.000000,0.000000,0.000000,8.000000,-169.520000
1777586606.865407,0,5.000000,0.000000,5.000000,0.000000,0.000000,0.000000,0.000000,0.000000,8.000000,-169.500000
1777586606.872043,0,5.000000,0.000000,5.000000,0.000000,0.000000,0.000000,0.000000,0.000000,8.000000,-169.500000
1777586606.886219,0,5.000000,0.000000,5.000000,0.000000,0.000000,0.000000,0.000000,0.000000,8.000000,-169.490000
1777586606.887184,0,5.000000,0.000000,5.000000,0.000000,0.000000,0.000000,0.000000,0.000000,8.000000,-169.470000
1777586606.894666,0,5.000000,0.000000,5.000000,0.000000,0.000000,0.000000,0.000000,0.000000,8.000000,-169.470000
1777586606.910520,0,5.000000,0.000000,5.000000,0.000000,0.000000,0.000000,0.000000,0.000000,8.000000,-169.460000
1777586606.917186,0,5.000000,0.000000,5.000000,0.000000,0.000000,0.000000,0.000000,0.000000,8.000000,-169.440000
1777586606.924681,0,5.000000,0.000000,5.000000,0.000000,0.000000,0.000000,0.000000,0.000000,8.000000,-169.440000
1777586606.939878,0,5.000000,0.000000,5.000000,0.000000,0.000000,0.000000,0.000000,0.000000,8.000000,-169.420000
1777586606.947412,0,5.000000,0.000000,5.000000,0.000000,0.000000,0.000000,0.000000,0.000000,8.000000,-169.410000
1777586606.954472,0,5.000000,0.000000,5.000000,0.000000,0.000000,0.000000,0.000000,0.000000,8.000000,-169.410000
1777586606.969617,0,5.000000,0.000000,5.000000,0.000000,0.000000,0.000000,0.000000,0.000000,8.000000,-169.390000
1777586606.977073,0,5.000000,0.000000,5.000000,0.000000,0.000000,0.000000,0.000000,0.000000,8.000000,-169.380000
1777586606.992925,0,5.000000,0.000000,5.000000,0.000000,0.000000,0.000000,0.000000,0.000000,8.000000,-169.380000
1777586606.999692,0,5.000000,0.000000,5.000000,0.000000,0.000000,0.000000,0.000000,0.000000,8.000000,-169.360000
1777586607.006577,0,5.000000,0.000000,5.000000,0.000000,0.000000,0.000000,0.000000,0.000000,8.000000,-169.360000
1777586607.007706,0,5.000000,0.000000,5.000000,0.000000,0.000000,0.000000,0.000000,0.000000,8.000000,-169.350000
1777586607.031405,0,5.000000,0.000000,5.000000,0.000000,0.000000,0.000000,0.000000,0.000000,8.000000,-169.330000
1777586607.036991,0,5.000000,0.000000,5.000000,0.000000,0.000000,0.000000,0.000000,0.000000,8.000000,-169.330000
1777586607.044710,0,5.000000,0.000000,5.000000,0.000000,0.000000,0.000000,0.000000,0.000000,8.000000,-169.320000
1777586607.051855,0,5.000000,0.000000,5.000000,0.000000,0.000000,0.000000,0.000000,0.000000,8.000000,-169.300000
1777586607.069031,0,5.000000,0.000000,5.000000,0.000000,0.000000,0.000000,0.000000,0.000000,8.000000,-169.300000
1777586607.082703,0,5.000000,0.000000,5.000000,0.000000,0.000000,0.000000,0.000000,0.000000,8.000000,-169.280000
1777586607.089628,0,5.000000,0.000000,5.000000,0.000000,0.000000,0.000000,0.000000,0.000000,8.000000,-169.270000
1777586607.096917,0,5.000000,0.000000,5.000000,0.000000,0.000000,0.000000,0.000000,0.000000,8.000000,-169.270000
1777586607.104550,0,5.000000,0.000000,5.000000,0.000000,0.000000,0.000000,0.000000,0.000000,8.000000,-169.250000
1777586607.112007,0,5.000000,0.000000,5.000000,0.000000,0.000000,0.000000,0.000000,0.000000,8.000000,-169.250000
1777586607.119384,0,5.000000,0.000000,5.000000,0.000000,0.000000,0.000000,0.000000,0.000000,8.000000,-169.240000
1777586607.143567,0,5.000000,0.000000,5.000000,0.000000,0.000000,0.000000,0.000000,0.000000,8.000000,-169.220000
1777586607.149890,0,5.000000,0.000000,5.000000,0.000000,0.000000,0.000000,0.000000,0.000000,8.000000,-169.220000
1777586607.157015,0,5.000000,0.000000,5.000000,0.000000,0.000000,0.000000,0.000000,0.000000,8.000000,-169.210000
1777586607.164673,0,5.000000,0.000000,5.000000,0.000000,0.000000,0.000000,0.000000,0.000000,8.000000,-169.190000
1777586607.171860,0,5.000000,0.000000,5.000000,0.000000,0.000000,0.000000,0.000000,0.000000,8.000000,-169.190000
1777586607.187344,0,5.000000,0.000000,5.000000,0.000000,0.000000,0.000000,0.000000,0.000000,8.000000,-169.170000
1777586607.194400,0,5.000000,0.000000,5.000000,0.000000,0.000000,0.000000,0.000000,0.000000,8.000000,-169.160000
1777586607.202074,0,5.000000,0.000000,5.000000,0.000000,0.000000,0.000000,0.000000,0.000000,8.000000,-169.160000
1777586607.209606,0,5.000000,0.000000,5.000000,0.000000,0.000000,0.000000,0.000000,0.000000,8.000000,-169.140000
1777586607.224744,0,5.000000,0.000000,5.000000,0.000000,0.000000,0.000000,0.000000,0.000000,8.000000,-169.130000
1777586607.231999,0,5.000000,0.000000,5.000000,0.000000,0.000000,0.000000,0.000000,0.000000,8.000000,-169.130000
1777586607.239499,0,5.000000,0.000000,5.000000,0.000000,0.000000,0.000000,0.000000,0.000000,8.000000,-169.110000
1777586607.247020,0,5.000000,0.000000,5.000000,0.000000,0.000000,0.000000,0.000000,0.000000,8.000000,-169.110000
1777586607.270370,0,5.000000,0.000000,5.000000,0.000000,0.000000,0.000000,0.000000,0.000000,8.000000,-169.100000
1777586607.284495,0,5.000000,0.000000,5.000000,0.000000,0.000000,0.000000,0.000000,0.000000,8.000000,-169.080000
1777586607.285517,0,5.000000,0.000000,5.000000,0.000000,0.000000,0.000000,0.000000,0.000000,8.000000,-169.080000
1777586607.291963,0,5.000000,0.000000,5.000000,0.000000,0.000000,0.000000,0.000000,0.000000,8.000000,-169.070000
1777586607.299586,0,5.000000,0.000000,5.000000,0.000000,0.000000,0.000000,0.000000,0.000000,8.000000,-169.070000
1777586607.315011,0,5.000000,0.000000,5.000000,0.000000,0.000000,0.000000,0.000000,0.000000,8.000000,-169.050000
1777586607.321997,0,5.000000,0.000000,5.000000,0.000000,0.000000,0.000000,0.000000,0.000000,8.000000,-169.050000
1777586607.336613,0,5.000000,0.000000,5.000000,0.000000,0.000000,0.000000,0.000000,0.000000,8.000000,-169.030000
1777586607.337713,0,5.000000,0.000000,5.000000,0.000000,0.000000,0.000000,0.000000,0.000000,8.000000,-169.020000
1777586607.360892,0,5.000000,0.000000,5.000000,0.000000,0.000000,0.000000,0.000000,0.000000,8.000000,-169.020000
1777586607.367349,0,5.000000,0.000000,5.000000,0.000000,0.000000,0.000000,0.000000,0.000000,8.000000,-169.000000
1777586607.374605,0,5.000000,0.000000,5.000000,0.000000,0.000000,0.000000,0.000000,0.000000,8.000000,-169.000000
1777586607.389334,0,5.000000,0.000000,5.000000,0.000000,0.000000,0.000000,0.000000,0.000000,8.000000,-168.990000
1777586607.390278,0,5.000000,0.000000,5.000000,0.000000,0.000000,0.000000,0.000000,0.000000,8.000000,-168.970000
1777586607.396853,0,5.000000,0.000000,5.000000,0.000000,0.000000,0.000000,0.000000,0.000000,8.000000,-168.970000
1777586607.412426,0,5.000000,0.000000,5.000000,0.000000,0.000000,0.000000,0.000000,0.000000,8.000000,-168.960000
1777586607.419741,0,5.000000,0.000000,5.000000,0.000000,0.000000,0.000000,0.000000,0.000000,8.000000,-168.940000
1777586607.426976,0,5.000000,0.000000,5.000000,0.000000,0.000000,0.000000,0.000000,0.000000,8.000000,-168.940000
1777586607.442875,0,5.000000,0.000000,5.000000,0.000000,0.000000,0.000000,0.000000,0.000000,8.000000,-168.920000
1777586607.449396,0,5.000000,0.000000,5.000000,0.000000,0.000000,0.000000,0.000000,0.000000,8.000000,-168.910000
1777586607.457346,0,5.000000,0.000000,5.000000,0.000000,0.000000,0.000000,0.000000,0.000000,8.000000,-168.910000
1777586607.472955,0,5.000000,0.000000,5.000000,0.000000,0.000000,0.000000,0.000000,0.000000,8.000000,-168.890000
1777586607.479459,0,5.000000,0.000000,5.000000,0.000000,0.000000,0.000000,0.000000,0.000000,8.000000,-168.880000
1777586607.486920,0,5.000000,0.000000,5.000000,0.000000,0.000000,0.000000,0.000000,0.000000,8.000000,-168.880000
1777586607.502362,0,5.000000,0.000000,5.000000,0.000000,0.000000,0.000000,0.000000,0.000000,8.000000,-168.860000
1777586607.509654,0,5.000000,0.000000,5.000000,0.000000,0.000000,0.000000,0.000000,0.000000,8.000000,-168.860000
1777586607.517019,0,5.000000,0.000000,5.000000,0.000000,0.000000,0.000000,0.000000,0.000000,8.000000,-168.850000
1777586607.524662,0,5.000000,0.000000,5.000000,0.000000,0.000000,0.000000,0.000000,0.000000,8.000000,-168.830000
1777586607.555414,0,5.000000,0.000000,5.000000,0.000000,0.000000,0.000000,0.000000,0.000000,8.000000,-168.830000
1777586607.556308,0,5.000000,0.000000,5.000000,0.000000,0.000000,0.000000,0.000000,0.000000,8.000000,-168.820000
1777586607.561885,0,5.000000,0.000000,5.000000,0.000000,0.000000,0.000000,0.000000,0.000000,8.000000,-168.800000
1777586607.569372,0,5.000000,0.000000,5.000000,0.000000,0.000000,0.000000,0.000000,0.000000,8.000000,-168.800000
1777586607.577014,0,5.000000,0.000000,5.000000,0.000000,0.000000,0.000000,0.000000,0.000000,8.000000,-168.780000
1777586607.584701,0,5.000000,0.000000,5.000000,0.000000,0.000000,0.000000,0.000000,0.000000,8.000000,-168.770000
1777586607.600244,0,5.000000,0.000000,5.000000,0.000000,0.000000,0.000000,0.000000,0.000000,8.000000,-168.770000
1777586607.615217,0,5.000000,0.000000,5.000000,0.000000,0.000000,0.000000,0.000000,0.000000,8.000000,-168.750000
1777586607.621849,0,5.000000,0.000000,5.000000,0.000000,0.000000,0.000000,0.000000,0.000000,8.000000,-168.750000
1777586607.629463,0,5.000000,0.000000,5.000000,0.000000,0.000000,0.000000,0.000000,0.000000,8.000000,-168.740000
1777586607.645152,0,5.000000,0.000000,5.000000,0.000000,0.000000,0.000000,0.000000,0.000000,8.000000,-168.720000
1777586607.652330,0,5.000000,0.000000,5.000000,0.000000,0.000000,0.000000,0.000000,0.000000,8.000000,-168.720000
1777586607.674776,0,5.000000,0.000000,5.000000,0.000000,0.000000,0.000000,0.000000,0.000000,8.000000,-168.710000
1777586607.675854,0,5.000000,0.000000,5.000000,0.000000,0.000000,0.000000,0.000000,0.000000,8.000000,-168.690000
1777586607.676522,0,5.000000,0.000000,5.000000,0.000000,0.000000,0.000000,0.000000,0.000000,8.000000,-168.690000
1777586607.689685,0,5.000000,0.000000,5.000000,0.000000,0.000000,0.000000,0.000000,0.000000,8.000000,-168.670000
1777586607.696775,0,5.000000,0.000000,5.000000,0.000000,0.000000,0.000000,0.000000,0.000000,8.000000,-168.660000
1777586607.705060,0,5.000000,0.000000,5.000000,0.000000,0.000000,0.000000,0.000000,0.000000,8.000000,-168.660000
1777586607.727449,0,5.000000,0.000000,5.000000,0.000000,0.000000,0.000000,0.000000,0.000000,8.000000,-168.640000
1777586607.728676,0,5.000000,0.000000,5.000000,0.000000,0.000000,0.000000,0.000000,0.000000,8.000000,-168.630000
1777586607.734642,0,5.000000,0.000000,5.000000,0.000000,0.000000,0.000000,0.000000,0.000000,8.000000,-168.630000
1777586607.741860,0,5.000000,0.000000,5.000000,0.000000,0.000000,0.000000,0.000000,0.000000,8.000000,-168.610000
1777586607.772034,0,5.000000,0.000000,5.000000,0.000000,0.000000,0.000000,0.000000,0.000000,8.000000,-168.610000
1777586607.772927,0,5.000000,0.000000,5.000000,0.000000,0.000000,0.000000,0.000000,0.000000,8.000000,-168.600000
1777586607.779466,0,5.000000,0.000000,5.000000,0.000000,0.000000,0.000000,0.000000,0.000000,8.000000,-168.580000
1777586607.786902,0,5.000000,0.000000,5.000000,0.000000,0.000000,0.000000,0.000000,0.000000,8.000000,-168.580000
1777586607.794707,0,5.000000,0.000000,5.000000,0.000000,0.000000,0.000000,0.000000,0.000000,8.000000,-168.570000
1777586607.810639,0,5.000000,0.000000,5.000000,0.000000,0.000000,0.000000,0.000000,0.000000,8.000000,-168.550000
1777586607.817379,0,5.000000,0.000000,5.000000,0.000000,0.000000,0.000000,0.000000,0.000000,8.000000,-168.550000
1777586607.825059,0,5.000000,0.000000,5.000000,0.000000,0.000000,0.000000,0.000000,0.000000,8.000000,-168.530000
1777586607.832035,0,5.000000,0.000000,5.000000,0.000000,0.000000,0.000000,0.000000,0.000000,8.000000,-168.520000
1777586607.855504,0,5.000000,0.000000,5.000000,0.000000,0.000000,0.000000,0.000000,0.000000,8.000000,-168.520000
1777586607.870894,0,5.000000,0.000000,5.000000,0.000000,0.000000,0.000000,0.000000,0.000000,8.000000,-168.500000
1777586607.877037,0,5.000000,0.000000,5.000000,0.000000,0.000000,0.000000,0.000000,0.000000,8.000000,-168.500000
1777586607.884870,0,5.000000,0.000000,5.000000,0.000000,0.000000,0.000000,0.000000,0.000000,8.000000,-168.490000
1777586607.892707,0,5.000000,0.000000,5.000000,0.000000,0.000000,0.000000,0.000000,0.000000,8.000000,-168.470000
1777586607.899389,0,5.000000,0.000000,5.000000,0.000000,0.000000,0.000000,0.000000,0.000000,8.000000,-168.470000
1777586607.907323,0,5.000000,0.000000,5.000000,0.000000,0.000000,0.000000,0.000000,0.000000,8.000000,-168.460000
1777586607.914527,0,5.000000,0.000000,5.000000,0.000000,0.000000,0.000000,0.000000,0.000000,8.000000,-168.440000
1777586607.937875,0,5.000000,0.000000,5.000000,0.000000,0.000000,0.000000,0.000000,0.000000,8.000000,-168.440000
1777586607.952734,0,5.000000,0.000000,5.000000,0.000000,0.000000,0.000000,0.000000,0.000000,8.000000,-168.420000
1777586607.953494,0,5.000000,0.000000,5.000000,0.000000,0.000000,0.000000,0.000000,0.000000,8.000000,-168.410000
1777586607.959591,0,5.000000,0.000000,5.000000,0.000000,0.000000,0.000000,0.000000,0.000000,8.000000,-168.410000
1777586607.974667,0,5.000000,0.000000,5.000000,0.000000,0.000000,0.000000,0.000000,0.000000,8.000000,-168.390000
1777586607.981919,0,5.000000,0.000000,5.000000,0.000000,0.000000,0.000000,0.000000,0.000000,8.000000,-168.380000
1777586607.989661,0,5.000000,0.000000,5.000000,0.000000,0.000000,0.000000,0.000000,0.000000,8.000000,-168.380000
1777586607.996978,0,5.000000,0.000000,5.000000,0.000000,0.000000,0.000000,0.000000,0.000000,8.000000,-168.360000
1777586608.028421,0,5.000000,0.000000,5.000000,0.000000,0.000000,0.000000,0.000000,0.000000,8.000000,-168.360000
1777586608.029091,0,5.000000,0.000000,5.000000,0.000000,0.000000,0.000000,0.000000,0.000000,8.000000,-168.350000
1777586608.035571,0,5.000000,0.000000,5.000000,0.000000,0.000000,0.000000,0.000000,0.000000,8.000000,-168.330000
1777586608.041883,0,5.000000,0.000000,5.000000,0.000000,0.000000,0.000000,0.000000,0.000000,8.000000,-168.330000
1777586608.049887,0,5.000000,0.000000,5.000000,0.000000,0.000000,0.000000,0.000000,0.000000,8.000000,-168.320000
1777586608.056978,0,5.000000,0.000000,5.000000,0.000000,0.000000,0.000000,0.000000,0.000000,8.000000,-168.300000
1777586608.072638,0,5.000000,0.000000,5.000000,0.000000,0.000000,0.000000,0.000000,0.000000,8.000000,-168.300000
1777586608.079371,0,5.000000,0.000000,5.000000,0.000000,0.000000,0.000000,0.000000,0.000000,8.000000,-168.280000
1777586608.094591,0,5.000000,0.000000,5.000000,0.000000,0.000000,0.000000,0.000000,0.000000,8.000000,-168.270000
1777586608.102184,0,5.000000,0.000000,5.000000,0.000000,0.000000,0.000000,0.000000,0.000000,8.000000,-168.270000
1777586608.103140,0,5.000000,0.000000,5.000000,0.000000,0.000000,0.000000,0.000000,0.000000,8.000000,-168.250000
1777586608.126732,0,5.000000,0.000000,5.000000,0.000000,0.000000,0.000000,0.000000,0.000000,8.000000,-168.250000
1777586608.132365,0,5.000000,0.000000,5.000000,0.000000,0.000000,0.000000,0.000000,0.000000,8.000000,-168.240000
1777586608.147233,0,5.000000,0.000000,5.000000,0.000000,0.000000,0.000000,0.000000,0.000000,8.000000,-168.220000
1777586608.155189,0,5.000000,0.000000,5.000000,0.000000,0.000000,0.000000,0.000000,0.000000,8.000000,-168.220000
1777586608.161973,0,5.000000,0.000000,5.000000,0.000000,0.000000,0.000000,0.000000,0.000000,8.000000,-168.210000
1777586608.169787,0,5.000000,0.000000,5.000000,0.000000,0.000000,0.000000,0.000000,0.000000,8.000000,-168.190000
1777586608.177001,0,5.000000,0.000000,5.000000,0.000000,0.000000,0.000000,0.000000,0.000000,8.000000,-168.190000
1777586608.192808,0,5.000000,0.000000,5.000000,0.000000,0.000000,0.000000,0.000000,0.000000,8.000000,-168.170000
1777586608.199604,0,5.000000,0.000000,5.000000,0.000000,0.000000,0.000000,0.000000,0.000000,8.000000,-168.160000
1777586608.214859,0,5.000000,0.000000,5.000000,0.000000,0.000000,0.000000,0.000000,0.000000,8.000000,-168.160000
1777586608.222788,0,5.000000,0.000000,5.000000,0.000000,0.000000,0.000000,0.000000,0.000000,8.000000,-168.140000
1777586608.229637,0,5.000000,0.000000,5.000000,0.000000,0.000000,0.000000,0.000000,0.000000,8.000000,-168.130000
1777586608.237032,0,5.000000,0.000000,5.000000,0.000000,0.000000,0.000000,0.000000,0.000000,8.000000,-168.130000
1777586608.252518,0,5.000000,0.000000,5.000000,0.000000,0.000000,0.000000,0.000000,0.000000,8.000000,-168.110000
1777586608.259363,0,5.000000,0.000000,5.000000,0.000000,0.000000,0.000000,0.000000,0.000000,8.000000,-168.110000
1777586608.268014,0,5.000000,0.000000,5.000000,0.000000,0.000000,0.000000,0.000000,0.000000,8.000000,-168.100000
1777586608.282563,0,5.000000,0.000000,5.000000,0.000000,0.000000,0.000000,0.000000,0.000000,8.000000,-168.080000
1777586608.298051,0,5.000000,0.000000,5.000000,0.000000,0.000000,0.000000,0.000000,0.000000,8.000000,-168.080000
1777586608.304703,0,5.000000,0.000000,5.000000,0.000000,0.000000,0.000000,0.000000,0.000000,8.000000,-168.070000
1777586608.319375,0,5.000000,0.000000,5.000000,0.000000,0.000000,0.000000,0.000000,0.000000,8.000000,-168.050000
1777586608.320408,0,5.000000,0.000000,5.000000,0.000000,0.000000,0.000000,0.000000,0.000000,8.000000,-168.050000
1777586608.334443,0,5.000000,0.000000,5.000000,0.000000,0.000000,0.000000,0.000000,0.000000,8.000000,-168.030000
1777586608.335500,0,5.000000,0.000000,5.000000,0.000000,0.000000,0.000000,0.000000,0.000000,8.000000,-168.020000
1777586608.357991,0,5.000000,0.000000,5.000000,0.000000,0.000000,0.000000,0.000000,0.000000,8.000000,-168.020000
1777586608.380445,0,5.000000,0.000000,5.000000,0.000000,0.000000,0.000000,0.000000,0.000000,8.000000,-168.000000
1777586608.381576,0,5.000000,0.000000,5.000000,0.000000,0.000000,0.000000,0.000000,0.000000,8.000000,-168.000000
1777586608.382197,0,5.000000,0.000000,5.000000,0.000000,0.000000,0.000000,0.000000,0.000000,8.000000,-167.990000
1777586608.382826,0,5.000000,0.000000,5.000000,0.000000,0.000000,0.000000,0.000000,0.000000,8.000000,-167.970000
1777586608.410908,0,5.000000,0.000000,5.000000,0.000000,0.000000,0.000000,0.000000,0.000000,8.000000,-167.970000
1777586608.417250,0,5.000000,0.000000,5.000000,0.000000,0.000000,0.000000,0.000000,0.000000,8.000000,-167.960000
1777586608.424865,0,5.000000,0.000000,5.000000,0.000000,0.000000,0.000000,0.000000,0.000000,8.000000,-167.940000
1777586608.432290,0,5.000000,0.000000,5.000000,0.000000,0.000000,0.000000,0.000000,0.000000,8.000000,-167.920000
1777586608.439508,0,5.000000,0.000000,5.000000,0.000000,0.000000,0.000000,0.000000,0.000000,8.000000,-167.920000
1777586608.462925,0,5.000000,0.000000,5.000000,0.000000,0.000000,0.000000,0.000000,0.000000,8.000000,-167.910000
1777586608.463655,0,5.000000,0.000000,5.000000,0.000000,0.000000,0.000000,0.000000,0.000000,8.000000,-167.910000
1777586608.464298,0,5.000000,0.000000,5.000000,0.000000,0.000000,0.000000,0.000000,0.000000,8.000000,-167.890000
1777586608.492841,0,5.000000,0.000000,5.000000,0.000000,0.000000,0.000000,0.000000,0.000000,8.000000,-167.880000
1777586608.494021,0,5.000000,0.000000,5.000000,0.000000,0.000000,0.000000,0.000000,0.000000,8.000000,-167.860000
1777586608.522299,0,5.000000,0.000000,5.000000,0.000000,0.000000,0.000000,0.000000,0.000000,8.000000,-167.860000
1777586608.523292,0,5.000000,0.000000,5.000000,0.000000,0.000000,0.000000,0.000000,0.000000,8.000000,-167.850000
1777586608.523672,0,5.000000,0.000000,5.000000,0.000000,0.000000,0.000000,0.000000,0.000000,8.000000,-167.830000
1777586608.529510,0,5.000000,0.000000,5.000000,0.000000,0.000000,0.000000,0.000000,0.000000,8.000000,-167.830000
1777586608.553064,0,5.000000,0.000000,5.000000,0.000000,0.000000,0.000000,0.000000,0.000000,8.000000,-167.820000
1777586608.559815,0,5.000000,0.000000,5.000000,0.000000,0.000000,0.000000,0.000000,0.000000,8.000000,-167.800000
1777586608.567728,0,5.000000,0.000000,5.000000,0.000000,0.000000,0.000000,0.000000,0.000000,8.000000,-167.800000
1777586608.574732,0,5.000000,0.000000,5.000000,0.000000,0.000000,0.000000,0.000000,0.000000,8.000000,-167.780000
1777586608.589490,0,5.000000,0.000000,5.000000,0.000000,0.000000,0.000000,0.000000,0.000000,8.000000,-167.770000
1777586608.596567,0,5.000000,0.000000,5.000000,0.000000,0.000000,0.000000,0.000000,0.000000,8.000000,-167.770000
1777586608.597699,0,5.000000,0.000000,5.000000,0.000000,0.000000,0.000000,0.000000,0.000000,8.000000,-167.750000
1777586608.620369,0,5.000000,0.000000,5.000000,0.000000,0.000000,0.000000,0.000000,0.000000,8.000000,-167.750000
1777586608.626854,0,5.000000,0.000000,5.000000,0.000000,0.000000,0.000000,0.000000,0.000000,8.000000,-167.740000
1777586608.634641,0,5.000000,0.000000,5.000000,0.000000,0.000000,0.000000,0.000000,0.000000,8.000000,-167.720000
1777586608.642459,0,5.000000,0.000000,5.000000,0.000000,0.000000,0.000000,0.000000,0.000000,8.000000,-167.720000
1777586608.657658,0,5.000000,0.000000,5.000000,0.000000,0.000000,0.000000,0.000000,0.000000,8.000000,-167.710000
1777586608.664405,0,5.000000,0.000000,5.000000,0.000000,0.000000,0.000000,0.000000,0.000000,8.000000,-167.690000
1777586608.672136,0,5.000000,0.000000,5.000000,0.000000,0.000000,0.000000,0.000000,0.000000,8.000000,-167.690000
1777586608.679561,0,5.000000,0.000000,5.000000,0.000000,0.000000,0.000000,0.000000,0.000000,8.000000,-167.670000
1777586608.702820,0,5.000000,0.000000,5.000000,0.000000,0.000000,0.000000,0.000000,0.000000,8.000000,-167.660000
1777586608.709365,0,5.000000,0.000000,5.000000,0.000000,0.000000,0.000000,0.000000,0.000000,8.000000,-167.660000
1777586608.717267,0,5.000000,0.000000,5.000000,0.000000,0.000000,0.000000,0.000000,0.000000,8.000000,-167.640000
1777586608.726095,0,5.000000,0.000000,5.000000,0.000000,0.000000,0.000000,0.000000,0.000000,8.000000,-167.630000
1777586608.732480,0,5.000000,0.000000,5.000000,0.000000,0.000000,0.000000,0.000000,0.000000,8.000000,-167.630000
1777586608.747942,0,5.000000,0.000000,5.000000,0.000000,0.000000,0.000000,0.000000,0.000000,8.000000,-167.610000
1777586608.754956,0,5.000000,0.000000,5.000000,0.000000,0.000000,0.000000,0.000000,0.000000,8.000000,-167.610000
1777586608.761830,0,5.000000,0.000000,5.000000,0.000000,0.000000,0.000000,0.000000,0.000000,8.000000,-167.600000
1777586608.785260,0,5.000000,0.000000,5.000000,0.000000,0.000000,0.000000,0.000000,0.000000,8.000000,-167.580000
1777586608.785696,0,5.000000,0.000000,5.000000,0.000000,0.000000,0.000000,0.000000,0.000000,8.000000,-167.580000
1777586608.799809,0,5.000000,0.000000,5.000000,0.000000,0.000000,0.000000,0.000000,0.000000,8.000000,-167.570000
1777586608.800661,0,5.000000,0.000000,5.000000,0.000000,0.000000,0.000000,0.000000,0.000000,8.000000,-167.550000
1777586608.822124,0,5.000000,0.000000,5.000000,0.000000,0.000000,0.000000,0.000000,0.000000,8.000000,-167.550000
1777586608.836659,0,5.000000,0.000000,5.000000,0.000000,0.000000,0.000000,0.000000,0.000000,8.000000,-167.530000
1777586608.837596,0,5.000000,0.000000,5.000000,0.000000,0.000000,0.000000,0.000000,0.000000,8.000000,-167.520000
1777586608.844611,0,5.000000,0.000000,5.000000,0.000000,0.000000,0.000000,0.000000,0.000000,8.000000,-167.520000
1777586608.851943,0,5.000000,0.000000,5.000000,0.000000,0.000000,0.000000,0.000000,0.000000,8.000000,-167.500000
1777586608.859520,0,5.000000,0.000000,5.000000,0.000000,0.000000,0.000000,0.000000,0.000000,8.000000,-167.500000
1777586608.875450,0,5.000000,0.000000,5.000000,0.000000,0.000000,0.000000,0.000000,0.000000,8.000000,-167.490000
1777586608.882085,0,5.000000,0.000000,5.000000,0.000000,0.000000,0.000000,0.000000,0.000000,8.000000,-167.470000
1777586608.889471,0,5.000000,0.000000,5.000000,0.000000,0.000000,0.000000,0.000000,0.000000,8.000000,-167.470000
1777586608.905188,0,5.000000,0.000000,5.000000,0.000000,0.000000,0.000000,0.000000,0.000000,8.000000,-167.470000
1777586608.911767,0,5.000000,0.000000,5.000000,0.000000,0.000000,0.000000,0.000000,0.000000,8.000000,-167.460000
1777586608.934968,0,5.000000,0.000000,5.000000,0.000000,0.000000,0.000000,0.000000,0.000000,8.000000,-167.440000
1777586608.936250,0,5.000000,0.000000,5.000000,0.000000,0.000000,0.000000,0.000000,0.000000,8.000000,-167.440000
1777586608.941938,0,5.000000,0.000000,5.000000,0.000000,0.000000,0.000000,0.000000,0.000000,8.000000,-167.420000
1777586608.956394,0,5.000000,0.000000,5.000000,0.000000,0.000000,0.000000,0.000000,0.000000,8.000000,-167.410000
1777586608.965236,0,5.000000,0.000000,5.000000,0.000000,0.000000,0.000000,0.000000,0.000000,8.000000,-167.410000
1777586608.971985,0,5.000000,0.000000,5.000000,0.000000,0.000000,0.000000,0.000000,0.000000,8.000000,-167.390000
1777586608.979543,0,5.000000,0.000000,5.000000,0.000000,0.000000,0.000000,0.000000,0.000000,8.000000,-167.380000
1777586608.987097,0,5.000000,0.000000,5.000000,0.000000,0.000000,0.000000,0.000000,0.000000,8.000000,-167.380000
1777586609.011037,0,5.000000,0.000000,5.000000,0.000000,0.000000,0.000000,0.000000,0.000000,8.000000,-167.360000
1777586609.017271,0,5.000000,0.000000,5.000000,0.000000,0.000000,0.000000,0.000000,0.000000,8.000000,-167.360000
1777586609.024800,0,5.000000,0.000000,5.000000,0.000000,0.000000,0.000000,0.000000,0.000000,8.000000,-167.330000
1777586609.031863,0,5.000000,0.000000,5.000000,0.000000,0.000000,0.000000,0.000000,0.000000,8.000000,-167.330000
1777586609.048227,0,5.000000,0.000000,5.000000,0.000000,0.000000,0.000000,0.000000,0.000000,8.000000,-167.330000
1777586609.054515,0,5.000000,0.000000,5.000000,0.000000,0.000000,0.000000,0.000000,0.000000,8.000000,-167.320000
1777586609.077766,0,5.000000,0.000000,5.000000,0.000000,0.000000,0.000000,0.000000,0.000000,8.000000,-167.300000
1777586609.078771,0,5.000000,0.000000,5.000000,0.000000,0.000000,0.000000,0.000000,0.000000,8.000000,-167.300000
1777586609.085490,0,5.000000,0.000000,5.000000,0.000000,0.000000,0.000000,0.000000,0.000000,8.000000,-167.280000
1777586609.092038,0,5.000000,0.000000,5.000000,0.000000,0.000000,0.000000,0.000000,0.000000,8.000000,-167.270000
1777586609.106426,0,5.000000,0.000000,5.000000,0.000000,0.000000,0.000000,0.000000,0.000000,8.000000,-167.270000
1777586609.107363,0,5.000000,0.000000,5.000000,0.000000,0.000000,0.000000,0.000000,0.000000,8.000000,-167.250000
1777586609.114563,0,5.000000,0.000000,5.000000,0.000000,0.000000,0.000000,0.000000,0.000000,8.000000,-167.250000
1777586609.130052,0,5.000000,0.000000,5.000000,0.000000,0.000000,0.000000,0.000000,0.000000,8.000000,-167.240000
1777586609.137030,0,5.000000,0.000000,5.000000,0.000000,0.000000,0.000000,0.000000,0.000000,8.000000,-167.220000
1777586609.152410,0,5.000000,0.000000,5.000000,0.000000,0.000000,0.000000,0.000000,0.000000,8.000000,-167.220000
1777586609.174757,0,5.000000,0.000000,5.000000,0.000000,0.000000,0.000000,0.000000,0.000000,8.000000,-167.210000
1777586609.175792,0,5.000000,0.000000,5.000000,0.000000,0.000000,0.000000,0.000000,0.000000,8.000000,-167.190000
1777586609.197554,0,5.000000,0.000000,5.000000,0.000000,0.000000,0.000000,0.000000,0.000000,8.000000,-167.190000
1777586609.199480,0,5.000000,0.000000,5.000000,0.000000,0.000000,0.000000,0.000000,0.000000,8.000000,-167.170000
1777586609.204424,0,5.000000,0.000000,5.000000,0.000000,0.000000,0.000000,0.000000,0.000000,8.000000,-167.160000
1777586609.211846,0,5.000000,0.000000,5.000000,0.000000,0.000000,0.000000,0.000000,0.000000,8.000000,-167.160000
1777586609.227245,0,5.000000,0.000000,5.000000,0.000000,0.000000,0.000000,0.000000,0.000000,8.000000,-167.140000
1777586609.243072,0,5.000000,0.000000,5.000000,0.000000,0.000000,0.000000,0.000000,0.000000,8.000000,-167.130000
1777586609.249574,0,5.000000,0.000000,5.000000,0.000000,0.000000,0.000000,0.000000,0.000000,8.000000,-167.130000
1777586609.256980,0,5.000000,0.000000,5.000000,0.000000,0.000000,0.000000,0.000000,0.000000,8.000000,-167.110000
1777586609.264552,0,5.000000,0.000000,5.000000,0.000000,0.000000,0.000000,0.000000,0.000000,8.000000,-167.100000
1777586609.271854,0,5.000000,0.000000,5.000000,0.000000,0.000000,0.000000,0.000000,0.000000,8.000000,-167.080000
1777586609.279757,0,5.000000,0.000000,5.000000,0.000000,0.000000,0.000000,0.000000,0.000000,8.000000,-167.080000
1777586609.286950,0,5.000000,0.000000,5.000000,0.000000,0.000000,0.000000,0.000000,0.000000,8.000000,-167.070000
1777586609.310713,0,5.000000,0.000000,5.000000,0.000000,0.000000,0.000000,0.000000,0.000000,8.000000,-167.050000
1777586609.317518,0,5.000000,0.000000,5.000000,0.000000,0.000000,0.000000,0.000000,0.000000,8.000000,-167.050000
1777586609.324432,0,5.000000,0.000000,5.000000,0.000000,0.000000,0.000000,0.000000,0.000000,8.000000,-167.030000
1777586609.339678,0,5.000000,0.000000,5.000000,0.000000,0.000000,0.000000,0.000000,0.000000,8.000000,-167.020000
1777586609.340830,0,5.000000,0.000000,5.000000,0.000000,0.000000,0.000000,0.000000,0.000000,8.000000,-167.020000
1777586609.346883,0,5.000000,0.000000,5.000000,0.000000,0.000000,0.000000,0.000000,0.000000,8.000000,-167.020000
1777586609.362733,0,5.000000,0.000000,5.000000,0.000000,0.000000,0.000000,0.000000,0.000000,8.000000,-167.000000
1777586609.377742,0,5.000000,0.000000,5.000000,0.000000,0.000000,0.000000,0.000000,0.000000,8.000000,-167.000000
1777586609.384678,0,5.000000,0.000000,5.000000,0.000000,0.000000,0.000000,0.000000,0.000000,8.000000,-166.990000
1777586609.391842,0,5.000000,0.000000,5.000000,0.000000,0.000000,0.000000,0.000000,0.000000,8.000000,-166.970000
1777586609.399498,0,5.000000,0.000000,5.000000,0.000000,0.000000,0.000000,0.000000,0.000000,8.000000,-166.970000
1777586609.407394,0,5.000000,0.000000,5.000000,0.000000,0.000000,0.000000,0.000000,0.000000,8.000000,-166.960000
1777586609.423011,0,5.000000,0.000000,5.000000,0.000000,0.000000,0.000000,0.000000,0.000000,8.000000,-166.940000
1777586609.429245,0,5.000000,0.000000,5.000000,0.000000,0.000000,0.000000,0.000000,0.000000,8.000000,-166.940000
1777586609.436901,0,5.000000,0.000000,5.000000,0.000000,0.000000,0.000000,0.000000,0.000000,8.000000,-166.920000
1777586609.444495,0,5.000000,0.000000,5.000000,0.000000,0.000000,0.000000,0.000000,0.000000,8.000000,-166.910000
1777586609.467733,0,5.000000,0.000000,5.000000,0.000000,0.000000,0.000000,0.000000,0.000000,8.000000,-166.910000
1777586609.474452,0,5.000000,0.000000,5.000000,0.000000,0.000000,0.000000,0.000000,0.000000,8.000000,-166.890000
1777586609.481880,0,5.000000,0.000000,5.000000,0.000000,0.000000,0.000000,0.000000,0.000000,8.000000,-166.880000
1777586609.489479,0,5.000000,0.000000,5.000000,0.000000,0.000000,0.000000,0.000000,0.000000,8.000000,-166.880000
1777586609.497000,0,5.000000,0.000000,5.000000,0.000000,0.000000,0.000000,0.000000,0.000000,8.000000,-166.860000
1777586609.504901,0,5.000000,0.000000,5.000000,0.000000,0.000000,0.000000,0.000000,0.000000,8.000000,-166.860000
1777586609.520088,0,5.000000,0.000000,5.000000,0.000000,0.000000,0.000000,0.000000,0.000000,8.000000,-166.850000
1777586609.527318,0,5.000000,0.000000,5.000000,0.000000,0.000000,0.000000,0.000000,0.000000,8.000000,-166.830000
1777586609.534661,0,5.000000,0.000000,5.000000,0.000000,0.000000,0.000000,0.000000,0.000000,8.000000,-166.830000
1777586609.541935,0,5.000000,0.000000,5.000000,0.000000,0.000000,0.000000,0.000000,0.000000,8.000000,-166.820000
1777586609.564769,0,5.000000,0.000000,5.000000,0.000000,0.000000,0.000000,0.000000,0.000000,8.000000,-166.800000
1777586609.567127,0,5.000000,0.000000,5.000000,0.000000,0.000000,0.000000,0.000000,0.000000,8.000000,-166.800000
1777586609.580131,0,5.000000,0.000000,5.000000,0.000000,0.000000,0.000000,0.000000,0.000000,8.000000,-166.780000
1777586609.586994,0,5.000000,0.000000,5.000000,0.000000,0.000000,0.000000,0.000000,0.000000,8.000000,-166.770000
1777586609.594657,0,5.000000,0.000000,5.000000,0.000000,0.000000,0.000000,0.000000,0.000000,8.000000,-166.770000
1777586609.602085,0,5.000000,0.000000,5.000000,0.000000,0.000000,0.000000,0.000000,0.000000,8.000000,-166.750000
1777586609.609445,0,5.000000,0.000000,5.000000,0.000000,0.000000,0.000000,0.000000,0.000000,8.000000,-166.750000
1777586609.633125,0,5.000000,0.000000,5.000000,0.000000,0.000000,0.000000,0.000000,0.000000,8.000000,-166.740000
1777586609.639653,0,5.000000,0.000000,5.000000,0.000000,0.000000,0.000000,0.000000,0.000000,8.000000,-166.720000
1777586609.655163,0,5.000000,0.000000,5.000000,0.000000,0.000000,0.000000,0.000000,0.000000,8.000000,-166.720000
1777586609.661929,0,5.000000,0.000000,5.000000,0.000000,0.000000,0.000000,0.000000,0.000000,8.000000,-166.710000
1777586609.669656,0,5.000000,0.000000,5.000000,0.000000,0.000000,0.000000,0.000000,0.000000,8.000000,-166.690000
1777586609.677056,0,5.000000,0.000000,5.000000,0.000000,0.000000,0.000000,0.000000,0.000000,8.000000,-166.690000
1777586609.684740,0,5.000000,0.000000,5.000000,0.000000,0.000000,0.000000,0.000000,0.000000,8.000000,-166.670000
1777586609.700361,0,5.000000,0.000000,5.000000,0.000000,0.000000,0.000000,0.000000,0.000000,8.000000,-166.660000
1777586609.707242,0,5.000000,0.000000,5.000000,0.000000,0.000000,0.000000,0.000000,0.000000,8.000000,-166.660000
1777586609.714735,0,5.000000,0.000000,5.000000,0.000000,0.000000,0.000000,0.000000,0.000000,8.000000,-166.640000
1777586609.730932,0,5.000000,0.000000,5.000000,0.000000,0.000000,0.000000,0.000000,0.000000,8.000000,-166.630000
1777586609.737310,0,5.000000,0.000000,5.000000,0.000000,0.000000,0.000000,0.000000,0.000000,8.000000,-166.630000
1777586609.744593,0,5.000000,0.000000,5.000000,0.000000,0.000000,0.000000,0.000000,0.000000,8.000000,-166.610000
1777586609.760799,0,5.000000,0.000000,5.000000,0.000000,0.000000,0.000000,0.000000,0.000000,8.000000,-166.610000
1777586609.766678,0,5.000000,0.000000,5.000000,0.000000,0.000000,0.000000,0.000000,0.000000,8.000000,-166.600000
1777586609.767723,0,5.000000,0.000000,5.000000,0.000000,0.000000,0.000000,0.000000,0.000000,8.000000,-166.580000
1777586609.790073,0,5.000000,0.000000,5.000000,0.000000,0.000000,0.000000,0.000000,0.000000,8.000000,-166.580000
1777586609.797174,0,5.000000,0.000000,5.000000,0.000000,0.000000,0.000000,0.000000,0.000000,8.000000,-166.570000
1777586609.804465,0,5.000000,0.000000,5.000000,0.000000,0.000000,0.000000,0.000000,0.000000,8.000000,-166.550000
1777586609.812045,0,5.000000,0.000000,5.000000,0.000000,0.000000,0.000000,0.000000,0.000000,8.000000,-166.550000
1777586609.827771,0,5.000000,0.000000,5.000000,0.000000,0.000000,0.000000,0.000000,0.000000,8.000000,-166.530000
1777586609.828708,0,5.000000,0.000000,5.000000,0.000000,0.000000,0.000000,0.000000,0.000000,8.000000,-166.520000
1777586609.850915,0,5.000000,0.000000,5.000000,0.000000,0.000000,0.000000,0.000000,0.000000,8.000000,-166.520000
1777586609.856842,0,5.000000,0.000000,5.000000,0.000000,0.000000,0.000000,0.000000,0.000000,8.000000,-166.500000
1777586609.864445,0,5.000000,0.000000,5.000000,0.000000,0.000000,0.000000,0.000000,0.000000,8.000000,-166.500000
1777586609.872658,0,5.000000,0.000000,5.000000,0.000000,0.000000,0.000000,0.000000,0.000000,8.000000,-166.490000
1777586609.886633,0,5.000000,0.000000,5.000000,0.000000,0.000000,0.000000,0.000000,0.000000,8.000000,-166.470000
1777586609.888203,0,5.000000,0.000000,5.000000,0.000000,0.000000,0.000000,0.000000,0.000000,8.000000,-166.470000
1777586609.910939,0,5.000000,0.000000,5.000000,0.000000,0.000000,0.000000,0.000000,0.000000,8.000000,-166.460000
1777586609.917879,0,5.000000,0.000000,5.000000,0.000000,0.000000,0.000000,0.000000,0.000000,8.000000,-166.440000
1777586609.932857,0,5.000000,0.000000,5.000000,0.000000,0.000000,0.000000,0.000000,0.000000,8.000000,-166.440000
1777586609.939320,0,5.000000,0.000000,5.000000,0.000000,0.000000,0.000000,0.000000,0.000000,8.000000,-166.420000
1777586609.946985,0,5.000000,0.000000,5.000000,0.000000,0.000000,0.000000,0.000000,0.000000,8.000000,-166.410000
1777586609.954534,0,5.000000,0.000000,5.000000,0.000000,0.000000,0.000000,0.000000,0.000000,8.000000,-166.410000
1777586609.961774,0,5.000000,0.000000,5.000000,0.000000,0.000000,0.000000,0.000000,0.000000,8.000000,-166.390000
1777586609.985621,0,5.000000,0.000000,5.000000,0.000000,0.000000,0.000000,0.000000,0.000000,8.000000,-166.380000
1777586609.991958,0,5.000000,0.000000,5.000000,0.000000,0.000000,0.000000,0.000000,0.000000,8.000000,-166.380000
1777586609.999677,0,5.000000,0.000000,5.000000,0.000000,0.000000,0.000000,0.000000,0.000000,8.000000,-166.360000
1777586610.007259,0,5.000000,0.000000,5.000000,0.000000,0.000000,0.000000,0.000000,0.000000,8.000000,-166.360000
1777586610.022821,0,5.000000,0.000000,5.000000,0.000000,0.000000,0.000000,0.000000,0.000000,8.000000,-166.350000
1777586610.029607,0,5.000000,0.000000,5.000000,0.000000,0.000000,0.000000,0.000000,0.000000,8.000000,-166.330000
1777586610.045820,0,5.000000,0.000000,5.000000,0.000000,0.000000,0.000000,0.000000,0.000000,8.000000,-166.330000
1777586610.052747,0,5.000000,0.000000,5.000000,0.000000,0.000000,0.000000,0.000000,0.000000,8.000000,-166.320000
1777586610.059458,0,5.000000,0.000000,5.000000,0.000000,0.000000,0.000000,0.000000,0.000000,8.000000,-166.300000
1777586610.068148,0,5.000000,0.000000,5.000000,0.000000,0.000000,0.000000,0.000000,0.000000,8.000000,-166.300000
1777586610.074383,0,5.000000,0.000000,5.000000,0.000000,0.000000,0.000000,0.000000,0.000000,8.000000,-166.280000
1777586610.089695,0,5.000000,0.000000,5.000000,0.000000,0.000000,0.000000,0.000000,0.000000,8.000000,-166.270000
1777586610.097207,0,5.000000,0.000000,5.000000,0.000000,0.000000,0.000000,0.000000,0.000000,8.000000,-166.270000
1777586610.104346,0,5.000000,0.000000,5.000000,0.000000,0.000000,0.000000,0.000000,0.000000,8.000000,-166.250000
1777586610.111929,0,5.000000,0.000000,5.000000,0.000000,0.000000,0.000000,0.000000,0.000000,8.000000,-166.250000
1777586610.138167,0,5.000000,0.000000,5.000000,0.000000,0.000000,0.000000,0.000000,0.000000,8.000000,-166.240000
1777586610.141833,0,5.000000,0.000000,5.000000,0.000000,0.000000,0.000000,0.000000,0.000000,8.000000,-166.220000
1777586610.150265,0,5.000000,0.000000,5.000000,0.000000,0.000000,0.000000,0.000000,0.000000,8.000000,-166.220000
1777586610.157194,0,5.000000,0.000000,5.000000,0.000000,0.000000,0.000000,0.000000,0.000000,8.000000,-166.210000
1777586610.164465,0,5.000000,0.000000,5.000000,0.000000,0.000000,0.000000,0.000000,0.000000,8.000000,-166.190000
1777586610.180507,0,5.000000,0.000000,5.000000,0.000000,0.000000,0.000000,0.000000,0.000000,8.000000,-166.190000
1777586610.181301,0,5.000000,0.000000,5.000000,0.000000,0.000000,0.000000,0.000000,0.000000,8.000000,-166.170000
1777586610.203369,0,5.000000,0.000000,5.000000,0.000000,0.000000,0.000000,0.000000,0.000000,8.000000,-166.160000
1777586610.209380,0,5.000000,0.000000,5.000000,0.000000,0.000000,0.000000,0.000000,0.000000,8.000000,-166.160000
1777586610.217438,0,5.000000,0.000000,5.000000,0.000000,0.000000,0.000000,0.000000,0.000000,8.000000,-166.140000
1777586610.239583,0,5.000000,0.000000,5.000000,0.000000,0.000000,0.000000,0.000000,0.000000,8.000000,-166.130000
1777586610.240392,0,5.000000,0.000000,5.000000,0.000000,0.000000,0.000000,0.000000,0.000000,8.000000,-166.130000
1777586610.246933,0,5.000000,0.000000,5.000000,0.000000,0.000000,0.000000,0.000000,0.000000,8.000000,-166.110000
1777586610.254339,0,5.000000,0.000000,5.000000,0.000000,0.000000,0.000000,0.000000,0.000000,8.000000,-166.110000
1777586610.270044,0,5.000000,0.000000,5.000000,0.000000,0.000000,0.000000,0.000000,0.000000,8.000000,-166.100000
1777586610.277114,0,5.000000,0.000000,5.000000,0.000000,0.000000,0.000000,0.000000,0.000000,8.000000,-166.080000
1777586610.300743,0,5.000000,0.000000,5.000000,0.000000,0.000000,0.000000,0.000000,0.000000,8.000000,-166.080000
1777586610.301319,0,5.000000,0.000000,5.000000,0.000000,0.000000,0.000000,0.000000,0.000000,8.000000,-166.070000
1777586610.307195,0,5.000000,0.000000,5.000000,0.000000,0.000000,0.000000,0.000000,0.000000,8.000000,-166.050000
1777586610.314689,0,5.000000,0.000000,5.000000,0.000000,0.000000,0.000000,0.000000,0.000000,8.000000,-166.050000
1777586610.321866,0,5.000000,0.000000,5.000000,0.000000,0.000000,0.000000,0.000000,0.000000,8.000000,-166.030000
1777586610.337279,0,5.000000,0.000000,5.000000,0.000000,0.000000,0.000000,0.000000,0.000000,8.000000,-166.020000
1777586610.346338,0,5.000000,0.000000,5.000000,0.000000,0.000000,0.000000,0.000000,0.000000,8.000000,-166.020000
1777586610.352280,0,5.000000,0.000000,5.000000,0.000000,0.000000,0.000000,0.000000,0.000000,8.000000,-166.000000
1777586610.375575,0,5.000000,0.000000,5.000000,0.000000,0.000000,0.000000,0.000000,0.000000,8.000000,-166.000000
1777586610.382098,0,5.000000,0.000000,5.000000,0.000000,0.000000,0.000000,0.000000,0.000000,8.000000,-165.990000
1777586610.389594,0,5.000000,0.000000,5.000000,0.000000,0.000000,0.000000,0.000000,0.000000,8.000000,-165.970000
1777586610.404714,0,5.000000,0.000000,5.000000,0.000000,0.000000,0.000000,0.000000,0.000000,8.000000,-165.970000
1777586610.405691,0,5.000000,0.000000,5.000000,0.000000,0.000000,0.000000,0.000000,0.000000,8.000000,-165.960000
1777586610.420505,0,5.000000,0.000000,5.000000,0.000000,0.000000,0.000000,0.000000,0.000000,8.000000,-165.940000
1777586610.426976,0,5.000000,0.000000,5.000000,0.000000,0.000000,0.000000,0.000000,0.000000,8.000000,-165.940000
1777586610.442931,0,5.000000,0.000000,5.000000,0.000000,0.000000,0.000000,0.000000,0.000000,8.000000,-165.920000
1777586610.458007,0,5.000000,0.000000,5.000000,0.000000,0.000000,0.000000,0.000000,0.000000,8.000000,-165.910000
1777586610.464562,0,5.000000,0.000000,5.000000,0.000000,0.000000,0.000000,0.000000,0.000000,8.000000,-165.910000
1777586610.471755,0,5.000000,0.000000,5.000000,0.000000,0.000000,0.000000,0.000000,0.000000,8.000000,-165.890000
1777586610.479514,0,5.000000,0.000000,5.000000,0.000000,0.000000,0.000000,0.000000,0.000000,8.000000,-165.880000
1777586610.487322,0,5.000000,0.000000,5.000000,0.000000,0.000000,0.000000,0.000000,0.000000,8.000000,-165.880000
1777586610.502437,0,5.000000,0.000000,5.000000,0.000000,0.000000,0.000000,0.000000,0.000000,8.000000,-165.860000
1777586610.509263,0,5.000000,0.000000,5.000000,0.000000,0.000000,0.000000,0.000000,0.000000,8.000000,-165.860000
1777586610.517117,0,5.000000,0.000000,5.000000,0.000000,0.000000,0.000000,0.000000,0.000000,8.000000,-165.850000
1777586610.524930,0,5.000000,0.000000,5.000000,0.000000,0.000000,0.000000,0.000000,0.000000,8.000000,-165.830000
1777586610.547957,0,5.000000,0.000000,5.000000,0.000000,0.000000,0.000000,0.000000,0.000000,8.000000,-165.830000
1777586610.549014,0,5.000000,0.000000,5.000000,0.000000,0.000000,0.000000,0.000000,0.000000,8.000000,-165.820000
1777586610.569680,0,5.000000,0.000000,5.000000,0.000000,0.000000,0.000000,0.000000,0.000000,8.000000,-165.800000
1777586610.570553,0,5.000000,0.000000,5.000000,0.000000,0.000000,0.000000,0.000000,0.000000,8.000000,-165.800000
1777586610.576784,0,5.000000,0.000000,5.000000,0.000000,0.000000,0.000000,0.000000,0.000000,8.000000,-165.780000
1777586610.584508,0,5.000000,0.000000,5.000000,0.000000,0.000000,0.000000,0.000000,0.000000,8.000000,-165.770000
1777586610.600897,0,5.000000,0.000000,5.000000,0.000000,0.000000,0.000000,0.000000,0.000000,8.000000,-165.770000
1777586610.607192,0,5.000000,0.000000,5.000000,0.000000,0.000000,0.000000,0.000000,0.000000,8.000000,-165.750000
1777586610.622752,0,5.000000,0.000000,5.000000,0.000000,0.000000,0.000000,0.000000,0.000000,8.000000,-165.750000
1777586610.629729,0,5.000000,0.000000,5.000000,0.000000,0.000000,0.000000,0.000000,0.000000,8.000000,-165.740000
1777586610.636881,0,5.000000,0.000000,5.000000,0.000000,0.000000,0.000000,0.000000,0.000000,8.000000,-165.720000
1777586610.644666,0,5.000000,0.000000,5.000000,0.000000,0.000000,0.000000,0.000000,0.000000,8.000000,-165.720000
1777586610.651766,0,5.000000,0.000000,5.000000,0.000000,0.000000,0.000000,0.000000,0.000000,8.000000,-165.710000
1777586610.674601,0,5.000000,0.000000,5.000000,0.000000,0.000000,0.000000,0.000000,0.000000,8.000000,-165.690000
1777586610.682816,0,5.000000,0.000000,5.000000,0.000000,0.000000,0.000000,0.000000,0.000000,8.000000,-165.690000
1777586610.697072,0,5.000000,0.000000,5.000000,0.000000,0.000000,0.000000,0.000000,0.000000,8.000000,-165.670000
1777586610.698146,0,5.000000,0.000000,5.000000,0.000000,0.000000,0.000000,0.000000,0.000000,8.000000,-165.660000
1777586610.713006,0,5.000000,0.000000,5.000000,0.000000,0.000000,0.000000,0.000000,0.000000,8.000000,-165.660000
1777586610.719371,0,5.000000,0.000000,5.000000,0.000000,0.000000,0.000000,0.000000,0.000000,8.000000,-165.640000
1777586610.742463,0,5.000000,0.000000,5.000000,0.000000,0.000000,0.000000,0.000000,0.000000,8.000000,-165.630000
1777586610.743398,0,5.000000,0.000000,5.000000,0.000000,0.000000,0.000000,0.000000,0.000000,8.000000,-165.630000
1777586610.757863,0,5.000000,0.000000,5.000000,0.000000,0.000000,0.000000,0.000000,0.000000,8.000000,-165.610000
1777586610.765001,0,5.000000,0.000000,5.000000,0.000000,0.000000,0.000000,0.000000,0.000000,8.000000,-165.610000
1777586610.771952,0,5.000000,0.000000,5.000000,0.000000,0.000000,0.000000,0.000000,0.000000,8.000000,-165.600000
1777586610.779681,0,5.000000,0.000000,5.000000,0.000000,0.000000,0.000000,0.000000,0.000000,8.000000,-165.580000
1777586610.786947,0,5.000000,0.000000,5.000000,0.000000,0.000000,0.000000,0.000000,0.000000,8.000000,-165.580000
1777586610.794374,0,5.000000,0.000000,5.000000,0.000000,0.000000,0.000000,0.000000,0.000000,8.000000,-165.570000
1777586610.817898,0,5.000000,0.000000,5.000000,0.000000,0.000000,0.000000,0.000000,0.000000,8.000000,-165.550000
1777586610.818777,0,5.000000,0.000000,5.000000,0.000000,0.000000,0.000000,0.000000,0.000000,8.000000,-165.550000
1777586610.824351,0,5.000000,0.000000,5.000000,0.000000,0.000000,0.000000,0.000000,0.000000,8.000000,-165.530000
1777586610.848701,0,5.000000,0.000000,5.000000,0.000000,0.000000,0.000000,0.000000,0.000000,8.000000,-165.520000
1777586610.854524,0,5.000000,0.000000,5.000000,0.000000,0.000000,0.000000,0.000000,0.000000,8.000000,-165.520000
1777586610.861918,0,5.000000,0.000000,5.000000,0.000000,0.000000,0.000000,0.000000,0.000000,8.000000,-165.500000
1777586610.869334,0,5.000000,0.000000,5.000000,0.000000,0.000000,0.000000,0.000000,0.000000,8.000000,-165.500000
1777586610.876883,0,5.000000,0.000000,5.000000,0.000000,0.000000,0.000000,0.000000,0.000000,8.000000,-165.490000
1777586610.891683,0,5.000000,0.000000,5.000000,0.000000,0.000000,0.000000,0.000000,0.000000,8.000000,-165.470000
1777586610.899676,0,5.000000,0.000000,5.000000,0.000000,0.000000,0.000000,0.000000,0.000000,8.000000,-165.470000
1777586610.906893,0,5.000000,0.000000,5.000000,0.000000,0.000000,0.000000,0.000000,0.000000,8.000000,-165.460000
1777586610.930577,0,5.000000,0.000000,5.000000,0.000000,0.000000,0.000000,0.000000,0.000000,8.000000,-165.440000
1777586610.931659,0,5.000000,0.000000,5.000000,0.000000,0.000000,0.000000,0.000000,0.000000,8.000000,-165.440000
1777586610.937003,0,5.000000,0.000000,5.000000,0.000000,0.000000,0.000000,0.000000,0.000000,8.000000,-165.420000
1777586610.944673,0,5.000000,0.000000,5.000000,0.000000,0.000000,0.000000,0.000000,0.000000,8.000000,-165.410000
1777586610.952051,0,5.000000,0.000000,5.000000,0.000000,0.000000,0.000000,0.000000,0.000000,8.000000,-165.410000
1777586610.967054,0,5.000000,0.000000,5.000000,0.000000,0.000000,0.000000,0.000000,0.000000,8.000000,-165.390000
1777586610.974358,0,5.000000,0.000000,5.000000,0.000000,0.000000,0.000000,0.000000,0.000000,8.000000,-165.380000
1777586610.981742,0,5.000000,0.000000,5.000000,0.000000,0.000000,0.000000,0.000000,0.000000,8.000000,-165.380000
1777586610.989473,0,5.000000,0.000000,5.000000,0.000000,0.000000,0.000000,0.000000,0.000000,8.000000,-165.360000
1777586611.012575,0,5.000000,0.000000,5.000000,0.000000,0.000000,0.000000,0.000000,0.000000,8.000000,-165.360000
1777586611.019493,0,5.000000,0.000000,5.000000,0.000000,0.000000,0.000000,0.000000,0.000000,8.000000,-165.350000
1777586611.034407,0,5.000000,0.000000,5.000000,0.000000,0.000000,0.000000,0.000000,0.000000,8.000000,-165.330000
1777586611.035580,0,5.000000,0.000000,5.000000,0.000000,0.000000,0.000000,0.000000,0.000000,8.000000,-165.330000
1777586611.041872,0,5.000000,0.000000,5.000000,0.000000,0.000000,0.000000,0.000000,0.000000,8.000000,-165.320000
1777586611.056910,0,5.000000,0.000000,5.000000,0.000000,0.000000,0.000000,0.000000,0.000000,8.000000,-165.300000
1777586611.064311,0,5.000000,0.000000,5.000000,0.000000,0.000000,0.000000,0.000000,0.000000,8.000000,-165.300000
1777586611.071959,0,5.000000,0.000000,5.000000,0.000000,0.000000,0.000000,0.000000,0.000000,8.000000,-165.280000
1777586611.079645,0,5.000000,0.000000,5.000000,0.000000,0.000000,0.000000,0.000000,0.000000,8.000000,-165.270000
1777586611.095107,0,5.000000,0.000000,5.000000,0.000000,0.000000,0.000000,0.000000,0.000000,8.000000,-165.270000
1777586611.101898,0,5.000000,0.000000,5.000000,0.000000,0.000000,0.000000,0.000000,0.000000,8.000000,-165.250000
1777586611.109499,0,5.000000,0.000000,5.000000,0.000000,0.000000,0.000000,0.000000,0.000000,8.000000,-165.250000
1777586611.133097,0,5.000000,0.000000,5.000000,0.000000,0.000000,0.000000,0.000000,0.000000,8.000000,-165.240000
1777586611.139511,0,5.000000,0.000000,5.000000,0.000000,0.000000,0.000000,0.000000,0.000000,8.000000,-165.220000
1777586611.147128,0,5.000000,0.000000,5.000000,0.000000,0.000000,0.000000,0.000000,0.000000,8.000000,-165.220000
1777586611.162038,0,5.000000,0.000000,5.000000,0.000000,0.000000,0.000000,0.000000,0.000000,8.000000,-165.210000
1777586611.169729,0,5.000000,0.000000,5.000000,0.000000,0.000000,0.000000,0.000000,0.000000,8.000000,-165.190000
1777586611.177001,0,5.000000,0.000000,5.000000,0.000000,0.000000,0.000000,0.000000,0.000000,8.000000,-165.190000
1777586611.184552,0,5.000000,0.000000,5.000000,0.000000,0.000000,0.000000,0.000000,0.000000,8.000000,-165.170000
1777586611.191745,0,5.000000,0.000000,5.000000,0.000000,0.000000,0.000000,0.000000,0.000000,8.000000,-165.160000
1777586611.213657,0,5.000000,0.000000,5.000000,0.000000,0.000000,0.000000,0.000000,0.000000,8.000000,-165.160000
1777586611.214984,0,5.000000,0.000000,5.000000,0.000000,0.000000,0.000000,0.000000,0.000000,8.000000,-165.140000
1777586611.222041,0,5.000000,0.000000,5.000000,0.000000,0.000000,0.000000,0.000000,0.000000,8.000000,-165.130000
1777586611.229386,0,5.000000,0.000000,5.000000,0.000000,0.000000,0.000000,0.000000,0.000000,8.000000,-165.130000
1777586611.244360,0,5.000000,0.000000,5.000000,0.000000,0.000000,0.000000,0.000000,0.000000,8.000000,-165.110000
1777586611.251905,0,5.000000,0.000000,5.000000,0.000000,0.000000,0.000000,0.000000,0.000000,8.000000,-165.110000
1777586611.267945,0,5.000000,0.000000,5.000000,0.000000,0.000000,0.000000,0.000000,0.000000,8.000000,-165.100000
1777586611.274639,0,5.000000,0.000000,5.000000,0.000000,0.000000,0.000000,0.000000,0.000000,8.000000,-165.080000
1777586611.282099,0,5.000000,0.000000,5.000000,0.000000,0.000000,0.000000,0.000000,0.000000,8.000000,-165.080000
1777586611.289422,0,5.000000,0.000000,5.000000,0.000000,0.000000,0.000000,0.000000,0.000000,8.000000,-165.070000
1777586611.296844,0,5.000000,0.000000,5.000000,0.000000,0.000000,0.000000,0.000000,0.000000,8.000000,-165.050000
1777586611.319583,0,5.000000,0.000000,5.000000,0.000000,0.000000,0.000000,0.000000,0.000000,8.000000,-165.050000
1777586611.334842,0,5.000000,0.000000,5.000000,0.000000,0.000000,0.000000,0.000000,0.000000,8.000000,-165.030000
1777586611.341834,0,5.000000,0.000000,5.000000,0.000000,0.000000,0.000000,0.000000,0.000000,8.000000,-165.020000
1777586611.349473,0,5.000000,0.000000,5.000000,0.000000,0.000000,0.000000,0.000000,0.000000,8.000000,-165.020000
1777586611.357628,0,5.000000,0.000000,5.000000,0.000000,0.000000,0.000000,0.000000,0.000000,8.000000,-165.000000
1777586611.364384,0,5.000000,0.000000,5.000000,0.000000,0.000000,0.000000,0.000000,0.000000,8.000000,-165.000000
1777586611.372208,0,5.000000,0.000000,5.000000,0.000000,0.000000,0.000000,0.000000,0.000000,8.000000,-164.990000
1777586611.387023,0,5.000000,0.000000,5.000000,0.000000,0.000000,0.000000,0.000000,0.000000,8.000000,-164.970000
1777586611.401348,0,5.000000,0.000000,5.000000,0.000000,0.000000,0.000000,0.000000,0.000000,8.000000,-164.970000
1777586611.402445,0,5.000000,0.000000,5.000000,0.000000,0.000000,0.000000,0.000000,0.000000,8.000000,-164.960000
1777586611.416986,0,5.000000,0.000000,5.000000,0.000000,0.000000,0.000000,0.000000,0.000000,8.000000,-164.940000
1777586611.424809,0,5.000000,0.000000,5.000000,0.000000,0.000000,0.000000,0.000000,0.000000,8.000000,-164.940000
1777586611.439505,0,5.000000,0.000000,5.000000,0.000000,0.000000,0.000000,0.000000,0.000000,8.000000,-164.920000
1777586611.447273,0,5.000000,0.000000,5.000000,0.000000,0.000000,0.000000,0.000000,0.000000,8.000000,-164.910000
1777586611.454589,0,5.000000,0.000000,5.000000,0.000000,0.000000,0.000000,0.000000,0.000000,8.000000,-164.910000
1777586611.462157,0,5.000000,0.000000,5.000000,0.000000,0.000000,0.000000,0.000000,0.000000,8.000000,-164.890000
1777586611.469422,0,5.000000,0.000000,5.000000,0.000000,0.000000,0.000000,0.000000,0.000000,8.000000,-164.880000
1777586611.492743,0,5.000000,0.000000,5.000000,0.000000,0.000000,0.000000,0.000000,0.000000,8.000000,-164.880000
1777586611.493705,0,5.000000,0.000000,5.000000,0.000000,0.000000,0.000000,0.000000,0.000000,8.000000,-164.860000
1777586611.507359,0,5.000000,0.000000,5.000000,0.000000,0.000000,0.000000,0.000000,0.000000,8.000000,-164.860000
1777586611.515236,0,5.000000,0.000000,5.000000,0.000000,0.000000,0.000000,0.000000,0.000000,8.000000,-164.850000
1777586611.521908,0,5.000000,0.000000,5.000000,0.000000,0.000000,0.000000,0.000000,0.000000,8.000000,-164.830000
1777586611.536901,0,5.000000,0.000000,5.000000,0.000000,0.000000,0.000000,0.000000,0.000000,8.000000,-164.830000
1777586611.544660,0,5.000000,0.000000,5.000000,0.000000,0.000000,0.000000,0.000000,0.000000,8.000000,-164.820000
1777586611.552149,0,5.000000,0.000000,5.000000,0.000000,0.000000,0.000000,0.000000,0.000000,8.000000,-164.800000
1777586611.567513,0,5.000000,0.000000,5.000000,0.000000,0.000000,0.000000,0.000000,0.000000,8.000000,-164.800000
1777586611.568415,0,5.000000,0.000000,5.000000,0.000000,0.000000,0.000000,0.000000,0.000000,8.000000,-164.780000
1777586611.597932,0,5.000000,0.000000,5.000000,0.000000,0.000000,0.000000,0.000000,0.000000,8.000000,-164.770000
1777586611.604838,0,5.000000,0.000000,5.000000,0.000000,0.000000,0.000000,0.000000,0.000000,8.000000,-164.770000
1777586611.612385,0,5.000000,0.000000,5.000000,0.000000,0.000000,0.000000,0.000000,0.000000,8.000000,-164.750000
1777586611.619617,0,5.000000,0.000000,5.000000,0.000000,0.000000,0.000000,0.000000,0.000000,8.000000,-164.750000
1777586611.626792,0,5.000000,0.000000,5.000000,0.000000,0.000000,0.000000,0.000000,0.000000,8.000000,-164.740000
1777586611.642316,0,5.000000,0.000000,5.000000,0.000000,0.000000,0.000000,0.000000,0.000000,8.000000,-164.720000
1777586611.649826,0,5.000000,0.000000,5.000000,0.000000,0.000000,0.000000,0.000000,0.000000,8.000000,-164.720000
1777586611.664688,0,5.000000,0.000000,5.000000,0.000000,0.000000,0.000000,0.000000,0.000000,8.000000,-164.710000
1777586611.665643,0,5.000000,0.000000,5.000000,0.000000,0.000000,0.000000,0.000000,0.000000,8.000000,-164.690000
1777586611.679825,0,5.000000,0.000000,5.000000,0.000000,0.000000,0.000000,0.000000,0.000000,8.000000,-164.690000
1777586611.687113,0,5.000000,0.000000,5.000000,0.000000,0.000000,0.000000,0.000000,0.000000,8.000000,-164.670000
1777586611.702234,0,5.000000,0.000000,5.000000,0.000000,0.000000,0.000000,0.000000,0.000000,8.000000,-164.660000
1777586611.709482,0,5.000000,0.000000,5.000000,0.000000,0.000000,0.000000,0.000000,0.000000,8.000000,-164.660000
1777586611.716901,0,5.000000,0.000000,5.000000,0.000000,0.000000,0.000000,0.000000,0.000000,8.000000,-164.640000
1777586611.724493,0,5.000000,0.000000,5.000000,0.000000,0.000000,0.000000,0.000000,0.000000,8.000000,-164.630000
1777586611.739518,0,5.000000,0.000000,5.000000,0.000000,0.000000,0.000000,0.000000,0.000000,8.000000,-164.630000
1777586611.747018,0,5.000000,0.000000,5.000000,0.000000,0.000000,0.000000,0.000000,0.000000,8.000000,-164.610000
1777586611.769355,0,5.000000,0.000000,5.000000,0.000000,0.000000,0.000000,0.000000,0.000000,8.000000,-164.610000
1777586611.770236,0,5.000000,0.000000,5.000000,0.000000,0.000000,0.000000,0.000000,0.000000,8.000000,-164.600000
1777586611.777207,0,5.000000,0.000000,5.000000,0.000000,0.000000,0.000000,0.000000,0.000000,8.000000,-164.580000
1777586611.784656,0,5.000000,0.000000,5.000000,0.000000,0.000000,0.000000,0.000000,0.000000,8.000000,-164.580000
1777586611.791718,0,5.000000,0.000000,5.000000,0.000000,0.000000,0.000000,0.000000,0.000000,8.000000,-164.570000
1777586611.815333,0,5.000000,0.000000,5.000000,0.000000,0.000000,0.000000,0.000000,0.000000,8.000000,-164.550000
1777586611.822095,0,5.000000,0.000000,5.000000,0.000000,0.000000,0.000000,0.000000,0.000000,8.000000,-164.550000
1777586611.829736,0,5.000000,0.000000,5.000000,0.000000,0.000000,0.000000,0.000000,0.000000,8.000000,-164.530000
1777586611.837049,0,5.000000,0.000000,5.000000,0.000000,0.000000,0.000000,0.000000,0.000000,8.000000,-164.520000
1777586611.851905,0,5.000000,0.000000,5.000000,0.000000,0.000000,0.000000,0.000000,0.000000,8.000000,-164.520000
1777586611.859416,0,5.000000,0.000000,5.000000,0.000000,0.000000,0.000000,0.000000,0.000000,8.000000,-164.500000
1777586611.866968,0,5.000000,0.000000,5.000000,0.000000,0.000000,0.000000,0.000000,0.000000,8.000000,-164.500000
1777586611.874828,0,5.000000,0.000000,5.000000,0.000000,0.000000,0.000000,0.000000,0.000000,8.000000,-164.490000
1777586611.889884,0,5.000000,0.000000,5.000000,0.000000,0.000000,0.000000,0.000000,0.000000,8.000000,-164.470000
1777586611.897310,0,5.000000,0.000000,5.000000,0.000000,0.000000,0.000000,0.000000,0.000000,8.000000,-164.470000
1777586611.904692,0,5.000000,0.000000,5.000000,0.000000,0.000000,0.000000,0.000000,0.000000,8.000000,-164.460000
1777586611.919214,0,5.000000,0.000000,5.000000,0.000000,0.000000,0.000000,0.000000,0.000000,8.000000,-164.440000
1777586611.920339,0,5.000000,0.000000,5.000000,0.000000,0.000000,0.000000,0.000000,0.000000,8.000000,-164.440000
1777586611.942092,0,5.000000,0.000000,5.000000,0.000000,0.000000,0.000000,0.000000,0.000000,8.000000,-164.420000
1777586611.956327,0,5.000000,0.000000,5.000000,0.000000,0.000000,0.000000,0.000000,0.000000,8.000000,-164.410000
1777586611.957411,0,5.000000,0.000000,5.000000,0.000000,0.000000,0.000000,0.000000,0.000000,8.000000,-164.410000
1777586611.964342,0,5.000000,0.000000,5.000000,0.000000,0.000000,0.000000,0.000000,0.000000,8.000000,-164.390000
1777586611.971943,0,5.000000,0.000000,5.000000,0.000000,0.000000,0.000000,0.000000,0.000000,8.000000,-164.380000
1777586611.994631,0,5.000000,0.000000,5.000000,0.000000,0.000000,0.000000,0.000000,0.000000,8.000000,-164.380000
1777586612.001772,0,5.000000,0.000000,5.000000,0.000000,0.000000,0.000000,0.000000,0.000000,8.000000,-164.360000
1777586612.009489,0,5.000000,0.000000,5.000000,0.000000,0.000000,0.000000,0.000000,0.000000,8.000000,-164.360000
1777586612.017521,0,5.000000,0.000000,5.000000,0.000000,0.000000,0.000000,0.000000,0.000000,8.000000,-164.350000
1777586612.024426,0,5.000000,0.000000,5.000000,0.000000,0.000000,0.000000,0.000000,0.000000,8.000000,-164.330000
1777586612.039535,0,5.000000,0.000000,5.000000,0.000000,0.000000,0.000000,0.000000,0.000000,8.000000,-164.330000
1777586612.047667,0,5.000000,0.000000,5.000000,0.000000,0.000000,0.000000,0.000000,0.000000,8.000000,-164.320000
1777586612.054803,0,5.000000,0.000000,5.000000,0.000000,0.000000,0.000000,0.000000,0.000000,8.000000,-164.300000
1777586612.062048,0,5.000000,0.000000,5.000000,0.000000,0.000000,0.000000,0.000000,0.000000,8.000000,-164.300000
1777586612.085151,0,5.000000,0.000000,5.000000,0.000000,0.000000,0.000000,0.000000,0.000000,8.000000,-164.280000
1777586612.091975,0,5.000000,0.000000,5.000000,0.000000,0.000000,0.000000,0.000000,0.000000,8.000000,-164.270000
1777586612.099712,0,5.000000,0.000000,5.000000,0.000000,0.000000,0.000000,0.000000,0.000000,8.000000,-164.270000
1777586612.114579,0,5.000000,0.000000,5.000000,0.000000,0.000000,0.000000,0.000000,0.000000,8.000000,-164.250000
1777586612.115592,0,5.000000,0.000000,5.000000,0.000000,0.000000,0.000000,0.000000,0.000000,8.000000,-164.250000
1777586612.136478,0,5.000000,0.000000,5.000000,0.000000,0.000000,0.000000,0.000000,0.000000,8.000000,-164.240000
1777586612.144654,0,5.000000,0.000000,5.000000,0.000000,0.000000,0.000000,0.000000,0.000000,8.000000,-164.220000
1777586612.152264,0,5.000000,0.000000,5.000000,0.000000,0.000000,0.000000,0.000000,0.000000,8.000000,-164.220000
1777586612.159807,0,5.000000,0.000000,5.000000,0.000000,0.000000,0.000000,0.000000,0.000000,8.000000,-164.210000
1777586612.167207,0,5.000000,0.000000,5.000000,0.000000,0.000000,0.000000,0.000000,0.000000,8.000000,-164.190000
1777586612.174704,0,5.000000,0.000000,5.000000,0.000000,0.000000,0.000000,0.000000,0.000000,8.000000,-164.190000
1777586612.189761,0,5.000000,0.000000,5.000000,0.000000,0.000000,0.000000,0.000000,0.000000,8.000000,-164.170000
1777586612.196995,0,5.000000,0.000000,5.000000,0.000000,0.000000,0.000000,0.000000,0.000000,8.000000,-164.160000
1777586612.204532,0,5.000000,0.000000,5.000000,0.000000,0.000000,0.000000,0.000000,0.000000,8.000000,-164.160000
1777586612.219969,0,5.000000,0.000000,5.000000,0.000000,0.000000,0.000000,0.000000,0.000000,8.000000,-164.140000
1777586612.227390,0,5.000000,0.000000,5.000000,0.000000,0.000000,0.000000,0.000000,0.000000,8.000000,-164.130000
1777586612.250625,0,5.000000,0.000000,5.000000,0.000000,0.000000,0.000000,0.000000,0.000000,8.000000,-164.130000
1777586612.251670,0,5.000000,0.000000,5.000000,0.000000,0.000000,0.000000,0.000000,0.000000,8.000000,-164.110000
1777586612.256834,0,5.000000,0.000000,5.000000,0.000000,0.000000,0.000000,0.000000,0.000000,8.000000,-164.110000
1777586612.264411,0,5.000000,0.000000,5.000000,0.000000,0.000000,0.000000,0.000000,0.000000,8.000000,-164.100000
1777586612.280497,0,5.000000,0.000000,5.000000,0.000000,0.000000,0.000000,0.000000,0.000000,8.000000,-164.080000
1777586612.287028,0,5.000000,0.000000,5.000000,0.000000,0.000000,0.000000,0.000000,0.000000,8.000000,-164.080000
1777586612.302547,0,5.000000,0.000000,5.000000,0.000000,0.000000,0.000000,0.000000,0.000000,8.000000,-164.070000
1777586612.309256,0,5.000000,0.000000,5.000000,0.000000,0.000000,0.000000,0.000000,0.000000,8.000000,-164.050000
1777586612.318000,0,5.000000,0.000000,5.000000,0.000000,0.000000,0.000000,0.000000,0.000000,8.000000,-164.050000
1777586612.332945,0,5.000000,0.000000,5.000000,0.000000,0.000000,0.000000,0.000000,0.000000,8.000000,-164.030000
1777586612.339628,0,5.000000,0.000000,5.000000,0.000000,0.000000,0.000000,0.000000,0.000000,8.000000,-164.020000
1777586612.347370,0,5.000000,0.000000,5.000000,0.000000,0.000000,0.000000,0.000000,0.000000,8.000000,-164.020000
1777586612.354499,0,5.000000,0.000000,5.000000,0.000000,0.000000,0.000000,0.000000,0.000000,8.000000,-164.000000
1777586612.361963,0,5.000000,0.000000,5.000000,0.000000,0.000000,0.000000,0.000000,0.000000,8.000000,-164.000000
1777586612.385240,0,5.000000,0.000000,5.000000,0.000000,0.000000,0.000000,0.000000,0.000000,8.000000,-163.990000
1777586612.391971,0,5.000000,0.000000,5.000000,0.000000,0.000000,0.000000,0.000000,0.000000,8.000000,-163.970000
1777586612.400134,0,5.000000,0.000000,5.000000,0.000000,0.000000,0.000000,0.000000,0.000000,8.000000,-163.970000
1777586612.407281,0,5.000000,0.000000,5.000000,0.000000,0.000000,0.000000,0.000000,0.000000,8.000000,-163.960000
1777586612.414933,0,5.000000,0.000000,5.000000,0.000000,0.000000,0.000000,0.000000,0.000000,8.000000,-163.940000
1777586612.421884,0,5.000000,0.000000,5.000000,0.000000,0.000000,0.000000,0.000000,0.000000,8.000000,-163.940000
1777586612.437960,0,5.000000,0.000000,5.000000,0.000000,0.000000,0.000000,0.000000,0.000000,8.000000,-163.920000
1777586612.461258,0,5.000000,0.000000,5.000000,0.000000,0.000000,0.000000,0.000000,0.000000,8.000000,-163.910000
1777586612.462156,0,5.000000,0.000000,5.000000,0.000000,0.000000,0.000000,0.000000,0.000000,8.000000,-163.910000
1777586612.475071,0,5.000000,0.000000,5.000000,0.000000,0.000000,0.000000,0.000000,0.000000,8.000000,-163.890000
1777586612.490832,0,5.000000,0.000000,5.000000,0.000000,0.000000,0.000000,0.000000,0.000000,8.000000,-163.880000
1777586612.505400,0,5.000000,0.000000,5.000000,0.000000,0.000000,0.000000,0.000000,0.000000,8.000000,-163.880000
1777586612.506548,0,5.000000,0.000000,5.000000,0.000000,0.000000,0.000000,0.000000,0.000000,8.000000,-163.860000
1777586612.512194,0,5.000000,0.000000,5.000000,0.000000,0.000000,0.000000,0.000000,0.000000,8.000000,-163.860000
1777586612.519572,0,5.000000,0.000000,5.000000,0.000000,0.000000,0.000000,0.000000,0.000000,8.000000,-163.850000
1777586612.527595,0,5.000000,0.000000,5.000000,0.000000,0.000000,0.000000,0.000000,0.000000,8.000000,-163.830000
1777586612.543003,0,5.000000,0.000000,5.000000,0.000000,0.000000,0.000000,0.000000,0.000000,8.000000,-163.830000
1777586612.549379,0,5.000000,0.000000,5.000000,0.000000,0.000000,0.000000,0.000000,0.000000,8.000000,-163.820000
1777586612.557468,0,5.000000,0.000000,5.000000,0.000000,0.000000,0.000000,0.000000,0.000000,8.000000,-163.800000
1777586612.580817,0,5.000000,0.000000,5.000000,0.000000,0.000000,0.000000,0.000000,0.000000,8.000000,-163.800000
1777586612.587508,0,5.000000,0.000000,5.000000,0.000000,0.000000,0.000000,0.000000,0.000000,8.000000,-163.780000
1777586612.594440,0,5.000000,0.000000,5.000000,0.000000,0.000000,0.000000,0.000000,0.000000,8.000000,-163.770000
1777586612.602205,0,5.000000,0.000000,5.000000,0.000000,0.000000,0.000000,0.000000,0.000000,8.000000,-163.770000
1777586612.625179,0,5.000000,0.000000,5.000000,0.000000,0.000000,0.000000,0.000000,0.000000,8.000000,-163.750000
1777586612.626098,0,5.000000,0.000000,5.000000,0.000000,0.000000,0.000000,0.000000,0.000000,8.000000,-163.750000
1777586612.631752,0,5.000000,0.000000,5.000000,0.000000,0.000000,0.000000,0.000000,0.000000,8.000000,-163.740000
1777586612.647720,0,5.000000,0.000000,5.000000,0.000000,0.000000,0.000000,0.000000,0.000000,8.000000,-163.720000
1777586612.654828,0,5.000000,0.000000,5.000000,0.000000,0.000000,0.000000,0.000000,0.000000,8.000000,-163.720000
1777586612.661877,0,5.000000,0.000000,5.000000,0.000000,0.000000,0.000000,0.000000,0.000000,8.000000,-163.710000
1777586612.677679,0,5.000000,0.000000,5.000000,0.000000,0.000000,0.000000,0.000000,0.000000,8.000000,-163.690000
1777586612.692942,0,5.000000,0.000000,5.000000,0.000000,0.000000,0.000000,0.000000,0.000000,8.000000,-163.690000
1777586612.693818,0,5.000000,0.000000,5.000000,0.000000,0.000000,0.000000,0.000000,0.000000,8.000000,-163.670000
1777586612.699638,0,5.000000,0.000000,5.000000,0.000000,0.000000,0.000000,0.000000,0.000000,8.000000,-163.660000
1777586612.707259,0,5.000000,0.000000,5.000000,0.000000,0.000000,0.000000,0.000000,0.000000,8.000000,-163.660000
1777586612.722267,0,5.000000,0.000000,5.000000,0.000000,0.000000,0.000000,0.000000,0.000000,8.000000,-163.640000
1777586612.729861,0,5.000000,0.000000,5.000000,0.000000,0.000000,0.000000,0.000000,0.000000,8.000000,-163.630000
1777586612.737383,0,5.000000,0.000000,5.000000,0.000000,0.000000,0.000000,0.000000,0.000000,8.000000,-163.630000
1777586612.744388,0,5.000000,0.000000,5.000000,0.000000,0.000000,0.000000,0.000000,0.000000,8.000000,-163.610000
1777586612.768483,0,5.000000,0.000000,5.000000,0.000000,0.000000,0.000000,0.000000,0.000000,8.000000,-163.610000
1777586612.774668,0,5.000000,0.000000,5.000000,0.000000,0.000000,0.000000,0.000000,0.000000,8.000000,-163.600000
1777586612.789175,0,5.000000,0.000000,5.000000,0.000000,0.000000,0.000000,0.000000,0.000000,8.000000,-163.580000
1777586612.790188,0,5.000000,0.000000,5.000000,0.000000,0.000000,0.000000,0.000000,0.000000,8.000000,-163.580000
1777586612.797023,0,5.000000,0.000000,5.000000,0.000000,0.000000,0.000000,0.000000,0.000000,8.000000,-163.570000
1777586612.813991,0,5.000000,0.000000,5.000000,0.000000,0.000000,0.000000,0.000000,0.000000,8.000000,-163.550000
1777586612.819775,0,5.000000,0.000000,5.000000,0.000000,0.000000,0.000000,0.000000,0.000000,8.000000,-163.550000
1777586612.827139,0,5.000000,0.000000,5.000000,0.000000,0.000000,0.000000,0.000000,0.000000,8.000000,-163.530000
1777586612.834784,0,5.000000,0.000000,5.000000,0.000000,0.000000,0.000000,0.000000,0.000000,8.000000,-163.520000
1777586612.842022,0,5.000000,0.000000,5.000000,0.000000,0.000000,0.000000,0.000000,0.000000,8.000000,-163.520000
1777586612.857812,0,5.000000,0.000000,5.000000,0.000000,0.000000,0.000000,0.000000,0.000000,8.000000,-163.500000
1777586612.871252,0,5.000000,0.000000,5.000000,0.000000,0.000000,0.000000,0.000000,0.000000,8.000000,-163.500000
1777586612.872218,0,5.000000,0.000000,5.000000,0.000000,0.000000,0.000000,0.000000,0.000000,8.000000,-163.490000
1777586612.886284,0,5.000000,0.000000,5.000000,0.000000,0.000000,0.000000,0.000000,0.000000,8.000000,-163.470000
1777586612.903057,0,5.000000,0.000000,5.000000,0.000000,0.000000,0.000000,0.000000,0.000000,8.000000,-163.470000
1777586612.909386,0,5.000000,0.000000,5.000000,0.000000,0.000000,0.000000,0.000000,0.000000,8.000000,-163.460000
1777586612.917554,0,5.000000,0.000000,5.000000,0.000000,0.000000,0.000000,0.000000,0.000000,8.000000,-163.440000
1777586612.924888,0,5.000000,0.000000,5.000000,0.000000,0.000000,0.000000,0.000000,0.000000,8.000000,-163.440000
1777586612.932102,0,5.000000,0.000000,5.000000,0.000000,0.000000,0.000000,0.000000,0.000000,8.000000,-163.420000
1777586612.939407,0,5.000000,0.000000,5.000000,0.000000,0.000000,0.000000,0.000000,0.000000,8.000000,-163.410000
1777586612.955001,0,5.000000,0.000000,5.000000,0.000000,0.000000,0.000000,0.000000,0.000000,8.000000,-163.410000
1777586612.961819,0,5.000000,0.000000,5.000000,0.000000,0.000000,0.000000,0.000000,0.000000,8.000000,-163.390000
1777586612.977852,0,5.000000,0.000000,5.000000,0.000000,0.000000,0.000000,0.000000,0.000000,8.000000,-163.380000
1777586612.984753,0,5.000000,0.000000,5.000000,0.000000,0.000000,0.000000,0.000000,0.000000,8.000000,-163.380000
1777586613.007439,0,5.000000,0.000000,5.000000,0.000000,0.000000,0.000000,0.000000,0.000000,8.000000,-163.360000
1777586613.008543,0,5.000000,0.000000,5.000000,0.000000,0.000000,0.000000,0.000000,0.000000,8.000000,-163.360000
1777586613.022212,0,5.000000,0.000000,5.000000,0.000000,0.000000,0.000000,0.000000,0.000000,8.000000,-163.350000
1777586613.029892,0,5.000000,0.000000,5.000000,0.000000,0.000000,0.000000,0.000000,0.000000,8.000000,-163.330000
1777586613.036975,0,5.000000,0.000000,5.000000,0.000000,0.000000,0.000000,0.000000,0.000000,8.000000,-163.330000
1777586613.044444,0,5.000000,0.000000,5.000000,0.000000,0.000000,0.000000,0.000000,0.000000,8.000000,-163.320000
1777586613.052223,0,5.000000,0.000000,5.000000,0.000000,0.000000,0.000000,0.000000,0.000000,8.000000,-163.300000
1777586613.068024,0,5.000000,0.000000,5.000000,0.000000,0.000000,0.000000,0.000000,0.000000,8.000000,-163.300000
1777586613.074454,0,5.000000,0.000000,5.000000,0.000000,0.000000,0.000000,0.000000,0.000000,8.000000,-163.280000
1777586613.082218,0,5.000000,0.000000,5.000000,0.000000,0.000000,0.000000,0.000000,0.000000,8.000000,-163.270000
1777586613.089434,0,5.000000,0.000000,5.000000,0.000000,0.000000,0.000000,0.000000,0.000000,8.000000,-163.270000
1777586613.105211,0,5.000000,0.000000,5.000000,0.000000,0.000000,0.000000,0.000000,0.000000,8.000000,-163.250000
1777586613.112077,0,5.000000,0.000000,5.000000,0.000000,0.000000,0.000000,0.000000,0.000000,8.000000,-163.250000
1777586613.128649,0,5.000000,0.000000,5.000000,0.000000,0.000000,0.000000,0.000000,0.000000,8.000000,-163.240000
1777586613.134855,0,5.000000,0.000000,5.000000,0.000000,0.000000,0.000000,0.000000,0.000000,8.000000,-163.220000
1777586613.142754,0,5.000000,0.000000,5.000000,0.000000,0.000000,0.000000,0.000000,0.000000,8.000000,-163.220000
1777586613.149472,0,5.000000,0.000000,5.000000,0.000000,0.000000,0.000000,0.000000,0.000000,8.000000,-163.210000
1777586613.157128,0,5.000000,0.000000,5.000000,0.000000,0.000000,0.000000,0.000000,0.000000,8.000000,-163.190000
1777586613.180918,0,5.000000,0.000000,5.000000,0.000000,0.000000,0.000000,0.000000,0.000000,8.000000,-163.190000
1777586613.202632,0,5.000000,0.000000,5.000000,0.000000,0.000000,0.000000,0.000000,0.000000,8.000000,-163.170000
1777586613.204680,0,5.000000,0.000000,5.000000,0.000000,0.000000,0.000000,0.000000,0.000000,8.000000,-163.160000
1777586613.209436,0,5.000000,0.000000,5.000000,0.000000,0.000000,0.000000,0.000000,0.000000,8.000000,-163.160000
1777586613.217237,0,5.000000,0.000000,5.000000,0.000000,0.000000,0.000000,0.000000,0.000000,8.000000,-163.140000
1777586613.224426,0,5.000000,0.000000,5.000000,0.000000,0.000000,0.000000,0.000000,0.000000,8.000000,-163.130000
1777586613.238790,0,5.000000,0.000000,5.000000,0.000000,0.000000,0.000000,0.000000,0.000000,8.000000,-163.130000
1777586613.247516,0,5.000000,0.000000,5.000000,0.000000,0.000000,0.000000,0.000000,0.000000,8.000000,-163.110000
1777586613.254401,0,5.000000,0.000000,5.000000,0.000000,0.000000,0.000000,0.000000,0.000000,8.000000,-163.110000
1777586613.262074,0,5.000000,0.000000,5.000000,0.000000,0.000000,0.000000,0.000000,0.000000,8.000000,-163.100000
1777586613.271499,0,5.000000,0.000000,5.000000,0.000000,0.000000,0.000000,0.000000,0.000000,8.000000,-163.080000
1777586613.276865,0,5.000000,0.000000,5.000000,0.000000,0.000000,0.000000,0.000000,0.000000,8.000000,-163.080000
1777586613.300652,0,5.000000,0.000000,5.000000,0.000000,0.000000,0.000000,0.000000,0.000000,8.000000,-163.070000
1777586613.307092,0,5.000000,0.000000,5.000000,0.000000,0.000000,0.000000,0.000000,0.000000,8.000000,-163.050000
1777586613.314465,0,5.000000,0.000000,5.000000,0.000000,0.000000,0.000000,0.000000,0.000000,8.000000,-163.050000
1777586613.321835,0,5.000000,0.000000,5.000000,0.000000,0.000000,0.000000,0.000000,0.000000,8.000000,-163.030000
1777586613.329731,0,5.000000,0.000000,5.000000,0.000000,0.000000,0.000000,0.000000,0.000000,8.000000,-163.020000
1777586613.345140,0,5.000000,0.000000,5.000000,0.000000,0.000000,0.000000,0.000000,0.000000,8.000000,-163.020000
1777586613.352162,0,5.000000,0.000000,5.000000,0.000000,0.000000,0.000000,0.000000,0.000000,8.000000,-163.000000
1777586613.367969,0,5.000000,0.000000,5.000000,0.000000,0.000000,0.000000,0.000000,0.000000,8.000000,-163.000000
1777586613.375019,0,5.000000,0.000000,5.000000,0.000000,0.000000,0.000000,0.000000,0.000000,8.000000,-162.990000
1777586613.381935,0,5.000000,0.000000,5.000000,0.000000,0.000000,0.000000,0.000000,0.000000,8.000000,-162.970000
1777586613.389723,0,5.000000,0.000000,5.000000,0.000000,0.000000,0.000000,0.000000,0.000000,8.000000,-162.970000
1777586613.397087,0,5.000000,0.000000,5.000000,0.000000,0.000000,0.000000,0.000000,0.000000,8.000000,-162.970000
1777586613.427781,0,5.000000,0.000000,5.000000,0.000000,0.000000,0.000000,0.000000,0.000000,8.000000,-162.960000
1777586613.428691,0,5.000000,0.000000,5.000000,0.000000,0.000000,0.000000,0.000000,0.000000,8.000000,-162.940000
1777586613.434834,0,5.000000,0.000000,5.000000,0.000000,0.000000,0.000000,0.000000,0.000000,8.000000,-162.920000
1777586613.442159,0,5.000000,0.000000,5.000000,0.000000,0.000000,0.000000,0.000000,0.000000,8.000000,-162.910000
1777586613.449969,0,5.000000,0.000000,5.000000,0.000000,0.000000,0.000000,0.000000,0.000000,8.000000,-162.910000
1777586613.457686,0,5.000000,0.000000,5.000000,0.000000,0.000000,0.000000,0.000000,0.000000,8.000000,-162.910000
1777586613.472202,0,5.000000,0.000000,5.000000,0.000000,0.000000,0.000000,0.000000,0.000000,8.000000,-162.890000
1777586613.487303,0,5.000000,0.000000,5.000000,0.000000,0.000000,0.000000,0.000000,0.000000,8.000000,-162.880000
1777586613.494539,0,5.000000,0.000000,5.000000,0.000000,0.000000,0.000000,0.000000,0.000000,8.000000,-162.880000
1777586613.502011,0,5.000000,0.000000,5.000000,0.000000,0.000000,0.000000,0.000000,0.000000,8.000000,-162.860000
1777586613.509808,0,5.000000,0.000000,5.000000,0.000000,0.000000,0.000000,0.000000,0.000000,8.000000,-162.860000
1777586613.520237,0,5.000000,0.000000,5.000000,0.000000,0.000000,0.000000,0.000000,0.000000,8.000000,-162.850000
1777586613.524688,0,5.000000,0.000000,5.000000,0.000000,0.000000,0.000000,0.000000,0.000000,8.000000,-162.830000
1777586613.540646,0,5.000000,0.000000,5.000000,0.000000,0.000000,0.000000,0.000000,0.000000,8.000000,-162.830000
1777586613.547523,0,5.000000,0.000000,5.000000,0.000000,0.000000,0.000000,0.000000,0.000000,8.000000,-162.820000
1777586613.562788,0,5.000000,0.000000,5.000000,0.000000,0.000000,0.000000,0.000000,0.000000,8.000000,-162.800000
1777586613.569386,0,5.000000,0.000000,5.000000,0.000000,0.000000,0.000000,0.000000,0.000000,8.000000,-162.800000
1777586613.584749,0,5.000000,0.000000,5.000000,0.000000,0.000000,0.000000,0.000000,0.000000,8.000000,-162.780000
1777586613.593854,0,5.000000,0.000000,5.000000,0.000000,0.000000,0.000000,0.000000,0.000000,8.000000,-162.770000
1777586613.606637,0,5.000000,0.000000,5.000000,0.000000,0.000000,0.000000,0.000000,0.000000,8.000000,-162.770000
1777586613.607724,0,5.000000,0.000000,5.000000,0.000000,0.000000,0.000000,0.000000,0.000000,8.000000,-162.750000
1777586613.614661,0,5.000000,0.000000,5.000000,0.000000,0.000000,0.000000,0.000000,0.000000,8.000000,-162.750000
1777586613.638050,0,5.000000,0.000000,5.000000,0.000000,0.000000,0.000000,0.000000,0.000000,8.000000,-162.740000
1777586613.644466,0,5.000000,0.000000,5.000000,0.000000,0.000000,0.000000,0.000000,0.000000,8.000000,-162.720000
1777586613.652318,0,5.000000,0.000000,5.000000,0.000000,0.000000,0.000000,0.000000,0.000000,8.000000,-162.710000
1777586613.667083,0,5.000000,0.000000,5.000000,0.000000,0.000000,0.000000,0.000000,0.000000,8.000000,-162.690000
1777586613.674526,0,5.000000,0.000000,5.000000,0.000000,0.000000,0.000000,0.000000,0.000000,8.000000,-162.690000
1777586613.682292,0,5.000000,0.000000,5.000000,0.000000,0.000000,0.000000,0.000000,0.000000,8.000000,-162.670000
1777586613.689564,0,5.000000,0.000000,5.000000,0.000000,0.000000,0.000000,0.000000,0.000000,8.000000,-162.660000
1777586613.704773,0,5.000000,0.000000,5.000000,0.000000,0.000000,0.000000,0.000000,0.000000,8.000000,-162.660000
1777586613.711964,0,5.000000,0.000000,5.000000,0.000000,0.000000,0.000000,0.000000,0.000000,8.000000,-162.640000
1777586613.719369,0,5.000000,0.000000,5.000000,0.000000,0.000000,0.000000,0.000000,0.000000,8.000000,-162.630000
1777586613.726791,0,5.000000,0.000000,5.000000,0.000000,0.000000,0.000000,0.000000,0.000000,8.000000,-162.630000
1777586613.750585,0,5.000000,0.000000,5.000000,0.000000,0.000000,0.000000,0.000000,0.000000,8.000000,-162.610000
1777586613.757203,0,5.000000,0.000000,5.000000,0.000000,0.000000,0.000000,0.000000,0.000000,8.000000,-162.610000
1777586613.764544,0,5.000000,0.000000,5.000000,0.000000,0.000000,0.000000,0.000000,0.000000,8.000000,-162.600000
1777586613.772052,0,5.000000,0.000000,5.000000,0.000000,0.000000,0.000000,0.000000,0.000000,8.000000,-162.580000
1777586613.779744,0,5.000000,0.000000,5.000000,0.000000,0.000000,0.000000,0.000000,0.000000,8.000000,-162.580000
1777586613.787317,0,5.000000,0.000000,5.000000,0.000000,0.000000,0.000000,0.000000,0.000000,8.000000,-162.570000
1777586613.810867,0,5.000000,0.000000,5.000000,0.000000,0.000000,0.000000,0.000000,0.000000,8.000000,-162.550000
1777586613.817319,0,5.000000,0.000000,5.000000,0.000000,0.000000,0.000000,0.000000,0.000000,8.000000,-162.550000
1777586613.824447,0,5.000000,0.000000,5.000000,0.000000,0.000000,0.000000,0.000000,0.000000,8.000000,-162.530000
1777586613.832199,0,5.000000,0.000000,5.000000,0.000000,0.000000,0.000000,0.000000,0.000000,8.000000,-162.520000
1777586613.839517,0,5.000000,0.000000,5.000000,0.000000,0.000000,0.000000,0.000000,0.000000,8.000000,-162.520000
1777586613.847164,0,5.000000,0.000000,5.000000,0.000000,0.000000,0.000000,0.000000,0.000000,8.000000,-162.500000
1777586613.870456,0,5.000000,0.000000,5.000000,0.000000,0.000000,0.000000,0.000000,0.000000,8.000000,-162.500000
1777586613.876998,0,5.000000,0.000000,5.000000,0.000000,0.000000,0.000000,0.000000,0.000000,8.000000,-162.490000
1777586613.884771,0,5.000000,0.000000,5.000000,0.000000,0.000000,0.000000,0.000000,0.000000,8.000000,-162.470000
1777586613.891884,0,5.000000,0.000000,5.000000,0.000000,0.000000,0.000000,0.000000,0.000000,8.000000,-162.470000
1777586613.899783,0,5.000000,0.000000,5.000000,0.000000,0.000000,0.000000,0.000000,0.000000,8.000000,-162.460000
1777586613.923032,0,5.000000,0.000000,5.000000,0.000000,0.000000,0.000000,0.000000,0.000000,8.000000,-162.440000
1777586613.929583,0,5.000000,0.000000,5.000000,0.000000,0.000000,0.000000,0.000000,0.000000,8.000000,-162.440000
1777586613.937513,0,5.000000,0.000000,5.000000,0.000000,0.000000,0.000000,0.000000,0.000000,8.000000,-162.420000
1777586613.944490,0,5.000000,0.000000,5.000000,0.000000,0.000000,0.000000,0.000000,0.000000,8.000000,-162.410000
1777586613.952046,0,5.000000,0.000000,5.000000,0.000000,0.000000,0.000000,0.000000,0.000000,8.000000,-162.410000
1777586613.974859,0,5.000000,0.000000,5.000000,0.000000,0.000000,0.000000,0.000000,0.000000,8.000000,-162.390000
1777586613.975840,0,5.000000,0.000000,5.000000,0.000000,0.000000,0.000000,0.000000,0.000000,8.000000,-162.380000
1777586613.981865,0,5.000000,0.000000,5.000000,0.000000,0.000000,0.000000,0.000000,0.000000,8.000000,-162.380000
1777586613.989439,0,5.000000,0.000000,5.000000,0.000000,0.000000,0.000000,0.000000,0.000000,8.000000,-162.360000
1777586614.004748,0,5.000000,0.000000,5.000000,0.000000,0.000000,0.000000,0.000000,0.000000,8.000000,-162.360000
1777586614.011904,0,5.000000,0.000000,5.000000,0.000000,0.000000,0.000000,0.000000,0.000000,8.000000,-162.350000
1777586614.019356,0,5.000000,0.000000,5.000000,0.000000,0.000000,0.000000,0.000000,0.000000,8.000000,-162.330000
1777586614.034704,0,5.000000,0.000000,5.000000,0.000000,0.000000,0.000000,0.000000,0.000000,8.000000,-162.330000
1777586614.041825,0,5.000000,0.000000,5.000000,0.000000,0.000000,0.000000,0.000000,0.000000,8.000000,-162.320000
1777586614.049551,0,5.000000,0.000000,5.000000,0.000000,0.000000,0.000000,0.000000,0.000000,8.000000,-162.300000
1777586614.073377,0,5.000000,0.000000,5.000000,0.000000,0.000000,0.000000,0.000000,0.000000,8.000000,-162.300000
1777586614.079440,0,5.000000,0.000000,5.000000,0.000000,0.000000,0.000000,0.000000,0.000000,8.000000,-162.280000
1777586614.086890,0,5.000000,0.000000,5.000000,0.000000,0.000000,0.000000,0.000000,0.000000,8.000000,-162.270000
1777586614.094625,0,5.000000,0.000000,5.000000,0.000000,0.000000,0.000000,0.000000,0.000000,8.000000,-162.270000
1777586614.102025,0,5.000000,0.000000,5.000000,0.000000,0.000000,0.000000,0.000000,0.000000,8.000000,-162.250000
1777586614.109468,0,5.000000,0.000000,5.000000,0.000000,0.000000,0.000000,0.000000,0.000000,8.000000,-162.250000
1777586614.126794,0,5.000000,0.000000,5.000000,0.000000,0.000000,0.000000,0.000000,0.000000,8.000000,-162.240000
1777586614.131830,0,5.000000,0.000000,5.000000,0.000000,0.000000,0.000000,0.000000,0.000000,8.000000,-162.220000
1777586614.140035,0,5.000000,0.000000,5.000000,0.000000,0.000000,0.000000,0.000000,0.000000,8.000000,-162.220000
1777586614.147420,0,5.000000,0.000000,5.000000,0.000000,0.000000,0.000000,0.000000,0.000000,8.000000,-162.210000
1777586614.170683,0,5.000000,0.000000,5.000000,0.000000,0.000000,0.000000,0.000000,0.000000,8.000000,-162.190000
1777586614.177065,0,5.000000,0.000000,5.000000,0.000000,0.000000,0.000000,0.000000,0.000000,8.000000,-162.190000
1777586614.184758,0,5.000000,0.000000,5.000000,0.000000,0.000000,0.000000,0.000000,0.000000,8.000000,-162.170000
1777586614.192015,0,5.000000,0.000000,5.000000,0.000000,0.000000,0.000000,0.000000,0.000000,8.000000,-162.160000
1777586614.199808,0,5.000000,0.000000,5.000000,0.000000,0.000000,0.000000,0.000000,0.000000,8.000000,-162.160000
1777586614.206996,0,5.000000,0.000000,5.000000,0.000000,0.000000,0.000000,0.000000,0.000000,8.000000,-162.160000
1777586614.222464,0,5.000000,0.000000,5.000000,0.000000,0.000000,0.000000,0.000000,0.000000,8.000000,-162.140000
1777586614.229765,0,5.000000,0.000000,5.000000,0.000000,0.000000,0.000000,0.000000,0.000000,8.000000,-162.130000
1777586614.236920,0,5.000000,0.000000,5.000000,0.000000,0.000000,0.000000,0.000000,0.000000,8.000000,-162.130000
1777586614.260534,0,5.000000,0.000000,5.000000,0.000000,0.000000,0.000000,0.000000,0.000000,8.000000,-162.110000
1777586614.261558,0,5.000000,0.000000,5.000000,0.000000,0.000000,0.000000,0.000000,0.000000,8.000000,-162.110000
1777586614.275304,0,5.000000,0.000000,5.000000,0.000000,0.000000,0.000000,0.000000,0.000000,8.000000,-162.100000
1777586614.281868,0,5.000000,0.000000,5.000000,0.000000,0.000000,0.000000,0.000000,0.000000,8.000000,-162.080000
1777586614.289540,0,5.000000,0.000000,5.000000,0.000000,0.000000,0.000000,0.000000,0.000000,8.000000,-162.080000
1777586614.296993,0,5.000000,0.000000,5.000000,0.000000,0.000000,0.000000,0.000000,0.000000,8.000000,-162.070000
1777586614.312594,0,5.000000,0.000000,5.000000,0.000000,0.000000,0.000000,0.000000,0.000000,8.000000,-162.050000
1777586614.319122,0,5.000000,0.000000,5.000000,0.000000,0.000000,0.000000,0.000000,0.000000,8.000000,-162.050000
1777586614.320222,0,5.000000,0.000000,5.000000,0.000000,0.000000,0.000000,0.000000,0.000000,8.000000,-162.030000
1777586614.344459,0,5.000000,0.000000,5.000000,0.000000,0.000000,0.000000,0.000000,0.000000,8.000000,-162.020000
1777586614.349620,0,5.000000,0.000000,5.000000,0.000000,0.000000,0.000000,0.000000,0.000000,8.000000,-162.020000
1777586614.357141,0,5.000000,0.000000,5.000000,0.000000,0.000000,0.000000,0.000000,0.000000,8.000000,-162.000000
1777586614.365320,0,5.000000,0.000000,5.000000,0.000000,0.000000,0.000000,0.000000,0.000000,8.000000,-162.000000
1777586614.387938,0,5.000000,0.000000,5.000000,0.000000,0.000000,0.000000,0.000000,0.000000,8.000000,-161.990000
1777586614.396508,0,5.000000,0.000000,5.000000,0.000000,0.000000,0.000000,0.000000,0.000000,8.000000,-161.970000
1777586614.401850,0,5.000000,0.000000,5.000000,0.000000,0.000000,0.000000,0.000000,0.000000,8.000000,-161.970000
1777586614.409551,0,5.000000,0.000000,5.000000,0.000000,0.000000,0.000000,0.000000,0.000000,8.000000,-161.960000
1777586614.417460,0,5.000000,0.000000,5.000000,0.000000,0.000000,0.000000,0.000000,0.000000,8.000000,-161.940000
1777586614.432541,0,5.000000,0.000000,5.000000,0.000000,0.000000,0.000000,0.000000,0.000000,8.000000,-161.940000
1777586614.439430,0,5.000000,0.000000,5.000000,0.000000,0.000000,0.000000,0.000000,0.000000,8.000000,-161.920000
1777586614.447129,0,5.000000,0.000000,5.000000,0.000000,0.000000,0.000000,0.000000,0.000000,8.000000,-161.910000
1777586614.462703,0,5.000000,0.000000,5.000000,0.000000,0.000000,0.000000,0.000000,0.000000,8.000000,-161.910000
1777586614.477040,0,5.000000,0.000000,5.000000,0.000000,0.000000,0.000000,0.000000,0.000000,8.000000,-161.890000
1777586614.477908,0,5.000000,0.000000,5.000000,0.000000,0.000000,0.000000,0.000000,0.000000,8.000000,-161.880000
1777586614.484489,0,5.000000,0.000000,5.000000,0.000000,0.000000,0.000000,0.000000,0.000000,8.000000,-161.880000
1777586614.508563,0,5.000000,0.000000,5.000000,0.000000,0.000000,0.000000,0.000000,0.000000,8.000000,-161.860000
1777586614.514787,0,5.000000,0.000000,5.000000,0.000000,0.000000,0.000000,0.000000,0.000000,8.000000,-161.860000
1777586614.521982,0,5.000000,0.000000,5.000000,0.000000,0.000000,0.000000,0.000000,0.000000,8.000000,-161.830000
1777586614.536240,0,5.000000,0.000000,5.000000,0.000000,0.000000,0.000000,0.000000,0.000000,8.000000,-161.830000
1777586614.544620,0,5.000000,0.000000,5.000000,0.000000,0.000000,0.000000,0.000000,0.000000,8.000000,-161.820000
1777586614.552092,0,5.000000,0.000000,5.000000,0.000000,0.000000,0.000000,0.000000,0.000000,8.000000,-161.800000
1777586614.559623,0,5.000000,0.000000,5.000000,0.000000,0.000000,0.000000,0.000000,0.000000,8.000000,-161.800000
1777586614.567290,0,5.000000,0.000000,5.000000,0.000000,0.000000,0.000000,0.000000,0.000000,8.000000,-161.780000
1777586614.590440,0,5.000000,0.000000,5.000000,0.000000,0.000000,0.000000,0.000000,0.000000,8.000000,-161.770000
1777586614.596943,0,5.000000,0.000000,5.000000,0.000000,0.000000,0.000000,0.000000,0.000000,8.000000,-161.770000
1777586614.604681,0,5.000000,0.000000,5.000000,0.000000,0.000000,0.000000,0.000000,0.000000,8.000000,-161.750000
1777586614.611993,0,5.000000,0.000000,5.000000,0.000000,0.000000,0.000000,0.000000,0.000000,8.000000,-161.750000
1777586614.627717,0,5.000000,0.000000,5.000000,0.000000,0.000000,0.000000,0.000000,0.000000,8.000000,-161.740000
1777586614.635308,0,5.000000,0.000000,5.000000,0.000000,0.000000,0.000000,0.000000,0.000000,8.000000,-161.720000
1777586614.642367,0,5.000000,0.000000,5.000000,0.000000,0.000000,0.000000,0.000000,0.000000,8.000000,-161.720000
1777586614.649461,0,5.000000,0.000000,5.000000,0.000000,0.000000,0.000000,0.000000,0.000000,8.000000,-161.710000
1777586614.665811,0,5.000000,0.000000,5.000000,0.000000,0.000000,0.000000,0.000000,0.000000,8.000000,-161.690000
1777586614.672241,0,5.000000,0.000000,5.000000,0.000000,0.000000,0.000000,0.000000,0.000000,8.000000,-161.690000
1777586614.679466,0,5.000000,0.000000,5.000000,0.000000,0.000000,0.000000,0.000000,0.000000,8.000000,-161.670000
1777586614.695435,0,5.000000,0.000000,5.000000,0.000000,0.000000,0.000000,0.000000,0.000000,8.000000,-161.660000
1777586614.709616,0,5.000000,0.000000,5.000000,0.000000,0.000000,0.000000,0.000000,0.000000,8.000000,-161.660000
1777586614.710710,0,5.000000,0.000000,5.000000,0.000000,0.000000,0.000000,0.000000,0.000000,8.000000,-161.640000
1777586614.717415,0,5.000000,0.000000,5.000000,0.000000,0.000000,0.000000,0.000000,0.000000,8.000000,-161.640000
1777586614.732796,0,5.000000,0.000000,5.000000,0.000000,0.000000,0.000000,0.000000,0.000000,8.000000,-161.630000
1777586614.740194,0,5.000000,0.000000,5.000000,0.000000,0.000000,0.000000,0.000000,0.000000,8.000000,-161.630000
1777586614.754617,0,5.000000,0.000000,5.000000,0.000000,0.000000,0.000000,0.000000,0.000000,8.000000,-161.610000
1777586614.761989,0,5.000000,0.000000,5.000000,0.000000,0.000000,0.000000,0.000000,0.000000,8.000000,-161.610000
1777586614.769320,0,5.000000,0.000000,5.000000,0.000000,0.000000,0.000000,0.000000,0.000000,8.000000,-161.600000
1777586614.777164,0,5.000000,0.000000,5.000000,0.000000,0.000000,0.000000,0.000000,0.000000,8.000000,-161.580000
1777586614.792626,0,5.000000,0.000000,5.000000,0.000000,0.000000,0.000000,0.000000,0.000000,8.000000,-161.580000
1777586614.799335,0,5.000000,0.000000,5.000000,0.000000,0.000000,0.000000,0.000000,0.000000,8.000000,-161.570000
1777586614.815340,0,5.000000,0.000000,5.000000,0.000000,0.000000,0.000000,0.000000,0.000000,8.000000,-161.550000
1777586614.821998,0,5.000000,0.000000,5.000000,0.000000,0.000000,0.000000,0.000000,0.000000,8.000000,-161.550000
1777586614.829571,0,5.000000,0.000000,5.000000,0.000000,0.000000,0.000000,0.000000,0.000000,8.000000,-161.530000
1777586614.838139,0,5.000000,0.000000,5.000000,0.000000,0.000000,0.000000,0.000000,0.000000,8.000000,-161.520000
1777586614.852735,0,5.000000,0.000000,5.000000,0.000000,0.000000,0.000000,0.000000,0.000000,8.000000,-161.520000
1777586614.859696,0,5.000000,0.000000,5.000000,0.000000,0.000000,0.000000,0.000000,0.000000,8.000000,-161.500000
1777586614.867462,0,5.000000,0.000000,5.000000,0.000000,0.000000,0.000000,0.000000,0.000000,8.000000,-161.500000
1777586614.883431,0,5.000000,0.000000,5.000000,0.000000,0.000000,0.000000,0.000000,0.000000,8.000000,-161.490000
1777586614.889729,0,5.000000,0.000000,5.000000,0.000000,0.000000,0.000000,0.000000,0.000000,8.000000,-161.470000
1777586614.897172,0,5.000000,0.000000,5.000000,0.000000,0.000000,0.000000,0.000000,0.000000,8.000000,-161.470000
1777586614.914412,0,5.000000,0.000000,5.000000,0.000000,0.000000,0.000000,0.000000,0.000000,8.000000,-161.460000
1777586614.919984,0,5.000000,0.000000,5.000000,0.000000,0.000000,0.000000,0.000000,0.000000,8.000000,-161.440000
1777586614.927379,0,5.000000,0.000000,5.000000,0.000000,0.000000,0.000000,0.000000,0.000000,8.000000,-161.440000
1777586614.949645,0,5.000000,0.000000,5.000000,0.000000,0.000000,0.000000,0.000000,0.000000,8.000000,-161.420000
1777586614.950510,0,5.000000,0.000000,5.000000,0.000000,0.000000,0.000000,0.000000,0.000000,8.000000,-161.410000
1777586614.956702,0,5.000000,0.000000,5.000000,0.000000,0.000000,0.000000,0.000000,0.000000,8.000000,-161.410000
1777586614.972137,0,5.000000,0.000000,5.000000,0.000000,0.000000,0.000000,0.000000,0.000000,8.000000,-161.390000
1777586614.979868,0,5.000000,0.000000,5.000000,0.000000,0.000000,0.000000,0.000000,0.000000,8.000000,-161.380000
1777586614.987099,0,5.000000,0.000000,5.000000,0.000000,0.000000,0.000000,0.000000,0.000000,8.000000,-161.380000
1777586614.994484,0,5.000000,0.000000,5.000000,0.000000,0.000000,0.000000,0.000000,0.000000,8.000000,-161.360000
1777586615.010307,0,5.000000,0.000000,5.000000,0.000000,0.000000,0.000000,0.000000,0.000000,8.000000,-161.360000
1777586615.016950,0,5.000000,0.000000,5.000000,0.000000,0.000000,0.000000,0.000000,0.000000,8.000000,-161.350000
1777586615.024805,0,5.000000,0.000000,5.000000,0.000000,0.000000,0.000000,0.000000,0.000000,8.000000,-161.330000
1777586615.031995,0,5.000000,0.000000,5.000000,0.000000,0.000000,0.000000,0.000000,0.000000,8.000000,-161.330000
1777586615.055863,0,5.000000,0.000000,5.000000,0.000000,0.000000,0.000000,0.000000,0.000000,8.000000,-161.320000
1777586615.077808,0,5.000000,0.000000,5.000000,0.000000,0.000000,0.000000,0.000000,0.000000,8.000000,-161.300000
1777586615.078542,0,5.000000,0.000000,5.000000,0.000000,0.000000,0.000000,0.000000,0.000000,8.000000,-161.300000
1777586615.079248,0,5.000000,0.000000,5.000000,0.000000,0.000000,0.000000,0.000000,0.000000,8.000000,-161.280000
1777586615.084462,0,5.000000,0.000000,5.000000,0.000000,0.000000,0.000000,0.000000,0.000000,8.000000,-161.270000
1777586615.092011,0,5.000000,0.000000,5.000000,0.000000,0.000000,0.000000,0.000000,0.000000,8.000000,-161.270000
1777586615.116102,0,5.000000,0.000000,5.000000,0.000000,0.000000,0.000000,0.000000,0.000000,8.000000,-161.250000
1777586615.122055,0,5.000000,0.000000,5.000000,0.000000,0.000000,0.000000,0.000000,0.000000,8.000000,-161.250000
1777586615.129294,0,5.000000,0.000000,5.000000,0.000000,0.000000,0.000000,0.000000,0.000000,8.000000,-161.240000
1777586615.137718,0,5.000000,0.000000,5.000000,0.000000,0.000000,0.000000,0.000000,0.000000,8.000000,-161.220000
1777586615.144558,0,5.000000,0.000000,5.000000,0.000000,0.000000,0.000000,0.000000,0.000000,8.000000,-161.220000
1777586615.152214,0,5.000000,0.000000,5.000000,0.000000,0.000000,0.000000,0.000000,0.000000,8.000000,-161.210000
1777586615.167664,0,5.000000,0.000000,5.000000,0.000000,0.000000,0.000000,0.000000,0.000000,8.000000,-161.190000
1777586615.174479,0,5.000000,0.000000,5.000000,0.000000,0.000000,0.000000,0.000000,0.000000,8.000000,-161.190000
1777586615.181969,0,5.000000,0.000000,5.000000,0.000000,0.000000,0.000000,0.000000,0.000000,8.000000,-161.170000
1777586615.198400,0,5.000000,0.000000,5.000000,0.000000,0.000000,0.000000,0.000000,0.000000,8.000000,-161.160000
1777586615.204548,0,5.000000,0.000000,5.000000,0.000000,0.000000,0.000000,0.000000,0.000000,8.000000,-161.160000
1777586615.212053,0,5.000000,0.000000,5.000000,0.000000,0.000000,0.000000,0.000000,0.000000,8.000000,-161.140000
1777586615.228260,0,5.000000,0.000000,5.000000,0.000000,0.000000,0.000000,0.000000,0.000000,8.000000,-161.130000
1777586615.234683,0,5.000000,0.000000,5.000000,0.000000,0.000000,0.000000,0.000000,0.000000,8.000000,-161.130000
1777586615.241926,0,5.000000,0.000000,5.000000,0.000000,0.000000,0.000000,0.000000,0.000000,8.000000,-161.110000
1777586615.257620,0,5.000000,0.000000,5.000000,0.000000,0.000000,0.000000,0.000000,0.000000,8.000000,-161.110000
1777586615.265124,0,5.000000,0.000000,5.000000,0.000000,0.000000,0.000000,0.000000,0.000000,8.000000,-161.100000
1777586615.271978,0,5.000000,0.000000,5.000000,0.000000,0.000000,0.000000,0.000000,0.000000,8.000000,-161.080000
1777586615.296015,0,5.000000,0.000000,5.000000,0.000000,0.000000,0.000000,0.000000,0.000000,8.000000,-161.080000
1777586615.302215,0,5.000000,0.000000,5.000000,0.000000,0.000000,0.000000,0.000000,0.000000,8.000000,-161.070000
1777586615.317860,0,5.000000,0.000000,5.000000,0.000000,0.000000,0.000000,0.000000,0.000000,8.000000,-161.050000
1777586615.324593,0,5.000000,0.000000,5.000000,0.000000,0.000000,0.000000,0.000000,0.000000,8.000000,-161.050000
1777586615.332096,0,5.000000,0.000000,5.000000,0.000000,0.000000,0.000000,0.000000,0.000000,8.000000,-161.030000
1777586615.339516,0,5.000000,0.000000,5.000000,0.000000,0.000000,0.000000,0.000000,0.000000,8.000000,-161.020000
1777586615.347073,0,5.000000,0.000000,5.000000,0.000000,0.000000,0.000000,0.000000,0.000000,8.000000,-161.020000
1777586615.354647,0,5.000000,0.000000,5.000000,0.000000,0.000000,0.000000,0.000000,0.000000,8.000000,-161.000000
1777586615.378162,0,5.000000,0.000000,5.000000,0.000000,0.000000,0.000000,0.000000,0.000000,8.000000,-161.000000
1777586615.384632,0,5.000000,0.000000,5.000000,0.000000,0.000000,0.000000,0.000000,0.000000,8.000000,-160.990000
1777586615.391811,0,5.000000,0.000000,5.000000,0.000000,0.000000,0.000000,0.000000,0.000000,8.000000,-160.970000
1777586615.399731,0,5.000000,0.000000,5.000000,0.000000,0.000000,0.000000,0.000000,0.000000,8.000000,-160.970000
1777586615.407288,0,5.000000,0.000000,5.000000,0.000000,0.000000,0.000000,0.000000,0.000000,8.000000,-160.960000
1777586615.422571,0,5.000000,0.000000,5.000000,0.000000,0.000000,0.000000,0.000000,0.000000,8.000000,-160.940000
1777586615.429721,0,5.000000,0.000000,5.000000,0.000000,0.000000,0.000000,0.000000,0.000000,8.000000,-160.940000
1777586615.444744,0,5.000000,0.000000,5.000000,0.000000,0.000000,0.000000,0.000000,0.000000,8.000000,-160.920000
1777586615.452109,0,5.000000,0.000000,5.000000,0.000000,0.000000,0.000000,0.000000,0.000000,8.000000,-160.910000
1777586615.467649,0,5.000000,0.000000,5.000000,0.000000,0.000000,0.000000,0.000000,0.000000,8.000000,-160.910000
1777586615.483963,0,5.000000,0.000000,5.000000,0.000000,0.000000,0.000000,0.000000,0.000000,8.000000,-160.890000
1777586615.489693,0,5.000000,0.000000,5.000000,0.000000,0.000000,0.000000,0.000000,0.000000,8.000000,-160.880000
1777586615.497752,0,5.000000,0.000000,5.000000,0.000000,0.000000,0.000000,0.000000,0.000000,8.000000,-160.860000
1777586615.504460,0,5.000000,0.000000,5.000000,0.000000,0.000000,0.000000,0.000000,0.000000,8.000000,-160.860000
1777586615.512440,0,5.000000,0.000000,5.000000,0.000000,0.000000,0.000000,0.000000,0.000000,8.000000,-160.850000
1777586615.519300,0,5.000000,0.000000,5.000000,0.000000,0.000000,0.000000,0.000000,0.000000,8.000000,-160.830000
1777586615.527057,0,5.000000,0.000000,5.000000,0.000000,0.000000,0.000000,0.000000,0.000000,8.000000,-160.830000
1777586615.551010,0,5.000000,0.000000,5.000000,0.000000,0.000000,0.000000,0.000000,0.000000,8.000000,-160.820000
1777586615.557062,0,5.000000,0.000000,5.000000,0.000000,0.000000,0.000000,0.000000,0.000000,8.000000,-160.800000
1777586615.572115,0,5.000000,0.000000,5.000000,0.000000,0.000000,0.000000,0.000000,0.000000,8.000000,-160.800000
1777586615.579330,0,5.000000,0.000000,5.000000,0.000000,0.000000,0.000000,0.000000,0.000000,8.000000,-160.780000
1777586615.580369,0,5.000000,0.000000,5.000000,0.000000,0.000000,0.000000,0.000000,0.000000,8.000000,-160.770000
1777586615.595237,0,5.000000,0.000000,5.000000,0.000000,0.000000,0.000000,0.000000,0.000000,8.000000,-160.770000
1777586615.602085,0,5.000000,0.000000,5.000000,0.000000,0.000000,0.000000,0.000000,0.000000,8.000000,-160.750000
1777586615.617608,0,5.000000,0.000000,5.000000,0.000000,0.000000,0.000000,0.000000,0.000000,8.000000,-160.750000
1777586615.624852,0,5.000000,0.000000,5.000000,0.000000,0.000000,0.000000,0.000000,0.000000,8.000000,-160.740000
1777586615.632099,0,5.000000,0.000000,5.000000,0.000000,0.000000,0.000000,0.000000,0.000000,8.000000,-160.720000
1777586615.647829,0,5.000000,0.000000,5.000000,0.000000,0.000000,0.000000,0.000000,0.000000,8.000000,-160.720000
1777586615.654574,0,5.000000,0.000000,5.000000,0.000000,0.000000,0.000000,0.000000,0.000000,8.000000,-160.710000
1777586615.662327,0,5.000000,0.000000,5.000000,0.000000,0.000000,0.000000,0.000000,0.000000,8.000000,-160.690000
1777586615.670051,0,5.000000,0.000000,5.000000,0.000000,0.000000,0.000000,0.000000,0.000000,8.000000,-160.690000
1777586615.677026,0,5.000000,0.000000,5.000000,0.000000,0.000000,0.000000,0.000000,0.000000,8.000000,-160.690000
1777586615.700678,0,5.000000,0.000000,5.000000,0.000000,0.000000,0.000000,0.000000,0.000000,8.000000,-160.670000
1777586615.706880,0,5.000000,0.000000,5.000000,0.000000,0.000000,0.000000,0.000000,0.000000,8.000000,-160.660000
1777586615.714922,0,5.000000,0.000000,5.000000,0.000000,0.000000,0.000000,0.000000,0.000000,8.000000,-160.640000
1777586615.722133,0,5.000000,0.000000,5.000000,0.000000,0.000000,0.000000,0.000000,0.000000,8.000000,-160.630000
1777586615.730543,0,5.000000,0.000000,5.000000,0.000000,0.000000,0.000000,0.000000,0.000000,8.000000,-160.630000
1777586615.737155,0,5.000000,0.000000,5.000000,0.000000,0.000000,0.000000,0.000000,0.000000,8.000000,-160.630000
1777586615.752261,0,5.000000,0.000000,5.000000,0.000000,0.000000,0.000000,0.000000,0.000000,8.000000,-160.610000
1777586615.759858,0,5.000000,0.000000,5.000000,0.000000,0.000000,0.000000,0.000000,0.000000,8.000000,-160.610000
1777586615.767527,0,5.000000,0.000000,5.000000,0.000000,0.000000,0.000000,0.000000,0.000000,8.000000,-160.600000
1777586615.784128,0,5.000000,0.000000,5.000000,0.000000,0.000000,0.000000,0.000000,0.000000,8.000000,-160.580000
1777586615.789811,0,5.000000,0.000000,5.000000,0.000000,0.000000,0.000000,0.000000,0.000000,8.000000,-160.580000
1777586615.813296,0,5.000000,0.000000,5.000000,0.000000,0.000000,0.000000,0.000000,0.000000,8.000000,-160.570000
1777586615.814196,0,5.000000,0.000000,5.000000,0.000000,0.000000,0.000000,0.000000,0.000000,8.000000,-160.550000
1777586615.819524,0,5.000000,0.000000,5.000000,0.000000,0.000000,0.000000,0.000000,0.000000,8.000000,-160.550000
1777586615.834750,0,5.000000,0.000000,5.000000,0.000000,0.000000,0.000000,0.000000,0.000000,8.000000,-160.530000
1777586615.842003,0,5.000000,0.000000,5.000000,0.000000,0.000000,0.000000,0.000000,0.000000,8.000000,-160.520000
1777586615.843048,0,5.000000,0.000000,5.000000,0.000000,0.000000,0.000000,0.000000,0.000000,8.000000,-160.520000
1777586615.865536,0,5.000000,0.000000,5.000000,0.000000,0.000000,0.000000,0.000000,0.000000,8.000000,-160.500000
1777586615.872113,0,5.000000,0.000000,5.000000,0.000000,0.000000,0.000000,0.000000,0.000000,8.000000,-160.490000
1777586615.887690,0,5.000000,0.000000,5.000000,0.000000,0.000000,0.000000,0.000000,0.000000,8.000000,-160.490000
1777586615.894473,0,5.000000,0.000000,5.000000,0.000000,0.000000,0.000000,0.000000,0.000000,8.000000,-160.470000
1777586615.902115,0,5.000000,0.000000,5.000000,0.000000,0.000000,0.000000,0.000000,0.000000,8.000000,-160.470000
1777586615.909501,0,5.000000,0.000000,5.000000,0.000000,0.000000,0.000000,0.000000,0.000000,8.000000,-160.460000
1777586615.917503,0,5.000000,0.000000,5.000000,0.000000,0.000000,0.000000,0.000000,0.000000,8.000000,-160.440000
1777586615.932584,0,5.000000,0.000000,5.000000,0.000000,0.000000,0.000000,0.000000,0.000000,8.000000,-160.440000
1777586615.939822,0,5.000000,0.000000,5.000000,0.000000,0.000000,0.000000,0.000000,0.000000,8.000000,-160.420000
1777586615.947000,0,5.000000,0.000000,5.000000,0.000000,0.000000,0.000000,0.000000,0.000000,8.000000,-160.410000
1777586615.962078,0,5.000000,0.000000,5.000000,0.000000,0.000000,0.000000,0.000000,0.000000,8.000000,-160.410000
1777586615.977592,0,5.000000,0.000000,5.000000,0.000000,0.000000,0.000000,0.000000,0.000000,8.000000,-160.390000
1777586615.978580,0,5.000000,0.000000,5.000000,0.000000,0.000000,0.000000,0.000000,0.000000,8.000000,-160.380000
1777586615.992314,0,5.000000,0.000000,5.000000,0.000000,0.000000,0.000000,0.000000,0.000000,8.000000,-160.380000
1777586615.999904,0,5.000000,0.000000,5.000000,0.000000,0.000000,0.000000,0.000000,0.000000,8.000000,-160.360000
1777586616.007106,0,5.000000,0.000000,5.000000,0.000000,0.000000,0.000000,0.000000,0.000000,8.000000,-160.360000
1777586616.022217,0,5.000000,0.000000,5.000000,0.000000,0.000000,0.000000,0.000000,0.000000,8.000000,-160.350000
1777586616.029480,0,5.000000,0.000000,5.000000,0.000000,0.000000,0.000000,0.000000,0.000000,8.000000,-160.330000
1777586616.037015,0,5.000000,0.000000,5.000000,0.000000,0.000000,0.000000,0.000000,0.000000,8.000000,-160.330000
1777586616.052030,0,5.000000,0.000000,5.000000,0.000000,0.000000,0.000000,0.000000,0.000000,8.000000,-160.320000
1777586616.062180,0,5.000000,0.000000,5.000000,0.000000,0.000000,0.000000,0.000000,0.000000,8.000000,-160.300000
1777586616.074759,0,5.000000,0.000000,5.000000,0.000000,0.000000,0.000000,0.000000,0.000000,8.000000,-160.300000
1777586616.082458,0,5.000000,0.000000,5.000000,0.000000,0.000000,0.000000,0.000000,0.000000,8.000000,-160.280000
1777586616.089600,0,5.000000,0.000000,5.000000,0.000000,0.000000,0.000000,0.000000,0.000000,8.000000,-160.270000
1777586616.098492,0,5.000000,0.000000,5.000000,0.000000,0.000000,0.000000,0.000000,0.000000,8.000000,-160.270000
1777586616.104478,0,5.000000,0.000000,5.000000,0.000000,0.000000,0.000000,0.000000,0.000000,8.000000,-160.250000
1777586616.127654,0,5.000000,0.000000,5.000000,0.000000,0.000000,0.000000,0.000000,0.000000,8.000000,-160.250000
1777586616.135690,0,5.000000,0.000000,5.000000,0.000000,0.000000,0.000000,0.000000,0.000000,8.000000,-160.240000
1777586616.142042,0,5.000000,0.000000,5.000000,0.000000,0.000000,0.000000,0.000000,0.000000,8.000000,-160.220000
1777586616.149786,0,5.000000,0.000000,5.000000,0.000000,0.000000,0.000000,0.000000,0.000000,8.000000,-160.220000
1777586616.171739,0,5.000000,0.000000,5.000000,0.000000,0.000000,0.000000,0.000000,0.000000,8.000000,-160.210000
1777586616.179205,0,5.000000,0.000000,5.000000,0.000000,0.000000,0.000000,0.000000,0.000000,8.000000,-160.190000
1777586616.180240,0,5.000000,0.000000,5.000000,0.000000,0.000000,0.000000,0.000000,0.000000,8.000000,-160.190000
1777586616.181121,0,5.000000,0.000000,5.000000,0.000000,0.000000,0.000000,0.000000,0.000000,8.000000,-160.170000
1777586616.204179,0,5.000000,0.000000,5.000000,0.000000,0.000000,0.000000,0.000000,0.000000,8.000000,-160.160000
1777586616.218554,0,5.000000,0.000000,5.000000,0.000000,0.000000,0.000000,0.000000,0.000000,8.000000,-160.160000
1777586616.224506,0,5.000000,0.000000,5.000000,0.000000,0.000000,0.000000,0.000000,0.000000,8.000000,-160.140000
1777586616.232016,0,5.000000,0.000000,5.000000,0.000000,0.000000,0.000000,0.000000,0.000000,8.000000,-160.130000
1777586616.247720,0,5.000000,0.000000,5.000000,0.000000,0.000000,0.000000,0.000000,0.000000,8.000000,-160.130000
1777586616.248540,0,5.000000,0.000000,5.000000,0.000000,0.000000,0.000000,0.000000,0.000000,8.000000,-160.110000
1777586616.254467,0,5.000000,0.000000,5.000000,0.000000,0.000000,0.000000,0.000000,0.000000,8.000000,-160.110000
1777586616.278041,0,5.000000,0.000000,5.000000,0.000000,0.000000,0.000000,0.000000,0.000000,8.000000,-160.100000
1777586616.287784,0,5.000000,0.000000,5.000000,0.000000,0.000000,0.000000,0.000000,0.000000,8.000000,-160.080000
1777586616.292090,0,5.000000,0.000000,5.000000,0.000000,0.000000,0.000000,0.000000,0.000000,8.000000,-160.080000
1777586616.299499,0,5.000000,0.000000,5.000000,0.000000,0.000000,0.000000,0.000000,0.000000,8.000000,-160.070000
1777586616.307047,0,5.000000,0.000000,5.000000,0.000000,0.000000,0.000000,0.000000,0.000000,8.000000,-160.050000
1777586616.316302,0,5.000000,0.000000,5.000000,0.000000,0.000000,0.000000,0.000000,0.000000,8.000000,-160.050000
1777586616.321901,0,5.000000,0.000000,5.000000,0.000000,0.000000,0.000000,0.000000,0.000000,8.000000,-160.030000
1777586616.345609,0,5.000000,0.000000,5.000000,0.000000,0.000000,0.000000,0.000000,0.000000,8.000000,-160.020000
1777586616.352215,0,5.000000,0.000000,5.000000,0.000000,0.000000,0.000000,0.000000,0.000000,8.000000,-160.020000
1777586616.359224,0,5.000000,0.000000,5.000000,0.000000,0.000000,0.000000,0.000000,0.000000,8.000000,-160.000000
1777586616.366776,0,5.000000,0.000000,5.000000,0.000000,0.000000,0.000000,0.000000,0.000000,8.000000,-160.000000
1777586616.374689,0,5.000000,0.000000,5.000000,0.000000,0.000000,0.000000,0.000000,0.000000,8.000000,-159.990000
1777586616.390190,0,5.000000,0.000000,5.000000,0.000000,0.000000,0.000000,0.000000,0.000000,8.000000,-159.970000
1777586616.405532,0,5.000000,0.000000,5.000000,0.000000,0.000000,0.000000,0.000000,0.000000,8.000000,-159.970000
1777586616.412310,0,5.000000,0.000000,5.000000,0.000000,0.000000,0.000000,0.000000,0.000000,8.000000,-159.960000
1777586616.419535,0,5.000000,0.000000,5.000000,0.000000,0.000000,0.000000,0.000000,0.000000,8.000000,-159.940000
1777586616.427132,0,5.000000,0.000000,5.000000,0.000000,0.000000,0.000000,0.000000,0.000000,8.000000,-159.940000
1777586616.442523,0,5.000000,0.000000,5.000000,0.000000,0.000000,0.000000,0.000000,0.000000,8.000000,-159.920000
1777586616.457019,0,5.000000,0.000000,5.000000,0.000000,0.000000,0.000000,0.000000,0.000000,8.000000,-159.910000
1777586616.457874,0,5.000000,0.000000,5.000000,0.000000,0.000000,0.000000,0.000000,0.000000,8.000000,-159.910000
1777586616.471408,0,5.000000,0.000000,5.000000,0.000000,0.000000,0.000000,0.000000,0.000000,8.000000,-159.890000
1777586616.479785,0,5.000000,0.000000,5.000000,0.000000,0.000000,0.000000,0.000000,0.000000,8.000000,-159.880000
1777586616.495054,0,5.000000,0.000000,5.000000,0.000000,0.000000,0.000000,0.000000,0.000000,8.000000,-159.880000
1777586616.503064,0,5.000000,0.000000,5.000000,0.000000,0.000000,0.000000,0.000000,0.000000,8.000000,-159.860000
1777586616.510146,0,5.000000,0.000000,5.000000,0.000000,0.000000,0.000000,0.000000,0.000000,8.000000,-159.860000
1777586616.517323,0,5.000000,0.000000,5.000000,0.000000,0.000000,0.000000,0.000000,0.000000,8.000000,-159.850000
1777586616.524332,0,5.000000,0.000000,5.000000,0.000000,0.000000,0.000000,0.000000,0.000000,8.000000,-159.830000
1777586616.547045,0,5.000000,0.000000,5.000000,0.000000,0.000000,0.000000,0.000000,0.000000,8.000000,-159.830000
1777586616.548123,0,5.000000,0.000000,5.000000,0.000000,0.000000,0.000000,0.000000,0.000000,8.000000,-159.820000
1777586616.554536,0,5.000000,0.000000,5.000000,0.000000,0.000000,0.000000,0.000000,0.000000,8.000000,-159.800000
1777586616.570093,0,5.000000,0.000000,5.000000,0.000000,0.000000,0.000000,0.000000,0.000000,8.000000,-159.800000
1777586616.576916,0,5.000000,0.000000,5.000000,0.000000,0.000000,0.000000,0.000000,0.000000,8.000000,-159.780000
1777586616.592990,0,5.000000,0.000000,5.000000,0.000000,0.000000,0.000000,0.000000,0.000000,8.000000,-159.770000
1777586616.600037,0,5.000000,0.000000,5.000000,0.000000,0.000000,0.000000,0.000000,0.000000,8.000000,-159.770000
1777586616.607768,0,5.000000,0.000000,5.000000,0.000000,0.000000,0.000000,0.000000,0.000000,8.000000,-159.750000
1777586616.622852,0,5.000000,0.000000,5.000000,0.000000,0.000000,0.000000,0.000000,0.000000,8.000000,-159.750000
1777586616.629197,0,5.000000,0.000000,5.000000,0.000000,0.000000,0.000000,0.000000,0.000000,8.000000,-159.740000
1777586616.630294,0,5.000000,0.000000,5.000000,0.000000,0.000000,0.000000,0.000000,0.000000,8.000000,-159.720000
1777586616.653181,0,5.000000,0.000000,5.000000,0.000000,0.000000,0.000000,0.000000,0.000000,8.000000,-159.720000
1777586616.659530,0,5.000000,0.000000,5.000000,0.000000,0.000000,0.000000,0.000000,0.000000,8.000000,-159.710000
1777586616.682268,0,5.000000,0.000000,5.000000,0.000000,0.000000,0.000000,0.000000,0.000000,8.000000,-159.690000
1777586616.683197,0,5.000000,0.000000,5.000000,0.000000,0.000000,0.000000,0.000000,0.000000,8.000000,-159.690000
1777586616.689862,0,5.000000,0.000000,5.000000,0.000000,0.000000,0.000000,0.000000,0.000000,8.000000,-159.670000
1777586616.696960,0,5.000000,0.000000,5.000000,0.000000,0.000000,0.000000,0.000000,0.000000,8.000000,-159.660000
1777586616.712724,0,5.000000,0.000000,5.000000,0.000000,0.000000,0.000000,0.000000,0.000000,8.000000,-159.660000
1777586616.719326,0,5.000000,0.000000,5.000000,0.000000,0.000000,0.000000,0.000000,0.000000,8.000000,-159.640000
1777586616.726866,0,5.000000,0.000000,5.000000,0.000000,0.000000,0.000000,0.000000,0.000000,8.000000,-159.630000
1777586616.742004,0,5.000000,0.000000,5.000000,0.000000,0.000000,0.000000,0.000000,0.000000,8.000000,-159.630000
1777586616.750086,0,5.000000,0.000000,5.000000,0.000000,0.000000,0.000000,0.000000,0.000000,8.000000,-159.610000
1777586616.757238,0,5.000000,0.000000,5.000000,0.000000,0.000000,0.000000,0.000000,0.000000,8.000000,-159.610000
1777586616.779650,0,5.000000,0.000000,5.000000,0.000000,0.000000,0.000000,0.000000,0.000000,8.000000,-159.600000
1777586616.781004,0,5.000000,0.000000,5.000000,0.000000,0.000000,0.000000,0.000000,0.000000,8.000000,-159.580000
1777586616.781405,0,5.000000,0.000000,5.000000,0.000000,0.000000,0.000000,0.000000,0.000000,8.000000,-159.580000
1777586616.810028,0,5.000000,0.000000,5.000000,0.000000,0.000000,0.000000,0.000000,0.000000,8.000000,-159.570000
1777586616.816945,0,5.000000,0.000000,5.000000,0.000000,0.000000,0.000000,0.000000,0.000000,8.000000,-159.550000
1777586616.824488,0,5.000000,0.000000,5.000000,0.000000,0.000000,0.000000,0.000000,0.000000,8.000000,-159.530000
1777586616.831787,0,5.000000,0.000000,5.000000,0.000000,0.000000,0.000000,0.000000,0.000000,8.000000,-159.520000
1777586616.839835,0,5.000000,0.000000,5.000000,0.000000,0.000000,0.000000,0.000000,0.000000,8.000000,-159.520000
1777586616.847156,0,5.000000,0.000000,5.000000,0.000000,0.000000,0.000000,0.000000,0.000000,8.000000,-159.520000
1777586616.862601,0,5.000000,0.000000,5.000000,0.000000,0.000000,0.000000,0.000000,0.000000,8.000000,-159.500000
1777586616.869565,0,5.000000,0.000000,5.000000,0.000000,0.000000,0.000000,0.000000,0.000000,8.000000,-159.500000
1777586616.876819,0,5.000000,0.000000,5.000000,0.000000,0.000000,0.000000,0.000000,0.000000,8.000000,-159.490000
1777586616.891757,0,5.000000,0.000000,5.000000,0.000000,0.000000,0.000000,0.000000,0.000000,8.000000,-159.470000
1777586616.892623,0,5.000000,0.000000,5.000000,0.000000,0.000000,0.000000,0.000000,0.000000,8.000000,-159.470000
1777586616.914596,0,5.000000,0.000000,5.000000,0.000000,0.000000,0.000000,0.000000,0.000000,8.000000,-159.460000
1777586616.922214,0,5.000000,0.000000,5.000000,0.000000,0.000000,0.000000,0.000000,0.000000,8.000000,-159.440000
1777586616.929336,0,5.000000,0.000000,5.000000,0.000000,0.000000,0.000000,0.000000,0.000000,8.000000,-159.420000
1777586616.944629,0,5.000000,0.000000,5.000000,0.000000,0.000000,0.000000,0.000000,0.000000,8.000000,-159.410000
1777586616.951916,0,5.000000,0.000000,5.000000,0.000000,0.000000,0.000000,0.000000,0.000000,8.000000,-159.410000
1777586616.959327,0,5.000000,0.000000,5.000000,0.000000,0.000000,0.000000,0.000000,0.000000,8.000000,-159.390000
1777586616.982629,0,5.000000,0.000000,5.000000,0.000000,0.000000,0.000000,0.000000,0.000000,8.000000,-159.380000
1777586616.996616,0,5.000000,0.000000,5.000000,0.000000,0.000000,0.000000,0.000000,0.000000,8.000000,-159.380000
1777586616.997579,0,5.000000,0.000000,5.000000,0.000000,0.000000,0.000000,0.000000,0.000000,8.000000,-159.360000
1777586617.004908,0,5.000000,0.000000,5.000000,0.000000,0.000000,0.000000,0.000000,0.000000,8.000000,-159.360000
1777586617.012091,0,5.000000,0.000000,5.000000,0.000000,0.000000,0.000000,0.000000,0.000000,8.000000,-159.350000
1777586617.028008,0,5.000000,0.000000,5.000000,0.000000,0.000000,0.000000,0.000000,0.000000,8.000000,-159.330000
1777586617.034289,0,5.000000,0.000000,5.000000,0.000000,0.000000,0.000000,0.000000,0.000000,8.000000,-159.330000
1777586617.035175,0,5.000000,0.000000,5.000000,0.000000,0.000000,0.000000,0.000000,0.000000,8.000000,-159.320000
1777586617.057169,0,5.000000,0.000000,5.000000,0.000000,0.000000,0.000000,0.000000,0.000000,8.000000,-159.300000
1777586617.064436,0,5.000000,0.000000,5.000000,0.000000,0.000000,0.000000,0.000000,0.000000,8.000000,-159.300000
1777586617.079863,0,5.000000,0.000000,5.000000,0.000000,0.000000,0.000000,0.000000,0.000000,8.000000,-159.280000
1777586617.086972,0,5.000000,0.000000,5.000000,0.000000,0.000000,0.000000,0.000000,0.000000,8.000000,-159.270000
1777586617.094484,0,5.000000,0.000000,5.000000,0.000000,0.000000,0.000000,0.000000,0.000000,8.000000,-159.270000
1777586617.101891,0,5.000000,0.000000,5.000000,0.000000,0.000000,0.000000,0.000000,0.000000,8.000000,-159.250000
1777586617.109672,0,5.000000,0.000000,5.000000,0.000000,0.000000,0.000000,0.000000,0.000000,8.000000,-159.250000
1777586617.132233,0,5.000000,0.000000,5.000000,0.000000,0.000000,0.000000,0.000000,0.000000,8.000000,-159.240000
1777586617.139930,0,5.000000,0.000000,5.000000,0.000000,0.000000,0.000000,0.000000,0.000000,8.000000,-159.220000
1777586617.147090,0,5.000000,0.000000,5.000000,0.000000,0.000000,0.000000,0.000000,0.000000,8.000000,-159.220000
1777586617.154487,0,5.000000,0.000000,5.000000,0.000000,0.000000,0.000000,0.000000,0.000000,8.000000,-159.210000
1777586617.162333,0,5.000000,0.000000,5.000000,0.000000,0.000000,0.000000,0.000000,0.000000,8.000000,-159.190000
1777586617.169718,0,5.000000,0.000000,5.000000,0.000000,0.000000,0.000000,0.000000,0.000000,8.000000,-159.190000
1777586617.192348,0,5.000000,0.000000,5.000000,0.000000,0.000000,0.000000,0.000000,0.000000,8.000000,-159.170000
1777586617.199584,0,5.000000,0.000000,5.000000,0.000000,0.000000,0.000000,0.000000,0.000000,8.000000,-159.160000
1777586617.207055,0,5.000000,0.000000,5.000000,0.000000,0.000000,0.000000,0.000000,0.000000,8.000000,-159.160000
1777586617.213938,0,5.000000,0.000000,5.000000,0.000000,0.000000,0.000000,0.000000,0.000000,8.000000,-159.140000
1777586617.215523,0,5.000000,0.000000,5.000000,0.000000,0.000000,0.000000,0.000000,0.000000,8.000000,-159.130000
1777586617.237334,0,5.000000,0.000000,5.000000,0.000000,0.000000,0.000000,0.000000,0.000000,8.000000,-159.130000
1777586617.244562,0,5.000000,0.000000,5.000000,0.000000,0.000000,0.000000,0.000000,0.000000,8.000000,-159.110000
1777586617.260427,0,5.000000,0.000000,5.000000,0.000000,0.000000,0.000000,0.000000,0.000000,8.000000,-159.110000
1777586617.267158,0,5.000000,0.000000,5.000000,0.000000,0.000000,0.000000,0.000000,0.000000,8.000000,-159.100000
1777586617.281445,0,5.000000,0.000000,5.000000,0.000000,0.000000,0.000000,0.000000,0.000000,8.000000,-159.080000
1777586617.288667,0,5.000000,0.000000,5.000000,0.000000,0.000000,0.000000,0.000000,0.000000,8.000000,-159.080000
1777586617.289716,0,5.000000,0.000000,5.000000,0.000000,0.000000,0.000000,0.000000,0.000000,8.000000,-159.070000
1777586617.297034,0,5.000000,0.000000,5.000000,0.000000,0.000000,0.000000,0.000000,0.000000,8.000000,-159.050000
1777586617.319543,0,5.000000,0.000000,5.000000,0.000000,0.000000,0.000000,0.000000,0.000000,8.000000,-159.050000
1777586617.327466,0,5.000000,0.000000,5.000000,0.000000,0.000000,0.000000,0.000000,0.000000,8.000000,-159.030000
1777586617.334953,0,5.000000,0.000000,5.000000,0.000000,0.000000,0.000000,0.000000,0.000000,8.000000,-159.020000
1777586617.341826,0,5.000000,0.000000,5.000000,0.000000,0.000000,0.000000,0.000000,0.000000,8.000000,-159.020000
1777586617.349323,0,5.000000,0.000000,5.000000,0.000000,0.000000,0.000000,0.000000,0.000000,8.000000,-159.020000
1777586617.356972,0,5.000000,0.000000,5.000000,0.000000,0.000000,0.000000,0.000000,0.000000,8.000000,-159.000000
1777586617.372065,0,5.000000,0.000000,5.000000,0.000000,0.000000,0.000000,0.000000,0.000000,8.000000,-159.000000
1777586617.379564,0,5.000000,0.000000,5.000000,0.000000,0.000000,0.000000,0.000000,0.000000,8.000000,-158.990000
1777586617.386984,0,5.000000,0.000000,5.000000,0.000000,0.000000,0.000000,0.000000,0.000000,8.000000,-158.970000
1777586617.410144,0,5.000000,0.000000,5.000000,0.000000,0.000000,0.000000,0.000000,0.000000,8.000000,-158.970000
1777586617.416897,0,5.000000,0.000000,5.000000,0.000000,0.000000,0.000000,0.000000,0.000000,8.000000,-158.960000
1777586617.424685,0,5.000000,0.000000,5.000000,0.000000,0.000000,0.000000,0.000000,0.000000,8.000000,-158.940000
1777586617.432101,0,5.000000,0.000000,5.000000,0.000000,0.000000,0.000000,0.000000,0.000000,8.000000,-158.920000
1777586617.439522,0,5.000000,0.000000,5.000000,0.000000,0.000000,0.000000,0.000000,0.000000,8.000000,-158.910000
1777586617.454510,0,5.000000,0.000000,5.000000,0.000000,0.000000,0.000000,0.000000,0.000000,8.000000,-158.910000
1777586617.462596,0,5.000000,0.000000,5.000000,0.000000,0.000000,0.000000,0.000000,0.000000,8.000000,-158.890000
1777586617.477067,0,5.000000,0.000000,5.000000,0.000000,0.000000,0.000000,0.000000,0.000000,8.000000,-158.880000
1777586617.484584,0,5.000000,0.000000,5.000000,0.000000,0.000000,0.000000,0.000000,0.000000,8.000000,-158.880000
1777586617.491961,0,5.000000,0.000000,5.000000,0.000000,0.000000,0.000000,0.000000,0.000000,8.000000,-158.860000
1777586617.499603,0,5.000000,0.000000,5.000000,0.000000,0.000000,0.000000,0.000000,0.000000,8.000000,-158.860000
1777586617.515773,0,5.000000,0.000000,5.000000,0.000000,0.000000,0.000000,0.000000,0.000000,8.000000,-158.850000
1777586617.522032,0,5.000000,0.000000,5.000000,0.000000,0.000000,0.000000,0.000000,0.000000,8.000000,-158.830000
1777586617.537252,0,5.000000,0.000000,5.000000,0.000000,0.000000,0.000000,0.000000,0.000000,8.000000,-158.830000
1777586617.544527,0,5.000000,0.000000,5.000000,0.000000,0.000000,0.000000,0.000000,0.000000,8.000000,-158.820000
1777586617.551975,0,5.000000,0.000000,5.000000,0.000000,0.000000,0.000000,0.000000,0.000000,8.000000,-158.800000
1777586617.559626,0,5.000000,0.000000,5.000000,0.000000,0.000000,0.000000,0.000000,0.000000,8.000000,-158.800000
1777586617.575153,0,5.000000,0.000000,5.000000,0.000000,0.000000,0.000000,0.000000,0.000000,8.000000,-158.800000
1777586617.581856,0,5.000000,0.000000,5.000000,0.000000,0.000000,0.000000,0.000000,0.000000,8.000000,-158.780000
1777586617.589475,0,5.000000,0.000000,5.000000,0.000000,0.000000,0.000000,0.000000,0.000000,8.000000,-158.770000
1777586617.597673,0,5.000000,0.000000,5.000000,0.000000,0.000000,0.000000,0.000000,0.000000,8.000000,-158.770000
1777586617.619704,0,5.000000,0.000000,5.000000,0.000000,0.000000,0.000000,0.000000,0.000000,8.000000,-158.750000
1777586617.627179,0,5.000000,0.000000,5.000000,0.000000,0.000000,0.000000,0.000000,0.000000,8.000000,-158.740000
1777586617.649513,0,5.000000,0.000000,5.000000,0.000000,0.000000,0.000000,0.000000,0.000000,8.000000,-158.720000
1777586617.650595,0,5.000000,0.000000,5.000000,0.000000,0.000000,0.000000,0.000000,0.000000,8.000000,-158.720000
1777586617.656963,0,5.000000,0.000000,5.000000,0.000000,0.000000,0.000000,0.000000,0.000000,8.000000,-158.710000
1777586617.664373,0,5.000000,0.000000,5.000000,0.000000,0.000000,0.000000,0.000000,0.000000,8.000000,-158.690000
1777586617.671988,0,5.000000,0.000000,5.000000,0.000000,0.000000,0.000000,0.000000,0.000000,8.000000,-158.690000
1777586617.679608,0,5.000000,0.000000,5.000000,0.000000,0.000000,0.000000,0.000000,0.000000,8.000000,-158.670000
1777586617.702201,0,5.000000,0.000000,5.000000,0.000000,0.000000,0.000000,0.000000,0.000000,8.000000,-158.660000
1777586617.709257,0,5.000000,0.000000,5.000000,0.000000,0.000000,0.000000,0.000000,0.000000,8.000000,-158.660000
1777586617.716921,0,5.000000,0.000000,5.000000,0.000000,0.000000,0.000000,0.000000,0.000000,8.000000,-158.640000
1777586617.724438,0,5.000000,0.000000,5.000000,0.000000,0.000000,0.000000,0.000000,0.000000,8.000000,-158.630000
1777586617.739628,0,5.000000,0.000000,5.000000,0.000000,0.000000,0.000000,0.000000,0.000000,8.000000,-158.630000
1777586617.747323,0,5.000000,0.000000,5.000000,0.000000,0.000000,0.000000,0.000000,0.000000,8.000000,-158.610000
1777586617.754549,0,5.000000,0.000000,5.000000,0.000000,0.000000,0.000000,0.000000,0.000000,8.000000,-158.610000
1777586617.761892,0,5.000000,0.000000,5.000000,0.000000,0.000000,0.000000,0.000000,0.000000,8.000000,-158.600000
1777586617.769685,0,5.000000,0.000000,5.000000,0.000000,0.000000,0.000000,0.000000,0.000000,8.000000,-158.580000
1777586617.793067,0,5.000000,0.000000,5.000000,0.000000,0.000000,0.000000,0.000000,0.000000,8.000000,-158.580000
1777586617.799764,0,5.000000,0.000000,5.000000,0.000000,0.000000,0.000000,0.000000,0.000000,8.000000,-158.570000
1777586617.807143,0,5.000000,0.000000,5.000000,0.000000,0.000000,0.000000,0.000000,0.000000,8.000000,-158.550000
1777586617.814430,0,5.000000,0.000000,5.000000,0.000000,0.000000,0.000000,0.000000,0.000000,8.000000,-158.550000
1777586617.822178,0,5.000000,0.000000,5.000000,0.000000,0.000000,0.000000,0.000000,0.000000,8.000000,-158.530000
1777586617.837266,0,5.000000,0.000000,5.000000,0.000000,0.000000,0.000000,0.000000,0.000000,8.000000,-158.520000
1777586617.844060,0,5.000000,0.000000,5.000000,0.000000,0.000000,0.000000,0.000000,0.000000,8.000000,-158.520000
1777586617.845153,0,5.000000,0.000000,5.000000,0.000000,0.000000,0.000000,0.000000,0.000000,8.000000,-158.500000
1777586617.867272,0,5.000000,0.000000,5.000000,0.000000,0.000000,0.000000,0.000000,0.000000,8.000000,-158.500000
1777586617.874576,0,5.000000,0.000000,5.000000,0.000000,0.000000,0.000000,0.000000,0.000000,8.000000,-158.490000
1777586617.889431,0,5.000000,0.000000,5.000000,0.000000,0.000000,0.000000,0.000000,0.000000,8.000000,-158.470000
1777586617.897027,0,5.000000,0.000000,5.000000,0.000000,0.000000,0.000000,0.000000,0.000000,8.000000,-158.470000
1777586617.904613,0,5.000000,0.000000,5.000000,0.000000,0.000000,0.000000,0.000000,0.000000,8.000000,-158.460000
1777586617.912978,0,5.000000,0.000000,5.000000,0.000000,0.000000,0.000000,0.000000,0.000000,8.000000,-158.440000
1777586617.919787,0,5.000000,0.000000,5.000000,0.000000,0.000000,0.000000,0.000000,0.000000,8.000000,-158.440000
1777586617.942620,0,5.000000,0.000000,5.000000,0.000000,0.000000,0.000000,0.000000,0.000000,8.000000,-158.420000
1777586617.949711,0,5.000000,0.000000,5.000000,0.000000,0.000000,0.000000,0.000000,0.000000,8.000000,-158.410000
1777586617.957197,0,5.000000,0.000000,5.000000,0.000000,0.000000,0.000000,0.000000,0.000000,8.000000,-158.410000
1777586617.964592,0,5.000000,0.000000,5.000000,0.000000,0.000000,0.000000,0.000000,0.000000,8.000000,-158.390000
1777586617.972105,0,5.000000,0.000000,5.000000,0.000000,0.000000,0.000000,0.000000,0.000000,8.000000,-158.380000
1777586617.979558,0,5.000000,0.000000,5.000000,0.000000,0.000000,0.000000,0.000000,0.000000,8.000000,-158.380000
1777586617.987701,0,5.000000,0.000000,5.000000,0.000000,0.000000,0.000000,0.000000,0.000000,8.000000,-158.360000
1777586618.016435,0,5.000000,0.000000,5.000000,0.000000,0.000000,0.000000,0.000000,0.000000,8.000000,-158.360000
1777586618.017470,0,5.000000,0.000000,5.000000,0.000000,0.000000,0.000000,0.000000,0.000000,8.000000,-158.350000
1777586618.024503,0,5.000000,0.000000,5.000000,0.000000,0.000000,0.000000,0.000000,0.000000,8.000000,-158.330000
1777586618.031803,0,5.000000,0.000000,5.000000,0.000000,0.000000,0.000000,0.000000,0.000000,8.000000,-158.330000
1777586618.039389,0,5.000000,0.000000,5.000000,0.000000,0.000000,0.000000,0.000000,0.000000,8.000000,-158.320000
1777586618.054466,0,5.000000,0.000000,5.000000,0.000000,0.000000,0.000000,0.000000,0.000000,8.000000,-158.300000
1777586618.061798,0,5.000000,0.000000,5.000000,0.000000,0.000000,0.000000,0.000000,0.000000,8.000000,-158.300000
1777586618.077232,0,5.000000,0.000000,5.000000,0.000000,0.000000,0.000000,0.000000,0.000000,8.000000,-158.280000
1777586618.084504,0,5.000000,0.000000,5.000000,0.000000,0.000000,0.000000,0.000000,0.000000,8.000000,-158.270000
1777586618.092008,0,5.000000,0.000000,5.000000,0.000000,0.000000,0.000000,0.000000,0.000000,8.000000,-158.270000
1777586618.100455,0,5.000000,0.000000,5.000000,0.000000,0.000000,0.000000,0.000000,0.000000,8.000000,-158.250000
1777586618.115151,0,5.000000,0.000000,5.000000,0.000000,0.000000,0.000000,0.000000,0.000000,8.000000,-158.250000
1777586618.122016,0,5.000000,0.000000,5.000000,0.000000,0.000000,0.000000,0.000000,0.000000,8.000000,-158.240000
1777586618.137631,0,5.000000,0.000000,5.000000,0.000000,0.000000,0.000000,0.000000,0.000000,8.000000,-158.220000
1777586618.144490,0,5.000000,0.000000,5.000000,0.000000,0.000000,0.000000,0.000000,0.000000,8.000000,-158.220000
1777586618.152286,0,5.000000,0.000000,5.000000,0.000000,0.000000,0.000000,0.000000,0.000000,8.000000,-158.210000
1777586618.159648,0,5.000000,0.000000,5.000000,0.000000,0.000000,0.000000,0.000000,0.000000,8.000000,-158.190000
1777586618.166961,0,5.000000,0.000000,5.000000,0.000000,0.000000,0.000000,0.000000,0.000000,8.000000,-158.190000
1777586618.189935,0,5.000000,0.000000,5.000000,0.000000,0.000000,0.000000,0.000000,0.000000,8.000000,-158.170000
1777586618.198263,0,5.000000,0.000000,5.000000,0.000000,0.000000,0.000000,0.000000,0.000000,8.000000,-158.160000
1777586618.212787,0,5.000000,0.000000,5.000000,0.000000,0.000000,0.000000,0.000000,0.000000,8.000000,-158.160000
1777586618.213656,0,5.000000,0.000000,5.000000,0.000000,0.000000,0.000000,0.000000,0.000000,8.000000,-158.140000
1777586618.219459,0,5.000000,0.000000,5.000000,0.000000,0.000000,0.000000,0.000000,0.000000,8.000000,-158.130000
1777586618.234498,0,5.000000,0.000000,5.000000,0.000000,0.000000,0.000000,0.000000,0.000000,8.000000,-158.130000
1777586618.250726,0,5.000000,0.000000,5.000000,0.000000,0.000000,0.000000,0.000000,0.000000,8.000000,-158.110000
1777586618.258106,0,5.000000,0.000000,5.000000,0.000000,0.000000,0.000000,0.000000,0.000000,8.000000,-158.110000
1777586618.272653,0,5.000000,0.000000,5.000000,0.000000,0.000000,0.000000,0.000000,0.000000,8.000000,-158.100000
1777586618.273534,0,5.000000,0.000000,5.000000,0.000000,0.000000,0.000000,0.000000,0.000000,8.000000,-158.080000
1777586618.279407,0,5.000000,0.000000,5.000000,0.000000,0.000000,0.000000,0.000000,0.000000,8.000000,-158.080000
1777586618.286979,0,5.000000,0.000000,5.000000,0.000000,0.000000,0.000000,0.000000,0.000000,8.000000,-158.070000
1777586618.302365,0,5.000000,0.000000,5.000000,0.000000,0.000000,0.000000,0.000000,0.000000,8.000000,-158.070000
1777586618.309306,0,5.000000,0.000000,5.000000,0.000000,0.000000,0.000000,0.000000,0.000000,8.000000,-158.050000
1777586618.317266,0,5.000000,0.000000,5.000000,0.000000,0.000000,0.000000,0.000000,0.000000,8.000000,-158.050000
1777586618.341103,0,5.000000,0.000000,5.000000,0.000000,0.000000,0.000000,0.000000,0.000000,8.000000,-158.030000
1777586618.347414,0,5.000000,0.000000,5.000000,0.000000,0.000000,0.000000,0.000000,0.000000,8.000000,-158.020000
1777586618.362633,0,5.000000,0.000000,5.000000,0.000000,0.000000,0.000000,0.000000,0.000000,8.000000,-158.000000
1777586618.384790,0,5.000000,0.000000,5.000000,0.000000,0.000000,0.000000,0.000000,0.000000,8.000000,-158.000000
1777586618.385386,0,5.000000,0.000000,5.000000,0.000000,0.000000,0.000000,0.000000,0.000000,8.000000,-157.990000
1777586618.386215,0,5.000000,0.000000,5.000000,0.000000,0.000000,0.000000,0.000000,0.000000,8.000000,-157.970000
1777586618.391842,0,5.000000,0.000000,5.000000,0.000000,0.000000,0.000000,0.000000,0.000000,8.000000,-157.970000
1777586618.407748,0,5.000000,0.000000,5.000000,0.000000,0.000000,0.000000,0.000000,0.000000,8.000000,-157.960000
1777586618.415017,0,5.000000,0.000000,5.000000,0.000000,0.000000,0.000000,0.000000,0.000000,8.000000,-157.940000
1777586618.430485,0,5.000000,0.000000,5.000000,0.000000,0.000000,0.000000,0.000000,0.000000,8.000000,-157.940000
1777586618.437778,0,5.000000,0.000000,5.000000,0.000000,0.000000,0.000000,0.000000,0.000000,8.000000,-157.920000
1777586618.444328,0,5.000000,0.000000,5.000000,0.000000,0.000000,0.000000,0.000000,0.000000,8.000000,-157.910000
1777586618.452314,0,5.000000,0.000000,5.000000,0.000000,0.000000,0.000000,0.000000,0.000000,8.000000,-157.910000
1777586618.459247,0,5.000000,0.000000,5.000000,0.000000,0.000000,0.000000,0.000000,0.000000,8.000000,-157.890000
1777586618.483289,0,5.000000,0.000000,5.000000,0.000000,0.000000,0.000000,0.000000,0.000000,8.000000,-157.880000
1777586618.489449,0,5.000000,0.000000,5.000000,0.000000,0.000000,0.000000,0.000000,0.000000,8.000000,-157.880000
1777586618.497090,0,5.000000,0.000000,5.000000,0.000000,0.000000,0.000000,0.000000,0.000000,8.000000,-157.860000
1777586618.504374,0,5.000000,0.000000,5.000000,0.000000,0.000000,0.000000,0.000000,0.000000,8.000000,-157.860000
1777586618.505509,0,5.000000,0.000000,5.000000,0.000000,0.000000,0.000000,0.000000,0.000000,8.000000,-157.850000
1777586618.535489,0,5.000000,0.000000,5.000000,0.000000,0.000000,0.000000,0.000000,0.000000,8.000000,-157.830000
1777586618.542080,0,5.000000,0.000000,5.000000,0.000000,0.000000,0.000000,0.000000,0.000000,8.000000,-157.830000
1777586618.549484,0,5.000000,0.000000,5.000000,0.000000,0.000000,0.000000,0.000000,0.000000,8.000000,-157.820000
1777586618.557144,0,5.000000,0.000000,5.000000,0.000000,0.000000,0.000000,0.000000,0.000000,8.000000,-157.800000
1777586618.580874,0,5.000000,0.000000,5.000000,0.000000,0.000000,0.000000,0.000000,0.000000,8.000000,-157.800000
1777586618.581878,0,5.000000,0.000000,5.000000,0.000000,0.000000,0.000000,0.000000,0.000000,8.000000,-157.780000
1777586618.587326,0,5.000000,0.000000,5.000000,0.000000,0.000000,0.000000,0.000000,0.000000,8.000000,-157.770000
1777586618.594665,0,5.000000,0.000000,5.000000,0.000000,0.000000,0.000000,0.000000,0.000000,8.000000,-157.770000
1777586618.603937,0,5.000000,0.000000,5.000000,0.000000,0.000000,0.000000,0.000000,0.000000,8.000000,-157.750000
1777586618.609520,0,5.000000,0.000000,5.000000,0.000000,0.000000,0.000000,0.000000,0.000000,8.000000,-157.750000
1777586618.625077,0,5.000000,0.000000,5.000000,0.000000,0.000000,0.000000,0.000000,0.000000,8.000000,-157.740000
1777586618.632406,0,5.000000,0.000000,5.000000,0.000000,0.000000,0.000000,0.000000,0.000000,8.000000,-157.720000
1777586618.654324,0,5.000000,0.000000,5.000000,0.000000,0.000000,0.000000,0.000000,0.000000,8.000000,-157.720000
1777586618.655461,0,5.000000,0.000000,5.000000,0.000000,0.000000,0.000000,0.000000,0.000000,8.000000,-157.710000
1777586618.662243,0,5.000000,0.000000,5.000000,0.000000,0.000000,0.000000,0.000000,0.000000,8.000000,-157.690000
1777586618.678574,0,5.000000,0.000000,5.000000,0.000000,0.000000,0.000000,0.000000,0.000000,8.000000,-157.690000
1777586618.684822,0,5.000000,0.000000,5.000000,0.000000,0.000000,0.000000,0.000000,0.000000,8.000000,-157.670000
1777586618.692082,0,5.000000,0.000000,5.000000,0.000000,0.000000,0.000000,0.000000,0.000000,8.000000,-157.660000
1777586618.707618,0,5.000000,0.000000,5.000000,0.000000,0.000000,0.000000,0.000000,0.000000,8.000000,-157.660000
1777586618.715382,0,5.000000,0.000000,5.000000,0.000000,0.000000,0.000000,0.000000,0.000000,8.000000,-157.640000
1777586618.721876,0,5.000000,0.000000,5.000000,0.000000,0.000000,0.000000,0.000000,0.000000,8.000000,-157.630000
1777586618.729545,0,5.000000,0.000000,5.000000,0.000000,0.000000,0.000000,0.000000,0.000000,8.000000,-157.630000
1777586618.752502,0,5.000000,0.000000,5.000000,0.000000,0.000000,0.000000,0.000000,0.000000,8.000000,-157.610000
1777586618.753497,0,5.000000,0.000000,5.000000,0.000000,0.000000,0.000000,0.000000,0.000000,8.000000,-157.610000
1777586618.759615,0,5.000000,0.000000,5.000000,0.000000,0.000000,0.000000,0.000000,0.000000,8.000000,-157.600000
1777586618.767315,0,5.000000,0.000000,5.000000,0.000000,0.000000,0.000000,0.000000,0.000000,8.000000,-157.580000
1777586618.790348,0,5.000000,0.000000,5.000000,0.000000,0.000000,0.000000,0.000000,0.000000,8.000000,-157.580000
1777586618.797250,0,5.000000,0.000000,5.000000,0.000000,0.000000,0.000000,0.000000,0.000000,8.000000,-157.570000
1777586618.804412,0,5.000000,0.000000,5.000000,0.000000,0.000000,0.000000,0.000000,0.000000,8.000000,-157.550000
1777586618.812084,0,5.000000,0.000000,5.000000,0.000000,0.000000,0.000000,0.000000,0.000000,8.000000,-157.550000
1777586618.828117,0,5.000000,0.000000,5.000000,0.000000,0.000000,0.000000,0.000000,0.000000,8.000000,-157.530000
1777586618.834684,0,5.000000,0.000000,5.000000,0.000000,0.000000,0.000000,0.000000,0.000000,8.000000,-157.520000
1777586618.842084,0,5.000000,0.000000,5.000000,0.000000,0.000000,0.000000,0.000000,0.000000,8.000000,-157.520000
1777586618.849664,0,5.000000,0.000000,5.000000,0.000000,0.000000,0.000000,0.000000,0.000000,8.000000,-157.500000
1777586618.865808,0,5.000000,0.000000,5.000000,0.000000,0.000000,0.000000,0.000000,0.000000,8.000000,-157.500000
1777586618.872088,0,5.000000,0.000000,5.000000,0.000000,0.000000,0.000000,0.000000,0.000000,8.000000,-157.490000
1777586618.887284,0,5.000000,0.000000,5.000000,0.000000,0.000000,0.000000,0.000000,0.000000,8.000000,-157.470000
1777586618.894605,0,5.000000,0.000000,5.000000,0.000000,0.000000,0.000000,0.000000,0.000000,8.000000,-157.470000
1777586618.902113,0,5.000000,0.000000,5.000000,0.000000,0.000000,0.000000,0.000000,0.000000,8.000000,-157.460000
1777586618.917424,0,5.000000,0.000000,5.000000,0.000000,0.000000,0.000000,0.000000,0.000000,8.000000,-157.460000
1777586618.918691,0,5.000000,0.000000,5.000000,0.000000,0.000000,0.000000,0.000000,0.000000,8.000000,-157.440000
1777586618.940612,0,5.000000,0.000000,5.000000,0.000000,0.000000,0.000000,0.000000,0.000000,8.000000,-157.440000
1777586618.947162,0,5.000000,0.000000,5.000000,0.000000,0.000000,0.000000,0.000000,0.000000,8.000000,-157.420000
1777586618.961901,0,5.000000,0.000000,5.000000,0.000000,0.000000,0.000000,0.000000,0.000000,8.000000,-157.410000
1777586618.962861,0,5.000000,0.000000,5.000000,0.000000,0.000000,0.000000,0.000000,0.000000,8.000000,-157.390000
1777586618.969663,0,5.000000,0.000000,5.000000,0.000000,0.000000,0.000000,0.000000,0.000000,8.000000,-157.380000
1777586618.977310,0,5.000000,0.000000,5.000000,0.000000,0.000000,0.000000,0.000000,0.000000,8.000000,-157.380000
1777586618.993019,0,5.000000,0.000000,5.000000,0.000000,0.000000,0.000000,0.000000,0.000000,8.000000,-157.380000
1777586618.999395,0,5.000000,0.000000,5.000000,0.000000,0.000000,0.000000,0.000000,0.000000,8.000000,-157.360000
1777586619.007509,0,5.000000,0.000000,5.000000,0.000000,0.000000,0.000000,0.000000,0.000000,8.000000,-157.360000
1777586619.023138,0,5.000000,0.000000,5.000000,0.000000,0.000000,0.000000,0.000000,0.000000,8.000000,-157.350000
1777586619.037406,0,5.000000,0.000000,5.000000,0.000000,0.000000,0.000000,0.000000,0.000000,8.000000,-157.330000
1777586619.038473,0,5.000000,0.000000,5.000000,0.000000,0.000000,0.000000,0.000000,0.000000,8.000000,-157.330000
1777586619.060923,0,5.000000,0.000000,5.000000,0.000000,0.000000,0.000000,0.000000,0.000000,8.000000,-157.320000
1777586619.068000,0,5.000000,0.000000,5.000000,0.000000,0.000000,0.000000,0.000000,0.000000,8.000000,-157.300000
1777586619.082940,0,5.000000,0.000000,5.000000,0.000000,0.000000,0.000000,0.000000,0.000000,8.000000,-157.280000
1777586619.089605,0,5.000000,0.000000,5.000000,0.000000,0.000000,0.000000,0.000000,0.000000,8.000000,-157.270000
1777586619.105290,0,5.000000,0.000000,5.000000,0.000000,0.000000,0.000000,0.000000,0.000000,8.000000,-157.270000
1777586619.119299,0,5.000000,0.000000,5.000000,0.000000,0.000000,0.000000,0.000000,0.000000,8.000000,-157.250000
1777586619.120280,0,5.000000,0.000000,5.000000,0.000000,0.000000,0.000000,0.000000,0.000000,8.000000,-157.250000
1777586619.126962,0,5.000000,0.000000,5.000000,0.000000,0.000000,0.000000,0.000000,0.000000,8.000000,-157.240000
1777586619.151513,0,5.000000,0.000000,5.000000,0.000000,0.000000,0.000000,0.000000,0.000000,8.000000,-157.220000
1777586619.152539,0,5.000000,0.000000,5.000000,0.000000,0.000000,0.000000,0.000000,0.000000,8.000000,-157.220000
1777586619.156567,0,5.000000,0.000000,5.000000,0.000000,0.000000,0.000000,0.000000,0.000000,8.000000,-157.210000
1777586619.157990,0,5.000000,0.000000,5.000000,0.000000,0.000000,0.000000,0.000000,0.000000,8.000000,-157.190000
1777586619.179968,0,5.000000,0.000000,5.000000,0.000000,0.000000,0.000000,0.000000,0.000000,8.000000,-157.190000
1777586619.187288,0,5.000000,0.000000,5.000000,0.000000,0.000000,0.000000,0.000000,0.000000,8.000000,-157.170000
1777586619.194625,0,5.000000,0.000000,5.000000,0.000000,0.000000,0.000000,0.000000,0.000000,8.000000,-157.160000
1777586619.203093,0,5.000000,0.000000,5.000000,0.000000,0.000000,0.000000,0.000000,0.000000,8.000000,-157.160000
1777586619.218398,0,5.000000,0.000000,5.000000,0.000000,0.000000,0.000000,0.000000,0.000000,8.000000,-157.140000
1777586619.239970,0,5.000000,0.000000,5.000000,0.000000,0.000000,0.000000,0.000000,0.000000,8.000000,-157.130000
1777586619.240857,0,5.000000,0.000000,5.000000,0.000000,0.000000,0.000000,0.000000,0.000000,8.000000,-157.130000
1777586619.254522,0,5.000000,0.000000,5.000000,0.000000,0.000000,0.000000,0.000000,0.000000,8.000000,-157.110000
1777586619.262119,0,5.000000,0.000000,5.000000,0.000000,0.000000,0.000000,0.000000,0.000000,8.000000,-157.110000
1777586619.278262,0,5.000000,0.000000,5.000000,0.000000,0.000000,0.000000,0.000000,0.000000,8.000000,-157.100000
1777586619.284325,0,5.000000,0.000000,5.000000,0.000000,0.000000,0.000000,0.000000,0.000000,8.000000,-157.080000
1777586619.291939,0,5.000000,0.000000,5.000000,0.000000,0.000000,0.000000,0.000000,0.000000,8.000000,-157.080000
1777586619.299700,0,5.000000,0.000000,5.000000,0.000000,0.000000,0.000000,0.000000,0.000000,8.000000,-157.070000
1777586619.307235,0,5.000000,0.000000,5.000000,0.000000,0.000000,0.000000,0.000000,0.000000,8.000000,-157.050000
1777586619.322692,0,5.000000,0.000000,5.000000,0.000000,0.000000,0.000000,0.000000,0.000000,8.000000,-157.050000
1777586619.329499,0,5.000000,0.000000,5.000000,0.000000,0.000000,0.000000,0.000000,0.000000,8.000000,-157.030000
1777586619.336859,0,5.000000,0.000000,5.000000,0.000000,0.000000,0.000000,0.000000,0.000000,8.000000,-157.020000
1777586619.352382,0,5.000000,0.000000,5.000000,0.000000,0.000000,0.000000,0.000000,0.000000,8.000000,-157.020000
1777586619.359508,0,5.000000,0.000000,5.000000,0.000000,0.000000,0.000000,0.000000,0.000000,8.000000,-157.000000
1777586619.367114,0,5.000000,0.000000,5.000000,0.000000,0.000000,0.000000,0.000000,0.000000,8.000000,-157.000000
1777586619.382520,0,5.000000,0.000000,5.000000,0.000000,0.000000,0.000000,0.000000,0.000000,8.000000,-156.990000
1777586619.389464,0,5.000000,0.000000,5.000000,0.000000,0.000000,0.000000,0.000000,0.000000,8.000000,-156.970000
1777586619.397252,0,5.000000,0.000000,5.000000,0.000000,0.000000,0.000000,0.000000,0.000000,8.000000,-156.970000
1777586619.413128,0,5.000000,0.000000,5.000000,0.000000,0.000000,0.000000,0.000000,0.000000,8.000000,-156.960000
1777586619.427153,0,5.000000,0.000000,5.000000,0.000000,0.000000,0.000000,0.000000,0.000000,8.000000,-156.940000
1777586619.428030,0,5.000000,0.000000,5.000000,0.000000,0.000000,0.000000,0.000000,0.000000,8.000000,-156.940000
1777586619.434468,0,5.000000,0.000000,5.000000,0.000000,0.000000,0.000000,0.000000,0.000000,8.000000,-156.920000
1777586619.441935,0,5.000000,0.000000,5.000000,0.000000,0.000000,0.000000,0.000000,0.000000,8.000000,-156.910000
1777586619.465196,0,5.000000,0.000000,5.000000,0.000000,0.000000,0.000000,0.000000,0.000000,8.000000,-156.910000
1777586619.472130,0,5.000000,0.000000,5.000000,0.000000,0.000000,0.000000,0.000000,0.000000,8.000000,-156.890000
1777586619.486693,0,5.000000,0.000000,5.000000,0.000000,0.000000,0.000000,0.000000,0.000000,8.000000,-156.880000
1777586619.487658,0,5.000000,0.000000,5.000000,0.000000,0.000000,0.000000,0.000000,0.000000,8.000000,-156.880000
1777586619.494432,0,5.000000,0.000000,5.000000,0.000000,0.000000,0.000000,0.000000,0.000000,8.000000,-156.860000
1777586619.510038,0,5.000000,0.000000,5.000000,0.000000,0.000000,0.000000,0.000000,0.000000,8.000000,-156.860000
1777586619.525203,0,5.000000,0.000000,5.000000,0.000000,0.000000,0.000000,0.000000,0.000000,8.000000,-156.850000
1777586619.526124,0,5.000000,0.000000,5.000000,0.000000,0.000000,0.000000,0.000000,0.000000,8.000000,-156.830000
1777586619.548418,0,5.000000,0.000000,5.000000,0.000000,0.000000,0.000000,0.000000,0.000000,8.000000,-156.830000
1777586619.554559,0,5.000000,0.000000,5.000000,0.000000,0.000000,0.000000,0.000000,0.000000,8.000000,-156.820000
1777586619.562018,0,5.000000,0.000000,5.000000,0.000000,0.000000,0.000000,0.000000,0.000000,8.000000,-156.800000
1777586619.569630,0,5.000000,0.000000,5.000000,0.000000,0.000000,0.000000,0.000000,0.000000,8.000000,-156.800000
1777586619.577140,0,5.000000,0.000000,5.000000,0.000000,0.000000,0.000000,0.000000,0.000000,8.000000,-156.780000
1777586619.584487,0,5.000000,0.000000,5.000000,0.000000,0.000000,0.000000,0.000000,0.000000,8.000000,-156.770000
1777586619.592386,0,5.000000,0.000000,5.000000,0.000000,0.000000,0.000000,0.000000,0.000000,8.000000,-156.770000
1777586619.615757,0,5.000000,0.000000,5.000000,0.000000,0.000000,0.000000,0.000000,0.000000,8.000000,-156.750000
1777586619.621962,0,5.000000,0.000000,5.000000,0.000000,0.000000,0.000000,0.000000,0.000000,8.000000,-156.750000
1777586619.636920,0,5.000000,0.000000,5.000000,0.000000,0.000000,0.000000,0.000000,0.000000,8.000000,-156.740000
1777586619.637807,0,5.000000,0.000000,5.000000,0.000000,0.000000,0.000000,0.000000,0.000000,8.000000,-156.720000
1777586619.644329,0,5.000000,0.000000,5.000000,0.000000,0.000000,0.000000,0.000000,0.000000,8.000000,-156.720000
1777586619.652094,0,5.000000,0.000000,5.000000,0.000000,0.000000,0.000000,0.000000,0.000000,8.000000,-156.710000
1777586619.674573,0,5.000000,0.000000,5.000000,0.000000,0.000000,0.000000,0.000000,0.000000,8.000000,-156.690000
1777586619.682196,0,5.000000,0.000000,5.000000,0.000000,0.000000,0.000000,0.000000,0.000000,8.000000,-156.690000
1777586619.689406,0,5.000000,0.000000,5.000000,0.000000,0.000000,0.000000,0.000000,0.000000,8.000000,-156.670000
1777586619.697267,0,5.000000,0.000000,5.000000,0.000000,0.000000,0.000000,0.000000,0.000000,8.000000,-156.660000
1777586619.704750,0,5.000000,0.000000,5.000000,0.000000,0.000000,0.000000,0.000000,0.000000,8.000000,-156.660000
1777586619.728238,0,5.000000,0.000000,5.000000,0.000000,0.000000,0.000000,0.000000,0.000000,8.000000,-156.640000
1777586619.734810,0,5.000000,0.000000,5.000000,0.000000,0.000000,0.000000,0.000000,0.000000,8.000000,-156.630000
1777586619.742180,0,5.000000,0.000000,5.000000,0.000000,0.000000,0.000000,0.000000,0.000000,8.000000,-156.630000
1777586619.749646,0,5.000000,0.000000,5.000000,0.000000,0.000000,0.000000,0.000000,0.000000,8.000000,-156.610000
1777586619.757271,0,5.000000,0.000000,5.000000,0.000000,0.000000,0.000000,0.000000,0.000000,8.000000,-156.610000
1777586619.764454,0,5.000000,0.000000,5.000000,0.000000,0.000000,0.000000,0.000000,0.000000,8.000000,-156.600000
1777586619.794977,0,5.000000,0.000000,5.000000,0.000000,0.000000,0.000000,0.000000,0.000000,8.000000,-156.580000
1777586619.796156,0,5.000000,0.000000,5.000000,0.000000,0.000000,0.000000,0.000000,0.000000,8.000000,-156.580000
1777586619.801948,0,5.000000,0.000000,5.000000,0.000000,0.000000,0.000000,0.000000,0.000000,8.000000,-156.570000
1777586619.809495,0,5.000000,0.000000,5.000000,0.000000,0.000000,0.000000,0.000000,0.000000,8.000000,-156.550000
1777586619.817338,0,5.000000,0.000000,5.000000,0.000000,0.000000,0.000000,0.000000,0.000000,8.000000,-156.550000
1777586619.824436,0,5.000000,0.000000,5.000000,0.000000,0.000000,0.000000,0.000000,0.000000,8.000000,-156.530000
1777586619.832008,0,5.000000,0.000000,5.000000,0.000000,0.000000,0.000000,0.000000,0.000000,8.000000,-156.520000
1777586619.854196,0,5.000000,0.000000,5.000000,0.000000,0.000000,0.000000,0.000000,0.000000,8.000000,-156.520000
1777586619.855603,0,5.000000,0.000000,5.000000,0.000000,0.000000,0.000000,0.000000,0.000000,8.000000,-156.500000
1777586619.869677,0,5.000000,0.000000,5.000000,0.000000,0.000000,0.000000,0.000000,0.000000,8.000000,-156.500000
1777586619.877083,0,5.000000,0.000000,5.000000,0.000000,0.000000,0.000000,0.000000,0.000000,8.000000,-156.490000
1777586619.884727,0,5.000000,0.000000,5.000000,0.000000,0.000000,0.000000,0.000000,0.000000,8.000000,-156.470000
1777586619.892170,0,5.000000,0.000000,5.000000,0.000000,0.000000,0.000000,0.000000,0.000000,8.000000,-156.470000
1777586619.907850,0,5.000000,0.000000,5.000000,0.000000,0.000000,0.000000,0.000000,0.000000,8.000000,-156.460000
1777586619.914435,0,5.000000,0.000000,5.000000,0.000000,0.000000,0.000000,0.000000,0.000000,8.000000,-156.440000
1777586619.922042,0,5.000000,0.000000,5.000000,0.000000,0.000000,0.000000,0.000000,0.000000,8.000000,-156.440000
1777586619.929475,0,5.000000,0.000000,5.000000,0.000000,0.000000,0.000000,0.000000,0.000000,8.000000,-156.420000
1777586619.952370,0,5.000000,0.000000,5.000000,0.000000,0.000000,0.000000,0.000000,0.000000,8.000000,-156.410000
1777586619.960991,0,5.000000,0.000000,5.000000,0.000000,0.000000,0.000000,0.000000,0.000000,8.000000,-156.410000
1777586619.967139,0,5.000000,0.000000,5.000000,0.000000,0.000000,0.000000,0.000000,0.000000,8.000000,-156.390000
1777586619.974422,0,5.000000,0.000000,5.000000,0.000000,0.000000,0.000000,0.000000,0.000000,8.000000,-156.380000
1777586619.982083,0,5.000000,0.000000,5.000000,0.000000,0.000000,0.000000,0.000000,0.000000,8.000000,-156.380000
1777586619.997610,0,5.000000,0.000000,5.000000,0.000000,0.000000,0.000000,0.000000,0.000000,8.000000,-156.360000
1777586620.004711,0,5.000000,0.000000,5.000000,0.000000,0.000000,0.000000,0.000000,0.000000,8.000000,-156.360000
1777586620.012039,0,5.000000,0.000000,5.000000,0.000000,0.000000,0.000000,0.000000,0.000000,8.000000,-156.350000
1777586620.019399,0,5.000000,0.000000,5.000000,0.000000,0.000000,0.000000,0.000000,0.000000,8.000000,-156.330000
1777586620.027225,0,5.000000,0.000000,5.000000,0.000000,0.000000,0.000000,0.000000,0.000000,8.000000,-156.330000
1777586620.050838,0,5.000000,0.000000,5.000000,0.000000,0.000000,0.000000,0.000000,0.000000,8.000000,-156.320000
1777586620.056962,0,5.000000,0.000000,5.000000,0.000000,0.000000,0.000000,0.000000,0.000000,8.000000,-156.300000
1777586620.064624,0,5.000000,0.000000,5.000000,0.000000,0.000000,0.000000,0.000000,0.000000,8.000000,-156.300000
1777586620.071985,0,5.000000,0.000000,5.000000,0.000000,0.000000,0.000000,0.000000,0.000000,8.000000,-156.280000
1777586620.087004,0,5.000000,0.000000,5.000000,0.000000,0.000000,0.000000,0.000000,0.000000,8.000000,-156.270000
1777586620.094563,0,5.000000,0.000000,5.000000,0.000000,0.000000,0.000000,0.000000,0.000000,8.000000,-156.270000
1777586620.102644,0,5.000000,0.000000,5.000000,0.000000,0.000000,0.000000,0.000000,0.000000,8.000000,-156.250000
1777586620.109635,0,5.000000,0.000000,5.000000,0.000000,0.000000,0.000000,0.000000,0.000000,8.000000,-156.250000
1777586620.125356,0,5.000000,0.000000,5.000000,0.000000,0.000000,0.000000,0.000000,0.000000,8.000000,-156.240000
1777586620.132025,0,5.000000,0.000000,5.000000,0.000000,0.000000,0.000000,0.000000,0.000000,8.000000,-156.220000
1777586620.139618,0,5.000000,0.000000,5.000000,0.000000,0.000000,0.000000,0.000000,0.000000,8.000000,-156.220000
1777586620.154683,0,5.000000,0.000000,5.000000,0.000000,0.000000,0.000000,0.000000,0.000000,8.000000,-156.210000
1777586620.161901,0,5.000000,0.000000,5.000000,0.000000,0.000000,0.000000,0.000000,0.000000,8.000000,-156.190000
1777586620.178032,0,5.000000,0.000000,5.000000,0.000000,0.000000,0.000000,0.000000,0.000000,8.000000,-156.190000
1777586620.184561,0,5.000000,0.000000,5.000000,0.000000,0.000000,0.000000,0.000000,0.000000,8.000000,-156.170000
1777586620.192370,0,5.000000,0.000000,5.000000,0.000000,0.000000,0.000000,0.000000,0.000000,8.000000,-156.160000
1777586620.199634,0,5.000000,0.000000,5.000000,0.000000,0.000000,0.000000,0.000000,0.000000,8.000000,-156.160000
1777586620.223365,0,5.000000,0.000000,5.000000,0.000000,0.000000,0.000000,0.000000,0.000000,8.000000,-156.140000
1777586620.229343,0,5.000000,0.000000,5.000000,0.000000,0.000000,0.000000,0.000000,0.000000,8.000000,-156.130000
1777586620.237111,0,5.000000,0.000000,5.000000,0.000000,0.000000,0.000000,0.000000,0.000000,8.000000,-156.130000
1777586620.244357,0,5.000000,0.000000,5.000000,0.000000,0.000000,0.000000,0.000000,0.000000,8.000000,-156.110000
1777586620.252423,0,5.000000,0.000000,5.000000,0.000000,0.000000,0.000000,0.000000,0.000000,8.000000,-156.110000
1777586620.259335,0,5.000000,0.000000,5.000000,0.000000,0.000000,0.000000,0.000000,0.000000,8.000000,-156.100000
1777586620.275160,0,5.000000,0.000000,5.000000,0.000000,0.000000,0.000000,0.000000,0.000000,8.000000,-156.080000
1777586620.281934,0,5.000000,0.000000,5.000000,0.000000,0.000000,0.000000,0.000000,0.000000,8.000000,-156.080000
1777586620.297760,0,5.000000,0.000000,5.000000,0.000000,0.000000,0.000000,0.000000,0.000000,8.000000,-156.070000
1777586620.304806,0,5.000000,0.000000,5.000000,0.000000,0.000000,0.000000,0.000000,0.000000,8.000000,-156.050000
1777586620.312145,0,5.000000,0.000000,5.000000,0.000000,0.000000,0.000000,0.000000,0.000000,8.000000,-156.050000
1777586620.319435,0,5.000000,0.000000,5.000000,0.000000,0.000000,0.000000,0.000000,0.000000,8.000000,-156.030000
1777586620.335158,0,5.000000,0.000000,5.000000,0.000000,0.000000,0.000000,0.000000,0.000000,8.000000,-156.020000
1777586620.341722,0,5.000000,0.000000,5.000000,0.000000,0.000000,0.000000,0.000000,0.000000,8.000000,-156.020000
1777586620.357658,0,5.000000,0.000000,5.000000,0.000000,0.000000,0.000000,0.000000,0.000000,8.000000,-156.000000
1777586620.364564,0,5.000000,0.000000,5.000000,0.000000,0.000000,0.000000,0.000000,0.000000,8.000000,-156.000000
1777586620.372248,0,5.000000,0.000000,5.000000,0.000000,0.000000,0.000000,0.000000,0.000000,8.000000,-155.990000
1777586620.379524,0,5.000000,0.000000,5.000000,0.000000,0.000000,0.000000,0.000000,0.000000,8.000000,-155.970000
1777586620.387010,0,5.000000,0.000000,5.000000,0.000000,0.000000,0.000000,0.000000,0.000000,8.000000,-155.970000
1777586620.401990,0,5.000000,0.000000,5.000000,0.000000,0.000000,0.000000,0.000000,0.000000,8.000000,-155.960000
1777586620.409711,0,5.000000,0.000000,5.000000,0.000000,0.000000,0.000000,0.000000,0.000000,8.000000,-155.940000
1777586620.417184,0,5.000000,0.000000,5.000000,0.000000,0.000000,0.000000,0.000000,0.000000,8.000000,-155.940000
1777586620.432036,0,5.000000,0.000000,5.000000,0.000000,0.000000,0.000000,0.000000,0.000000,8.000000,-155.940000
1777586620.433271,0,5.000000,0.000000,5.000000,0.000000,0.000000,0.000000,0.000000,0.000000,8.000000,-155.920000
1777586620.455163,0,5.000000,0.000000,5.000000,0.000000,0.000000,0.000000,0.000000,0.000000,8.000000,-155.910000
1777586620.462219,0,5.000000,0.000000,5.000000,0.000000,0.000000,0.000000,0.000000,0.000000,8.000000,-155.910000
1777586620.463242,0,5.000000,0.000000,5.000000,0.000000,0.000000,0.000000,0.000000,0.000000,8.000000,-155.890000
1777586620.485388,0,5.000000,0.000000,5.000000,0.000000,0.000000,0.000000,0.000000,0.000000,8.000000,-155.880000
1777586620.502177,0,5.000000,0.000000,5.000000,0.000000,0.000000,0.000000,0.000000,0.000000,8.000000,-155.860000
1777586620.507041,0,5.000000,0.000000,5.000000,0.000000,0.000000,0.000000,0.000000,0.000000,8.000000,-155.860000
1777586620.514767,0,5.000000,0.000000,5.000000,0.000000,0.000000,0.000000,0.000000,0.000000,8.000000,-155.850000
1777586620.522718,0,5.000000,0.000000,5.000000,0.000000,0.000000,0.000000,0.000000,0.000000,8.000000,-155.830000
1777586620.529931,0,5.000000,0.000000,5.000000,0.000000,0.000000,0.000000,0.000000,0.000000,8.000000,-155.830000
1777586620.537148,0,5.000000,0.000000,5.000000,0.000000,0.000000,0.000000,0.000000,0.000000,8.000000,-155.820000
1777586620.566564,0,5.000000,0.000000,5.000000,0.000000,0.000000,0.000000,0.000000,0.000000,8.000000,-155.800000
1777586620.567933,0,5.000000,0.000000,5.000000,0.000000,0.000000,0.000000,0.000000,0.000000,8.000000,-155.800000
1777586620.574983,0,5.000000,0.000000,5.000000,0.000000,0.000000,0.000000,0.000000,0.000000,8.000000,-155.780000
1777586620.588870,0,5.000000,0.000000,5.000000,0.000000,0.000000,0.000000,0.000000,0.000000,8.000000,-155.770000
1777586620.596196,0,5.000000,0.000000,5.000000,0.000000,0.000000,0.000000,0.000000,0.000000,8.000000,-155.770000
1777586620.604740,0,5.000000,0.000000,5.000000,0.000000,0.000000,0.000000,0.000000,0.000000,8.000000,-155.750000
1777586620.612112,0,5.000000,0.000000,5.000000,0.000000,0.000000,0.000000,0.000000,0.000000,8.000000,-155.750000
1777586620.627934,0,5.000000,0.000000,5.000000,0.000000,0.000000,0.000000,0.000000,0.000000,8.000000,-155.740000
1777586620.634432,0,5.000000,0.000000,5.000000,0.000000,0.000000,0.000000,0.000000,0.000000,8.000000,-155.720000
1777586620.642450,0,5.000000,0.000000,5.000000,0.000000,0.000000,0.000000,0.000000,0.000000,8.000000,-155.720000
1777586620.650632,0,5.000000,0.000000,5.000000,0.000000,0.000000,0.000000,0.000000,0.000000,8.000000,-155.710000
1777586620.656941,0,5.000000,0.000000,5.000000,0.000000,0.000000,0.000000,0.000000,0.000000,8.000000,-155.690000
1777586620.680485,0,5.000000,0.000000,5.000000,0.000000,0.000000,0.000000,0.000000,0.000000,8.000000,-155.690000
1777586620.687072,0,5.000000,0.000000,5.000000,0.000000,0.000000,0.000000,0.000000,0.000000,8.000000,-155.670000
1777586620.694855,0,5.000000,0.000000,5.000000,0.000000,0.000000,0.000000,0.000000,0.000000,8.000000,-155.660000
1777586620.711076,0,5.000000,0.000000,5.000000,0.000000,0.000000,0.000000,0.000000,0.000000,8.000000,-155.660000
1777586620.716875,0,5.000000,0.000000,5.000000,0.000000,0.000000,0.000000,0.000000,0.000000,8.000000,-155.640000
1777586620.724631,0,5.000000,0.000000,5.000000,0.000000,0.000000,0.000000,0.000000,0.000000,8.000000,-155.630000
1777586620.732532,0,5.000000,0.000000,5.000000,0.000000,0.000000,0.000000,0.000000,0.000000,8.000000,-155.630000
1777586620.739564,0,5.000000,0.000000,5.000000,0.000000,0.000000,0.000000,0.000000,0.000000,8.000000,-155.610000
1777586620.754659,0,5.000000,0.000000,5.000000,0.000000,0.000000,0.000000,0.000000,0.000000,8.000000,-155.610000
1777586620.762348,0,5.000000,0.000000,5.000000,0.000000,0.000000,0.000000,0.000000,0.000000,8.000000,-155.600000
1777586620.769376,0,5.000000,0.000000,5.000000,0.000000,0.000000,0.000000,0.000000,0.000000,8.000000,-155.580000
1777586620.793234,0,5.000000,0.000000,5.000000,0.000000,0.000000,0.000000,0.000000,0.000000,8.000000,-155.580000
1777586620.800709,0,5.000000,0.000000,5.000000,0.000000,0.000000,0.000000,0.000000,0.000000,8.000000,-155.570000
1777586620.807337,0,5.000000,0.000000,5.000000,0.000000,0.000000,0.000000,0.000000,0.000000,8.000000,-155.550000
1777586620.814532,0,5.000000,0.000000,5.000000,0.000000,0.000000,0.000000,0.000000,0.000000,8.000000,-155.550000
1777586620.821986,0,5.000000,0.000000,5.000000,0.000000,0.000000,0.000000,0.000000,0.000000,8.000000,-155.530000
1777586620.837140,0,5.000000,0.000000,5.000000,0.000000,0.000000,0.000000,0.000000,0.000000,8.000000,-155.520000
1777586620.844510,0,5.000000,0.000000,5.000000,0.000000,0.000000,0.000000,0.000000,0.000000,8.000000,-155.520000
1777586620.852106,0,5.000000,0.000000,5.000000,0.000000,0.000000,0.000000,0.000000,0.000000,8.000000,-155.500000
1777586620.861444,0,5.000000,0.000000,5.000000,0.000000,0.000000,0.000000,0.000000,0.000000,8.000000,-155.500000
1777586620.867389,0,5.000000,0.000000,5.000000,0.000000,0.000000,0.000000,0.000000,0.000000,8.000000,-155.500000
1777586620.883147,0,5.000000,0.000000,5.000000,0.000000,0.000000,0.000000,0.000000,0.000000,8.000000,-155.490000
1777586620.903940,0,5.000000,0.000000,5.000000,0.000000,0.000000,0.000000,0.000000,0.000000,8.000000,-155.470000
1777586620.904938,0,5.000000,0.000000,5.000000,0.000000,0.000000,0.000000,0.000000,0.000000,8.000000,-155.470000
1777586620.912472,0,5.000000,0.000000,5.000000,0.000000,0.000000,0.000000,0.000000,0.000000,8.000000,-155.460000
1777586620.919496,0,5.000000,0.000000,5.000000,0.000000,0.000000,0.000000,0.000000,0.000000,8.000000,-155.440000
1777586620.936589,0,5.000000,0.000000,5.000000,0.000000,0.000000,0.000000,0.000000,0.000000,8.000000,-155.420000
1777586620.941942,0,5.000000,0.000000,5.000000,0.000000,0.000000,0.000000,0.000000,0.000000,8.000000,-155.410000
1777586620.957438,0,5.000000,0.000000,5.000000,0.000000,0.000000,0.000000,0.000000,0.000000,8.000000,-155.410000
1777586620.964611,0,5.000000,0.000000,5.000000,0.000000,0.000000,0.000000,0.000000,0.000000,8.000000,-155.390000
1777586620.972173,0,5.000000,0.000000,5.000000,0.000000,0.000000,0.000000,0.000000,0.000000,8.000000,-155.380000
1777586620.979393,0,5.000000,0.000000,5.000000,0.000000,0.000000,0.000000,0.000000,0.000000,8.000000,-155.380000
1777586620.995743,0,5.000000,0.000000,5.000000,0.000000,0.000000,0.000000,0.000000,0.000000,8.000000,-155.380000
1777586621.002248,0,5.000000,0.000000,5.000000,0.000000,0.000000,0.000000,0.000000,0.000000,8.000000,-155.360000
1777586621.003040,0,5.000000,0.000000,5.000000,0.000000,0.000000,0.000000,0.000000,0.000000,8.000000,-155.360000
1777586621.024734,0,5.000000,0.000000,5.000000,0.000000,0.000000,0.000000,0.000000,0.000000,8.000000,-155.350000
1777586621.032219,0,5.000000,0.000000,5.000000,0.000000,0.000000,0.000000,0.000000,0.000000,8.000000,-155.330000
1777586621.039395,0,5.000000,0.000000,5.000000,0.000000,0.000000,0.000000,0.000000,0.000000,8.000000,-155.320000
1777586621.047010,0,5.000000,0.000000,5.000000,0.000000,0.000000,0.000000,0.000000,0.000000,8.000000,-155.320000
1777586621.062956,0,5.000000,0.000000,5.000000,0.000000,0.000000,0.000000,0.000000,0.000000,8.000000,-155.300000
1777586621.069578,0,5.000000,0.000000,5.000000,0.000000,0.000000,0.000000,0.000000,0.000000,8.000000,-155.300000
1777586621.084902,0,5.000000,0.000000,5.000000,0.000000,0.000000,0.000000,0.000000,0.000000,8.000000,-155.280000
1777586621.091696,0,5.000000,0.000000,5.000000,0.000000,0.000000,0.000000,0.000000,0.000000,8.000000,-155.270000
1777586621.092879,0,5.000000,0.000000,5.000000,0.000000,0.000000,0.000000,0.000000,0.000000,8.000000,-155.270000
1777586621.115557,0,5.000000,0.000000,5.000000,0.000000,0.000000,0.000000,0.000000,0.000000,8.000000,-155.250000
1777586621.130937,0,5.000000,0.000000,5.000000,0.000000,0.000000,0.000000,0.000000,0.000000,8.000000,-155.240000
1777586621.137110,0,5.000000,0.000000,5.000000,0.000000,0.000000,0.000000,0.000000,0.000000,8.000000,-155.220000
1777586621.144504,0,5.000000,0.000000,5.000000,0.000000,0.000000,0.000000,0.000000,0.000000,8.000000,-155.220000
1777586621.152252,0,5.000000,0.000000,5.000000,0.000000,0.000000,0.000000,0.000000,0.000000,8.000000,-155.210000
1777586621.159828,0,5.000000,0.000000,5.000000,0.000000,0.000000,0.000000,0.000000,0.000000,8.000000,-155.210000
1777586621.167343,0,5.000000,0.000000,5.000000,0.000000,0.000000,0.000000,0.000000,0.000000,8.000000,-155.190000
1777586621.182977,0,5.000000,0.000000,5.000000,0.000000,0.000000,0.000000,0.000000,0.000000,8.000000,-155.190000
1777586621.190156,0,5.000000,0.000000,5.000000,0.000000,0.000000,0.000000,0.000000,0.000000,8.000000,-155.170000
1777586621.204762,0,5.000000,0.000000,5.000000,0.000000,0.000000,0.000000,0.000000,0.000000,8.000000,-155.160000
1777586621.211777,0,5.000000,0.000000,5.000000,0.000000,0.000000,0.000000,0.000000,0.000000,8.000000,-155.160000
1777586621.212867,0,5.000000,0.000000,5.000000,0.000000,0.000000,0.000000,0.000000,0.000000,8.000000,-155.140000
1777586621.237269,0,5.000000,0.000000,5.000000,0.000000,0.000000,0.000000,0.000000,0.000000,8.000000,-155.130000
1777586621.241925,0,5.000000,0.000000,5.000000,0.000000,0.000000,0.000000,0.000000,0.000000,8.000000,-155.110000
1777586621.249823,0,5.000000,0.000000,5.000000,0.000000,0.000000,0.000000,0.000000,0.000000,8.000000,-155.110000
1777586621.257169,0,5.000000,0.000000,5.000000,0.000000,0.000000,0.000000,0.000000,0.000000,8.000000,-155.110000
1777586621.271650,0,5.000000,0.000000,5.000000,0.000000,0.000000,0.000000,0.000000,0.000000,8.000000,-155.100000
1777586621.272738,0,5.000000,0.000000,5.000000,0.000000,0.000000,0.000000,0.000000,0.000000,8.000000,-155.080000
1777586621.302334,0,5.000000,0.000000,5.000000,0.000000,0.000000,0.000000,0.000000,0.000000,8.000000,-155.080000
1777586621.303146,0,5.000000,0.000000,5.000000,0.000000,0.000000,0.000000,0.000000,0.000000,8.000000,-155.070000
1777586621.309317,0,5.000000,0.000000,5.000000,0.000000,0.000000,0.000000,0.000000,0.000000,8.000000,-155.050000
1777586621.324447,0,5.000000,0.000000,5.000000,0.000000,0.000000,0.000000,0.000000,0.000000,8.000000,-155.050000
1777586621.332611,0,5.000000,0.000000,5.000000,0.000000,0.000000,0.000000,0.000000,0.000000,8.000000,-155.030000
1777586621.347979,0,5.000000,0.000000,5.000000,0.000000,0.000000,0.000000,0.000000,0.000000,8.000000,-155.020000
1777586621.354494,0,5.000000,0.000000,5.000000,0.000000,0.000000,0.000000,0.000000,0.000000,8.000000,-155.020000
1777586621.362085,0,5.000000,0.000000,5.000000,0.000000,0.000000,0.000000,0.000000,0.000000,8.000000,-155.000000
1777586621.369448,0,5.000000,0.000000,5.000000,0.000000,0.000000,0.000000,0.000000,0.000000,8.000000,-155.000000
1777586621.377340,0,5.000000,0.000000,5.000000,0.000000,0.000000,0.000000,0.000000,0.000000,8.000000,-154.990000
1777586621.393041,0,5.000000,0.000000,5.000000,0.000000,0.000000,0.000000,0.000000,0.000000,8.000000,-154.970000
1777586621.415516,0,5.000000,0.000000,5.000000,0.000000,0.000000,0.000000,0.000000,0.000000,8.000000,-154.970000
1777586621.416683,0,5.000000,0.000000,5.000000,0.000000,0.000000,0.000000,0.000000,0.000000,8.000000,-154.960000
1777586621.421950,0,5.000000,0.000000,5.000000,0.000000,0.000000,0.000000,0.000000,0.000000,8.000000,-154.940000
1777586621.429574,0,5.000000,0.000000,5.000000,0.000000,0.000000,0.000000,0.000000,0.000000,8.000000,-154.940000
1777586621.436863,0,5.000000,0.000000,5.000000,0.000000,0.000000,0.000000,0.000000,0.000000,8.000000,-154.920000
1777586621.452539,0,5.000000,0.000000,5.000000,0.000000,0.000000,0.000000,0.000000,0.000000,8.000000,-154.910000
1777586621.459440,0,5.000000,0.000000,5.000000,0.000000,0.000000,0.000000,0.000000,0.000000,8.000000,-154.910000
1777586621.467248,0,5.000000,0.000000,5.000000,0.000000,0.000000,0.000000,0.000000,0.000000,8.000000,-154.890000
1777586621.474459,0,5.000000,0.000000,5.000000,0.000000,0.000000,0.000000,0.000000,0.000000,8.000000,-154.880000
1777586621.489578,0,5.000000,0.000000,5.000000,0.000000,0.000000,0.000000,0.000000,0.000000,8.000000,-154.880000
1777586621.497374,0,5.000000,0.000000,5.000000,0.000000,0.000000,0.000000,0.000000,0.000000,8.000000,-154.860000
1777586621.504676,0,5.000000,0.000000,5.000000,0.000000,0.000000,0.000000,0.000000,0.000000,8.000000,-154.860000
1777586621.519152,0,5.000000,0.000000,5.000000,0.000000,0.000000,0.000000,0.000000,0.000000,8.000000,-154.850000
1777586621.520145,0,5.000000,0.000000,5.000000,0.000000,0.000000,0.000000,0.000000,0.000000,8.000000,-154.830000
1777586621.543255,0,5.000000,0.000000,5.000000,0.000000,0.000000,0.000000,0.000000,0.000000,8.000000,-154.830000
1777586621.549648,0,5.000000,0.000000,5.000000,0.000000,0.000000,0.000000,0.000000,0.000000,8.000000,-154.820000
1777586621.557590,0,5.000000,0.000000,5.000000,0.000000,0.000000,0.000000,0.000000,0.000000,8.000000,-154.800000
1777586621.564586,0,5.000000,0.000000,5.000000,0.000000,0.000000,0.000000,0.000000,0.000000,8.000000,-154.800000
1777586621.600111,0,5.000000,0.000000,5.000000,0.000000,0.000000,0.000000,0.000000,0.000000,8.000000,-154.780000
1777586621.601148,0,5.000000,0.000000,5.000000,0.000000,0.000000,0.000000,0.000000,0.000000,8.000000,-154.770000
1777586621.601830,0,5.000000,0.000000,5.000000,0.000000,0.000000,0.000000,0.000000,0.000000,8.000000,-154.770000
1777586621.615488,0,5.000000,0.000000,5.000000,0.000000,0.000000,0.000000,0.000000,0.000000,8.000000,-154.750000
1777586621.646838,0,5.000000,0.000000,5.000000,0.000000,0.000000,0.000000,0.000000,0.000000,8.000000,-154.750000
1777586621.647526,0,5.000000,0.000000,5.000000,0.000000,0.000000,0.000000,0.000000,0.000000,8.000000,-154.740000
1777586621.647969,0,5.000000,0.000000,5.000000,0.000000,0.000000,0.000000,0.000000,0.000000,8.000000,-154.720000
1777586621.666438,0,5.000000,0.000000,5.000000,0.000000,0.000000,0.000000,0.000000,0.000000,8.000000,-154.720000
1777586621.684630,0,5.000000,0.000000,5.000000,0.000000,0.000000,0.000000,0.000000,0.000000,8.000000,-154.710000
1777586621.685114,0,5.000000,0.000000,5.000000,0.000000,0.000000,0.000000,0.000000,0.000000,8.000000,-154.690000
1777586621.704221,0,5.000000,0.000000,5.000000,0.000000,0.000000,0.000000,0.000000,0.000000,8.000000,-154.690000
1777586621.724715,0,5.000000,0.000000,5.000000,0.000000,0.000000,0.000000,0.000000,0.000000,8.000000,-154.670000
1777586621.725245,0,5.000000,0.000000,5.000000,0.000000,0.000000,0.000000,0.000000,0.000000,8.000000,-154.660000
1777586621.741940,0,5.000000,0.000000,5.000000,0.000000,0.000000,0.000000,0.000000,0.000000,8.000000,-154.660000
1777586621.742413,0,5.000000,0.000000,5.000000,0.000000,0.000000,0.000000,0.000000,0.000000,8.000000,-154.640000
1777586621.759912,0,5.000000,0.000000,5.000000,0.000000,0.000000,0.000000,0.000000,0.000000,8.000000,-154.630000
1777586621.760397,0,5.000000,0.000000,5.000000,0.000000,0.000000,0.000000,0.000000,0.000000,8.000000,-154.630000
1777586621.777099,0,5.000000,0.000000,5.000000,0.000000,0.000000,0.000000,0.000000,0.000000,8.000000,-154.610000
1777586621.777566,0,5.000000,0.000000,5.000000,0.000000,0.000000,0.000000,0.000000,0.000000,8.000000,-154.610000
1777586621.795224,0,5.000000,0.000000,5.000000,0.000000,0.000000,0.000000,0.000000,0.000000,8.000000,-154.600000
1777586621.795691,0,5.000000,0.000000,5.000000,0.000000,0.000000,0.000000,0.000000,0.000000,8.000000,-154.580000
1777586621.812474,0,5.000000,0.000000,5.000000,0.000000,0.000000,0.000000,0.000000,0.000000,8.000000,-154.580000
1777586621.813143,0,5.000000,0.000000,5.000000,0.000000,0.000000,0.000000,0.000000,0.000000,8.000000,-154.570000
1777586621.830110,0,5.000000,0.000000,5.000000,0.000000,0.000000,0.000000,0.000000,0.000000,8.000000,-154.550000
1777586621.846436,0,5.000000,0.000000,5.000000,0.000000,0.000000,0.000000,0.000000,0.000000,8.000000,-154.550000
1777586621.846895,0,5.000000,0.000000,5.000000,0.000000,0.000000,0.000000,0.000000,0.000000,8.000000,-154.530000
1777586621.864931,0,5.000000,0.000000,5.000000,0.000000,0.000000,0.000000,0.000000,0.000000,8.000000,-154.520000
1777586621.880932,0,5.000000,0.000000,5.000000,0.000000,0.000000,0.000000,0.000000,0.000000,8.000000,-154.520000
1777586621.881388,0,5.000000,0.000000,5.000000,0.000000,0.000000,0.000000,0.000000,0.000000,8.000000,-154.500000
1777586621.881761,0,5.000000,0.000000,5.000000,0.000000,0.000000,0.000000,0.000000,0.000000,8.000000,-154.500000
1777586621.899054,0,5.000000,0.000000,5.000000,0.000000,0.000000,0.000000,0.000000,0.000000,8.000000,-154.490000
1777586621.916566,0,5.000000,0.000000,5.000000,0.000000,0.000000,0.000000,0.000000,0.000000,8.000000,-154.470000
1777586621.917072,0,5.000000,0.000000,5.000000,0.000000,0.000000,0.000000,0.000000,0.000000,8.000000,-154.470000
1777586621.934485,0,5.000000,0.000000,5.000000,0.000000,0.000000,0.000000,0.000000,0.000000,8.000000,-154.460000
1777586621.951520,0,5.000000,0.000000,5.000000,0.000000,0.000000,0.000000,0.000000,0.000000,8.000000,-154.440000
1777586621.951994,0,5.000000,0.000000,5.000000,0.000000,0.000000,0.000000,0.000000,0.000000,8.000000,-154.440000
1777586621.969086,0,5.000000,0.000000,5.000000,0.000000,0.000000,0.000000,0.000000,0.000000,8.000000,-154.420000
1777586621.969637,0,5.000000,0.000000,5.000000,0.000000,0.000000,0.000000,0.000000,0.000000,8.000000,-154.410000
1777586621.985873,0,5.000000,0.000000,5.000000,0.000000,0.000000,0.000000,0.000000,0.000000,8.000000,-154.410000
1777586621.986337,0,5.000000,0.000000,5.000000,0.000000,0.000000,0.000000,0.000000,0.000000,8.000000,-154.390000
1777586622.002891,0,5.000000,0.000000,5.000000,0.000000,0.000000,0.000000,0.000000,0.000000,8.000000,-154.380000
1777586622.003354,0,5.000000,0.000000,5.000000,0.000000,0.000000,0.000000,0.000000,0.000000,8.000000,-154.380000
1777586622.021642,0,5.000000,0.000000,5.000000,0.000000,0.000000,0.000000,0.000000,0.000000,8.000000,-154.360000
1777586622.038266,0,5.000000,0.000000,5.000000,0.000000,0.000000,0.000000,0.000000,0.000000,8.000000,-154.360000
1777586622.038729,0,5.000000,0.000000,5.000000,0.000000,0.000000,0.000000,0.000000,0.000000,8.000000,-154.350000
1777586622.055138,0,5.000000,0.000000,5.000000,0.000000,0.000000,0.000000,0.000000,0.000000,8.000000,-154.330000
1777586622.055607,0,5.000000,0.000000,5.000000,0.000000,0.000000,0.000000,0.000000,0.000000,8.000000,-154.330000
1777586622.071670,0,5.000000,0.000000,5.000000,0.000000,0.000000,0.000000,0.000000,0.000000,8.000000,-154.320000
1777586622.088585,0,5.000000,0.000000,5.000000,0.000000,0.000000,0.000000,0.000000,0.000000,8.000000,-154.300000
1777586622.106034,0,5.000000,0.000000,5.000000,0.000000,0.000000,0.000000,0.000000,0.000000,8.000000,-154.300000
1777586622.106512,0,5.000000,0.000000,5.000000,0.000000,0.000000,0.000000,0.000000,0.000000,8.000000,-154.280000
1777586622.106977,0,5.000000,0.000000,5.000000,0.000000,0.000000,0.000000,0.000000,0.000000,8.000000,-154.270000
1777586622.123587,0,5.000000,0.000000,5.000000,0.000000,0.000000,0.000000,0.000000,0.000000,8.000000,-154.270000
1777586622.124059,0,5.000000,0.000000,5.000000,0.000000,0.000000,0.000000,0.000000,0.000000,8.000000,-154.250000
1777586622.142595,0,5.000000,0.000000,5.000000,0.000000,0.000000,0.000000,0.000000,0.000000,8.000000,-154.250000
1777586622.144465,0,5.000000,0.000000,5.000000,0.000000,0.000000,0.000000,0.000000,0.000000,8.000000,-154.240000
1777586622.161008,0,5.000000,0.000000,5.000000,0.000000,0.000000,0.000000,0.000000,0.000000,8.000000,-154.220000
1777586622.178176,0,5.000000,0.000000,5.000000,0.000000,0.000000,0.000000,0.000000,0.000000,8.000000,-154.220000
1777586622.178643,0,5.000000,0.000000,5.000000,0.000000,0.000000,0.000000,0.000000,0.000000,8.000000,-154.210000
1777586622.195759,0,5.000000,0.000000,5.000000,0.000000,0.000000,0.000000,0.000000,0.000000,8.000000,-154.190000
1777586622.196317,0,5.000000,0.000000,5.000000,0.000000,0.000000,0.000000,0.000000,0.000000,8.000000,-154.190000
1777586622.212932,0,5.000000,0.000000,5.000000,0.000000,0.000000,0.000000,0.000000,0.000000,8.000000,-154.170000
1777586622.213406,0,5.000000,0.000000,5.000000,0.000000,0.000000,0.000000,0.000000,0.000000,8.000000,-154.160000
1777586622.231769,0,5.000000,0.000000,5.000000,0.000000,0.000000,0.000000,0.000000,0.000000,8.000000,-154.160000
1777586622.250175,0,5.000000,0.000000,5.000000,0.000000,0.000000,0.000000,0.000000,0.000000,8.000000,-154.140000
1777586622.250647,0,5.000000,0.000000,5.000000,0.000000,0.000000,0.000000,0.000000,0.000000,8.000000,-154.130000
1777586622.251084,0,5.000000,0.000000,5.000000,0.000000,0.000000,0.000000,0.000000,0.000000,8.000000,-154.130000
1777586622.269570,0,5.000000,0.000000,5.000000,0.000000,0.000000,0.000000,0.000000,0.000000,8.000000,-154.110000
1777586622.287869,0,5.000000,0.000000,5.000000,0.000000,0.000000,0.000000,0.000000,0.000000,8.000000,-154.110000
1777586622.288335,0,5.000000,0.000000,5.000000,0.000000,0.000000,0.000000,0.000000,0.000000,8.000000,-154.100000
1777586622.304581,0,5.000000,0.000000,5.000000,0.000000,0.000000,0.000000,0.000000,0.000000,8.000000,-154.080000
1777586622.305057,0,5.000000,0.000000,5.000000,0.000000,0.000000,0.000000,0.000000,0.000000,8.000000,-154.080000
1777586622.305424,0,5.000000,0.000000,5.000000,0.000000,0.000000,0.000000,0.000000,0.000000,8.000000,-154.070000
1777586622.335088,0,5.000000,0.000000,5.000000,0.000000,0.000000,0.000000,0.000000,0.000000,8.000000,-154.050000
1777586622.335574,0,5.000000,0.000000,5.000000,0.000000,0.000000,0.000000,0.000000,0.000000,8.000000,-154.050000
1777586622.336895,0,5.000000,0.000000,5.000000,0.000000,0.000000,0.000000,0.000000,0.000000,8.000000,-154.030000
1777586622.352499,0,5.000000,0.000000,5.000000,0.000000,0.000000,0.000000,0.000000,0.000000,8.000000,-154.020000
1777586622.368322,0,5.000000,0.000000,5.000000,0.000000,0.000000,0.000000,0.000000,0.000000,8.000000,-154.020000
1777586622.368772,0,5.000000,0.000000,5.000000,0.000000,0.000000,0.000000,0.000000,0.000000,8.000000,-154.000000
1777586622.397189,0,5.000000,0.000000,5.000000,0.000000,0.000000,0.000000,0.000000,0.000000,8.000000,-154.000000
1777586622.397705,0,5.000000,0.000000,5.000000,0.000000,0.000000,0.000000,0.000000,0.000000,8.000000,-153.990000
1777586622.413998,0,5.000000,0.000000,5.000000,0.000000,0.000000,0.000000,0.000000,0.000000,8.000000,-153.970000
1777586622.429477,0,5.000000,0.000000,5.000000,0.000000,0.000000,0.000000,0.000000,0.000000,8.000000,-153.970000
1777586622.430062,0,5.000000,0.000000,5.000000,0.000000,0.000000,0.000000,0.000000,0.000000,8.000000,-153.960000
1777586622.445943,0,5.000000,0.000000,5.000000,0.000000,0.000000,0.000000,0.000000,0.000000,8.000000,-153.940000
1777586622.446419,0,5.000000,0.000000,5.000000,0.000000,0.000000,0.000000,0.000000,0.000000,8.000000,-153.940000
1777586622.462598,0,5.000000,0.000000,5.000000,0.000000,0.000000,0.000000,0.000000,0.000000,8.000000,-153.920000
1777586622.479439,0,5.000000,0.000000,5.000000,0.000000,0.000000,0.000000,0.000000,0.000000,8.000000,-153.910000
1777586622.479907,0,5.000000,0.000000,5.000000,0.000000,0.000000,0.000000,0.000000,0.000000,8.000000,-153.910000
1777586622.496329,0,5.000000,0.000000,5.000000,0.000000,0.000000,0.000000,0.000000,0.000000,8.000000,-153.890000
1777586622.496808,0,5.000000,0.000000,5.000000,0.000000,0.000000,0.000000,0.000000,0.000000,8.000000,-153.880000
1777586622.513710,0,5.000000,0.000000,5.000000,0.000000,0.000000,0.000000,0.000000,0.000000,8.000000,-153.880000
1777586622.531197,0,5.000000,0.000000,5.000000,0.000000,0.000000,0.000000,0.000000,0.000000,8.000000,-153.860000
1777586622.549084,0,5.000000,0.000000,5.000000,0.000000,0.000000,0.000000,0.000000,0.000000,8.000000,-153.860000
1777586622.549639,0,5.000000,0.000000,5.000000,0.000000,0.000000,0.000000,0.000000,0.000000,8.000000,-153.850000
1777586622.550176,0,5.000000,0.000000,5.000000,0.000000,0.000000,0.000000,0.000000,0.000000,8.000000,-153.830000
1777586622.567954,0,5.000000,0.000000,5.000000,0.000000,0.000000,0.000000,0.000000,0.000000,8.000000,-153.830000
1777586622.568428,0,5.000000,0.000000,5.000000,0.000000,0.000000,0.000000,0.000000,0.000000,8.000000,-153.820000
1777586622.586230,0,5.000000,0.000000,5.000000,0.000000,0.000000,0.000000,0.000000,0.000000,8.000000,-153.800000
1777586622.604664,0,5.000000,0.000000,5.000000,0.000000,0.000000,0.000000,0.000000,0.000000,8.000000,-153.800000
1777586622.605177,0,5.000000,0.000000,5.000000,0.000000,0.000000,0.000000,0.000000,0.000000,8.000000,-153.780000
1777586622.622344,0,5.000000,0.000000,5.000000,0.000000,0.000000,0.000000,0.000000,0.000000,8.000000,-153.770000
1777586622.623245,0,5.000000,0.000000,5.000000,0.000000,0.000000,0.000000,0.000000,0.000000,8.000000,-153.770000
1777586622.624757,0,5.000000,0.000000,5.000000,0.000000,0.000000,0.000000,0.000000,0.000000,8.000000,-153.750000
1777586622.640998,0,5.000000,0.000000,5.000000,0.000000,0.000000,0.000000,0.000000,0.000000,8.000000,-153.750000
1777586622.641782,0,5.000000,0.000000,5.000000,0.000000,0.000000,0.000000,0.000000,0.000000,8.000000,-153.740000
1777586622.674145,0,5.000000,0.000000,5.000000,0.000000,0.000000,0.000000,0.000000,0.000000,8.000000,-153.720000
1777586622.674617,0,5.000000,0.000000,5.000000,0.000000,0.000000,0.000000,0.000000,0.000000,8.000000,-153.710000
1777586622.675111,0,5.000000,0.000000,5.000000,0.000000,0.000000,0.000000,0.000000,0.000000,8.000000,-153.690000
1777586622.676341,0,5.000000,0.000000,5.000000,0.000000,0.000000,0.000000,0.000000,0.000000,8.000000,-153.690000
1777586622.706685,0,5.000000,0.000000,5.000000,0.000000,0.000000,0.000000,0.000000,0.000000,8.000000,-153.690000
1777586622.707151,0,5.000000,0.000000,5.000000,0.000000,0.000000,0.000000,0.000000,0.000000,8.000000,-153.670000
1777586622.737803,0,5.000000,0.000000,5.000000,0.000000,0.000000,0.000000,0.000000,0.000000,8.000000,-153.660000
1777586622.738278,0,5.000000,0.000000,5.000000,0.000000,0.000000,0.000000,0.000000,0.000000,8.000000,-153.640000
1777586622.739513,0,5.000000,0.000000,5.000000,0.000000,0.000000,0.000000,0.000000,0.000000,8.000000,-153.630000
1777586622.740038,0,5.000000,0.000000,5.000000,0.000000,0.000000,0.000000,0.000000,0.000000,8.000000,-153.630000
1777586622.771027,0,5.000000,0.000000,5.000000,0.000000,0.000000,0.000000,0.000000,0.000000,8.000000,-153.610000
1777586622.771490,0,5.000000,0.000000,5.000000,0.000000,0.000000,0.000000,0.000000,0.000000,8.000000,-153.610000
1777586622.772733,0,5.000000,0.000000,5.000000,0.000000,0.000000,0.000000,0.000000,0.000000,8.000000,-153.600000
1777586622.788029,0,5.000000,0.000000,5.000000,0.000000,0.000000,0.000000,0.000000,0.000000,8.000000,-153.580000
1777586622.818391,0,5.000000,0.000000,5.000000,0.000000,0.000000,0.000000,0.000000,0.000000,8.000000,-153.580000
1777586622.818867,0,5.000000,0.000000,5.000000,0.000000,0.000000,0.000000,0.000000,0.000000,8.000000,-153.570000
1777586622.819376,0,5.000000,0.000000,5.000000,0.000000,0.000000,0.000000,0.000000,0.000000,8.000000,-153.550000
1777586622.820632,0,5.000000,0.000000,5.000000,0.000000,0.000000,0.000000,0.000000,0.000000,8.000000,-153.550000
1777586622.849565,0,5.000000,0.000000,5.000000,0.000000,0.000000,0.000000,0.000000,0.000000,8.000000,-153.530000
1777586622.850051,0,5.000000,0.000000,5.000000,0.000000,0.000000,0.000000,0.000000,0.000000,8.000000,-153.520000
1777586622.880342,0,5.000000,0.000000,5.000000,0.000000,0.000000,0.000000,0.000000,0.000000,8.000000,-153.520000
1777586622.880926,0,5.000000,0.000000,5.000000,0.000000,0.000000,0.000000,0.000000,0.000000,8.000000,-153.500000
1777586622.881372,0,5.000000,0.000000,5.000000,0.000000,0.000000,0.000000,0.000000,0.000000,8.000000,-153.500000
1777586622.882798,0,5.000000,0.000000,5.000000,0.000000,0.000000,0.000000,0.000000,0.000000,8.000000,-153.490000
1777586622.911978,0,5.000000,0.000000,5.000000,0.000000,0.000000,0.000000,0.000000,0.000000,8.000000,-153.470000
1777586622.912459,0,5.000000,0.000000,5.000000,0.000000,0.000000,0.000000,0.000000,0.000000,8.000000,-153.470000
1777586622.913695,0,5.000000,0.000000,5.000000,0.000000,0.000000,0.000000,0.000000,0.000000,8.000000,-153.460000
1777586622.930399,0,5.000000,0.000000,5.000000,0.000000,0.000000,0.000000,0.000000,0.000000,8.000000,-153.440000
1777586622.946768,0,5.000000,0.000000,5.000000,0.000000,0.000000,0.000000,0.000000,0.000000,8.000000,-153.440000
1777586622.963818,0,5.000000,0.000000,5.000000,0.000000,0.000000,0.000000,0.000000,0.000000,8.000000,-153.420000
1777586622.964292,0,5.000000,0.000000,5.000000,0.000000,0.000000,0.000000,0.000000,0.000000,8.000000,-153.410000
1777586622.982209,0,5.000000,0.000000,5.000000,0.000000,0.000000,0.000000,0.000000,0.000000,8.000000,-153.410000
1777586622.983695,0,5.000000,0.000000,5.000000,0.000000,0.000000,0.000000,0.000000,0.000000,8.000000,-153.390000
1777586623.000625,0,5.000000,0.000000,5.000000,0.000000,0.000000,0.000000,0.000000,0.000000,8.000000,-153.380000
1777586623.001105,0,5.000000,0.000000,5.000000,0.000000,0.000000,0.000000,0.000000,0.000000,8.000000,-153.380000
1777586623.017850,0,5.000000,0.000000,5.000000,0.000000,0.000000,0.000000,0.000000,0.000000,8.000000,-153.360000
1777586623.035538,0,5.000000,0.000000,5.000000,0.000000,0.000000,0.000000,0.000000,0.000000,8.000000,-153.360000
1777586623.036921,0,5.000000,0.000000,5.000000,0.000000,0.000000,0.000000,0.000000,0.000000,8.000000,-153.350000
1777586623.054316,0,5.000000,0.000000,5.000000,0.000000,0.000000,0.000000,0.000000,0.000000,8.000000,-153.330000
1777586623.054791,0,5.000000,0.000000,5.000000,0.000000,0.000000,0.000000,0.000000,0.000000,8.000000,-153.330000
1777586623.071335,0,5.000000,0.000000,5.000000,0.000000,0.000000,0.000000,0.000000,0.000000,8.000000,-153.320000
1777586623.071816,0,5.000000,0.000000,5.000000,0.000000,0.000000,0.000000,0.000000,0.000000,8.000000,-153.300000
1777586623.073034,0,5.000000,0.000000,5.000000,0.000000,0.000000,0.000000,0.000000,0.000000,8.000000,-153.300000
1777586623.103569,0,5.000000,0.000000,5.000000,0.000000,0.000000,0.000000,0.000000,0.000000,8.000000,-153.280000
1777586623.104053,0,5.000000,0.000000,5.000000,0.000000,0.000000,0.000000,0.000000,0.000000,8.000000,-153.270000
1777586623.105276,0,5.000000,0.000000,5.000000,0.000000,0.000000,0.000000,0.000000,0.000000,8.000000,-153.270000
1777586623.105665,0,5.000000,0.000000,5.000000,0.000000,0.000000,0.000000,0.000000,0.000000,8.000000,-153.250000
1777586623.136989,0,5.000000,0.000000,5.000000,0.000000,0.000000,0.000000,0.000000,0.000000,8.000000,-153.250000
1777586623.138371,0,5.000000,0.000000,5.000000,0.000000,0.000000,0.000000,0.000000,0.000000,8.000000,-153.240000
1777586623.138814,0,5.000000,0.000000,5.000000,0.000000,0.000000,0.000000,0.000000,0.000000,8.000000,-153.220000
1777586623.157003,0,5.000000,0.000000,5.000000,0.000000,0.000000,0.000000,0.000000,0.000000,8.000000,-153.220000
1777586623.177618,0,5.000000,0.000000,5.000000,0.000000,0.000000,0.000000,0.000000,0.000000,8.000000,-153.210000
1777586623.199140,0,5.000000,0.000000,5.000000,0.000000,0.000000,0.000000,0.000000,0.000000,8.000000,-153.190000
1777586623.199665,0,5.000000,0.000000,5.000000,0.000000,0.000000,0.000000,0.000000,0.000000,8.000000,-153.190000
1777586623.221121,0,5.000000,0.000000,5.000000,0.000000,0.000000,0.000000,0.000000,0.000000,8.000000,-153.170000
1777586623.221801,0,5.000000,0.000000,5.000000,0.000000,0.000000,0.000000,0.000000,0.000000,8.000000,-153.160000
1777586623.241888,0,5.000000,0.000000,5.000000,0.000000,0.000000,0.000000,0.000000,0.000000,8.000000,-153.160000
1777586623.242374,0,5.000000,0.000000,5.000000,0.000000,0.000000,0.000000,0.000000,0.000000,8.000000,-153.140000
1777586623.242748,0,5.000000,0.000000,5.000000,0.000000,0.000000,0.000000,0.000000,0.000000,8.000000,-153.130000
1777586623.262300,0,5.000000,0.000000,5.000000,0.000000,0.000000,0.000000,0.000000,0.000000,8.000000,-153.130000
1777586623.263620,0,5.000000,0.000000,5.000000,0.000000,0.000000,0.000000,0.000000,0.000000,8.000000,-153.110000
1777586623.280945,0,5.000000,0.000000,5.000000,0.000000,0.000000,0.000000,0.000000,0.000000,8.000000,-153.110000
1777586623.281627,0,5.000000,0.000000,5.000000,0.000000,0.000000,0.000000,0.000000,0.000000,8.000000,-153.110000
1777586623.299564,0,5.000000,0.000000,5.000000,0.000000,0.000000,0.000000,0.000000,0.000000,8.000000,-153.100000
1777586623.300060,0,5.000000,0.000000,5.000000,0.000000,0.000000,0.000000,0.000000,0.000000,8.000000,-153.080000
1777586623.318844,0,5.000000,0.000000,5.000000,0.000000,0.000000,0.000000,0.000000,0.000000,8.000000,-153.080000
1777586623.319703,0,5.000000,0.000000,5.000000,0.000000,0.000000,0.000000,0.000000,0.000000,8.000000,-153.070000
1777586623.338407,0,5.000000,0.000000,5.000000,0.000000,0.000000,0.000000,0.000000,0.000000,8.000000,-153.050000
1777586623.338881,0,5.000000,0.000000,5.000000,0.000000,0.000000,0.000000,0.000000,0.000000,8.000000,-153.050000
1777586623.357613,0,5.000000,0.000000,5.000000,0.000000,0.000000,0.000000,0.000000,0.000000,8.000000,-153.030000
1777586623.375957,0,5.000000,0.000000,5.000000,0.000000,0.000000,0.000000,0.000000,0.000000,8.000000,-153.020000
1777586623.376477,0,5.000000,0.000000,5.000000,0.000000,0.000000,0.000000,0.000000,0.000000,8.000000,-153.020000
1777586623.376852,0,5.000000,0.000000,5.000000,0.000000,0.000000,0.000000,0.000000,0.000000,8.000000,-153.000000
1777586623.409477,0,5.000000,0.000000,5.000000,0.000000,0.000000,0.000000,0.000000,0.000000,8.000000,-153.000000
1777586623.410215,0,5.000000,0.000000,5.000000,0.000000,0.000000,0.000000,0.000000,0.000000,8.000000,-152.990000
1777586623.410657,0,5.000000,0.000000,5.000000,0.000000,0.000000,0.000000,0.000000,0.000000,8.000000,-152.970000
1777586623.411349,0,5.000000,0.000000,5.000000,0.000000,0.000000,0.000000,0.000000,0.000000,8.000000,-152.970000
1777586623.428735,0,5.000000,0.000000,5.000000,0.000000,0.000000,0.000000,0.000000,0.000000,8.000000,-152.960000
1777586623.446774,0,5.000000,0.000000,5.000000,0.000000,0.000000,0.000000,0.000000,0.000000,8.000000,-152.940000
1777586623.464321,0,5.000000,0.000000,5.000000,0.000000,0.000000,0.000000,0.000000,0.000000,8.000000,-152.940000
1777586623.464789,0,5.000000,0.000000,5.000000,0.000000,0.000000,0.000000,0.000000,0.000000,8.000000,-152.920000
1777586623.465165,0,5.000000,0.000000,5.000000,0.000000,0.000000,0.000000,0.000000,0.000000,8.000000,-152.910000
1777586623.483956,0,5.000000,0.000000,5.000000,0.000000,0.000000,0.000000,0.000000,0.000000,8.000000,-152.910000
1777586623.501388,0,5.000000,0.000000,5.000000,0.000000,0.000000,0.000000,0.000000,0.000000,8.000000,-152.890000
1777586623.501849,0,5.000000,0.000000,5.000000,0.000000,0.000000,0.000000,0.000000,0.000000,8.000000,-152.880000
1777586623.502344,0,5.000000,0.000000,5.000000,0.000000,0.000000,0.000000,0.000000,0.000000,8.000000,-152.880000
1777586623.534738,0,5.000000,0.000000,5.000000,0.000000,0.000000,0.000000,0.000000,0.000000,8.000000,-152.860000
1777586623.535216,0,5.000000,0.000000,5.000000,0.000000,0.000000,0.000000,0.000000,0.000000,8.000000,-152.860000
1777586623.536315,0,5.000000,0.000000,5.000000,0.000000,0.000000,0.000000,0.000000,0.000000,8.000000,-152.850000
1777586623.537049,0,5.000000,0.000000,5.000000,0.000000,0.000000,0.000000,0.000000,0.000000,8.000000,-152.830000
1777586623.554059,0,5.000000,0.000000,5.000000,0.000000,0.000000,0.000000,0.000000,0.000000,8.000000,-152.830000
1777586623.572098,0,5.000000,0.000000,5.000000,0.000000,0.000000,0.000000,0.000000,0.000000,8.000000,-152.820000
1777586623.591209,0,5.000000,0.000000,5.000000,0.000000,0.000000,0.000000,0.000000,0.000000,8.000000,-152.800000
1777586623.591788,0,5.000000,0.000000,5.000000,0.000000,0.000000,0.000000,0.000000,0.000000,8.000000,-152.800000
1777586623.592924,0,5.000000,0.000000,5.000000,0.000000,0.000000,0.000000,0.000000,0.000000,8.000000,-152.780000
1777586623.627196,0,5.000000,0.000000,5.000000,0.000000,0.000000,0.000000,0.000000,0.000000,8.000000,-152.770000
1777586623.627892,0,5.000000,0.000000,5.000000,0.000000,0.000000,0.000000,0.000000,0.000000,8.000000,-152.770000
1777586623.628358,0,5.000000,0.000000,5.000000,0.000000,0.000000,0.000000,0.000000,0.000000,8.000000,-152.750000
1777586623.629404,0,5.000000,0.000000,5.000000,0.000000,0.000000,0.000000,0.000000,0.000000,8.000000,-152.750000
1777586623.646713,0,5.000000,0.000000,5.000000,0.000000,0.000000,0.000000,0.000000,0.000000,8.000000,-152.740000
1777586623.665347,0,5.000000,0.000000,5.000000,0.000000,0.000000,0.000000,0.000000,0.000000,8.000000,-152.720000
1777586623.683417,0,5.000000,0.000000,5.000000,0.000000,0.000000,0.000000,0.000000,0.000000,8.000000,-152.720000
1777586623.683895,0,5.000000,0.000000,5.000000,0.000000,0.000000,0.000000,0.000000,0.000000,8.000000,-152.710000
1777586623.702702,0,5.000000,0.000000,5.000000,0.000000,0.000000,0.000000,0.000000,0.000000,8.000000,-152.690000
1777586623.703211,0,5.000000,0.000000,5.000000,0.000000,0.000000,0.000000,0.000000,0.000000,8.000000,-152.690000
1777586623.721452,0,5.000000,0.000000,5.000000,0.000000,0.000000,0.000000,0.000000,0.000000,8.000000,-152.670000
1777586623.721914,0,5.000000,0.000000,5.000000,0.000000,0.000000,0.000000,0.000000,0.000000,8.000000,-152.660000
1777586623.738967,0,5.000000,0.000000,5.000000,0.000000,0.000000,0.000000,0.000000,0.000000,8.000000,-152.660000
1777586623.739446,0,5.000000,0.000000,5.000000,0.000000,0.000000,0.000000,0.000000,0.000000,8.000000,-152.640000
1777586623.757558,0,5.000000,0.000000,5.000000,0.000000,0.000000,0.000000,0.000000,0.000000,8.000000,-152.630000
1777586623.758042,0,5.000000,0.000000,5.000000,0.000000,0.000000,0.000000,0.000000,0.000000,8.000000,-152.630000
1777586623.775508,0,5.000000,0.000000,5.000000,0.000000,0.000000,0.000000,0.000000,0.000000,8.000000,-152.610000
1777586623.793848,0,5.000000,0.000000,5.000000,0.000000,0.000000,0.000000,0.000000,0.000000,8.000000,-152.610000
1777586623.794338,0,5.000000,0.000000,5.000000,0.000000,0.000000,0.000000,0.000000,0.000000,8.000000,-152.600000
1777586623.795208,0,5.000000,0.000000,5.000000,0.000000,0.000000,0.000000,0.000000,0.000000,8.000000,-152.580000
1777586623.812443,0,5.000000,0.000000,5.000000,0.000000,0.000000,0.000000,0.000000,0.000000,8.000000,-152.580000
1777586623.812915,0,5.000000,0.000000,5.000000,0.000000,0.000000,0.000000,0.000000,0.000000,8.000000,-152.570000
1777586623.831779,0,5.000000,0.000000,5.000000,0.000000,0.000000,0.000000,0.000000,0.000000,8.000000,-152.550000
1777586623.832725,0,5.000000,0.000000,5.000000,0.000000,0.000000,0.000000,0.000000,0.000000,8.000000,-152.550000
1777586623.849182,0,5.000000,0.000000,5.000000,0.000000,0.000000,0.000000,0.000000,0.000000,8.000000,-152.530000
1777586623.849691,0,5.000000,0.000000,5.000000,0.000000,0.000000,0.000000,0.000000,0.000000,8.000000,-152.520000
1777586623.882329,0,5.000000,0.000000,5.000000,0.000000,0.000000,0.000000,0.000000,0.000000,8.000000,-152.520000
1777586623.883111,0,5.000000,0.000000,5.000000,0.000000,0.000000,0.000000,0.000000,0.000000,8.000000,-152.500000
1777586623.889805,0,5.000000,0.000000,5.000000,0.000000,0.000000,0.000000,0.000000,0.000000,8.000000,-152.500000
1777586623.890220,0,5.000000,0.000000,5.000000,0.000000,0.000000,0.000000,0.000000,0.000000,8.000000,-152.490000
1777586623.901947,0,5.000000,0.000000,5.000000,0.000000,0.000000,0.000000,0.000000,0.000000,8.000000,-152.470000
1777586623.902373,0,5.000000,0.000000,5.000000,0.000000,0.000000,0.000000,0.000000,0.000000,8.000000,-152.470000
1777586623.914123,0,5.000000,0.000000,5.000000,0.000000,0.000000,0.000000,0.000000,0.000000,8.000000,-152.460000
1777586623.927644,0,5.000000,0.000000,5.000000,0.000000,0.000000,0.000000,0.000000,0.000000,8.000000,-152.440000
1777586623.928587,0,5.000000,0.000000,5.000000,0.000000,0.000000,0.000000,0.000000,0.000000,8.000000,-152.440000
1777586623.929165,0,5.000000,0.000000,5.000000,0.000000,0.000000,0.000000,0.000000,0.000000,8.000000,-152.420000
1777586623.949921,0,5.000000,0.000000,5.000000,0.000000,0.000000,0.000000,0.000000,0.000000,8.000000,-152.410000
1777586623.957383,0,5.000000,0.000000,5.000000,0.000000,0.000000,0.000000,0.000000,0.000000,8.000000,-152.410000
1777586623.972010,0,5.000000,0.000000,5.000000,0.000000,0.000000,0.000000,0.000000,0.000000,8.000000,-152.390000
1777586623.979516,0,5.000000,0.000000,5.000000,0.000000,0.000000,0.000000,0.000000,0.000000,8.000000,-152.380000
1777586623.987026,0,5.000000,0.000000,5.000000,0.000000,0.000000,0.000000,0.000000,0.000000,8.000000,-152.380000
1777586623.994725,0,5.000000,0.000000,5.000000,0.000000,0.000000,0.000000,0.000000,0.000000,8.000000,-152.360000
1777586624.002089,0,5.000000,0.000000,5.000000,0.000000,0.000000,0.000000,0.000000,0.000000,8.000000,-152.360000
1777586624.024948,0,5.000000,0.000000,5.000000,0.000000,0.000000,0.000000,0.000000,0.000000,8.000000,-152.350000
1777586624.032279,0,5.000000,0.000000,5.000000,0.000000,0.000000,0.000000,0.000000,0.000000,8.000000,-152.330000
1777586624.039861,0,5.000000,0.000000,5.000000,0.000000,0.000000,0.000000,0.000000,0.000000,8.000000,-152.330000
1777586624.047353,0,5.000000,0.000000,5.000000,0.000000,0.000000,0.000000,0.000000,0.000000,8.000000,-152.320000
1777586624.054685,0,5.000000,0.000000,5.000000,0.000000,0.000000,0.000000,0.000000,0.000000,8.000000,-152.300000
1777586624.069877,0,5.000000,0.000000,5.000000,0.000000,0.000000,0.000000,0.000000,0.000000,8.000000,-152.300000
1777586624.076763,0,5.000000,0.000000,5.000000,0.000000,0.000000,0.000000,0.000000,0.000000,8.000000,-152.280000
1777586624.078406,0,5.000000,0.000000,5.000000,0.000000,0.000000,0.000000,0.000000,0.000000,8.000000,-152.270000
1777586624.100603,0,5.000000,0.000000,5.000000,0.000000,0.000000,0.000000,0.000000,0.000000,8.000000,-152.270000
1777586624.107159,0,5.000000,0.000000,5.000000,0.000000,0.000000,0.000000,0.000000,0.000000,8.000000,-152.250000
1777586624.114503,0,5.000000,0.000000,5.000000,0.000000,0.000000,0.000000,0.000000,0.000000,8.000000,-152.250000
1777586624.145068,0,5.000000,0.000000,5.000000,0.000000,0.000000,0.000000,0.000000,0.000000,8.000000,-152.240000
1777586624.146135,0,5.000000,0.000000,5.000000,0.000000,0.000000,0.000000,0.000000,0.000000,8.000000,-152.220000
1777586624.146659,0,5.000000,0.000000,5.000000,0.000000,0.000000,0.000000,0.000000,0.000000,8.000000,-152.220000
1777586624.160133,0,5.000000,0.000000,5.000000,0.000000,0.000000,0.000000,0.000000,0.000000,8.000000,-152.210000
1777586624.174641,0,5.000000,0.000000,5.000000,0.000000,0.000000,0.000000,0.000000,0.000000,8.000000,-152.190000
1777586624.182964,0,5.000000,0.000000,5.000000,0.000000,0.000000,0.000000,0.000000,0.000000,8.000000,-152.190000
1777586624.189777,0,5.000000,0.000000,5.000000,0.000000,0.000000,0.000000,0.000000,0.000000,8.000000,-152.170000
1777586624.197117,0,5.000000,0.000000,5.000000,0.000000,0.000000,0.000000,0.000000,0.000000,8.000000,-152.160000
1777586624.204537,0,5.000000,0.000000,5.000000,0.000000,0.000000,0.000000,0.000000,0.000000,8.000000,-152.160000
1777586624.212337,0,5.000000,0.000000,5.000000,0.000000,0.000000,0.000000,0.000000,0.000000,8.000000,-152.140000
1777586624.227009,0,5.000000,0.000000,5.000000,0.000000,0.000000,0.000000,0.000000,0.000000,8.000000,-152.130000
1777586624.228143,0,5.000000,0.000000,5.000000,0.000000,0.000000,0.000000,0.000000,0.000000,8.000000,-152.130000
1777586624.250173,0,5.000000,0.000000,5.000000,0.000000,0.000000,0.000000,0.000000,0.000000,8.000000,-152.110000
1777586624.264076,0,5.000000,0.000000,5.000000,0.000000,0.000000,0.000000,0.000000,0.000000,8.000000,-152.110000
1777586624.265158,0,5.000000,0.000000,5.000000,0.000000,0.000000,0.000000,0.000000,0.000000,8.000000,-152.100000
1777586624.272030,0,5.000000,0.000000,5.000000,0.000000,0.000000,0.000000,0.000000,0.000000,8.000000,-152.080000
1777586624.295404,0,5.000000,0.000000,5.000000,0.000000,0.000000,0.000000,0.000000,0.000000,8.000000,-152.080000
1777586624.310467,0,5.000000,0.000000,5.000000,0.000000,0.000000,0.000000,0.000000,0.000000,8.000000,-152.070000
1777586624.311383,0,5.000000,0.000000,5.000000,0.000000,0.000000,0.000000,0.000000,0.000000,8.000000,-152.050000
1777586624.317089,0,5.000000,0.000000,5.000000,0.000000,0.000000,0.000000,0.000000,0.000000,8.000000,-152.050000
1777586624.324688,0,5.000000,0.000000,5.000000,0.000000,0.000000,0.000000,0.000000,0.000000,8.000000,-152.030000
1777586624.339821,0,5.000000,0.000000,5.000000,0.000000,0.000000,0.000000,0.000000,0.000000,8.000000,-152.020000
1777586624.346598,0,5.000000,0.000000,5.000000,0.000000,0.000000,0.000000,0.000000,0.000000,8.000000,-152.020000
1777586624.348148,0,5.000000,0.000000,5.000000,0.000000,0.000000,0.000000,0.000000,0.000000,8.000000,-152.000000
1777586624.369693,0,5.000000,0.000000,5.000000,0.000000,0.000000,0.000000,0.000000,0.000000,8.000000,-152.000000
1777586624.376958,0,5.000000,0.000000,5.000000,0.000000,0.000000,0.000000,0.000000,0.000000,8.000000,-151.990000
1777586624.384492,0,5.000000,0.000000,5.000000,0.000000,0.000000,0.000000,0.000000,0.000000,8.000000,-151.970000
1777586624.392015,0,5.000000,0.000000,5.000000,0.000000,0.000000,0.000000,0.000000,0.000000,8.000000,-151.970000
1777586624.407152,0,5.000000,0.000000,5.000000,0.000000,0.000000,0.000000,0.000000,0.000000,8.000000,-151.960000
1777586624.414380,0,5.000000,0.000000,5.000000,0.000000,0.000000,0.000000,0.000000,0.000000,8.000000,-151.940000
1777586624.421993,0,5.000000,0.000000,5.000000,0.000000,0.000000,0.000000,0.000000,0.000000,8.000000,-151.940000
1777586624.444756,0,5.000000,0.000000,5.000000,0.000000,0.000000,0.000000,0.000000,0.000000,8.000000,-151.920000
1777586624.452245,0,5.000000,0.000000,5.000000,0.000000,0.000000,0.000000,0.000000,0.000000,8.000000,-151.910000
1777586624.460142,0,5.000000,0.000000,5.000000,0.000000,0.000000,0.000000,0.000000,0.000000,8.000000,-151.910000
1777586624.466970,0,5.000000,0.000000,5.000000,0.000000,0.000000,0.000000,0.000000,0.000000,8.000000,-151.890000
1777586624.474584,0,5.000000,0.000000,5.000000,0.000000,0.000000,0.000000,0.000000,0.000000,8.000000,-151.880000
1777586624.482286,0,5.000000,0.000000,5.000000,0.000000,0.000000,0.000000,0.000000,0.000000,8.000000,-151.880000
1777586624.505441,0,5.000000,0.000000,5.000000,0.000000,0.000000,0.000000,0.000000,0.000000,8.000000,-151.860000
1777586624.511884,0,5.000000,0.000000,5.000000,0.000000,0.000000,0.000000,0.000000,0.000000,8.000000,-151.860000
1777586624.519394,0,5.000000,0.000000,5.000000,0.000000,0.000000,0.000000,0.000000,0.000000,8.000000,-151.850000
1777586624.527220,0,5.000000,0.000000,5.000000,0.000000,0.000000,0.000000,0.000000,0.000000,8.000000,-151.830000
1777586624.534729,0,5.000000,0.000000,5.000000,0.000000,0.000000,0.000000,0.000000,0.000000,8.000000,-151.830000
1777586624.542207,0,5.000000,0.000000,5.000000,0.000000,0.000000,0.000000,0.000000,0.000000,8.000000,-151.820000
1777586624.557888,0,5.000000,0.000000,5.000000,0.000000,0.000000,0.000000,0.000000,0.000000,8.000000,-151.800000
1777586624.564859,0,5.000000,0.000000,5.000000,0.000000,0.000000,0.000000,0.000000,0.000000,8.000000,-151.800000
1777586624.571890,0,5.000000,0.000000,5.000000,0.000000,0.000000,0.000000,0.000000,0.000000,8.000000,-151.780000
1777586624.587031,0,5.000000,0.000000,5.000000,0.000000,0.000000,0.000000,0.000000,0.000000,8.000000,-151.770000
1777586624.594536,0,5.000000,0.000000,5.000000,0.000000,0.000000,0.000000,0.000000,0.000000,8.000000,-151.770000
1777586624.602367,0,5.000000,0.000000,5.000000,0.000000,0.000000,0.000000,0.000000,0.000000,8.000000,-151.750000
1777586624.633288,0,5.000000,0.000000,5.000000,0.000000,0.000000,0.000000,0.000000,0.000000,8.000000,-151.750000
1777586624.634285,0,5.000000,0.000000,5.000000,0.000000,0.000000,0.000000,0.000000,0.000000,8.000000,-151.740000
1777586624.639230,0,5.000000,0.000000,5.000000,0.000000,0.000000,0.000000,0.000000,0.000000,8.000000,-151.720000
1777586624.647189,0,5.000000,0.000000,5.000000,0.000000,0.000000,0.000000,0.000000,0.000000,8.000000,-151.720000
1777586624.654721,0,5.000000,0.000000,5.000000,0.000000,0.000000,0.000000,0.000000,0.000000,8.000000,-151.710000
1777586624.669654,0,5.000000,0.000000,5.000000,0.000000,0.000000,0.000000,0.000000,0.000000,8.000000,-151.690000
1777586624.677147,0,5.000000,0.000000,5.000000,0.000000,0.000000,0.000000,0.000000,0.000000,8.000000,-151.690000
1777586624.684655,0,5.000000,0.000000,5.000000,0.000000,0.000000,0.000000,0.000000,0.000000,8.000000,-151.670000
1777586624.700120,0,5.000000,0.000000,5.000000,0.000000,0.000000,0.000000,0.000000,0.000000,8.000000,-151.660000
1777586624.707563,0,5.000000,0.000000,5.000000,0.000000,0.000000,0.000000,0.000000,0.000000,8.000000,-151.660000
1777586624.714723,0,5.000000,0.000000,5.000000,0.000000,0.000000,0.000000,0.000000,0.000000,8.000000,-151.640000
1777586624.730778,0,5.000000,0.000000,5.000000,0.000000,0.000000,0.000000,0.000000,0.000000,8.000000,-151.630000
1777586624.744976,0,5.000000,0.000000,5.000000,0.000000,0.000000,0.000000,0.000000,0.000000,8.000000,-151.630000
1777586624.745617,0,5.000000,0.000000,5.000000,0.000000,0.000000,0.000000,0.000000,0.000000,8.000000,-151.610000
1777586624.752160,0,5.000000,0.000000,5.000000,0.000000,0.000000,0.000000,0.000000,0.000000,8.000000,-151.610000
1777586624.759318,0,5.000000,0.000000,5.000000,0.000000,0.000000,0.000000,0.000000,0.000000,8.000000,-151.600000
1777586624.783233,0,5.000000,0.000000,5.000000,0.000000,0.000000,0.000000,0.000000,0.000000,8.000000,-151.580000
1777586624.789316,0,5.000000,0.000000,5.000000,0.000000,0.000000,0.000000,0.000000,0.000000,8.000000,-151.580000
1777586624.797278,0,5.000000,0.000000,5.000000,0.000000,0.000000,0.000000,0.000000,0.000000,8.000000,-151.570000
1777586624.804346,0,5.000000,0.000000,5.000000,0.000000,0.000000,0.000000,0.000000,0.000000,8.000000,-151.550000
1777586624.805697,0,5.000000,0.000000,5.000000,0.000000,0.000000,0.000000,0.000000,0.000000,8.000000,-151.550000
1777586624.829256,0,5.000000,0.000000,5.000000,0.000000,0.000000,0.000000,0.000000,0.000000,8.000000,-151.530000
1777586624.834556,0,5.000000,0.000000,5.000000,0.000000,0.000000,0.000000,0.000000,0.000000,8.000000,-151.520000
1777586624.841856,0,5.000000,0.000000,5.000000,0.000000,0.000000,0.000000,0.000000,0.000000,8.000000,-151.520000
1777586624.863620,0,5.000000,0.000000,5.000000,0.000000,0.000000,0.000000,0.000000,0.000000,8.000000,-151.500000
1777586624.864520,0,5.000000,0.000000,5.000000,0.000000,0.000000,0.000000,0.000000,0.000000,8.000000,-151.500000
1777586624.872286,0,5.000000,0.000000,5.000000,0.000000,0.000000,0.000000,0.000000,0.000000,8.000000,-151.490000
1777586624.879409,0,5.000000,0.000000,5.000000,0.000000,0.000000,0.000000,0.000000,0.000000,8.000000,-151.470000
1777586624.895245,0,5.000000,0.000000,5.000000,0.000000,0.000000,0.000000,0.000000,0.000000,8.000000,-151.470000
1777586624.902377,0,5.000000,0.000000,5.000000,0.000000,0.000000,0.000000,0.000000,0.000000,8.000000,-151.460000
1777586624.917208,0,5.000000,0.000000,5.000000,0.000000,0.000000,0.000000,0.000000,0.000000,8.000000,-151.460000
1777586624.924727,0,5.000000,0.000000,5.000000,0.000000,0.000000,0.000000,0.000000,0.000000,8.000000,-151.440000
1777586624.932178,0,5.000000,0.000000,5.000000,0.000000,0.000000,0.000000,0.000000,0.000000,8.000000,-151.420000
1777586624.940113,0,5.000000,0.000000,5.000000,0.000000,0.000000,0.000000,0.000000,0.000000,8.000000,-151.410000
1777586624.947456,0,5.000000,0.000000,5.000000,0.000000,0.000000,0.000000,0.000000,0.000000,8.000000,-151.410000
1777586624.969956,0,5.000000,0.000000,5.000000,0.000000,0.000000,0.000000,0.000000,0.000000,8.000000,-151.390000
1777586624.977222,0,5.000000,0.000000,5.000000,0.000000,0.000000,0.000000,0.000000,0.000000,8.000000,-151.380000
1777586624.984491,0,5.000000,0.000000,5.000000,0.000000,0.000000,0.000000,0.000000,0.000000,8.000000,-151.380000
1777586625.000365,0,5.000000,0.000000,5.000000,0.000000,0.000000,0.000000,0.000000,0.000000,8.000000,-151.360000
1777586625.001312,0,5.000000,0.000000,5.000000,0.000000,0.000000,0.000000,0.000000,0.000000,8.000000,-151.360000
1777586625.006718,0,5.000000,0.000000,5.000000,0.000000,0.000000,0.000000,0.000000,0.000000,8.000000,-151.350000
1777586625.022038,0,5.000000,0.000000,5.000000,0.000000,0.000000,0.000000,0.000000,0.000000,8.000000,-151.330000
1777586625.029800,0,5.000000,0.000000,5.000000,0.000000,0.000000,0.000000,0.000000,0.000000,8.000000,-151.330000
1777586625.036842,0,5.000000,0.000000,5.000000,0.000000,0.000000,0.000000,0.000000,0.000000,8.000000,-151.330000
1777586625.052042,0,5.000000,0.000000,5.000000,0.000000,0.000000,0.000000,0.000000,0.000000,8.000000,-151.320000
1777586625.059389,0,5.000000,0.000000,5.000000,0.000000,0.000000,0.000000,0.000000,0.000000,8.000000,-151.300000
1777586625.075101,0,5.000000,0.000000,5.000000,0.000000,0.000000,0.000000,0.000000,0.000000,8.000000,-151.300000
1777586625.093214,0,5.000000,0.000000,5.000000,0.000000,0.000000,0.000000,0.000000,0.000000,8.000000,-151.280000
1777586625.094116,0,5.000000,0.000000,5.000000,0.000000,0.000000,0.000000,0.000000,0.000000,8.000000,-151.270000
1777586625.109112,0,5.000000,0.000000,5.000000,0.000000,0.000000,0.000000,0.000000,0.000000,8.000000,-151.270000
1777586625.112186,0,5.000000,0.000000,5.000000,0.000000,0.000000,0.000000,0.000000,0.000000,8.000000,-151.250000
1777586625.138575,0,5.000000,0.000000,5.000000,0.000000,0.000000,0.000000,0.000000,0.000000,8.000000,-151.250000
1777586625.139011,0,5.000000,0.000000,5.000000,0.000000,0.000000,0.000000,0.000000,0.000000,8.000000,-151.240000
1777586625.141820,0,5.000000,0.000000,5.000000,0.000000,0.000000,0.000000,0.000000,0.000000,8.000000,-151.220000
1777586625.150802,0,5.000000,0.000000,5.000000,0.000000,0.000000,0.000000,0.000000,0.000000,8.000000,-151.220000
1777586625.151714,0,5.000000,0.000000,5.000000,0.000000,0.000000,0.000000,0.000000,0.000000,8.000000,-151.210000
1777586625.172303,0,5.000000,0.000000,5.000000,0.000000,0.000000,0.000000,0.000000,0.000000,8.000000,-151.190000
1777586625.179825,0,5.000000,0.000000,5.000000,0.000000,0.000000,0.000000,0.000000,0.000000,8.000000,-151.190000
1777586625.193940,0,5.000000,0.000000,5.000000,0.000000,0.000000,0.000000,0.000000,0.000000,8.000000,-151.170000
1777586625.202901,0,5.000000,0.000000,5.000000,0.000000,0.000000,0.000000,0.000000,0.000000,8.000000,-151.160000
1777586625.209162,0,5.000000,0.000000,5.000000,0.000000,0.000000,0.000000,0.000000,0.000000,8.000000,-151.160000
1777586625.216840,0,5.000000,0.000000,5.000000,0.000000,0.000000,0.000000,0.000000,0.000000,8.000000,-151.140000
1777586625.233247,0,5.000000,0.000000,5.000000,0.000000,0.000000,0.000000,0.000000,0.000000,8.000000,-151.130000
1777586625.248219,0,5.000000,0.000000,5.000000,0.000000,0.000000,0.000000,0.000000,0.000000,8.000000,-151.130000
1777586625.254765,0,5.000000,0.000000,5.000000,0.000000,0.000000,0.000000,0.000000,0.000000,8.000000,-151.110000
1777586625.262308,0,5.000000,0.000000,5.000000,0.000000,0.000000,0.000000,0.000000,0.000000,8.000000,-151.110000
1777586625.272422,0,5.000000,0.000000,5.000000,0.000000,0.000000,0.000000,0.000000,0.000000,8.000000,-151.100000
1777586625.277767,0,5.000000,0.000000,5.000000,0.000000,0.000000,0.000000,0.000000,0.000000,8.000000,-151.080000
1777586625.292646,0,5.000000,0.000000,5.000000,0.000000,0.000000,0.000000,0.000000,0.000000,8.000000,-151.080000
1777586625.300444,0,5.000000,0.000000,5.000000,0.000000,0.000000,0.000000,0.000000,0.000000,8.000000,-151.070000
1777586625.315271,0,5.000000,0.000000,5.000000,0.000000,0.000000,0.000000,0.000000,0.000000,8.000000,-151.050000
1777586625.322036,0,5.000000,0.000000,5.000000,0.000000,0.000000,0.000000,0.000000,0.000000,8.000000,-151.050000
1777586625.329295,0,5.000000,0.000000,5.000000,0.000000,0.000000,0.000000,0.000000,0.000000,8.000000,-151.030000
1777586625.341377,0,5.000000,0.000000,5.000000,0.000000,0.000000,0.000000,0.000000,0.000000,8.000000,-151.020000
1777586625.367659,0,5.000000,0.000000,5.000000,0.000000,0.000000,0.000000,0.000000,0.000000,8.000000,-151.020000
1777586625.368555,0,5.000000,0.000000,5.000000,0.000000,0.000000,0.000000,0.000000,0.000000,8.000000,-151.000000
1777586625.382915,0,5.000000,0.000000,5.000000,0.000000,0.000000,0.000000,0.000000,0.000000,8.000000,-151.000000
1777586625.383886,0,5.000000,0.000000,5.000000,0.000000,0.000000,0.000000,0.000000,0.000000,8.000000,-150.990000
1777586625.389672,0,5.000000,0.000000,5.000000,0.000000,0.000000,0.000000,0.000000,0.000000,8.000000,-150.970000
1777586625.397199,0,5.000000,0.000000,5.000000,0.000000,0.000000,0.000000,0.000000,0.000000,8.000000,-150.970000
1777586625.412814,0,5.000000,0.000000,5.000000,0.000000,0.000000,0.000000,0.000000,0.000000,8.000000,-150.960000
1777586625.421232,0,5.000000,0.000000,5.000000,0.000000,0.000000,0.000000,0.000000,0.000000,8.000000,-150.940000
1777586625.426793,0,5.000000,0.000000,5.000000,0.000000,0.000000,0.000000,0.000000,0.000000,8.000000,-150.940000
1777586625.442635,0,5.000000,0.000000,5.000000,0.000000,0.000000,0.000000,0.000000,0.000000,8.000000,-150.920000
1777586625.450893,0,5.000000,0.000000,5.000000,0.000000,0.000000,0.000000,0.000000,0.000000,8.000000,-150.910000
1777586625.456962,0,5.000000,0.000000,5.000000,0.000000,0.000000,0.000000,0.000000,0.000000,8.000000,-150.910000
1777586625.464652,0,5.000000,0.000000,5.000000,0.000000,0.000000,0.000000,0.000000,0.000000,8.000000,-150.890000
1777586625.487217,0,5.000000,0.000000,5.000000,0.000000,0.000000,0.000000,0.000000,0.000000,8.000000,-150.880000
1777586625.494599,0,5.000000,0.000000,5.000000,0.000000,0.000000,0.000000,0.000000,0.000000,8.000000,-150.880000
1777586625.502115,0,5.000000,0.000000,5.000000,0.000000,0.000000,0.000000,0.000000,0.000000,8.000000,-150.860000
1777586625.509746,0,5.000000,0.000000,5.000000,0.000000,0.000000,0.000000,0.000000,0.000000,8.000000,-150.860000
1777586625.517378,0,5.000000,0.000000,5.000000,0.000000,0.000000,0.000000,0.000000,0.000000,8.000000,-150.850000
1777586625.533002,0,5.000000,0.000000,5.000000,0.000000,0.000000,0.000000,0.000000,0.000000,8.000000,-150.830000
1777586625.539497,0,5.000000,0.000000,5.000000,0.000000,0.000000,0.000000,0.000000,0.000000,8.000000,-150.830000
1777586625.547095,0,5.000000,0.000000,5.000000,0.000000,0.000000,0.000000,0.000000,0.000000,8.000000,-150.820000
1777586625.562404,0,5.000000,0.000000,5.000000,0.000000,0.000000,0.000000,0.000000,0.000000,8.000000,-150.800000
1777586625.569658,0,5.000000,0.000000,5.000000,0.000000,0.000000,0.000000,0.000000,0.000000,8.000000,-150.800000
1777586625.577243,0,5.000000,0.000000,5.000000,0.000000,0.000000,0.000000,0.000000,0.000000,8.000000,-150.780000
1777586625.595163,0,5.000000,0.000000,5.000000,0.000000,0.000000,0.000000,0.000000,0.000000,8.000000,-150.770000
1777586625.599419,0,5.000000,0.000000,5.000000,0.000000,0.000000,0.000000,0.000000,0.000000,8.000000,-150.770000
1777586625.600397,0,5.000000,0.000000,5.000000,0.000000,0.000000,0.000000,0.000000,0.000000,8.000000,-150.750000
1777586625.622324,0,5.000000,0.000000,5.000000,0.000000,0.000000,0.000000,0.000000,0.000000,8.000000,-150.750000
1777586625.629823,0,5.000000,0.000000,5.000000,0.000000,0.000000,0.000000,0.000000,0.000000,8.000000,-150.740000
1777586625.645589,0,5.000000,0.000000,5.000000,0.000000,0.000000,0.000000,0.000000,0.000000,8.000000,-150.720000
1777586625.652298,0,5.000000,0.000000,5.000000,0.000000,0.000000,0.000000,0.000000,0.000000,8.000000,-150.720000
1777586625.659561,0,5.000000,0.000000,5.000000,0.000000,0.000000,0.000000,0.000000,0.000000,8.000000,-150.710000
1777586625.667061,0,5.000000,0.000000,5.000000,0.000000,0.000000,0.000000,0.000000,0.000000,8.000000,-150.690000
1777586625.682825,0,5.000000,0.000000,5.000000,0.000000,0.000000,0.000000,0.000000,0.000000,8.000000,-150.690000
1777586625.691936,0,5.000000,0.000000,5.000000,0.000000,0.000000,0.000000,0.000000,0.000000,8.000000,-150.670000
1777586625.692719,0,5.000000,0.000000,5.000000,0.000000,0.000000,0.000000,0.000000,0.000000,8.000000,-150.660000
1777586625.719592,0,5.000000,0.000000,5.000000,0.000000,0.000000,0.000000,0.000000,0.000000,8.000000,-150.660000
1777586625.734766,0,5.000000,0.000000,5.000000,0.000000,0.000000,0.000000,0.000000,0.000000,8.000000,-150.640000
1777586625.735478,0,5.000000,0.000000,5.000000,0.000000,0.000000,0.000000,0.000000,0.000000,8.000000,-150.630000
1777586625.742057,0,5.000000,0.000000,5.000000,0.000000,0.000000,0.000000,0.000000,0.000000,8.000000,-150.630000
1777586625.749412,0,5.000000,0.000000,5.000000,0.000000,0.000000,0.000000,0.000000,0.000000,8.000000,-150.610000
1777586625.757524,0,5.000000,0.000000,5.000000,0.000000,0.000000,0.000000,0.000000,0.000000,8.000000,-150.610000
1777586625.764530,0,5.000000,0.000000,5.000000,0.000000,0.000000,0.000000,0.000000,0.000000,8.000000,-150.600000
1777586625.787221,0,5.000000,0.000000,5.000000,0.000000,0.000000,0.000000,0.000000,0.000000,8.000000,-150.580000
1777586625.794564,0,5.000000,0.000000,5.000000,0.000000,0.000000,0.000000,0.000000,0.000000,8.000000,-150.580000
1777586625.801962,0,5.000000,0.000000,5.000000,0.000000,0.000000,0.000000,0.000000,0.000000,8.000000,-150.570000
1777586625.809448,0,5.000000,0.000000,5.000000,0.000000,0.000000,0.000000,0.000000,0.000000,8.000000,-150.550000
1777586625.816865,0,5.000000,0.000000,5.000000,0.000000,0.000000,0.000000,0.000000,0.000000,8.000000,-150.550000
1777586625.824478,0,5.000000,0.000000,5.000000,0.000000,0.000000,0.000000,0.000000,0.000000,8.000000,-150.530000
1777586625.839499,0,5.000000,0.000000,5.000000,0.000000,0.000000,0.000000,0.000000,0.000000,8.000000,-150.520000
1777586625.846963,0,5.000000,0.000000,5.000000,0.000000,0.000000,0.000000,0.000000,0.000000,8.000000,-150.520000
1777586625.854503,0,5.000000,0.000000,5.000000,0.000000,0.000000,0.000000,0.000000,0.000000,8.000000,-150.500000
1777586625.877224,0,5.000000,0.000000,5.000000,0.000000,0.000000,0.000000,0.000000,0.000000,8.000000,-150.500000
1777586625.884642,0,5.000000,0.000000,5.000000,0.000000,0.000000,0.000000,0.000000,0.000000,8.000000,-150.490000
1777586625.891849,0,5.000000,0.000000,5.000000,0.000000,0.000000,0.000000,0.000000,0.000000,8.000000,-150.470000
1777586625.899722,0,5.000000,0.000000,5.000000,0.000000,0.000000,0.000000,0.000000,0.000000,8.000000,-150.470000
1777586625.912267,0,5.000000,0.000000,5.000000,0.000000,0.000000,0.000000,0.000000,0.000000,8.000000,-150.460000
1777586625.921985,0,5.000000,0.000000,5.000000,0.000000,0.000000,0.000000,0.000000,0.000000,8.000000,-150.440000
1777586625.929760,0,5.000000,0.000000,5.000000,0.000000,0.000000,0.000000,0.000000,0.000000,8.000000,-150.440000
1777586625.937067,0,5.000000,0.000000,5.000000,0.000000,0.000000,0.000000,0.000000,0.000000,8.000000,-150.420000
1777586625.944676,0,5.000000,0.000000,5.000000,0.000000,0.000000,0.000000,0.000000,0.000000,8.000000,-150.410000
1777586625.952086,0,5.000000,0.000000,5.000000,0.000000,0.000000,0.000000,0.000000,0.000000,8.000000,-150.410000
1777586625.959692,0,5.000000,0.000000,5.000000,0.000000,0.000000,0.000000,0.000000,0.000000,8.000000,-150.390000
1777586625.982987,0,5.000000,0.000000,5.000000,0.000000,0.000000,0.000000,0.000000,0.000000,8.000000,-150.380000
1777586625.990501,0,5.000000,0.000000,5.000000,0.000000,0.000000,0.000000,0.000000,0.000000,8.000000,-150.380000
1777586625.997041,0,5.000000,0.000000,5.000000,0.000000,0.000000,0.000000,0.000000,0.000000,8.000000,-150.360000
1777586626.004441,0,5.000000,0.000000,5.000000,0.000000,0.000000,0.000000,0.000000,0.000000,8.000000,-150.360000
1777586626.019498,0,5.000000,0.000000,5.000000,0.000000,0.000000,0.000000,0.000000,0.000000,8.000000,-150.350000
1777586626.026940,0,5.000000,0.000000,5.000000,0.000000,0.000000,0.000000,0.000000,0.000000,8.000000,-150.330000
1777586626.041798,0,5.000000,0.000000,5.000000,0.000000,0.000000,0.000000,0.000000,0.000000,8.000000,-150.330000
1777586626.043641,0,5.000000,0.000000,5.000000,0.000000,0.000000,0.000000,0.000000,0.000000,8.000000,-150.320000
1777586626.056231,0,5.000000,0.000000,5.000000,0.000000,0.000000,0.000000,0.000000,0.000000,8.000000,-150.300000
1777586626.057486,0,5.000000,0.000000,5.000000,0.000000,0.000000,0.000000,0.000000,0.000000,8.000000,-150.300000
1777586626.072022,0,5.000000,0.000000,5.000000,0.000000,0.000000,0.000000,0.000000,0.000000,8.000000,-150.280000
1777586626.086671,0,5.000000,0.000000,5.000000,0.000000,0.000000,0.000000,0.000000,0.000000,8.000000,-150.270000
1777586626.087646,0,5.000000,0.000000,5.000000,0.000000,0.000000,0.000000,0.000000,0.000000,8.000000,-150.270000
1777586626.117720,0,5.000000,0.000000,5.000000,0.000000,0.000000,0.000000,0.000000,0.000000,8.000000,-150.250000
1777586626.118549,0,5.000000,0.000000,5.000000,0.000000,0.000000,0.000000,0.000000,0.000000,8.000000,-150.250000
1777586626.124351,0,5.000000,0.000000,5.000000,0.000000,0.000000,0.000000,0.000000,0.000000,8.000000,-150.240000
1777586626.139725,0,5.000000,0.000000,5.000000,0.000000,0.000000,0.000000,0.000000,0.000000,8.000000,-150.220000
1777586626.147255,0,5.000000,0.000000,5.000000,0.000000,0.000000,0.000000,0.000000,0.000000,8.000000,-150.220000
1777586626.155018,0,5.000000,0.000000,5.000000,0.000000,0.000000,0.000000,0.000000,0.000000,8.000000,-150.210000
1777586626.162022,0,5.000000,0.000000,5.000000,0.000000,0.000000,0.000000,0.000000,0.000000,8.000000,-150.190000
1777586626.169486,0,5.000000,0.000000,5.000000,0.000000,0.000000,0.000000,0.000000,0.000000,8.000000,-150.190000
1777586626.184569,0,5.000000,0.000000,5.000000,0.000000,0.000000,0.000000,0.000000,0.000000,8.000000,-150.170000
1777586626.192076,0,5.000000,0.000000,5.000000,0.000000,0.000000,0.000000,0.000000,0.000000,8.000000,-150.160000
1777586626.199401,0,5.000000,0.000000,5.000000,0.000000,0.000000,0.000000,0.000000,0.000000,8.000000,-150.160000
1777586626.206906,0,5.000000,0.000000,5.000000,0.000000,0.000000,0.000000,0.000000,0.000000,8.000000,-150.140000
1777586626.222131,0,5.000000,0.000000,5.000000,0.000000,0.000000,0.000000,0.000000,0.000000,8.000000,-150.140000
1777586626.229616,0,5.000000,0.000000,5.000000,0.000000,0.000000,0.000000,0.000000,0.000000,8.000000,-150.130000
1777586626.236879,0,5.000000,0.000000,5.000000,0.000000,0.000000,0.000000,0.000000,0.000000,8.000000,-150.130000
1777586626.253700,0,5.000000,0.000000,5.000000,0.000000,0.000000,0.000000,0.000000,0.000000,8.000000,-150.110000
1777586626.267550,0,5.000000,0.000000,5.000000,0.000000,0.000000,0.000000,0.000000,0.000000,8.000000,-150.110000
1777586626.274684,0,5.000000,0.000000,5.000000,0.000000,0.000000,0.000000,0.000000,0.000000,8.000000,-150.100000
1777586626.282781,0,5.000000,0.000000,5.000000,0.000000,0.000000,0.000000,0.000000,0.000000,8.000000,-150.080000
1777586626.289531,0,5.000000,0.000000,5.000000,0.000000,0.000000,0.000000,0.000000,0.000000,8.000000,-150.080000
1777586626.296901,0,5.000000,0.000000,5.000000,0.000000,0.000000,0.000000,0.000000,0.000000,8.000000,-150.070000
1777586626.312400,0,5.000000,0.000000,5.000000,0.000000,0.000000,0.000000,0.000000,0.000000,8.000000,-150.050000
1777586626.319533,0,5.000000,0.000000,5.000000,0.000000,0.000000,0.000000,0.000000,0.000000,8.000000,-150.050000
1777586626.320436,0,5.000000,0.000000,5.000000,0.000000,0.000000,0.000000,0.000000,0.000000,8.000000,-150.030000
1777586626.364737,0,5.000000,0.000000,5.000000,0.000000,0.000000,0.000000,0.000000,0.000000,8.000000,-150.020000
1777586626.385386,0,5.000000,0.000000,5.000000,0.000000,0.000000,0.000000,0.000000,0.000000,8.000000,-150.020000
1777586626.385963,0,5.000000,0.000000,5.000000,0.000000,0.000000,0.000000,0.000000,0.000000,8.000000,-150.000000
1777586626.403518,0,5.000000,0.000000,5.000000,0.000000,0.000000,0.000000,0.000000,0.000000,8.000000,-150.000000
1777586626.403988,0,5.000000,0.000000,5.000000,0.000000,0.000000,0.000000,0.000000,0.000000,8.000000,-149.990000
1777586626.422913,0,5.000000,0.000000,5.000000,0.000000,0.000000,0.000000,0.000000,0.000000,8.000000,-149.970000
1777586626.443350,0,5.000000,0.000000,5.000000,0.000000,0.000000,0.000000,0.000000,0.000000,8.000000,-149.970000
1777586626.444028,0,5.000000,0.000000,5.000000,0.000000,0.000000,0.000000,0.000000,0.000000,8.000000,-149.960000
1777586626.445393,0,5.000000,0.000000,5.000000,0.000000,0.000000,0.000000,0.000000,0.000000,8.000000,-149.940000
1777586626.463780,0,5.000000,0.000000,5.000000,0.000000,0.000000,0.000000,0.000000,0.000000,8.000000,-149.940000
1777586626.464246,0,0.000000,0.000000,5.000000,0.000000,0.000000,0.000000,0.000000,0.000000,8.000000,-149.920000
1777586626.481273,0,0.000000,0.000000,0.000000,0.000000,0.000000,0.000000,0.000000,0.000000,8.000000,-149.910000
1777586626.499956,0,0.000000,0.000000,0.000000,0.000000,0.000000,0.000000,0.000000,0.000000,8.000000,-149.910000
1777586626.500432,0,0.000000,0.000000,0.000000,0.000000,0.000000,0.000000,0.000000,0.000000,8.000000,-149.890000
1777586626.500843,0,0.000000,0.000000,0.000000,0.000000,0.000000,0.000000,0.000000,0.000000,8.000000,-149.880000
1777586626.518472,0,0.000000,0.000000,0.000000,0.000000,0.000000,0.000000,0.000000,0.000000,8.000000,-149.880000
1777586626.518940,0,0.000000,0.000000,0.000000,0.000000,0.000000,0.000000,0.000000,0.000000,8.000000,-149.860000
1777586626.537429,0,0.000000,0.000000,0.000000,0.000000,0.000000,0.000000,0.000000,0.000000,8.000000,-149.860000
1777586626.554426,0,0.000000,0.000000,0.000000,0.000000,0.000000,0.000000,0.000000,0.000000,8.000000,-149.850000
1777586626.554893,0,0.000000,0.000000,0.000000,0.000000,0.000000,0.000000,0.000000,0.000000,8.000000,-149.830000
1777586626.555264,0,0.000000,0.000000,0.000000,0.000000,0.000000,0.000000,0.000000,0.000000,8.000000,-149.830000
1777586626.571786,0,0.000000,0.000000,0.000000,0.000000,0.000000,0.000000,0.000000,0.000000,8.000000,-149.820000
1777586626.590475,0,0.000000,0.000000,0.000000,0.000000,0.000000,0.000000,0.000000,0.000000,8.000000,-149.800000
1777586626.607517,0,0.000000,0.000000,0.000000,0.000000,0.000000,0.000000,0.000000,0.000000,8.000000,-149.800000
1777586626.607991,0,0.000000,0.000000,0.000000,0.000000,0.000000,0.000000,0.000000,0.000000,8.000000,-149.780000
1777586626.608371,0,0.000000,0.000000,0.000000,0.000000,0.000000,0.000000,0.000000,0.000000,8.000000,-149.770000
1777586626.625893,0,0.000000,0.000000,0.000000,0.000000,0.000000,0.000000,0.000000,0.000000,8.000000,-149.770000
1777586626.642558,0,0.000000,0.000000,0.000000,0.000000,0.000000,0.000000,0.000000,0.000000,8.000000,-149.750000
1777586626.643029,0,0.000000,0.000000,0.000000,0.000000,0.000000,0.000000,0.000000,0.000000,8.000000,-149.750000
1777586626.643534,0,0.000000,0.000000,0.000000,0.000000,0.000000,0.000000,0.000000,0.000000,8.000000,-149.740000
1777586626.661529,0,0.000000,0.000000,0.000000,0.000000,0.000000,0.000000,0.000000,0.000000,8.000000,-149.720000
1777586626.678396,0,0.000000,0.000000,0.000000,0.000000,0.000000,0.000000,0.000000,0.000000,8.000000,-149.720000
1777586626.678866,0,0.000000,0.000000,0.000000,0.000000,0.000000,0.000000,0.000000,0.000000,8.000000,-149.710000
1777586626.695644,0,0.000000,0.000000,0.000000,0.000000,0.000000,0.000000,0.000000,0.000000,8.000000,-149.690000
1777586626.712794,0,0.000000,0.000000,0.000000,0.000000,0.000000,0.000000,0.000000,0.000000,8.000000,-149.690000
1777586626.713261,0,0.000000,0.000000,0.000000,0.000000,0.000000,0.000000,0.000000,0.000000,8.000000,-149.670000
1777586626.731571,0,0.000000,0.000000,0.000000,0.000000,0.000000,0.000000,0.000000,0.000000,8.000000,-149.660000
1777586626.732688,0,0.000000,0.000000,0.000000,0.000000,0.000000,0.000000,0.000000,0.000000,8.000000,-149.660000
1777586626.751412,0,0.000000,0.000000,0.000000,0.000000,0.000000,0.000000,0.000000,0.000000,8.000000,-149.640000
1777586626.751989,0,0.000000,0.000000,0.000000,0.000000,0.000000,0.000000,0.000000,0.000000,8.000000,-149.630000
1777586626.769433,0,0.000000,0.000000,0.000000,0.000000,0.000000,0.000000,0.000000,0.000000,8.000000,-149.630000
1777586626.769902,0,0.000000,0.000000,0.000000,0.000000,0.000000,0.000000,0.000000,0.000000,8.000000,-149.610000
1777586626.786423,0,0.000000,0.000000,0.000000,0.000000,0.000000,0.000000,0.000000,0.000000,8.000000,-149.610000
1777586626.786890,0,0.000000,0.000000,0.000000,0.000000,0.000000,0.000000,0.000000,0.000000,8.000000,-149.600000
1777586626.803671,0,0.000000,0.000000,0.000000,0.000000,0.000000,0.000000,0.000000,0.000000,8.000000,-149.580000
1777586626.820345,0,0.000000,0.000000,0.000000,0.000000,0.000000,0.000000,0.000000,0.000000,8.000000,-149.570000
1777586626.820845,0,0.000000,0.000000,0.000000,0.000000,0.000000,0.000000,0.000000,0.000000,8.000000,-149.570000
1777586626.838512,0,0.000000,0.000000,0.000000,0.000000,0.000000,0.000000,0.000000,0.000000,8.000000,-149.550000
1777586626.839081,0,0.000000,0.000000,0.000000,0.000000,0.000000,0.000000,0.000000,0.000000,8.000000,-149.550000
1777586626.839703,0,0.000000,0.000000,0.000000,0.000000,0.000000,0.000000,0.000000,0.000000,8.000000,-149.530000
1777586626.875118,0,0.000000,0.000000,0.000000,0.000000,0.000000,0.000000,0.000000,0.000000,8.000000,-149.520000
1777586626.875596,0,0.000000,0.000000,0.000000,0.000000,0.000000,0.000000,0.000000,0.000000,8.000000,-149.520000
1777586626.875980,0,0.000000,0.000000,0.000000,0.000000,0.000000,0.000000,0.000000,0.000000,8.000000,-149.500000
1777586626.876755,0,0.000000,0.000000,0.000000,0.000000,0.000000,0.000000,0.000000,0.000000,8.000000,-149.500000
1777586626.908585,0,0.000000,0.000000,0.000000,0.000000,0.000000,0.000000,0.000000,0.000000,8.000000,-149.470000
1777586626.909067,0,0.000000,0.000000,0.000000,0.000000,0.000000,0.000000,0.000000,0.000000,8.000000,-149.470000
1777586626.909619,0,0.000000,0.000000,0.000000,0.000000,0.000000,0.000000,0.000000,0.000000,8.000000,-149.470000
1777586626.940111,0,0.000000,0.000000,0.000000,0.000000,0.000000,0.000000,0.000000,0.000000,8.000000,-149.460000
1777586626.940584,0,0.000000,0.000000,0.000000,0.000000,0.000000,0.000000,0.000000,0.000000,8.000000,-149.440000
1777586626.941101,0,0.000000,0.000000,0.000000,0.000000,0.000000,0.000000,0.000000,0.000000,8.000000,-149.440000
1777586626.958277,0,0.000000,0.000000,0.000000,0.000000,0.000000,0.000000,0.000000,0.000000,8.000000,-149.420000
1777586626.974826,0,0.000000,0.000000,0.000000,0.000000,0.000000,0.000000,0.000000,0.000000,8.000000,-149.410000
1777586626.975293,0,0.000000,0.000000,0.000000,0.000000,0.000000,0.000000,0.000000,0.000000,8.000000,-149.410000
1777586626.992911,0,0.000000,0.000000,0.000000,0.000000,0.000000,0.000000,0.000000,0.000000,8.000000,-149.390000
1777586627.010045,0,0.000000,0.000000,0.000000,0.000000,0.000000,0.000000,0.000000,0.000000,8.000000,-149.380000
1777586627.010508,0,0.000000,0.000000,0.000000,0.000000,0.000000,0.000000,0.000000,0.000000,8.000000,-149.380000
1777586627.028475,0,0.000000,0.000000,0.000000,0.000000,0.000000,0.000000,0.000000,0.000000,8.000000,-149.360000
1777586627.046057,0,0.000000,0.000000,0.000000,0.000000,0.000000,0.000000,0.000000,0.000000,8.000000,-149.360000
1777586627.046571,0,0.000000,0.000000,0.000000,0.000000,0.000000,0.000000,0.000000,0.000000,8.000000,-149.330000
1777586627.063674,0,0.000000,0.000000,0.000000,0.000000,0.000000,0.000000,0.000000,0.000000,8.000000,-149.330000
1777586627.064136,0,0.000000,0.000000,0.000000,0.000000,0.000000,0.000000,0.000000,0.000000,8.000000,-149.330000
1777586627.064512,0,0.000000,0.000000,0.000000,0.000000,0.000000,0.000000,0.000000,0.000000,8.000000,-149.320000
1777586627.094594,0,0.000000,0.000000,0.000000,0.000000,0.000000,0.000000,0.000000,0.000000,8.000000,-149.300000
1777586627.095062,0,0.000000,0.000000,0.000000,0.000000,0.000000,0.000000,0.000000,0.000000,8.000000,-149.300000
1777586627.095743,0,0.000000,0.000000,0.000000,0.000000,0.000000,0.000000,0.000000,0.000000,8.000000,-149.270000
1777586627.096117,0,0.000000,0.000000,0.000000,0.000000,0.000000,0.000000,0.000000,0.000000,8.000000,-149.270000
1777586627.126015,0,0.000000,0.000000,0.000000,0.000000,0.000000,0.000000,0.000000,0.000000,8.000000,-149.270000
1777586627.128288,0,0.000000,0.000000,0.000000,0.000000,0.000000,0.000000,0.000000,0.000000,8.000000,-149.250000
1777586627.128701,0,0.000000,0.000000,0.000000,0.000000,0.000000,0.000000,0.000000,0.000000,8.000000,-149.250000
1777586627.145330,0,0.000000,0.000000,0.000000,0.000000,0.000000,0.000000,0.000000,0.000000,8.000000,-149.240000
1777586627.174385,0,0.000000,0.000000,0.000000,0.000000,0.000000,0.000000,0.000000,0.000000,8.000000,-149.220000
1777586627.174978,0,0.000000,0.000000,0.000000,0.000000,0.000000,0.000000,0.000000,0.000000,8.000000,-149.210000
1777586627.175560,0,0.000000,0.000000,0.000000,0.000000,0.000000,0.000000,0.000000,0.000000,8.000000,-149.190000
1777586627.192778,0,0.000000,0.000000,0.000000,0.000000,0.000000,0.000000,0.000000,0.000000,8.000000,-149.190000
1777586627.208740,0,0.000000,0.000000,0.000000,0.000000,0.000000,0.000000,0.000000,0.000000,8.000000,-149.170000
1777586627.209204,0,0.000000,0.000000,0.000000,0.000000,0.000000,0.000000,0.000000,0.000000,8.000000,-149.160000
1777586627.239283,0,0.000000,0.000000,0.000000,0.000000,0.000000,0.000000,0.000000,0.000000,8.000000,-149.160000
1777586627.239762,0,0.000000,0.000000,0.000000,0.000000,0.000000,0.000000,0.000000,0.000000,8.000000,-149.140000
1777586627.240376,0,0.000000,0.000000,0.000000,0.000000,0.000000,0.000000,0.000000,0.000000,8.000000,-149.130000
1777586627.240737,0,0.000000,0.000000,0.000000,0.000000,0.000000,0.000000,0.000000,0.000000,8.000000,-149.130000
1777586627.257751,0,0.000000,0.000000,0.000000,0.000000,0.000000,0.000000,0.000000,0.000000,8.000000,-149.110000
1777586627.275146,0,0.000000,0.000000,0.000000,0.000000,0.000000,0.000000,0.000000,0.000000,8.000000,-149.110000
1777586627.292320,0,0.000000,0.000000,0.000000,0.000000,0.000000,0.000000,0.000000,0.000000,8.000000,-149.100000
1777586627.292818,0,0.000000,0.000000,0.000000,0.000000,0.000000,0.000000,0.000000,0.000000,8.000000,-149.080000
1777586627.310157,0,0.000000,0.000000,0.000000,0.000000,0.000000,0.000000,0.000000,0.000000,8.000000,-149.080000
1777586627.310945,0,0.000000,0.000000,0.000000,0.000000,0.000000,0.000000,0.000000,0.000000,8.000000,-149.070000
1777586627.328038,0,0.000000,0.000000,0.000000,0.000000,0.000000,0.000000,0.000000,0.000000,8.000000,-149.050000
1777586627.328511,0,0.000000,0.000000,0.000000,0.000000,0.000000,0.000000,0.000000,0.000000,8.000000,-149.050000
1777586627.361090,0,0.000000,0.000000,0.000000,0.000000,0.000000,0.000000,0.000000,0.000000,8.000000,-149.030000
1777586627.361710,0,0.000000,0.000000,0.000000,0.000000,0.000000,0.000000,0.000000,0.000000,8.000000,-149.020000
1777586627.362431,0,0.000000,0.000000,0.000000,0.000000,0.000000,0.000000,0.000000,0.000000,8.000000,-149.020000
1777586627.362800,0,0.000000,0.000000,0.000000,0.000000,0.000000,0.000000,0.000000,0.000000,8.000000,-149.000000
1777586627.379273,0,0.000000,0.000000,0.000000,0.000000,0.000000,0.000000,0.000000,0.000000,8.000000,-149.000000
1777586627.396715,0,0.000000,0.000000,0.000000,0.000000,0.000000,0.000000,0.000000,0.000000,8.000000,-148.990000
1777586627.413357,0,0.000000,0.000000,0.000000,0.000000,0.000000,0.000000,0.000000,0.000000,8.000000,-148.970000
1777586627.413826,0,0.000000,0.000000,0.000000,0.000000,0.000000,0.000000,0.000000,0.000000,8.000000,-148.970000
1777586627.430639,0,0.000000,0.000000,0.000000,0.000000,0.000000,0.000000,0.000000,0.000000,8.000000,-148.960000
1777586627.431198,0,0.000000,0.000000,0.000000,0.000000,0.000000,0.000000,0.000000,0.000000,8.000000,-148.940000
1777586627.447871,0,0.000000,0.000000,0.000000,0.000000,0.000000,0.000000,0.000000,0.000000,8.000000,-148.940000
1777586627.448339,0,0.000000,0.000000,0.000000,0.000000,0.000000,0.000000,0.000000,0.000000,8.000000,-148.920000
1777586627.466139,0,0.000000,0.000000,0.000000,0.000000,0.000000,0.000000,0.000000,0.000000,8.000000,-148.910000
1777586627.484288,0,0.000000,0.000000,0.000000,0.000000,0.000000,0.000000,0.000000,0.000000,8.000000,-148.910000
1777586627.484795,0,0.000000,0.000000,0.000000,0.000000,0.000000,0.000000,0.000000,0.000000,8.000000,-148.890000
1777586627.502175,0,0.000000,0.000000,0.000000,0.000000,0.000000,0.000000,0.000000,0.000000,8.000000,-148.880000
1777586627.502641,0,0.000000,0.000000,0.000000,0.000000,0.000000,0.000000,0.000000,0.000000,8.000000,-148.880000
1777586627.519675,0,0.000000,0.000000,0.000000,0.000000,0.000000,0.000000,0.000000,0.000000,8.000000,-148.880000
1777586627.520476,0,0.000000,0.000000,0.000000,0.000000,0.000000,0.000000,0.000000,0.000000,8.000000,-148.860000
1777586627.537725,0,0.000000,0.000000,0.000000,0.000000,0.000000,0.000000,0.000000,0.000000,8.000000,-148.860000
1777586627.538193,0,0.000000,0.000000,0.000000,0.000000,0.000000,0.000000,0.000000,0.000000,8.000000,-148.850000
1777586627.555149,0,0.000000,0.000000,0.000000,0.000000,0.000000,0.000000,0.000000,0.000000,8.000000,-148.830000
1777586627.571851,0,0.000000,0.000000,0.000000,0.000000,0.000000,0.000000,0.000000,0.000000,8.000000,-148.830000
1777586627.572330,0,0.000000,0.000000,0.000000,0.000000,0.000000,0.000000,0.000000,0.000000,8.000000,-148.820000
1777586627.572824,0,0.000000,0.000000,0.000000,0.000000,0.000000,0.000000,0.000000,0.000000,8.000000,-148.800000
1777586627.589557,0,0.000000,0.000000,0.000000,0.000000,0.000000,0.000000,0.000000,0.000000,8.000000,-148.800000
1777586627.608062,0,0.000000,0.000000,0.000000,0.000000,0.000000,0.000000,0.000000,0.000000,8.000000,-148.780000
1777586627.626114,0,0.000000,0.000000,0.000000,0.000000,0.000000,0.000000,0.000000,0.000000,8.000000,-148.770000
1777586627.626581,0,0.000000,0.000000,0.000000,0.000000,0.000000,0.000000,0.000000,0.000000,8.000000,-148.770000
1777586627.627642,0,0.000000,0.000000,0.000000,0.000000,0.000000,0.000000,0.000000,0.000000,8.000000,-148.750000
1777586627.643942,0,0.000000,0.000000,0.000000,0.000000,0.000000,0.000000,0.000000,0.000000,8.000000,-148.750000
1777586627.662184,0,0.000000,0.000000,0.000000,0.000000,0.000000,0.000000,0.000000,0.000000,8.000000,-148.740000
1777586627.662825,0,0.000000,0.000000,0.000000,0.000000,0.000000,0.000000,0.000000,0.000000,8.000000,-148.720000
1777586627.679679,0,0.000000,0.000000,0.000000,0.000000,0.000000,0.000000,0.000000,0.000000,8.000000,-148.720000
1777586627.680165,0,0.000000,0.000000,0.000000,0.000000,0.000000,0.000000,0.000000,0.000000,8.000000,-148.710000
1777586627.696471,0,0.000000,0.000000,0.000000,0.000000,0.000000,0.000000,0.000000,0.000000,8.000000,-148.690000
1777586627.696951,0,0.000000,0.000000,0.000000,0.000000,0.000000,0.000000,0.000000,0.000000,8.000000,-148.690000
1777586627.714054,0,0.000000,0.000000,0.000000,0.000000,0.000000,0.000000,0.000000,0.000000,8.000000,-148.670000
1777586627.730657,0,0.000000,0.000000,0.000000,0.000000,0.000000,0.000000,0.000000,0.000000,8.000000,-148.660000
1777586627.731117,0,0.000000,0.000000,0.000000,0.000000,0.000000,0.000000,0.000000,0.000000,8.000000,-148.660000
1777586627.731491,0,0.000000,0.000000,0.000000,0.000000,0.000000,0.000000,0.000000,0.000000,8.000000,-148.640000
1777586627.748061,0,0.000000,0.000000,0.000000,0.000000,0.000000,0.000000,0.000000,0.000000,8.000000,-148.630000
1777586627.765407,0,0.000000,0.000000,0.000000,0.000000,0.000000,0.000000,0.000000,0.000000,8.000000,-148.630000
1777586627.781767,0,0.000000,0.000000,0.000000,0.000000,0.000000,0.000000,0.000000,0.000000,8.000000,-148.610000
1777586627.782416,0,0.000000,0.000000,0.000000,0.000000,0.000000,0.000000,0.000000,0.000000,8.000000,-148.610000
1777586627.783136,0,0.000000,0.000000,0.000000,0.000000,0.000000,0.000000,0.000000,0.000000,8.000000,-148.600000
1777586627.798864,0,0.000000,0.000000,0.000000,0.000000,0.000000,0.000000,0.000000,0.000000,8.000000,-148.580000
1777586627.814603,0,0.000000,0.000000,0.000000,0.000000,0.000000,0.000000,0.000000,0.000000,8.000000,-148.580000
1777586627.815065,0,0.000000,0.000000,0.000000,0.000000,0.000000,0.000000,0.000000,0.000000,8.000000,-148.570000
1777586627.831241,0,0.000000,0.000000,0.000000,0.000000,0.000000,0.000000,0.000000,0.000000,8.000000,-148.550000
1777586627.846494,0,0.000000,0.000000,0.000000,0.000000,0.000000,0.000000,0.000000,0.000000,8.000000,-148.550000
1777586627.846969,0,0.000000,0.000000,0.000000,0.000000,0.000000,0.000000,0.000000,0.000000,8.000000,-148.530000
1777586627.876470,0,0.000000,0.000000,0.000000,0.000000,0.000000,0.000000,0.000000,0.000000,8.000000,-148.520000
1777586627.876965,0,0.000000,0.000000,0.000000,0.000000,0.000000,0.000000,0.000000,0.000000,8.000000,-148.520000
1777586627.877552,0,0.000000,0.000000,0.000000,0.000000,0.000000,0.000000,0.000000,0.000000,8.000000,-148.500000
1777586627.877940,0,0.000000,0.000000,0.000000,0.000000,0.000000,0.000000,0.000000,0.000000,8.000000,-148.500000
1777586627.894207,0,0.000000,0.000000,0.000000,0.000000,0.000000,0.000000,0.000000,0.000000,8.000000,-148.490000
1777586627.911158,0,0.000000,0.000000,0.000000,0.000000,0.000000,0.000000,0.000000,0.000000,8.000000,-148.470000
1777586627.927663,0,0.000000,0.000000,0.000000,0.000000,0.000000,0.000000,0.000000,0.000000,8.000000,-148.470000
1777586627.928142,0,0.000000,0.000000,0.000000,0.000000,0.000000,0.000000,0.000000,0.000000,8.000000,-148.460000
1777586627.944308,0,0.000000,0.000000,0.000000,0.000000,0.000000,0.000000,0.000000,0.000000,8.000000,-148.440000
1777586627.961010,0,0.000000,0.000000,0.000000,0.000000,0.000000,0.000000,0.000000,0.000000,8.000000,-148.440000
1777586627.961479,0,0.000000,0.000000,0.000000,0.000000,0.000000,0.000000,0.000000,0.000000,8.000000,-148.420000
1777586627.977300,0,0.000000,0.000000,0.000000,0.000000,0.000000,0.000000,0.000000,0.000000,8.000000,-148.410000
1777586627.977769,0,0.000000,0.000000,0.000000,0.000000,0.000000,0.000000,0.000000,0.000000,8.000000,-148.410000
1777586627.994255,0,0.000000,0.000000,0.000000,0.000000,0.000000,0.000000,0.000000,0.000000,8.000000,-148.390000
1777586628.011671,0,0.000000,0.000000,0.000000,0.000000,0.000000,0.000000,0.000000,0.000000,8.000000,-148.380000
1777586628.012154,0,0.000000,0.000000,0.000000,0.000000,0.000000,0.000000,0.000000,0.000000,8.000000,-148.380000
1777586628.028781,0,0.000000,0.000000,0.000000,0.000000,0.000000,0.000000,0.000000,0.000000,8.000000,-148.360000
1777586628.029516,0,0.000000,0.000000,0.000000,0.000000,0.000000,0.000000,0.000000,0.000000,8.000000,-148.360000
1777586628.047345,0,0.000000,0.000000,0.000000,0.000000,0.000000,0.000000,0.000000,0.000000,8.000000,-148.350000
1777586628.048072,0,0.000000,0.000000,0.000000,0.000000,0.000000,0.000000,0.000000,0.000000,8.000000,-148.330000
1777586628.065048,0,0.000000,0.000000,0.000000,0.000000,0.000000,0.000000,0.000000,0.000000,8.000000,-148.330000
1777586628.065521,0,0.000000,0.000000,0.000000,0.000000,0.000000,0.000000,0.000000,0.000000,8.000000,-148.320000
1777586628.082836,0,0.000000,0.000000,0.000000,0.000000,0.000000,0.000000,0.000000,0.000000,8.000000,-148.300000
1777586628.083509,0,0.000000,0.000000,0.000000,0.000000,0.000000,0.000000,0.000000,0.000000,8.000000,-148.300000
1777586628.099406,0,0.000000,0.000000,0.000000,0.000000,0.000000,0.000000,0.000000,0.000000,8.000000,-148.280000
1777586628.099885,0,0.000000,0.000000,0.000000,0.000000,0.000000,0.000000,0.000000,0.000000,8.000000,-148.270000
1777586628.117674,0,0.000000,0.000000,0.000000,0.000000,0.000000,0.000000,0.000000,0.000000,8.000000,-148.270000
1777586628.134399,0,0.000000,0.000000,0.000000,0.000000,0.000000,0.000000,0.000000,0.000000,8.000000,-148.250000
1777586628.135072,0,0.000000,0.000000,0.000000,0.000000,0.000000,0.000000,0.000000,0.000000,8.000000,-148.250000
1777586628.151822,0,0.000000,0.000000,0.000000,0.000000,0.000000,0.000000,0.000000,0.000000,8.000000,-148.240000
1777586628.152298,0,0.000000,0.000000,0.000000,0.000000,0.000000,0.000000,0.000000,0.000000,8.000000,-148.220000
1777586628.168420,0,0.000000,0.000000,0.000000,0.000000,0.000000,0.000000,0.000000,0.000000,8.000000,-148.220000
1777586628.185489,0,0.000000,0.000000,0.000000,0.000000,0.000000,0.000000,0.000000,0.000000,8.000000,-148.210000
1777586628.202523,0,0.000000,0.000000,0.000000,0.000000,0.000000,0.000000,0.000000,0.000000,8.000000,-148.190000
1777586628.203006,0,0.000000,0.000000,0.000000,0.000000,0.000000,0.000000,0.000000,0.000000,8.000000,-148.190000
1777586628.203537,0,0.000000,0.000000,0.000000,0.000000,0.000000,0.000000,0.000000,0.000000,8.000000,-148.170000
1777586628.219777,0,0.000000,0.000000,0.000000,0.000000,0.000000,0.000000,0.000000,0.000000,8.000000,-148.160000
1777586628.220248,0,0.000000,0.000000,0.000000,0.000000,0.000000,0.000000,0.000000,0.000000,8.000000,-148.160000
1777586628.249566,0,0.000000,0.000000,0.000000,0.000000,0.000000,0.000000,0.000000,0.000000,8.000000,-148.140000
1777586628.250123,0,0.000000,0.000000,0.000000,0.000000,0.000000,0.000000,0.000000,0.000000,8.000000,-148.130000
1777586628.250683,0,0.000000,0.000000,0.000000,0.000000,0.000000,0.000000,0.000000,0.000000,8.000000,-148.130000
1777586628.251061,0,0.000000,0.000000,0.000000,0.000000,0.000000,0.000000,0.000000,0.000000,8.000000,-148.110000
1777586628.279500,0,0.000000,0.000000,0.000000,0.000000,0.000000,0.000000,0.000000,0.000000,8.000000,-148.110000
1777586628.279975,0,0.000000,0.000000,0.000000,0.000000,0.000000,0.000000,0.000000,0.000000,8.000000,-148.100000
1777586628.280574,0,0.000000,0.000000,0.000000,0.000000,0.000000,0.000000,0.000000,0.000000,8.000000,-148.080000
1777586628.309989,0,0.000000,0.000000,0.000000,0.000000,0.000000,0.000000,0.000000,0.000000,8.000000,-148.080000
1777586628.310543,0,0.000000,0.000000,0.000000,0.000000,0.000000,0.000000,0.000000,0.000000,8.000000,-148.070000
1777586628.311096,0,0.000000,0.000000,0.000000,0.000000,0.000000,0.000000,0.000000,0.000000,8.000000,-148.050000
1777586628.340391,0,0.000000,0.000000,0.000000,0.000000,0.000000,0.000000,0.000000,0.000000,8.000000,-148.050000
1777586628.341073,0,0.000000,0.000000,0.000000,0.000000,0.000000,0.000000,0.000000,0.000000,8.000000,-148.030000
1777586628.341455,0,0.000000,0.000000,0.000000,0.000000,0.000000,0.000000,0.000000,0.000000,8.000000,-148.020000
1777586628.370429,0,0.000000,0.000000,0.000000,0.000000,0.000000,0.000000,0.000000,0.000000,8.000000,-148.020000
1777586628.370907,0,0.000000,0.000000,0.000000,0.000000,0.000000,0.000000,0.000000,0.000000,8.000000,-148.000000
1777586628.371497,0,0.000000,0.000000,0.000000,0.000000,0.000000,0.000000,0.000000,0.000000,8.000000,-148.000000
1777586628.399517,0,0.000000,0.000000,0.000000,0.000000,0.000000,0.000000,0.000000,0.000000,8.000000,-147.990000
1777586628.400010,0,0.000000,0.000000,0.000000,0.000000,0.000000,0.000000,0.000000,0.000000,8.000000,-147.970000
1777586628.400567,0,0.000000,0.000000,0.000000,0.000000,0.000000,0.000000,0.000000,0.000000,8.000000,-147.970000
1777586628.400964,0,0.000000,0.000000,0.000000,0.000000,0.000000,0.000000,0.000000,0.000000,8.000000,-147.960000
1777586628.428453,0,0.000000,0.000000,0.000000,0.000000,0.000000,0.000000,0.000000,0.000000,8.000000,-147.940000
1777586628.428923,0,0.000000,0.000000,0.000000,0.000000,0.000000,0.000000,0.000000,0.000000,8.000000,-147.940000
1777586628.457428,0,0.000000,0.000000,0.000000,0.000000,0.000000,0.000000,0.000000,0.000000,8.000000,-147.920000
1777586628.457904,0,0.000000,0.000000,0.000000,0.000000,0.000000,0.000000,0.000000,0.000000,8.000000,-147.910000
1777586628.458441,0,0.000000,0.000000,0.000000,0.000000,0.000000,0.000000,0.000000,0.000000,8.000000,-147.910000
1777586628.486727,0,0.000000,0.000000,0.000000,0.000000,0.000000,0.000000,0.000000,0.000000,8.000000,-147.890000
1777586628.487460,0,0.000000,0.000000,0.000000,0.000000,0.000000,0.000000,0.000000,0.000000,8.000000,-147.880000
1777586628.503504,0,0.000000,0.000000,0.000000,0.000000,0.000000,0.000000,0.000000,0.000000,8.000000,-147.880000
1777586628.519247,0,0.000000,0.000000,0.000000,0.000000,0.000000,0.000000,0.000000,0.000000,8.000000,-147.860000
1777586628.519718,0,0.000000,0.000000,0.000000,0.000000,0.000000,0.000000,0.000000,0.000000,8.000000,-147.860000
1777586628.536691,0,0.000000,0.000000,0.000000,0.000000,0.000000,0.000000,0.000000,0.000000,8.000000,-147.850000
1777586628.553109,0,0.000000,0.000000,0.000000,0.000000,0.000000,0.000000,0.000000,0.000000,8.000000,-147.830000
1777586628.553580,0,0.000000,0.000000,0.000000,0.000000,0.000000,0.000000,0.000000,0.000000,8.000000,-147.830000
1777586628.569959,0,0.000000,0.000000,0.000000,0.000000,0.000000,0.000000,0.000000,0.000000,8.000000,-147.820000
1777586628.570588,0,0.000000,0.000000,0.000000,0.000000,0.000000,0.000000,0.000000,0.000000,8.000000,-147.800000
1777586628.586573,0,0.000000,0.000000,0.000000,0.000000,0.000000,0.000000,0.000000,0.000000,8.000000,-147.800000
1777586628.587089,0,0.000000,0.000000,0.000000,0.000000,0.000000,0.000000,0.000000,0.000000,8.000000,-147.780000
1777586628.603708,0,0.000000,0.000000,0.000000,0.000000,0.000000,0.000000,0.000000,0.000000,8.000000,-147.770000
1777586628.618761,0,0.000000,0.000000,0.000000,0.000000,0.000000,0.000000,0.000000,0.000000,8.000000,-147.770000
1777586628.619179,0,0.000000,0.000000,0.000000,0.000000,0.000000,0.000000,0.000000,0.000000,8.000000,-147.750000
1777586628.619645,0,0.000000,0.000000,0.000000,0.000000,0.000000,0.000000,0.000000,0.000000,8.000000,-147.750000
1777586628.627521,0,0.000000,0.000000,0.000000,0.000000,0.000000,0.000000,0.000000,0.000000,8.000000,-147.740000
1777586628.629766,0,0.000000,0.000000,0.000000,0.000000,0.000000,0.000000,0.000000,0.000000,8.000000,-147.720000
1777586628.645060,0,0.000000,0.000000,0.000000,0.000000,0.000000,0.000000,0.000000,0.000000,8.000000,-147.720000
1777586628.651834,0,0.000000,0.000000,0.000000,0.000000,0.000000,0.000000,0.000000,0.000000,8.000000,-147.710000
1777586628.652789,0,0.000000,0.000000,0.000000,0.000000,0.000000,0.000000,0.000000,0.000000,8.000000,-147.710000
1777586628.676177,0,0.000000,0.000000,0.000000,0.000000,0.000000,0.000000,0.000000,0.000000,8.000000,-147.690000
1777586628.690392,0,0.000000,0.000000,0.000000,0.000000,0.000000,0.000000,0.000000,0.000000,8.000000,-147.670000
1777586628.697053,0,0.000000,0.000000,0.000000,0.000000,0.000000,0.000000,0.000000,0.000000,8.000000,-147.670000
1777586628.704737,0,0.000000,0.000000,0.000000,0.000000,0.000000,0.000000,0.000000,0.000000,8.000000,-147.660000
1777586628.712100,0,0.000000,0.000000,0.000000,0.000000,0.000000,0.000000,0.000000,0.000000,8.000000,-147.640000
1777586628.719347,0,0.000000,0.000000,0.000000,0.000000,0.000000,0.000000,0.000000,0.000000,8.000000,-147.640000
1777586628.727205,0,0.000000,0.000000,0.000000,0.000000,0.000000,0.000000,0.000000,0.000000,8.000000,-147.630000
1777586628.742745,0,0.000000,0.000000,0.000000,0.000000,0.000000,0.000000,0.000000,0.000000,8.000000,-147.630000
1777586628.749637,0,0.000000,0.000000,0.000000,0.000000,0.000000,0.000000,0.000000,0.000000,8.000000,-147.610000
1777586628.772743,0,0.000000,0.000000,0.000000,0.000000,0.000000,0.000000,0.000000,0.000000,8.000000,-147.610000
1777586628.779518,0,0.000000,0.000000,0.000000,0.000000,0.000000,0.000000,0.000000,0.000000,8.000000,-147.580000
1777586628.787485,0,0.000000,0.000000,0.000000,0.000000,0.000000,0.000000,0.000000,0.000000,8.000000,-147.580000
1777586628.794766,0,0.000000,0.000000,0.000000,0.000000,0.000000,0.000000,0.000000,0.000000,8.000000,-147.570000
1777586628.802285,0,0.000000,0.000000,0.000000,0.000000,0.000000,0.000000,0.000000,0.000000,8.000000,-147.550000
1777586628.809501,0,0.000000,0.000000,0.000000,0.000000,0.000000,0.000000,0.000000,0.000000,8.000000,-147.550000
1777586628.825438,0,0.000000,0.000000,0.000000,0.000000,0.000000,0.000000,0.000000,0.000000,8.000000,-147.530000
1777586628.832536,0,0.000000,0.000000,0.000000,0.000000,0.000000,0.000000,0.000000,0.000000,8.000000,-147.520000
1777586628.839913,0,0.000000,0.000000,0.000000,0.000000,0.000000,0.000000,0.000000,0.000000,8.000000,-147.520000
1777586628.855366,0,0.000000,0.000000,0.000000,0.000000,0.000000,0.000000,0.000000,0.000000,8.000000,-147.520000
1777586628.861960,0,0.000000,0.000000,0.000000,0.000000,0.000000,0.000000,0.000000,0.000000,8.000000,-147.500000
1777586628.862981,0,0.000000,0.000000,0.000000,0.000000,0.000000,0.000000,0.000000,0.000000,8.000000,-147.500000
1777586628.884960,0,0.000000,0.000000,0.000000,0.000000,0.000000,0.000000,0.000000,0.000000,8.000000,-147.490000
1777586628.892001,0,0.000000,0.000000,0.000000,0.000000,0.000000,0.000000,0.000000,0.000000,8.000000,-147.470000
1777586628.900010,0,0.000000,0.000000,0.000000,0.000000,0.000000,0.000000,0.000000,0.000000,8.000000,-147.470000
1777586628.906973,0,0.000000,0.000000,0.000000,0.000000,0.000000,0.000000,0.000000,0.000000,8.000000,-147.460000
1777586628.922421,0,0.000000,0.000000,0.000000,0.000000,0.000000,0.000000,0.000000,0.000000,8.000000,-147.440000
1777586628.930796,0,0.000000,0.000000,0.000000,0.000000,0.000000,0.000000,0.000000,0.000000,8.000000,-147.440000
1777586628.937154,0,0.000000,0.000000,0.000000,0.000000,0.000000,0.000000,0.000000,0.000000,8.000000,-147.420000
1777586628.960330,0,0.000000,0.000000,0.000000,0.000000,0.000000,0.000000,0.000000,0.000000,8.000000,-147.410000
1777586628.967289,0,0.000000,0.000000,0.000000,0.000000,0.000000,0.000000,0.000000,0.000000,8.000000,-147.410000
1777586628.975142,0,0.000000,0.000000,0.000000,0.000000,0.000000,0.000000,0.000000,0.000000,8.000000,-147.390000
1777586628.983079,0,0.000000,0.000000,0.000000,0.000000,0.000000,0.000000,0.000000,0.000000,8.000000,-147.380000
1777586628.989839,0,0.000000,0.000000,0.000000,0.000000,0.000000,0.000000,0.000000,0.000000,8.000000,-147.380000
1777586628.997183,0,0.000000,0.000000,0.000000,0.000000,0.000000,0.000000,0.000000,0.000000,8.000000,-147.360000
1777586629.012865,0,0.000000,0.000000,0.000000,0.000000,0.000000,0.000000,0.000000,0.000000,8.000000,-147.360000
1777586629.019899,0,0.000000,0.000000,0.000000,0.000000,0.000000,0.000000,0.000000,0.000000,8.000000,-147.350000
1777586629.026934,0,0.000000,0.000000,0.000000,0.000000,0.000000,0.000000,0.000000,0.000000,8.000000,-147.330000
1777586629.050760,0,0.000000,0.000000,0.000000,0.000000,0.000000,0.000000,0.000000,0.000000,8.000000,-147.330000
1777586629.058639,0,0.000000,0.000000,0.000000,0.000000,0.000000,0.000000,0.000000,0.000000,8.000000,-147.320000
1777586629.064520,0,0.000000,0.000000,0.000000,0.000000,0.000000,0.000000,0.000000,0.000000,8.000000,-147.300000
1777586629.072085,0,0.000000,0.000000,0.000000,0.000000,0.000000,0.000000,0.000000,0.000000,8.000000,-147.280000
1777586629.079535,0,0.000000,0.000000,0.000000,0.000000,0.000000,0.000000,0.000000,0.000000,8.000000,-147.270000
1777586629.095157,0,0.000000,0.000000,0.000000,0.000000,0.000000,0.000000,0.000000,0.000000,8.000000,-147.270000
1777586629.102041,0,0.000000,0.000000,0.000000,0.000000,0.000000,0.000000,0.000000,0.000000,8.000000,-147.250000
1777586629.110154,0,0.000000,0.000000,0.000000,0.000000,0.000000,0.000000,0.000000,0.000000,8.000000,-147.250000
1777586629.133663,0,0.000000,0.000000,0.000000,0.000000,0.000000,0.000000,0.000000,0.000000,8.000000,-147.240000
1777586629.134097,0,0.000000,0.000000,0.000000,0.000000,0.000000,0.000000,0.000000,0.000000,8.000000,-147.220000
1777586629.139553,0,0.000000,0.000000,0.000000,0.000000,0.000000,0.000000,0.000000,0.000000,8.000000,-147.220000
1777586629.155237,0,0.000000,0.000000,0.000000,0.000000,0.000000,0.000000,0.000000,0.000000,8.000000,-147.210000
1777586629.169732,0,0.000000,0.000000,0.000000,0.000000,0.000000,0.000000,0.000000,0.000000,8.000000,-147.190000
1777586629.177252,0,0.000000,0.000000,0.000000,0.000000,0.000000,0.000000,0.000000,0.000000,8.000000,-147.190000
1777586629.185233,0,0.000000,0.000000,0.000000,0.000000,0.000000,0.000000,0.000000,0.000000,8.000000,-147.170000
1777586629.191935,0,0.000000,0.000000,0.000000,0.000000,0.000000,0.000000,0.000000,0.000000,8.000000,-147.160000
1777586629.199356,0,0.000000,0.000000,0.000000,0.000000,0.000000,0.000000,0.000000,0.000000,8.000000,-147.160000
1777586629.215136,0,0.000000,0.000000,0.000000,0.000000,0.000000,0.000000,0.000000,0.000000,8.000000,-147.140000
1777586629.222018,0,0.000000,0.000000,0.000000,0.000000,0.000000,0.000000,0.000000,0.000000,8.000000,-147.130000
1777586629.229717,0,0.000000,0.000000,0.000000,0.000000,0.000000,0.000000,0.000000,0.000000,8.000000,-147.130000
1777586629.245295,0,0.000000,0.000000,0.000000,0.000000,0.000000,0.000000,0.000000,0.000000,8.000000,-147.110000
1777586629.260407,0,0.000000,0.000000,0.000000,0.000000,0.000000,0.000000,0.000000,0.000000,8.000000,-147.110000
1777586629.267166,0,0.000000,0.000000,0.000000,0.000000,0.000000,0.000000,0.000000,0.000000,8.000000,-147.100000
1777586629.274651,0,0.000000,0.000000,0.000000,0.000000,0.000000,0.000000,0.000000,0.000000,8.000000,-147.080000
1777586629.282218,0,0.000000,0.000000,0.000000,0.000000,0.000000,0.000000,0.000000,0.000000,8.000000,-147.080000
1777586629.289571,0,0.000000,0.000000,0.000000,0.000000,0.000000,0.000000,0.000000,0.000000,8.000000,-147.070000
1777586629.304554,0,0.000000,0.000000,0.000000,0.000000,0.000000,0.000000,0.000000,0.000000,8.000000,-147.050000
1777586629.312098,0,0.000000,0.000000,0.000000,0.000000,0.000000,0.000000,0.000000,0.000000,8.000000,-147.050000
1777586629.319639,0,0.000000,0.000000,0.000000,0.000000,0.000000,0.000000,0.000000,0.000000,8.000000,-147.030000
1777586629.327081,0,0.000000,0.000000,0.000000,0.000000,0.000000,0.000000,0.000000,0.000000,8.000000,-147.020000
1777586629.342520,0,0.000000,0.000000,0.000000,0.000000,0.000000,0.000000,0.000000,0.000000,8.000000,-147.020000
1777586629.349804,0,0.000000,0.000000,0.000000,0.000000,0.000000,0.000000,0.000000,0.000000,8.000000,-147.020000
1777586629.365351,0,0.000000,0.000000,0.000000,0.000000,0.000000,0.000000,0.000000,0.000000,8.000000,-147.000000
1777586629.372255,0,0.000000,0.000000,0.000000,0.000000,0.000000,0.000000,0.000000,0.000000,8.000000,-146.990000
1777586629.379595,0,0.000000,0.000000,0.000000,0.000000,0.000000,0.000000,0.000000,0.000000,8.000000,-146.970000
1777586629.395115,0,0.000000,0.000000,0.000000,0.000000,0.000000,0.000000,0.000000,0.000000,8.000000,-146.970000
1777586629.409736,0,0.000000,0.000000,0.000000,0.000000,0.000000,0.000000,0.000000,0.000000,8.000000,-146.960000
1777586629.417343,0,0.000000,0.000000,0.000000,0.000000,0.000000,0.000000,0.000000,0.000000,8.000000,-146.940000
1777586629.424628,0,0.000000,0.000000,0.000000,0.000000,0.000000,0.000000,0.000000,0.000000,8.000000,-146.940000
1777586629.432088,0,0.000000,0.000000,0.000000,0.000000,0.000000,0.000000,0.000000,0.000000,8.000000,-146.920000
1777586629.439825,0,0.000000,0.000000,0.000000,0.000000,0.000000,0.000000,0.000000,0.000000,8.000000,-146.920000
1777586629.454573,0,0.000000,0.000000,0.000000,0.000000,0.000000,0.000000,0.000000,0.000000,8.000000,-146.910000
1777586629.462060,0,0.000000,0.000000,0.000000,0.000000,0.000000,0.000000,0.000000,0.000000,8.000000,-146.910000
1777586629.471581,0,0.000000,0.000000,0.000000,0.000000,0.000000,0.000000,0.000000,0.000000,8.000000,-146.890000
1777586629.477672,0,0.000000,0.000000,0.000000,0.000000,0.000000,0.000000,0.000000,0.000000,8.000000,-146.880000
1777586629.492677,0,0.000000,0.000000,0.000000,0.000000,0.000000,0.000000,0.000000,0.000000,8.000000,-146.880000
1777586629.499676,0,0.000000,0.000000,0.000000,0.000000,0.000000,0.000000,0.000000,0.000000,8.000000,-146.860000
1777586629.506946,0,0.000000,0.000000,0.000000,0.000000,0.000000,0.000000,0.000000,0.000000,8.000000,-146.860000
1777586629.521994,0,0.000000,0.000000,0.000000,0.000000,0.000000,0.000000,0.000000,0.000000,8.000000,-146.850000
1777586629.529824,0,0.000000,0.000000,0.000000,0.000000,0.000000,0.000000,0.000000,0.000000,8.000000,-146.830000
1777586629.536932,0,0.000000,0.000000,0.000000,0.000000,0.000000,0.000000,0.000000,0.000000,8.000000,-146.830000
1777586629.559849,0,0.000000,0.000000,0.000000,0.000000,0.000000,0.000000,0.000000,0.000000,8.000000,-146.820000
1777586629.561351,0,0.000000,0.000000,0.000000,0.000000,0.000000,0.000000,0.000000,0.000000,8.000000,-146.800000
1777586629.567240,0,0.000000,0.000000,0.000000,0.000000,0.000000,0.000000,0.000000,0.000000,8.000000,-146.800000
1777586629.575013,0,0.000000,0.000000,0.000000,0.000000,0.000000,0.000000,0.000000,0.000000,8.000000,-146.780000
1777586629.597344,0,0.000000,0.000000,0.000000,0.000000,0.000000,0.000000,0.000000,0.000000,8.000000,-146.770000
1777586629.604486,0,0.000000,0.000000,0.000000,0.000000,0.000000,0.000000,0.000000,0.000000,8.000000,-146.770000
1777586629.612017,0,0.000000,0.000000,0.000000,0.000000,0.000000,0.000000,0.000000,0.000000,8.000000,-146.750000
1777586629.619501,0,0.000000,0.000000,0.000000,0.000000,0.000000,0.000000,0.000000,0.000000,8.000000,-146.750000
1777586629.627107,0,0.000000,0.000000,0.000000,0.000000,0.000000,0.000000,0.000000,0.000000,8.000000,-146.740000
1777586629.642047,0,0.000000,0.000000,0.000000,0.000000,0.000000,0.000000,0.000000,0.000000,8.000000,-146.720000
1777586629.650261,0,0.000000,0.000000,0.000000,0.000000,0.000000,0.000000,0.000000,0.000000,8.000000,-146.720000
1777586629.657289,0,0.000000,0.000000,0.000000,0.000000,0.000000,0.000000,0.000000,0.000000,8.000000,-146.710000
1777586629.672236,0,0.000000,0.000000,0.000000,0.000000,0.000000,0.000000,0.000000,0.000000,8.000000,-146.690000
1777586629.687344,0,0.000000,0.000000,0.000000,0.000000,0.000000,0.000000,0.000000,0.000000,8.000000,-146.690000
1777586629.694484,0,0.000000,0.000000,0.000000,0.000000,0.000000,0.000000,0.000000,0.000000,8.000000,-146.670000
1777586629.702342,0,0.000000,0.000000,0.000000,0.000000,0.000000,0.000000,0.000000,0.000000,8.000000,-146.660000
1777586629.709584,0,0.000000,0.000000,0.000000,0.000000,0.000000,0.000000,0.000000,0.000000,8.000000,-146.660000
1777586629.724550,0,0.000000,0.000000,0.000000,0.000000,0.000000,0.000000,0.000000,0.000000,8.000000,-146.640000
1777586629.732366,0,0.000000,0.000000,0.000000,0.000000,0.000000,0.000000,0.000000,0.000000,8.000000,-146.630000
1777586629.739761,0,0.000000,0.000000,0.000000,0.000000,0.000000,0.000000,0.000000,0.000000,8.000000,-146.630000
1777586629.747087,0,0.000000,0.000000,0.000000,0.000000,0.000000,0.000000,0.000000,0.000000,8.000000,-146.610000
1777586629.754632,0,0.000000,0.000000,0.000000,0.000000,0.000000,0.000000,0.000000,0.000000,8.000000,-146.610000
1777586629.777153,0,0.000000,0.000000,0.000000,0.000000,0.000000,0.000000,0.000000,0.000000,8.000000,-146.600000
1777586629.778008,0,0.000000,0.000000,0.000000,0.000000,0.000000,0.000000,0.000000,0.000000,8.000000,-146.580000
1777586629.792580,0,0.000000,0.000000,0.000000,0.000000,0.000000,0.000000,0.000000,0.000000,8.000000,-146.580000
1777586629.799225,0,0.000000,0.000000,0.000000,0.000000,0.000000,0.000000,0.000000,0.000000,8.000000,-146.570000
1777586629.800267,0,0.000000,0.000000,0.000000,0.000000,0.000000,0.000000,0.000000,0.000000,8.000000,-146.550000
1777586629.822071,0,0.000000,0.000000,0.000000,0.000000,0.000000,0.000000,0.000000,0.000000,8.000000,-146.550000
1777586629.829335,0,0.000000,0.000000,0.000000,0.000000,0.000000,0.000000,0.000000,0.000000,8.000000,-146.530000
1777586629.836993,0,0.000000,0.000000,0.000000,0.000000,0.000000,0.000000,0.000000,0.000000,8.000000,-146.520000
1777586629.852237,0,0.000000,0.000000,0.000000,0.000000,0.000000,0.000000,0.000000,0.000000,8.000000,-146.520000
1777586629.859630,0,0.000000,0.000000,0.000000,0.000000,0.000000,0.000000,0.000000,0.000000,8.000000,-146.500000
1777586629.867225,0,0.000000,0.000000,0.000000,0.000000,0.000000,0.000000,0.000000,0.000000,8.000000,-146.500000
1777586629.875108,0,0.000000,0.000000,0.000000,0.000000,0.000000,0.000000,0.000000,0.000000,8.000000,-146.490000
1777586629.896836,0,0.000000,0.000000,0.000000,0.000000,0.000000,0.000000,0.000000,0.000000,8.000000,-146.470000
1777586629.898011,0,0.000000,0.000000,0.000000,0.000000,0.000000,0.000000,0.000000,0.000000,8.000000,-146.470000
1777586629.904726,0,0.000000,0.000000,0.000000,0.000000,0.000000,0.000000,0.000000,0.000000,8.000000,-146.460000
1777586629.920160,0,0.000000,0.000000,0.000000,0.000000,0.000000,0.000000,0.000000,0.000000,8.000000,-146.440000
1777586629.927380,0,0.000000,0.000000,0.000000,0.000000,0.000000,0.000000,0.000000,0.000000,8.000000,-146.440000
1777586629.941813,0,0.000000,0.000000,0.000000,0.000000,0.000000,0.000000,0.000000,0.000000,8.000000,-146.420000
1777586629.949794,0,0.000000,0.000000,0.000000,0.000000,0.000000,0.000000,0.000000,0.000000,8.000000,-146.410000
1777586629.957427,0,0.000000,0.000000,0.000000,0.000000,0.000000,0.000000,0.000000,0.000000,8.000000,-146.410000
1777586629.964698,0,0.000000,0.000000,0.000000,0.000000,0.000000,0.000000,0.000000,0.000000,8.000000,-146.390000
1777586629.972210,0,0.000000,0.000000,0.000000,0.000000,0.000000,0.000000,0.000000,0.000000,8.000000,-146.380000
1777586629.987075,0,0.000000,0.000000,0.000000,0.000000,0.000000,0.000000,0.000000,0.000000,8.000000,-146.380000
1777586629.994608,0,0.000000,0.000000,0.000000,0.000000,0.000000,0.000000,0.000000,0.000000,8.000000,-146.360000
1777586630.002101,0,0.000000,0.000000,0.000000,0.000000,0.000000,0.000000,0.000000,0.000000,8.000000,-146.360000
1777586630.024668,0,0.000000,0.000000,0.000000,0.000000,0.000000,0.000000,0.000000,0.000000,8.000000,-146.350000
1777586630.032475,0,0.000000,0.000000,0.000000,0.000000,0.000000,0.000000,0.000000,0.000000,8.000000,-146.330000
1777586630.039434,0,0.000000,0.000000,0.000000,0.000000,0.000000,0.000000,0.000000,0.000000,8.000000,-146.330000
1777586630.054969,0,0.000000,0.000000,0.000000,0.000000,0.000000,0.000000,0.000000,0.000000,8.000000,-146.320000
1777586630.062086,0,0.000000,0.000000,0.000000,0.000000,0.000000,0.000000,0.000000,0.000000,8.000000,-146.300000
1777586630.069570,0,0.000000,0.000000,0.000000,0.000000,0.000000,0.000000,0.000000,0.000000,8.000000,-146.300000
1777586630.077183,0,0.000000,0.000000,0.000000,0.000000,0.000000,0.000000,0.000000,0.000000,8.000000,-146.280000
1777586630.084638,0,0.000000,0.000000,0.000000,0.000000,0.000000,0.000000,0.000000,0.000000,8.000000,-146.270000
1777586630.092484,0,0.000000,0.000000,0.000000,0.000000,0.000000,0.000000,0.000000,0.000000,8.000000,-146.270000
1777586630.107208,0,0.000000,0.000000,0.000000,0.000000,0.000000,0.000000,0.000000,0.000000,8.000000,-146.250000
1777586630.115017,0,0.000000,0.000000,0.000000,0.000000,0.000000,0.000000,0.000000,0.000000,8.000000,-146.250000
1777586630.122288,0,0.000000,0.000000,0.000000,0.000000,0.000000,0.000000,0.000000,0.000000,8.000000,-146.240000
1777586630.143698,0,0.000000,0.000000,0.000000,0.000000,0.000000,0.000000,0.000000,0.000000,8.000000,-146.220000
1777586630.144745,0,0.000000,0.000000,0.000000,0.000000,0.000000,0.000000,0.000000,0.000000,8.000000,-146.220000
1777586630.152297,0,0.000000,0.000000,0.000000,0.000000,0.000000,0.000000,0.000000,0.000000,8.000000,-146.210000
1777586630.171623,0,0.000000,0.000000,0.000000,0.000000,0.000000,0.000000,0.000000,0.000000,8.000000,-146.190000
1777586630.174762,0,0.000000,0.000000,0.000000,0.000000,0.000000,0.000000,0.000000,0.000000,8.000000,-146.190000
1777586630.182074,0,0.000000,0.000000,0.000000,0.000000,0.000000,0.000000,0.000000,0.000000,8.000000,-146.170000
1777586630.197435,0,0.000000,0.000000,0.000000,0.000000,0.000000,0.000000,0.000000,0.000000,8.000000,-146.160000
1777586630.204604,0,0.000000,0.000000,0.000000,0.000000,0.000000,0.000000,0.000000,0.000000,8.000000,-146.160000
1777586630.219673,0,0.000000,0.000000,0.000000,0.000000,0.000000,0.000000,0.000000,0.000000,8.000000,-146.140000
1777586630.227155,0,0.000000,0.000000,0.000000,0.000000,0.000000,0.000000,0.000000,0.000000,8.000000,-146.130000
1777586630.234684,0,0.000000,0.000000,0.000000,0.000000,0.000000,0.000000,0.000000,0.000000,8.000000,-146.130000
1777586630.249717,0,0.000000,0.000000,0.000000,0.000000,0.000000,0.000000,0.000000,0.000000,8.000000,-146.110000
1777586630.257430,0,0.000000,0.000000,0.000000,0.000000,0.000000,0.000000,0.000000,0.000000,8.000000,-146.110000
1777586630.264389,0,0.000000,0.000000,0.000000,0.000000,0.000000,0.000000,0.000000,0.000000,8.000000,-146.100000
1777586630.272002,0,0.000000,0.000000,0.000000,0.000000,0.000000,0.000000,0.000000,0.000000,8.000000,-146.080000
1777586630.294538,0,0.000000,0.000000,0.000000,0.000000,0.000000,0.000000,0.000000,0.000000,8.000000,-146.080000
1777586630.301849,0,0.000000,0.000000,0.000000,0.000000,0.000000,0.000000,0.000000,0.000000,8.000000,-146.070000
1777586630.309678,0,0.000000,0.000000,0.000000,0.000000,0.000000,0.000000,0.000000,0.000000,8.000000,-146.050000
1777586630.317003,0,0.000000,0.000000,0.000000,0.000000,0.000000,0.000000,0.000000,0.000000,8.000000,-146.050000
1777586630.324650,0,0.000000,0.000000,0.000000,0.000000,0.000000,0.000000,0.000000,0.000000,8.000000,-146.030000
1777586630.331903,0,0.000000,0.000000,0.000000,0.000000,0.000000,0.000000,0.000000,0.000000,8.000000,-146.020000
1777586630.347293,0,0.000000,0.000000,0.000000,0.000000,0.000000,0.000000,0.000000,0.000000,8.000000,-146.020000
1777586630.361839,0,0.000000,0.000000,0.000000,0.000000,0.000000,0.000000,0.000000,0.000000,8.000000,-146.000000
1777586630.369570,0,0.000000,0.000000,0.000000,0.000000,0.000000,0.000000,0.000000,0.000000,8.000000,-146.000000
1777586630.377300,0,0.000000,0.000000,0.000000,0.000000,0.000000,0.000000,0.000000,0.000000,8.000000,-145.990000
1777586630.384440,0,0.000000,0.000000,0.000000,0.000000,0.000000,0.000000,0.000000,0.000000,8.000000,-145.970000
1777586630.391873,0,0.000000,0.000000,0.000000,0.000000,0.000000,0.000000,0.000000,0.000000,8.000000,-145.970000
1777586630.415748,0,0.000000,0.000000,0.000000,0.000000,0.000000,0.000000,0.000000,0.000000,8.000000,-145.960000
1777586630.422164,0,0.000000,0.000000,0.000000,0.000000,0.000000,0.000000,0.000000,0.000000,8.000000,-145.940000
1777586630.429967,0,0.000000,0.000000,0.000000,0.000000,0.000000,0.000000,0.000000,0.000000,8.000000,-145.940000
1777586630.437366,0,0.000000,0.000000,0.000000,0.000000,0.000000,0.000000,0.000000,0.000000,8.000000,-145.920000
1777586630.444644,0,0.000000,0.000000,0.000000,0.000000,0.000000,0.000000,0.000000,0.000000,8.000000,-145.910000
1777586630.452155,0,0.000000,0.000000,0.000000,0.000000,0.000000,0.000000,0.000000,0.000000,8.000000,-145.910000
1777586630.474906,0,0.000000,0.000000,0.000000,0.000000,0.000000,0.000000,0.000000,0.000000,8.000000,-145.890000
1777586630.481899,0,0.000000,0.000000,0.000000,0.000000,0.000000,0.000000,0.000000,0.000000,8.000000,-145.880000
1777586630.490066,0,0.000000,0.000000,0.000000,0.000000,0.000000,0.000000,0.000000,0.000000,8.000000,-145.880000
1777586630.497474,0,0.000000,0.000000,0.000000,0.000000,0.000000,0.000000,0.000000,0.000000,8.000000,-145.860000
1777586630.512049,0,0.000000,0.000000,0.000000,0.000000,0.000000,0.000000,0.000000,0.000000,8.000000,-145.860000
1777586630.513049,0,0.000000,0.000000,0.000000,0.000000,0.000000,0.000000,0.000000,0.000000,8.000000,-145.850000
1777586630.527091,0,0.000000,0.000000,0.000000,0.000000,0.000000,0.000000,0.000000,0.000000,8.000000,-145.830000
1777586630.534729,0,0.000000,0.000000,0.000000,0.000000,0.000000,0.000000,0.000000,0.000000,8.000000,-145.830000
1777586630.550725,0,0.000000,0.000000,0.000000,0.000000,0.000000,0.000000,0.000000,0.000000,8.000000,-145.820000
1777586630.557456,0,0.000000,0.000000,0.000000,0.000000,0.000000,0.000000,0.000000,0.000000,8.000000,-145.800000
1777586630.565211,0,0.000000,0.000000,0.000000,0.000000,0.000000,0.000000,0.000000,0.000000,8.000000,-145.800000
1777586630.572191,0,0.000000,0.000000,0.000000,0.000000,0.000000,0.000000,0.000000,0.000000,8.000000,-145.780000
1777586630.595516,0,0.000000,0.000000,0.000000,0.000000,0.000000,0.000000,0.000000,0.000000,8.000000,-145.770000
1777586630.602168,0,0.000000,0.000000,0.000000,0.000000,0.000000,0.000000,0.000000,0.000000,8.000000,-145.770000
1777586630.609686,0,0.000000,0.000000,0.000000,0.000000,0.000000,0.000000,0.000000,0.000000,8.000000,-145.750000
1777586630.617187,0,0.000000,0.000000,0.000000,0.000000,0.000000,0.000000,0.000000,0.000000,8.000000,-145.750000
1777586630.624772,0,0.000000,0.000000,0.000000,0.000000,0.000000,0.000000,0.000000,0.000000,8.000000,-145.740000
1777586630.640154,0,0.000000,0.000000,0.000000,0.000000,0.000000,0.000000,0.000000,0.000000,8.000000,-145.720000
1777586630.647170,0,0.000000,0.000000,0.000000,0.000000,0.000000,0.000000,0.000000,0.000000,8.000000,-145.720000
1777586630.654789,0,0.000000,0.000000,0.000000,0.000000,0.000000,0.000000,0.000000,0.000000,8.000000,-145.710000
1777586630.661925,0,0.000000,0.000000,0.000000,0.000000,0.000000,0.000000,0.000000,0.000000,8.000000,-145.690000
1777586630.669558,0,0.000000,0.000000,0.000000,0.000000,0.000000,0.000000,0.000000,0.000000,8.000000,-145.690000
1777586630.692791,0,0.000000,0.000000,0.000000,0.000000,0.000000,0.000000,0.000000,0.000000,8.000000,-145.670000
1777586630.699589,0,0.000000,0.000000,0.000000,0.000000,0.000000,0.000000,0.000000,0.000000,8.000000,-145.660000
1777586630.715755,0,0.000000,0.000000,0.000000,0.000000,0.000000,0.000000,0.000000,0.000000,8.000000,-145.660000
1777586630.722009,0,0.000000,0.000000,0.000000,0.000000,0.000000,0.000000,0.000000,0.000000,8.000000,-145.640000
1777586630.729630,0,0.000000,0.000000,0.000000,0.000000,0.000000,0.000000,0.000000,0.000000,8.000000,-145.630000
1777586630.737250,0,0.000000,0.000000,0.000000,0.000000,0.000000,0.000000,0.000000,0.000000,8.000000,-145.630000
1777586630.744636,0,0.000000,0.000000,0.000000,0.000000,0.000000,0.000000,0.000000,0.000000,8.000000,-145.610000
1777586630.752087,0,0.000000,0.000000,0.000000,0.000000,0.000000,0.000000,0.000000,0.000000,8.000000,-145.610000
1777586630.759189,0,0.000000,0.000000,0.000000,0.000000,0.000000,0.000000,0.000000,0.000000,8.000000,-145.600000
1777586630.775378,0,0.000000,0.000000,0.000000,0.000000,0.000000,0.000000,0.000000,0.000000,8.000000,-145.580000
1777586630.782470,0,0.000000,0.000000,0.000000,0.000000,0.000000,0.000000,0.000000,0.000000,8.000000,-145.580000
1777586630.797766,0,0.000000,0.000000,0.000000,0.000000,0.000000,0.000000,0.000000,0.000000,8.000000,-145.570000
1777586630.798693,0,0.000000,0.000000,0.000000,0.000000,0.000000,0.000000,0.000000,0.000000,8.000000,-145.550000
1777586630.819947,0,0.000000,0.000000,0.000000,0.000000,0.000000,0.000000,0.000000,0.000000,8.000000,-145.550000
1777586630.826981,0,0.000000,0.000000,0.000000,0.000000,0.000000,0.000000,0.000000,0.000000,8.000000,-145.530000
1777586630.834539,0,0.000000,0.000000,0.000000,0.000000,0.000000,0.000000,0.000000,0.000000,8.000000,-145.520000
1777586630.842040,0,0.000000,0.000000,0.000000,0.000000,0.000000,0.000000,0.000000,0.000000,8.000000,-145.520000
1777586630.851017,0,0.000000,0.000000,0.000000,0.000000,0.000000,0.000000,0.000000,0.000000,8.000000,-145.500000
1777586630.880438,0,0.000000,0.000000,0.000000,0.000000,0.000000,0.000000,0.000000,0.000000,8.000000,-145.500000
1777586630.881426,0,0.000000,0.000000,0.000000,0.000000,0.000000,0.000000,0.000000,0.000000,8.000000,-145.490000
1777586630.887024,0,0.000000,0.000000,0.000000,0.000000,0.000000,0.000000,0.000000,0.000000,8.000000,-145.470000
1777586630.894355,0,0.000000,0.000000,0.000000,0.000000,0.000000,0.000000,0.000000,0.000000,8.000000,-145.470000
1777586630.910772,0,0.000000,0.000000,0.000000,0.000000,0.000000,0.000000,0.000000,0.000000,8.000000,-145.460000
1777586630.916891,0,0.000000,0.000000,0.000000,0.000000,0.000000,0.000000,0.000000,0.000000,8.000000,-145.440000
1777586630.924502,0,0.000000,0.000000,0.000000,0.000000,0.000000,0.000000,0.000000,0.000000,8.000000,-145.440000
1777586630.932063,0,0.000000,0.000000,0.000000,0.000000,0.000000,0.000000,0.000000,0.000000,8.000000,-145.420000
1777586630.948198,0,0.000000,0.000000,0.000000,0.000000,0.000000,0.000000,0.000000,0.000000,8.000000,-145.410000
1777586630.954636,0,0.000000,0.000000,0.000000,0.000000,0.000000,0.000000,0.000000,0.000000,8.000000,-145.410000
1777586630.962189,0,0.000000,0.000000,0.000000,0.000000,0.000000,0.000000,0.000000,0.000000,8.000000,-145.390000
1777586630.977895,0,0.000000,0.000000,0.000000,0.000000,0.000000,0.000000,0.000000,0.000000,8.000000,-145.380000
1777586630.984531,0,0.000000,0.000000,0.000000,0.000000,0.000000,0.000000,0.000000,0.000000,8.000000,-145.380000
1777586630.992276,0,0.000000,0.000000,0.000000,0.000000,0.000000,0.000000,0.000000,0.000000,8.000000,-145.360000
1777586631.003669,0,0.000000,0.000000,0.000000,0.000000,0.000000,0.000000,0.000000,0.000000,8.000000,-145.360000
1777586631.022245,0,0.000000,0.000000,0.000000,0.000000,0.000000,0.000000,0.000000,0.000000,8.000000,-145.350000
1777586631.029668,0,0.000000,0.000000,0.000000,0.000000,0.000000,0.000000,0.000000,0.000000,8.000000,-145.330000
1777586631.037066,0,0.000000,0.000000,0.000000,0.000000,0.000000,0.000000,0.000000,0.000000,8.000000,-145.330000
1777586631.044533,0,0.000000,0.000000,0.000000,0.000000,0.000000,0.000000,0.000000,0.000000,8.000000,-145.320000
1777586631.052016,0,0.000000,0.000000,0.000000,0.000000,0.000000,0.000000,0.000000,0.000000,8.000000,-145.300000
1777586631.059476,0,0.000000,0.000000,0.000000,0.000000,0.000000,0.000000,0.000000,0.000000,8.000000,-145.300000
1777586631.074739,0,0.000000,0.000000,0.000000,0.000000,0.000000,0.000000,0.000000,0.000000,8.000000,-145.280000
1777586631.081811,0,0.000000,0.000000,0.000000,0.000000,0.000000,0.000000,0.000000,0.000000,8.000000,-145.270000
1777586631.097763,0,0.000000,0.000000,0.000000,0.000000,0.000000,0.000000,0.000000,0.000000,8.000000,-145.270000
1777586631.108451,0,0.000000,0.000000,0.000000,0.000000,0.000000,0.000000,0.000000,0.000000,8.000000,-145.250000
1777586631.121142,0,0.000000,0.000000,0.000000,0.000000,0.000000,0.000000,0.000000,0.000000,8.000000,-145.250000
1777586631.126930,0,0.000000,0.000000,0.000000,0.000000,0.000000,0.000000,0.000000,0.000000,8.000000,-145.240000
1777586631.142571,0,0.000000,0.000000,0.000000,0.000000,0.000000,0.000000,0.000000,0.000000,8.000000,-145.220000
1777586631.149868,0,0.000000,0.000000,0.000000,0.000000,0.000000,0.000000,0.000000,0.000000,8.000000,-145.220000
1777586631.157073,0,0.000000,0.000000,0.000000,0.000000,0.000000,0.000000,0.000000,0.000000,8.000000,-145.210000
1777586631.164726,0,0.000000,0.000000,0.000000,0.000000,0.000000,0.000000,0.000000,0.000000,8.000000,-145.190000
1777586631.180347,0,0.000000,0.000000,0.000000,0.000000,0.000000,0.000000,0.000000,0.000000,8.000000,-145.190000
1777586631.187201,0,0.000000,0.000000,0.000000,0.000000,0.000000,0.000000,0.000000,0.000000,8.000000,-145.170000
1777586631.194553,0,0.000000,0.000000,0.000000,0.000000,0.000000,0.000000,0.000000,0.000000,8.000000,-145.160000
1777586631.202170,0,0.000000,0.000000,0.000000,0.000000,0.000000,0.000000,0.000000,0.000000,8.000000,-145.160000
1777586631.217645,0,0.000000,0.000000,0.000000,0.000000,0.000000,0.000000,0.000000,0.000000,8.000000,-145.140000
1777586631.224443,0,0.000000,0.000000,0.000000,0.000000,0.000000,0.000000,0.000000,0.000000,8.000000,-145.130000
1777586631.232844,0,0.000000,0.000000,0.000000,0.000000,0.000000,0.000000,0.000000,0.000000,8.000000,-145.130000
1777586631.247265,0,0.000000,0.000000,0.000000,0.000000,0.000000,0.000000,0.000000,0.000000,8.000000,-145.110000
1777586631.262650,0,0.000000,0.000000,0.000000,0.000000,0.000000,0.000000,0.000000,0.000000,8.000000,-145.110000
1777586631.269342,0,0.000000,0.000000,0.000000,0.000000,0.000000,0.000000,0.000000,0.000000,8.000000,-145.100000
1777586631.276995,0,0.000000,0.000000,0.000000,0.000000,0.000000,0.000000,0.000000,0.000000,8.000000,-145.080000
1777586631.292396,0,0.000000,0.000000,0.000000,0.000000,0.000000,0.000000,0.000000,0.000000,8.000000,-145.080000
1777586631.299746,0,0.000000,0.000000,0.000000,0.000000,0.000000,0.000000,0.000000,0.000000,8.000000,-145.070000
1777586631.300490,0,0.000000,0.000000,0.000000,0.000000,0.000000,0.000000,0.000000,0.000000,8.000000,-145.050000
1777586631.323036,0,0.000000,0.000000,0.000000,0.000000,0.000000,0.000000,0.000000,0.000000,8.000000,-145.050000
1777586631.329345,0,0.000000,0.000000,0.000000,0.000000,0.000000,0.000000,0.000000,0.000000,8.000000,-145.030000
1777586631.345225,0,0.000000,0.000000,0.000000,0.000000,0.000000,0.000000,0.000000,0.000000,8.000000,-145.020000
1777586631.352679,0,0.000000,0.000000,0.000000,0.000000,0.000000,0.000000,0.000000,0.000000,8.000000,-145.020000
1777586631.359484,0,0.000000,0.000000,0.000000,0.000000,0.000000,0.000000,0.000000,0.000000,8.000000,-145.000000
1777586631.367476,0,0.000000,0.000000,0.000000,0.000000,0.000000,0.000000,0.000000,0.000000,8.000000,-145.000000
1777586631.374719,0,0.000000,0.000000,0.000000,0.000000,0.000000,0.000000,0.000000,0.000000,8.000000,-144.990000
1777586631.397413,0,0.000000,0.000000,0.000000,0.000000,0.000000,0.000000,0.000000,0.000000,8.000000,-144.970000
1777586631.398508,0,0.000000,0.000000,0.000000,0.000000,0.000000,0.000000,0.000000,0.000000,8.000000,-144.970000
1777586631.413315,0,0.000000,0.000000,0.000000,0.000000,0.000000,0.000000,0.000000,0.000000,8.000000,-144.960000
1777586631.419692,0,0.000000,0.000000,0.000000,0.000000,0.000000,0.000000,0.000000,0.000000,8.000000,-144.940000
1777586631.427422,0,0.000000,0.000000,0.000000,0.000000,0.000000,0.000000,0.000000,0.000000,8.000000,-144.940000
1777586631.442980,0,0.000000,0.000000,0.000000,0.000000,0.000000,0.000000,0.000000,0.000000,8.000000,-144.920000
1777586631.449584,0,0.000000,0.000000,0.000000,0.000000,0.000000,0.000000,0.000000,0.000000,8.000000,-144.910000
1777586631.465153,0,0.000000,0.000000,0.000000,0.000000,0.000000,0.000000,0.000000,0.000000,8.000000,-144.910000
1777586631.472460,0,0.000000,0.000000,0.000000,0.000000,0.000000,0.000000,0.000000,0.000000,8.000000,-144.890000
1777586631.479444,0,0.000000,0.000000,0.000000,0.000000,0.000000,0.000000,0.000000,0.000000,8.000000,-144.880000
1777586631.487440,0,0.000000,0.000000,0.000000,0.000000,0.000000,0.000000,0.000000,0.000000,8.000000,-144.880000
1777586631.502543,0,0.000000,0.000000,0.000000,0.000000,0.000000,0.000000,0.000000,0.000000,8.000000,-144.860000
1777586631.509648,0,0.000000,0.000000,0.000000,0.000000,0.000000,0.000000,0.000000,0.000000,8.000000,-144.860000
1777586631.517057,0,0.000000,0.000000,0.000000,0.000000,0.000000,0.000000,0.000000,0.000000,8.000000,-144.850000
1777586631.524483,0,0.000000,0.000000,0.000000,0.000000,0.000000,0.000000,0.000000,0.000000,8.000000,-144.830000
1777586631.540002,0,0.000000,0.000000,0.000000,0.000000,0.000000,0.000000,0.000000,0.000000,8.000000,-144.830000
1777586631.547443,0,0.000000,0.000000,0.000000,0.000000,0.000000,0.000000,0.000000,0.000000,8.000000,-144.820000
1777586631.554636,0,0.000000,0.000000,0.000000,0.000000,0.000000,0.000000,0.000000,0.000000,8.000000,-144.800000
1777586631.574474,0,0.000000,0.000000,0.000000,0.000000,0.000000,0.000000,0.000000,0.000000,8.000000,-144.800000
1777586631.576954,0,0.000000,0.000000,0.000000,0.000000,0.000000,0.000000,0.000000,0.000000,8.000000,-144.780000
1777586631.584767,0,0.000000,0.000000,0.000000,0.000000,0.000000,0.000000,0.000000,0.000000,8.000000,-144.770000
1777586631.600357,0,0.000000,0.000000,0.000000,0.000000,0.000000,0.000000,0.000000,0.000000,8.000000,-144.770000
1777586631.616252,0,0.000000,0.000000,0.000000,0.000000,0.000000,0.000000,0.000000,0.000000,8.000000,-144.750000
1777586631.622219,0,0.000000,0.000000,0.000000,0.000000,0.000000,0.000000,0.000000,0.000000,8.000000,-144.750000
1777586631.629707,0,0.000000,0.000000,0.000000,0.000000,0.000000,0.000000,0.000000,0.000000,8.000000,-144.740000
1777586631.637002,0,0.000000,0.000000,0.000000,0.000000,0.000000,0.000000,0.000000,0.000000,8.000000,-144.720000
1777586631.644481,0,0.000000,0.000000,0.000000,0.000000,0.000000,0.000000,0.000000,0.000000,8.000000,-144.720000
1777586631.652859,0,0.000000,0.000000,0.000000,0.000000,0.000000,0.000000,0.000000,0.000000,8.000000,-144.710000
1777586631.687190,0,0.000000,0.000000,0.000000,0.000000,0.000000,0.000000,0.000000,0.000000,8.000000,-144.690000
1777586631.687631,0,0.000000,0.000000,0.000000,0.000000,0.000000,0.000000,0.000000,0.000000,8.000000,-144.690000
1777586631.714591,0,0.000000,0.000000,0.000000,0.000000,0.000000,0.000000,0.000000,0.000000,8.000000,-144.670000
1777586631.736970,0,0.000000,0.000000,0.000000,0.000000,0.000000,0.000000,0.000000,0.000000,8.000000,-144.660000
1777586631.737502,0,0.000000,0.000000,0.000000,0.000000,0.000000,0.000000,0.000000,0.000000,8.000000,-144.660000
1777586631.756455,0,0.000000,0.000000,0.000000,0.000000,0.000000,0.000000,0.000000,0.000000,8.000000,-144.640000
1777586631.756917,0,0.000000,0.000000,0.000000,0.000000,0.000000,0.000000,0.000000,0.000000,8.000000,-144.630000
1777586631.757342,0,0.000000,0.000000,0.000000,0.000000,0.000000,0.000000,0.000000,0.000000,8.000000,-144.630000
1777586631.775476,0,0.000000,0.000000,0.000000,0.000000,0.000000,0.000000,0.000000,0.000000,8.000000,-144.610000
1777586631.775952,0,0.000000,0.000000,0.000000,0.000000,0.000000,0.000000,0.000000,0.000000,8.000000,-144.610000
1777586631.792283,0,0.000000,0.000000,0.000000,0.000000,0.000000,0.000000,0.000000,0.000000,8.000000,-144.600000
1777586631.792760,0,0.000000,0.000000,0.000000,0.000000,0.000000,0.000000,0.000000,0.000000,8.000000,-144.580000
1777586631.809954,0,0.000000,0.000000,0.000000,0.000000,0.000000,0.000000,0.000000,0.000000,8.000000,-144.580000
1777586631.810577,0,5.000000,0.000000,5.000000,0.000000,0.000000,0.000000,0.000000,0.000000,8.000000,-144.570000
1777586631.828432,0,5.000000,0.000000,5.000000,0.000000,0.000000,0.000000,0.000000,0.000000,8.000000,-144.550000
1777586631.845508,0,5.000000,0.000000,5.000000,0.000000,0.000000,0.000000,0.000000,0.000000,8.000000,-144.550000
1777586631.845959,0,5.000000,0.000000,5.000000,0.000000,0.000000,0.000000,0.000000,0.000000,8.000000,-144.530000
1777586631.863446,0,5.000000,0.000000,5.000000,0.000000,0.000000,0.000000,0.000000,0.000000,8.000000,-144.520000
1777586631.864005,0,5.000000,0.000000,5.000000,0.000000,0.000000,0.000000,0.000000,0.000000,8.000000,-144.520000
1777586631.880749,0,5.000000,0.000000,5.000000,0.000000,0.000000,0.000000,0.000000,0.000000,8.000000,-144.500000
1777586631.881210,0,5.000000,0.000000,5.000000,0.000000,0.000000,0.000000,0.000000,0.000000,8.000000,-144.500000
1777586631.900880,0,5.000000,0.000000,5.000000,0.000000,0.000000,0.000000,0.000000,0.000000,8.000000,-144.490000
1777586631.918504,0,5.000000,0.000000,5.000000,0.000000,0.000000,0.000000,0.000000,0.000000,8.000000,-144.470000
1777586631.918976,0,5.000000,0.000000,5.000000,0.000000,0.000000,0.000000,0.000000,0.000000,8.000000,-144.470000
1777586631.919356,0,5.000000,0.000000,5.000000,0.000000,0.000000,0.000000,0.000000,0.000000,8.000000,-144.460000
1777586631.935503,0,5.000000,0.000000,5.000000,0.000000,0.000000,0.000000,0.000000,0.000000,8.000000,-144.440000
1777586631.935952,0,5.000000,0.000000,5.000000,0.000000,0.000000,0.000000,0.000000,0.000000,8.000000,-144.440000
1777586631.955931,0,5.000000,0.000000,5.000000,0.000000,0.000000,0.000000,0.000000,0.000000,8.000000,-144.420000
1777586631.975185,0,5.000000,0.000000,5.000000,0.000000,0.000000,0.000000,0.000000,0.000000,8.000000,-144.410000
1777586631.994434,0,5.000000,0.000000,5.000000,0.000000,0.000000,0.000000,0.000000,0.000000,8.000000,-144.410000
1777586631.994881,0,5.000000,0.000000,5.000000,0.000000,0.000000,0.000000,0.000000,0.000000,8.000000,-144.390000
1777586632.013332,0,5.000000,0.000000,5.000000,0.000000,0.000000,0.000000,0.000000,0.000000,8.000000,-144.380000
1777586632.013798,0,5.000000,0.000000,5.000000,0.000000,0.000000,0.000000,0.000000,0.000000,8.000000,-144.380000
1777586632.014188,0,5.000000,0.000000,5.000000,0.000000,0.000000,0.000000,0.000000,0.000000,8.000000,-144.360000
1777586632.015415,0,5.000000,0.000000,5.000000,0.000000,0.000000,0.000000,0.000000,0.000000,8.000000,-144.360000
1777586632.049138,0,5.000000,0.000000,5.000000,0.000000,0.000000,0.000000,0.000000,0.000000,8.000000,-144.350000
1777586632.049944,0,5.000000,0.000000,5.000000,0.000000,0.000000,0.000000,0.000000,0.000000,8.000000,-144.330000
1777586632.050526,0,5.000000,0.000000,5.000000,0.000000,0.000000,0.000000,0.000000,0.000000,8.000000,-144.330000
1777586632.052757,0,5.000000,0.000000,5.000000,0.000000,0.000000,0.000000,0.000000,0.000000,8.000000,-144.320000
1777586632.069688,0,5.000000,0.000000,5.000000,0.000000,0.000000,0.000000,0.000000,0.000000,8.000000,-144.300000
1777586632.088473,0,5.000000,0.000000,5.000000,0.000000,0.000000,0.000000,0.000000,0.000000,8.000000,-144.300000
1777586632.107736,0,5.000000,0.000000,5.000000,0.000000,0.000000,0.000000,0.000000,0.000000,8.000000,-144.280000
1777586632.108183,0,5.000000,0.000000,5.000000,0.000000,0.000000,0.000000,0.000000,0.000000,8.000000,-144.270000
1777586632.128209,0,5.000000,0.000000,5.000000,0.000000,0.000000,0.000000,0.000000,0.000000,8.000000,-144.270000
1777586632.128900,0,5.000000,0.000000,5.000000,0.000000,0.000000,0.000000,0.000000,0.000000,8.000000,-144.250000
1777586632.151314,0,5.000000,0.000000,5.000000,0.000000,0.000000,0.000000,0.000000,0.000000,8.000000,-144.250000
1777586632.151912,0,5.000000,0.000000,5.000000,0.000000,0.000000,0.000000,0.000000,0.000000,8.000000,-144.250000
1777586632.153156,0,5.000000,0.000000,5.000000,0.000000,0.000000,0.000000,0.000000,0.000000,8.000000,-144.240000
1777586632.172582,0,5.000000,0.000000,5.000000,0.000000,0.000000,0.000000,0.000000,0.000000,8.000000,-144.220000
1777586632.173052,0,5.000000,0.000000,5.000000,0.000000,0.000000,0.000000,0.000000,0.000000,8.000000,-144.220000
1777586632.191873,0,5.000000,0.000000,5.000000,0.000000,0.000000,0.000000,0.000000,0.000000,8.000000,-144.210000
1777586632.209243,0,5.000000,0.000000,5.000000,0.000000,0.000000,0.000000,0.000000,0.000000,8.000000,-144.190000
1777586632.209722,0,5.000000,0.000000,5.000000,0.000000,0.000000,0.000000,0.000000,0.000000,8.000000,-144.170000
1777586632.210185,0,5.000000,0.000000,5.000000,0.000000,0.000000,0.000000,0.000000,0.000000,8.000000,-144.170000
1777586632.227357,0,5.000000,0.000000,5.000000,0.000000,0.000000,0.000000,0.000000,0.000000,8.000000,-144.160000
1777586632.227832,0,5.000000,0.000000,5.000000,0.000000,0.000000,0.000000,0.000000,0.000000,8.000000,-144.160000
1777586632.244887,0,5.000000,0.000000,5.000000,0.000000,0.000000,0.000000,0.000000,0.000000,8.000000,-144.140000
1777586632.246191,0,5.000000,0.000000,5.000000,0.000000,0.000000,0.000000,0.000000,0.000000,8.000000,-144.130000
1777586632.262306,0,5.000000,0.000000,5.000000,0.000000,0.000000,0.000000,0.000000,0.000000,8.000000,-144.110000
1777586632.278697,0,5.000000,0.000000,5.000000,0.000000,0.000000,0.000000,0.000000,0.000000,8.000000,-144.110000
1777586632.279163,0,5.000000,0.000000,5.000000,0.000000,0.000000,0.000000,0.000000,0.000000,8.000000,-144.100000
1777586632.296178,0,5.000000,0.000000,5.000000,0.000000,0.000000,0.000000,0.000000,0.000000,8.000000,-144.080000
1777586632.313617,0,5.000000,0.000000,5.000000,0.000000,0.000000,0.000000,0.000000,0.000000,8.000000,-144.080000
1777586632.314082,0,5.000000,0.000000,5.000000,0.000000,0.000000,0.000000,0.000000,0.000000,8.000000,-144.070000
1777586632.330513,0,5.000000,0.000000,5.000000,0.000000,0.000000,0.000000,0.000000,0.000000,8.000000,-144.050000
1777586632.330996,0,5.000000,0.000000,5.000000,0.000000,0.000000,0.000000,0.000000,0.000000,8.000000,-144.050000
1777586632.350188,0,5.000000,0.000000,5.000000,0.000000,0.000000,0.000000,0.000000,0.000000,8.000000,-144.030000
1777586632.367418,0,5.000000,0.000000,5.000000,0.000000,0.000000,0.000000,0.000000,0.000000,8.000000,-144.030000
1777586632.367922,0,5.000000,0.000000,5.000000,0.000000,0.000000,0.000000,0.000000,0.000000,8.000000,-144.020000
1777586632.368388,0,5.000000,0.000000,5.000000,0.000000,0.000000,0.000000,0.000000,0.000000,8.000000,-144.000000
1777586632.385339,0,5.000000,0.000000,5.000000,0.000000,0.000000,0.000000,0.000000,0.000000,8.000000,-144.000000
1777586632.402552,0,5.000000,0.000000,5.000000,0.000000,0.000000,0.000000,0.000000,0.000000,8.000000,-143.990000
1777586632.403029,0,5.000000,0.000000,5.000000,0.000000,0.000000,0.000000,0.000000,0.000000,8.000000,-143.970000
1777586632.419829,0,5.000000,0.000000,5.000000,0.000000,0.000000,0.000000,0.000000,0.000000,8.000000,-143.970000
1777586632.420300,0,5.000000,0.000000,5.000000,0.000000,0.000000,0.000000,0.000000,0.000000,8.000000,-143.960000
1777586632.437628,0,5.000000,0.000000,5.000000,0.000000,0.000000,0.000000,0.000000,0.000000,8.000000,-143.940000
1777586632.454911,0,5.000000,0.000000,5.000000,0.000000,0.000000,0.000000,0.000000,0.000000,8.000000,-143.940000
1777586632.455387,0,5.000000,0.000000,5.000000,0.000000,0.000000,0.000000,0.000000,0.000000,8.000000,-143.920000
1777586632.473013,0,5.000000,0.000000,5.000000,0.000000,0.000000,0.000000,0.000000,0.000000,8.000000,-143.910000
1777586632.473482,0,5.000000,0.000000,5.000000,0.000000,0.000000,0.000000,0.000000,0.000000,8.000000,-143.910000
1777586632.490505,0,5.000000,0.000000,5.000000,0.000000,0.000000,0.000000,0.000000,0.000000,8.000000,-143.890000
1777586632.490974,0,5.000000,0.000000,5.000000,0.000000,0.000000,0.000000,0.000000,0.000000,8.000000,-143.880000
1777586632.507723,0,5.000000,0.000000,5.000000,0.000000,0.000000,0.000000,0.000000,0.000000,8.000000,-143.880000
1777586632.524073,0,5.000000,0.000000,5.000000,0.000000,0.000000,0.000000,0.000000,0.000000,8.000000,-143.860000
1777586632.524557,0,5.000000,0.000000,5.000000,0.000000,0.000000,0.000000,0.000000,0.000000,8.000000,-143.860000
1777586632.541235,0,5.000000,0.000000,5.000000,0.000000,0.000000,0.000000,0.000000,0.000000,8.000000,-143.850000
1777586632.557514,0,5.000000,0.000000,5.000000,0.000000,0.000000,0.000000,0.000000,0.000000,8.000000,-143.850000
1777586632.557997,0,5.000000,0.000000,5.000000,0.000000,0.000000,0.000000,0.000000,0.000000,8.000000,-143.830000
1777586632.574486,0,5.000000,0.000000,5.000000,0.000000,0.000000,0.000000,0.000000,0.000000,8.000000,-143.830000
1777586632.574959,0,5.000000,0.000000,5.000000,0.000000,0.000000,0.000000,0.000000,0.000000,8.000000,-143.820000
1777586632.575648,0,5.000000,0.000000,5.000000,0.000000,0.000000,0.000000,0.000000,0.000000,8.000000,-143.800000
1777586632.592490,0,5.000000,0.000000,5.000000,0.000000,0.000000,0.000000,0.000000,0.000000,8.000000,-143.800000
1777586632.593067,0,5.000000,0.000000,5.000000,0.000000,0.000000,0.000000,0.000000,0.000000,8.000000,-143.780000
1777586632.622239,0,5.000000,0.000000,5.000000,0.000000,0.000000,0.000000,0.000000,0.000000,8.000000,-143.770000
1777586632.622714,0,5.000000,0.000000,5.000000,0.000000,0.000000,0.000000,0.000000,0.000000,8.000000,-143.770000
1777586632.623262,0,5.000000,0.000000,5.000000,0.000000,0.000000,0.000000,0.000000,0.000000,8.000000,-143.750000
1777586632.623671,0,5.000000,0.000000,5.000000,0.000000,0.000000,0.000000,0.000000,0.000000,8.000000,-143.750000
1777586632.652067,0,5.000000,0.000000,5.000000,0.000000,0.000000,0.000000,0.000000,0.000000,8.000000,-143.740000
1777586632.652756,0,5.000000,0.000000,5.000000,0.000000,0.000000,0.000000,0.000000,0.000000,8.000000,-143.720000
1777586632.653287,0,5.000000,0.000000,5.000000,0.000000,0.000000,0.000000,0.000000,0.000000,8.000000,-143.720000
1777586632.653712,0,5.000000,0.000000,5.000000,0.000000,0.000000,0.000000,0.000000,0.000000,8.000000,-143.710000
1777586632.684800,0,5.000000,0.000000,5.000000,0.000000,0.000000,0.000000,0.000000,0.000000,8.000000,-143.690000
1777586632.685299,0,5.000000,0.000000,5.000000,0.000000,0.000000,0.000000,0.000000,0.000000,8.000000,-143.690000
1777586632.704269,0,5.000000,0.000000,5.000000,0.000000,0.000000,0.000000,0.000000,0.000000,8.000000,-143.670000
1777586632.721328,0,5.000000,0.000000,5.000000,0.000000,0.000000,0.000000,0.000000,0.000000,8.000000,-143.660000
1777586632.737735,0,5.000000,0.000000,5.000000,0.000000,0.000000,0.000000,0.000000,0.000000,8.000000,-143.660000
1777586632.738208,0,5.000000,0.000000,5.000000,0.000000,0.000000,0.000000,0.000000,0.000000,8.000000,-143.640000
1777586632.755979,0,5.000000,0.000000,5.000000,0.000000,0.000000,0.000000,0.000000,0.000000,8.000000,-143.630000
1777586632.756946,0,5.000000,0.000000,5.000000,0.000000,0.000000,0.000000,0.000000,0.000000,8.000000,-143.630000
1777586632.774305,0,5.000000,0.000000,5.000000,0.000000,0.000000,0.000000,0.000000,0.000000,8.000000,-143.610000
1777586632.774783,0,5.000000,0.000000,5.000000,0.000000,0.000000,0.000000,0.000000,0.000000,8.000000,-143.610000
1777586632.793949,0,5.000000,0.000000,5.000000,0.000000,0.000000,0.000000,0.000000,0.000000,8.000000,-143.600000
1777586632.811483,0,5.000000,0.000000,5.000000,0.000000,0.000000,0.000000,0.000000,0.000000,8.000000,-143.580000
1777586632.811962,0,5.000000,0.000000,5.000000,0.000000,0.000000,0.000000,0.000000,0.000000,8.000000,-143.580000
1777586632.828153,0,5.000000,0.000000,5.000000,0.000000,0.000000,0.000000,0.000000,0.000000,8.000000,-143.570000
1777586632.828621,0,5.000000,0.000000,5.000000,0.000000,0.000000,0.000000,0.000000,0.000000,8.000000,-143.550000
1777586632.845101,0,5.000000,0.000000,5.000000,0.000000,0.000000,0.000000,0.000000,0.000000,8.000000,-143.550000
1777586632.845686,0,5.000000,0.000000,5.000000,0.000000,0.000000,0.000000,0.000000,0.000000,8.000000,-143.530000
1777586632.861986,0,5.000000,0.000000,5.000000,0.000000,0.000000,0.000000,0.000000,0.000000,8.000000,-143.520000
1777586632.862468,0,5.000000,0.000000,5.000000,0.000000,0.000000,0.000000,0.000000,0.000000,8.000000,-143.520000
1777586632.879498,0,5.000000,0.000000,5.000000,0.000000,0.000000,0.000000,0.000000,0.000000,8.000000,-143.500000
1777586632.897385,0,5.000000,0.000000,5.000000,0.000000,0.000000,0.000000,0.000000,0.000000,8.000000,-143.500000
1777586632.913646,0,5.000000,0.000000,5.000000,0.000000,0.000000,0.000000,0.000000,0.000000,8.000000,-143.490000
1777586632.914113,0,5.000000,0.000000,5.000000,0.000000,0.000000,0.000000,0.000000,0.000000,8.000000,-143.470000
1777586632.914479,0,5.000000,0.000000,5.000000,0.000000,0.000000,0.000000,0.000000,0.000000,8.000000,-143.470000
1777586632.932064,0,5.000000,0.000000,5.000000,0.000000,0.000000,0.000000,0.000000,0.000000,8.000000,-143.460000
1777586632.949697,0,5.000000,0.000000,5.000000,0.000000,0.000000,0.000000,0.000000,0.000000,8.000000,-143.440000
1777586632.950185,0,5.000000,0.000000,5.000000,0.000000,0.000000,0.000000,0.000000,0.000000,8.000000,-143.440000
1777586632.967973,0,5.000000,0.000000,5.000000,0.000000,0.000000,0.000000,0.000000,0.000000,8.000000,-143.420000
1777586632.986850,0,5.000000,0.000000,5.000000,0.000000,0.000000,0.000000,0.000000,0.000000,8.000000,-143.410000
1777586632.987550,0,5.000000,0.000000,5.000000,0.000000,0.000000,0.000000,0.000000,0.000000,8.000000,-143.410000
1777586633.003855,0,5.000000,0.000000,5.000000,0.000000,0.000000,0.000000,0.000000,0.000000,8.000000,-143.390000
1777586633.004323,0,5.000000,0.000000,5.000000,0.000000,0.000000,0.000000,0.000000,0.000000,8.000000,-143.380000
1777586633.004793,0,5.000000,0.000000,5.000000,0.000000,0.000000,0.000000,0.000000,0.000000,8.000000,-143.380000
1777586633.021628,0,5.000000,0.000000,5.000000,0.000000,0.000000,0.000000,0.000000,0.000000,8.000000,-143.360000
1777586633.037740,0,5.000000,0.000000,5.000000,0.000000,0.000000,0.000000,0.000000,0.000000,8.000000,-143.360000
1777586633.038208,0,5.000000,0.000000,5.000000,0.000000,0.000000,0.000000,0.000000,0.000000,8.000000,-143.350000
1777586633.055108,0,5.000000,0.000000,5.000000,0.000000,0.000000,0.000000,0.000000,0.000000,8.000000,-143.330000
1777586633.055771,0,5.000000,0.000000,5.000000,0.000000,0.000000,0.000000,0.000000,0.000000,8.000000,-143.330000
1777586633.072161,0,5.000000,0.000000,5.000000,0.000000,0.000000,0.000000,0.000000,0.000000,8.000000,-143.320000
1777586633.088274,0,5.000000,0.000000,5.000000,0.000000,0.000000,0.000000,0.000000,0.000000,8.000000,-143.300000
1777586633.088744,0,5.000000,0.000000,5.000000,0.000000,0.000000,0.000000,0.000000,0.000000,8.000000,-143.300000
1777586633.105352,0,5.000000,0.000000,5.000000,0.000000,0.000000,0.000000,0.000000,0.000000,8.000000,-143.280000
1777586633.122088,0,5.000000,0.000000,5.000000,0.000000,0.000000,0.000000,0.000000,0.000000,8.000000,-143.270000
1777586633.122553,0,5.000000,0.000000,5.000000,0.000000,0.000000,0.000000,0.000000,0.000000,8.000000,-143.270000
1777586633.125029,0,5.000000,0.000000,5.000000,0.000000,0.000000,0.000000,0.000000,0.000000,8.000000,-143.250000
1777586633.142125,0,5.000000,0.000000,5.000000,0.000000,0.000000,0.000000,0.000000,0.000000,8.000000,-143.250000
1777586633.159888,0,5.000000,0.000000,5.000000,0.000000,0.000000,0.000000,0.000000,0.000000,8.000000,-143.240000
1777586633.160364,0,5.000000,0.000000,5.000000,0.000000,0.000000,0.000000,0.000000,0.000000,8.000000,-143.220000
1777586633.177879,0,5.000000,0.000000,5.000000,0.000000,0.000000,0.000000,0.000000,0.000000,8.000000,-143.220000
1777586633.178347,0,5.000000,0.000000,5.000000,0.000000,0.000000,0.000000,0.000000,0.000000,8.000000,-143.210000
1777586633.195901,0,5.000000,0.000000,5.000000,0.000000,0.000000,0.000000,0.000000,0.000000,8.000000,-143.190000
1777586633.196596,0,5.000000,0.000000,5.000000,0.000000,0.000000,0.000000,0.000000,0.000000,8.000000,-143.190000
1777586633.211682,0,5.000000,0.000000,5.000000,0.000000,0.000000,0.000000,0.000000,0.000000,8.000000,-143.170000
1777586633.212112,0,5.000000,0.000000,5.000000,0.000000,0.000000,0.000000,0.000000,0.000000,8.000000,-143.160000
1777586633.212460,0,5.000000,0.000000,5.000000,0.000000,0.000000,0.000000,0.000000,0.000000,8.000000,-143.160000
1777586633.221300,0,5.000000,0.000000,5.000000,0.000000,0.000000,0.000000,0.000000,0.000000,8.000000,-143.140000
1777586633.227134,0,5.000000,0.000000,5.000000,0.000000,0.000000,0.000000,0.000000,0.000000,8.000000,-143.130000
1777586633.235067,0,5.000000,0.000000,5.000000,0.000000,0.000000,0.000000,0.000000,0.000000,8.000000,-143.130000
1777586633.242472,0,5.000000,0.000000,5.000000,0.000000,0.000000,0.000000,0.000000,0.000000,8.000000,-143.110000
1777586633.257959,0,5.000000,0.000000,5.000000,0.000000,0.000000,0.000000,0.000000,0.000000,8.000000,-143.110000
1777586633.264528,0,5.000000,0.000000,5.000000,0.000000,0.000000,0.000000,0.000000,0.000000,8.000000,-143.100000
1777586633.272294,0,5.000000,0.000000,5.000000,0.000000,0.000000,0.000000,0.000000,0.000000,8.000000,-143.080000
1777586633.295354,0,5.000000,0.000000,5.000000,0.000000,0.000000,0.000000,0.000000,0.000000,8.000000,-143.080000
1777586633.302137,0,5.000000,0.000000,5.000000,0.000000,0.000000,0.000000,0.000000,0.000000,8.000000,-143.070000
1777586633.309415,0,5.000000,0.000000,5.000000,0.000000,0.000000,0.000000,0.000000,0.000000,8.000000,-143.050000
1777586633.318844,0,5.000000,0.000000,5.000000,0.000000,0.000000,0.000000,0.000000,0.000000,8.000000,-143.050000
1777586633.324928,0,5.000000,0.000000,5.000000,0.000000,0.000000,0.000000,0.000000,0.000000,8.000000,-143.030000
1777586633.331894,0,5.000000,0.000000,5.000000,0.000000,0.000000,0.000000,0.000000,0.000000,8.000000,-143.020000
1777586633.347758,0,5.000000,0.000000,5.000000,0.000000,0.000000,0.000000,0.000000,0.000000,8.000000,-143.020000
1777586633.354621,0,5.000000,0.000000,5.000000,0.000000,0.000000,0.000000,0.000000,0.000000,8.000000,-143.000000
1777586633.369462,0,5.000000,0.000000,5.000000,0.000000,0.000000,0.000000,0.000000,0.000000,8.000000,-143.000000
1777586633.377082,0,5.000000,0.000000,5.000000,0.000000,0.000000,0.000000,0.000000,0.000000,8.000000,-142.990000
1777586633.384506,0,5.000000,0.000000,5.000000,0.000000,0.000000,0.000000,0.000000,0.000000,8.000000,-142.970000
1777586633.400501,0,5.000000,0.000000,5.000000,0.000000,0.000000,0.000000,0.000000,0.000000,8.000000,-142.970000
1777586633.407326,0,5.000000,0.000000,5.000000,0.000000,0.000000,0.000000,0.000000,0.000000,8.000000,-142.960000
1777586633.414580,0,5.000000,0.000000,5.000000,0.000000,0.000000,0.000000,0.000000,0.000000,8.000000,-142.940000
1777586633.430263,0,5.000000,0.000000,5.000000,0.000000,0.000000,0.000000,0.000000,0.000000,8.000000,-142.940000
1777586633.436997,0,5.000000,0.000000,5.000000,0.000000,0.000000,0.000000,0.000000,0.000000,8.000000,-142.920000
1777586633.451795,0,5.000000,0.000000,5.000000,0.000000,0.000000,0.000000,0.000000,0.000000,8.000000,-142.910000
1777586633.459590,0,5.000000,0.000000,5.000000,0.000000,0.000000,0.000000,0.000000,0.000000,8.000000,-142.910000
1777586633.467150,0,5.000000,0.000000,5.000000,0.000000,0.000000,0.000000,0.000000,0.000000,8.000000,-142.890000
1777586633.474457,0,5.000000,0.000000,5.000000,0.000000,0.000000,0.000000,0.000000,0.000000,8.000000,-142.880000
1777586633.482362,0,5.000000,0.000000,5.000000,0.000000,0.000000,0.000000,0.000000,0.000000,8.000000,-142.880000
1777586633.498161,0,5.000000,0.000000,5.000000,0.000000,0.000000,0.000000,0.000000,0.000000,8.000000,-142.860000
1777586633.504884,0,5.000000,0.000000,5.000000,0.000000,0.000000,0.000000,0.000000,0.000000,8.000000,-142.860000
1777586633.512033,0,5.000000,0.000000,5.000000,0.000000,0.000000,0.000000,0.000000,0.000000,8.000000,-142.850000
1777586633.527525,0,5.000000,0.000000,5.000000,0.000000,0.000000,0.000000,0.000000,0.000000,8.000000,-142.830000
1777586633.534601,0,5.000000,0.000000,5.000000,0.000000,0.000000,0.000000,0.000000,0.000000,8.000000,-142.830000
1777586633.542190,0,5.000000,0.000000,5.000000,0.000000,0.000000,0.000000,0.000000,0.000000,8.000000,-142.820000
1777586633.557182,0,5.000000,0.000000,5.000000,0.000000,0.000000,0.000000,0.000000,0.000000,8.000000,-142.800000
1777586633.559770,0,5.000000,0.000000,5.000000,0.000000,0.000000,0.000000,0.000000,0.000000,8.000000,-142.800000
1777586633.580764,0,5.000000,0.000000,5.000000,0.000000,0.000000,0.000000,0.000000,0.000000,8.000000,-142.780000
1777586633.594730,0,5.000000,0.000000,5.000000,0.000000,0.000000,0.000000,0.000000,0.000000,8.000000,-142.770000
1777586633.602130,0,5.000000,0.000000,5.000000,0.000000,0.000000,0.000000,0.000000,0.000000,8.000000,-142.770000
1777586633.609616,0,5.000000,0.000000,5.000000,0.000000,0.000000,0.000000,0.000000,0.000000,8.000000,-142.750000
1777586633.626385,0,5.000000,0.000000,5.000000,0.000000,0.000000,0.000000,0.000000,0.000000,8.000000,-142.750000
1777586633.627179,0,5.000000,0.000000,5.000000,0.000000,0.000000,0.000000,0.000000,0.000000,8.000000,-142.740000
1777586633.632072,0,5.000000,0.000000,5.000000,0.000000,0.000000,0.000000,0.000000,0.000000,8.000000,-142.720000
1777586633.647488,0,5.000000,0.000000,5.000000,0.000000,0.000000,0.000000,0.000000,0.000000,8.000000,-142.720000
1777586633.654747,0,5.000000,0.000000,5.000000,0.000000,0.000000,0.000000,0.000000,0.000000,8.000000,-142.710000
1777586633.669472,0,5.000000,0.000000,5.000000,0.000000,0.000000,0.000000,0.000000,0.000000,8.000000,-142.690000
1777586633.677217,0,5.000000,0.000000,5.000000,0.000000,0.000000,0.000000,0.000000,0.000000,8.000000,-142.690000
1777586633.684649,0,5.000000,0.000000,5.000000,0.000000,0.000000,0.000000,0.000000,0.000000,8.000000,-142.670000
1777586633.700247,0,5.000000,0.000000,5.000000,0.000000,0.000000,0.000000,0.000000,0.000000,8.000000,-142.660000
1777586633.706864,0,5.000000,0.000000,5.000000,0.000000,0.000000,0.000000,0.000000,0.000000,8.000000,-142.660000
1777586633.714921,0,5.000000,0.000000,5.000000,0.000000,0.000000,0.000000,0.000000,0.000000,8.000000,-142.640000
1777586633.722011,0,5.000000,0.000000,5.000000,0.000000,0.000000,0.000000,0.000000,0.000000,8.000000,-142.630000
1777586633.736794,0,5.000000,0.000000,5.000000,0.000000,0.000000,0.000000,0.000000,0.000000,8.000000,-142.630000
1777586633.738309,0,5.000000,0.000000,5.000000,0.000000,0.000000,0.000000,0.000000,0.000000,8.000000,-142.610000
1777586633.760530,0,5.000000,0.000000,5.000000,0.000000,0.000000,0.000000,0.000000,0.000000,8.000000,-142.610000
1777586633.767093,0,5.000000,0.000000,5.000000,0.000000,0.000000,0.000000,0.000000,0.000000,8.000000,-142.600000
1777586633.774775,0,5.000000,0.000000,5.000000,0.000000,0.000000,0.000000,0.000000,0.000000,8.000000,-142.580000
1777586633.782103,0,5.000000,0.000000,5.000000,0.000000,0.000000,0.000000,0.000000,0.000000,8.000000,-142.580000
1777586633.789728,0,5.000000,0.000000,5.000000,0.000000,0.000000,0.000000,0.000000,0.000000,8.000000,-142.570000
1777586633.820838,0,5.000000,0.000000,5.000000,0.000000,0.000000,0.000000,0.000000,0.000000,8.000000,-142.550000
1777586633.821691,0,5.000000,0.000000,5.000000,0.000000,0.000000,0.000000,0.000000,0.000000,8.000000,-142.550000
1777586633.826943,0,5.000000,0.000000,5.000000,0.000000,0.000000,0.000000,0.000000,0.000000,8.000000,-142.530000
1777586633.834598,0,5.000000,0.000000,5.000000,0.000000,0.000000,0.000000,0.000000,0.000000,8.000000,-142.520000
1777586633.842350,0,5.000000,0.000000,5.000000,0.000000,0.000000,0.000000,0.000000,0.000000,8.000000,-142.520000
1777586633.849822,0,5.000000,0.000000,5.000000,0.000000,0.000000,0.000000,0.000000,0.000000,8.000000,-142.500000
1777586633.865251,0,5.000000,0.000000,5.000000,0.000000,0.000000,0.000000,0.000000,0.000000,8.000000,-142.500000
1777586633.872059,0,5.000000,0.000000,5.000000,0.000000,0.000000,0.000000,0.000000,0.000000,8.000000,-142.490000
1777586633.887120,0,5.000000,0.000000,5.000000,0.000000,0.000000,0.000000,0.000000,0.000000,8.000000,-142.470000
1777586633.894587,0,5.000000,0.000000,5.000000,0.000000,0.000000,0.000000,0.000000,0.000000,8.000000,-142.470000
1777586633.902522,0,5.000000,0.000000,5.000000,0.000000,0.000000,0.000000,0.000000,0.000000,8.000000,-142.460000
1777586633.918303,0,5.000000,0.000000,5.000000,0.000000,0.000000,0.000000,0.000000,0.000000,8.000000,-142.440000
1777586633.924545,0,5.000000,0.000000,5.000000,0.000000,0.000000,0.000000,0.000000,0.000000,8.000000,-142.440000
1777586633.932470,0,5.000000,0.000000,5.000000,0.000000,0.000000,0.000000,0.000000,0.000000,8.000000,-142.420000
1777586633.939952,0,5.000000,0.000000,5.000000,0.000000,0.000000,0.000000,0.000000,0.000000,8.000000,-142.410000
1777586633.963314,0,5.000000,0.000000,5.000000,0.000000,0.000000,0.000000,0.000000,0.000000,8.000000,-142.410000
1777586633.969738,0,5.000000,0.000000,5.000000,0.000000,0.000000,0.000000,0.000000,0.000000,8.000000,-142.390000
1777586633.977022,0,5.000000,0.000000,5.000000,0.000000,0.000000,0.000000,0.000000,0.000000,8.000000,-142.380000
1777586633.984818,0,5.000000,0.000000,5.000000,0.000000,0.000000,0.000000,0.000000,0.000000,8.000000,-142.380000
1777586633.991964,0,5.000000,0.000000,5.000000,0.000000,0.000000,0.000000,0.000000,0.000000,8.000000,-142.360000
1777586634.015782,0,5.000000,0.000000,5.000000,0.000000,0.000000,0.000000,0.000000,0.000000,8.000000,-142.360000
1777586634.021889,0,5.000000,0.000000,5.000000,0.000000,0.000000,0.000000,0.000000,0.000000,8.000000,-142.350000
1777586634.029685,0,5.000000,0.000000,5.000000,0.000000,0.000000,0.000000,0.000000,0.000000,8.000000,-142.330000
1777586634.036959,0,5.000000,0.000000,5.000000,0.000000,0.000000,0.000000,0.000000,0.000000,8.000000,-142.330000
1777586634.044844,0,5.000000,0.000000,5.000000,0.000000,0.000000,0.000000,0.000000,0.000000,8.000000,-142.320000
1777586634.052017,0,5.000000,0.000000,5.000000,0.000000,0.000000,0.000000,0.000000,0.000000,8.000000,-142.300000
1777586634.075511,0,5.000000,0.000000,5.000000,0.000000,0.000000,0.000000,0.000000,0.000000,8.000000,-142.300000
1777586634.090910,0,5.000000,0.000000,5.000000,0.000000,0.000000,0.000000,0.000000,0.000000,8.000000,-142.280000
1777586634.091382,0,5.000000,0.000000,5.000000,0.000000,0.000000,0.000000,0.000000,0.000000,8.000000,-142.270000
1777586634.096901,0,5.000000,0.000000,5.000000,0.000000,0.000000,0.000000,0.000000,0.000000,8.000000,-142.270000
1777586634.104630,0,5.000000,0.000000,5.000000,0.000000,0.000000,0.000000,0.000000,0.000000,8.000000,-142.250000
1777586634.119683,0,5.000000,0.000000,5.000000,0.000000,0.000000,0.000000,0.000000,0.000000,8.000000,-142.250000
1777586634.126974,0,5.000000,0.000000,5.000000,0.000000,0.000000,0.000000,0.000000,0.000000,8.000000,-142.240000
1777586634.134538,0,5.000000,0.000000,5.000000,0.000000,0.000000,0.000000,0.000000,0.000000,8.000000,-142.220000
1777586634.142227,0,5.000000,0.000000,5.000000,0.000000,0.000000,0.000000,0.000000,0.000000,8.000000,-142.220000
1777586634.157276,0,5.000000,0.000000,5.000000,0.000000,0.000000,0.000000,0.000000,0.000000,8.000000,-142.210000
1777586634.172295,0,5.000000,0.000000,5.000000,0.000000,0.000000,0.000000,0.000000,0.000000,8.000000,-142.190000
1777586634.186285,0,5.000000,0.000000,5.000000,0.000000,0.000000,0.000000,0.000000,0.000000,8.000000,-142.190000
1777586634.194224,0,5.000000,0.000000,5.000000,0.000000,0.000000,0.000000,0.000000,0.000000,8.000000,-142.170000
1777586634.195196,0,5.000000,0.000000,5.000000,0.000000,0.000000,0.000000,0.000000,0.000000,8.000000,-142.160000
1777586634.201926,0,5.000000,0.000000,5.000000,0.000000,0.000000,0.000000,0.000000,0.000000,8.000000,-142.160000
1777586634.224380,0,5.000000,0.000000,5.000000,0.000000,0.000000,0.000000,0.000000,0.000000,8.000000,-142.140000
1777586634.225354,0,5.000000,0.000000,5.000000,0.000000,0.000000,0.000000,0.000000,0.000000,8.000000,-142.130000
1777586634.232207,0,5.000000,0.000000,5.000000,0.000000,0.000000,0.000000,0.000000,0.000000,8.000000,-142.130000
1777586634.239518,0,5.000000,0.000000,5.000000,0.000000,0.000000,0.000000,0.000000,0.000000,8.000000,-142.110000
1777586634.254913,0,5.000000,0.000000,5.000000,0.000000,0.000000,0.000000,0.000000,0.000000,8.000000,-142.110000
1777586634.255863,0,5.000000,0.000000,5.000000,0.000000,0.000000,0.000000,0.000000,0.000000,8.000000,-142.100000
1777586634.278230,0,5.000000,0.000000,5.000000,0.000000,0.000000,0.000000,0.000000,0.000000,8.000000,-142.080000
1777586634.284511,0,5.000000,0.000000,5.000000,0.000000,0.000000,0.000000,0.000000,0.000000,8.000000,-142.080000
1777586634.292128,0,5.000000,0.000000,5.000000,0.000000,0.000000,0.000000,0.000000,0.000000,8.000000,-142.070000
1777586634.299593,0,5.000000,0.000000,5.000000,0.000000,0.000000,0.000000,0.000000,0.000000,8.000000,-142.050000
1777586634.315807,0,5.000000,0.000000,5.000000,0.000000,0.000000,0.000000,0.000000,0.000000,8.000000,-142.050000
1777586634.322453,0,5.000000,0.000000,5.000000,0.000000,0.000000,0.000000,0.000000,0.000000,8.000000,-142.030000
1777586634.337620,0,5.000000,0.000000,5.000000,0.000000,0.000000,0.000000,0.000000,0.000000,8.000000,-142.020000
1777586634.344619,0,5.000000,0.000000,5.000000,0.000000,0.000000,0.000000,0.000000,0.000000,8.000000,-142.020000
1777586634.352248,0,5.000000,0.000000,5.000000,0.000000,0.000000,0.000000,0.000000,0.000000,8.000000,-142.000000
1777586634.359823,0,5.000000,0.000000,5.000000,0.000000,0.000000,0.000000,0.000000,0.000000,8.000000,-142.000000
1777586634.375173,0,5.000000,0.000000,5.000000,0.000000,0.000000,0.000000,0.000000,0.000000,8.000000,-141.990000
1777586634.382344,0,5.000000,0.000000,5.000000,0.000000,0.000000,0.000000,0.000000,0.000000,8.000000,-141.970000
1777586634.389729,0,5.000000,0.000000,5.000000,0.000000,0.000000,0.000000,0.000000,0.000000,8.000000,-141.970000
1777586634.412845,0,5.000000,0.000000,5.000000,0.000000,0.000000,0.000000,0.000000,0.000000,8.000000,-141.960000
1777586634.419378,0,5.000000,0.000000,5.000000,0.000000,0.000000,0.000000,0.000000,0.000000,8.000000,-141.940000
1777586634.427066,0,5.000000,0.000000,5.000000,0.000000,0.000000,0.000000,0.000000,0.000000,8.000000,-141.940000
1777586634.434457,0,5.000000,0.000000,5.000000,0.000000,0.000000,0.000000,0.000000,0.000000,8.000000,-141.920000
1777586634.441996,0,5.000000,0.000000,5.000000,0.000000,0.000000,0.000000,0.000000,0.000000,8.000000,-141.910000
1777586634.449609,0,5.000000,0.000000,5.000000,0.000000,0.000000,0.000000,0.000000,0.000000,8.000000,-141.910000
1777586634.465654,0,5.000000,0.000000,5.000000,0.000000,0.000000,0.000000,0.000000,0.000000,8.000000,-141.890000
1777586634.472046,0,5.000000,0.000000,5.000000,0.000000,0.000000,0.000000,0.000000,0.000000,8.000000,-141.890000
1777586634.479678,0,5.000000,0.000000,5.000000,0.000000,0.000000,0.000000,0.000000,0.000000,8.000000,-141.880000
1777586634.495258,0,5.000000,0.000000,5.000000,0.000000,0.000000,0.000000,0.000000,0.000000,8.000000,-141.860000
1777586634.502429,0,5.000000,0.000000,5.000000,0.000000,0.000000,0.000000,0.000000,0.000000,8.000000,-141.860000
1777586634.509573,0,5.000000,0.000000,5.000000,0.000000,0.000000,0.000000,0.000000,0.000000,8.000000,-141.850000
1777586634.517048,0,5.000000,0.000000,5.000000,0.000000,0.000000,0.000000,0.000000,0.000000,8.000000,-141.830000
1777586634.540791,0,5.000000,0.000000,5.000000,0.000000,0.000000,0.000000,0.000000,0.000000,8.000000,-141.830000
1777586634.554214,0,5.000000,0.000000,5.000000,0.000000,0.000000,0.000000,0.000000,0.000000,8.000000,-141.830000
1777586634.555260,0,5.000000,0.000000,5.000000,0.000000,0.000000,0.000000,0.000000,0.000000,8.000000,-141.800000
1777586634.561919,0,5.000000,0.000000,5.000000,0.000000,0.000000,0.000000,0.000000,0.000000,8.000000,-141.800000
1777586634.569659,0,5.000000,0.000000,5.000000,0.000000,0.000000,0.000000,0.000000,0.000000,8.000000,-141.780000
1777586634.577107,0,5.000000,0.000000,5.000000,0.000000,0.000000,0.000000,0.000000,0.000000,8.000000,-141.770000
1777586634.600368,0,5.000000,0.000000,5.000000,0.000000,0.000000,0.000000,0.000000,0.000000,8.000000,-141.770000
1777586634.607255,0,5.000000,0.000000,5.000000,0.000000,0.000000,0.000000,0.000000,0.000000,8.000000,-141.770000
1777586634.614601,0,5.000000,0.000000,5.000000,0.000000,0.000000,0.000000,0.000000,0.000000,8.000000,-141.750000
1777586634.622047,0,5.000000,0.000000,5.000000,0.000000,0.000000,0.000000,0.000000,0.000000,8.000000,-141.740000
1777586634.629910,0,5.000000,0.000000,5.000000,0.000000,0.000000,0.000000,0.000000,0.000000,8.000000,-141.720000
1777586634.637232,0,5.000000,0.000000,5.000000,0.000000,0.000000,0.000000,0.000000,0.000000,8.000000,-141.720000
1777586634.660607,0,5.000000,0.000000,5.000000,0.000000,0.000000,0.000000,0.000000,0.000000,8.000000,-141.710000
1777586634.667032,0,5.000000,0.000000,5.000000,0.000000,0.000000,0.000000,0.000000,0.000000,8.000000,-141.710000
1777586634.674598,0,5.000000,0.000000,5.000000,0.000000,0.000000,0.000000,0.000000,0.000000,8.000000,-141.690000
1777586634.682467,0,5.000000,0.000000,5.000000,0.000000,0.000000,0.000000,0.000000,0.000000,8.000000,-141.670000
1777586634.689650,0,5.000000,0.000000,5.000000,0.000000,0.000000,0.000000,0.000000,0.000000,8.000000,-141.660000
1777586634.696990,0,5.000000,0.000000,5.000000,0.000000,0.000000,0.000000,0.000000,0.000000,8.000000,-141.660000
1777586634.713139,0,5.000000,0.000000,5.000000,0.000000,0.000000,0.000000,0.000000,0.000000,8.000000,-141.640000
1777586634.719633,0,5.000000,0.000000,5.000000,0.000000,0.000000,0.000000,0.000000,0.000000,8.000000,-141.640000
1777586634.735162,0,5.000000,0.000000,5.000000,0.000000,0.000000,0.000000,0.000000,0.000000,8.000000,-141.630000
1777586634.741879,0,5.000000,0.000000,5.000000,0.000000,0.000000,0.000000,0.000000,0.000000,8.000000,-141.610000
1777586634.749569,0,5.000000,0.000000,5.000000,0.000000,0.000000,0.000000,0.000000,0.000000,8.000000,-141.610000
1777586634.764966,0,5.000000,0.000000,5.000000,0.000000,0.000000,0.000000,0.000000,0.000000,8.000000,-141.610000
1777586634.772113,0,5.000000,0.000000,5.000000,0.000000,0.000000,0.000000,0.000000,0.000000,8.000000,-141.600000
1777586634.779865,0,5.000000,0.000000,5.000000,0.000000,0.000000,0.000000,0.000000,0.000000,8.000000,-141.580000
1777586634.787080,0,5.000000,0.000000,5.000000,0.000000,0.000000,0.000000,0.000000,0.000000,8.000000,-141.580000
1777586634.801864,0,5.000000,0.000000,5.000000,0.000000,0.000000,0.000000,0.000000,0.000000,8.000000,-141.570000
1777586634.802800,0,5.000000,0.000000,5.000000,0.000000,0.000000,0.000000,0.000000,0.000000,8.000000,-141.550000
1777586634.825815,0,5.000000,0.000000,5.000000,0.000000,0.000000,0.000000,0.000000,0.000000,8.000000,-141.550000
1777586634.831946,0,5.000000,0.000000,5.000000,0.000000,0.000000,0.000000,0.000000,0.000000,8.000000,-141.520000
1777586634.848442,0,5.000000,0.000000,5.000000,0.000000,0.000000,0.000000,0.000000,0.000000,8.000000,-141.520000
1777586634.854680,0,5.000000,0.000000,5.000000,0.000000,0.000000,0.000000,0.000000,0.000000,8.000000,-141.520000
1777586634.862021,0,5.000000,0.000000,5.000000,0.000000,0.000000,0.000000,0.000000,0.000000,8.000000,-141.500000
1777586634.869527,0,5.000000,0.000000,5.000000,0.000000,0.000000,0.000000,0.000000,0.000000,8.000000,-141.500000
1777586634.886283,0,5.000000,0.000000,5.000000,0.000000,0.000000,0.000000,0.000000,0.000000,8.000000,-141.490000
1777586634.891608,0,5.000000,0.000000,5.000000,0.000000,0.000000,0.000000,0.000000,0.000000,8.000000,-141.470000
1777586634.892664,0,5.000000,0.000000,5.000000,0.000000,0.000000,0.000000,0.000000,0.000000,8.000000,-141.470000
1777586634.921828,0,5.000000,0.000000,5.000000,0.000000,0.000000,0.000000,0.000000,0.000000,8.000000,-141.460000
1777586634.922722,0,5.000000,0.000000,5.000000,0.000000,0.000000,0.000000,0.000000,0.000000,8.000000,-141.440000
1777586634.929693,0,5.000000,0.000000,5.000000,0.000000,0.000000,0.000000,0.000000,0.000000,8.000000,-141.440000
1777586634.937087,0,5.000000,0.000000,5.000000,0.000000,0.000000,0.000000,0.000000,0.000000,8.000000,-141.420000
1777586634.952188,0,5.000000,0.000000,5.000000,0.000000,0.000000,0.000000,0.000000,0.000000,8.000000,-141.410000
1777586634.959308,0,5.000000,0.000000,5.000000,0.000000,0.000000,0.000000,0.000000,0.000000,8.000000,-141.410000
1777586634.967046,0,5.000000,0.000000,5.000000,0.000000,0.000000,0.000000,0.000000,0.000000,8.000000,-141.390000
1777586634.982408,0,5.000000,0.000000,5.000000,0.000000,0.000000,0.000000,0.000000,0.000000,8.000000,-141.380000
1777586634.989326,0,5.000000,0.000000,5.000000,0.000000,0.000000,0.000000,0.000000,0.000000,8.000000,-141.380000
1777586635.004550,0,5.000000,0.000000,5.000000,0.000000,0.000000,0.000000,0.000000,0.000000,8.000000,-141.360000
1777586635.012238,0,5.000000,0.000000,5.000000,0.000000,0.000000,0.000000,0.000000,0.000000,8.000000,-141.360000
1777586635.019755,0,5.000000,0.000000,5.000000,0.000000,0.000000,0.000000,0.000000,0.000000,8.000000,-141.350000
1777586635.027022,0,5.000000,0.000000,5.000000,0.000000,0.000000,0.000000,0.000000,0.000000,8.000000,-141.330000
1777586635.034879,0,5.000000,0.000000,5.000000,0.000000,0.000000,0.000000,0.000000,0.000000,8.000000,-141.330000
1777586635.050222,0,5.000000,0.000000,5.000000,0.000000,0.000000,0.000000,0.000000,0.000000,8.000000,-141.320000
1777586635.051483,0,5.000000,0.000000,5.000000,0.000000,0.000000,0.000000,0.000000,0.000000,8.000000,-141.300000
1777586635.072795,0,5.000000,0.000000,5.000000,0.000000,0.000000,0.000000,0.000000,0.000000,8.000000,-141.300000
1777586635.079390,0,5.000000,0.000000,5.000000,0.000000,0.000000,0.000000,0.000000,0.000000,8.000000,-141.280000
1777586635.087102,0,5.000000,0.000000,5.000000,0.000000,0.000000,0.000000,0.000000,0.000000,8.000000,-141.270000
1777586635.102168,0,5.000000,0.000000,5.000000,0.000000,0.000000,0.000000,0.000000,0.000000,8.000000,-141.270000
1777586635.109036,0,5.000000,0.000000,5.000000,0.000000,0.000000,0.000000,0.000000,0.000000,8.000000,-141.250000
1777586635.110286,0,5.000000,0.000000,5.000000,0.000000,0.000000,0.000000,0.000000,0.000000,8.000000,-141.250000
1777586635.133389,0,5.000000,0.000000,5.000000,0.000000,0.000000,0.000000,0.000000,0.000000,8.000000,-141.240000
1777586635.139677,0,5.000000,0.000000,5.000000,0.000000,0.000000,0.000000,0.000000,0.000000,8.000000,-141.220000
1777586635.146874,0,5.000000,0.000000,5.000000,0.000000,0.000000,0.000000,0.000000,0.000000,8.000000,-141.220000
1777586635.162370,0,5.000000,0.000000,5.000000,0.000000,0.000000,0.000000,0.000000,0.000000,8.000000,-141.210000
1777586635.169758,0,5.000000,0.000000,5.000000,0.000000,0.000000,0.000000,0.000000,0.000000,8.000000,-141.190000
1777586635.185154,0,5.000000,0.000000,5.000000,0.000000,0.000000,0.000000,0.000000,0.000000,8.000000,-141.190000
1777586635.192293,0,5.000000,0.000000,5.000000,0.000000,0.000000,0.000000,0.000000,0.000000,8.000000,-141.170000
1777586635.199824,0,5.000000,0.000000,5.000000,0.000000,0.000000,0.000000,0.000000,0.000000,8.000000,-141.160000
1777586635.207242,0,5.000000,0.000000,5.000000,0.000000,0.000000,0.000000,0.000000,0.000000,8.000000,-141.160000
1777586635.229535,0,5.000000,0.000000,5.000000,0.000000,0.000000,0.000000,0.000000,0.000000,8.000000,-141.140000
1777586635.230628,0,5.000000,0.000000,5.000000,0.000000,0.000000,0.000000,0.000000,0.000000,8.000000,-141.130000
1777586635.237092,0,5.000000,0.000000,5.000000,0.000000,0.000000,0.000000,0.000000,0.000000,8.000000,-141.130000
1777586635.252369,0,5.000000,0.000000,5.000000,0.000000,0.000000,0.000000,0.000000,0.000000,8.000000,-141.110000
1777586635.259657,0,5.000000,0.000000,5.000000,0.000000,0.000000,0.000000,0.000000,0.000000,8.000000,-141.110000
1777586635.267273,0,5.000000,0.000000,5.000000,0.000000,0.000000,0.000000,0.000000,0.000000,8.000000,-141.100000
1777586635.274707,0,5.000000,0.000000,5.000000,0.000000,0.000000,0.000000,0.000000,0.000000,8.000000,-141.080000
1777586635.297784,0,5.000000,0.000000,5.000000,0.000000,0.000000,0.000000,0.000000,0.000000,8.000000,-141.080000
1777586635.304555,0,5.000000,0.000000,5.000000,0.000000,0.000000,0.000000,0.000000,0.000000,8.000000,-141.050000
1777586635.319685,0,5.000000,0.000000,5.000000,0.000000,0.000000,0.000000,0.000000,0.000000,8.000000,-141.050000
1777586635.334395,0,5.000000,0.000000,5.000000,0.000000,0.000000,0.000000,0.000000,0.000000,8.000000,-141.030000
1777586635.335412,0,5.000000,0.000000,5.000000,0.000000,0.000000,0.000000,0.000000,0.000000,8.000000,-141.020000
1777586635.342054,0,5.000000,0.000000,5.000000,0.000000,0.000000,0.000000,0.000000,0.000000,8.000000,-141.020000
1777586635.349724,0,5.000000,0.000000,5.000000,0.000000,0.000000,0.000000,0.000000,0.000000,8.000000,-141.020000
1777586635.357075,0,5.000000,0.000000,5.000000,0.000000,0.000000,0.000000,0.000000,0.000000,8.000000,-141.000000
1777586635.372605,0,5.000000,0.000000,5.000000,0.000000,0.000000,0.000000,0.000000,0.000000,8.000000,-140.990000
1777586635.379483,0,5.000000,0.000000,5.000000,0.000000,0.000000,0.000000,0.000000,0.000000,8.000000,-140.990000
1777586635.395560,0,5.000000,0.000000,5.000000,0.000000,0.000000,0.000000,0.000000,0.000000,8.000000,-140.970000
1777586635.402365,0,5.000000,0.000000,5.000000,0.000000,0.000000,0.000000,0.000000,0.000000,8.000000,-140.970000
1777586635.409427,0,5.000000,0.000000,5.000000,0.000000,0.000000,0.000000,0.000000,0.000000,8.000000,-140.960000
1777586635.417165,0,5.000000,0.000000,5.000000,0.000000,0.000000,0.000000,0.000000,0.000000,8.000000,-140.940000
1777586635.424513,0,5.000000,0.000000,5.000000,0.000000,0.000000,0.000000,0.000000,0.000000,8.000000,-140.940000
1777586635.447771,0,5.000000,0.000000,5.000000,0.000000,0.000000,0.000000,0.000000,0.000000,8.000000,-140.920000
1777586635.454515,0,5.000000,0.000000,5.000000,0.000000,0.000000,0.000000,0.000000,0.000000,8.000000,-140.910000
1777586635.462135,0,5.000000,0.000000,5.000000,0.000000,0.000000,0.000000,0.000000,0.000000,8.000000,-140.910000
1777586635.469366,0,5.000000,0.000000,5.000000,0.000000,0.000000,0.000000,0.000000,0.000000,8.000000,-140.890000
1777586635.477660,0,5.000000,0.000000,5.000000,0.000000,0.000000,0.000000,0.000000,0.000000,8.000000,-140.880000
1777586635.484517,0,5.000000,0.000000,5.000000,0.000000,0.000000,0.000000,0.000000,0.000000,8.000000,-140.880000
1777586635.507819,0,5.000000,0.000000,5.000000,0.000000,0.000000,0.000000,0.000000,0.000000,8.000000,-140.860000
1777586635.514586,0,5.000000,0.000000,5.000000,0.000000,0.000000,0.000000,0.000000,0.000000,8.000000,-140.860000
1777586635.522074,0,5.000000,0.000000,5.000000,0.000000,0.000000,0.000000,0.000000,0.000000,8.000000,-140.850000
1777586635.529728,0,5.000000,0.000000,5.000000,0.000000,0.000000,0.000000,0.000000,0.000000,8.000000,-140.830000
1777586635.545104,0,5.000000,0.000000,5.000000,0.000000,0.000000,0.000000,0.000000,0.000000,8.000000,-140.830000
1777586635.560037,0,5.000000,0.000000,5.000000,0.000000,0.000000,0.000000,0.000000,0.000000,8.000000,-140.820000
1777586635.561119,0,5.000000,0.000000,5.000000,0.000000,0.000000,0.000000,0.000000,0.000000,8.000000,-140.800000
1777586635.566910,0,5.000000,0.000000,5.000000,0.000000,0.000000,0.000000,0.000000,0.000000,8.000000,-140.800000
1777586635.582469,0,5.000000,0.000000,5.000000,0.000000,0.000000,0.000000,0.000000,0.000000,8.000000,-140.780000
1777586635.589057,0,5.000000,0.000000,5.000000,0.000000,0.000000,0.000000,0.000000,0.000000,8.000000,-140.770000
1777586635.590534,0,5.000000,0.000000,5.000000,0.000000,0.000000,0.000000,0.000000,0.000000,8.000000,-140.770000
1777586635.612688,0,5.000000,0.000000,5.000000,0.000000,0.000000,0.000000,0.000000,0.000000,8.000000,-140.750000
1777586635.619675,0,5.000000,0.000000,5.000000,0.000000,0.000000,0.000000,0.000000,0.000000,8.000000,-140.750000
1777586635.633674,0,5.000000,0.000000,5.000000,0.000000,0.000000,0.000000,0.000000,0.000000,8.000000,-140.740000
1777586635.634928,0,5.000000,0.000000,5.000000,0.000000,0.000000,0.000000,0.000000,0.000000,8.000000,-140.720000
1777586635.642530,0,5.000000,0.000000,5.000000,0.000000,0.000000,0.000000,0.000000,0.000000,8.000000,-140.720000
1777586635.665078,0,5.000000,0.000000,5.000000,0.000000,0.000000,0.000000,0.000000,0.000000,8.000000,-140.710000
1777586635.672096,0,5.000000,0.000000,5.000000,0.000000,0.000000,0.000000,0.000000,0.000000,8.000000,-140.690000
1777586635.679794,0,5.000000,0.000000,5.000000,0.000000,0.000000,0.000000,0.000000,0.000000,8.000000,-140.690000
1777586635.687154,0,5.000000,0.000000,5.000000,0.000000,0.000000,0.000000,0.000000,0.000000,8.000000,-140.670000
1777586635.694553,0,5.000000,0.000000,5.000000,0.000000,0.000000,0.000000,0.000000,0.000000,8.000000,-140.660000
1777586635.709476,0,5.000000,0.000000,5.000000,0.000000,0.000000,0.000000,0.000000,0.000000,8.000000,-140.660000
1777586635.717165,0,5.000000,0.000000,5.000000,0.000000,0.000000,0.000000,0.000000,0.000000,8.000000,-140.640000
1777586635.733054,0,5.000000,0.000000,5.000000,0.000000,0.000000,0.000000,0.000000,0.000000,8.000000,-140.630000
1777586635.739437,0,5.000000,0.000000,5.000000,0.000000,0.000000,0.000000,0.000000,0.000000,8.000000,-140.630000
1777586635.747145,0,5.000000,0.000000,5.000000,0.000000,0.000000,0.000000,0.000000,0.000000,8.000000,-140.610000
1777586635.754737,0,5.000000,0.000000,5.000000,0.000000,0.000000,0.000000,0.000000,0.000000,8.000000,-140.610000
1777586635.769950,0,5.000000,0.000000,5.000000,0.000000,0.000000,0.000000,0.000000,0.000000,8.000000,-140.600000
1777586635.777310,0,5.000000,0.000000,5.000000,0.000000,0.000000,0.000000,0.000000,0.000000,8.000000,-140.580000
1777586635.784822,0,5.000000,0.000000,5.000000,0.000000,0.000000,0.000000,0.000000,0.000000,8.000000,-140.580000
1777586635.800162,0,5.000000,0.000000,5.000000,0.000000,0.000000,0.000000,0.000000,0.000000,8.000000,-140.570000
1777586635.807012,0,5.000000,0.000000,5.000000,0.000000,0.000000,0.000000,0.000000,0.000000,8.000000,-140.550000
1777586635.814482,0,5.000000,0.000000,5.000000,0.000000,0.000000,0.000000,0.000000,0.000000,8.000000,-140.550000
1777586635.830516,0,5.000000,0.000000,5.000000,0.000000,0.000000,0.000000,0.000000,0.000000,8.000000,-140.530000
1777586635.837014,0,5.000000,0.000000,5.000000,0.000000,0.000000,0.000000,0.000000,0.000000,8.000000,-140.520000
1777586635.844779,0,5.000000,0.000000,5.000000,0.000000,0.000000,0.000000,0.000000,0.000000,8.000000,-140.520000
1777586635.860348,0,5.000000,0.000000,5.000000,0.000000,0.000000,0.000000,0.000000,0.000000,8.000000,-140.500000
1777586635.867188,0,5.000000,0.000000,5.000000,0.000000,0.000000,0.000000,0.000000,0.000000,8.000000,-140.500000
1777586635.874575,0,5.000000,0.000000,5.000000,0.000000,0.000000,0.000000,0.000000,0.000000,8.000000,-140.490000
1777586635.897131,0,5.000000,0.000000,5.000000,0.000000,0.000000,0.000000,0.000000,0.000000,8.000000,-140.470000
1777586635.904612,0,5.000000,0.000000,5.000000,0.000000,0.000000,0.000000,0.000000,0.000000,8.000000,-140.470000
1777586635.913151,0,5.000000,0.000000,5.000000,0.000000,0.000000,0.000000,0.000000,0.000000,8.000000,-140.460000
1777586635.919620,0,5.000000,0.000000,5.000000,0.000000,0.000000,0.000000,0.000000,0.000000,8.000000,-140.440000
1777586635.935063,0,5.000000,0.000000,5.000000,0.000000,0.000000,0.000000,0.000000,0.000000,8.000000,-140.440000
1777586635.942058,0,5.000000,0.000000,5.000000,0.000000,0.000000,0.000000,0.000000,0.000000,8.000000,-140.420000
1777586635.949807,0,5.000000,0.000000,5.000000,0.000000,0.000000,0.000000,0.000000,0.000000,8.000000,-140.410000
1777586635.956897,0,5.000000,0.000000,5.000000,0.000000,0.000000,0.000000,0.000000,0.000000,8.000000,-140.410000
1777586635.964399,0,5.000000,0.000000,5.000000,0.000000,0.000000,0.000000,0.000000,0.000000,8.000000,-140.390000
1777586635.979722,0,5.000000,0.000000,5.000000,0.000000,0.000000,0.000000,0.000000,0.000000,8.000000,-140.380000
1777586635.994685,0,5.000000,0.000000,5.000000,0.000000,0.000000,0.000000,0.000000,0.000000,8.000000,-140.380000
1777586636.002184,0,5.000000,0.000000,5.000000,0.000000,0.000000,0.000000,0.000000,0.000000,8.000000,-140.360000
1777586636.009487,0,5.000000,0.000000,5.000000,0.000000,0.000000,0.000000,0.000000,0.000000,8.000000,-140.360000
1777586636.023926,0,5.000000,0.000000,5.000000,0.000000,0.000000,0.000000,0.000000,0.000000,8.000000,-140.350000
1777586636.024977,0,5.000000,0.000000,5.000000,0.000000,0.000000,0.000000,0.000000,0.000000,8.000000,-140.330000
1777586636.039627,0,5.000000,0.000000,5.000000,0.000000,0.000000,0.000000,0.000000,0.000000,8.000000,-140.330000
1777586636.054752,0,5.000000,0.000000,5.000000,0.000000,0.000000,0.000000,0.000000,0.000000,8.000000,-140.320000
1777586636.061949,0,5.000000,0.000000,5.000000,0.000000,0.000000,0.000000,0.000000,0.000000,8.000000,-140.300000
1777586636.069473,0,5.000000,0.000000,5.000000,0.000000,0.000000,0.000000,0.000000,0.000000,8.000000,-140.300000
1777586636.077218,0,5.000000,0.000000,5.000000,0.000000,0.000000,0.000000,0.000000,0.000000,8.000000,-140.280000
1777586636.084764,0,5.000000,0.000000,5.000000,0.000000,0.000000,0.000000,0.000000,0.000000,8.000000,-140.270000
1777586636.100956,0,5.000000,0.000000,5.000000,0.000000,0.000000,0.000000,0.000000,0.000000,8.000000,-140.270000
1777586636.107013,0,5.000000,0.000000,5.000000,0.000000,0.000000,0.000000,0.000000,0.000000,8.000000,-140.250000
1777586636.114659,0,5.000000,0.000000,5.000000,0.000000,0.000000,0.000000,0.000000,0.000000,8.000000,-140.250000
1777586636.131407,0,5.000000,0.000000,5.000000,0.000000,0.000000,0.000000,0.000000,0.000000,8.000000,-140.240000
1777586636.137221,0,5.000000,0.000000,5.000000,0.000000,0.000000,0.000000,0.000000,0.000000,8.000000,-140.220000
1777586636.144591,0,5.000000,0.000000,5.000000,0.000000,0.000000,0.000000,0.000000,0.000000,8.000000,-140.220000
1777586636.159651,0,5.000000,0.000000,5.000000,0.000000,0.000000,0.000000,0.000000,0.000000,8.000000,-140.210000
1777586636.167579,0,5.000000,0.000000,5.000000,0.000000,0.000000,0.000000,0.000000,0.000000,8.000000,-140.190000
1777586636.174670,0,5.000000,0.000000,5.000000,0.000000,0.000000,0.000000,0.000000,0.000000,8.000000,-140.190000
1777586636.182412,0,5.000000,0.000000,5.000000,0.000000,0.000000,0.000000,0.000000,0.000000,8.000000,-140.170000
1777586636.197235,0,5.000000,0.000000,5.000000,0.000000,0.000000,0.000000,0.000000,0.000000,8.000000,-140.160000
1777586636.204707,0,5.000000,0.000000,5.000000,0.000000,0.000000,0.000000,0.000000,0.000000,8.000000,-140.160000
1777586636.219775,0,5.000000,0.000000,5.000000,0.000000,0.000000,0.000000,0.000000,0.000000,8.000000,-140.140000
1777586636.227139,0,5.000000,0.000000,5.000000,0.000000,0.000000,0.000000,0.000000,0.000000,8.000000,-140.130000
1777586636.234830,0,5.000000,0.000000,5.000000,0.000000,0.000000,0.000000,0.000000,0.000000,8.000000,-140.130000
1777586636.241985,0,5.000000,0.000000,5.000000,0.000000,0.000000,0.000000,0.000000,0.000000,8.000000,-140.110000
1777586636.264749,0,5.000000,0.000000,5.000000,0.000000,0.000000,0.000000,0.000000,0.000000,8.000000,-140.110000
1777586636.277515,0,5.000000,0.000000,5.000000,0.000000,0.000000,0.000000,0.000000,0.000000,8.000000,-140.100000
1777586636.279490,0,5.000000,0.000000,5.000000,0.000000,0.000000,0.000000,0.000000,0.000000,8.000000,-140.080000
1777586636.287019,0,5.000000,0.000000,5.000000,0.000000,0.000000,0.000000,0.000000,0.000000,8.000000,-140.080000
1777586636.294615,0,5.000000,0.000000,5.000000,0.000000,0.000000,0.000000,0.000000,0.000000,8.000000,-140.070000
1777586636.302305,0,5.000000,0.000000,5.000000,0.000000,0.000000,0.000000,0.000000,0.000000,8.000000,-140.050000
1777586636.309635,0,5.000000,0.000000,5.000000,0.000000,0.000000,0.000000,0.000000,0.000000,8.000000,-140.050000
1777586636.332954,0,5.000000,0.000000,5.000000,0.000000,0.000000,0.000000,0.000000,0.000000,8.000000,-140.030000
1777586636.339530,0,5.000000,0.000000,5.000000,0.000000,0.000000,0.000000,0.000000,0.000000,8.000000,-140.020000
1777586636.346955,0,5.000000,0.000000,5.000000,0.000000,0.000000,0.000000,0.000000,0.000000,8.000000,-140.020000
1777586636.354570,0,5.000000,0.000000,5.000000,0.000000,0.000000,0.000000,0.000000,0.000000,8.000000,-140.000000
1777586636.362432,0,5.000000,0.000000,5.000000,0.000000,0.000000,0.000000,0.000000,0.000000,8.000000,-140.000000
1777586636.369453,0,5.000000,0.000000,5.000000,0.000000,0.000000,0.000000,0.000000,0.000000,8.000000,-139.990000
1777586636.392611,0,5.000000,0.000000,5.000000,0.000000,0.000000,0.000000,0.000000,0.000000,8.000000,-139.970000
1777586636.399625,0,5.000000,0.000000,5.000000,0.000000,0.000000,0.000000,0.000000,0.000000,8.000000,-139.970000
1777586636.407029,0,5.000000,0.000000,5.000000,0.000000,0.000000,0.000000,0.000000,0.000000,8.000000,-139.960000
1777586636.414494,0,5.000000,0.000000,5.000000,0.000000,0.000000,0.000000,0.000000,0.000000,8.000000,-139.940000
1777586636.422128,0,5.000000,0.000000,5.000000,0.000000,0.000000,0.000000,0.000000,0.000000,8.000000,-139.940000
1777586636.429624,0,5.000000,0.000000,5.000000,0.000000,0.000000,0.000000,0.000000,0.000000,8.000000,-139.920000
1777586636.452255,0,5.000000,0.000000,5.000000,0.000000,0.000000,0.000000,0.000000,0.000000,8.000000,-139.910000
1777586636.459719,0,5.000000,0.000000,5.000000,0.000000,0.000000,0.000000,0.000000,0.000000,8.000000,-139.910000
1777586636.467163,0,5.000000,0.000000,5.000000,0.000000,0.000000,0.000000,0.000000,0.000000,8.000000,-139.890000
1777586636.474582,0,5.000000,0.000000,5.000000,0.000000,0.000000,0.000000,0.000000,0.000000,8.000000,-139.880000
1777586636.482235,0,5.000000,0.000000,5.000000,0.000000,0.000000,0.000000,0.000000,0.000000,8.000000,-139.880000
1777586636.489983,0,5.000000,0.000000,5.000000,0.000000,0.000000,0.000000,0.000000,0.000000,8.000000,-139.860000
1777586636.512955,0,5.000000,0.000000,5.000000,0.000000,0.000000,0.000000,0.000000,0.000000,8.000000,-139.860000
1777586636.519751,0,5.000000,0.000000,5.000000,0.000000,0.000000,0.000000,0.000000,0.000000,8.000000,-139.850000
1777586636.534045,0,5.000000,0.000000,5.000000,0.000000,0.000000,0.000000,0.000000,0.000000,8.000000,-139.830000
1777586636.534855,0,5.000000,0.000000,5.000000,0.000000,0.000000,0.000000,0.000000,0.000000,8.000000,-139.830000
1777586636.542162,0,5.000000,0.000000,5.000000,0.000000,0.000000,0.000000,0.000000,0.000000,8.000000,-139.820000
1777586636.557756,0,5.000000,0.000000,5.000000,0.000000,0.000000,0.000000,0.000000,0.000000,8.000000,-139.800000
1777586636.564455,0,5.000000,0.000000,5.000000,0.000000,0.000000,0.000000,0.000000,0.000000,8.000000,-139.800000
1777586636.571940,0,5.000000,0.000000,5.000000,0.000000,0.000000,0.000000,0.000000,0.000000,8.000000,-139.780000
1777586636.579548,0,5.000000,0.000000,5.000000,0.000000,0.000000,0.000000,0.000000,0.000000,8.000000,-139.770000
1777586636.587348,0,5.000000,0.000000,5.000000,0.000000,0.000000,0.000000,0.000000,0.000000,8.000000,-139.770000
1777586636.602216,0,5.000000,0.000000,5.000000,0.000000,0.000000,0.000000,0.000000,0.000000,8.000000,-139.750000
1777586636.609777,0,5.000000,0.000000,5.000000,0.000000,0.000000,0.000000,0.000000,0.000000,8.000000,-139.750000
1777586636.625233,0,5.000000,0.000000,5.000000,0.000000,0.000000,0.000000,0.000000,0.000000,8.000000,-139.740000
1777586636.632124,0,5.000000,0.000000,5.000000,0.000000,0.000000,0.000000,0.000000,0.000000,8.000000,-139.720000
1777586636.639890,0,5.000000,0.000000,5.000000,0.000000,0.000000,0.000000,0.000000,0.000000,8.000000,-139.720000
1777586636.654982,0,5.000000,0.000000,5.000000,0.000000,0.000000,0.000000,0.000000,0.000000,8.000000,-139.710000
1777586636.661570,0,5.000000,0.000000,5.000000,0.000000,0.000000,0.000000,0.000000,0.000000,8.000000,-139.710000
1777586636.662672,0,5.000000,0.000000,5.000000,0.000000,0.000000,0.000000,0.000000,0.000000,8.000000,-139.690000
1777586636.684778,0,5.000000,0.000000,5.000000,0.000000,0.000000,0.000000,0.000000,0.000000,8.000000,-139.670000
1777586636.692119,0,5.000000,0.000000,5.000000,0.000000,0.000000,0.000000,0.000000,0.000000,8.000000,-139.670000
1777586636.699616,0,5.000000,0.000000,5.000000,0.000000,0.000000,0.000000,0.000000,0.000000,8.000000,-139.660000
1777586636.715294,0,5.000000,0.000000,5.000000,0.000000,0.000000,0.000000,0.000000,0.000000,8.000000,-139.660000
1777586636.722001,0,5.000000,0.000000,5.000000,0.000000,0.000000,0.000000,0.000000,0.000000,8.000000,-139.640000
1777586636.729707,0,5.000000,0.000000,5.000000,0.000000,0.000000,0.000000,0.000000,0.000000,8.000000,-139.630000
1777586636.737134,0,5.000000,0.000000,5.000000,0.000000,0.000000,0.000000,0.000000,0.000000,8.000000,-139.630000
1777586636.758968,0,5.000000,0.000000,5.000000,0.000000,0.000000,0.000000,0.000000,0.000000,8.000000,-139.610000
1777586636.760006,0,5.000000,0.000000,5.000000,0.000000,0.000000,0.000000,0.000000,0.000000,8.000000,-139.610000
1777586636.767833,0,5.000000,0.000000,5.000000,0.000000,0.000000,0.000000,0.000000,0.000000,8.000000,-139.600000
1777586636.782857,0,5.000000,0.000000,5.000000,0.000000,0.000000,0.000000,0.000000,0.000000,8.000000,-139.580000
1777586636.789250,0,0.000000,0.000000,0.000000,0.000000,0.000000,0.000000,0.000000,0.000000,8.000000,-139.580000
1777586636.797002,0,0.000000,0.000000,0.000000,0.000000,0.000000,0.000000,0.000000,0.000000,8.000000,-139.570000
1777586636.813010,0,0.000000,0.000000,0.000000,0.000000,0.000000,0.000000,0.000000,0.000000,8.000000,-139.550000
1777586636.819655,0,0.000000,0.000000,0.000000,0.000000,0.000000,0.000000,0.000000,0.000000,8.000000,-139.550000
1777586636.834937,0,0.000000,0.000000,0.000000,0.000000,0.000000,0.000000,0.000000,0.000000,8.000000,-139.520000
1777586636.842009,0,0.000000,0.000000,0.000000,0.000000,0.000000,0.000000,0.000000,0.000000,8.000000,-139.520000
1777586636.857490,0,0.000000,0.000000,0.000000,0.000000,0.000000,0.000000,0.000000,0.000000,8.000000,-139.520000
1777586636.864748,0,0.000000,0.000000,0.000000,0.000000,0.000000,0.000000,0.000000,0.000000,8.000000,-139.500000
1777586636.872074,0,0.000000,0.000000,0.000000,0.000000,0.000000,0.000000,0.000000,0.000000,8.000000,-139.490000
1777586636.887017,0,0.000000,0.000000,0.000000,0.000000,0.000000,0.000000,0.000000,0.000000,8.000000,-139.490000
1777586636.887917,0,0.000000,0.000000,0.000000,0.000000,0.000000,0.000000,0.000000,0.000000,8.000000,-139.470000
1777586636.895451,0,0.000000,0.000000,0.000000,0.000000,0.000000,0.000000,0.000000,0.000000,8.000000,-139.470000
1777586636.917619,0,0.000000,0.000000,0.000000,0.000000,0.000000,0.000000,0.000000,0.000000,8.000000,-139.460000
1777586636.924570,0,0.000000,0.000000,0.000000,0.000000,0.000000,0.000000,0.000000,0.000000,8.000000,-139.440000
1777586636.932430,0,0.000000,0.000000,0.000000,0.000000,0.000000,0.000000,0.000000,0.000000,8.000000,-139.440000
1777586636.939926,0,0.000000,0.000000,0.000000,0.000000,0.000000,0.000000,0.000000,0.000000,8.000000,-139.420000
1777586636.954646,0,0.000000,0.000000,0.000000,0.000000,0.000000,0.000000,0.000000,0.000000,8.000000,-139.410000
1777586636.961890,0,0.000000,0.000000,0.000000,0.000000,0.000000,0.000000,0.000000,0.000000,8.000000,-139.410000
1777586636.969500,0,0.000000,0.000000,0.000000,0.000000,0.000000,0.000000,0.000000,0.000000,8.000000,-139.390000
1777586636.977314,0,0.000000,0.000000,0.000000,0.000000,0.000000,0.000000,0.000000,0.000000,8.000000,-139.380000
1777586636.986128,0,0.000000,0.000000,0.000000,0.000000,0.000000,0.000000,0.000000,0.000000,8.000000,-139.380000
1777586637.007224,0,0.000000,0.000000,0.000000,0.000000,0.000000,0.000000,0.000000,0.000000,8.000000,-139.360000
1777586637.014823,0,0.000000,0.000000,0.000000,0.000000,0.000000,0.000000,0.000000,0.000000,8.000000,-139.360000
1777586637.022055,0,0.000000,0.000000,0.000000,0.000000,0.000000,0.000000,0.000000,0.000000,8.000000,-139.350000
1777586637.029438,0,0.000000,0.000000,0.000000,0.000000,0.000000,0.000000,0.000000,0.000000,8.000000,-139.330000
1777586637.037376,0,0.000000,0.000000,0.000000,0.000000,0.000000,0.000000,0.000000,0.000000,8.000000,-139.330000
1777586637.044878,0,0.000000,0.000000,0.000000,0.000000,0.000000,0.000000,0.000000,0.000000,8.000000,-139.320000
1777586637.067830,0,0.000000,0.000000,0.000000,0.000000,0.000000,0.000000,0.000000,0.000000,8.000000,-139.300000
1777586637.074480,0,0.000000,0.000000,0.000000,0.000000,0.000000,0.000000,0.000000,0.000000,8.000000,-139.300000
1777586637.082532,0,0.000000,0.000000,0.000000,0.000000,0.000000,0.000000,0.000000,0.000000,8.000000,-139.280000
1777586637.089421,0,0.000000,0.000000,0.000000,0.000000,0.000000,0.000000,0.000000,0.000000,8.000000,-139.270000
1777586637.097309,0,0.000000,0.000000,0.000000,0.000000,0.000000,0.000000,0.000000,0.000000,8.000000,-139.270000
1777586637.104497,0,0.000000,0.000000,0.000000,0.000000,0.000000,0.000000,0.000000,0.000000,8.000000,-139.250000
1777586637.127956,0,0.000000,0.000000,0.000000,0.000000,0.000000,0.000000,0.000000,0.000000,8.000000,-139.250000
1777586637.128466,0,0.000000,0.000000,0.000000,0.000000,0.000000,0.000000,0.000000,0.000000,8.000000,-139.240000
1777586637.134845,0,0.000000,0.000000,0.000000,0.000000,0.000000,0.000000,0.000000,0.000000,8.000000,-139.220000
1777586637.150415,0,0.000000,0.000000,0.000000,0.000000,0.000000,0.000000,0.000000,0.000000,8.000000,-139.220000
1777586637.156738,0,0.000000,0.000000,0.000000,0.000000,0.000000,0.000000,0.000000,0.000000,8.000000,-139.210000
1777586637.164265,0,0.000000,0.000000,0.000000,0.000000,0.000000,0.000000,0.000000,0.000000,8.000000,-139.190000
1777586637.180666,0,0.000000,0.000000,0.000000,0.000000,0.000000,0.000000,0.000000,0.000000,8.000000,-139.190000
1777586637.187163,0,0.000000,0.000000,0.000000,0.000000,0.000000,0.000000,0.000000,0.000000,8.000000,-139.170000
1777586637.194807,0,0.000000,0.000000,0.000000,0.000000,0.000000,0.000000,0.000000,0.000000,8.000000,-139.160000
1777586637.202213,0,0.000000,0.000000,0.000000,0.000000,0.000000,0.000000,0.000000,0.000000,8.000000,-139.160000
1777586637.224821,0,0.000000,0.000000,0.000000,0.000000,0.000000,0.000000,0.000000,0.000000,8.000000,-139.140000
1777586637.232227,0,0.000000,0.000000,0.000000,0.000000,0.000000,0.000000,0.000000,0.000000,8.000000,-139.130000
1777586637.239724,0,0.000000,0.000000,0.000000,0.000000,0.000000,0.000000,0.000000,0.000000,8.000000,-139.130000
1777586637.246931,0,0.000000,0.000000,0.000000,0.000000,0.000000,0.000000,0.000000,0.000000,8.000000,-139.110000
1777586637.254692,0,0.000000,0.000000,0.000000,0.000000,0.000000,0.000000,0.000000,0.000000,8.000000,-139.110000
1777586637.262055,0,0.000000,0.000000,0.000000,0.000000,0.000000,0.000000,0.000000,0.000000,8.000000,-139.100000
1777586637.277163,0,0.000000,0.000000,0.000000,0.000000,0.000000,0.000000,0.000000,0.000000,8.000000,-139.080000
1777586637.292795,0,0.000000,0.000000,0.000000,0.000000,0.000000,0.000000,0.000000,0.000000,8.000000,-139.080000
1777586637.299551,0,0.000000,0.000000,0.000000,0.000000,0.000000,0.000000,0.000000,0.000000,8.000000,-139.070000
1777586637.307343,0,0.000000,0.000000,0.000000,0.000000,0.000000,0.000000,0.000000,0.000000,8.000000,-139.050000
1777586637.314343,0,0.000000,0.000000,0.000000,0.000000,0.000000,0.000000,0.000000,0.000000,8.000000,-139.050000
1777586637.322134,0,0.000000,0.000000,0.000000,0.000000,0.000000,0.000000,0.000000,0.000000,8.000000,-139.030000
1777586637.329944,0,0.000000,0.000000,0.000000,0.000000,0.000000,0.000000,0.000000,0.000000,8.000000,-139.020000
1777586637.345214,0,0.000000,0.000000,0.000000,0.000000,0.000000,0.000000,0.000000,0.000000,8.000000,-139.020000
1777586637.351989,0,0.000000,0.000000,0.000000,0.000000,0.000000,0.000000,0.000000,0.000000,8.000000,-139.000000
1777586637.359518,0,0.000000,0.000000,0.000000,0.000000,0.000000,0.000000,0.000000,0.000000,8.000000,-139.000000
1777586637.374991,0,0.000000,0.000000,0.000000,0.000000,0.000000,0.000000,0.000000,0.000000,8.000000,-138.990000
1777586637.390270,0,0.000000,0.000000,0.000000,0.000000,0.000000,0.000000,0.000000,0.000000,8.000000,-138.970000
1777586637.396988,0,0.000000,0.000000,0.000000,0.000000,0.000000,0.000000,0.000000,0.000000,8.000000,-138.970000
1777586637.404673,0,0.000000,0.000000,0.000000,0.000000,0.000000,0.000000,0.000000,0.000000,8.000000,-138.960000
1777586637.411847,0,0.000000,0.000000,0.000000,0.000000,0.000000,0.000000,0.000000,0.000000,8.000000,-138.940000
1777586637.419478,0,0.000000,0.000000,0.000000,0.000000,0.000000,0.000000,0.000000,0.000000,8.000000,-138.940000
1777586637.443146,0,0.000000,0.000000,0.000000,0.000000,0.000000,0.000000,0.000000,0.000000,8.000000,-138.920000
1777586637.449392,0,0.000000,0.000000,0.000000,0.000000,0.000000,0.000000,0.000000,0.000000,8.000000,-138.910000
1777586637.456936,0,0.000000,0.000000,0.000000,0.000000,0.000000,0.000000,0.000000,0.000000,8.000000,-138.910000
1777586637.464716,0,0.000000,0.000000,0.000000,0.000000,0.000000,0.000000,0.000000,0.000000,8.000000,-138.890000
1777586637.472002,0,0.000000,0.000000,0.000000,0.000000,0.000000,0.000000,0.000000,0.000000,8.000000,-138.880000
1777586637.479741,0,0.000000,0.000000,0.000000,0.000000,0.000000,0.000000,0.000000,0.000000,8.000000,-138.880000
1777586637.495247,0,0.000000,0.000000,0.000000,0.000000,0.000000,0.000000,0.000000,0.000000,8.000000,-138.860000
1777586637.502104,0,0.000000,0.000000,0.000000,0.000000,0.000000,0.000000,0.000000,0.000000,8.000000,-138.860000
1777586637.509624,0,0.000000,0.000000,0.000000,0.000000,0.000000,0.000000,0.000000,0.000000,8.000000,-138.850000
1777586637.525129,0,0.000000,0.000000,0.000000,0.000000,0.000000,0.000000,0.000000,0.000000,8.000000,-138.830000
1777586637.539501,0,0.000000,0.000000,0.000000,0.000000,0.000000,0.000000,0.000000,0.000000,8.000000,-138.830000
1777586637.547002,0,0.000000,0.000000,0.000000,0.000000,0.000000,0.000000,0.000000,0.000000,8.000000,-138.820000
1777586637.554486,0,0.000000,0.000000,0.000000,0.000000,0.000000,0.000000,0.000000,0.000000,8.000000,-138.800000
1777586637.577142,0,0.000000,0.000000,0.000000,0.000000,0.000000,0.000000,0.000000,0.000000,8.000000,-138.800000
1777586637.584065,0,0.000000,0.000000,0.000000,0.000000,0.000000,0.000000,0.000000,0.000000,8.000000,-138.780000
1777586637.584937,0,0.000000,0.000000,0.000000,0.000000,0.000000,0.000000,0.000000,0.000000,8.000000,-138.770000
1777586637.591851,0,0.000000,0.000000,0.000000,0.000000,0.000000,0.000000,0.000000,0.000000,8.000000,-138.770000
1777586637.592947,0,0.000000,0.000000,0.000000,0.000000,0.000000,0.000000,0.000000,0.000000,8.000000,-138.770000
1777586637.615622,0,0.000000,0.000000,0.000000,0.000000,0.000000,0.000000,0.000000,0.000000,8.000000,-138.750000
1777586637.621932,0,0.000000,0.000000,0.000000,0.000000,0.000000,0.000000,0.000000,0.000000,8.000000,-138.740000
1777586637.637044,0,0.000000,0.000000,0.000000,0.000000,0.000000,0.000000,0.000000,0.000000,8.000000,-138.720000
1777586637.644777,0,0.000000,0.000000,0.000000,0.000000,0.000000,0.000000,0.000000,0.000000,8.000000,-138.720000
1777586637.652054,0,0.000000,0.000000,0.000000,0.000000,0.000000,0.000000,0.000000,0.000000,8.000000,-138.720000
1777586637.659535,0,0.000000,0.000000,0.000000,0.000000,0.000000,0.000000,0.000000,0.000000,8.000000,-138.710000
1777586637.670492,0,0.000000,0.000000,0.000000,0.000000,0.000000,0.000000,0.000000,0.000000,8.000000,-138.690000
1777586637.674449,0,0.000000,0.000000,0.000000,0.000000,0.000000,0.000000,0.000000,0.000000,8.000000,-138.690000
1777586637.698510,0,0.000000,0.000000,0.000000,0.000000,0.000000,0.000000,0.000000,0.000000,8.000000,-138.670000
1777586637.704597,0,0.000000,0.000000,0.000000,0.000000,0.000000,0.000000,0.000000,0.000000,8.000000,-138.660000
1777586637.712396,0,0.000000,0.000000,0.000000,0.000000,0.000000,0.000000,0.000000,0.000000,8.000000,-138.660000
1777586637.724631,0,0.000000,0.000000,0.000000,0.000000,0.000000,0.000000,0.000000,0.000000,8.000000,-138.640000
1777586637.726880,0,0.000000,0.000000,0.000000,0.000000,0.000000,0.000000,0.000000,0.000000,8.000000,-138.630000
1777586637.734699,0,0.000000,0.000000,0.000000,0.000000,0.000000,0.000000,0.000000,0.000000,8.000000,-138.630000
1777586637.750005,0,0.000000,0.000000,0.000000,0.000000,0.000000,0.000000,0.000000,0.000000,8.000000,-138.610000
1777586637.765231,0,0.000000,0.000000,0.000000,0.000000,0.000000,0.000000,0.000000,0.000000,8.000000,-138.610000
1777586637.771992,0,0.000000,0.000000,0.000000,0.000000,0.000000,0.000000,0.000000,0.000000,8.000000,-138.600000
1777586637.779710,0,0.000000,0.000000,0.000000,0.000000,0.000000,0.000000,0.000000,0.000000,8.000000,-138.580000
1777586637.794731,0,0.000000,0.000000,0.000000,0.000000,0.000000,0.000000,0.000000,0.000000,8.000000,-138.580000
1777586637.796206,0,0.000000,0.000000,0.000000,0.000000,0.000000,0.000000,0.000000,0.000000,8.000000,-138.570000
1777586637.839877,0,0.000000,0.000000,0.000000,0.000000,0.000000,0.000000,0.000000,0.000000,8.000000,-138.550000
1777586637.840623,0,0.000000,0.000000,0.000000,0.000000,0.000000,0.000000,0.000000,0.000000,8.000000,-138.550000
1777586637.860218,0,0.000000,0.000000,0.000000,0.000000,0.000000,0.000000,0.000000,0.000000,8.000000,-138.530000
1777586637.878635,0,0.000000,0.000000,0.000000,0.000000,0.000000,0.000000,0.000000,0.000000,8.000000,-138.520000
1777586637.879246,0,0.000000,0.000000,0.000000,0.000000,0.000000,0.000000,0.000000,0.000000,8.000000,-138.500000
1777586637.900120,0,0.000000,0.000000,0.000000,0.000000,0.000000,0.000000,0.000000,0.000000,8.000000,-138.500000
1777586637.900610,0,0.000000,0.000000,0.000000,0.000000,0.000000,0.000000,0.000000,0.000000,8.000000,-138.490000
1777586637.919968,0,0.000000,0.000000,0.000000,0.000000,0.000000,0.000000,0.000000,0.000000,8.000000,-138.470000
1777586637.920408,0,0.000000,0.000000,0.000000,0.000000,0.000000,0.000000,0.000000,0.000000,8.000000,-138.470000
1777586637.920755,0,0.000000,0.000000,0.000000,0.000000,0.000000,0.000000,0.000000,0.000000,8.000000,-138.460000
1777586637.940134,0,0.000000,0.000000,0.000000,0.000000,0.000000,0.000000,0.000000,0.000000,8.000000,-138.460000
1777586637.940635,0,0.000000,0.000000,0.000000,0.000000,0.000000,0.000000,0.000000,0.000000,8.000000,-138.440000
1777586637.958595,0,0.000000,0.000000,0.000000,0.000000,0.000000,0.000000,0.000000,0.000000,8.000000,-138.420000
1777586637.975462,0,0.000000,0.000000,0.000000,0.000000,0.000000,0.000000,0.000000,0.000000,8.000000,-138.420000
1777586637.975921,0,0.000000,0.000000,0.000000,0.000000,0.000000,0.000000,0.000000,0.000000,8.000000,-138.410000
1777586637.976396,0,0.000000,0.000000,0.000000,0.000000,0.000000,0.000000,0.000000,0.000000,8.000000,-138.410000
1777586637.992940,0,0.000000,0.000000,0.000000,0.000000,0.000000,0.000000,0.000000,0.000000,8.000000,-138.390000
1777586638.009989,0,0.000000,0.000000,0.000000,0.000000,0.000000,0.000000,0.000000,0.000000,8.000000,-138.380000
1777586638.010478,0,0.000000,0.000000,0.000000,0.000000,0.000000,0.000000,0.000000,0.000000,8.000000,-138.380000
1777586638.026823,0,0.000000,0.000000,0.000000,0.000000,0.000000,0.000000,0.000000,0.000000,8.000000,-138.360000
1777586638.027491,0,0.000000,0.000000,0.000000,0.000000,0.000000,0.000000,0.000000,0.000000,8.000000,-138.360000
1777586638.044534,0,0.000000,0.000000,0.000000,0.000000,0.000000,0.000000,0.000000,0.000000,8.000000,-138.350000
1777586638.061194,0,0.000000,0.000000,0.000000,0.000000,0.000000,0.000000,0.000000,0.000000,8.000000,-138.330000
1777586638.061668,0,0.000000,0.000000,0.000000,0.000000,0.000000,0.000000,0.000000,0.000000,8.000000,-138.330000
1777586638.078162,0,0.000000,0.000000,0.000000,0.000000,0.000000,0.000000,0.000000,0.000000,8.000000,-138.320000
1777586638.078764,0,0.000000,0.000000,0.000000,0.000000,0.000000,0.000000,0.000000,0.000000,8.000000,-138.300000
1777586638.096798,0,0.000000,0.000000,0.000000,0.000000,0.000000,0.000000,0.000000,0.000000,8.000000,-138.300000
1777586638.097376,0,0.000000,0.000000,0.000000,0.000000,0.000000,0.000000,0.000000,0.000000,8.000000,-138.280000
1777586638.113554,0,0.000000,0.000000,0.000000,0.000000,0.000000,0.000000,0.000000,0.000000,8.000000,-138.270000
1777586638.114029,0,0.000000,0.000000,0.000000,0.000000,0.000000,0.000000,0.000000,0.000000,8.000000,-138.270000
1777586638.130655,0,0.000000,0.000000,0.000000,0.000000,0.000000,0.000000,0.000000,0.000000,8.000000,-138.250000
1777586638.150653,0,0.000000,0.000000,0.000000,0.000000,0.000000,0.000000,0.000000,0.000000,8.000000,-138.250000
1777586638.151224,0,0.000000,0.000000,0.000000,0.000000,0.000000,0.000000,0.000000,0.000000,8.000000,-138.240000
1777586638.167856,0,0.000000,0.000000,0.000000,0.000000,0.000000,0.000000,0.000000,0.000000,8.000000,-138.220000
1777586638.168321,0,0.000000,0.000000,0.000000,0.000000,0.000000,0.000000,0.000000,0.000000,8.000000,-138.220000
1777586638.185496,0,0.000000,0.000000,0.000000,0.000000,0.000000,0.000000,0.000000,0.000000,8.000000,-138.210000
1777586638.186081,0,0.000000,0.000000,0.000000,0.000000,0.000000,0.000000,0.000000,0.000000,8.000000,-138.190000
1777586638.203645,0,0.000000,0.000000,0.000000,0.000000,0.000000,0.000000,0.000000,0.000000,8.000000,-138.190000
1777586638.222163,0,0.000000,0.000000,0.000000,0.000000,0.000000,0.000000,0.000000,0.000000,8.000000,-138.170000
1777586638.222634,0,0.000000,0.000000,0.000000,0.000000,0.000000,0.000000,0.000000,0.000000,8.000000,-138.160000
1777586638.240128,0,0.000000,0.000000,0.000000,0.000000,0.000000,0.000000,0.000000,0.000000,8.000000,-138.160000
1777586638.240592,0,0.000000,0.000000,0.000000,0.000000,0.000000,0.000000,0.000000,0.000000,8.000000,-138.140000
1777586638.257605,0,0.000000,0.000000,0.000000,0.000000,0.000000,0.000000,0.000000,0.000000,8.000000,-138.130000
1777586638.258070,0,0.000000,0.000000,0.000000,0.000000,0.000000,0.000000,0.000000,0.000000,8.000000,-138.130000
1777586638.275600,0,0.000000,0.000000,0.000000,0.000000,0.000000,0.000000,0.000000,0.000000,8.000000,-138.110000
1777586638.293482,0,0.000000,0.000000,0.000000,0.000000,0.000000,0.000000,0.000000,0.000000,8.000000,-138.110000
1777586638.293944,0,0.000000,0.000000,0.000000,0.000000,0.000000,0.000000,0.000000,0.000000,8.000000,-138.100000
1777586638.311771,0,0.000000,0.000000,0.000000,0.000000,0.000000,0.000000,0.000000,0.000000,8.000000,-138.080000
1777586638.312322,0,0.000000,0.000000,0.000000,0.000000,0.000000,0.000000,0.000000,0.000000,8.000000,-138.080000
1777586638.329029,0,0.000000,0.000000,0.000000,0.000000,0.000000,0.000000,0.000000,0.000000,8.000000,-138.070000
1777586638.329491,0,0.000000,0.000000,0.000000,0.000000,0.000000,0.000000,0.000000,0.000000,8.000000,-138.050000
1777586638.329890,0,0.000000,0.000000,0.000000,0.000000,0.000000,0.000000,0.000000,0.000000,8.000000,-138.050000
1777586638.346557,0,0.000000,0.000000,0.000000,0.000000,0.000000,0.000000,0.000000,0.000000,8.000000,-138.030000
1777586638.347015,0,0.000000,0.000000,0.000000,0.000000,0.000000,0.000000,0.000000,0.000000,8.000000,-138.020000
1777586638.364921,0,0.000000,0.000000,0.000000,0.000000,0.000000,0.000000,0.000000,0.000000,8.000000,-138.020000
1777586638.381026,0,0.000000,0.000000,0.000000,0.000000,0.000000,0.000000,0.000000,0.000000,8.000000,-138.000000
1777586638.381495,0,0.000000,0.000000,0.000000,0.000000,0.000000,0.000000,0.000000,0.000000,8.000000,-138.000000
1777586638.398850,0,0.000000,0.000000,0.000000,0.000000,0.000000,0.000000,0.000000,0.000000,8.000000,-137.990000
1777586638.415407,0,0.000000,0.000000,0.000000,0.000000,0.000000,0.000000,0.000000,0.000000,8.000000,-137.970000
1777586638.415929,0,0.000000,0.000000,0.000000,0.000000,0.000000,0.000000,0.000000,0.000000,8.000000,-137.970000
1777586638.432234,0,0.000000,0.000000,0.000000,0.000000,0.000000,0.000000,0.000000,0.000000,8.000000,-137.960000
1777586638.432815,0,0.000000,0.000000,0.000000,0.000000,0.000000,0.000000,0.000000,0.000000,8.000000,-137.940000
1777586638.434031,0,0.000000,0.000000,0.000000,0.000000,0.000000,0.000000,0.000000,0.000000,8.000000,-137.940000
1777586638.462906,0,0.000000,0.000000,0.000000,0.000000,0.000000,0.000000,0.000000,0.000000,8.000000,-137.920000
1777586638.463386,0,0.000000,0.000000,0.000000,0.000000,0.000000,0.000000,0.000000,0.000000,8.000000,-137.910000
1777586638.463743,0,0.000000,0.000000,0.000000,0.000000,0.000000,0.000000,0.000000,0.000000,8.000000,-137.910000
1777586638.492760,0,0.000000,0.000000,0.000000,0.000000,0.000000,0.000000,0.000000,0.000000,8.000000,-137.890000
1777586638.493249,0,0.000000,0.000000,0.000000,0.000000,0.000000,0.000000,0.000000,0.000000,8.000000,-137.880000
1777586638.494462,0,0.000000,0.000000,0.000000,0.000000,0.000000,0.000000,0.000000,0.000000,8.000000,-137.880000
1777586638.524132,0,0.000000,0.000000,0.000000,0.000000,0.000000,0.000000,0.000000,0.000000,8.000000,-137.860000
1777586638.524696,0,0.000000,0.000000,0.000000,0.000000,0.000000,0.000000,0.000000,0.000000,8.000000,-137.860000
1777586638.526013,0,0.000000,0.000000,0.000000,0.000000,0.000000,0.000000,0.000000,0.000000,8.000000,-137.850000
1777586638.526383,0,0.000000,0.000000,0.000000,0.000000,0.000000,0.000000,0.000000,0.000000,8.000000,-137.830000
1777586638.554614,0,0.000000,0.000000,0.000000,0.000000,0.000000,0.000000,0.000000,0.000000,8.000000,-137.830000
1777586638.555973,0,0.000000,0.000000,0.000000,0.000000,0.000000,0.000000,0.000000,0.000000,8.000000,-137.820000
1777586638.556419,0,0.000000,0.000000,0.000000,0.000000,0.000000,0.000000,0.000000,0.000000,8.000000,-137.800000
1777586638.585280,0,0.000000,0.000000,0.000000,0.000000,0.000000,0.000000,0.000000,0.000000,8.000000,-137.800000
1777586638.586662,0,0.000000,0.000000,0.000000,0.000000,0.000000,0.000000,0.000000,0.000000,8.000000,-137.780000
1777586638.587034,0,0.000000,0.000000,0.000000,0.000000,0.000000,0.000000,0.000000,0.000000,8.000000,-137.770000
1777586638.615502,0,0.000000,0.000000,0.000000,0.000000,0.000000,0.000000,0.000000,0.000000,8.000000,-137.770000
1777586638.615992,0,0.000000,0.000000,0.000000,0.000000,0.000000,0.000000,0.000000,0.000000,8.000000,-137.750000
1777586638.644764,0,0.000000,0.000000,0.000000,0.000000,0.000000,0.000000,0.000000,0.000000,8.000000,-137.750000
1777586638.645249,0,0.000000,0.000000,0.000000,0.000000,0.000000,0.000000,0.000000,0.000000,8.000000,-137.740000
1777586638.645774,0,0.000000,0.000000,0.000000,0.000000,0.000000,0.000000,0.000000,0.000000,8.000000,-137.720000
1777586638.646118,0,0.000000,0.000000,0.000000,0.000000,0.000000,0.000000,0.000000,0.000000,8.000000,-137.720000
1777586638.676207,0,0.000000,0.000000,0.000000,0.000000,0.000000,0.000000,0.000000,0.000000,8.000000,-137.710000
1777586638.676842,0,0.000000,0.000000,0.000000,0.000000,0.000000,0.000000,0.000000,0.000000,8.000000,-137.690000
1777586638.677222,0,0.000000,0.000000,0.000000,0.000000,0.000000,0.000000,0.000000,0.000000,8.000000,-137.690000
1777586638.706744,0,0.000000,0.000000,0.000000,0.000000,0.000000,0.000000,0.000000,0.000000,8.000000,-137.670000
1777586638.707211,0,0.000000,0.000000,0.000000,0.000000,0.000000,0.000000,0.000000,0.000000,8.000000,-137.660000
1777586638.736481,0,0.000000,0.000000,0.000000,0.000000,0.000000,0.000000,0.000000,0.000000,8.000000,-137.660000
1777586638.736967,0,0.000000,0.000000,0.000000,0.000000,0.000000,0.000000,0.000000,0.000000,8.000000,-137.640000
1777586638.738163,0,0.000000,0.000000,0.000000,0.000000,0.000000,0.000000,0.000000,0.000000,8.000000,-137.630000
1777586638.738581,0,0.000000,0.000000,0.000000,0.000000,0.000000,0.000000,0.000000,0.000000,8.000000,-137.630000
1777586638.754038,0,0.000000,0.000000,0.000000,0.000000,0.000000,0.000000,0.000000,0.000000,8.000000,-137.610000
1777586638.784388,0,0.000000,0.000000,0.000000,0.000000,0.000000,0.000000,0.000000,0.000000,8.000000,-137.610000
1777586638.785017,0,0.000000,0.000000,0.000000,0.000000,0.000000,0.000000,0.000000,0.000000,8.000000,-137.600000
1777586638.785928,0,0.000000,0.000000,0.000000,0.000000,0.000000,0.000000,0.000000,0.000000,8.000000,-137.580000
1777586638.803311,0,0.000000,0.000000,0.000000,0.000000,0.000000,0.000000,0.000000,0.000000,8.000000,-137.580000
1777586638.820939,0,0.000000,0.000000,0.000000,0.000000,0.000000,0.000000,0.000000,0.000000,8.000000,-137.570000
1777586638.836901,0,0.000000,0.000000,0.000000,0.000000,0.000000,0.000000,0.000000,0.000000,8.000000,-137.550000
1777586638.837368,0,0.000000,0.000000,0.000000,0.000000,0.000000,0.000000,0.000000,0.000000,8.000000,-137.550000
1777586638.837895,0,0.000000,0.000000,0.000000,0.000000,0.000000,0.000000,0.000000,0.000000,8.000000,-137.530000
1777586638.867342,0,0.000000,0.000000,0.000000,0.000000,0.000000,0.000000,0.000000,0.000000,8.000000,-137.520000
1777586638.867823,0,0.000000,0.000000,0.000000,0.000000,0.000000,0.000000,0.000000,0.000000,8.000000,-137.520000
1777586638.868477,0,0.000000,0.000000,0.000000,0.000000,0.000000,0.000000,0.000000,0.000000,8.000000,-137.500000
1777586638.868896,0,0.000000,0.000000,0.000000,0.000000,0.000000,0.000000,0.000000,0.000000,8.000000,-137.500000
1777586638.897261,0,0.000000,0.000000,0.000000,0.000000,0.000000,0.000000,0.000000,0.000000,8.000000,-137.490000
1777586638.897970,0,0.000000,0.000000,0.000000,0.000000,0.000000,0.000000,0.000000,0.000000,8.000000,-137.470000
1777586638.898365,0,0.000000,0.000000,0.000000,0.000000,0.000000,0.000000,0.000000,0.000000,8.000000,-137.470000
1777586638.927639,0,0.000000,0.000000,0.000000,0.000000,0.000000,0.000000,0.000000,0.000000,8.000000,-137.460000
1777586638.928127,0,0.000000,0.000000,0.000000,0.000000,0.000000,0.000000,0.000000,0.000000,8.000000,-137.440000
1777586638.928653,0,0.000000,0.000000,0.000000,0.000000,0.000000,0.000000,0.000000,0.000000,8.000000,-137.440000
1777586638.957514,0,0.000000,0.000000,0.000000,0.000000,0.000000,0.000000,0.000000,0.000000,8.000000,-137.420000
1777586638.957982,0,0.000000,0.000000,0.000000,0.000000,0.000000,0.000000,0.000000,0.000000,8.000000,-137.410000
1777586638.987394,0,0.000000,0.000000,0.000000,0.000000,0.000000,0.000000,0.000000,0.000000,8.000000,-137.410000
1777586638.987887,0,0.000000,0.000000,0.000000,0.000000,0.000000,0.000000,0.000000,0.000000,8.000000,-137.390000
1777586638.988256,0,0.000000,0.000000,0.000000,0.000000,0.000000,0.000000,0.000000,0.000000,8.000000,-137.380000
1777586638.988905,0,0.000000,0.000000,0.000000,0.000000,0.000000,0.000000,0.000000,0.000000,8.000000,-137.380000
1777586639.017707,0,0.000000,0.000000,0.000000,0.000000,0.000000,0.000000,0.000000,0.000000,8.000000,-137.360000
1777586639.018181,0,0.000000,0.000000,0.000000,0.000000,0.000000,0.000000,0.000000,0.000000,8.000000,-137.360000
1777586639.018836,0,0.000000,0.000000,0.000000,0.000000,0.000000,0.000000,0.000000,0.000000,8.000000,-137.350000
1777586639.047610,0,0.000000,0.000000,0.000000,0.000000,0.000000,0.000000,0.000000,0.000000,8.000000,-137.330000
1777586639.048085,0,0.000000,0.000000,0.000000,0.000000,0.000000,0.000000,0.000000,0.000000,8.000000,-137.330000
1777586639.048640,0,0.000000,0.000000,0.000000,0.000000,0.000000,0.000000,0.000000,0.000000,8.000000,-137.320000
1777586639.077507,0,0.000000,0.000000,0.000000,0.000000,0.000000,0.000000,0.000000,0.000000,8.000000,-137.300000
1777586639.078131,0,0.000000,0.000000,0.000000,0.000000,0.000000,0.000000,0.000000,0.000000,8.000000,-137.300000
1777586639.094910,0,0.000000,0.000000,0.000000,0.000000,0.000000,0.000000,0.000000,0.000000,8.000000,-137.280000
1777586639.111387,0,0.000000,0.000000,0.000000,0.000000,0.000000,0.000000,0.000000,0.000000,8.000000,-137.270000
1777586639.111886,0,0.000000,0.000000,0.000000,0.000000,0.000000,0.000000,0.000000,0.000000,8.000000,-137.270000
1777586639.128942,0,0.000000,0.000000,0.000000,0.000000,0.000000,0.000000,0.000000,0.000000,8.000000,-137.250000
1777586639.146764,0,0.000000,0.000000,0.000000,0.000000,0.000000,0.000000,0.000000,0.000000,8.000000,-137.250000
1777586639.147225,0,0.000000,0.000000,0.000000,0.000000,0.000000,0.000000,0.000000,0.000000,8.000000,-137.240000
1777586639.147693,0,0.000000,0.000000,0.000000,0.000000,0.000000,0.000000,0.000000,0.000000,8.000000,-137.220000
1777586639.163249,0,0.000000,0.000000,0.000000,0.000000,0.000000,0.000000,0.000000,0.000000,8.000000,-137.220000
1777586639.179561,0,0.000000,0.000000,0.000000,0.000000,0.000000,0.000000,0.000000,0.000000,8.000000,-137.210000
1777586639.196094,0,0.000000,0.000000,0.000000,0.000000,0.000000,0.000000,0.000000,0.000000,8.000000,-137.210000
1777586639.196595,0,0.000000,0.000000,0.000000,0.000000,0.000000,0.000000,0.000000,0.000000,8.000000,-137.190000
1777586639.213116,0,0.000000,0.000000,0.000000,0.000000,0.000000,0.000000,0.000000,0.000000,8.000000,-137.170000
1777586639.213611,0,0.000000,0.000000,0.000000,0.000000,0.000000,0.000000,0.000000,0.000000,8.000000,-137.160000
1777586639.214121,0,0.000000,0.000000,0.000000,0.000000,0.000000,0.000000,0.000000,0.000000,8.000000,-137.160000
1777586639.243148,0,0.000000,0.000000,0.000000,0.000000,0.000000,0.000000,0.000000,0.000000,8.000000,-137.140000
1777586639.243619,0,0.000000,0.000000,0.000000,0.000000,0.000000,0.000000,0.000000,0.000000,8.000000,-137.140000
1777586639.244170,0,0.000000,0.000000,0.000000,0.000000,0.000000,0.000000,0.000000,0.000000,8.000000,-137.130000
1777586639.244543,0,0.000000,0.000000,0.000000,0.000000,0.000000,0.000000,0.000000,0.000000,8.000000,-137.130000
1777586639.274665,0,0.000000,0.000000,0.000000,0.000000,0.000000,0.000000,0.000000,0.000000,8.000000,-137.110000
1777586639.275354,0,0.000000,0.000000,0.000000,0.000000,0.000000,0.000000,0.000000,0.000000,8.000000,-137.110000
1777586639.275742,0,0.000000,0.000000,0.000000,0.000000,0.000000,0.000000,0.000000,0.000000,8.000000,-137.100000
1777586639.306261,0,0.000000,0.000000,0.000000,0.000000,0.000000,0.000000,0.000000,0.000000,8.000000,-137.080000
1777586639.306728,0,0.000000,0.000000,0.000000,0.000000,0.000000,0.000000,0.000000,0.000000,8.000000,-137.080000
1777586639.307230,0,0.000000,0.000000,0.000000,0.000000,0.000000,0.000000,0.000000,0.000000,8.000000,-137.070000
1777586639.340024,0,0.000000,0.000000,0.000000,0.000000,0.000000,0.000000,0.000000,0.000000,8.000000,-137.050000
1777586639.340788,0,0.000000,0.000000,0.000000,0.000000,0.000000,0.000000,0.000000,0.000000,8.000000,-137.050000
1777586639.341201,0,0.000000,0.000000,0.000000,0.000000,0.000000,0.000000,0.000000,0.000000,8.000000,-137.030000
1777586639.341559,0,0.000000,0.000000,0.000000,0.000000,0.000000,0.000000,0.000000,0.000000,8.000000,-137.020000
1777586639.370790,0,0.000000,0.000000,0.000000,0.000000,0.000000,0.000000,0.000000,0.000000,8.000000,-137.020000
1777586639.371270,0,0.000000,0.000000,0.000000,0.000000,0.000000,0.000000,0.000000,0.000000,8.000000,-137.000000
1777586639.371849,0,0.000000,0.000000,0.000000,0.000000,0.000000,0.000000,0.000000,0.000000,8.000000,-137.000000
1777586639.400579,0,0.000000,0.000000,0.000000,0.000000,0.000000,0.000000,0.000000,0.000000,8.000000,-136.990000
1777586639.401216,0,0.000000,0.000000,0.000000,0.000000,0.000000,0.000000,0.000000,0.000000,8.000000,-136.970000
1777586639.401617,0,0.000000,0.000000,0.000000,0.000000,0.000000,0.000000,0.000000,0.000000,8.000000,-136.970000
1777586639.430049,0,0.000000,0.000000,0.000000,0.000000,0.000000,0.000000,0.000000,0.000000,8.000000,-136.960000
1777586639.430524,0,0.000000,0.000000,0.000000,0.000000,0.000000,0.000000,0.000000,0.000000,8.000000,-136.940000
1777586639.431021,0,0.000000,0.000000,0.000000,0.000000,0.000000,0.000000,0.000000,0.000000,8.000000,-136.940000
1777586639.459746,0,0.000000,0.000000,0.000000,0.000000,0.000000,0.000000,0.000000,0.000000,8.000000,-136.920000
1777586639.460226,0,0.000000,0.000000,0.000000,0.000000,0.000000,0.000000,0.000000,0.000000,8.000000,-136.910000
1777586639.460816,0,0.000000,0.000000,0.000000,0.000000,0.000000,0.000000,0.000000,0.000000,8.000000,-136.910000
1777586639.490329,0,0.000000,0.000000,0.000000,0.000000,0.000000,0.000000,0.000000,0.000000,8.000000,-136.890000
1777586639.490807,0,0.000000,0.000000,0.000000,0.000000,0.000000,0.000000,0.000000,0.000000,8.000000,-136.880000
1777586639.519822,0,0.000000,0.000000,0.000000,0.000000,0.000000,0.000000,0.000000,0.000000,8.000000,-136.880000
1777586639.520299,0,0.000000,0.000000,0.000000,0.000000,0.000000,0.000000,0.000000,0.000000,8.000000,-136.860000
1777586639.521178,0,0.000000,0.000000,0.000000,0.000000,0.000000,0.000000,0.000000,0.000000,8.000000,-136.860000
1777586639.521543,0,0.000000,0.000000,0.000000,0.000000,0.000000,0.000000,0.000000,0.000000,8.000000,-136.850000
1777586639.550560,0,0.000000,0.000000,0.000000,0.000000,0.000000,0.000000,0.000000,0.000000,8.000000,-136.830000
1777586639.551203,0,0.000000,0.000000,0.000000,0.000000,0.000000,0.000000,0.000000,0.000000,8.000000,-136.830000
1777586639.551557,0,0.000000,0.000000,0.000000,0.000000,0.000000,0.000000,0.000000,0.000000,8.000000,-136.820000
1777586639.579522,0,0.000000,0.000000,0.000000,0.000000,0.000000,0.000000,0.000000,0.000000,8.000000,-136.800000
1777586639.596516,0,0.000000,0.000000,0.000000,0.000000,0.000000,0.000000,0.000000,0.000000,8.000000,-136.800000
1777586639.612962,0,0.000000,0.000000,0.000000,0.000000,0.000000,0.000000,0.000000,0.000000,8.000000,-136.780000
1777586639.613434,0,0.000000,0.000000,0.000000,0.000000,0.000000,0.000000,0.000000,0.000000,8.000000,-136.770000
1777586639.629473,0,0.000000,0.000000,0.000000,0.000000,0.000000,0.000000,0.000000,0.000000,8.000000,-136.770000
1777586639.629944,0,0.000000,0.000000,0.000000,0.000000,0.000000,0.000000,0.000000,0.000000,8.000000,-136.750000
1777586639.646604,0,0.000000,0.000000,0.000000,0.000000,0.000000,0.000000,0.000000,0.000000,8.000000,-136.750000
1777586639.647282,0,0.000000,0.000000,0.000000,0.000000,0.000000,0.000000,0.000000,0.000000,8.000000,-136.740000
1777586639.664028,0,0.000000,0.000000,0.000000,0.000000,0.000000,0.000000,0.000000,0.000000,8.000000,-136.720000
1777586639.680133,0,0.000000,0.000000,0.000000,0.000000,0.000000,0.000000,0.000000,0.000000,8.000000,-136.720000
1777586639.680606,0,0.000000,0.000000,0.000000,0.000000,0.000000,0.000000,0.000000,0.000000,8.000000,-136.710000
1777586639.696025,0,0.000000,0.000000,0.000000,0.000000,0.000000,0.000000,0.000000,0.000000,8.000000,-136.690000
1777586639.712575,0,0.000000,0.000000,0.000000,0.000000,0.000000,0.000000,0.000000,0.000000,8.000000,-136.690000
1777586639.728249,0,0.000000,0.000000,0.000000,0.000000,0.000000,0.000000,0.000000,0.000000,8.000000,-136.670000
1777586639.728720,0,0.000000,0.000000,0.000000,0.000000,0.000000,0.000000,0.000000,0.000000,8.000000,-136.660000
1777586639.729097,0,0.000000,0.000000,0.000000,0.000000,0.000000,0.000000,0.000000,0.000000,8.000000,-136.660000
1777586639.729607,0,0.000000,0.000000,0.000000,0.000000,0.000000,0.000000,0.000000,0.000000,8.000000,-136.640000
1777586639.758167,0,0.000000,0.000000,0.000000,0.000000,0.000000,0.000000,0.000000,0.000000,8.000000,-136.630000
1777586639.758642,0,0.000000,0.000000,0.000000,0.000000,0.000000,0.000000,0.000000,0.000000,8.000000,-136.610000
1777586639.759294,0,0.000000,0.000000,0.000000,0.000000,0.000000,0.000000,0.000000,0.000000,8.000000,-136.610000
1777586639.789168,0,0.000000,0.000000,0.000000,0.000000,0.000000,0.000000,0.000000,0.000000,8.000000,-136.610000
1777586639.789636,0,0.000000,0.000000,0.000000,0.000000,0.000000,0.000000,0.000000,0.000000,8.000000,-136.600000
1777586639.790295,0,0.000000,0.000000,0.000000,0.000000,0.000000,0.000000,0.000000,0.000000,8.000000,-136.580000
1777586639.822517,0,0.000000,0.000000,0.000000,0.000000,0.000000,0.000000,0.000000,0.000000,8.000000,-136.580000
1777586639.823004,0,0.000000,0.000000,0.000000,0.000000,0.000000,0.000000,0.000000,0.000000,8.000000,-136.570000
1777586639.823364,0,0.000000,0.000000,0.000000,0.000000,0.000000,0.000000,0.000000,0.000000,8.000000,-136.550000
1777586639.851591,0,0.000000,0.000000,0.000000,0.000000,0.000000,0.000000,0.000000,0.000000,8.000000,-136.550000
1777586639.852091,0,0.000000,0.000000,0.000000,0.000000,0.000000,0.000000,0.000000,0.000000,8.000000,-136.530000
1777586639.852623,0,0.000000,0.000000,0.000000,0.000000,0.000000,0.000000,0.000000,0.000000,8.000000,-136.520000
1777586639.853003,0,0.000000,0.000000,0.000000,0.000000,0.000000,0.000000,0.000000,0.000000,8.000000,-136.520000
1777586639.880733,0,0.000000,0.000000,0.000000,0.000000,0.000000,0.000000,0.000000,0.000000,8.000000,-136.500000
1777586639.881461,0,0.000000,0.000000,0.000000,0.000000,0.000000,0.000000,0.000000,0.000000,8.000000,-136.500000
1777586639.881873,0,0.000000,0.000000,0.000000,0.000000,0.000000,0.000000,0.000000,0.000000,8.000000,-136.490000
1777586639.910597,0,0.000000,0.000000,0.000000,0.000000,0.000000,0.000000,0.000000,0.000000,8.000000,-136.470000
1777586639.911233,0,0.000000,0.000000,0.000000,0.000000,0.000000,0.000000,0.000000,0.000000,8.000000,-136.470000
1777586639.911622,0,0.000000,0.000000,0.000000,0.000000,0.000000,0.000000,0.000000,0.000000,8.000000,-136.460000
1777586639.940611,0,0.000000,0.000000,0.000000,0.000000,0.000000,0.000000,0.000000,0.000000,8.000000,-136.440000
1777586639.941081,0,0.000000,0.000000,0.000000,0.000000,0.000000,0.000000,0.000000,0.000000,8.000000,-136.440000
1777586639.969674,0,0.000000,0.000000,0.000000,0.000000,0.000000,0.000000,0.000000,0.000000,8.000000,-136.420000
1777586639.970249,0,0.000000,0.000000,0.000000,0.000000,0.000000,0.000000,0.000000,0.000000,8.000000,-136.410000
1777586639.971380,0,0.000000,0.000000,0.000000,0.000000,0.000000,0.000000,0.000000,0.000000,8.000000,-136.410000
1777586639.987535,0,0.000000,0.000000,0.000000,0.000000,0.000000,0.000000,0.000000,0.000000,8.000000,-136.390000
1777586640.003190,0,0.000000,0.000000,0.000000,0.000000,0.000000,0.000000,0.000000,0.000000,8.000000,-136.380000
1777586640.003670,0,0.000000,0.000000,0.000000,0.000000,0.000000,0.000000,0.000000,0.000000,8.000000,-136.380000
1777586640.021271,0,0.000000,0.000000,0.000000,0.000000,0.000000,0.000000,0.000000,0.000000,8.000000,-136.360000
1777586640.039404,0,0.000000,0.000000,0.000000,0.000000,0.000000,0.000000,0.000000,0.000000,8.000000,-136.360000
1777586640.039970,0,0.000000,0.000000,0.000000,0.000000,0.000000,0.000000,0.000000,0.000000,8.000000,-136.350000
1777586640.056910,0,0.000000,0.000000,0.000000,0.000000,0.000000,0.000000,0.000000,0.000000,8.000000,-136.330000
1777586640.057368,0,0.000000,0.000000,0.000000,0.000000,0.000000,0.000000,0.000000,0.000000,8.000000,-136.330000
1777586640.086567,0,0.000000,0.000000,0.000000,0.000000,0.000000,0.000000,0.000000,0.000000,8.000000,-136.320000
1777586640.087040,0,0.000000,0.000000,0.000000,0.000000,0.000000,0.000000,0.000000,0.000000,8.000000,-136.300000
1777586640.087509,0,0.000000,0.000000,0.000000,0.000000,0.000000,0.000000,0.000000,0.000000,8.000000,-136.300000
1777586640.087881,0,0.000000,0.000000,0.000000,0.000000,0.000000,0.000000,0.000000,0.000000,8.000000,-136.280000
1777586640.104805,0,0.000000,0.000000,0.000000,0.000000,0.000000,0.000000,0.000000,0.000000,8.000000,-136.270000
1777586640.120178,0,0.000000,0.000000,0.000000,0.000000,0.000000,0.000000,0.000000,0.000000,8.000000,-136.270000
1777586640.120742,0,0.000000,0.000000,0.000000,0.000000,0.000000,0.000000,0.000000,0.000000,8.000000,-136.250000
1777586640.150742,0,0.000000,0.000000,0.000000,0.000000,0.000000,0.000000,0.000000,0.000000,8.000000,-136.250000
1777586640.151198,0,0.000000,0.000000,0.000000,0.000000,0.000000,0.000000,0.000000,0.000000,8.000000,-136.240000
1777586640.152245,0,0.000000,0.000000,0.000000,0.000000,0.000000,0.000000,0.000000,0.000000,8.000000,-136.220000
1777586640.152606,0,0.000000,0.000000,0.000000,0.000000,0.000000,0.000000,0.000000,0.000000,8.000000,-136.220000
1777586640.184196,0,0.000000,0.000000,0.000000,0.000000,0.000000,0.000000,0.000000,0.000000,8.000000,-136.210000
1777586640.184664,0,0.000000,0.000000,0.000000,0.000000,0.000000,0.000000,0.000000,0.000000,8.000000,-136.190000
1777586640.217429,0,0.000000,0.000000,0.000000,0.000000,0.000000,0.000000,0.000000,0.000000,8.000000,-136.190000
1777586640.217956,0,0.000000,0.000000,0.000000,0.000000,0.000000,0.000000,0.000000,0.000000,8.000000,-136.170000
1777586640.218297,0,0.000000,0.000000,0.000000,0.000000,0.000000,0.000000,0.000000,0.000000,8.000000,-136.160000
1777586640.218782,0,0.000000,0.000000,0.000000,0.000000,0.000000,0.000000,0.000000,0.000000,8.000000,-136.160000
1777586640.236057,0,0.000000,0.000000,0.000000,0.000000,0.000000,0.000000,0.000000,0.000000,8.000000,-136.140000
1777586640.254274,0,0.000000,0.000000,0.000000,0.000000,0.000000,0.000000,0.000000,0.000000,8.000000,-136.130000
1777586640.272983,0,0.000000,0.000000,0.000000,0.000000,0.000000,0.000000,0.000000,0.000000,8.000000,-136.130000
1777586640.273443,0,0.000000,0.000000,0.000000,0.000000,0.000000,0.000000,0.000000,0.000000,8.000000,-136.110000
1777586640.292237,0,0.000000,0.000000,0.000000,0.000000,0.000000,0.000000,0.000000,0.000000,8.000000,-136.110000
1777586640.292684,0,0.000000,0.000000,0.000000,0.000000,0.000000,0.000000,0.000000,0.000000,8.000000,-136.100000
1777586640.311377,0,0.000000,0.000000,0.000000,0.000000,0.000000,0.000000,0.000000,0.000000,8.000000,-136.080000
1777586640.311834,0,0.000000,0.000000,0.000000,0.000000,0.000000,0.000000,0.000000,0.000000,8.000000,-136.080000
1777586640.329057,0,0.000000,0.000000,0.000000,0.000000,0.000000,0.000000,0.000000,0.000000,8.000000,-136.070000
1777586640.329782,0,0.000000,0.000000,0.000000,0.000000,0.000000,0.000000,0.000000,0.000000,8.000000,-136.050000
1777586640.348079,0,0.000000,0.000000,0.000000,0.000000,0.000000,0.000000,0.000000,0.000000,8.000000,-136.050000
1777586640.348549,0,0.000000,0.000000,0.000000,0.000000,0.000000,0.000000,0.000000,0.000000,8.000000,-136.030000
1777586640.349056,0,0.000000,0.000000,0.000000,0.000000,0.000000,0.000000,0.000000,0.000000,8.000000,-136.020000
1777586640.381862,0,0.000000,0.000000,0.000000,0.000000,0.000000,0.000000,0.000000,0.000000,8.000000,-136.020000
1777586640.382440,0,0.000000,0.000000,0.000000,0.000000,0.000000,0.000000,0.000000,0.000000,8.000000,-136.000000
1777586640.382786,0,0.000000,0.000000,0.000000,0.000000,0.000000,0.000000,0.000000,0.000000,8.000000,-136.000000
1777586640.383314,0,0.000000,0.000000,0.000000,0.000000,0.000000,0.000000,0.000000,0.000000,8.000000,-135.990000
1777586640.400395,0,0.000000,0.000000,0.000000,0.000000,0.000000,0.000000,0.000000,0.000000,8.000000,-135.970000
1777586640.418604,0,0.000000,0.000000,0.000000,0.000000,0.000000,0.000000,0.000000,0.000000,8.000000,-135.970000
1777586640.436824,0,0.000000,0.000000,0.000000,0.000000,0.000000,0.000000,0.000000,0.000000,8.000000,-135.960000
1777586640.437445,0,0.000000,0.000000,0.000000,0.000000,0.000000,0.000000,0.000000,0.000000,8.000000,-135.940000
1777586640.454964,0,0.000000,0.000000,0.000000,0.000000,0.000000,0.000000,0.000000,0.000000,8.000000,-135.940000
1777586640.455425,0,0.000000,0.000000,0.000000,0.000000,0.000000,0.000000,0.000000,0.000000,8.000000,-135.920000
1777586640.473540,0,0.000000,0.000000,0.000000,0.000000,0.000000,0.000000,0.000000,0.000000,8.000000,-135.910000
1777586640.474187,0,0.000000,0.000000,0.000000,0.000000,0.000000,0.000000,0.000000,0.000000,8.000000,-135.910000
1777586640.491912,0,0.000000,0.000000,0.000000,0.000000,0.000000,0.000000,0.000000,0.000000,8.000000,-135.890000
1777586640.509790,0,0.000000,0.000000,0.000000,0.000000,0.000000,0.000000,0.000000,0.000000,8.000000,-135.880000
1777586640.510247,0,0.000000,0.000000,0.000000,0.000000,0.000000,0.000000,0.000000,0.000000,8.000000,-135.880000
1777586640.525865,0,0.000000,0.000000,0.000000,0.000000,0.000000,0.000000,0.000000,0.000000,8.000000,-135.860000
1777586640.526333,0,0.000000,0.000000,0.000000,0.000000,0.000000,0.000000,0.000000,0.000000,8.000000,-135.860000
1777586640.542462,0,0.000000,0.000000,0.000000,0.000000,0.000000,0.000000,0.000000,0.000000,8.000000,-135.850000
1777586640.542927,0,0.000000,0.000000,0.000000,0.000000,0.000000,0.000000,0.000000,0.000000,8.000000,-135.830000
1777586640.558529,0,0.000000,0.000000,0.000000,0.000000,0.000000,0.000000,0.000000,0.000000,8.000000,-135.830000
1777586640.574042,0,0.000000,0.000000,0.000000,0.000000,0.000000,0.000000,0.000000,0.000000,8.000000,-135.820000
1777586640.574521,0,0.000000,0.000000,0.000000,0.000000,0.000000,0.000000,0.000000,0.000000,8.000000,-135.800000
1777586640.591264,0,0.000000,0.000000,0.000000,0.000000,0.000000,0.000000,0.000000,0.000000,8.000000,-135.800000
1777586640.607474,0,0.000000,0.000000,0.000000,0.000000,0.000000,0.000000,0.000000,0.000000,8.000000,-135.780000
1777586640.607948,0,0.000000,0.000000,0.000000,0.000000,0.000000,0.000000,0.000000,0.000000,8.000000,-135.770000
1777586640.608432,0,0.000000,0.000000,0.000000,0.000000,0.000000,0.000000,0.000000,0.000000,8.000000,-135.770000
1777586640.624476,0,0.000000,0.000000,0.000000,0.000000,0.000000,0.000000,0.000000,0.000000,8.000000,-135.750000
1777586640.640233,0,0.000000,0.000000,0.000000,0.000000,0.000000,0.000000,0.000000,0.000000,8.000000,-135.750000
1777586640.640710,0,0.000000,0.000000,0.000000,0.000000,0.000000,0.000000,0.000000,0.000000,8.000000,-135.740000
1777586640.658818,0,0.000000,0.000000,0.000000,0.000000,0.000000,0.000000,0.000000,0.000000,8.000000,-135.720000
1777586640.676653,0,0.000000,0.000000,0.000000,0.000000,0.000000,0.000000,0.000000,0.000000,8.000000,-135.720000
1777586640.677179,0,0.000000,0.000000,0.000000,0.000000,0.000000,0.000000,0.000000,0.000000,8.000000,-135.710000
1777586640.677650,0,0.000000,0.000000,0.000000,0.000000,0.000000,0.000000,0.000000,0.000000,8.000000,-135.690000
1777586640.695334,0,0.000000,0.000000,0.000000,0.000000,0.000000,0.000000,0.000000,0.000000,8.000000,-135.690000
1777586640.712193,0,0.000000,0.000000,0.000000,0.000000,0.000000,0.000000,0.000000,0.000000,8.000000,-135.670000
1777586640.712847,0,0.000000,0.000000,0.000000,0.000000,0.000000,0.000000,0.000000,0.000000,8.000000,-135.660000
1777586640.729568,0,0.000000,0.000000,0.000000,0.000000,0.000000,0.000000,0.000000,0.000000,8.000000,-135.660000
1777586640.730032,0,0.000000,0.000000,0.000000,0.000000,0.000000,0.000000,0.000000,0.000000,8.000000,-135.640000
1777586640.748716,0,0.000000,0.000000,0.000000,0.000000,0.000000,0.000000,0.000000,0.000000,8.000000,-135.630000
1777586640.765131,0,0.000000,0.000000,0.000000,0.000000,0.000000,0.000000,0.000000,0.000000,8.000000,-135.630000
1777586640.765625,0,0.000000,0.000000,0.000000,0.000000,0.000000,0.000000,0.000000,0.000000,8.000000,-135.610000
1777586640.766124,0,0.000000,0.000000,0.000000,0.000000,0.000000,0.000000,0.000000,0.000000,8.000000,-135.610000
1777586640.781364,0,0.000000,0.000000,0.000000,0.000000,0.000000,0.000000,0.000000,0.000000,8.000000,-135.600000
1777586640.796612,0,0.000000,0.000000,0.000000,0.000000,0.000000,0.000000,0.000000,0.000000,8.000000,-135.580000
1777586640.813453,0,0.000000,0.000000,0.000000,0.000000,0.000000,0.000000,0.000000,0.000000,8.000000,-135.580000
1777586640.829587,0,0.000000,0.000000,0.000000,0.000000,0.000000,0.000000,0.000000,0.000000,8.000000,-135.580000
1777586640.830024,0,0.000000,0.000000,0.000000,0.000000,0.000000,0.000000,0.000000,0.000000,8.000000,-135.570000
1777586640.830383,0,0.000000,0.000000,0.000000,0.000000,0.000000,0.000000,0.000000,0.000000,8.000000,-135.550000
1777586640.848165,0,0.000000,0.000000,0.000000,0.000000,0.000000,0.000000,0.000000,0.000000,8.000000,-135.550000
1777586640.849020,0,0.000000,0.000000,0.000000,0.000000,0.000000,0.000000,0.000000,0.000000,8.000000,-135.530000
1777586640.867397,0,0.000000,0.000000,0.000000,0.000000,0.000000,0.000000,0.000000,0.000000,8.000000,-135.520000
1777586640.867876,0,0.000000,0.000000,0.000000,0.000000,0.000000,0.000000,0.000000,0.000000,8.000000,-135.520000
1777586640.886229,0,0.000000,0.000000,0.000000,0.000000,0.000000,0.000000,0.000000,0.000000,8.000000,-135.500000
1777586640.886847,0,0.000000,0.000000,0.000000,0.000000,0.000000,0.000000,0.000000,0.000000,8.000000,-135.500000
1777586640.905541,0,0.000000,0.000000,0.000000,0.000000,0.000000,0.000000,0.000000,0.000000,8.000000,-135.490000
1777586640.925451,0,0.000000,0.000000,0.000000,0.000000,0.000000,0.000000,0.000000,0.000000,8.000000,-135.470000
1777586640.925958,0,0.000000,0.000000,0.000000,0.000000,0.000000,0.000000,0.000000,0.000000,8.000000,-135.470000
1777586640.945125,0,0.000000,0.000000,0.000000,0.000000,0.000000,0.000000,0.000000,0.000000,8.000000,-135.460000
1777586640.963384,0,0.000000,0.000000,0.000000,0.000000,0.000000,0.000000,0.000000,0.000000,8.000000,-135.440000
1777586640.963848,0,0.000000,0.000000,0.000000,0.000000,0.000000,0.000000,0.000000,0.000000,8.000000,-135.440000
1777586640.964223,0,0.000000,0.000000,0.000000,0.000000,0.000000,0.000000,0.000000,0.000000,8.000000,-135.420000
1777586640.980473,0,0.000000,0.000000,0.000000,0.000000,0.000000,0.000000,0.000000,0.000000,8.000000,-135.410000
1777586640.981176,0,0.000000,0.000000,0.000000,0.000000,0.000000,0.000000,0.000000,0.000000,8.000000,-135.410000
1777586640.997404,0,0.000000,0.000000,0.000000,0.000000,0.000000,0.000000,0.000000,0.000000,8.000000,-135.390000
1777586640.997858,0,0.000000,0.000000,0.000000,0.000000,0.000000,0.000000,0.000000,0.000000,8.000000,-135.380000
1777586640.998550,0,0.000000,0.000000,0.000000,0.000000,0.000000,0.000000,0.000000,0.000000,8.000000,-135.380000
1777586641.028974,0,0.000000,0.000000,0.000000,0.000000,0.000000,0.000000,0.000000,0.000000,8.000000,-135.360000
1777586641.029516,0,0.000000,0.000000,0.000000,0.000000,0.000000,0.000000,0.000000,0.000000,8.000000,-135.360000
1777586641.030038,0,0.000000,0.000000,0.000000,0.000000,0.000000,0.000000,0.000000,0.000000,8.000000,-135.350000
1777586641.030391,0,0.000000,0.000000,0.000000,0.000000,0.000000,0.000000,0.000000,0.000000,8.000000,-135.330000
1777586641.058274,0,0.000000,0.000000,0.000000,0.000000,0.000000,0.000000,0.000000,0.000000,8.000000,-135.330000
1777586641.059008,0,0.000000,0.000000,0.000000,0.000000,0.000000,0.000000,0.000000,0.000000,8.000000,-135.320000
1777586641.059439,0,0.000000,0.000000,0.000000,0.000000,0.000000,0.000000,0.000000,0.000000,8.000000,-135.300000
1777586641.091248,0,0.000000,0.000000,0.000000,0.000000,0.000000,0.000000,0.000000,0.000000,8.000000,-135.300000
1777586641.091852,0,0.000000,0.000000,0.000000,0.000000,0.000000,0.000000,0.000000,0.000000,8.000000,-135.280000
1777586641.092215,0,0.000000,0.000000,0.000000,0.000000,0.000000,0.000000,0.000000,0.000000,8.000000,-135.270000
1777586641.125787,0,0.000000,0.000000,0.000000,0.000000,0.000000,0.000000,0.000000,0.000000,8.000000,-135.270000
1777586641.126261,0,0.000000,0.000000,0.000000,0.000000,0.000000,0.000000,0.000000,0.000000,8.000000,-135.250000
1777586641.128015,0,0.000000,0.000000,0.000000,0.000000,0.000000,0.000000,0.000000,0.000000,8.000000,-135.250000
1777586641.162642,0,0.000000,0.000000,0.000000,0.000000,0.000000,0.000000,0.000000,0.000000,8.000000,-135.240000
1777586641.163147,0,0.000000,0.000000,0.000000,0.000000,0.000000,0.000000,0.000000,0.000000,8.000000,-135.220000
1777586641.163665,0,0.000000,0.000000,0.000000,0.000000,0.000000,0.000000,0.000000,0.000000,8.000000,-135.220000
1777586641.197221,0,0.000000,0.000000,0.000000,0.000000,0.000000,0.000000,0.000000,0.000000,8.000000,-135.210000
1777586641.197735,0,0.000000,0.000000,0.000000,0.000000,0.000000,0.000000,0.000000,0.000000,8.000000,-135.190000
1777586641.198283,0,0.000000,0.000000,0.000000,0.000000,0.000000,0.000000,0.000000,0.000000,8.000000,-135.190000
1777586641.198821,0,0.000000,0.000000,0.000000,0.000000,0.000000,0.000000,0.000000,0.000000,8.000000,-135.170000
1777586641.216469,0,0.000000,0.000000,0.000000,0.000000,0.000000,0.000000,0.000000,0.000000,8.000000,-135.160000
1777586641.234637,0,0.000000,0.000000,0.000000,0.000000,0.000000,0.000000,0.000000,0.000000,8.000000,-135.160000
1777586641.253766,0,0.000000,0.000000,0.000000,0.000000,0.000000,0.000000,0.000000,0.000000,8.000000,-135.140000
1777586641.254206,0,0.000000,0.000000,0.000000,0.000000,0.000000,0.000000,0.000000,0.000000,8.000000,-135.130000
1777586641.271614,0,0.000000,0.000000,0.000000,0.000000,0.000000,0.000000,0.000000,0.000000,8.000000,-135.130000
1777586641.272072,0,0.000000,0.000000,0.000000,0.000000,0.000000,0.000000,0.000000,0.000000,8.000000,-135.110000
1777586641.288642,0,0.000000,0.000000,0.000000,0.000000,0.000000,0.000000,0.000000,0.000000,8.000000,-135.110000
1777586641.289413,0,0.000000,0.000000,0.000000,0.000000,0.000000,0.000000,0.000000,0.000000,8.000000,-135.100000
1777586641.307479,0,0.000000,0.000000,0.000000,0.000000,0.000000,0.000000,0.000000,0.000000,8.000000,-135.080000
1777586641.307991,0,0.000000,0.000000,0.000000,0.000000,0.000000,0.000000,0.000000,0.000000,8.000000,-135.080000
1777586641.323978,0,0.000000,0.000000,0.000000,0.000000,0.000000,0.000000,0.000000,0.000000,8.000000,-135.070000
1777586641.324439,0,0.000000,0.000000,0.000000,0.000000,0.000000,0.000000,0.000000,0.000000,8.000000,-135.050000
1777586641.341143,0,0.000000,0.000000,0.000000,0.000000,0.000000,0.000000,0.000000,0.000000,8.000000,-135.050000
1777586641.356996,0,0.000000,0.000000,0.000000,0.000000,0.000000,0.000000,0.000000,0.000000,8.000000,-135.030000
1777586641.357467,0,0.000000,0.000000,0.000000,0.000000,0.000000,0.000000,0.000000,0.000000,8.000000,-135.020000
1777586641.373901,0,0.000000,0.000000,0.000000,0.000000,0.000000,0.000000,0.000000,0.000000,8.000000,-135.020000
1777586641.390647,0,0.000000,0.000000,0.000000,0.000000,0.000000,0.000000,0.000000,0.000000,8.000000,-135.000000
1777586641.391112,0,0.000000,0.000000,0.000000,0.000000,0.000000,0.000000,0.000000,0.000000,8.000000,-135.000000
1777586641.408234,0,0.000000,0.000000,0.000000,0.000000,0.000000,0.000000,0.000000,0.000000,8.000000,-134.990000
1777586641.408870,0,0.000000,0.000000,0.000000,0.000000,0.000000,0.000000,0.000000,0.000000,8.000000,-134.970000
1777586641.425398,0,0.000000,0.000000,0.000000,0.000000,0.000000,0.000000,0.000000,0.000000,8.000000,-134.970000
1777586641.444021,0,0.000000,0.000000,0.000000,0.000000,0.000000,0.000000,0.000000,0.000000,8.000000,-134.960000
1777586641.444487,0,0.000000,0.000000,0.000000,0.000000,0.000000,0.000000,0.000000,0.000000,8.000000,-134.940000
1777586641.462968,0,0.000000,0.000000,0.000000,0.000000,0.000000,0.000000,0.000000,0.000000,8.000000,-134.940000
1777586641.463432,0,0.000000,0.000000,0.000000,0.000000,0.000000,0.000000,0.000000,0.000000,8.000000,-134.920000
1777586641.481254,0,0.000000,0.000000,0.000000,0.000000,0.000000,0.000000,0.000000,0.000000,8.000000,-134.910000
1777586641.481740,0,0.000000,0.000000,0.000000,0.000000,0.000000,0.000000,0.000000,0.000000,8.000000,-134.910000
1777586641.500949,0,0.000000,0.000000,0.000000,0.000000,0.000000,0.000000,0.000000,0.000000,8.000000,-134.890000
1777586641.501440,0,0.000000,0.000000,0.000000,0.000000,0.000000,0.000000,0.000000,0.000000,8.000000,-134.880000
1777586641.520496,0,0.000000,0.000000,0.000000,0.000000,0.000000,0.000000,0.000000,0.000000,8.000000,-134.880000
1777586641.520970,0,0.000000,0.000000,0.000000,0.000000,0.000000,0.000000,0.000000,0.000000,8.000000,-134.860000
1777586641.538205,0,0.000000,0.000000,0.000000,0.000000,0.000000,0.000000,0.000000,0.000000,8.000000,-134.860000
1777586641.538735,0,0.000000,0.000000,0.000000,0.000000,0.000000,0.000000,0.000000,0.000000,8.000000,-134.850000
1777586641.539191,0,0.000000,0.000000,0.000000,0.000000,0.000000,0.000000,0.000000,0.000000,8.000000,-134.830000
1777586641.556720,0,0.000000,0.000000,0.000000,0.000000,0.000000,0.000000,0.000000,0.000000,8.000000,-134.830000
1777586641.574969,0,0.000000,0.000000,0.000000,0.000000,0.000000,0.000000,0.000000,0.000000,8.000000,-134.820000
1777586641.575788,0,0.000000,0.000000,0.000000,0.000000,0.000000,0.000000,0.000000,0.000000,8.000000,-134.800000
1777586641.593664,0,0.000000,0.000000,0.000000,0.000000,0.000000,0.000000,0.000000,0.000000,8.000000,-134.800000
1777586641.612452,0,0.000000,0.000000,0.000000,0.000000,0.000000,0.000000,0.000000,0.000000,8.000000,-134.780000
1777586641.629841,0,0.000000,0.000000,0.000000,0.000000,0.000000,0.000000,0.000000,0.000000,8.000000,-134.770000
1777586641.630310,0,0.000000,0.000000,0.000000,0.000000,0.000000,0.000000,0.000000,0.000000,8.000000,-134.770000
1777586641.630670,0,0.000000,0.000000,0.000000,0.000000,0.000000,0.000000,0.000000,0.000000,8.000000,-134.750000
1777586641.648857,0,0.000000,0.000000,0.000000,0.000000,0.000000,0.000000,0.000000,0.000000,8.000000,-134.750000
1777586641.649764,0,0.000000,0.000000,0.000000,0.000000,0.000000,0.000000,0.000000,0.000000,8.000000,-134.740000
1777586641.650201,0,0.000000,0.000000,0.000000,0.000000,0.000000,0.000000,0.000000,0.000000,8.000000,-134.720000
1777586641.667386,0,0.000000,0.000000,0.000000,0.000000,0.000000,0.000000,0.000000,0.000000,8.000000,-134.720000
1777586641.685088,0,0.000000,0.000000,0.000000,0.000000,0.000000,0.000000,0.000000,0.000000,8.000000,-134.710000
1777586641.702918,0,0.000000,0.000000,0.000000,0.000000,0.000000,0.000000,0.000000,0.000000,8.000000,-134.690000
1777586641.703395,0,0.000000,0.000000,0.000000,0.000000,0.000000,0.000000,0.000000,0.000000,8.000000,-134.690000
1777586641.704102,0,0.000000,0.000000,0.000000,0.000000,0.000000,0.000000,0.000000,0.000000,8.000000,-134.670000
1777586641.720821,0,0.000000,0.000000,0.000000,0.000000,0.000000,0.000000,0.000000,0.000000,8.000000,-134.660000
1777586641.721332,0,0.000000,0.000000,0.000000,0.000000,0.000000,0.000000,0.000000,0.000000,8.000000,-134.660000
1777586641.741024,0,0.000000,0.000000,0.000000,0.000000,0.000000,0.000000,0.000000,0.000000,8.000000,-134.640000
1777586641.760686,0,0.000000,0.000000,0.000000,0.000000,0.000000,0.000000,0.000000,0.000000,8.000000,-134.630000
1777586641.761146,0,0.000000,0.000000,0.000000,0.000000,0.000000,0.000000,0.000000,0.000000,8.000000,-134.630000
1777586641.761502,0,0.000000,0.000000,0.000000,0.000000,0.000000,0.000000,0.000000,0.000000,8.000000,-134.610000
1777586641.795990,0,0.000000,0.000000,0.000000,0.000000,0.000000,0.000000,0.000000,0.000000,8.000000,-134.610000
1777586641.796462,0,0.000000,0.000000,0.000000,0.000000,0.000000,0.000000,0.000000,0.000000,8.000000,-134.600000
1777586641.796839,0,0.000000,0.000000,0.000000,0.000000,0.000000,0.000000,0.000000,0.000000,8.000000,-134.580000
1777586641.797468,0,5.000000,0.000000,0.000000,0.000000,0.000000,0.000000,0.000000,0.000000,8.000000,-134.580000
1777586641.797890,0,5.000000,0.000000,5.000000,0.000000,0.000000,0.000000,0.000000,0.000000,8.000000,-134.570000
1777586641.818221,0,5.000000,0.000000,5.000000,0.000000,0.000000,0.000000,0.000000,0.000000,8.000000,-134.550000
1777586641.854253,0,5.000000,0.000000,5.000000,0.000000,0.000000,0.000000,0.000000,0.000000,8.000000,-134.550000
1777586641.854730,0,5.000000,0.000000,5.000000,0.000000,0.000000,0.000000,0.000000,0.000000,8.000000,-134.530000
1777586641.855070,0,5.000000,0.000000,5.000000,0.000000,0.000000,0.000000,0.000000,0.000000,8.000000,-134.520000
1777586641.855697,0,5.000000,0.000000,5.000000,0.000000,0.000000,0.000000,0.000000,0.000000,8.000000,-134.520000
1777586641.856093,0,5.000000,0.000000,5.000000,0.000000,0.000000,0.000000,0.000000,0.000000,8.000000,-134.500000
1777586641.892163,0,5.000000,0.000000,5.000000,0.000000,0.000000,0.000000,0.000000,0.000000,8.000000,-134.500000
1777586641.892702,0,5.000000,0.000000,5.000000,0.000000,0.000000,0.000000,0.000000,0.000000,8.000000,-134.490000
1777586641.893113,0,5.000000,0.000000,5.000000,0.000000,0.000000,0.000000,0.000000,0.000000,8.000000,-134.470000
1777586641.930499,0,5.000000,0.000000,5.000000,0.000000,0.000000,0.000000,0.000000,0.000000,8.000000,-134.470000
1777586641.931108,0,5.000000,0.000000,5.000000,0.000000,0.000000,0.000000,0.000000,0.000000,8.000000,-134.460000
1777586641.931986,0,5.000000,0.000000,5.000000,0.000000,0.000000,0.000000,0.000000,0.000000,8.000000,-134.440000
1777586641.959381,0,5.000000,0.000000,5.000000,0.000000,0.000000,0.000000,0.000000,0.000000,8.000000,-134.440000
1777586641.979423,0,5.000000,0.000000,5.000000,0.000000,0.000000,0.000000,0.000000,0.000000,8.000000,-134.420000
1777586641.979938,0,5.000000,0.000000,5.000000,0.000000,0.000000,0.000000,0.000000,0.000000,8.000000,-134.410000
1777586641.980322,0,5.000000,0.000000,5.000000,0.000000,0.000000,0.000000,0.000000,0.000000,8.000000,-134.410000
1777586642.000180,0,5.000000,0.000000,5.000000,0.000000,0.000000,0.000000,0.000000,0.000000,8.000000,-134.390000
1777586642.000737,0,5.000000,0.000000,5.000000,0.000000,0.000000,0.000000,0.000000,0.000000,8.000000,-134.380000
1777586642.001089,0,5.000000,0.000000,5.000000,0.000000,0.000000,0.000000,0.000000,0.000000,8.000000,-134.380000
1777586642.019901,0,5.000000,0.000000,5.000000,0.000000,0.000000,0.000000,0.000000,0.000000,8.000000,-134.360000
1777586642.020448,0,5.000000,0.000000,5.000000,0.000000,0.000000,0.000000,0.000000,0.000000,8.000000,-134.360000
1777586642.040808,0,5.000000,0.000000,5.000000,0.000000,0.000000,0.000000,0.000000,0.000000,8.000000,-134.350000
1777586642.060756,0,5.000000,0.000000,5.000000,0.000000,0.000000,0.000000,0.000000,0.000000,8.000000,-134.330000
1777586642.061244,0,5.000000,0.000000,5.000000,0.000000,0.000000,0.000000,0.000000,0.000000,8.000000,-134.330000
1777586642.080734,0,5.000000,0.000000,5.000000,0.000000,0.000000,0.000000,0.000000,0.000000,8.000000,-134.320000
1777586642.081429,0,5.000000,0.000000,5.000000,0.000000,0.000000,0.000000,0.000000,0.000000,8.000000,-134.300000
1777586642.081956,0,5.000000,0.000000,5.000000,0.000000,0.000000,0.000000,0.000000,0.000000,8.000000,-134.300000
1777586642.101837,0,5.000000,0.000000,5.000000,0.000000,0.000000,0.000000,0.000000,0.000000,8.000000,-134.280000
1777586642.120317,0,5.000000,0.000000,5.000000,0.000000,0.000000,0.000000,0.000000,0.000000,8.000000,-134.270000
1777586642.120862,0,5.000000,0.000000,5.000000,0.000000,0.000000,0.000000,0.000000,0.000000,8.000000,-134.270000
1777586642.121271,0,5.000000,0.000000,5.000000,0.000000,0.000000,0.000000,0.000000,0.000000,8.000000,-134.250000
1777586642.140762,0,5.000000,0.000000,5.000000,0.000000,0.000000,0.000000,0.000000,0.000000,8.000000,-134.250000
1777586642.141330,0,5.000000,0.000000,5.000000,0.000000,0.000000,0.000000,0.000000,0.000000,8.000000,-134.240000
1777586642.162372,0,5.000000,0.000000,5.000000,0.000000,0.000000,0.000000,0.000000,0.000000,8.000000,-134.220000
1777586642.182874,0,5.000000,0.000000,5.000000,0.000000,0.000000,0.000000,0.000000,0.000000,8.000000,-134.220000
1777586642.183350,0,5.000000,0.000000,5.000000,0.000000,0.000000,0.000000,0.000000,0.000000,8.000000,-134.210000
1777586642.201907,0,5.000000,0.000000,5.000000,0.000000,0.000000,0.000000,0.000000,0.000000,8.000000,-134.190000
1777586642.202384,0,5.000000,0.000000,5.000000,0.000000,0.000000,0.000000,0.000000,0.000000,8.000000,-134.190000
1777586642.202899,0,5.000000,0.000000,5.000000,0.000000,0.000000,0.000000,0.000000,0.000000,8.000000,-134.170000
1777586642.222658,0,5.000000,0.000000,5.000000,0.000000,0.000000,0.000000,0.000000,0.000000,8.000000,-134.160000
1777586642.242406,0,5.000000,0.000000,5.000000,0.000000,0.000000,0.000000,0.000000,0.000000,8.000000,-134.160000
1777586642.261796,0,5.000000,0.000000,5.000000,0.000000,0.000000,0.000000,0.000000,0.000000,8.000000,-134.140000
1777586642.262260,0,5.000000,0.000000,5.000000,0.000000,0.000000,0.000000,0.000000,0.000000,8.000000,-134.130000
1777586642.262766,0,5.000000,0.000000,5.000000,0.000000,0.000000,0.000000,0.000000,0.000000,8.000000,-134.130000
1777586642.282410,0,5.000000,0.000000,5.000000,0.000000,0.000000,0.000000,0.000000,0.000000,8.000000,-134.110000
1777586642.282926,0,5.000000,0.000000,5.000000,0.000000,0.000000,0.000000,0.000000,0.000000,8.000000,-134.110000
1777586642.303715,0,5.000000,0.000000,5.000000,0.000000,0.000000,0.000000,0.000000,0.000000,8.000000,-134.100000
1777586642.304190,0,5.000000,0.000000,5.000000,0.000000,0.000000,0.000000,0.000000,0.000000,8.000000,-134.080000
1777586642.324585,0,5.000000,0.000000,5.000000,0.000000,0.000000,0.000000,0.000000,0.000000,8.000000,-134.080000
1777586642.325061,0,5.000000,0.000000,5.000000,0.000000,0.000000,0.000000,0.000000,0.000000,8.000000,-134.070000
1777586642.344526,0,5.000000,0.000000,5.000000,0.000000,0.000000,0.000000,0.000000,0.000000,8.000000,-134.050000
1777586642.344992,0,5.000000,0.000000,5.000000,0.000000,0.000000,0.000000,0.000000,0.000000,8.000000,-134.050000
1777586642.345363,0,5.000000,0.000000,5.000000,0.000000,0.000000,0.000000,0.000000,0.000000,8.000000,-134.030000
1777586642.365341,0,5.000000,0.000000,5.000000,0.000000,0.000000,0.000000,0.000000,0.000000,8.000000,-134.020000
1777586642.366136,0,5.000000,0.000000,5.000000,0.000000,0.000000,0.000000,0.000000,0.000000,8.000000,-134.020000
1777586642.387695,0,5.000000,0.000000,5.000000,0.000000,0.000000,0.000000,0.000000,0.000000,8.000000,-134.000000
1777586642.407202,0,5.000000,0.000000,5.000000,0.000000,0.000000,0.000000,0.000000,0.000000,8.000000,-134.000000
1777586642.407671,0,5.000000,0.000000,5.000000,0.000000,0.000000,0.000000,0.000000,0.000000,8.000000,-133.990000
1777586642.408034,0,5.000000,0.000000,5.000000,0.000000,0.000000,0.000000,0.000000,0.000000,8.000000,-133.970000
1777586642.427875,0,5.000000,0.000000,5.000000,0.000000,0.000000,0.000000,0.000000,0.000000,8.000000,-133.970000
1777586642.447760,0,5.000000,0.000000,5.000000,0.000000,0.000000,0.000000,0.000000,0.000000,8.000000,-133.960000
1777586642.448399,0,5.000000,0.000000,5.000000,0.000000,0.000000,0.000000,0.000000,0.000000,8.000000,-133.940000
1777586642.449137,0,5.000000,0.000000,5.000000,0.000000,0.000000,0.000000,0.000000,0.000000,8.000000,-133.940000
1777586642.469238,0,5.000000,0.000000,5.000000,0.000000,0.000000,0.000000,0.000000,0.000000,8.000000,-133.920000
1777586642.469767,0,5.000000,0.000000,5.000000,0.000000,0.000000,0.000000,0.000000,0.000000,8.000000,-133.910000
1777586642.489235,0,5.000000,0.000000,5.000000,0.000000,0.000000,0.000000,0.000000,0.000000,8.000000,-133.910000
1777586642.508972,0,5.000000,0.000000,5.000000,0.000000,0.000000,0.000000,0.000000,0.000000,8.000000,-133.890000
1777586642.509454,0,5.000000,0.000000,5.000000,0.000000,0.000000,0.000000,0.000000,0.000000,8.000000,-133.880000
1777586642.509825,0,5.000000,0.000000,5.000000,0.000000,0.000000,0.000000,0.000000,0.000000,8.000000,-133.880000
1777586642.529580,0,5.000000,0.000000,5.000000,0.000000,0.000000,0.000000,0.000000,0.000000,8.000000,-133.860000
1777586642.530079,0,5.000000,0.000000,5.000000,0.000000,0.000000,0.000000,0.000000,0.000000,8.000000,-133.860000
1777586642.530785,0,5.000000,0.000000,5.000000,0.000000,0.000000,0.000000,0.000000,0.000000,8.000000,-133.850000
1777586642.551075,0,5.000000,0.000000,5.000000,0.000000,0.000000,0.000000,0.000000,0.000000,8.000000,-133.830000
1777586642.571323,0,5.000000,0.000000,5.000000,0.000000,0.000000,0.000000,0.000000,0.000000,8.000000,-133.830000
1777586642.571795,0,5.000000,0.000000,5.000000,0.000000,0.000000,0.000000,0.000000,0.000000,8.000000,-133.820000
1777586642.591758,0,5.000000,0.000000,5.000000,0.000000,0.000000,0.000000,0.000000,0.000000,8.000000,-133.800000
1777586642.592232,0,5.000000,0.000000,5.000000,0.000000,0.000000,0.000000,0.000000,0.000000,8.000000,-133.800000
1777586642.611795,0,5.000000,0.000000,5.000000,0.000000,0.000000,0.000000,0.000000,0.000000,8.000000,-133.780000
1777586642.612263,0,5.000000,0.000000,5.000000,0.000000,0.000000,0.000000,0.000000,0.000000,8.000000,-133.770000
1777586642.630875,0,5.000000,0.000000,5.000000,0.000000,0.000000,0.000000,0.000000,0.000000,8.000000,-133.770000
1777586642.631341,0,5.000000,0.000000,5.000000,0.000000,0.000000,0.000000,0.000000,0.000000,8.000000,-133.750000
1777586642.651211,0,5.000000,0.000000,5.000000,0.000000,0.000000,0.000000,0.000000,0.000000,8.000000,-133.750000
1777586642.671475,0,5.000000,0.000000,5.000000,0.000000,0.000000,0.000000,0.000000,0.000000,8.000000,-133.740000
1777586642.671946,0,5.000000,0.000000,5.000000,0.000000,0.000000,0.000000,0.000000,0.000000,8.000000,-133.720000
1777586642.672329,0,5.000000,0.000000,5.000000,0.000000,0.000000,0.000000,0.000000,0.000000,8.000000,-133.720000
1777586642.692117,0,5.000000,0.000000,5.000000,0.000000,0.000000,0.000000,0.000000,0.000000,8.000000,-133.710000
1777586642.692596,0,5.000000,0.000000,5.000000,0.000000,0.000000,0.000000,0.000000,0.000000,8.000000,-133.690000
1777586642.712082,0,5.000000,0.000000,5.000000,0.000000,0.000000,0.000000,0.000000,0.000000,8.000000,-133.690000
1777586642.712555,0,5.000000,0.000000,5.000000,0.000000,0.000000,0.000000,0.000000,0.000000,8.000000,-133.670000
1777586642.730450,0,5.000000,0.000000,5.000000,0.000000,0.000000,0.000000,0.000000,0.000000,8.000000,-133.660000
1777586642.730928,0,5.000000,0.000000,5.000000,0.000000,0.000000,0.000000,0.000000,0.000000,8.000000,-133.660000
1777586642.731291,0,5.000000,0.000000,5.000000,0.000000,0.000000,0.000000,0.000000,0.000000,8.000000,-133.640000
1777586642.763874,0,5.000000,0.000000,5.000000,0.000000,0.000000,0.000000,0.000000,0.000000,8.000000,-133.630000
1777586642.764369,0,5.000000,0.000000,5.000000,0.000000,0.000000,0.000000,0.000000,0.000000,8.000000,-133.630000
1777586642.764930,0,5.000000,0.000000,5.000000,0.000000,0.000000,0.000000,0.000000,0.000000,8.000000,-133.610000
1777586642.798265,0,5.000000,0.000000,5.000000,0.000000,0.000000,0.000000,0.000000,0.000000,8.000000,-133.610000
1777586642.798946,0,5.000000,0.000000,5.000000,0.000000,0.000000,0.000000,0.000000,0.000000,8.000000,-133.580000
1777586642.799408,0,5.000000,0.000000,5.000000,0.000000,0.000000,0.000000,0.000000,0.000000,8.000000,-133.580000
1777586642.800080,0,5.000000,0.000000,5.000000,0.000000,0.000000,0.000000,0.000000,0.000000,8.000000,-133.570000
1777586642.831035,0,5.000000,0.000000,5.000000,0.000000,0.000000,0.000000,0.000000,0.000000,8.000000,-133.550000
1777586642.831762,0,5.000000,0.000000,5.000000,0.000000,0.000000,0.000000,0.000000,0.000000,8.000000,-133.550000
1777586642.832521,0,5.000000,0.000000,5.000000,0.000000,0.000000,0.000000,0.000000,0.000000,8.000000,-133.530000
1777586642.832934,0,5.000000,0.000000,5.000000,0.000000,0.000000,0.000000,0.000000,0.000000,8.000000,-133.520000
1777586642.861264,0,5.000000,0.000000,5.000000,0.000000,0.000000,0.000000,0.000000,0.000000,8.000000,-133.520000
1777586642.861734,0,5.000000,0.000000,5.000000,0.000000,0.000000,0.000000,0.000000,0.000000,8.000000,-133.520000
1777586642.891194,0,5.000000,0.000000,5.000000,0.000000,0.000000,0.000000,0.000000,0.000000,8.000000,-133.500000
1777586642.891665,0,5.000000,0.000000,5.000000,0.000000,0.000000,0.000000,0.000000,0.000000,8.000000,-133.490000
1777586642.892226,0,5.000000,0.000000,5.000000,0.000000,0.000000,0.000000,0.000000,0.000000,8.000000,-133.470000
1777586642.892601,0,5.000000,0.000000,5.000000,0.000000,0.000000,0.000000,0.000000,0.000000,8.000000,-133.470000
1777586642.920575,0,5.000000,0.000000,5.000000,0.000000,0.000000,0.000000,0.000000,0.000000,8.000000,-133.460000
1777586642.921032,0,5.000000,0.000000,5.000000,0.000000,0.000000,0.000000,0.000000,0.000000,8.000000,-133.460000
1777586642.950452,0,5.000000,0.000000,5.000000,0.000000,0.000000,0.000000,0.000000,0.000000,8.000000,-133.440000
1777586642.950895,0,5.000000,0.000000,5.000000,0.000000,0.000000,0.000000,0.000000,0.000000,8.000000,-133.440000
1777586642.951684,0,5.000000,0.000000,5.000000,0.000000,0.000000,0.000000,0.000000,0.000000,8.000000,-133.420000
1777586642.952104,0,5.000000,0.000000,5.000000,0.000000,0.000000,0.000000,0.000000,0.000000,8.000000,-133.410000
1777586642.980886,0,5.000000,0.000000,5.000000,0.000000,0.000000,0.000000,0.000000,0.000000,8.000000,-133.410000
1777586642.981699,0,5.000000,0.000000,5.000000,0.000000,0.000000,0.000000,0.000000,0.000000,8.000000,-133.390000
1777586643.011191,0,5.000000,0.000000,5.000000,0.000000,0.000000,0.000000,0.000000,0.000000,8.000000,-133.380000
1777586643.011688,0,5.000000,0.000000,5.000000,0.000000,0.000000,0.000000,0.000000,0.000000,8.000000,-133.380000
1777586643.012273,0,5.000000,0.000000,5.000000,0.000000,0.000000,0.000000,0.000000,0.000000,8.000000,-133.360000
1777586643.012650,0,5.000000,0.000000,5.000000,0.000000,0.000000,0.000000,0.000000,0.000000,8.000000,-133.360000
1777586643.040797,0,5.000000,0.000000,5.000000,0.000000,0.000000,0.000000,0.000000,0.000000,8.000000,-133.350000
1777586643.041731,0,5.000000,0.000000,5.000000,0.000000,0.000000,0.000000,0.000000,0.000000,8.000000,-133.330000
1777586643.042120,0,5.000000,0.000000,5.000000,0.000000,0.000000,0.000000,0.000000,0.000000,8.000000,-133.330000
1777586643.071189,0,5.000000,0.000000,5.000000,0.000000,0.000000,0.000000,0.000000,0.000000,8.000000,-133.320000
1777586643.071668,0,5.000000,0.000000,5.000000,0.000000,0.000000,0.000000,0.000000,0.000000,8.000000,-133.300000
1777586643.100601,0,5.000000,0.000000,5.000000,0.000000,0.000000,0.000000,0.000000,0.000000,8.000000,-133.300000
1777586643.101064,0,5.000000,0.000000,5.000000,0.000000,0.000000,0.000000,0.000000,0.000000,8.000000,-133.280000
1777586643.101557,0,5.000000,0.000000,5.000000,0.000000,0.000000,0.000000,0.000000,0.000000,8.000000,-133.270000
1777586643.101909,0,5.000000,0.000000,5.000000,0.000000,0.000000,0.000000,0.000000,0.000000,8.000000,-133.270000
1777586643.131278,0,5.000000,0.000000,5.000000,0.000000,0.000000,0.000000,0.000000,0.000000,8.000000,-133.250000
1777586643.132150,0,5.000000,0.000000,5.000000,0.000000,0.000000,0.000000,0.000000,0.000000,8.000000,-133.250000
1777586643.132630,0,5.000000,0.000000,5.000000,0.000000,0.000000,0.000000,0.000000,0.000000,8.000000,-133.240000
1777586643.162570,0,5.000000,0.000000,5.000000,0.000000,0.000000,0.000000,0.000000,0.000000,8.000000,-133.220000
1777586643.163263,0,5.000000,0.000000,5.000000,0.000000,0.000000,0.000000,0.000000,0.000000,8.000000,-133.220000
1777586643.179206,0,5.000000,0.000000,5.000000,0.000000,0.000000,0.000000,0.000000,0.000000,8.000000,-133.210000
1777586643.196162,0,5.000000,0.000000,5.000000,0.000000,0.000000,0.000000,0.000000,0.000000,8.000000,-133.190000
1777586643.212689,0,5.000000,0.000000,5.000000,0.000000,0.000000,0.000000,0.000000,0.000000,8.000000,-133.190000
1777586643.213156,0,5.000000,0.000000,5.000000,0.000000,0.000000,0.000000,0.000000,0.000000,8.000000,-133.170000
1777586643.229956,0,5.000000,0.000000,5.000000,0.000000,0.000000,0.000000,0.000000,0.000000,8.000000,-133.160000
1777586643.230420,0,5.000000,0.000000,5.000000,0.000000,0.000000,0.000000,0.000000,0.000000,8.000000,-133.160000
1777586643.248396,0,5.000000,0.000000,5.000000,0.000000,0.000000,0.000000,0.000000,0.000000,8.000000,-133.140000
1777586643.248995,0,5.000000,0.000000,5.000000,0.000000,0.000000,0.000000,0.000000,0.000000,8.000000,-133.130000
1777586643.249537,0,5.000000,0.000000,5.000000,0.000000,0.000000,0.000000,0.000000,0.000000,8.000000,-133.130000
1777586643.279660,0,5.000000,0.000000,5.000000,0.000000,0.000000,0.000000,0.000000,0.000000,8.000000,-133.110000
1777586643.280142,0,5.000000,0.000000,5.000000,0.000000,0.000000,0.000000,0.000000,0.000000,8.000000,-133.110000
1777586643.280765,0,5.000000,0.000000,5.000000,0.000000,0.000000,0.000000,0.000000,0.000000,8.000000,-133.100000
1777586643.281149,0,5.000000,0.000000,5.000000,0.000000,0.000000,0.000000,0.000000,0.000000,8.000000,-133.080000
1777586643.308545,0,5.000000,0.000000,5.000000,0.000000,0.000000,0.000000,0.000000,0.000000,8.000000,-133.080000
1777586643.309019,0,5.000000,0.000000,5.000000,0.000000,0.000000,0.000000,0.000000,0.000000,8.000000,-133.070000
1777586643.309600,0,5.000000,0.000000,5.000000,0.000000,0.000000,0.000000,0.000000,0.000000,8.000000,-133.050000
1777586643.337422,0,5.000000,0.000000,5.000000,0.000000,0.000000,0.000000,0.000000,0.000000,8.000000,-133.050000
1777586643.338062,0,5.000000,0.000000,5.000000,0.000000,0.000000,0.000000,0.000000,0.000000,8.000000,-133.030000
1777586643.338597,0,5.000000,0.000000,5.000000,0.000000,0.000000,0.000000,0.000000,0.000000,8.000000,-133.020000
1777586643.366928,0,5.000000,0.000000,5.000000,0.000000,0.000000,0.000000,0.000000,0.000000,8.000000,-133.020000
1777586643.367623,0,5.000000,0.000000,5.000000,0.000000,0.000000,0.000000,0.000000,0.000000,8.000000,-133.000000
1777586643.396517,0,5.000000,0.000000,5.000000,0.000000,0.000000,0.000000,0.000000,0.000000,8.000000,-133.000000
1777586643.397022,0,5.000000,0.000000,5.000000,0.000000,0.000000,0.000000,0.000000,0.000000,8.000000,-132.990000
1777586643.397538,0,5.000000,0.000000,5.000000,0.000000,0.000000,0.000000,0.000000,0.000000,8.000000,-132.970000
1777586643.412680,0,5.000000,0.000000,5.000000,0.000000,0.000000,0.000000,0.000000,0.000000,8.000000,-132.970000
1777586643.429054,0,5.000000,0.000000,5.000000,0.000000,0.000000,0.000000,0.000000,0.000000,8.000000,-132.960000
1777586643.446352,0,5.000000,0.000000,5.000000,0.000000,0.000000,0.000000,0.000000,0.000000,8.000000,-132.940000
1777586643.446818,0,5.000000,0.000000,5.000000,0.000000,0.000000,0.000000,0.000000,0.000000,8.000000,-132.940000
1777586643.462484,0,5.000000,0.000000,5.000000,0.000000,0.000000,0.000000,0.000000,0.000000,8.000000,-132.920000
1777586643.462969,0,5.000000,0.000000,5.000000,0.000000,0.000000,0.000000,0.000000,0.000000,8.000000,-132.910000
1777586643.478418,0,5.000000,0.000000,5.000000,0.000000,0.000000,0.000000,0.000000,0.000000,8.000000,-132.910000
1777586643.479198,0,5.000000,0.000000,5.000000,0.000000,0.000000,0.000000,0.000000,0.000000,8.000000,-132.890000
1777586643.495598,0,5.000000,0.000000,5.000000,0.000000,0.000000,0.000000,0.000000,0.000000,8.000000,-132.880000
1777586643.511914,0,5.000000,0.000000,5.000000,0.000000,0.000000,0.000000,0.000000,0.000000,8.000000,-132.880000
1777586643.512394,0,5.000000,0.000000,5.000000,0.000000,0.000000,0.000000,0.000000,0.000000,8.000000,-132.860000
1777586643.528178,0,5.000000,0.000000,5.000000,0.000000,0.000000,0.000000,0.000000,0.000000,8.000000,-132.860000
1777586643.528771,0,5.000000,0.000000,5.000000,0.000000,0.000000,0.000000,0.000000,0.000000,8.000000,-132.850000
1777586643.559244,0,5.000000,0.000000,5.000000,0.000000,0.000000,0.000000,0.000000,0.000000,8.000000,-132.830000
1777586643.559721,0,5.000000,0.000000,5.000000,0.000000,0.000000,0.000000,0.000000,0.000000,8.000000,-132.830000
1777586643.560869,0,5.000000,0.000000,5.000000,0.000000,0.000000,0.000000,0.000000,0.000000,8.000000,-132.820000
1777586643.561297,0,5.000000,0.000000,5.000000,0.000000,0.000000,0.000000,0.000000,0.000000,8.000000,-132.800000
1777586643.578128,0,5.000000,0.000000,5.000000,0.000000,0.000000,0.000000,0.000000,0.000000,8.000000,-132.800000
1777586643.596302,0,5.000000,0.000000,5.000000,0.000000,0.000000,0.000000,0.000000,0.000000,8.000000,-132.780000
1777586643.613561,0,5.000000,0.000000,5.000000,0.000000,0.000000,0.000000,0.000000,0.000000,8.000000,-132.770000
1777586643.614100,0,5.000000,0.000000,5.000000,0.000000,0.000000,0.000000,0.000000,0.000000,8.000000,-132.770000
1777586643.629905,0,5.000000,0.000000,5.000000,0.000000,0.000000,0.000000,0.000000,0.000000,8.000000,-132.750000
1777586643.630445,0,5.000000,0.000000,5.000000,0.000000,0.000000,0.000000,0.000000,0.000000,8.000000,-132.750000
1777586643.647383,0,5.000000,0.000000,5.000000,0.000000,0.000000,0.000000,0.000000,0.000000,8.000000,-132.740000
1777586643.664033,0,5.000000,0.000000,5.000000,0.000000,0.000000,0.000000,0.000000,0.000000,8.000000,-132.720000
1777586643.664500,0,5.000000,0.000000,5.000000,0.000000,0.000000,0.000000,0.000000,0.000000,8.000000,-132.720000
1777586643.680526,0,5.000000,0.000000,5.000000,0.000000,0.000000,0.000000,0.000000,0.000000,8.000000,-132.710000
1777586643.681052,0,5.000000,0.000000,5.000000,0.000000,0.000000,0.000000,0.000000,0.000000,8.000000,-132.690000
1777586643.697136,0,5.000000,0.000000,5.000000,0.000000,0.000000,0.000000,0.000000,0.000000,8.000000,-132.690000
1777586643.697604,0,5.000000,0.000000,5.000000,0.000000,0.000000,0.000000,0.000000,0.000000,8.000000,-132.670000
1777586643.698855,0,5.000000,0.000000,5.000000,0.000000,0.000000,0.000000,0.000000,0.000000,8.000000,-132.660000
1777586643.726540,0,5.000000,0.000000,5.000000,0.000000,0.000000,0.000000,0.000000,0.000000,8.000000,-132.660000
1777586643.727217,0,5.000000,0.000000,5.000000,0.000000,0.000000,0.000000,0.000000,0.000000,8.000000,-132.640000
1777586643.743172,0,5.000000,0.000000,5.000000,0.000000,0.000000,0.000000,0.000000,0.000000,8.000000,-132.640000
1777586643.759710,0,5.000000,0.000000,5.000000,0.000000,0.000000,0.000000,0.000000,0.000000,8.000000,-132.630000
1777586643.760173,0,5.000000,0.000000,5.000000,0.000000,0.000000,0.000000,0.000000,0.000000,8.000000,-132.630000
1777586643.776273,0,5.000000,0.000000,5.000000,0.000000,0.000000,0.000000,0.000000,0.000000,8.000000,-132.610000
1777586643.776749,0,5.000000,0.000000,5.000000,0.000000,0.000000,0.000000,0.000000,0.000000,8.000000,-132.610000
1777586643.806112,0,5.000000,0.000000,5.000000,0.000000,0.000000,0.000000,0.000000,0.000000,8.000000,-132.600000
1777586643.806593,0,5.000000,0.000000,5.000000,0.000000,0.000000,0.000000,0.000000,0.000000,8.000000,-132.580000
1777586643.806971,0,5.000000,0.000000,5.000000,0.000000,0.000000,0.000000,0.000000,0.000000,8.000000,-132.580000
1777586643.807444,0,5.000000,0.000000,5.000000,0.000000,0.000000,0.000000,0.000000,0.000000,8.000000,-132.570000
1777586643.807784,0,5.000000,0.000000,5.000000,0.000000,0.000000,0.000000,0.000000,0.000000,8.000000,-132.550000
1777586643.836298,0,5.000000,0.000000,5.000000,0.000000,0.000000,0.000000,0.000000,0.000000,8.000000,-132.550000
1777586643.836769,0,5.000000,0.000000,5.000000,0.000000,0.000000,0.000000,0.000000,0.000000,8.000000,-132.520000
1777586643.865143,0,5.000000,0.000000,5.000000,0.000000,0.000000,0.000000,0.000000,0.000000,8.000000,-132.520000
1777586643.866010,0,5.000000,0.000000,5.000000,0.000000,0.000000,0.000000,0.000000,0.000000,8.000000,-132.520000
1777586643.894731,0,5.000000,0.000000,5.000000,0.000000,0.000000,0.000000,0.000000,0.000000,8.000000,-132.500000
1777586643.895200,0,5.000000,0.000000,5.000000,0.000000,0.000000,0.000000,0.000000,0.000000,8.000000,-132.490000
1777586643.895845,0,5.000000,0.000000,5.000000,0.000000,0.000000,0.000000,0.000000,0.000000,8.000000,-132.470000
1777586643.925284,0,5.000000,0.000000,5.000000,0.000000,0.000000,0.000000,0.000000,0.000000,8.000000,-132.470000
1777586643.925770,0,5.000000,0.000000,5.000000,0.000000,0.000000,0.000000,0.000000,0.000000,8.000000,-132.460000
1777586643.926357,0,5.000000,0.000000,5.000000,0.000000,0.000000,0.000000,0.000000,0.000000,8.000000,-132.440000
1777586643.926747,0,5.000000,0.000000,5.000000,0.000000,0.000000,0.000000,0.000000,0.000000,8.000000,-132.440000
1777586643.955334,0,5.000000,0.000000,5.000000,0.000000,0.000000,0.000000,0.000000,0.000000,8.000000,-132.420000
1777586643.955812,0,5.000000,0.000000,5.000000,0.000000,0.000000,0.000000,0.000000,0.000000,8.000000,-132.410000
1777586643.956406,0,5.000000,0.000000,5.000000,0.000000,0.000000,0.000000,0.000000,0.000000,8.000000,-132.410000
1777586643.985312,0,5.000000,0.000000,5.000000,0.000000,0.000000,0.000000,0.000000,0.000000,8.000000,-132.410000
1777586643.985968,0,5.000000,0.000000,5.000000,0.000000,0.000000,0.000000,0.000000,0.000000,8.000000,-132.390000
1777586643.986347,0,5.000000,0.000000,5.000000,0.000000,0.000000,0.000000,0.000000,0.000000,8.000000,-132.380000
1777586644.015780,0,5.000000,0.000000,5.000000,0.000000,0.000000,0.000000,0.000000,0.000000,8.000000,-132.380000
1777586644.016487,0,5.000000,0.000000,5.000000,0.000000,0.000000,0.000000,0.000000,0.000000,8.000000,-132.360000
1777586644.016835,0,5.000000,0.000000,5.000000,0.000000,0.000000,0.000000,0.000000,0.000000,8.000000,-132.350000
1777586644.044379,0,5.000000,0.000000,5.000000,0.000000,0.000000,0.000000,0.000000,0.000000,8.000000,-132.350000
1777586644.044876,0,5.000000,0.000000,5.000000,0.000000,0.000000,0.000000,0.000000,0.000000,8.000000,-132.330000
1777586644.045397,0,5.000000,0.000000,5.000000,0.000000,0.000000,0.000000,0.000000,0.000000,8.000000,-132.330000
1777586644.045743,0,5.000000,0.000000,5.000000,0.000000,0.000000,0.000000,0.000000,0.000000,8.000000,-132.320000
1777586644.075140,0,5.000000,0.000000,5.000000,0.000000,0.000000,0.000000,0.000000,0.000000,8.000000,-132.300000
1777586644.075608,0,5.000000,0.000000,5.000000,0.000000,0.000000,0.000000,0.000000,0.000000,8.000000,-132.280000
1777586644.105685,0,5.000000,0.000000,5.000000,0.000000,0.000000,0.000000,0.000000,0.000000,8.000000,-132.280000
1777586644.106410,0,5.000000,0.000000,5.000000,0.000000,0.000000,0.000000,0.000000,0.000000,8.000000,-132.270000
1777586644.135401,0,5.000000,0.000000,5.000000,0.000000,0.000000,0.000000,0.000000,0.000000,8.000000,-132.270000
1777586644.135876,0,5.000000,0.000000,5.000000,0.000000,0.000000,0.000000,0.000000,0.000000,8.000000,-132.250000
1777586644.136473,0,5.000000,0.000000,5.000000,0.000000,0.000000,0.000000,0.000000,0.000000,8.000000,-132.250000
1777586644.136857,0,5.000000,0.000000,5.000000,0.000000,0.000000,0.000000,0.000000,0.000000,8.000000,-132.240000
1777586644.166942,0,5.000000,0.000000,5.000000,0.000000,0.000000,0.000000,0.000000,0.000000,8.000000,-132.220000
1777586644.167627,0,5.000000,0.000000,5.000000,0.000000,0.000000,0.000000,0.000000,0.000000,8.000000,-132.220000
1777586644.168008,0,5.000000,0.000000,5.000000,0.000000,0.000000,0.000000,0.000000,0.000000,8.000000,-132.210000
1777586644.168340,0,5.000000,0.000000,5.000000,0.000000,0.000000,0.000000,0.000000,0.000000,8.000000,-132.190000
1777586644.195985,0,5.000000,0.000000,5.000000,0.000000,0.000000,0.000000,0.000000,0.000000,8.000000,-132.190000
1777586644.196451,0,5.000000,0.000000,5.000000,0.000000,0.000000,0.000000,0.000000,0.000000,8.000000,-132.170000
1777586644.225214,0,5.000000,0.000000,5.000000,0.000000,0.000000,0.000000,0.000000,0.000000,8.000000,-132.160000
1777586644.225683,0,5.000000,0.000000,5.000000,0.000000,0.000000,0.000000,0.000000,0.000000,8.000000,-132.160000
1777586644.226226,0,5.000000,0.000000,5.000000,0.000000,0.000000,0.000000,0.000000,0.000000,8.000000,-132.140000
1777586644.255562,0,5.000000,0.000000,5.000000,0.000000,0.000000,0.000000,0.000000,0.000000,8.000000,-132.130000
1777586644.256039,0,5.000000,0.000000,5.000000,0.000000,0.000000,0.000000,0.000000,0.000000,8.000000,-132.130000
1777586644.256634,0,5.000000,0.000000,5.000000,0.000000,0.000000,0.000000,0.000000,0.000000,8.000000,-132.110000
1777586644.285509,0,5.000000,0.000000,5.000000,0.000000,0.000000,0.000000,0.000000,0.000000,8.000000,-132.110000
1777586644.285998,0,5.000000,0.000000,5.000000,0.000000,0.000000,0.000000,0.000000,0.000000,8.000000,-132.100000
1777586644.286580,0,5.000000,0.000000,5.000000,0.000000,0.000000,0.000000,0.000000,0.000000,8.000000,-132.080000
1777586644.314007,0,5.000000,0.000000,5.000000,0.000000,0.000000,0.000000,0.000000,0.000000,8.000000,-132.080000
1777586644.314483,0,5.000000,0.000000,5.000000,0.000000,0.000000,0.000000,0.000000,0.000000,8.000000,-132.070000
1777586644.315038,0,5.000000,0.000000,5.000000,0.000000,0.000000,0.000000,0.000000,0.000000,8.000000,-132.050000
1777586644.343746,0,5.000000,0.000000,5.000000,0.000000,0.000000,0.000000,0.000000,0.000000,8.000000,-132.050000
1777586644.344233,0,5.000000,0.000000,5.000000,0.000000,0.000000,0.000000,0.000000,0.000000,8.000000,-132.030000
1777586644.344758,0,5.000000,0.000000,5.000000,0.000000,0.000000,0.000000,0.000000,0.000000,8.000000,-132.020000
1777586644.345140,0,5.000000,0.000000,5.000000,0.000000,0.000000,0.000000,0.000000,0.000000,8.000000,-132.020000
1777586644.373780,0,5.000000,0.000000,5.000000,0.000000,0.000000,0.000000,0.000000,0.000000,8.000000,-132.000000
1777586644.374243,0,5.000000,0.000000,5.000000,0.000000,0.000000,0.000000,0.000000,0.000000,8.000000,-132.000000
1777586644.404426,0,5.000000,0.000000,5.000000,0.000000,0.000000,0.000000,0.000000,0.000000,8.000000,-131.990000
1777586644.405135,0,5.000000,0.000000,5.000000,0.000000,0.000000,0.000000,0.000000,0.000000,8.000000,-131.970000
1777586644.406028,0,5.000000,0.000000,5.000000,0.000000,0.000000,0.000000,0.000000,0.000000,8.000000,-131.970000
1777586644.406418,0,5.000000,0.000000,5.000000,0.000000,0.000000,0.000000,0.000000,0.000000,8.000000,-131.960000
1777586644.434922,0,5.000000,0.000000,5.000000,0.000000,0.000000,0.000000,0.000000,0.000000,8.000000,-131.940000
1777586644.435561,0,5.000000,0.000000,5.000000,0.000000,0.000000,0.000000,0.000000,0.000000,8.000000,-131.940000
1777586644.464010,0,5.000000,0.000000,5.000000,0.000000,0.000000,0.000000,0.000000,0.000000,8.000000,-131.920000
1777586644.464468,0,5.000000,0.000000,5.000000,0.000000,0.000000,0.000000,0.000000,0.000000,8.000000,-131.910000
1777586644.493290,0,5.000000,0.000000,5.000000,0.000000,0.000000,0.000000,0.000000,0.000000,8.000000,-131.910000
1777586644.493761,0,5.000000,0.000000,5.000000,0.000000,0.000000,0.000000,0.000000,0.000000,8.000000,-131.890000
1777586644.494301,0,5.000000,0.000000,5.000000,0.000000,0.000000,0.000000,0.000000,0.000000,8.000000,-131.880000
1777586644.494674,0,5.000000,0.000000,5.000000,0.000000,0.000000,0.000000,0.000000,0.000000,8.000000,-131.880000
1777586644.523958,0,5.000000,0.000000,5.000000,0.000000,0.000000,0.000000,0.000000,0.000000,8.000000,-131.860000
1777586644.524434,0,5.000000,0.000000,5.000000,0.000000,0.000000,0.000000,0.000000,0.000000,8.000000,-131.860000
1777586644.524987,0,5.000000,0.000000,5.000000,0.000000,0.000000,0.000000,0.000000,0.000000,8.000000,-131.850000
1777586644.553556,0,5.000000,0.000000,5.000000,0.000000,0.000000,0.000000,0.000000,0.000000,8.000000,-131.830000
1777586644.554214,0,5.000000,0.000000,5.000000,0.000000,0.000000,0.000000,0.000000,0.000000,8.000000,-131.830000
1777586644.554598,0,5.000000,0.000000,5.000000,0.000000,0.000000,0.000000,0.000000,0.000000,8.000000,-131.820000
1777586644.583549,0,5.000000,0.000000,5.000000,0.000000,0.000000,0.000000,0.000000,0.000000,8.000000,-131.800000
1777586644.584255,0,5.000000,0.000000,5.000000,0.000000,0.000000,0.000000,0.000000,0.000000,8.000000,-131.800000
1777586644.584617,0,5.000000,0.000000,5.000000,0.000000,0.000000,0.000000,0.000000,0.000000,8.000000,-131.780000
1777586644.612575,0,5.000000,0.000000,5.000000,0.000000,0.000000,0.000000,0.000000,0.000000,8.000000,-131.770000
1777586644.613281,0,5.000000,0.000000,5.000000,0.000000,0.000000,0.000000,0.000000,0.000000,8.000000,-131.770000
1777586644.613666,0,5.000000,0.000000,5.000000,0.000000,0.000000,0.000000,0.000000,0.000000,8.000000,-131.750000
1777586644.641342,0,5.000000,0.000000,5.000000,0.000000,0.000000,0.000000,0.000000,0.000000,8.000000,-131.750000
1777586644.641934,0,5.000000,0.000000,5.000000,0.000000,0.000000,0.000000,0.000000,0.000000,8.000000,-131.740000
1777586644.659706,0,5.000000,0.000000,5.000000,0.000000,0.000000,0.000000,0.000000,0.000000,8.000000,-131.720000
1777586644.676096,0,5.000000,0.000000,5.000000,0.000000,0.000000,0.000000,0.000000,0.000000,8.000000,-131.720000
1777586644.676555,0,5.000000,0.000000,5.000000,0.000000,0.000000,0.000000,0.000000,0.000000,8.000000,-131.710000
1777586644.694305,0,5.000000,0.000000,5.000000,0.000000,0.000000,0.000000,0.000000,0.000000,8.000000,-131.690000
1777586644.710822,0,5.000000,0.000000,5.000000,0.000000,0.000000,0.000000,0.000000,0.000000,8.000000,-131.690000
1777586644.711281,0,5.000000,0.000000,5.000000,0.000000,0.000000,0.000000,0.000000,0.000000,8.000000,-131.670000
1777586644.727381,0,5.000000,0.000000,5.000000,0.000000,0.000000,0.000000,0.000000,0.000000,8.000000,-131.660000
1777586644.727847,0,5.000000,0.000000,5.000000,0.000000,0.000000,0.000000,0.000000,0.000000,8.000000,-131.660000
1777586644.744219,0,5.000000,0.000000,5.000000,0.000000,0.000000,0.000000,0.000000,0.000000,8.000000,-131.640000
1777586644.744686,0,5.000000,0.000000,5.000000,0.000000,0.000000,0.000000,0.000000,0.000000,8.000000,-131.630000
1777586644.763298,0,5.000000,0.000000,5.000000,0.000000,0.000000,0.000000,0.000000,0.000000,8.000000,-131.630000
1777586644.780104,0,5.000000,0.000000,5.000000,0.000000,0.000000,0.000000,0.000000,0.000000,8.000000,-131.610000
1777586644.780584,0,5.000000,0.000000,5.000000,0.000000,0.000000,0.000000,0.000000,0.000000,8.000000,-131.610000
1777586644.780962,0,5.000000,0.000000,5.000000,0.000000,0.000000,0.000000,0.000000,0.000000,8.000000,-131.600000
1777586644.796618,0,5.000000,0.000000,5.000000,0.000000,0.000000,0.000000,0.000000,0.000000,8.000000,-131.580000
1777586644.813179,0,5.000000,0.000000,5.000000,0.000000,0.000000,0.000000,0.000000,0.000000,8.000000,-131.580000
1777586644.828880,0,5.000000,0.000000,5.000000,0.000000,0.000000,0.000000,0.000000,0.000000,8.000000,-131.570000
1777586644.829612,0,5.000000,0.000000,5.000000,0.000000,0.000000,0.000000,0.000000,0.000000,8.000000,-131.550000
1777586644.830326,0,5.000000,0.000000,5.000000,0.000000,0.000000,0.000000,0.000000,0.000000,8.000000,-131.550000
1777586644.845695,0,5.000000,0.000000,5.000000,0.000000,0.000000,0.000000,0.000000,0.000000,8.000000,-131.530000
1777586644.846272,0,5.000000,0.000000,5.000000,0.000000,0.000000,0.000000,0.000000,0.000000,8.000000,-131.520000
1777586644.876645,0,5.000000,0.000000,5.000000,0.000000,0.000000,0.000000,0.000000,0.000000,8.000000,-131.520000
1777586644.877149,0,5.000000,0.000000,5.000000,0.000000,0.000000,0.000000,0.000000,0.000000,8.000000,-131.500000
1777586644.877791,0,5.000000,0.000000,5.000000,0.000000,0.000000,0.000000,0.000000,0.000000,8.000000,-131.500000
1777586644.878149,0,5.000000,0.000000,5.000000,0.000000,0.000000,0.000000,0.000000,0.000000,8.000000,-131.490000
1777586644.906716,0,5.000000,0.000000,5.000000,0.000000,0.000000,0.000000,0.000000,0.000000,8.000000,-131.470000
1777586644.907246,0,5.000000,0.000000,5.000000,0.000000,0.000000,0.000000,0.000000,0.000000,8.000000,-131.470000
1777586644.907619,0,5.000000,0.000000,5.000000,0.000000,0.000000,0.000000,0.000000,0.000000,8.000000,-131.460000
1777586644.936974,0,5.000000,0.000000,5.000000,0.000000,0.000000,0.000000,0.000000,0.000000,8.000000,-131.440000
1777586644.937456,0,5.000000,0.000000,5.000000,0.000000,0.000000,0.000000,0.000000,0.000000,8.000000,-131.440000
1777586644.938030,0,5.000000,0.000000,5.000000,0.000000,0.000000,0.000000,0.000000,0.000000,8.000000,-131.420000
1777586644.967177,0,5.000000,0.000000,5.000000,0.000000,0.000000,0.000000,0.000000,0.000000,8.000000,-131.410000
1777586644.967878,0,5.000000,0.000000,5.000000,0.000000,0.000000,0.000000,0.000000,0.000000,8.000000,-131.410000
1777586644.968225,0,5.000000,0.000000,5.000000,0.000000,0.000000,0.000000,0.000000,0.000000,8.000000,-131.390000
1777586644.996071,0,5.000000,0.000000,5.000000,0.000000,0.000000,0.000000,0.000000,0.000000,8.000000,-131.380000
1777586644.996545,0,5.000000,0.000000,5.000000,0.000000,0.000000,0.000000,0.000000,0.000000,8.000000,-131.380000
1777586644.997157,0,5.000000,0.000000,5.000000,0.000000,0.000000,0.000000,0.000000,0.000000,8.000000,-131.360000
1777586645.027416,0,5.000000,0.000000,5.000000,0.000000,0.000000,0.000000,0.000000,0.000000,8.000000,-131.360000
1777586645.027900,0,5.000000,0.000000,5.000000,0.000000,0.000000,0.000000,0.000000,0.000000,8.000000,-131.350000
1777586645.028439,0,5.000000,0.000000,5.000000,0.000000,0.000000,0.000000,0.000000,0.000000,8.000000,-131.330000
1777586645.056599,0,5.000000,0.000000,5.000000,0.000000,0.000000,0.000000,0.000000,0.000000,8.000000,-131.330000
1777586645.057152,0,5.000000,0.000000,5.000000,0.000000,0.000000,0.000000,0.000000,0.000000,8.000000,-131.330000
1777586645.057751,0,5.000000,0.000000,5.000000,0.000000,0.000000,0.000000,0.000000,0.000000,8.000000,-131.300000
1777586645.086615,0,5.000000,0.000000,5.000000,0.000000,0.000000,0.000000,0.000000,0.000000,8.000000,-131.300000
1777586645.087144,0,5.000000,0.000000,5.000000,0.000000,0.000000,0.000000,0.000000,0.000000,8.000000,-131.280000
1777586645.087746,0,5.000000,0.000000,5.000000,0.000000,0.000000,0.000000,0.000000,0.000000,8.000000,-131.270000
1777586645.116954,0,5.000000,0.000000,5.000000,0.000000,0.000000,0.000000,0.000000,0.000000,8.000000,-131.270000
1777586645.117588,0,5.000000,0.000000,5.000000,0.000000,0.000000,0.000000,0.000000,0.000000,8.000000,-131.270000
1777586645.117927,0,5.000000,0.000000,5.000000,0.000000,0.000000,0.000000,0.000000,0.000000,8.000000,-131.250000
1777586645.147607,0,5.000000,0.000000,5.000000,0.000000,0.000000,0.000000,0.000000,0.000000,8.000000,-131.240000
1777586645.148093,0,5.000000,0.000000,5.000000,0.000000,0.000000,0.000000,0.000000,0.000000,8.000000,-131.220000
1777586645.148606,0,5.000000,0.000000,5.000000,0.000000,0.000000,0.000000,0.000000,0.000000,8.000000,-131.220000
1777586645.177487,0,5.000000,0.000000,5.000000,0.000000,0.000000,0.000000,0.000000,0.000000,8.000000,-131.210000
1777586645.177957,0,5.000000,0.000000,5.000000,0.000000,0.000000,0.000000,0.000000,0.000000,8.000000,-131.210000
1777586645.178506,0,5.000000,0.000000,5.000000,0.000000,0.000000,0.000000,0.000000,0.000000,8.000000,-131.190000
1777586645.208636,0,5.000000,0.000000,5.000000,0.000000,0.000000,0.000000,0.000000,0.000000,8.000000,-131.190000
1777586645.209104,0,5.000000,0.000000,5.000000,0.000000,0.000000,0.000000,0.000000,0.000000,8.000000,-131.170000
1777586645.209883,0,5.000000,0.000000,5.000000,0.000000,0.000000,0.000000,0.000000,0.000000,8.000000,-131.160000
1777586645.226437,0,5.000000,0.000000,5.000000,0.000000,0.000000,0.000000,0.000000,0.000000,8.000000,-131.160000
1777586645.243001,0,5.000000,0.000000,5.000000,0.000000,0.000000,0.000000,0.000000,0.000000,8.000000,-131.140000
1777586645.258993,0,5.000000,0.000000,5.000000,0.000000,0.000000,0.000000,0.000000,0.000000,8.000000,-131.130000
1777586645.259458,0,5.000000,0.000000,5.000000,0.000000,0.000000,0.000000,0.000000,0.000000,8.000000,-131.130000
1777586645.275285,0,5.000000,0.000000,5.000000,0.000000,0.000000,0.000000,0.000000,0.000000,8.000000,-131.110000
1777586645.275750,0,5.000000,0.000000,5.000000,0.000000,0.000000,0.000000,0.000000,0.000000,8.000000,-131.110000
1777586645.291675,0,5.000000,0.000000,5.000000,0.000000,0.000000,0.000000,0.000000,0.000000,8.000000,-131.100000
1777586645.307915,0,5.000000,0.000000,5.000000,0.000000,0.000000,0.000000,0.000000,0.000000,8.000000,-131.080000
1777586645.308557,0,5.000000,0.000000,5.000000,0.000000,0.000000,0.000000,0.000000,0.000000,8.000000,-131.080000
1777586645.323913,0,5.000000,0.000000,5.000000,0.000000,0.000000,0.000000,0.000000,0.000000,8.000000,-131.070000
1777586645.324465,0,5.000000,0.000000,5.000000,0.000000,0.000000,0.000000,0.000000,0.000000,8.000000,-131.050000
1777586645.353302,0,5.000000,0.000000,5.000000,0.000000,0.000000,0.000000,0.000000,0.000000,8.000000,-131.050000
1777586645.353775,0,5.000000,0.000000,5.000000,0.000000,0.000000,0.000000,0.000000,0.000000,8.000000,-131.020000
1777586645.354428,0,5.000000,0.000000,5.000000,0.000000,0.000000,0.000000,0.000000,0.000000,8.000000,-131.020000
1777586645.370923,0,5.000000,0.000000,5.000000,0.000000,0.000000,0.000000,0.000000,0.000000,8.000000,-131.000000
1777586645.386989,0,5.000000,0.000000,5.000000,0.000000,0.000000,0.000000,0.000000,0.000000,8.000000,-131.000000
1777586645.387466,0,5.000000,0.000000,5.000000,0.000000,0.000000,0.000000,0.000000,0.000000,8.000000,-130.990000
1777586645.416954,0,5.000000,0.000000,5.000000,0.000000,0.000000,0.000000,0.000000,0.000000,8.000000,-130.970000
1777586645.417416,0,5.000000,0.000000,5.000000,0.000000,0.000000,0.000000,0.000000,0.000000,8.000000,-130.970000
1777586645.417841,0,5.000000,0.000000,5.000000,0.000000,0.000000,0.000000,0.000000,0.000000,8.000000,-130.960000
1777586645.418184,0,5.000000,0.000000,5.000000,0.000000,0.000000,0.000000,0.000000,0.000000,8.000000,-130.940000
1777586645.446666,0,5.000000,0.000000,5.000000,0.000000,0.000000,0.000000,0.000000,0.000000,8.000000,-130.940000
1777586645.447315,0,5.000000,0.000000,5.000000,0.000000,0.000000,0.000000,0.000000,0.000000,8.000000,-130.920000
1777586645.447716,0,5.000000,0.000000,5.000000,0.000000,0.000000,0.000000,0.000000,0.000000,8.000000,-130.910000
1777586645.476922,0,5.000000,0.000000,5.000000,0.000000,0.000000,0.000000,0.000000,0.000000,8.000000,-130.910000
1777586645.477479,0,5.000000,0.000000,5.000000,0.000000,0.000000,0.000000,0.000000,0.000000,8.000000,-130.890000
1777586645.478034,0,5.000000,0.000000,5.000000,0.000000,0.000000,0.000000,0.000000,0.000000,8.000000,-130.880000
1777586645.506184,0,5.000000,0.000000,5.000000,0.000000,0.000000,0.000000,0.000000,0.000000,8.000000,-130.880000
1777586645.506720,0,5.000000,0.000000,5.000000,0.000000,0.000000,0.000000,0.000000,0.000000,8.000000,-130.860000
1777586645.507252,0,5.000000,0.000000,5.000000,0.000000,0.000000,0.000000,0.000000,0.000000,8.000000,-130.860000
1777586645.535257,0,5.000000,0.000000,5.000000,0.000000,0.000000,0.000000,0.000000,0.000000,8.000000,-130.850000
1777586645.535897,0,5.000000,0.000000,5.000000,0.000000,0.000000,0.000000,0.000000,0.000000,8.000000,-130.830000
1777586645.564261,0,5.000000,0.000000,5.000000,0.000000,0.000000,0.000000,0.000000,0.000000,8.000000,-130.830000
1777586645.564817,0,5.000000,0.000000,5.000000,0.000000,0.000000,0.000000,0.000000,0.000000,8.000000,-130.820000
1777586645.565479,0,5.000000,0.000000,5.000000,0.000000,0.000000,0.000000,0.000000,0.000000,8.000000,-130.800000
1777586645.581620,0,5.000000,0.000000,5.000000,0.000000,0.000000,0.000000,0.000000,0.000000,8.000000,-130.800000
1777586645.597397,0,5.000000,0.000000,5.000000,0.000000,0.000000,0.000000,0.000000,0.000000,8.000000,-130.780000
1777586645.597868,0,5.000000,0.000000,5.000000,0.000000,0.000000,0.000000,0.000000,0.000000,8.000000,-130.770000
1777586645.613371,0,5.000000,0.000000,5.000000,0.000000,0.000000,0.000000,0.000000,0.000000,8.000000,-130.770000
1777586645.629612,0,5.000000,0.000000,5.000000,0.000000,0.000000,0.000000,0.000000,0.000000,8.000000,-130.750000
1777586645.645546,0,5.000000,0.000000,5.000000,0.000000,0.000000,0.000000,0.000000,0.000000,8.000000,-130.750000
1777586645.646011,0,5.000000,0.000000,5.000000,0.000000,0.000000,0.000000,0.000000,0.000000,8.000000,-130.740000
1777586645.662828,0,5.000000,0.000000,5.000000,0.000000,0.000000,0.000000,0.000000,0.000000,8.000000,-130.720000
1777586645.663535,0,5.000000,0.000000,5.000000,0.000000,0.000000,0.000000,0.000000,0.000000,8.000000,-130.720000
1777586645.679539,0,5.000000,0.000000,5.000000,0.000000,0.000000,0.000000,0.000000,0.000000,8.000000,-130.710000
1777586645.680000,0,5.000000,0.000000,5.000000,0.000000,0.000000,0.000000,0.000000,0.000000,8.000000,-130.690000
1777586645.695936,0,5.000000,0.000000,5.000000,0.000000,0.000000,0.000000,0.000000,0.000000,8.000000,-130.690000
1777586645.713317,0,5.000000,0.000000,5.000000,0.000000,0.000000,0.000000,0.000000,0.000000,8.000000,-130.670000
1777586645.713798,0,5.000000,0.000000,5.000000,0.000000,0.000000,0.000000,0.000000,0.000000,8.000000,-130.660000
1777586645.731569,0,5.000000,0.000000,5.000000,0.000000,0.000000,0.000000,0.000000,0.000000,8.000000,-130.660000
1777586645.732332,0,5.000000,0.000000,5.000000,0.000000,0.000000,0.000000,0.000000,0.000000,8.000000,-130.640000
1777586645.748537,0,5.000000,0.000000,5.000000,0.000000,0.000000,0.000000,0.000000,0.000000,8.000000,-130.630000
1777586645.749146,0,5.000000,0.000000,5.000000,0.000000,0.000000,0.000000,0.000000,0.000000,8.000000,-130.630000
1777586645.765243,0,5.000000,0.000000,5.000000,0.000000,0.000000,0.000000,0.000000,0.000000,8.000000,-130.610000
1777586645.781582,0,5.000000,0.000000,5.000000,0.000000,0.000000,0.000000,0.000000,0.000000,8.000000,-130.610000
1777586645.782051,0,5.000000,0.000000,5.000000,0.000000,0.000000,0.000000,0.000000,0.000000,8.000000,-130.600000
1777586645.797903,0,5.000000,0.000000,5.000000,0.000000,0.000000,0.000000,0.000000,0.000000,8.000000,-130.580000
1777586645.798391,0,5.000000,0.000000,5.000000,0.000000,0.000000,0.000000,0.000000,0.000000,8.000000,-130.580000
1777586645.816026,0,5.000000,0.000000,5.000000,0.000000,0.000000,0.000000,0.000000,0.000000,8.000000,-130.570000
1777586645.833432,0,5.000000,0.000000,5.000000,0.000000,0.000000,0.000000,0.000000,0.000000,8.000000,-130.550000
1777586645.834232,0,5.000000,0.000000,5.000000,0.000000,0.000000,0.000000,0.000000,0.000000,8.000000,-130.550000
1777586645.850353,0,5.000000,0.000000,5.000000,0.000000,0.000000,0.000000,0.000000,0.000000,8.000000,-130.530000
1777586645.850934,0,5.000000,0.000000,5.000000,0.000000,0.000000,0.000000,0.000000,0.000000,8.000000,-130.520000
1777586645.867025,0,5.000000,0.000000,5.000000,0.000000,0.000000,0.000000,0.000000,0.000000,8.000000,-130.520000
1777586645.884599,0,5.000000,0.000000,5.000000,0.000000,0.000000,0.000000,0.000000,0.000000,8.000000,-130.500000
1777586645.901741,0,5.000000,0.000000,5.000000,0.000000,0.000000,0.000000,0.000000,0.000000,8.000000,-130.500000
1777586645.902526,0,5.000000,0.000000,5.000000,0.000000,0.000000,0.000000,0.000000,0.000000,8.000000,-130.490000
1777586645.918818,0,5.000000,0.000000,5.000000,0.000000,0.000000,0.000000,0.000000,0.000000,8.000000,-130.470000
1777586645.919286,0,5.000000,0.000000,5.000000,0.000000,0.000000,0.000000,0.000000,0.000000,8.000000,-130.470000
1777586645.919769,0,5.000000,0.000000,5.000000,0.000000,0.000000,0.000000,0.000000,0.000000,8.000000,-130.460000
1777586645.936394,0,5.000000,0.000000,5.000000,0.000000,0.000000,0.000000,0.000000,0.000000,8.000000,-130.440000
1777586645.952147,0,5.000000,0.000000,5.000000,0.000000,0.000000,0.000000,0.000000,0.000000,8.000000,-130.440000
1777586645.952611,0,5.000000,0.000000,5.000000,0.000000,0.000000,0.000000,0.000000,0.000000,8.000000,-130.420000
1777586645.968722,0,5.000000,0.000000,5.000000,0.000000,0.000000,0.000000,0.000000,0.000000,8.000000,-130.410000
1777586645.969395,0,5.000000,0.000000,5.000000,0.000000,0.000000,0.000000,0.000000,0.000000,8.000000,-130.410000
1777586645.985758,0,5.000000,0.000000,5.000000,0.000000,0.000000,0.000000,0.000000,0.000000,8.000000,-130.390000
1777586646.002112,0,5.000000,0.000000,5.000000,0.000000,0.000000,0.000000,0.000000,0.000000,8.000000,-130.380000
1777586646.002579,0,5.000000,0.000000,5.000000,0.000000,0.000000,0.000000,0.000000,0.000000,8.000000,-130.380000
1777586646.018848,0,5.000000,0.000000,5.000000,0.000000,0.000000,0.000000,0.000000,0.000000,8.000000,-130.360000
1777586646.019307,0,5.000000,0.000000,5.000000,0.000000,0.000000,0.000000,0.000000,0.000000,8.000000,-130.360000
1777586646.052424,0,5.000000,0.000000,5.000000,0.000000,0.000000,0.000000,0.000000,0.000000,8.000000,-130.350000
1777586646.052893,0,5.000000,0.000000,5.000000,0.000000,0.000000,0.000000,0.000000,0.000000,8.000000,-130.330000
1777586646.053235,0,5.000000,0.000000,5.000000,0.000000,0.000000,0.000000,0.000000,0.000000,8.000000,-130.330000
1777586646.072254,0,5.000000,0.000000,5.000000,0.000000,0.000000,0.000000,0.000000,0.000000,8.000000,-130.320000
1777586646.091432,0,5.000000,0.000000,5.000000,0.000000,0.000000,0.000000,0.000000,0.000000,8.000000,-130.300000
1777586646.091883,0,5.000000,0.000000,5.000000,0.000000,0.000000,0.000000,0.000000,0.000000,8.000000,-130.300000
1777586646.110896,0,5.000000,0.000000,5.000000,0.000000,0.000000,0.000000,0.000000,0.000000,8.000000,-130.280000
1777586646.111356,0,5.000000,0.000000,5.000000,0.000000,0.000000,0.000000,0.000000,0.000000,8.000000,-130.270000
1777586646.111900,0,5.000000,0.000000,5.000000,0.000000,0.000000,0.000000,0.000000,0.000000,8.000000,-130.270000
1777586646.129911,0,5.000000,0.000000,5.000000,0.000000,0.000000,0.000000,0.000000,0.000000,8.000000,-130.250000
1777586646.148422,0,5.000000,0.000000,5.000000,0.000000,0.000000,0.000000,0.000000,0.000000,8.000000,-130.250000
1777586646.149018,0,5.000000,0.000000,5.000000,0.000000,0.000000,0.000000,0.000000,0.000000,8.000000,-130.240000
1777586646.165039,0,5.000000,0.000000,5.000000,0.000000,0.000000,0.000000,0.000000,0.000000,8.000000,-130.220000
1777586646.165660,0,5.000000,0.000000,5.000000,0.000000,0.000000,0.000000,0.000000,0.000000,8.000000,-130.220000
1777586646.181507,0,5.000000,0.000000,5.000000,0.000000,0.000000,0.000000,0.000000,0.000000,8.000000,-130.210000
1777586646.198121,0,5.000000,0.000000,5.000000,0.000000,0.000000,0.000000,0.000000,0.000000,8.000000,-130.190000
1777586646.198608,0,5.000000,0.000000,5.000000,0.000000,0.000000,0.000000,0.000000,0.000000,8.000000,-130.190000
1777586646.215725,0,5.000000,0.000000,5.000000,0.000000,0.000000,0.000000,0.000000,0.000000,8.000000,-130.170000
1777586646.216435,0,5.000000,0.000000,5.000000,0.000000,0.000000,0.000000,0.000000,0.000000,8.000000,-130.160000
1777586646.233716,0,5.000000,0.000000,5.000000,0.000000,0.000000,0.000000,0.000000,0.000000,8.000000,-130.160000
1777586646.234284,0,5.000000,0.000000,5.000000,0.000000,0.000000,0.000000,0.000000,0.000000,8.000000,-130.140000
1777586646.250465,0,5.000000,0.000000,5.000000,0.000000,0.000000,0.000000,0.000000,0.000000,8.000000,-130.130000
1777586646.250917,0,5.000000,0.000000,5.000000,0.000000,0.000000,0.000000,0.000000,0.000000,8.000000,-130.130000
1777586646.267742,0,5.000000,0.000000,5.000000,0.000000,0.000000,0.000000,0.000000,0.000000,8.000000,-130.110000
1777586646.284645,0,5.000000,0.000000,5.000000,0.000000,0.000000,0.000000,0.000000,0.000000,8.000000,-130.110000
1777586646.285103,0,5.000000,0.000000,5.000000,0.000000,0.000000,0.000000,0.000000,0.000000,8.000000,-130.100000
1777586646.285709,0,5.000000,0.000000,5.000000,0.000000,0.000000,0.000000,0.000000,0.000000,8.000000,-130.080000
1777586646.301571,0,5.000000,0.000000,5.000000,0.000000,0.000000,0.000000,0.000000,0.000000,8.000000,-130.080000
1777586646.318083,0,5.000000,0.000000,5.000000,0.000000,0.000000,0.000000,0.000000,0.000000,8.000000,-130.070000
1777586646.336108,0,5.000000,0.000000,5.000000,0.000000,0.000000,0.000000,0.000000,0.000000,8.000000,-130.050000
1777586646.336582,0,5.000000,0.000000,5.000000,0.000000,0.000000,0.000000,0.000000,0.000000,8.000000,-130.050000
1777586646.352859,0,5.000000,0.000000,5.000000,0.000000,0.000000,0.000000,0.000000,0.000000,8.000000,-130.030000
1777586646.353329,0,5.000000,0.000000,5.000000,0.000000,0.000000,0.000000,0.000000,0.000000,8.000000,-130.020000
1777586646.369116,0,5.000000,0.000000,5.000000,0.000000,0.000000,0.000000,0.000000,0.000000,8.000000,-130.020000
1777586646.369589,0,5.000000,0.000000,5.000000,0.000000,0.000000,0.000000,0.000000,0.000000,8.000000,-130.000000
1777586646.369951,0,5.000000,0.000000,5.000000,0.000000,0.000000,0.000000,0.000000,0.000000,8.000000,-130.000000
1777586646.397405,0,5.000000,0.000000,5.000000,0.000000,0.000000,0.000000,0.000000,0.000000,8.000000,-129.990000
1777586646.398187,0,5.000000,0.000000,5.000000,0.000000,0.000000,0.000000,0.000000,0.000000,8.000000,-129.970000
1777586646.398762,0,5.000000,0.000000,5.000000,0.000000,0.000000,0.000000,0.000000,0.000000,8.000000,-129.970000
1777586646.427556,0,5.000000,0.000000,5.000000,0.000000,0.000000,0.000000,0.000000,0.000000,8.000000,-129.960000
1777586646.428042,0,5.000000,0.000000,5.000000,0.000000,0.000000,0.000000,0.000000,0.000000,8.000000,-129.960000
1777586646.428569,0,5.000000,0.000000,5.000000,0.000000,0.000000,0.000000,0.000000,0.000000,8.000000,-129.940000
1777586646.429100,0,5.000000,0.000000,5.000000,0.000000,0.000000,0.000000,0.000000,0.000000,8.000000,-129.940000
1777586646.455868,0,5.000000,0.000000,5.000000,0.000000,0.000000,0.000000,0.000000,0.000000,8.000000,-129.920000
1777586646.471472,0,5.000000,0.000000,5.000000,0.000000,0.000000,0.000000,0.000000,0.000000,8.000000,-129.910000
1777586646.488291,0,5.000000,0.000000,5.000000,0.000000,0.000000,0.000000,0.000000,0.000000,8.000000,-129.910000
1777586646.488868,0,5.000000,0.000000,5.000000,0.000000,0.000000,0.000000,0.000000,0.000000,8.000000,-129.890000
1777586646.504780,0,5.000000,0.000000,5.000000,0.000000,0.000000,0.000000,0.000000,0.000000,8.000000,-129.880000
1777586646.505248,0,5.000000,0.000000,5.000000,0.000000,0.000000,0.000000,0.000000,0.000000,8.000000,-129.880000
1777586646.520585,0,5.000000,0.000000,5.000000,0.000000,0.000000,0.000000,0.000000,0.000000,8.000000,-129.860000
1777586646.536272,0,5.000000,0.000000,5.000000,0.000000,0.000000,0.000000,0.000000,0.000000,8.000000,-129.860000
1777586646.552159,0,5.000000,0.000000,5.000000,0.000000,0.000000,0.000000,0.000000,0.000000,8.000000,-129.850000
1777586646.552637,0,5.000000,0.000000,5.000000,0.000000,0.000000,0.000000,0.000000,0.000000,8.000000,-129.830000
1777586646.568178,0,5.000000,0.000000,5.000000,0.000000,0.000000,0.000000,0.000000,0.000000,8.000000,-129.830000
1777586646.568774,0,5.000000,0.000000,5.000000,0.000000,0.000000,0.000000,0.000000,0.000000,8.000000,-129.820000
1777586646.569351,0,5.000000,0.000000,5.000000,0.000000,0.000000,0.000000,0.000000,0.000000,8.000000,-129.800000
1777586646.598054,0,5.000000,0.000000,5.000000,0.000000,0.000000,0.000000,0.000000,0.000000,8.000000,-129.800000
1777586646.598820,0,5.000000,0.000000,5.000000,0.000000,0.000000,0.000000,0.000000,0.000000,8.000000,-129.780000
1777586646.599461,0,5.000000,0.000000,5.000000,0.000000,0.000000,0.000000,0.000000,0.000000,8.000000,-129.770000
1777586646.615257,0,5.000000,0.000000,5.000000,0.000000,0.000000,0.000000,0.000000,0.000000,8.000000,-129.770000
1777586646.630850,0,5.000000,0.000000,5.000000,0.000000,0.000000,0.000000,0.000000,0.000000,8.000000,-129.750000
1777586646.631461,0,5.000000,0.000000,5.000000,0.000000,0.000000,0.000000,0.000000,0.000000,8.000000,-129.750000
1777586646.661665,0,5.000000,0.000000,5.000000,0.000000,0.000000,0.000000,0.000000,0.000000,8.000000,-129.740000
1777586646.662146,0,5.000000,0.000000,5.000000,0.000000,0.000000,0.000000,0.000000,0.000000,8.000000,-129.720000
1777586646.662801,0,5.000000,0.000000,5.000000,0.000000,0.000000,0.000000,0.000000,0.000000,8.000000,-129.720000
1777586646.663209,0,5.000000,0.000000,5.000000,0.000000,0.000000,0.000000,0.000000,0.000000,8.000000,-129.710000
1777586646.691626,0,5.000000,0.000000,5.000000,0.000000,0.000000,0.000000,0.000000,0.000000,8.000000,-129.690000
1777586646.692256,0,5.000000,0.000000,5.000000,0.000000,0.000000,0.000000,0.000000,0.000000,8.000000,-129.690000
1777586646.722667,0,5.000000,0.000000,5.000000,0.000000,0.000000,0.000000,0.000000,0.000000,8.000000,-129.670000
1777586646.723156,0,5.000000,0.000000,5.000000,0.000000,0.000000,0.000000,0.000000,0.000000,8.000000,-129.660000
1777586646.723675,0,5.000000,0.000000,5.000000,0.000000,0.000000,0.000000,0.000000,0.000000,8.000000,-129.660000
1777586646.724056,0,5.000000,0.000000,5.000000,0.000000,0.000000,0.000000,0.000000,0.000000,8.000000,-129.640000
1777586646.754395,0,5.000000,0.000000,5.000000,0.000000,0.000000,0.000000,0.000000,0.000000,8.000000,-129.630000
1777586646.754862,0,5.000000,0.000000,5.000000,0.000000,0.000000,0.000000,0.000000,0.000000,8.000000,-129.630000
1777586646.755392,0,5.000000,0.000000,5.000000,0.000000,0.000000,0.000000,0.000000,0.000000,8.000000,-129.610000
1777586646.771124,0,5.000000,0.000000,5.000000,0.000000,0.000000,0.000000,0.000000,0.000000,8.000000,-129.610000
1777586646.789367,0,5.000000,0.000000,5.000000,0.000000,0.000000,0.000000,0.000000,0.000000,8.000000,-129.600000
1777586646.806205,0,5.000000,0.000000,5.000000,0.000000,0.000000,0.000000,0.000000,0.000000,8.000000,-129.580000
1777586646.822728,0,0.000000,0.000000,5.000000,0.000000,0.000000,0.000000,0.000000,0.000000,8.000000,-129.580000
1777586646.823188,0,0.000000,0.000000,0.000000,0.000000,0.000000,0.000000,0.000000,0.000000,8.000000,-129.570000
1777586646.839465,0,0.000000,0.000000,0.000000,0.000000,0.000000,0.000000,0.000000,0.000000,8.000000,-129.550000
1777586646.840168,0,0.000000,0.000000,0.000000,0.000000,0.000000,0.000000,0.000000,0.000000,8.000000,-129.550000
1777586646.856165,0,0.000000,0.000000,0.000000,0.000000,0.000000,0.000000,0.000000,0.000000,8.000000,-129.530000
1777586646.856628,0,0.000000,0.000000,0.000000,0.000000,0.000000,0.000000,0.000000,0.000000,8.000000,-129.520000
1777586646.873854,0,0.000000,0.000000,0.000000,0.000000,0.000000,0.000000,0.000000,0.000000,8.000000,-129.520000
1777586646.889872,0,0.000000,0.000000,0.000000,0.000000,0.000000,0.000000,0.000000,0.000000,8.000000,-129.500000
1777586646.890385,0,0.000000,0.000000,0.000000,0.000000,0.000000,0.000000,0.000000,0.000000,8.000000,-129.500000
1777586646.890758,0,0.000000,0.000000,0.000000,0.000000,0.000000,0.000000,0.000000,0.000000,8.000000,-129.490000
1777586646.907763,0,0.000000,0.000000,0.000000,0.000000,0.000000,0.000000,0.000000,0.000000,8.000000,-129.470000
1777586646.923826,0,0.000000,0.000000,0.000000,0.000000,0.000000,0.000000,0.000000,0.000000,8.000000,-129.470000
1777586646.924293,0,0.000000,0.000000,0.000000,0.000000,0.000000,0.000000,0.000000,0.000000,8.000000,-129.460000
1777586646.941076,0,0.000000,0.000000,0.000000,0.000000,0.000000,0.000000,0.000000,0.000000,8.000000,-129.440000
1777586646.957242,0,0.000000,0.000000,0.000000,0.000000,0.000000,0.000000,0.000000,0.000000,8.000000,-129.440000
1777586646.957706,0,0.000000,0.000000,0.000000,0.000000,0.000000,0.000000,0.000000,0.000000,8.000000,-129.420000
1777586646.975084,0,0.000000,0.000000,0.000000,0.000000,0.000000,0.000000,0.000000,0.000000,8.000000,-129.410000
1777586646.975719,0,0.000000,0.000000,0.000000,0.000000,0.000000,0.000000,0.000000,0.000000,8.000000,-129.410000
1777586646.992936,0,0.000000,0.000000,0.000000,0.000000,0.000000,0.000000,0.000000,0.000000,8.000000,-129.390000
1777586646.993399,0,0.000000,0.000000,0.000000,0.000000,0.000000,0.000000,0.000000,0.000000,8.000000,-129.380000
1777586647.008914,0,0.000000,0.000000,0.000000,0.000000,0.000000,0.000000,0.000000,0.000000,8.000000,-129.380000
1777586647.009368,0,0.000000,0.000000,0.000000,0.000000,0.000000,0.000000,0.000000,0.000000,8.000000,-129.360000
1777586647.039527,0,0.000000,0.000000,0.000000,0.000000,0.000000,0.000000,0.000000,0.000000,8.000000,-129.360000
1777586647.040019,0,0.000000,0.000000,0.000000,0.000000,0.000000,0.000000,0.000000,0.000000,8.000000,-129.350000
1777586647.040558,0,0.000000,0.000000,0.000000,0.000000,0.000000,0.000000,0.000000,0.000000,8.000000,-129.330000
1777586647.041018,0,0.000000,0.000000,0.000000,0.000000,0.000000,0.000000,0.000000,0.000000,8.000000,-129.330000
1777586647.071478,0,0.000000,0.000000,0.000000,0.000000,0.000000,0.000000,0.000000,0.000000,8.000000,-129.320000
1777586647.071965,0,0.000000,0.000000,0.000000,0.000000,0.000000,0.000000,0.000000,0.000000,8.000000,-129.300000
1777586647.072505,0,0.000000,0.000000,0.000000,0.000000,0.000000,0.000000,0.000000,0.000000,8.000000,-129.300000
1777586647.101277,0,0.000000,0.000000,0.000000,0.000000,0.000000,0.000000,0.000000,0.000000,8.000000,-129.280000
1777586647.101924,0,0.000000,0.000000,0.000000,0.000000,0.000000,0.000000,0.000000,0.000000,8.000000,-129.270000
1777586647.117706,0,0.000000,0.000000,0.000000,0.000000,0.000000,0.000000,0.000000,0.000000,8.000000,-129.270000
1777586647.134302,0,0.000000,0.000000,0.000000,0.000000,0.000000,0.000000,0.000000,0.000000,8.000000,-129.250000
1777586647.134776,0,0.000000,0.000000,0.000000,0.000000,0.000000,0.000000,0.000000,0.000000,8.000000,-129.250000
1777586647.152656,0,0.000000,0.000000,0.000000,0.000000,0.000000,0.000000,0.000000,0.000000,8.000000,-129.240000
1777586647.168900,0,0.000000,0.000000,0.000000,0.000000,0.000000,0.000000,0.000000,0.000000,8.000000,-129.220000
1777586647.169365,0,0.000000,0.000000,0.000000,0.000000,0.000000,0.000000,0.000000,0.000000,8.000000,-129.220000
1777586647.186352,0,0.000000,0.000000,0.000000,0.000000,0.000000,0.000000,0.000000,0.000000,8.000000,-129.210000
1777586647.202811,0,0.000000,0.000000,0.000000,0.000000,0.000000,0.000000,0.000000,0.000000,8.000000,-129.190000
1777586647.203274,0,0.000000,0.000000,0.000000,0.000000,0.000000,0.000000,0.000000,0.000000,8.000000,-129.190000
1777586647.203652,0,0.000000,0.000000,0.000000,0.000000,0.000000,0.000000,0.000000,0.000000,8.000000,-129.170000
1777586647.233681,0,0.000000,0.000000,0.000000,0.000000,0.000000,0.000000,0.000000,0.000000,8.000000,-129.160000
1777586647.234130,0,0.000000,0.000000,0.000000,0.000000,0.000000,0.000000,0.000000,0.000000,8.000000,-129.160000
1777586647.234454,0,0.000000,0.000000,0.000000,0.000000,0.000000,0.000000,0.000000,0.000000,8.000000,-129.140000
1777586647.234839,0,0.000000,0.000000,0.000000,0.000000,0.000000,0.000000,0.000000,0.000000,8.000000,-129.130000
1777586647.263314,0,0.000000,0.000000,0.000000,0.000000,0.000000,0.000000,0.000000,0.000000,8.000000,-129.130000
1777586647.263791,0,0.000000,0.000000,0.000000,0.000000,0.000000,0.000000,0.000000,0.000000,8.000000,-129.110000
1777586647.264385,0,0.000000,0.000000,0.000000,0.000000,0.000000,0.000000,0.000000,0.000000,8.000000,-129.110000
1777586647.292621,0,0.000000,0.000000,0.000000,0.000000,0.000000,0.000000,0.000000,0.000000,8.000000,-129.100000
1777586647.293092,0,0.000000,0.000000,0.000000,0.000000,0.000000,0.000000,0.000000,0.000000,8.000000,-129.080000
1777586647.293681,0,0.000000,0.000000,0.000000,0.000000,0.000000,0.000000,0.000000,0.000000,8.000000,-129.080000
1777586647.294065,0,0.000000,0.000000,0.000000,0.000000,0.000000,0.000000,0.000000,0.000000,8.000000,-129.070000
1777586647.322633,0,0.000000,0.000000,0.000000,0.000000,0.000000,0.000000,0.000000,0.000000,8.000000,-129.050000
1777586647.323318,0,0.000000,0.000000,0.000000,0.000000,0.000000,0.000000,0.000000,0.000000,8.000000,-129.050000
1777586647.352433,0,0.000000,0.000000,0.000000,0.000000,0.000000,0.000000,0.000000,0.000000,8.000000,-129.030000
1777586647.352915,0,0.000000,0.000000,0.000000,0.000000,0.000000,0.000000,0.000000,0.000000,8.000000,-129.020000
1777586647.353459,0,0.000000,0.000000,0.000000,0.000000,0.000000,0.000000,0.000000,0.000000,8.000000,-129.020000
1777586647.381806,0,0.000000,0.000000,0.000000,0.000000,0.000000,0.000000,0.000000,0.000000,8.000000,-129.000000
1777586647.382647,0,0.000000,0.000000,0.000000,0.000000,0.000000,0.000000,0.000000,0.000000,8.000000,-129.000000
1777586647.383052,0,0.000000,0.000000,0.000000,0.000000,0.000000,0.000000,0.000000,0.000000,8.000000,-128.990000
1777586647.410891,0,0.000000,0.000000,0.000000,0.000000,0.000000,0.000000,0.000000,0.000000,8.000000,-128.970000
1777586647.411357,0,0.000000,0.000000,0.000000,0.000000,0.000000,0.000000,0.000000,0.000000,8.000000,-128.970000
1777586647.440728,0,0.000000,0.000000,0.000000,0.000000,0.000000,0.000000,0.000000,0.000000,8.000000,-128.960000
1777586647.441205,0,0.000000,0.000000,0.000000,0.000000,0.000000,0.000000,0.000000,0.000000,8.000000,-128.940000
1777586647.441735,0,0.000000,0.000000,0.000000,0.000000,0.000000,0.000000,0.000000,0.000000,8.000000,-128.940000
1777586647.442103,0,0.000000,0.000000,0.000000,0.000000,0.000000,0.000000,0.000000,0.000000,8.000000,-128.920000
1777586647.442467,0,0.000000,0.000000,0.000000,0.000000,0.000000,0.000000,0.000000,0.000000,8.000000,-128.910000
1777586647.471802,0,0.000000,0.000000,0.000000,0.000000,0.000000,0.000000,0.000000,0.000000,8.000000,-128.910000
1777586647.472261,0,0.000000,0.000000,0.000000,0.000000,0.000000,0.000000,0.000000,0.000000,8.000000,-128.890000
1777586647.500908,0,0.000000,0.000000,0.000000,0.000000,0.000000,0.000000,0.000000,0.000000,8.000000,-128.880000
1777586647.501384,0,0.000000,0.000000,0.000000,0.000000,0.000000,0.000000,0.000000,0.000000,8.000000,-128.880000
1777586647.501928,0,0.000000,0.000000,0.000000,0.000000,0.000000,0.000000,0.000000,0.000000,8.000000,-128.860000
1777586647.533361,0,0.000000,0.000000,0.000000,0.000000,0.000000,0.000000,0.000000,0.000000,8.000000,-128.860000
1777586647.533813,0,0.000000,0.000000,0.000000,0.000000,0.000000,0.000000,0.000000,0.000000,8.000000,-128.850000
1777586647.534306,0,0.000000,0.000000,0.000000,0.000000,0.000000,0.000000,0.000000,0.000000,8.000000,-128.830000
1777586647.563672,0,0.000000,0.000000,0.000000,0.000000,0.000000,0.000000,0.000000,0.000000,8.000000,-128.830000
1777586647.564151,0,0.000000,0.000000,0.000000,0.000000,0.000000,0.000000,0.000000,0.000000,8.000000,-128.820000
1777586647.564664,0,0.000000,0.000000,0.000000,0.000000,0.000000,0.000000,0.000000,0.000000,8.000000,-128.800000
1777586647.593244,0,0.000000,0.000000,0.000000,0.000000,0.000000,0.000000,0.000000,0.000000,8.000000,-128.800000
1777586647.593858,0,0.000000,0.000000,0.000000,0.000000,0.000000,0.000000,0.000000,0.000000,8.000000,-128.780000
1777586647.594448,0,0.000000,0.000000,0.000000,0.000000,0.000000,0.000000,0.000000,0.000000,8.000000,-128.770000
1777586647.594826,0,0.000000,0.000000,0.000000,0.000000,0.000000,0.000000,0.000000,0.000000,8.000000,-128.770000
1777586647.621876,0,0.000000,0.000000,0.000000,0.000000,0.000000,0.000000,0.000000,0.000000,8.000000,-128.770000
1777586647.622614,0,0.000000,0.000000,0.000000,0.000000,0.000000,0.000000,0.000000,0.000000,8.000000,-128.750000
1777586647.651965,0,0.000000,0.000000,0.000000,0.000000,0.000000,0.000000,0.000000,0.000000,8.000000,-128.750000
1777586647.652440,0,0.000000,0.000000,0.000000,0.000000,0.000000,0.000000,0.000000,0.000000,8.000000,-128.740000
1777586647.653034,0,0.000000,0.000000,0.000000,0.000000,0.000000,0.000000,0.000000,0.000000,8.000000,-128.720000
1777586647.653414,0,0.000000,0.000000,0.000000,0.000000,0.000000,0.000000,0.000000,0.000000,8.000000,-128.720000
1777586647.681866,0,0.000000,0.000000,0.000000,0.000000,0.000000,0.000000,0.000000,0.000000,8.000000,-128.710000
1777586647.682564,0,0.000000,0.000000,0.000000,0.000000,0.000000,0.000000,0.000000,0.000000,8.000000,-128.690000
1777586647.710347,0,0.000000,0.000000,0.000000,0.000000,0.000000,0.000000,0.000000,0.000000,8.000000,-128.690000
1777586647.710828,0,0.000000,0.000000,0.000000,0.000000,0.000000,0.000000,0.000000,0.000000,8.000000,-128.670000
1777586647.711432,0,0.000000,0.000000,0.000000,0.000000,0.000000,0.000000,0.000000,0.000000,8.000000,-128.660000
1777586647.711801,0,0.000000,0.000000,0.000000,0.000000,0.000000,0.000000,0.000000,0.000000,8.000000,-128.660000
1777586647.741888,0,0.000000,0.000000,0.000000,0.000000,0.000000,0.000000,0.000000,0.000000,8.000000,-128.640000
1777586647.742480,0,0.000000,0.000000,0.000000,0.000000,0.000000,0.000000,0.000000,0.000000,8.000000,-128.630000
1777586647.776172,0,0.000000,0.000000,0.000000,0.000000,0.000000,0.000000,0.000000,0.000000,8.000000,-128.630000
1777586647.776658,0,0.000000,0.000000,0.000000,0.000000,0.000000,0.000000,0.000000,0.000000,8.000000,-128.610000
1777586647.777210,0,0.000000,0.000000,0.000000,0.000000,0.000000,0.000000,0.000000,0.000000,8.000000,-128.610000
1777586647.777573,0,0.000000,0.000000,0.000000,0.000000,0.000000,0.000000,0.000000,0.000000,8.000000,-128.600000
1777586647.810959,0,0.000000,0.000000,0.000000,0.000000,0.000000,0.000000,0.000000,0.000000,8.000000,-128.580000
1777586647.811684,0,0.000000,0.000000,0.000000,0.000000,0.000000,0.000000,0.000000,0.000000,8.000000,-128.580000
1777586647.812042,0,0.000000,0.000000,0.000000,0.000000,0.000000,0.000000,0.000000,0.000000,8.000000,-128.570000
1777586647.831181,0,0.000000,0.000000,0.000000,0.000000,0.000000,0.000000,0.000000,0.000000,8.000000,-128.550000
1777586647.849123,0,0.000000,0.000000,0.000000,0.000000,0.000000,0.000000,0.000000,0.000000,8.000000,-128.550000
1777586647.849661,0,0.000000,0.000000,0.000000,0.000000,0.000000,0.000000,0.000000,0.000000,8.000000,-128.530000
1777586647.867069,0,0.000000,0.000000,0.000000,0.000000,0.000000,0.000000,0.000000,0.000000,8.000000,-128.520000
1777586647.867740,0,0.000000,0.000000,0.000000,0.000000,0.000000,0.000000,0.000000,0.000000,8.000000,-128.520000
1777586647.887049,0,0.000000,0.000000,0.000000,0.000000,0.000000,0.000000,0.000000,0.000000,8.000000,-128.500000
1777586647.905026,0,0.000000,0.000000,0.000000,0.000000,0.000000,0.000000,0.000000,0.000000,8.000000,-128.500000
1777586647.905498,0,0.000000,0.000000,0.000000,0.000000,0.000000,0.000000,0.000000,0.000000,8.000000,-128.490000
1777586647.922854,0,0.000000,0.000000,0.000000,0.000000,0.000000,0.000000,0.000000,0.000000,8.000000,-128.470000
1777586647.923324,0,0.000000,0.000000,0.000000,0.000000,0.000000,0.000000,0.000000,0.000000,8.000000,-128.470000
1777586647.923706,0,0.000000,0.000000,0.000000,0.000000,0.000000,0.000000,0.000000,0.000000,8.000000,-128.460000
1777586647.943967,0,0.000000,0.000000,0.000000,0.000000,0.000000,0.000000,0.000000,0.000000,8.000000,-128.440000
1777586647.962841,0,0.000000,0.000000,0.000000,0.000000,0.000000,0.000000,0.000000,0.000000,8.000000,-128.440000
1777586647.963306,0,0.000000,0.000000,0.000000,0.000000,0.000000,0.000000,0.000000,0.000000,8.000000,-128.420000
1777586647.963830,0,0.000000,0.000000,0.000000,0.000000,0.000000,0.000000,0.000000,0.000000,8.000000,-128.410000
1777586647.982273,0,0.000000,0.000000,0.000000,0.000000,0.000000,0.000000,0.000000,0.000000,8.000000,-128.410000
1777586648.001395,0,0.000000,0.000000,0.000000,0.000000,0.000000,0.000000,0.000000,0.000000,8.000000,-128.390000
1777586648.002038,0,0.000000,0.000000,0.000000,0.000000,0.000000,0.000000,0.000000,0.000000,8.000000,-128.380000
1777586648.022334,0,0.000000,0.000000,0.000000,0.000000,0.000000,0.000000,0.000000,0.000000,8.000000,-128.380000
1777586648.022889,0,0.000000,0.000000,0.000000,0.000000,0.000000,0.000000,0.000000,0.000000,8.000000,-128.360000
1777586648.023247,0,0.000000,0.000000,0.000000,0.000000,0.000000,0.000000,0.000000,0.000000,8.000000,-128.360000
1777586648.042192,0,0.000000,0.000000,0.000000,0.000000,0.000000,0.000000,0.000000,0.000000,8.000000,-128.350000
1777586648.043045,0,0.000000,0.000000,0.000000,0.000000,0.000000,0.000000,0.000000,0.000000,8.000000,-128.330000
1777586648.062151,0,0.000000,0.000000,0.000000,0.000000,0.000000,0.000000,0.000000,0.000000,8.000000,-128.330000
1777586648.081479,0,0.000000,0.000000,0.000000,0.000000,0.000000,0.000000,0.000000,0.000000,8.000000,-128.320000
1777586648.081981,0,0.000000,0.000000,0.000000,0.000000,0.000000,0.000000,0.000000,0.000000,8.000000,-128.300000
1777586648.101303,0,0.000000,0.000000,0.000000,0.000000,0.000000,0.000000,0.000000,0.000000,8.000000,-128.300000
1777586648.101774,0,0.000000,0.000000,0.000000,0.000000,0.000000,0.000000,0.000000,0.000000,8.000000,-128.280000
1777586648.121092,0,0.000000,0.000000,0.000000,0.000000,0.000000,0.000000,0.000000,0.000000,8.000000,-128.270000
1777586648.121564,0,0.000000,0.000000,0.000000,0.000000,0.000000,0.000000,0.000000,0.000000,8.000000,-128.270000
1777586648.140818,0,0.000000,0.000000,0.000000,0.000000,0.000000,0.000000,0.000000,0.000000,8.000000,-128.250000
1777586648.141292,0,0.000000,0.000000,0.000000,0.000000,0.000000,0.000000,0.000000,0.000000,8.000000,-128.250000
1777586648.161531,0,0.000000,0.000000,0.000000,0.000000,0.000000,0.000000,0.000000,0.000000,8.000000,-128.240000
1777586648.162019,0,0.000000,0.000000,0.000000,0.000000,0.000000,0.000000,0.000000,0.000000,8.000000,-128.220000
1777586648.181453,0,0.000000,0.000000,0.000000,0.000000,0.000000,0.000000,0.000000,0.000000,8.000000,-128.220000
1777586648.182222,0,0.000000,0.000000,0.000000,0.000000,0.000000,0.000000,0.000000,0.000000,8.000000,-128.210000
1777586648.200831,0,0.000000,0.000000,0.000000,0.000000,0.000000,0.000000,0.000000,0.000000,8.000000,-128.190000
1777586648.201300,0,0.000000,0.000000,0.000000,0.000000,0.000000,0.000000,0.000000,0.000000,8.000000,-128.190000
1777586648.201790,0,0.000000,0.000000,0.000000,0.000000,0.000000,0.000000,0.000000,0.000000,8.000000,-128.170000
1777586648.222278,0,0.000000,0.000000,0.000000,0.000000,0.000000,0.000000,0.000000,0.000000,8.000000,-128.160000
1777586648.240406,0,0.000000,0.000000,0.000000,0.000000,0.000000,0.000000,0.000000,0.000000,8.000000,-128.160000
1777586648.240866,0,0.000000,0.000000,0.000000,0.000000,0.000000,0.000000,0.000000,0.000000,8.000000,-128.140000
1777586648.260685,0,0.000000,0.000000,0.000000,0.000000,0.000000,0.000000,0.000000,0.000000,8.000000,-128.130000
1777586648.280233,0,0.000000,0.000000,0.000000,0.000000,0.000000,0.000000,0.000000,0.000000,8.000000,-128.130000
1777586648.280706,0,0.000000,0.000000,0.000000,0.000000,0.000000,0.000000,0.000000,0.000000,8.000000,-128.110000
1777586648.281068,0,0.000000,0.000000,0.000000,0.000000,0.000000,0.000000,0.000000,0.000000,8.000000,-128.110000
1777586648.300656,0,0.000000,0.000000,0.000000,0.000000,0.000000,0.000000,0.000000,0.000000,8.000000,-128.100000
1777586648.301142,0,0.000000,0.000000,0.000000,0.000000,0.000000,0.000000,0.000000,0.000000,8.000000,-128.080000
1777586648.320450,0,0.000000,0.000000,0.000000,0.000000,0.000000,0.000000,0.000000,0.000000,8.000000,-128.080000
1777586648.320925,0,0.000000,0.000000,0.000000,0.000000,0.000000,0.000000,0.000000,0.000000,8.000000,-128.070000
1777586648.321512,0,0.000000,0.000000,0.000000,0.000000,0.000000,0.000000,0.000000,0.000000,8.000000,-128.050000
1777586648.341558,0,0.000000,0.000000,0.000000,0.000000,0.000000,0.000000,0.000000,0.000000,8.000000,-128.050000
1777586648.361641,0,0.000000,0.000000,0.000000,0.000000,0.000000,0.000000,0.000000,0.000000,8.000000,-128.030000
1777586648.362119,0,0.000000,0.000000,0.000000,0.000000,0.000000,0.000000,0.000000,0.000000,8.000000,-128.020000
1777586648.362470,0,0.000000,0.000000,0.000000,0.000000,0.000000,0.000000,0.000000,0.000000,8.000000,-128.020000
1777586648.381933,0,0.000000,0.000000,0.000000,0.000000,0.000000,0.000000,0.000000,0.000000,8.000000,-128.000000
1777586648.382421,0,0.000000,0.000000,0.000000,0.000000,0.000000,0.000000,0.000000,0.000000,8.000000,-128.000000
1777586648.401583,0,0.000000,0.000000,0.000000,0.000000,0.000000,0.000000,0.000000,0.000000,8.000000,-127.980000
1777586648.402222,0,0.000000,0.000000,0.000000,0.000000,0.000000,0.000000,0.000000,0.000000,8.000000,-127.980000
1777586648.422307,0,0.000000,0.000000,0.000000,0.000000,0.000000,0.000000,0.000000,0.000000,8.000000,-127.970000
1777586648.441705,0,0.000000,0.000000,0.000000,0.000000,0.000000,0.000000,0.000000,0.000000,8.000000,-127.950000
1777586648.442171,0,0.000000,0.000000,0.000000,0.000000,0.000000,0.000000,0.000000,0.000000,8.000000,-127.940000
1777586648.442533,0,0.000000,0.000000,0.000000,0.000000,0.000000,0.000000,0.000000,0.000000,8.000000,-127.940000
1777586648.461953,0,0.000000,0.000000,0.000000,0.000000,0.000000,0.000000,0.000000,0.000000,8.000000,-127.930000
1777586648.462769,0,0.000000,0.000000,0.000000,0.000000,0.000000,0.000000,0.000000,0.000000,8.000000,-127.910000
1777586648.482100,0,0.000000,0.000000,0.000000,0.000000,0.000000,0.000000,0.000000,0.000000,8.000000,-127.910000
1777586648.502909,0,0.000000,0.000000,0.000000,0.000000,0.000000,0.000000,0.000000,0.000000,8.000000,-127.900000
1777586648.503380,0,0.000000,0.000000,0.000000,0.000000,0.000000,0.000000,0.000000,0.000000,8.000000,-127.880000
1777586648.503737,0,0.000000,0.000000,0.000000,0.000000,0.000000,0.000000,0.000000,0.000000,8.000000,-127.870000
1777586648.522714,0,0.000000,0.000000,0.000000,0.000000,0.000000,0.000000,0.000000,0.000000,8.000000,-127.870000
1777586648.542297,0,0.000000,0.000000,0.000000,0.000000,0.000000,0.000000,0.000000,0.000000,8.000000,-127.860000
1777586648.542761,0,0.000000,0.000000,0.000000,0.000000,0.000000,0.000000,0.000000,0.000000,8.000000,-127.840000
1777586648.561432,0,0.000000,0.000000,0.000000,0.000000,0.000000,0.000000,0.000000,0.000000,8.000000,-127.830000
1777586648.561897,0,0.000000,0.000000,0.000000,0.000000,0.000000,0.000000,0.000000,0.000000,8.000000,-127.830000
1777586648.562242,0,0.000000,0.000000,0.000000,0.000000,0.000000,0.000000,0.000000,0.000000,8.000000,-127.810000
1777586648.581324,0,0.000000,0.000000,0.000000,0.000000,0.000000,0.000000,0.000000,0.000000,8.000000,-127.800000
1777586648.600905,0,0.000000,0.000000,0.000000,0.000000,0.000000,0.000000,0.000000,0.000000,8.000000,-127.800000
1777586648.601468,0,0.000000,0.000000,0.000000,0.000000,0.000000,0.000000,0.000000,0.000000,8.000000,-127.790000
1777586648.619741,0,0.000000,0.000000,0.000000,0.000000,0.000000,0.000000,0.000000,0.000000,8.000000,-127.770000
1777586648.620211,0,0.000000,0.000000,0.000000,0.000000,0.000000,0.000000,0.000000,0.000000,8.000000,-127.760000
1777586648.638715,0,0.000000,0.000000,0.000000,0.000000,0.000000,0.000000,0.000000,0.000000,8.000000,-127.760000
1777586648.639179,0,0.000000,0.000000,0.000000,0.000000,0.000000,0.000000,0.000000,0.000000,8.000000,-127.750000
1777586648.657547,0,0.000000,0.000000,0.000000,0.000000,0.000000,0.000000,0.000000,0.000000,8.000000,-127.730000
1777586648.677277,0,0.000000,0.000000,0.000000,0.000000,0.000000,0.000000,0.000000,0.000000,8.000000,-127.730000
1777586648.677745,0,0.000000,0.000000,0.000000,0.000000,0.000000,0.000000,0.000000,0.000000,8.000000,-127.720000
1777586648.678118,0,0.000000,0.000000,0.000000,0.000000,0.000000,0.000000,0.000000,0.000000,8.000000,-127.700000
1777586648.696834,0,0.000000,0.000000,0.000000,0.000000,0.000000,0.000000,0.000000,0.000000,8.000000,-127.690000
1777586648.697306,0,0.000000,0.000000,0.000000,0.000000,0.000000,0.000000,0.000000,0.000000,8.000000,-127.690000
1777586648.716728,0,0.000000,0.000000,0.000000,0.000000,0.000000,0.000000,0.000000,0.000000,8.000000,-127.680000
1777586648.717255,0,0.000000,0.000000,0.000000,0.000000,0.000000,0.000000,0.000000,0.000000,8.000000,-127.660000
1777586648.718084,0,0.000000,0.000000,0.000000,0.000000,0.000000,0.000000,0.000000,0.000000,8.000000,-127.660000
1777586648.737355,0,0.000000,0.000000,0.000000,0.000000,0.000000,0.000000,0.000000,0.000000,8.000000,-127.650000
1777586648.757632,0,0.000000,0.000000,0.000000,0.000000,0.000000,0.000000,0.000000,0.000000,8.000000,-127.630000
1777586648.778295,0,0.000000,0.000000,0.000000,0.000000,0.000000,0.000000,0.000000,0.000000,8.000000,-127.620000
1777586648.778764,0,0.000000,0.000000,0.000000,0.000000,0.000000,0.000000,0.000000,0.000000,8.000000,-127.620000
1777586648.779138,0,0.000000,0.000000,0.000000,0.000000,0.000000,0.000000,0.000000,0.000000,8.000000,-127.610000
1777586648.799008,0,0.000000,0.000000,0.000000,0.000000,0.000000,0.000000,0.000000,0.000000,8.000000,-127.590000
1777586648.799495,0,0.000000,0.000000,0.000000,0.000000,0.000000,0.000000,0.000000,0.000000,8.000000,-127.580000
1777586648.819092,0,0.000000,0.000000,0.000000,0.000000,0.000000,0.000000,0.000000,0.000000,8.000000,-127.580000
1777586648.819597,0,0.000000,0.000000,0.000000,0.000000,0.000000,0.000000,0.000000,0.000000,8.000000,-127.560000
1777586648.838681,0,0.000000,0.000000,0.000000,0.000000,0.000000,0.000000,0.000000,0.000000,8.000000,-127.550000
1777586648.839151,0,0.000000,0.000000,0.000000,0.000000,0.000000,0.000000,0.000000,0.000000,8.000000,-127.550000
1777586648.858335,0,0.000000,0.000000,0.000000,0.000000,0.000000,0.000000,0.000000,0.000000,8.000000,-127.540000
1777586648.877047,0,0.000000,0.000000,0.000000,0.000000,0.000000,0.000000,0.000000,0.000000,8.000000,-127.520000
1777586648.877508,0,0.000000,0.000000,0.000000,0.000000,0.000000,0.000000,0.000000,0.000000,8.000000,-127.510000
1777586648.877869,0,0.000000,0.000000,0.000000,0.000000,0.000000,0.000000,0.000000,0.000000,8.000000,-127.510000
1777586648.878314,0,0.000000,0.000000,0.000000,0.000000,0.000000,0.000000,0.000000,0.000000,8.000000,-127.500000
1777586648.913387,0,0.000000,0.000000,0.000000,0.000000,0.000000,0.000000,0.000000,0.000000,8.000000,-127.480000
1777586648.913848,0,0.000000,0.000000,0.000000,0.000000,0.000000,0.000000,0.000000,0.000000,8.000000,-127.480000
1777586648.914186,0,0.000000,0.000000,0.000000,0.000000,0.000000,0.000000,0.000000,0.000000,8.000000,-127.470000
1777586648.914845,0,0.000000,0.000000,0.000000,0.000000,0.000000,0.000000,0.000000,0.000000,8.000000,-127.450000
1777586648.948294,0,0.000000,0.000000,0.000000,0.000000,0.000000,0.000000,0.000000,0.000000,8.000000,-127.440000
1777586648.948777,0,0.000000,0.000000,0.000000,0.000000,0.000000,0.000000,0.000000,0.000000,8.000000,-127.440000
1777586648.949494,0,0.000000,0.000000,0.000000,0.000000,0.000000,0.000000,0.000000,0.000000,8.000000,-127.430000
1777586648.949920,0,0.000000,0.000000,0.000000,0.000000,0.000000,0.000000,0.000000,0.000000,8.000000,-127.410000
1777586648.983274,0,0.000000,0.000000,0.000000,0.000000,0.000000,0.000000,0.000000,0.000000,8.000000,-127.410000
1777586648.984241,0,0.000000,0.000000,0.000000,0.000000,0.000000,0.000000,0.000000,0.000000,8.000000,-127.400000
1777586649.001702,0,0.000000,0.000000,0.000000,0.000000,0.000000,0.000000,0.000000,0.000000,8.000000,-127.380000
1777586649.019084,0,0.000000,0.000000,0.000000,0.000000,0.000000,0.000000,0.000000,0.000000,8.000000,-127.370000
1777586649.019546,0,0.000000,0.000000,0.000000,0.000000,0.000000,0.000000,0.000000,0.000000,8.000000,-127.370000
1777586649.037353,0,0.000000,0.000000,0.000000,0.000000,0.000000,0.000000,0.000000,0.000000,8.000000,-127.360000
1777586649.055572,0,0.000000,0.000000,0.000000,0.000000,0.000000,0.000000,0.000000,0.000000,8.000000,-127.340000
1777586649.056090,0,0.000000,0.000000,0.000000,0.000000,0.000000,0.000000,0.000000,0.000000,8.000000,-127.330000
1777586649.056443,0,0.000000,0.000000,0.000000,0.000000,0.000000,0.000000,0.000000,0.000000,8.000000,-127.330000
1777586649.075436,0,0.000000,0.000000,0.000000,0.000000,0.000000,0.000000,0.000000,0.000000,8.000000,-127.310000
1777586649.093541,0,0.000000,0.000000,0.000000,0.000000,0.000000,0.000000,0.000000,0.000000,8.000000,-127.300000
1777586649.094003,0,0.000000,0.000000,0.000000,0.000000,0.000000,0.000000,0.000000,0.000000,8.000000,-127.300000
1777586649.094500,0,0.000000,0.000000,0.000000,0.000000,0.000000,0.000000,0.000000,0.000000,8.000000,-127.290000
1777586649.114810,0,0.000000,0.000000,0.000000,0.000000,0.000000,0.000000,0.000000,0.000000,8.000000,-127.270000
1777586649.116429,0,0.000000,0.000000,0.000000,0.000000,0.000000,0.000000,0.000000,0.000000,8.000000,-127.260000
1777586649.134537,0,0.000000,0.000000,0.000000,0.000000,0.000000,0.000000,0.000000,0.000000,8.000000,-127.260000
1777586649.135090,0,0.000000,0.000000,0.000000,0.000000,0.000000,0.000000,0.000000,0.000000,8.000000,-127.250000
1777586649.154752,0,0.000000,0.000000,0.000000,0.000000,0.000000,0.000000,0.000000,0.000000,8.000000,-127.230000
1777586649.173541,0,0.000000,0.000000,0.000000,0.000000,0.000000,0.000000,0.000000,0.000000,8.000000,-127.230000
1777586649.174011,0,0.000000,0.000000,0.000000,0.000000,0.000000,0.000000,0.000000,0.000000,8.000000,-127.220000
1777586649.191903,0,0.000000,0.000000,0.000000,0.000000,0.000000,0.000000,0.000000,0.000000,8.000000,-127.200000
1777586649.192368,0,0.000000,0.000000,0.000000,0.000000,0.000000,0.000000,0.000000,0.000000,8.000000,-127.190000
1777586649.192743,0,0.000000,0.000000,0.000000,0.000000,0.000000,0.000000,0.000000,0.000000,8.000000,-127.190000
1777586649.210227,0,0.000000,0.000000,0.000000,0.000000,0.000000,0.000000,0.000000,0.000000,8.000000,-127.180000
1777586649.211142,0,0.000000,0.000000,0.000000,0.000000,0.000000,0.000000,0.000000,0.000000,8.000000,-127.160000
1777586649.211577,0,0.000000,0.000000,0.000000,0.000000,0.000000,0.000000,0.000000,0.000000,8.000000,-127.160000
1777586649.241140,0,0.000000,0.000000,0.000000,0.000000,0.000000,0.000000,0.000000,0.000000,8.000000,-127.150000
1777586649.241625,0,0.000000,0.000000,0.000000,0.000000,0.000000,0.000000,0.000000,0.000000,8.000000,-127.130000
1777586649.242866,0,0.000000,0.000000,0.000000,0.000000,0.000000,0.000000,0.000000,0.000000,8.000000,-127.120000
1777586649.271827,0,0.000000,0.000000,0.000000,0.000000,0.000000,0.000000,0.000000,0.000000,8.000000,-127.120000
1777586649.272313,0,0.000000,0.000000,0.000000,0.000000,0.000000,0.000000,0.000000,0.000000,8.000000,-127.110000
1777586649.273536,0,0.000000,0.000000,0.000000,0.000000,0.000000,0.000000,0.000000,0.000000,8.000000,-127.090000
1777586649.273931,0,0.000000,0.000000,0.000000,0.000000,0.000000,0.000000,0.000000,0.000000,8.000000,-127.080000
1777586649.303199,0,0.000000,0.000000,0.000000,0.000000,0.000000,0.000000,0.000000,0.000000,8.000000,-127.080000
1777586649.304433,0,0.000000,0.000000,0.000000,0.000000,0.000000,0.000000,0.000000,0.000000,8.000000,-127.060000
1777586649.333261,0,0.000000,0.000000,0.000000,0.000000,0.000000,0.000000,0.000000,0.000000,8.000000,-127.050000
1777586649.333719,0,0.000000,0.000000,0.000000,0.000000,0.000000,0.000000,0.000000,0.000000,8.000000,-127.050000
1777586649.334360,0,0.000000,0.000000,0.000000,0.000000,0.000000,0.000000,0.000000,0.000000,8.000000,-127.040000
1777586649.334765,0,0.000000,0.000000,0.000000,0.000000,0.000000,0.000000,0.000000,0.000000,8.000000,-127.020000
1777586649.362049,0,0.000000,0.000000,0.000000,0.000000,0.000000,0.000000,0.000000,0.000000,8.000000,-127.010000
1777586649.362699,0,0.000000,0.000000,0.000000,0.000000,0.000000,0.000000,0.000000,0.000000,8.000000,-127.010000
1777586649.391308,0,0.000000,0.000000,0.000000,0.000000,0.000000,0.000000,0.000000,0.000000,8.000000,-127.000000
1777586649.391775,0,0.000000,0.000000,0.000000,0.000000,0.000000,0.000000,0.000000,0.000000,8.000000,-126.980000
1777586649.392419,0,0.000000,0.000000,0.000000,0.000000,0.000000,0.000000,0.000000,0.000000,8.000000,-126.980000
1777586649.392848,0,0.000000,0.000000,0.000000,0.000000,0.000000,0.000000,0.000000,0.000000,8.000000,-126.970000
1777586649.420757,0,0.000000,0.000000,0.000000,0.000000,0.000000,0.000000,0.000000,0.000000,8.000000,-126.950000
1777586649.421452,0,0.000000,0.000000,0.000000,0.000000,0.000000,0.000000,0.000000,0.000000,8.000000,-126.940000
1777586649.450142,0,0.000000,0.000000,0.000000,0.000000,0.000000,0.000000,0.000000,0.000000,8.000000,-126.940000
1777586649.450613,0,0.000000,0.000000,0.000000,0.000000,0.000000,0.000000,0.000000,0.000000,8.000000,-126.930000
1777586649.451173,0,0.000000,0.000000,0.000000,0.000000,0.000000,0.000000,0.000000,0.000000,8.000000,-126.910000
1777586649.451526,0,0.000000,0.000000,0.000000,0.000000,0.000000,0.000000,0.000000,0.000000,8.000000,-126.910000
1777586649.480067,0,0.000000,0.000000,0.000000,0.000000,0.000000,0.000000,0.000000,0.000000,8.000000,-126.900000
1777586649.480746,0,0.000000,0.000000,0.000000,0.000000,0.000000,0.000000,0.000000,0.000000,8.000000,-126.880000
1777586649.481143,0,0.000000,0.000000,0.000000,0.000000,0.000000,0.000000,0.000000,0.000000,8.000000,-126.870000
1777586649.507971,0,0.000000,0.000000,0.000000,0.000000,0.000000,0.000000,0.000000,0.000000,8.000000,-126.870000
1777586649.508437,0,0.000000,0.000000,0.000000,0.000000,0.000000,0.000000,0.000000,0.000000,8.000000,-126.860000
1777586649.524069,0,0.000000,0.000000,0.000000,0.000000,0.000000,0.000000,0.000000,0.000000,8.000000,-126.840000
1777586649.540310,0,0.000000,0.000000,0.000000,0.000000,0.000000,0.000000,0.000000,0.000000,8.000000,-126.830000
1777586649.555711,0,0.000000,0.000000,0.000000,0.000000,0.000000,0.000000,0.000000,0.000000,8.000000,-126.830000
1777586649.556170,0,0.000000,0.000000,0.000000,0.000000,0.000000,0.000000,0.000000,0.000000,8.000000,-126.830000
1777586649.587271,0,0.000000,0.000000,0.000000,0.000000,0.000000,0.000000,0.000000,0.000000,8.000000,-126.800000
1777586649.587753,0,0.000000,0.000000,0.000000,0.000000,0.000000,0.000000,0.000000,0.000000,8.000000,-126.800000
1777586649.588176,0,0.000000,0.000000,0.000000,0.000000,0.000000,0.000000,0.000000,0.000000,8.000000,-126.800000
1777586649.588545,0,0.000000,0.000000,0.000000,0.000000,0.000000,0.000000,0.000000,0.000000,8.000000,-126.790000
1777586649.616581,0,0.000000,0.000000,0.000000,0.000000,0.000000,0.000000,0.000000,0.000000,8.000000,-126.770000
1777586649.617098,0,0.000000,0.000000,0.000000,0.000000,0.000000,0.000000,0.000000,0.000000,8.000000,-126.760000
1777586649.617597,0,0.000000,0.000000,0.000000,0.000000,0.000000,0.000000,0.000000,0.000000,8.000000,-126.760000
1777586649.646825,0,0.000000,0.000000,0.000000,0.000000,0.000000,0.000000,0.000000,0.000000,8.000000,-126.750000
1777586649.647682,0,0.000000,0.000000,0.000000,0.000000,0.000000,0.000000,0.000000,0.000000,8.000000,-126.730000
1777586649.648316,0,0.000000,0.000000,0.000000,0.000000,0.000000,0.000000,0.000000,0.000000,8.000000,-126.730000
1777586649.677317,0,0.000000,0.000000,0.000000,0.000000,0.000000,0.000000,0.000000,0.000000,8.000000,-126.720000
1777586649.677909,0,0.000000,0.000000,0.000000,0.000000,0.000000,0.000000,0.000000,0.000000,8.000000,-126.700000
1777586649.678642,0,0.000000,0.000000,0.000000,0.000000,0.000000,0.000000,0.000000,0.000000,8.000000,-126.690000
1777586649.706987,0,0.000000,0.000000,0.000000,0.000000,0.000000,0.000000,0.000000,0.000000,8.000000,-126.680000
1777586649.707467,0,0.000000,0.000000,0.000000,0.000000,0.000000,0.000000,0.000000,0.000000,8.000000,-126.660000
1777586649.708010,0,0.000000,0.000000,0.000000,0.000000,0.000000,0.000000,0.000000,0.000000,8.000000,-126.660000
1777586649.736959,0,0.000000,0.000000,0.000000,0.000000,0.000000,0.000000,0.000000,0.000000,8.000000,-126.660000
1777586649.737640,0,0.000000,0.000000,0.000000,0.000000,0.000000,0.000000,0.000000,0.000000,8.000000,-126.650000
1777586649.738026,0,0.000000,0.000000,0.000000,0.000000,0.000000,0.000000,0.000000,0.000000,8.000000,-126.630000
1777586649.767130,0,0.000000,0.000000,0.000000,0.000000,0.000000,0.000000,0.000000,0.000000,8.000000,-126.620000
1777586649.767609,0,0.000000,0.000000,0.000000,0.000000,0.000000,0.000000,0.000000,0.000000,8.000000,-126.620000
1777586649.768276,0,0.000000,0.000000,0.000000,0.000000,0.000000,0.000000,0.000000,0.000000,8.000000,-126.610000
1777586649.796983,0,0.000000,0.000000,0.000000,0.000000,0.000000,0.000000,0.000000,0.000000,8.000000,-126.590000
1777586649.797465,0,0.000000,0.000000,0.000000,0.000000,0.000000,0.000000,0.000000,0.000000,8.000000,-126.580000
1777586649.798014,0,0.000000,0.000000,0.000000,0.000000,0.000000,0.000000,0.000000,0.000000,8.000000,-126.580000
1777586649.826659,0,0.000000,0.000000,0.000000,0.000000,0.000000,0.000000,0.000000,0.000000,8.000000,-126.560000
1777586649.827134,0,0.000000,0.000000,0.000000,0.000000,0.000000,0.000000,0.000000,0.000000,8.000000,-126.550000
1777586649.827671,0,0.000000,0.000000,0.000000,0.000000,0.000000,0.000000,0.000000,0.000000,8.000000,-126.550000
1777586649.855601,0,0.000000,0.000000,0.000000,0.000000,0.000000,0.000000,0.000000,0.000000,8.000000,-126.540000
1777586649.856135,0,0.000000,0.000000,0.000000,0.000000,0.000000,0.000000,0.000000,0.000000,8.000000,-126.520000
1777586649.856712,0,0.000000,0.000000,0.000000,0.000000,0.000000,0.000000,0.000000,0.000000,8.000000,-126.510000
1777586649.857090,0,0.000000,0.000000,0.000000,0.000000,0.000000,0.000000,0.000000,0.000000,8.000000,-126.510000
1777586649.886416,0,0.000000,0.000000,0.000000,0.000000,0.000000,0.000000,0.000000,0.000000,8.000000,-126.500000
1777586649.887202,0,0.000000,0.000000,0.000000,0.000000,0.000000,0.000000,0.000000,0.000000,8.000000,-126.480000
1777586649.887586,0,0.000000,0.000000,0.000000,0.000000,0.000000,0.000000,0.000000,0.000000,8.000000,-126.480000
1777586649.916716,0,0.000000,0.000000,0.000000,0.000000,0.000000,0.000000,0.000000,0.000000,8.000000,-126.470000
1777586649.917152,0,0.000000,0.000000,0.000000,0.000000,0.000000,0.000000,0.000000,0.000000,8.000000,-126.450000
1777586649.947057,0,0.000000,0.000000,0.000000,0.000000,0.000000,0.000000,0.000000,0.000000,8.000000,-126.440000
1777586649.947544,0,0.000000,0.000000,0.000000,0.000000,0.000000,0.000000,0.000000,0.000000,8.000000,-126.440000
1777586649.948138,0,0.000000,0.000000,0.000000,0.000000,0.000000,0.000000,0.000000,0.000000,8.000000,-126.430000
1777586649.948697,0,0.000000,0.000000,0.000000,0.000000,0.000000,0.000000,0.000000,0.000000,8.000000,-126.410000
1777586649.976649,0,0.000000,0.000000,0.000000,0.000000,0.000000,0.000000,0.000000,0.000000,8.000000,-126.410000
1777586649.977330,0,0.000000,0.000000,0.000000,0.000000,0.000000,0.000000,0.000000,0.000000,8.000000,-126.400000
1777586649.977734,0,0.000000,0.000000,0.000000,0.000000,0.000000,0.000000,0.000000,0.000000,8.000000,-126.380000
1777586650.005433,0,0.000000,0.000000,0.000000,0.000000,0.000000,0.000000,0.000000,0.000000,8.000000,-126.370000
1777586650.006131,0,0.000000,0.000000,0.000000,0.000000,0.000000,0.000000,0.000000,0.000000,8.000000,-126.370000
1777586650.034764,0,0.000000,0.000000,0.000000,0.000000,0.000000,0.000000,0.000000,0.000000,8.000000,-126.360000
1777586650.035256,0,0.000000,0.000000,0.000000,0.000000,0.000000,0.000000,0.000000,0.000000,8.000000,-126.340000
1777586650.035791,0,0.000000,0.000000,0.000000,0.000000,0.000000,0.000000,0.000000,0.000000,8.000000,-126.330000
1777586650.036160,0,0.000000,0.000000,0.000000,0.000000,0.000000,0.000000,0.000000,0.000000,8.000000,-126.330000
1777586650.063777,0,0.000000,0.000000,0.000000,0.000000,0.000000,0.000000,0.000000,0.000000,8.000000,-126.310000
1777586650.080502,0,0.000000,0.000000,0.000000,0.000000,0.000000,0.000000,0.000000,0.000000,8.000000,-126.300000
1777586650.096301,0,0.000000,0.000000,0.000000,0.000000,0.000000,0.000000,0.000000,0.000000,8.000000,-126.300000
1777586650.096894,0,0.000000,0.000000,0.000000,0.000000,0.000000,0.000000,0.000000,0.000000,8.000000,-126.290000
1777586650.112398,0,0.000000,0.000000,0.000000,0.000000,0.000000,0.000000,0.000000,0.000000,8.000000,-126.270000
1777586650.112862,0,0.000000,0.000000,0.000000,0.000000,0.000000,0.000000,0.000000,0.000000,8.000000,-126.260000
1777586650.128996,0,0.000000,0.000000,0.000000,0.000000,0.000000,0.000000,0.000000,0.000000,8.000000,-126.260000
1777586650.146976,0,0.000000,0.000000,0.000000,0.000000,0.000000,0.000000,0.000000,0.000000,8.000000,-126.250000
1777586650.147531,0,0.000000,0.000000,0.000000,0.000000,0.000000,0.000000,0.000000,0.000000,8.000000,-126.230000
1777586650.163539,0,0.000000,0.000000,0.000000,0.000000,0.000000,0.000000,0.000000,0.000000,8.000000,-126.230000
1777586650.164012,0,0.000000,0.000000,0.000000,0.000000,0.000000,0.000000,0.000000,0.000000,8.000000,-126.220000
1777586650.180558,0,0.000000,0.000000,0.000000,0.000000,0.000000,0.000000,0.000000,0.000000,8.000000,-126.200000
1777586650.181038,0,0.000000,0.000000,0.000000,0.000000,0.000000,0.000000,0.000000,0.000000,8.000000,-126.190000
1777586650.210193,0,0.000000,0.000000,0.000000,0.000000,0.000000,0.000000,0.000000,0.000000,8.000000,-126.190000
1777586650.210668,0,0.000000,0.000000,0.000000,0.000000,0.000000,0.000000,0.000000,0.000000,8.000000,-126.180000
1777586650.211143,0,0.000000,0.000000,0.000000,0.000000,0.000000,0.000000,0.000000,0.000000,8.000000,-126.160000
1777586650.211497,0,0.000000,0.000000,0.000000,0.000000,0.000000,0.000000,0.000000,0.000000,8.000000,-126.160000
1777586650.240259,0,0.000000,0.000000,0.000000,0.000000,0.000000,0.000000,0.000000,0.000000,8.000000,-126.150000
1777586650.240798,0,0.000000,0.000000,0.000000,0.000000,0.000000,0.000000,0.000000,0.000000,8.000000,-126.130000
1777586650.241376,0,0.000000,0.000000,0.000000,0.000000,0.000000,0.000000,0.000000,0.000000,8.000000,-126.120000
1777586650.269078,0,0.000000,0.000000,0.000000,0.000000,0.000000,0.000000,0.000000,0.000000,8.000000,-126.120000
1777586650.269719,0,0.000000,0.000000,0.000000,0.000000,0.000000,0.000000,0.000000,0.000000,8.000000,-126.110000
1777586650.270115,0,0.000000,0.000000,0.000000,0.000000,0.000000,0.000000,0.000000,0.000000,8.000000,-126.090000
1777586650.298531,0,0.000000,0.000000,0.000000,0.000000,0.000000,0.000000,0.000000,0.000000,8.000000,-126.080000
1777586650.299033,0,0.000000,0.000000,0.000000,0.000000,0.000000,0.000000,0.000000,0.000000,8.000000,-126.080000
1777586650.299764,0,0.000000,0.000000,0.000000,0.000000,0.000000,0.000000,0.000000,0.000000,8.000000,-126.060000
1777586650.328915,0,0.000000,0.000000,0.000000,0.000000,0.000000,0.000000,0.000000,0.000000,8.000000,-126.050000
1777586650.329623,0,0.000000,0.000000,0.000000,0.000000,0.000000,0.000000,0.000000,0.000000,8.000000,-126.050000
1777586650.330004,0,0.000000,0.000000,0.000000,0.000000,0.000000,0.000000,0.000000,0.000000,8.000000,-126.040000
1777586650.357267,0,0.000000,0.000000,0.000000,0.000000,0.000000,0.000000,0.000000,0.000000,8.000000,-126.020000
1777586650.357738,0,0.000000,0.000000,0.000000,0.000000,0.000000,0.000000,0.000000,0.000000,8.000000,-126.010000
1777586650.358314,0,0.000000,0.000000,0.000000,0.000000,0.000000,0.000000,0.000000,0.000000,8.000000,-126.010000
1777586650.386507,0,0.000000,0.000000,0.000000,0.000000,0.000000,0.000000,0.000000,0.000000,8.000000,-126.000000
1777586650.387200,0,0.000000,0.000000,0.000000,0.000000,0.000000,0.000000,0.000000,0.000000,8.000000,-125.980000
1777586650.402372,0,0.000000,0.000000,0.000000,0.000000,0.000000,0.000000,0.000000,0.000000,8.000000,-125.980000
1777586650.418117,0,0.000000,0.000000,0.000000,0.000000,0.000000,0.000000,0.000000,0.000000,8.000000,-125.970000
1777586650.418586,0,0.000000,0.000000,0.000000,0.000000,0.000000,0.000000,0.000000,0.000000,8.000000,-125.950000
1777586650.434358,0,0.000000,0.000000,0.000000,0.000000,0.000000,0.000000,0.000000,0.000000,8.000000,-125.940000
1777586650.450054,0,0.000000,0.000000,0.000000,0.000000,0.000000,0.000000,0.000000,0.000000,8.000000,-125.940000
1777586650.450527,0,0.000000,0.000000,0.000000,0.000000,0.000000,0.000000,0.000000,0.000000,8.000000,-125.930000
1777586650.466747,0,0.000000,0.000000,0.000000,0.000000,0.000000,0.000000,0.000000,0.000000,8.000000,-125.910000
1777586650.483369,0,0.000000,0.000000,0.000000,0.000000,0.000000,0.000000,0.000000,0.000000,8.000000,-125.910000
1777586650.483798,0,0.000000,0.000000,0.000000,0.000000,0.000000,0.000000,0.000000,0.000000,8.000000,-125.900000
1777586650.500033,0,0.000000,0.000000,0.000000,0.000000,0.000000,0.000000,0.000000,0.000000,8.000000,-125.880000
1777586650.516800,0,0.000000,0.000000,0.000000,0.000000,0.000000,0.000000,0.000000,0.000000,8.000000,-125.870000
1777586650.517238,0,0.000000,0.000000,0.000000,0.000000,0.000000,0.000000,0.000000,0.000000,8.000000,-125.870000
1777586650.533332,0,0.000000,0.000000,0.000000,0.000000,0.000000,0.000000,0.000000,0.000000,8.000000,-125.860000
1777586650.533812,0,0.000000,0.000000,0.000000,0.000000,0.000000,0.000000,0.000000,0.000000,8.000000,-125.840000
1777586650.551175,0,0.000000,0.000000,0.000000,0.000000,0.000000,0.000000,0.000000,0.000000,8.000000,-125.830000
1777586650.551651,0,0.000000,0.000000,0.000000,0.000000,0.000000,0.000000,0.000000,0.000000,8.000000,-125.830000
1777586650.570103,0,0.000000,0.000000,0.000000,0.000000,0.000000,0.000000,0.000000,0.000000,8.000000,-125.810000
1777586650.587386,0,0.000000,0.000000,0.000000,0.000000,0.000000,0.000000,0.000000,0.000000,8.000000,-125.800000
1777586650.587851,0,0.000000,0.000000,0.000000,0.000000,0.000000,0.000000,0.000000,0.000000,8.000000,-125.800000
1777586650.605635,0,0.000000,0.000000,0.000000,0.000000,0.000000,0.000000,0.000000,0.000000,8.000000,-125.790000
1777586650.606075,0,0.000000,0.000000,0.000000,0.000000,0.000000,0.000000,0.000000,0.000000,8.000000,-125.770000
1777586650.606672,0,0.000000,0.000000,0.000000,0.000000,0.000000,0.000000,0.000000,0.000000,8.000000,-125.760000
1777586650.624392,0,0.000000,0.000000,0.000000,0.000000,0.000000,0.000000,0.000000,0.000000,8.000000,-125.760000
1777586650.642462,0,0.000000,0.000000,0.000000,0.000000,0.000000,0.000000,0.000000,0.000000,8.000000,-125.750000
1777586650.642935,0,0.000000,0.000000,0.000000,0.000000,0.000000,0.000000,0.000000,0.000000,8.000000,-125.730000
1777586650.661013,0,0.000000,0.000000,0.000000,0.000000,0.000000,0.000000,0.000000,0.000000,8.000000,-125.730000
1777586650.679487,0,0.000000,0.000000,0.000000,0.000000,0.000000,0.000000,0.000000,0.000000,8.000000,-125.720000
1777586650.679945,0,0.000000,0.000000,0.000000,0.000000,0.000000,0.000000,0.000000,0.000000,8.000000,-125.700000
1777586650.698021,0,0.000000,0.000000,0.000000,0.000000,0.000000,0.000000,0.000000,0.000000,8.000000,-125.690000
1777586650.698527,0,0.000000,0.000000,0.000000,0.000000,0.000000,0.000000,0.000000,0.000000,8.000000,-125.690000
1777586650.716964,0,0.000000,0.000000,0.000000,0.000000,0.000000,0.000000,0.000000,0.000000,8.000000,-125.680000
1777586650.717424,0,0.000000,0.000000,0.000000,0.000000,0.000000,0.000000,0.000000,0.000000,8.000000,-125.660000
1777586650.735063,0,0.000000,0.000000,0.000000,0.000000,0.000000,0.000000,0.000000,0.000000,8.000000,-125.660000
1777586650.752049,0,0.000000,0.000000,0.000000,0.000000,0.000000,0.000000,0.000000,0.000000,8.000000,-125.650000
1777586650.752496,0,0.000000,0.000000,0.000000,0.000000,0.000000,0.000000,0.000000,0.000000,8.000000,-125.630000
1777586650.752900,0,0.000000,0.000000,0.000000,0.000000,0.000000,0.000000,0.000000,0.000000,8.000000,-125.620000
1777586650.768676,0,0.000000,0.000000,0.000000,0.000000,0.000000,0.000000,0.000000,0.000000,8.000000,-125.620000
1777586650.769534,0,0.000000,0.000000,0.000000,0.000000,0.000000,0.000000,0.000000,0.000000,8.000000,-125.610000
1777586650.785029,0,0.000000,0.000000,0.000000,0.000000,0.000000,0.000000,0.000000,0.000000,8.000000,-125.590000
1777586650.785606,0,0.000000,0.000000,0.000000,0.000000,0.000000,0.000000,0.000000,0.000000,8.000000,-125.580000
1777586650.803066,0,0.000000,0.000000,0.000000,0.000000,0.000000,0.000000,0.000000,0.000000,8.000000,-125.580000
1777586650.820125,0,0.000000,0.000000,0.000000,0.000000,0.000000,0.000000,0.000000,0.000000,8.000000,-125.560000
1777586650.820595,0,0.000000,0.000000,0.000000,0.000000,0.000000,0.000000,0.000000,0.000000,8.000000,-125.550000
1777586650.836667,0,0.000000,0.000000,0.000000,0.000000,0.000000,0.000000,0.000000,0.000000,8.000000,-125.550000
1777586650.837319,0,0.000000,0.000000,0.000000,0.000000,0.000000,0.000000,0.000000,0.000000,8.000000,-125.540000
1777586650.855068,0,0.000000,0.000000,0.000000,0.000000,0.000000,0.000000,0.000000,0.000000,8.000000,-125.520000
1777586650.873089,0,0.000000,0.000000,0.000000,0.000000,0.000000,0.000000,0.000000,0.000000,8.000000,-125.520000
1777586650.873528,0,0.000000,0.000000,0.000000,0.000000,0.000000,0.000000,0.000000,0.000000,8.000000,-125.510000
1777586650.891267,0,0.000000,0.000000,0.000000,0.000000,0.000000,0.000000,0.000000,0.000000,8.000000,-125.510000
1777586650.891714,0,0.000000,0.000000,0.000000,0.000000,0.000000,0.000000,0.000000,0.000000,8.000000,-125.500000
1777586650.909893,0,0.000000,0.000000,0.000000,0.000000,0.000000,0.000000,0.000000,0.000000,8.000000,-125.480000
1777586650.910327,0,0.000000,0.000000,0.000000,0.000000,0.000000,0.000000,0.000000,0.000000,8.000000,-125.480000
1777586650.927933,0,0.000000,0.000000,0.000000,0.000000,0.000000,0.000000,0.000000,0.000000,8.000000,-125.470000
1777586650.928548,0,0.000000,0.000000,0.000000,0.000000,0.000000,0.000000,0.000000,0.000000,8.000000,-125.450000
1777586650.946312,0,0.000000,0.000000,0.000000,0.000000,0.000000,0.000000,0.000000,0.000000,8.000000,-125.440000
1777586650.946753,0,0.000000,0.000000,0.000000,0.000000,0.000000,0.000000,0.000000,0.000000,8.000000,-125.440000
1777586650.965352,0,0.000000,0.000000,0.000000,0.000000,0.000000,0.000000,0.000000,0.000000,8.000000,-125.430000
1777586650.983753,0,0.000000,0.000000,0.000000,0.000000,0.000000,0.000000,0.000000,0.000000,8.000000,-125.410000
1777586650.984250,0,0.000000,0.000000,0.000000,0.000000,0.000000,0.000000,0.000000,0.000000,8.000000,-125.410000
1777586650.984586,0,0.000000,0.000000,0.000000,0.000000,0.000000,0.000000,0.000000,0.000000,8.000000,-125.400000
1777586651.003151,0,0.000000,0.000000,0.000000,0.000000,0.000000,0.000000,0.000000,0.000000,8.000000,-125.380000
1777586651.021366,0,0.000000,0.000000,0.000000,0.000000,0.000000,0.000000,0.000000,0.000000,8.000000,-125.370000
1777586651.021813,0,0.000000,0.000000,0.000000,0.000000,0.000000,0.000000,0.000000,0.000000,8.000000,-125.370000
1777586651.040501,0,0.000000,0.000000,0.000000,0.000000,0.000000,0.000000,0.000000,0.000000,8.000000,-125.360000
1777586651.041017,0,0.000000,0.000000,0.000000,0.000000,0.000000,0.000000,0.000000,0.000000,8.000000,-125.340000
1777586651.057688,0,0.000000,0.000000,0.000000,0.000000,0.000000,0.000000,0.000000,0.000000,8.000000,-125.330000
1777586651.058160,0,0.000000,0.000000,0.000000,0.000000,0.000000,0.000000,0.000000,0.000000,8.000000,-125.330000
1777586651.074130,0,0.000000,0.000000,0.000000,0.000000,0.000000,0.000000,0.000000,0.000000,8.000000,-125.310000
1777586651.089573,0,0.000000,0.000000,0.000000,0.000000,0.000000,0.000000,0.000000,0.000000,8.000000,-125.300000
1777586651.090039,0,0.000000,0.000000,0.000000,0.000000,0.000000,0.000000,0.000000,0.000000,8.000000,-125.300000
1777586651.105553,0,0.000000,0.000000,0.000000,0.000000,0.000000,0.000000,0.000000,0.000000,8.000000,-125.290000
1777586651.106236,0,0.000000,0.000000,0.000000,0.000000,0.000000,0.000000,0.000000,0.000000,8.000000,-125.270000
1777586651.123451,0,0.000000,0.000000,0.000000,0.000000,0.000000,0.000000,0.000000,0.000000,8.000000,-125.260000
1777586651.138817,0,0.000000,0.000000,0.000000,0.000000,0.000000,0.000000,0.000000,0.000000,8.000000,-125.260000
1777586651.139283,0,0.000000,0.000000,0.000000,0.000000,0.000000,0.000000,0.000000,0.000000,8.000000,-125.250000
1777586651.157197,0,0.000000,0.000000,0.000000,0.000000,0.000000,0.000000,0.000000,0.000000,8.000000,-125.230000
1777586651.174236,0,0.000000,0.000000,0.000000,0.000000,0.000000,0.000000,0.000000,0.000000,8.000000,-125.230000
1777586651.174838,0,0.000000,0.000000,0.000000,0.000000,0.000000,0.000000,0.000000,0.000000,8.000000,-125.220000
1777586651.191704,0,0.000000,0.000000,0.000000,0.000000,0.000000,0.000000,0.000000,0.000000,8.000000,-125.200000
1777586651.192168,0,0.000000,0.000000,0.000000,0.000000,0.000000,0.000000,0.000000,0.000000,8.000000,-125.190000
1777586651.192758,0,0.000000,0.000000,0.000000,0.000000,0.000000,0.000000,0.000000,0.000000,8.000000,-125.190000
1777586651.208704,0,0.000000,0.000000,0.000000,0.000000,0.000000,0.000000,0.000000,0.000000,8.000000,-125.180000
1777586651.225130,0,0.000000,0.000000,0.000000,0.000000,0.000000,0.000000,0.000000,0.000000,8.000000,-125.160000
1777586651.241087,0,0.000000,0.000000,0.000000,0.000000,0.000000,0.000000,0.000000,0.000000,8.000000,-125.160000
1777586651.241692,0,0.000000,0.000000,0.000000,0.000000,0.000000,0.000000,0.000000,0.000000,8.000000,-125.150000
1777586651.242237,0,0.000000,0.000000,0.000000,0.000000,0.000000,0.000000,0.000000,0.000000,8.000000,-125.130000
1777586651.257687,0,0.000000,0.000000,0.000000,0.000000,0.000000,0.000000,0.000000,0.000000,8.000000,-125.120000
1777586651.273919,0,0.000000,0.000000,0.000000,0.000000,0.000000,0.000000,0.000000,0.000000,8.000000,-125.120000
1777586651.274385,0,0.000000,0.000000,0.000000,0.000000,0.000000,0.000000,0.000000,0.000000,8.000000,-125.110000
1777586651.290846,0,0.000000,0.000000,0.000000,0.000000,0.000000,0.000000,0.000000,0.000000,8.000000,-125.090000
1777586651.307372,0,0.000000,0.000000,0.000000,0.000000,0.000000,0.000000,0.000000,0.000000,8.000000,-125.080000
1777586651.307841,0,0.000000,0.000000,0.000000,0.000000,0.000000,0.000000,0.000000,0.000000,8.000000,-125.080000
1777586651.324016,0,0.000000,0.000000,0.000000,0.000000,0.000000,0.000000,0.000000,0.000000,8.000000,-125.060000
1777586651.324623,0,0.000000,0.000000,0.000000,0.000000,0.000000,0.000000,0.000000,0.000000,8.000000,-125.050000
1777586651.340840,0,0.000000,0.000000,0.000000,0.000000,0.000000,0.000000,0.000000,0.000000,8.000000,-125.050000
1777586651.356779,0,0.000000,0.000000,0.000000,0.000000,0.000000,0.000000,0.000000,0.000000,8.000000,-125.040000
1777586651.357239,0,0.000000,0.000000,0.000000,0.000000,0.000000,0.000000,0.000000,0.000000,8.000000,-125.020000
1777586651.373068,0,0.000000,0.000000,0.000000,0.000000,0.000000,0.000000,0.000000,0.000000,8.000000,-125.010000
1777586651.373526,0,0.000000,0.000000,0.000000,0.000000,0.000000,0.000000,0.000000,0.000000,8.000000,-125.010000
1777586651.389465,0,0.000000,0.000000,0.000000,0.000000,0.000000,0.000000,0.000000,0.000000,8.000000,-125.000000
1777586651.405275,0,0.000000,0.000000,0.000000,0.000000,0.000000,0.000000,0.000000,0.000000,8.000000,-124.980000
1777586651.421414,0,0.000000,0.000000,0.000000,0.000000,0.000000,0.000000,0.000000,0.000000,8.000000,-124.980000
1777586651.421873,0,0.000000,0.000000,0.000000,0.000000,0.000000,0.000000,0.000000,0.000000,8.000000,-124.970000
1777586651.422453,0,0.000000,0.000000,0.000000,0.000000,0.000000,0.000000,0.000000,0.000000,8.000000,-124.950000
1777586651.438032,0,0.000000,0.000000,0.000000,0.000000,0.000000,0.000000,0.000000,0.000000,8.000000,-124.940000
1777586651.453561,0,0.000000,0.000000,0.000000,0.000000,0.000000,0.000000,0.000000,0.000000,8.000000,-124.940000
1777586651.454028,0,0.000000,0.000000,0.000000,0.000000,0.000000,0.000000,0.000000,0.000000,8.000000,-124.930000
1777586651.483290,0,0.000000,0.000000,0.000000,0.000000,0.000000,0.000000,0.000000,0.000000,8.000000,-124.910000
1777586651.483752,0,0.000000,0.000000,0.000000,0.000000,0.000000,0.000000,0.000000,0.000000,8.000000,-124.910000
1777586651.484956,0,0.000000,0.000000,0.000000,0.000000,0.000000,0.000000,0.000000,0.000000,8.000000,-124.900000
1777586651.485314,0,0.000000,0.000000,0.000000,0.000000,0.000000,0.000000,0.000000,0.000000,8.000000,-124.880000
1777586651.513406,0,0.000000,0.000000,0.000000,0.000000,0.000000,0.000000,0.000000,0.000000,8.000000,-124.870000
1777586651.513880,0,0.000000,0.000000,0.000000,0.000000,0.000000,0.000000,0.000000,0.000000,8.000000,-124.870000
1777586651.515095,0,0.000000,0.000000,0.000000,0.000000,0.000000,0.000000,0.000000,0.000000,8.000000,-124.860000
1777586651.543330,0,0.000000,0.000000,0.000000,0.000000,0.000000,0.000000,0.000000,0.000000,8.000000,-124.840000
1777586651.543816,0,0.000000,0.000000,0.000000,0.000000,0.000000,0.000000,0.000000,0.000000,8.000000,-124.830000
1777586651.545045,0,0.000000,0.000000,0.000000,0.000000,0.000000,0.000000,0.000000,0.000000,8.000000,-124.830000
1777586651.576005,0,0.000000,0.000000,0.000000,0.000000,0.000000,0.000000,0.000000,0.000000,8.000000,-124.810000
1777586651.576477,0,0.000000,0.000000,0.000000,0.000000,0.000000,0.000000,0.000000,0.000000,8.000000,-124.800000
1777586651.577612,0,0.000000,0.000000,0.000000,0.000000,0.000000,0.000000,0.000000,0.000000,8.000000,-124.800000
1777586651.577973,0,0.000000,0.000000,0.000000,0.000000,0.000000,0.000000,0.000000,0.000000,8.000000,-124.790000
1777586651.617516,0,0.000000,0.000000,0.000000,0.000000,0.000000,0.000000,0.000000,0.000000,8.000000,-124.770000
1777586651.618082,0,0.000000,0.000000,0.000000,0.000000,0.000000,0.000000,0.000000,0.000000,8.000000,-124.760000
1777586651.619107,0,0.000000,0.000000,0.000000,0.000000,0.000000,0.000000,0.000000,0.000000,8.000000,-124.760000
1777586651.642694,0,0.000000,0.000000,0.000000,0.000000,0.000000,0.000000,0.000000,0.000000,8.000000,-124.750000
1777586651.664757,0,0.000000,0.000000,0.000000,0.000000,0.000000,0.000000,0.000000,0.000000,8.000000,-124.730000
1777586651.684647,0,0.000000,0.000000,0.000000,0.000000,0.000000,0.000000,0.000000,0.000000,8.000000,-124.730000
1777586651.685255,0,0.000000,0.000000,0.000000,0.000000,0.000000,0.000000,0.000000,0.000000,8.000000,-124.720000
1777586651.685598,0,0.000000,0.000000,0.000000,0.000000,0.000000,0.000000,0.000000,0.000000,8.000000,-124.700000
1777586651.702598,0,0.000000,0.000000,0.000000,0.000000,0.000000,0.000000,0.000000,0.000000,8.000000,-124.690000
1777586651.703085,0,0.000000,0.000000,0.000000,0.000000,0.000000,0.000000,0.000000,0.000000,8.000000,-124.690000
1777586651.719843,0,0.000000,0.000000,0.000000,0.000000,0.000000,0.000000,0.000000,0.000000,8.000000,-124.680000
1777586651.720312,0,0.000000,0.000000,0.000000,0.000000,0.000000,0.000000,0.000000,0.000000,8.000000,-124.660000
1777586651.737107,0,0.000000,0.000000,0.000000,0.000000,0.000000,0.000000,0.000000,0.000000,8.000000,-124.660000
1777586651.737580,0,0.000000,0.000000,0.000000,0.000000,0.000000,0.000000,0.000000,0.000000,8.000000,-124.650000
1777586651.738115,0,0.000000,0.000000,0.000000,0.000000,0.000000,0.000000,0.000000,0.000000,8.000000,-124.630000
1777586651.769666,0,0.000000,0.000000,0.000000,0.000000,0.000000,0.000000,0.000000,0.000000,8.000000,-124.620000
1777586651.770141,0,0.000000,0.000000,0.000000,0.000000,0.000000,0.000000,0.000000,0.000000,8.000000,-124.620000
1777586651.770634,0,0.000000,0.000000,0.000000,0.000000,0.000000,0.000000,0.000000,0.000000,8.000000,-124.610000
1777586651.770982,0,0.000000,0.000000,0.000000,0.000000,0.000000,0.000000,0.000000,0.000000,8.000000,-124.590000
1777586651.801098,0,0.000000,0.000000,0.000000,0.000000,0.000000,0.000000,0.000000,0.000000,8.000000,-124.580000
1777586651.801577,0,0.000000,0.000000,0.000000,0.000000,0.000000,0.000000,0.000000,0.000000,8.000000,-124.580000
1777586651.833474,0,5.000000,0.000000,0.000000,0.000000,0.000000,0.000000,0.000000,0.000000,8.000000,-124.560000
1777586651.833921,0,5.000000,0.000000,5.000000,0.000000,0.000000,0.000000,0.000000,0.000000,8.000000,-124.550000
1777586651.834573,0,5.000000,0.000000,5.000000,0.000000,0.000000,0.000000,0.000000,0.000000,8.000000,-124.550000
1777586651.834961,0,5.000000,0.000000,5.000000,0.000000,0.000000,0.000000,0.000000,0.000000,8.000000,-124.540000
1777586651.866616,0,5.000000,0.000000,5.000000,0.000000,0.000000,0.000000,0.000000,0.000000,8.000000,-124.520000
1777586651.867072,0,5.000000,0.000000,5.000000,0.000000,0.000000,0.000000,0.000000,0.000000,8.000000,-124.510000
1777586651.867593,0,5.000000,0.000000,5.000000,0.000000,0.000000,0.000000,0.000000,0.000000,8.000000,-124.510000
1777586651.867929,0,5.000000,0.000000,5.000000,0.000000,0.000000,0.000000,0.000000,0.000000,8.000000,-124.500000
1777586651.895550,0,5.000000,0.000000,5.000000,0.000000,0.000000,0.000000,0.000000,0.000000,8.000000,-124.480000
1777586651.896164,0,5.000000,0.000000,5.000000,0.000000,0.000000,0.000000,0.000000,0.000000,8.000000,-124.480000
1777586651.925052,0,5.000000,0.000000,5.000000,0.000000,0.000000,0.000000,0.000000,0.000000,8.000000,-124.470000
1777586651.925531,0,5.000000,0.000000,5.000000,0.000000,0.000000,0.000000,0.000000,0.000000,8.000000,-124.450000
1777586651.926157,0,5.000000,0.000000,5.000000,0.000000,0.000000,0.000000,0.000000,0.000000,8.000000,-124.440000
1777586651.926548,0,5.000000,0.000000,5.000000,0.000000,0.000000,0.000000,0.000000,0.000000,8.000000,-124.440000
1777586651.955207,0,5.000000,0.000000,5.000000,0.000000,0.000000,0.000000,0.000000,0.000000,8.000000,-124.430000
1777586651.955988,0,5.000000,0.000000,5.000000,0.000000,0.000000,0.000000,0.000000,0.000000,8.000000,-124.410000
1777586651.956401,0,5.000000,0.000000,5.000000,0.000000,0.000000,0.000000,0.000000,0.000000,8.000000,-124.410000
1777586651.987173,0,5.000000,0.000000,5.000000,0.000000,0.000000,0.000000,0.000000,0.000000,8.000000,-124.400000
1777586651.987930,0,5.000000,0.000000,5.000000,0.000000,0.000000,0.000000,0.000000,0.000000,8.000000,-124.380000
1777586652.019576,0,5.000000,0.000000,5.000000,0.000000,0.000000,0.000000,0.000000,0.000000,8.000000,-124.370000
1777586652.020076,0,5.000000,0.000000,5.000000,0.000000,0.000000,0.000000,0.000000,0.000000,8.000000,-124.370000
1777586652.020988,0,5.000000,0.000000,5.000000,0.000000,0.000000,0.000000,0.000000,0.000000,8.000000,-124.360000
1777586652.021395,0,5.000000,0.000000,5.000000,0.000000,0.000000,0.000000,0.000000,0.000000,8.000000,-124.340000
1777586652.040067,0,5.000000,0.000000,5.000000,0.000000,0.000000,0.000000,0.000000,0.000000,8.000000,-124.330000
1777586652.059221,0,5.000000,0.000000,5.000000,0.000000,0.000000,0.000000,0.000000,0.000000,8.000000,-124.330000
1777586652.078464,0,5.000000,0.000000,5.000000,0.000000,0.000000,0.000000,0.000000,0.000000,8.000000,-124.310000
1777586652.078953,0,5.000000,0.000000,5.000000,0.000000,0.000000,0.000000,0.000000,0.000000,8.000000,-124.300000
1777586652.098592,0,5.000000,0.000000,5.000000,0.000000,0.000000,0.000000,0.000000,0.000000,8.000000,-124.300000
1777586652.099087,0,5.000000,0.000000,5.000000,0.000000,0.000000,0.000000,0.000000,0.000000,8.000000,-124.290000
1777586652.119742,0,5.000000,0.000000,5.000000,0.000000,0.000000,0.000000,0.000000,0.000000,8.000000,-124.270000
1777586652.120258,0,5.000000,0.000000,5.000000,0.000000,0.000000,0.000000,0.000000,0.000000,8.000000,-124.260000
1777586652.138631,0,5.000000,0.000000,5.000000,0.000000,0.000000,0.000000,0.000000,0.000000,8.000000,-124.260000
1777586652.139091,0,5.000000,0.000000,5.000000,0.000000,0.000000,0.000000,0.000000,0.000000,8.000000,-124.250000
1777586652.157519,0,5.000000,0.000000,5.000000,0.000000,0.000000,0.000000,0.000000,0.000000,8.000000,-124.230000
1777586652.157994,0,5.000000,0.000000,5.000000,0.000000,0.000000,0.000000,0.000000,0.000000,8.000000,-124.230000
1777586652.175921,0,5.000000,0.000000,5.000000,0.000000,0.000000,0.000000,0.000000,0.000000,8.000000,-124.220000
1777586652.193090,0,5.000000,0.000000,5.000000,0.000000,0.000000,0.000000,0.000000,0.000000,8.000000,-124.200000
1777586652.193742,0,5.000000,0.000000,5.000000,0.000000,0.000000,0.000000,0.000000,0.000000,8.000000,-124.190000
1777586652.211045,0,5.000000,0.000000,5.000000,0.000000,0.000000,0.000000,0.000000,0.000000,8.000000,-124.190000
1777586652.211605,0,5.000000,0.000000,5.000000,0.000000,0.000000,0.000000,0.000000,0.000000,8.000000,-124.180000
1777586652.212043,0,5.000000,0.000000,5.000000,0.000000,0.000000,0.000000,0.000000,0.000000,8.000000,-124.160000
1777586652.228746,0,5.000000,0.000000,5.000000,0.000000,0.000000,0.000000,0.000000,0.000000,8.000000,-124.160000
1777586652.246746,0,5.000000,0.000000,5.000000,0.000000,0.000000,0.000000,0.000000,0.000000,8.000000,-124.150000
1777586652.247379,0,5.000000,0.000000,5.000000,0.000000,0.000000,0.000000,0.000000,0.000000,8.000000,-124.130000
1777586652.263893,0,5.000000,0.000000,5.000000,0.000000,0.000000,0.000000,0.000000,0.000000,8.000000,-124.120000
1777586652.264580,0,5.000000,0.000000,5.000000,0.000000,0.000000,0.000000,0.000000,0.000000,8.000000,-124.120000
1777586652.281418,0,5.000000,0.000000,5.000000,0.000000,0.000000,0.000000,0.000000,0.000000,8.000000,-124.110000
1777586652.300475,0,5.000000,0.000000,5.000000,0.000000,0.000000,0.000000,0.000000,0.000000,8.000000,-124.090000
1777586652.300971,0,5.000000,0.000000,5.000000,0.000000,0.000000,0.000000,0.000000,0.000000,8.000000,-124.080000
1777586652.318814,0,5.000000,0.000000,5.000000,0.000000,0.000000,0.000000,0.000000,0.000000,8.000000,-124.080000
1777586652.319308,0,5.000000,0.000000,5.000000,0.000000,0.000000,0.000000,0.000000,0.000000,8.000000,-124.060000
1777586652.336130,0,5.000000,0.000000,5.000000,0.000000,0.000000,0.000000,0.000000,0.000000,8.000000,-124.050000
1777586652.336596,0,5.000000,0.000000,5.000000,0.000000,0.000000,0.000000,0.000000,0.000000,8.000000,-124.050000
1777586652.354379,0,5.000000,0.000000,5.000000,0.000000,0.000000,0.000000,0.000000,0.000000,8.000000,-124.040000
1777586652.354962,0,5.000000,0.000000,5.000000,0.000000,0.000000,0.000000,0.000000,0.000000,8.000000,-124.020000
1777586652.373069,0,5.000000,0.000000,5.000000,0.000000,0.000000,0.000000,0.000000,0.000000,8.000000,-124.010000
1777586652.373543,0,5.000000,0.000000,5.000000,0.000000,0.000000,0.000000,0.000000,0.000000,8.000000,-124.010000
1777586652.391242,0,5.000000,0.000000,5.000000,0.000000,0.000000,0.000000,0.000000,0.000000,8.000000,-124.000000
1777586652.391898,0,5.000000,0.000000,5.000000,0.000000,0.000000,0.000000,0.000000,0.000000,8.000000,-123.980000
1777586652.409418,0,5.000000,0.000000,5.000000,0.000000,0.000000,0.000000,0.000000,0.000000,8.000000,-123.980000
1777586652.427474,0,5.000000,0.000000,5.000000,0.000000,0.000000,0.000000,0.000000,0.000000,8.000000,-123.970000
1777586652.427952,0,5.000000,0.000000,5.000000,0.000000,0.000000,0.000000,0.000000,0.000000,8.000000,-123.950000
1777586652.445513,0,5.000000,0.000000,5.000000,0.000000,0.000000,0.000000,0.000000,0.000000,8.000000,-123.940000
1777586652.445981,0,5.000000,0.000000,5.000000,0.000000,0.000000,0.000000,0.000000,0.000000,8.000000,-123.940000
1777586652.464271,0,5.000000,0.000000,5.000000,0.000000,0.000000,0.000000,0.000000,0.000000,8.000000,-123.930000
1777586652.481821,0,5.000000,0.000000,5.000000,0.000000,0.000000,0.000000,0.000000,0.000000,8.000000,-123.910000
1777586652.482372,0,5.000000,0.000000,5.000000,0.000000,0.000000,0.000000,0.000000,0.000000,8.000000,-123.910000
1777586652.500087,0,5.000000,0.000000,5.000000,0.000000,0.000000,0.000000,0.000000,0.000000,8.000000,-123.900000
1777586652.500588,0,5.000000,0.000000,5.000000,0.000000,0.000000,0.000000,0.000000,0.000000,8.000000,-123.880000
1777586652.517531,0,5.000000,0.000000,5.000000,0.000000,0.000000,0.000000,0.000000,0.000000,8.000000,-123.870000
1777586652.518195,0,5.000000,0.000000,5.000000,0.000000,0.000000,0.000000,0.000000,0.000000,8.000000,-123.870000
1777586652.518735,0,5.000000,0.000000,5.000000,0.000000,0.000000,0.000000,0.000000,0.000000,8.000000,-123.860000
1777586652.535482,0,5.000000,0.000000,5.000000,0.000000,0.000000,0.000000,0.000000,0.000000,8.000000,-123.840000
1777586652.552499,0,5.000000,0.000000,5.000000,0.000000,0.000000,0.000000,0.000000,0.000000,8.000000,-123.830000
1777586652.553111,0,5.000000,0.000000,5.000000,0.000000,0.000000,0.000000,0.000000,0.000000,8.000000,-123.830000
1777586652.571281,0,5.000000,0.000000,5.000000,0.000000,0.000000,0.000000,0.000000,0.000000,8.000000,-123.810000
1777586652.589253,0,5.000000,0.000000,5.000000,0.000000,0.000000,0.000000,0.000000,0.000000,8.000000,-123.800000
1777586652.589730,0,5.000000,0.000000,5.000000,0.000000,0.000000,0.000000,0.000000,0.000000,8.000000,-123.800000
1777586652.606544,0,5.000000,0.000000,5.000000,0.000000,0.000000,0.000000,0.000000,0.000000,8.000000,-123.790000
1777586652.607023,0,5.000000,0.000000,5.000000,0.000000,0.000000,0.000000,0.000000,0.000000,8.000000,-123.770000
1777586652.625648,0,5.000000,0.000000,5.000000,0.000000,0.000000,0.000000,0.000000,0.000000,8.000000,-123.760000
1777586652.644457,0,5.000000,0.000000,5.000000,0.000000,0.000000,0.000000,0.000000,0.000000,8.000000,-123.760000
1777586652.644979,0,5.000000,0.000000,5.000000,0.000000,0.000000,0.000000,0.000000,0.000000,8.000000,-123.750000
1777586652.662492,0,5.000000,0.000000,5.000000,0.000000,0.000000,0.000000,0.000000,0.000000,8.000000,-123.730000
1777586652.662979,0,5.000000,0.000000,5.000000,0.000000,0.000000,0.000000,0.000000,0.000000,8.000000,-123.730000
1777586652.663345,0,5.000000,0.000000,5.000000,0.000000,0.000000,0.000000,0.000000,0.000000,8.000000,-123.720000
1777586652.680414,0,5.000000,0.000000,5.000000,0.000000,0.000000,0.000000,0.000000,0.000000,8.000000,-123.700000
1777586652.696936,0,5.000000,0.000000,5.000000,0.000000,0.000000,0.000000,0.000000,0.000000,8.000000,-123.690000
1777586652.697392,0,5.000000,0.000000,5.000000,0.000000,0.000000,0.000000,0.000000,0.000000,8.000000,-123.690000
1777586652.697967,0,5.000000,0.000000,5.000000,0.000000,0.000000,0.000000,0.000000,0.000000,8.000000,-123.680000
1777586652.714460,0,5.000000,0.000000,5.000000,0.000000,0.000000,0.000000,0.000000,0.000000,8.000000,-123.660000
1777586652.732525,0,5.000000,0.000000,5.000000,0.000000,0.000000,0.000000,0.000000,0.000000,8.000000,-123.660000
1777586652.733289,0,5.000000,0.000000,5.000000,0.000000,0.000000,0.000000,0.000000,0.000000,8.000000,-123.650000
1777586652.753091,0,5.000000,0.000000,5.000000,0.000000,0.000000,0.000000,0.000000,0.000000,8.000000,-123.630000
1777586652.753657,0,5.000000,0.000000,5.000000,0.000000,0.000000,0.000000,0.000000,0.000000,8.000000,-123.620000
1777586652.771163,0,5.000000,0.000000,5.000000,0.000000,0.000000,0.000000,0.000000,0.000000,8.000000,-123.620000
1777586652.789932,0,5.000000,0.000000,5.000000,0.000000,0.000000,0.000000,0.000000,0.000000,8.000000,-123.610000
1777586652.790425,0,5.000000,0.000000,5.000000,0.000000,0.000000,0.000000,0.000000,0.000000,8.000000,-123.590000
1777586652.807891,0,5.000000,0.000000,5.000000,0.000000,0.000000,0.000000,0.000000,0.000000,8.000000,-123.580000
1777586652.808346,0,5.000000,0.000000,5.000000,0.000000,0.000000,0.000000,0.000000,0.000000,8.000000,-123.580000
1777586652.826137,0,5.000000,0.000000,5.000000,0.000000,0.000000,0.000000,0.000000,0.000000,8.000000,-123.560000
1777586652.826819,0,5.000000,0.000000,5.000000,0.000000,0.000000,0.000000,0.000000,0.000000,8.000000,-123.550000
1777586652.844459,0,5.000000,0.000000,5.000000,0.000000,0.000000,0.000000,0.000000,0.000000,8.000000,-123.550000
1777586652.844926,0,5.000000,0.000000,5.000000,0.000000,0.000000,0.000000,0.000000,0.000000,8.000000,-123.540000
1777586652.862747,0,5.000000,0.000000,5.000000,0.000000,0.000000,0.000000,0.000000,0.000000,8.000000,-123.520000
1777586652.878989,0,5.000000,0.000000,5.000000,0.000000,0.000000,0.000000,0.000000,0.000000,8.000000,-123.510000
1777586652.879469,0,5.000000,0.000000,5.000000,0.000000,0.000000,0.000000,0.000000,0.000000,8.000000,-123.510000
1777586652.879830,0,5.000000,0.000000,5.000000,0.000000,0.000000,0.000000,0.000000,0.000000,8.000000,-123.500000
1777586652.896369,0,5.000000,0.000000,5.000000,0.000000,0.000000,0.000000,0.000000,0.000000,8.000000,-123.480000
1777586652.913090,0,5.000000,0.000000,5.000000,0.000000,0.000000,0.000000,0.000000,0.000000,8.000000,-123.480000
1777586652.913565,0,5.000000,0.000000,5.000000,0.000000,0.000000,0.000000,0.000000,0.000000,8.000000,-123.470000
1777586652.929878,0,5.000000,0.000000,5.000000,0.000000,0.000000,0.000000,0.000000,0.000000,8.000000,-123.450000
1777586652.946572,0,5.000000,0.000000,5.000000,0.000000,0.000000,0.000000,0.000000,0.000000,8.000000,-123.440000
1777586652.964598,0,5.000000,0.000000,5.000000,0.000000,0.000000,0.000000,0.000000,0.000000,8.000000,-123.440000
1777586652.965097,0,5.000000,0.000000,5.000000,0.000000,0.000000,0.000000,0.000000,0.000000,8.000000,-123.430000
1777586652.966069,0,5.000000,0.000000,5.000000,0.000000,0.000000,0.000000,0.000000,0.000000,8.000000,-123.410000
1777586652.984187,0,5.000000,0.000000,5.000000,0.000000,0.000000,0.000000,0.000000,0.000000,8.000000,-123.410000
1777586652.984769,0,5.000000,0.000000,5.000000,0.000000,0.000000,0.000000,0.000000,0.000000,8.000000,-123.400000
1777586653.001580,0,5.000000,0.000000,5.000000,0.000000,0.000000,0.000000,0.000000,0.000000,8.000000,-123.380000
1777586653.002062,0,5.000000,0.000000,5.000000,0.000000,0.000000,0.000000,0.000000,0.000000,8.000000,-123.370000
1777586653.019922,0,5.000000,0.000000,5.000000,0.000000,0.000000,0.000000,0.000000,0.000000,8.000000,-123.370000
1777586653.038121,0,5.000000,0.000000,5.000000,0.000000,0.000000,0.000000,0.000000,0.000000,8.000000,-123.360000
1777586653.038631,0,5.000000,0.000000,5.000000,0.000000,0.000000,0.000000,0.000000,0.000000,8.000000,-123.340000
1777586653.055265,0,5.000000,0.000000,5.000000,0.000000,0.000000,0.000000,0.000000,0.000000,8.000000,-123.330000
1777586653.055739,0,5.000000,0.000000,5.000000,0.000000,0.000000,0.000000,0.000000,0.000000,8.000000,-123.330000
1777586653.072887,0,5.000000,0.000000,5.000000,0.000000,0.000000,0.000000,0.000000,0.000000,8.000000,-123.310000
1777586653.089824,0,5.000000,0.000000,5.000000,0.000000,0.000000,0.000000,0.000000,0.000000,8.000000,-123.300000
1777586653.090299,0,5.000000,0.000000,5.000000,0.000000,0.000000,0.000000,0.000000,0.000000,8.000000,-123.300000
1777586653.106702,0,5.000000,0.000000,5.000000,0.000000,0.000000,0.000000,0.000000,0.000000,8.000000,-123.290000
1777586653.107183,0,5.000000,0.000000,5.000000,0.000000,0.000000,0.000000,0.000000,0.000000,8.000000,-123.270000
1777586653.125558,0,5.000000,0.000000,5.000000,0.000000,0.000000,0.000000,0.000000,0.000000,8.000000,-123.260000
1777586653.126033,0,5.000000,0.000000,5.000000,0.000000,0.000000,0.000000,0.000000,0.000000,8.000000,-123.260000
1777586653.145604,0,5.000000,0.000000,5.000000,0.000000,0.000000,0.000000,0.000000,0.000000,8.000000,-123.250000
1777586653.146077,0,5.000000,0.000000,5.000000,0.000000,0.000000,0.000000,0.000000,0.000000,8.000000,-123.230000
1777586653.163507,0,5.000000,0.000000,5.000000,0.000000,0.000000,0.000000,0.000000,0.000000,8.000000,-123.230000
1777586653.164153,0,5.000000,0.000000,5.000000,0.000000,0.000000,0.000000,0.000000,0.000000,8.000000,-123.220000
1777586653.180571,0,5.000000,0.000000,5.000000,0.000000,0.000000,0.000000,0.000000,0.000000,8.000000,-123.200000
1777586653.181042,0,5.000000,0.000000,5.000000,0.000000,0.000000,0.000000,0.000000,0.000000,8.000000,-123.190000
1777586653.198134,0,5.000000,0.000000,5.000000,0.000000,0.000000,0.000000,0.000000,0.000000,8.000000,-123.190000
1777586653.215027,0,5.000000,0.000000,5.000000,0.000000,0.000000,0.000000,0.000000,0.000000,8.000000,-123.180000
1777586653.215646,0,5.000000,0.000000,5.000000,0.000000,0.000000,0.000000,0.000000,0.000000,8.000000,-123.160000
1777586653.216219,0,5.000000,0.000000,5.000000,0.000000,0.000000,0.000000,0.000000,0.000000,8.000000,-123.160000
1777586653.235237,0,5.000000,0.000000,5.000000,0.000000,0.000000,0.000000,0.000000,0.000000,8.000000,-123.150000
1777586653.254629,0,5.000000,0.000000,5.000000,0.000000,0.000000,0.000000,0.000000,0.000000,8.000000,-123.130000
1777586653.255153,0,5.000000,0.000000,5.000000,0.000000,0.000000,0.000000,0.000000,0.000000,8.000000,-123.120000
1777586653.272542,0,5.000000,0.000000,5.000000,0.000000,0.000000,0.000000,0.000000,0.000000,8.000000,-123.120000
1777586653.273007,0,5.000000,0.000000,5.000000,0.000000,0.000000,0.000000,0.000000,0.000000,8.000000,-123.110000
1777586653.290644,0,5.000000,0.000000,5.000000,0.000000,0.000000,0.000000,0.000000,0.000000,8.000000,-123.090000
1777586653.291377,0,5.000000,0.000000,5.000000,0.000000,0.000000,0.000000,0.000000,0.000000,8.000000,-123.080000
1777586653.309503,0,5.000000,0.000000,5.000000,0.000000,0.000000,0.000000,0.000000,0.000000,8.000000,-123.080000
1777586653.327533,0,5.000000,0.000000,5.000000,0.000000,0.000000,0.000000,0.000000,0.000000,8.000000,-123.060000
1777586653.328223,0,5.000000,0.000000,5.000000,0.000000,0.000000,0.000000,0.000000,0.000000,8.000000,-123.050000
1777586653.344710,0,5.000000,0.000000,5.000000,0.000000,0.000000,0.000000,0.000000,0.000000,8.000000,-123.050000
1777586653.345173,0,5.000000,0.000000,5.000000,0.000000,0.000000,0.000000,0.000000,0.000000,8.000000,-123.040000
1777586653.363218,0,5.000000,0.000000,5.000000,0.000000,0.000000,0.000000,0.000000,0.000000,8.000000,-123.020000
1777586653.381132,0,5.000000,0.000000,5.000000,0.000000,0.000000,0.000000,0.000000,0.000000,8.000000,-123.010000
1777586653.381619,0,5.000000,0.000000,5.000000,0.000000,0.000000,0.000000,0.000000,0.000000,8.000000,-123.010000
1777586653.398211,0,5.000000,0.000000,5.000000,0.000000,0.000000,0.000000,0.000000,0.000000,8.000000,-123.000000
1777586653.398692,0,5.000000,0.000000,5.000000,0.000000,0.000000,0.000000,0.000000,0.000000,8.000000,-122.980000
1777586653.416597,0,5.000000,0.000000,5.000000,0.000000,0.000000,0.000000,0.000000,0.000000,8.000000,-122.980000
1777586653.417100,0,5.000000,0.000000,5.000000,0.000000,0.000000,0.000000,0.000000,0.000000,8.000000,-122.970000
1777586653.434277,0,5.000000,0.000000,5.000000,0.000000,0.000000,0.000000,0.000000,0.000000,8.000000,-122.950000
1777586653.434754,0,5.000000,0.000000,5.000000,0.000000,0.000000,0.000000,0.000000,0.000000,8.000000,-122.940000
1777586653.450578,0,5.000000,0.000000,5.000000,0.000000,0.000000,0.000000,0.000000,0.000000,8.000000,-122.940000
1777586653.451050,0,5.000000,0.000000,5.000000,0.000000,0.000000,0.000000,0.000000,0.000000,8.000000,-122.930000
1777586653.468448,0,5.000000,0.000000,5.000000,0.000000,0.000000,0.000000,0.000000,0.000000,8.000000,-122.910000
1777586653.484319,0,5.000000,0.000000,5.000000,0.000000,0.000000,0.000000,0.000000,0.000000,8.000000,-122.910000
1777586653.484790,0,5.000000,0.000000,5.000000,0.000000,0.000000,0.000000,0.000000,0.000000,8.000000,-122.900000
1777586653.485311,0,5.000000,0.000000,5.000000,0.000000,0.000000,0.000000,0.000000,0.000000,8.000000,-122.880000
1777586653.539476,0,5.000000,0.000000,5.000000,0.000000,0.000000,0.000000,0.000000,0.000000,8.000000,-122.870000
1777586653.540333,0,5.000000,0.000000,5.000000,0.000000,0.000000,0.000000,0.000000,0.000000,8.000000,-122.870000
1777586653.541651,0,5.000000,0.000000,5.000000,0.000000,0.000000,0.000000,0.000000,0.000000,8.000000,-122.860000
1777586653.542114,0,5.000000,0.000000,5.000000,0.000000,0.000000,0.000000,0.000000,0.000000,8.000000,-122.840000
1777586653.542555,0,5.000000,0.000000,5.000000,0.000000,0.000000,0.000000,0.000000,0.000000,8.000000,-122.830000
1777586653.542979,0,5.000000,0.000000,5.000000,0.000000,0.000000,0.000000,0.000000,0.000000,8.000000,-122.830000
1777586653.570750,0,5.000000,0.000000,5.000000,0.000000,0.000000,0.000000,0.000000,0.000000,8.000000,-122.810000
1777586653.592691,0,5.000000,0.000000,5.000000,0.000000,0.000000,0.000000,0.000000,0.000000,8.000000,-122.800000
1777586653.593413,0,5.000000,0.000000,5.000000,0.000000,0.000000,0.000000,0.000000,0.000000,8.000000,-122.800000
1777586653.615355,0,5.000000,0.000000,5.000000,0.000000,0.000000,0.000000,0.000000,0.000000,8.000000,-122.790000
1777586653.615862,0,5.000000,0.000000,5.000000,0.000000,0.000000,0.000000,0.000000,0.000000,8.000000,-122.770000
1777586653.638414,0,5.000000,0.000000,5.000000,0.000000,0.000000,0.000000,0.000000,0.000000,8.000000,-122.760000
1777586653.638926,0,5.000000,0.000000,5.000000,0.000000,0.000000,0.000000,0.000000,0.000000,8.000000,-122.760000
1777586653.639274,0,5.000000,0.000000,5.000000,0.000000,0.000000,0.000000,0.000000,0.000000,8.000000,-122.750000
1777586653.661136,0,5.000000,0.000000,5.000000,0.000000,0.000000,0.000000,0.000000,0.000000,8.000000,-122.730000
1777586653.661608,0,5.000000,0.000000,5.000000,0.000000,0.000000,0.000000,0.000000,0.000000,8.000000,-122.730000
1777586653.661985,0,5.000000,0.000000,5.000000,0.000000,0.000000,0.000000,0.000000,0.000000,8.000000,-122.720000
1777586653.703216,0,5.000000,0.000000,5.000000,0.000000,0.000000,0.000000,0.000000,0.000000,8.000000,-122.700000
1777586653.703721,0,5.000000,0.000000,5.000000,0.000000,0.000000,0.000000,0.000000,0.000000,8.000000,-122.690000
1777586653.704107,0,5.000000,0.000000,5.000000,0.000000,0.000000,0.000000,0.000000,0.000000,8.000000,-122.690000
1777586653.704688,0,5.000000,0.000000,5.000000,0.000000,0.000000,0.000000,0.000000,0.000000,8.000000,-122.680000
1777586653.705042,0,5.000000,0.000000,5.000000,0.000000,0.000000,0.000000,0.000000,0.000000,8.000000,-122.660000
1777586653.705365,0,5.000000,0.000000,5.000000,0.000000,0.000000,0.000000,0.000000,0.000000,8.000000,-122.660000
1777586653.743687,0,5.000000,0.000000,5.000000,0.000000,0.000000,0.000000,0.000000,0.000000,8.000000,-122.650000
1777586653.744161,0,5.000000,0.000000,5.000000,0.000000,0.000000,0.000000,0.000000,0.000000,8.000000,-122.630000
1777586653.744725,0,5.000000,0.000000,5.000000,0.000000,0.000000,0.000000,0.000000,0.000000,8.000000,-122.620000
1777586653.745107,0,5.000000,0.000000,5.000000,0.000000,0.000000,0.000000,0.000000,0.000000,8.000000,-122.620000
1777586653.785424,0,5.000000,0.000000,5.000000,0.000000,0.000000,0.000000,0.000000,0.000000,8.000000,-122.610000
1777586653.786238,0,5.000000,0.000000,5.000000,0.000000,0.000000,0.000000,0.000000,0.000000,8.000000,-122.590000
1777586653.786647,0,5.000000,0.000000,5.000000,0.000000,0.000000,0.000000,0.000000,0.000000,8.000000,-122.580000
1777586653.808336,0,5.000000,0.000000,5.000000,0.000000,0.000000,0.000000,0.000000,0.000000,8.000000,-122.580000
1777586653.827700,0,5.000000,0.000000,5.000000,0.000000,0.000000,0.000000,0.000000,0.000000,8.000000,-122.560000
1777586653.828193,0,5.000000,0.000000,5.000000,0.000000,0.000000,0.000000,0.000000,0.000000,8.000000,-122.550000
1777586653.847342,0,5.000000,0.000000,5.000000,0.000000,0.000000,0.000000,0.000000,0.000000,8.000000,-122.550000
1777586653.848120,0,5.000000,0.000000,5.000000,0.000000,0.000000,0.000000,0.000000,0.000000,8.000000,-122.540000
1777586653.868208,0,5.000000,0.000000,5.000000,0.000000,0.000000,0.000000,0.000000,0.000000,8.000000,-122.520000
1777586653.868815,0,5.000000,0.000000,5.000000,0.000000,0.000000,0.000000,0.000000,0.000000,8.000000,-122.510000
1777586653.888366,0,5.000000,0.000000,5.000000,0.000000,0.000000,0.000000,0.000000,0.000000,8.000000,-122.510000
1777586653.889023,0,5.000000,0.000000,5.000000,0.000000,0.000000,0.000000,0.000000,0.000000,8.000000,-122.500000
1777586653.889844,0,5.000000,0.000000,5.000000,0.000000,0.000000,0.000000,0.000000,0.000000,8.000000,-122.480000
1777586653.908175,0,5.000000,0.000000,5.000000,0.000000,0.000000,0.000000,0.000000,0.000000,8.000000,-122.480000
1777586653.926921,0,5.000000,0.000000,5.000000,0.000000,0.000000,0.000000,0.000000,0.000000,8.000000,-122.470000
1777586653.927674,0,5.000000,0.000000,5.000000,0.000000,0.000000,0.000000,0.000000,0.000000,8.000000,-122.450000
1777586653.948371,0,5.000000,0.000000,5.000000,0.000000,0.000000,0.000000,0.000000,0.000000,8.000000,-122.440000
1777586653.949126,0,5.000000,0.000000,5.000000,0.000000,0.000000,0.000000,0.000000,0.000000,8.000000,-122.440000
1777586653.949529,0,5.000000,0.000000,5.000000,0.000000,0.000000,0.000000,0.000000,0.000000,8.000000,-122.430000
1777586653.995343,0,5.000000,0.000000,5.000000,0.000000,0.000000,0.000000,0.000000,0.000000,8.000000,-122.410000
1777586653.995910,0,5.000000,0.000000,5.000000,0.000000,0.000000,0.000000,0.000000,0.000000,8.000000,-122.410000
1777586653.996370,0,5.000000,0.000000,5.000000,0.000000,0.000000,0.000000,0.000000,0.000000,8.000000,-122.400000
1777586653.996929,0,5.000000,0.000000,5.000000,0.000000,0.000000,0.000000,0.000000,0.000000,8.000000,-122.380000
1777586653.997288,0,5.000000,0.000000,5.000000,0.000000,0.000000,0.000000,0.000000,0.000000,8.000000,-122.370000
1777586653.997618,0,5.000000,0.000000,5.000000,0.000000,0.000000,0.000000,0.000000,0.000000,8.000000,-122.370000
1777586654.041921,0,5.000000,0.000000,5.000000,0.000000,0.000000,0.000000,0.000000,0.000000,8.000000,-122.360000
1777586654.042474,0,5.000000,0.000000,5.000000,0.000000,0.000000,0.000000,0.000000,0.000000,8.000000,-122.340000
1777586654.042827,0,5.000000,0.000000,5.000000,0.000000,0.000000,0.000000,0.000000,0.000000,8.000000,-122.330000
1777586654.043329,0,5.000000,0.000000,5.000000,0.000000,0.000000,0.000000,0.000000,0.000000,8.000000,-122.330000
1777586654.087494,0,5.000000,0.000000,5.000000,0.000000,0.000000,0.000000,0.000000,0.000000,8.000000,-122.310000
1777586654.088490,0,5.000000,0.000000,5.000000,0.000000,0.000000,0.000000,0.000000,0.000000,8.000000,-122.300000
1777586654.089425,0,5.000000,0.000000,5.000000,0.000000,0.000000,0.000000,0.000000,0.000000,8.000000,-122.300000
1777586654.090232,0,5.000000,0.000000,5.000000,0.000000,0.000000,0.000000,0.000000,0.000000,8.000000,-122.290000
1777586654.090611,0,5.000000,0.000000,5.000000,0.000000,0.000000,0.000000,0.000000,0.000000,8.000000,-122.270000
1777586654.130345,0,5.000000,0.000000,5.000000,0.000000,0.000000,0.000000,0.000000,0.000000,8.000000,-122.260000
1777586654.131076,0,5.000000,0.000000,5.000000,0.000000,0.000000,0.000000,0.000000,0.000000,8.000000,-122.260000
1777586654.132937,0,5.000000,0.000000,5.000000,0.000000,0.000000,0.000000,0.000000,0.000000,8.000000,-122.250000
1777586654.133594,0,5.000000,0.000000,5.000000,0.000000,0.000000,0.000000,0.000000,0.000000,8.000000,-122.230000
1777586654.171262,0,5.000000,0.000000,5.000000,0.000000,0.000000,0.000000,0.000000,0.000000,8.000000,-122.230000
1777586654.171729,0,5.000000,0.000000,5.000000,0.000000,0.000000,0.000000,0.000000,0.000000,8.000000,-122.220000
1777586654.172325,0,5.000000,0.000000,5.000000,0.000000,0.000000,0.000000,0.000000,0.000000,8.000000,-122.200000
1777586654.211134,0,5.000000,0.000000,5.000000,0.000000,0.000000,0.000000,0.000000,0.000000,8.000000,-122.190000
1777586654.211577,0,5.000000,0.000000,5.000000,0.000000,0.000000,0.000000,0.000000,0.000000,8.000000,-122.190000
1777586654.211971,0,5.000000,0.000000,5.000000,0.000000,0.000000,0.000000,0.000000,0.000000,8.000000,-122.180000
1777586654.212533,0,5.000000,0.000000,5.000000,0.000000,0.000000,0.000000,0.000000,0.000000,8.000000,-122.160000
1777586654.212895,0,5.000000,0.000000,5.000000,0.000000,0.000000,0.000000,0.000000,0.000000,8.000000,-122.160000
1777586654.255998,0,5.000000,0.000000,5.000000,0.000000,0.000000,0.000000,0.000000,0.000000,8.000000,-122.150000
1777586654.257152,0,5.000000,0.000000,5.000000,0.000000,0.000000,0.000000,0.000000,0.000000,8.000000,-122.130000
1777586654.258332,0,5.000000,0.000000,5.000000,0.000000,0.000000,0.000000,0.000000,0.000000,8.000000,-122.120000
1777586654.282780,0,5.000000,0.000000,5.000000,0.000000,0.000000,0.000000,0.000000,0.000000,8.000000,-122.120000
1777586654.308289,0,5.000000,0.000000,5.000000,0.000000,0.000000,0.000000,0.000000,0.000000,8.000000,-122.110000
1777586654.308750,0,5.000000,0.000000,5.000000,0.000000,0.000000,0.000000,0.000000,0.000000,8.000000,-122.090000
1777586654.309145,0,5.000000,0.000000,5.000000,0.000000,0.000000,0.000000,0.000000,0.000000,8.000000,-122.080000
1777586654.332663,0,5.000000,0.000000,5.000000,0.000000,0.000000,0.000000,0.000000,0.000000,8.000000,-122.080000
1777586654.333714,0,5.000000,0.000000,5.000000,0.000000,0.000000,0.000000,0.000000,0.000000,8.000000,-122.060000
1777586654.334130,0,5.000000,0.000000,5.000000,0.000000,0.000000,0.000000,0.000000,0.000000,8.000000,-122.050000
1777586654.356972,0,5.000000,0.000000,5.000000,0.000000,0.000000,0.000000,0.000000,0.000000,8.000000,-122.050000
1777586654.357565,0,5.000000,0.000000,5.000000,0.000000,0.000000,0.000000,0.000000,0.000000,8.000000,-122.040000
1777586654.380643,0,5.000000,0.000000,5.000000,0.000000,0.000000,0.000000,0.000000,0.000000,8.000000,-122.020000
1777586654.381346,0,5.000000,0.000000,5.000000,0.000000,0.000000,0.000000,0.000000,0.000000,8.000000,-122.010000
1777586654.382028,0,5.000000,0.000000,5.000000,0.000000,0.000000,0.000000,0.000000,0.000000,8.000000,-122.010000
1777586654.404584,0,5.000000,0.000000,5.000000,0.000000,0.000000,0.000000,0.000000,0.000000,8.000000,-122.000000
1777586654.428767,0,5.000000,0.000000,5.000000,0.000000,0.000000,0.000000,0.000000,0.000000,8.000000,-121.980000
1777586654.429287,0,5.000000,0.000000,5.000000,0.000000,0.000000,0.000000,0.000000,0.000000,8.000000,-121.980000
1777586654.429638,0,5.000000,0.000000,5.000000,0.000000,0.000000,0.000000,0.000000,0.000000,8.000000,-121.970000
1777586654.453061,0,5.000000,0.000000,5.000000,0.000000,0.000000,0.000000,0.000000,0.000000,8.000000,-121.950000
1777586654.453554,0,5.000000,0.000000,5.000000,0.000000,0.000000,0.000000,0.000000,0.000000,8.000000,-121.940000
1777586654.475903,0,5.000000,0.000000,5.000000,0.000000,0.000000,0.000000,0.000000,0.000000,8.000000,-121.940000
1777586654.476380,0,5.000000,0.000000,5.000000,0.000000,0.000000,0.000000,0.000000,0.000000,8.000000,-121.930000
1777586654.476763,0,5.000000,0.000000,5.000000,0.000000,0.000000,0.000000,0.000000,0.000000,8.000000,-121.910000
1777586654.498180,0,5.000000,0.000000,5.000000,0.000000,0.000000,0.000000,0.000000,0.000000,8.000000,-121.910000
1777586654.498765,0,5.000000,0.000000,5.000000,0.000000,0.000000,0.000000,0.000000,0.000000,8.000000,-121.900000
1777586654.499161,0,5.000000,0.000000,5.000000,0.000000,0.000000,0.000000,0.000000,0.000000,8.000000,-121.880000
1777586654.521649,0,5.000000,0.000000,5.000000,0.000000,0.000000,0.000000,0.000000,0.000000,8.000000,-121.870000
1777586654.544247,0,5.000000,0.000000,5.000000,0.000000,0.000000,0.000000,0.000000,0.000000,8.000000,-121.870000
1777586654.544696,0,5.000000,0.000000,5.000000,0.000000,0.000000,0.000000,0.000000,0.000000,8.000000,-121.860000
1777586654.545058,0,5.000000,0.000000,5.000000,0.000000,0.000000,0.000000,0.000000,0.000000,8.000000,-121.840000
1777586654.570583,0,5.000000,0.000000,5.000000,0.000000,0.000000,0.000000,0.000000,0.000000,8.000000,-121.830000
1777586654.571159,0,5.000000,0.000000,5.000000,0.000000,0.000000,0.000000,0.000000,0.000000,8.000000,-121.830000
1777586654.594032,0,5.000000,0.000000,5.000000,0.000000,0.000000,0.000000,0.000000,0.000000,8.000000,-121.810000
1777586654.595494,0,5.000000,0.000000,5.000000,0.000000,0.000000,0.000000,0.000000,0.000000,8.000000,-121.800000
1777586654.596007,0,5.000000,0.000000,5.000000,0.000000,0.000000,0.000000,0.000000,0.000000,8.000000,-121.800000
1777586654.621384,0,5.000000,0.000000,5.000000,0.000000,0.000000,0.000000,0.000000,0.000000,8.000000,-121.790000
1777586654.621925,0,5.000000,0.000000,5.000000,0.000000,0.000000,0.000000,0.000000,0.000000,8.000000,-121.770000
1777586654.622407,0,5.000000,0.000000,5.000000,0.000000,0.000000,0.000000,0.000000,0.000000,8.000000,-121.760000
1777586654.646868,0,5.000000,0.000000,5.000000,0.000000,0.000000,0.000000,0.000000,0.000000,8.000000,-121.760000
1777586654.671356,0,5.000000,0.000000,5.000000,0.000000,0.000000,0.000000,0.000000,0.000000,8.000000,-121.750000
1777586654.672249,0,5.000000,0.000000,5.000000,0.000000,0.000000,0.000000,0.000000,0.000000,8.000000,-121.730000
1777586654.672667,0,5.000000,0.000000,5.000000,0.000000,0.000000,0.000000,0.000000,0.000000,8.000000,-121.730000
1777586654.673009,0,5.000000,0.000000,5.000000,0.000000,0.000000,0.000000,0.000000,0.000000,8.000000,-121.720000
1777586654.698668,0,5.000000,0.000000,5.000000,0.000000,0.000000,0.000000,0.000000,0.000000,8.000000,-121.700000
1777586654.700406,0,5.000000,0.000000,5.000000,0.000000,0.000000,0.000000,0.000000,0.000000,8.000000,-121.690000
1777586654.725974,0,5.000000,0.000000,5.000000,0.000000,0.000000,0.000000,0.000000,0.000000,8.000000,-121.690000
1777586654.726516,0,5.000000,0.000000,5.000000,0.000000,0.000000,0.000000,0.000000,0.000000,8.000000,-121.680000
1777586654.726891,0,5.000000,0.000000,5.000000,0.000000,0.000000,0.000000,0.000000,0.000000,8.000000,-121.660000
1777586654.750754,0,5.000000,0.000000,5.000000,0.000000,0.000000,0.000000,0.000000,0.000000,8.000000,-121.660000
1777586654.751304,0,5.000000,0.000000,5.000000,0.000000,0.000000,0.000000,0.000000,0.000000,8.000000,-121.650000
1777586654.751677,0,5.000000,0.000000,5.000000,0.000000,0.000000,0.000000,0.000000,0.000000,8.000000,-121.630000
1777586654.775038,0,5.000000,0.000000,5.000000,0.000000,0.000000,0.000000,0.000000,0.000000,8.000000,-121.620000
1777586654.799658,0,5.000000,0.000000,5.000000,0.000000,0.000000,0.000000,0.000000,0.000000,8.000000,-121.620000
1777586654.800133,0,5.000000,0.000000,5.000000,0.000000,0.000000,0.000000,0.000000,0.000000,8.000000,-121.610000
1777586654.800477,0,5.000000,0.000000,5.000000,0.000000,0.000000,0.000000,0.000000,0.000000,8.000000,-121.590000
1777586654.823874,0,5.000000,0.000000,5.000000,0.000000,0.000000,0.000000,0.000000,0.000000,8.000000,-121.580000
1777586654.824327,0,5.000000,0.000000,5.000000,0.000000,0.000000,0.000000,0.000000,0.000000,8.000000,-121.580000
1777586654.824738,0,5.000000,0.000000,5.000000,0.000000,0.000000,0.000000,0.000000,0.000000,8.000000,-121.560000
1777586654.848005,0,5.000000,0.000000,5.000000,0.000000,0.000000,0.000000,0.000000,0.000000,8.000000,-121.550000
1777586654.848544,0,5.000000,0.000000,5.000000,0.000000,0.000000,0.000000,0.000000,0.000000,8.000000,-121.550000
1777586654.872423,0,5.000000,0.000000,5.000000,0.000000,0.000000,0.000000,0.000000,0.000000,8.000000,-121.540000
1777586654.873376,0,5.000000,0.000000,5.000000,0.000000,0.000000,0.000000,0.000000,0.000000,8.000000,-121.520000
1777586654.895874,0,5.000000,0.000000,5.000000,0.000000,0.000000,0.000000,0.000000,0.000000,8.000000,-121.510000
1777586654.896350,0,5.000000,0.000000,5.000000,0.000000,0.000000,0.000000,0.000000,0.000000,8.000000,-121.510000
1777586654.896901,0,5.000000,0.000000,5.000000,0.000000,0.000000,0.000000,0.000000,0.000000,8.000000,-121.500000
1777586654.920285,0,5.000000,0.000000,5.000000,0.000000,0.000000,0.000000,0.000000,0.000000,8.000000,-121.480000
1777586654.920759,0,5.000000,0.000000,5.000000,0.000000,0.000000,0.000000,0.000000,0.000000,8.000000,-121.480000
1777586654.943840,0,5.000000,0.000000,5.000000,0.000000,0.000000,0.000000,0.000000,0.000000,8.000000,-121.470000
1777586654.944315,0,5.000000,0.000000,5.000000,0.000000,0.000000,0.000000,0.000000,0.000000,8.000000,-121.450000
1777586654.944694,0,5.000000,0.000000,5.000000,0.000000,0.000000,0.000000,0.000000,0.000000,8.000000,-121.440000
1777586654.967836,0,5.000000,0.000000,5.000000,0.000000,0.000000,0.000000,0.000000,0.000000,8.000000,-121.440000
1777586654.968330,0,5.000000,0.000000,5.000000,0.000000,0.000000,0.000000,0.000000,0.000000,8.000000,-121.430000
1777586654.992206,0,5.000000,0.000000,5.000000,0.000000,0.000000,0.000000,0.000000,0.000000,8.000000,-121.410000
1777586654.992682,0,5.000000,0.000000,5.000000,0.000000,0.000000,0.000000,0.000000,0.000000,8.000000,-121.410000
1777586654.993150,0,5.000000,0.000000,5.000000,0.000000,0.000000,0.000000,0.000000,0.000000,8.000000,-121.400000
1777586655.018073,0,5.000000,0.000000,5.000000,0.000000,0.000000,0.000000,0.000000,0.000000,8.000000,-121.380000
1777586655.018565,0,5.000000,0.000000,5.000000,0.000000,0.000000,0.000000,0.000000,0.000000,8.000000,-121.370000
1777586655.043075,0,5.000000,0.000000,5.000000,0.000000,0.000000,0.000000,0.000000,0.000000,8.000000,-121.370000
1777586655.043547,0,5.000000,0.000000,5.000000,0.000000,0.000000,0.000000,0.000000,0.000000,8.000000,-121.360000
1777586655.066842,0,5.000000,0.000000,5.000000,0.000000,0.000000,0.000000,0.000000,0.000000,8.000000,-121.340000
1777586655.067673,0,5.000000,0.000000,5.000000,0.000000,0.000000,0.000000,0.000000,0.000000,8.000000,-121.330000
1777586655.068072,0,5.000000,0.000000,5.000000,0.000000,0.000000,0.000000,0.000000,0.000000,8.000000,-121.330000
1777586655.090511,0,5.000000,0.000000,5.000000,0.000000,0.000000,0.000000,0.000000,0.000000,8.000000,-121.310000
1777586655.090983,0,5.000000,0.000000,5.000000,0.000000,0.000000,0.000000,0.000000,0.000000,8.000000,-121.300000
1777586655.091358,0,5.000000,0.000000,5.000000,0.000000,0.000000,0.000000,0.000000,0.000000,8.000000,-121.300000
1777586655.113688,0,5.000000,0.000000,5.000000,0.000000,0.000000,0.000000,0.000000,0.000000,8.000000,-121.290000
1777586655.114158,0,5.000000,0.000000,5.000000,0.000000,0.000000,0.000000,0.000000,0.000000,8.000000,-121.270000
1777586655.138842,0,5.000000,0.000000,5.000000,0.000000,0.000000,0.000000,0.000000,0.000000,8.000000,-121.260000
1777586655.162910,0,5.000000,0.000000,5.000000,0.000000,0.000000,0.000000,0.000000,0.000000,8.000000,-121.260000
1777586655.163388,0,5.000000,0.000000,5.000000,0.000000,0.000000,0.000000,0.000000,0.000000,8.000000,-121.250000
1777586655.163781,0,5.000000,0.000000,5.000000,0.000000,0.000000,0.000000,0.000000,0.000000,8.000000,-121.230000
1777586655.165568,0,5.000000,0.000000,5.000000,0.000000,0.000000,0.000000,0.000000,0.000000,8.000000,-121.230000
1777586655.189436,0,5.000000,0.000000,5.000000,0.000000,0.000000,0.000000,0.000000,0.000000,8.000000,-121.220000
1777586655.189910,0,5.000000,0.000000,5.000000,0.000000,0.000000,0.000000,0.000000,0.000000,8.000000,-121.200000
1777586655.214011,0,5.000000,0.000000,5.000000,0.000000,0.000000,0.000000,0.000000,0.000000,8.000000,-121.190000
1777586655.214875,0,5.000000,0.000000,5.000000,0.000000,0.000000,0.000000,0.000000,0.000000,8.000000,-121.190000
1777586655.215408,0,5.000000,0.000000,5.000000,0.000000,0.000000,0.000000,0.000000,0.000000,8.000000,-121.180000
1777586655.238625,0,5.000000,0.000000,5.000000,0.000000,0.000000,0.000000,0.000000,0.000000,8.000000,-121.160000
1777586655.239230,0,5.000000,0.000000,5.000000,0.000000,0.000000,0.000000,0.000000,0.000000,8.000000,-121.160000
1777586655.240211,0,5.000000,0.000000,5.000000,0.000000,0.000000,0.000000,0.000000,0.000000,8.000000,-121.150000
1777586655.263635,0,5.000000,0.000000,5.000000,0.000000,0.000000,0.000000,0.000000,0.000000,8.000000,-121.130000
1777586655.286258,0,5.000000,0.000000,5.000000,0.000000,0.000000,0.000000,0.000000,0.000000,8.000000,-121.120000
1777586655.286724,0,5.000000,0.000000,5.000000,0.000000,0.000000,0.000000,0.000000,0.000000,8.000000,-121.110000
1777586655.287094,0,5.000000,0.000000,5.000000,0.000000,0.000000,0.000000,0.000000,0.000000,8.000000,-121.090000
1777586655.309726,0,5.000000,0.000000,5.000000,0.000000,0.000000,0.000000,0.000000,0.000000,8.000000,-121.080000
1777586655.310439,0,5.000000,0.000000,5.000000,0.000000,0.000000,0.000000,0.000000,0.000000,8.000000,-121.080000
1777586655.334686,0,5.000000,0.000000,5.000000,0.000000,0.000000,0.000000,0.000000,0.000000,8.000000,-121.060000
1777586655.335482,0,5.000000,0.000000,5.000000,0.000000,0.000000,0.000000,0.000000,0.000000,8.000000,-121.050000
1777586655.358101,0,5.000000,0.000000,5.000000,0.000000,0.000000,0.000000,0.000000,0.000000,8.000000,-121.050000
1777586655.358701,0,5.000000,0.000000,5.000000,0.000000,0.000000,0.000000,0.000000,0.000000,8.000000,-121.040000
1777586655.359849,0,5.000000,0.000000,5.000000,0.000000,0.000000,0.000000,0.000000,0.000000,8.000000,-121.020000
1777586655.383042,0,5.000000,0.000000,5.000000,0.000000,0.000000,0.000000,0.000000,0.000000,8.000000,-121.010000
1777586655.383546,0,5.000000,0.000000,5.000000,0.000000,0.000000,0.000000,0.000000,0.000000,8.000000,-121.010000
1777586655.384020,0,5.000000,0.000000,5.000000,0.000000,0.000000,0.000000,0.000000,0.000000,8.000000,-121.000000
1777586655.406893,0,5.000000,0.000000,5.000000,0.000000,0.000000,0.000000,0.000000,0.000000,8.000000,-120.980000
1777586655.407360,0,5.000000,0.000000,5.000000,0.000000,0.000000,0.000000,0.000000,0.000000,8.000000,-120.980000
1777586655.429174,0,5.000000,0.000000,5.000000,0.000000,0.000000,0.000000,0.000000,0.000000,8.000000,-120.970000
1777586655.429770,0,5.000000,0.000000,5.000000,0.000000,0.000000,0.000000,0.000000,0.000000,8.000000,-120.950000
1777586655.448098,0,5.000000,0.000000,5.000000,0.000000,0.000000,0.000000,0.000000,0.000000,8.000000,-120.950000
1777586655.449054,0,5.000000,0.000000,5.000000,0.000000,0.000000,0.000000,0.000000,0.000000,8.000000,-120.940000
1777586655.471216,0,5.000000,0.000000,5.000000,0.000000,0.000000,0.000000,0.000000,0.000000,8.000000,-120.930000
1777586655.471696,0,5.000000,0.000000,5.000000,0.000000,0.000000,0.000000,0.000000,0.000000,8.000000,-120.910000
1777586655.472181,0,5.000000,0.000000,5.000000,0.000000,0.000000,0.000000,0.000000,0.000000,8.000000,-120.910000
1777586655.490105,0,5.000000,0.000000,5.000000,0.000000,0.000000,0.000000,0.000000,0.000000,8.000000,-120.900000
1777586655.508289,0,5.000000,0.000000,5.000000,0.000000,0.000000,0.000000,0.000000,0.000000,8.000000,-120.900000
1777586655.508775,0,5.000000,0.000000,5.000000,0.000000,0.000000,0.000000,0.000000,0.000000,8.000000,-120.870000
1777586655.526051,0,5.000000,0.000000,5.000000,0.000000,0.000000,0.000000,0.000000,0.000000,8.000000,-120.870000
1777586655.526522,0,5.000000,0.000000,5.000000,0.000000,0.000000,0.000000,0.000000,0.000000,8.000000,-120.860000
1777586655.527068,0,5.000000,0.000000,5.000000,0.000000,0.000000,0.000000,0.000000,0.000000,8.000000,-120.840000
1777586655.548331,0,5.000000,0.000000,5.000000,0.000000,0.000000,0.000000,0.000000,0.000000,8.000000,-120.830000
1777586655.571098,0,5.000000,0.000000,5.000000,0.000000,0.000000,0.000000,0.000000,0.000000,8.000000,-120.830000
1777586655.571714,0,5.000000,0.000000,5.000000,0.000000,0.000000,0.000000,0.000000,0.000000,8.000000,-120.830000
1777586655.595080,0,5.000000,0.000000,5.000000,0.000000,0.000000,0.000000,0.000000,0.000000,8.000000,-120.800000
1777586655.595702,0,5.000000,0.000000,5.000000,0.000000,0.000000,0.000000,0.000000,0.000000,8.000000,-120.800000
1777586655.596119,0,5.000000,0.000000,5.000000,0.000000,0.000000,0.000000,0.000000,0.000000,8.000000,-120.800000
1777586655.618561,0,5.000000,0.000000,5.000000,0.000000,0.000000,0.000000,0.000000,0.000000,8.000000,-120.790000
1777586655.619190,0,5.000000,0.000000,5.000000,0.000000,0.000000,0.000000,0.000000,0.000000,8.000000,-120.770000
1777586655.643080,0,5.000000,0.000000,5.000000,0.000000,0.000000,0.000000,0.000000,0.000000,8.000000,-120.760000
1777586655.643524,0,5.000000,0.000000,5.000000,0.000000,0.000000,0.000000,0.000000,0.000000,8.000000,-120.760000
1777586655.667444,0,5.000000,0.000000,5.000000,0.000000,0.000000,0.000000,0.000000,0.000000,8.000000,-120.750000
1777586655.668540,0,5.000000,0.000000,5.000000,0.000000,0.000000,0.000000,0.000000,0.000000,8.000000,-120.730000
1777586655.669320,0,5.000000,0.000000,5.000000,0.000000,0.000000,0.000000,0.000000,0.000000,8.000000,-120.730000
1777586655.687517,0,5.000000,0.000000,5.000000,0.000000,0.000000,0.000000,0.000000,0.000000,8.000000,-120.720000
1777586655.687993,0,5.000000,0.000000,5.000000,0.000000,0.000000,0.000000,0.000000,0.000000,8.000000,-120.700000
1777586655.688377,0,5.000000,0.000000,5.000000,0.000000,0.000000,0.000000,0.000000,0.000000,8.000000,-120.690000
1777586655.709205,0,5.000000,0.000000,5.000000,0.000000,0.000000,0.000000,0.000000,0.000000,8.000000,-120.690000
1777586655.709785,0,5.000000,0.000000,5.000000,0.000000,0.000000,0.000000,0.000000,0.000000,8.000000,-120.680000
1777586655.728795,0,5.000000,0.000000,5.000000,0.000000,0.000000,0.000000,0.000000,0.000000,8.000000,-120.660000
1777586655.729269,0,5.000000,0.000000,5.000000,0.000000,0.000000,0.000000,0.000000,0.000000,8.000000,-120.660000
1777586655.751250,0,5.000000,0.000000,5.000000,0.000000,0.000000,0.000000,0.000000,0.000000,8.000000,-120.650000
1777586655.771393,0,5.000000,0.000000,5.000000,0.000000,0.000000,0.000000,0.000000,0.000000,8.000000,-120.630000
1777586655.772324,0,5.000000,0.000000,5.000000,0.000000,0.000000,0.000000,0.000000,0.000000,8.000000,-120.620000
1777586655.772760,0,5.000000,0.000000,5.000000,0.000000,0.000000,0.000000,0.000000,0.000000,8.000000,-120.620000
1777586655.795968,0,5.000000,0.000000,5.000000,0.000000,0.000000,0.000000,0.000000,0.000000,8.000000,-120.610000
1777586655.796558,0,5.000000,0.000000,5.000000,0.000000,0.000000,0.000000,0.000000,0.000000,8.000000,-120.590000
1777586655.820301,0,5.000000,0.000000,5.000000,0.000000,0.000000,0.000000,0.000000,0.000000,8.000000,-120.580000
1777586655.820835,0,5.000000,0.000000,5.000000,0.000000,0.000000,0.000000,0.000000,0.000000,8.000000,-120.580000
1777586655.821184,0,5.000000,0.000000,5.000000,0.000000,0.000000,0.000000,0.000000,0.000000,8.000000,-120.560000
1777586655.841988,0,5.000000,0.000000,5.000000,0.000000,0.000000,0.000000,0.000000,0.000000,8.000000,-120.550000
1777586655.864133,0,5.000000,0.000000,5.000000,0.000000,0.000000,0.000000,0.000000,0.000000,8.000000,-120.550000
1777586655.864631,0,5.000000,0.000000,5.000000,0.000000,0.000000,0.000000,0.000000,0.000000,8.000000,-120.540000
1777586655.865173,0,5.000000,0.000000,5.000000,0.000000,0.000000,0.000000,0.000000,0.000000,8.000000,-120.520000
1777586655.892156,0,5.000000,0.000000,5.000000,0.000000,0.000000,0.000000,0.000000,0.000000,8.000000,-120.510000
1777586655.892818,0,5.000000,0.000000,5.000000,0.000000,0.000000,0.000000,0.000000,0.000000,8.000000,-120.510000
1777586655.893323,0,5.000000,0.000000,5.000000,0.000000,0.000000,0.000000,0.000000,0.000000,8.000000,-120.500000
1777586655.911218,0,5.000000,0.000000,5.000000,0.000000,0.000000,0.000000,0.000000,0.000000,8.000000,-120.480000
1777586655.911780,0,5.000000,0.000000,5.000000,0.000000,0.000000,0.000000,0.000000,0.000000,8.000000,-120.480000
1777586655.929848,0,5.000000,0.000000,5.000000,0.000000,0.000000,0.000000,0.000000,0.000000,8.000000,-120.470000
1777586655.930319,0,5.000000,0.000000,5.000000,0.000000,0.000000,0.000000,0.000000,0.000000,8.000000,-120.450000
1777586655.949635,0,5.000000,0.000000,5.000000,0.000000,0.000000,0.000000,0.000000,0.000000,8.000000,-120.440000
1777586655.950266,0,5.000000,0.000000,5.000000,0.000000,0.000000,0.000000,0.000000,0.000000,8.000000,-120.440000
1777586655.970247,0,5.000000,0.000000,5.000000,0.000000,0.000000,0.000000,0.000000,0.000000,8.000000,-120.430000
1777586655.971395,0,5.000000,0.000000,5.000000,0.000000,0.000000,0.000000,0.000000,0.000000,8.000000,-120.410000
1777586655.994118,0,5.000000,0.000000,5.000000,0.000000,0.000000,0.000000,0.000000,0.000000,8.000000,-120.410000
1777586655.994564,0,5.000000,0.000000,5.000000,0.000000,0.000000,0.000000,0.000000,0.000000,8.000000,-120.400000
1777586655.995272,0,5.000000,0.000000,5.000000,0.000000,0.000000,0.000000,0.000000,0.000000,8.000000,-120.380000
1777586656.013644,0,5.000000,0.000000,5.000000,0.000000,0.000000,0.000000,0.000000,0.000000,8.000000,-120.370000
1777586656.034286,0,5.000000,0.000000,5.000000,0.000000,0.000000,0.000000,0.000000,0.000000,8.000000,-120.370000
1777586656.034733,0,5.000000,0.000000,5.000000,0.000000,0.000000,0.000000,0.000000,0.000000,8.000000,-120.360000
1777586656.053985,0,5.000000,0.000000,5.000000,0.000000,0.000000,0.000000,0.000000,0.000000,8.000000,-120.340000
1777586656.054431,0,5.000000,0.000000,5.000000,0.000000,0.000000,0.000000,0.000000,0.000000,8.000000,-120.330000
1777586656.073316,0,5.000000,0.000000,5.000000,0.000000,0.000000,0.000000,0.000000,0.000000,8.000000,-120.330000
1777586656.073801,0,5.000000,0.000000,5.000000,0.000000,0.000000,0.000000,0.000000,0.000000,8.000000,-120.310000
1777586656.092995,0,5.000000,0.000000,5.000000,0.000000,0.000000,0.000000,0.000000,0.000000,8.000000,-120.300000
1777586656.093437,0,5.000000,0.000000,5.000000,0.000000,0.000000,0.000000,0.000000,0.000000,8.000000,-120.300000
1777586656.093909,0,5.000000,0.000000,5.000000,0.000000,0.000000,0.000000,0.000000,0.000000,8.000000,-120.290000
1777586656.113774,0,5.000000,0.000000,5.000000,0.000000,0.000000,0.000000,0.000000,0.000000,8.000000,-120.270000
1777586656.133755,0,5.000000,0.000000,5.000000,0.000000,0.000000,0.000000,0.000000,0.000000,8.000000,-120.260000
1777586656.134223,0,5.000000,0.000000,5.000000,0.000000,0.000000,0.000000,0.000000,0.000000,8.000000,-120.260000
1777586656.152436,0,5.000000,0.000000,5.000000,0.000000,0.000000,0.000000,0.000000,0.000000,8.000000,-120.250000
1777586656.152921,0,5.000000,0.000000,5.000000,0.000000,0.000000,0.000000,0.000000,0.000000,8.000000,-120.230000
1777586656.175035,0,5.000000,0.000000,5.000000,0.000000,0.000000,0.000000,0.000000,0.000000,8.000000,-120.230000
1777586656.175582,0,5.000000,0.000000,5.000000,0.000000,0.000000,0.000000,0.000000,0.000000,8.000000,-120.220000
1777586656.176190,0,5.000000,0.000000,5.000000,0.000000,0.000000,0.000000,0.000000,0.000000,8.000000,-120.200000
1777586656.198779,0,5.000000,0.000000,5.000000,0.000000,0.000000,0.000000,0.000000,0.000000,8.000000,-120.190000
1777586656.199433,0,5.000000,0.000000,5.000000,0.000000,0.000000,0.000000,0.000000,0.000000,8.000000,-120.190000
1777586656.225034,0,5.000000,0.000000,5.000000,0.000000,0.000000,0.000000,0.000000,0.000000,8.000000,-120.180000
1777586656.225573,0,5.000000,0.000000,5.000000,0.000000,0.000000,0.000000,0.000000,0.000000,8.000000,-120.160000
1777586656.246899,0,5.000000,0.000000,5.000000,0.000000,0.000000,0.000000,0.000000,0.000000,8.000000,-120.160000
1777586656.247768,0,5.000000,0.000000,5.000000,0.000000,0.000000,0.000000,0.000000,0.000000,8.000000,-120.150000
1777586656.269560,0,5.000000,0.000000,5.000000,0.000000,0.000000,0.000000,0.000000,0.000000,8.000000,-120.130000
1777586656.270035,0,5.000000,0.000000,5.000000,0.000000,0.000000,0.000000,0.000000,0.000000,8.000000,-120.120000
1777586656.270426,0,5.000000,0.000000,5.000000,0.000000,0.000000,0.000000,0.000000,0.000000,8.000000,-120.120000
1777586656.288321,0,5.000000,0.000000,5.000000,0.000000,0.000000,0.000000,0.000000,0.000000,8.000000,-120.110000
1777586656.288797,0,5.000000,0.000000,5.000000,0.000000,0.000000,0.000000,0.000000,0.000000,8.000000,-120.090000
1777586656.305146,0,5.000000,0.000000,5.000000,0.000000,0.000000,0.000000,0.000000,0.000000,8.000000,-120.080000
1777586656.305627,0,5.000000,0.000000,5.000000,0.000000,0.000000,0.000000,0.000000,0.000000,8.000000,-120.080000
1777586656.324125,0,5.000000,0.000000,5.000000,0.000000,0.000000,0.000000,0.000000,0.000000,8.000000,-120.060000
1777586656.324593,0,5.000000,0.000000,5.000000,0.000000,0.000000,0.000000,0.000000,0.000000,8.000000,-120.050000
1777586656.346007,0,5.000000,0.000000,5.000000,0.000000,0.000000,0.000000,0.000000,0.000000,8.000000,-120.050000
1777586656.367530,0,5.000000,0.000000,5.000000,0.000000,0.000000,0.000000,0.000000,0.000000,8.000000,-120.040000
1777586656.368014,0,5.000000,0.000000,5.000000,0.000000,0.000000,0.000000,0.000000,0.000000,8.000000,-120.020000
1777586656.368382,0,5.000000,0.000000,5.000000,0.000000,0.000000,0.000000,0.000000,0.000000,8.000000,-120.010000
1777586656.388883,0,5.000000,0.000000,5.000000,0.000000,0.000000,0.000000,0.000000,0.000000,8.000000,-120.010000
1777586656.389341,0,5.000000,0.000000,5.000000,0.000000,0.000000,0.000000,0.000000,0.000000,8.000000,-120.000000
1777586656.410163,0,5.000000,0.000000,5.000000,0.000000,0.000000,0.000000,0.000000,0.000000,8.000000,-119.980000
1777586656.410637,0,5.000000,0.000000,5.000000,0.000000,0.000000,0.000000,0.000000,0.000000,8.000000,-119.980000
1777586656.429786,0,5.000000,0.000000,5.000000,0.000000,0.000000,0.000000,0.000000,0.000000,8.000000,-119.970000
1777586656.430267,0,5.000000,0.000000,5.000000,0.000000,0.000000,0.000000,0.000000,0.000000,8.000000,-119.950000
1777586656.430638,0,5.000000,0.000000,5.000000,0.000000,0.000000,0.000000,0.000000,0.000000,8.000000,-119.940000
1777586656.448087,0,5.000000,0.000000,5.000000,0.000000,0.000000,0.000000,0.000000,0.000000,8.000000,-119.940000
1777586656.449152,0,5.000000,0.000000,5.000000,0.000000,0.000000,0.000000,0.000000,0.000000,8.000000,-119.930000
1777586656.466364,0,5.000000,0.000000,5.000000,0.000000,0.000000,0.000000,0.000000,0.000000,8.000000,-119.910000
1777586656.483152,0,5.000000,0.000000,5.000000,0.000000,0.000000,0.000000,0.000000,0.000000,8.000000,-119.910000
1777586656.483627,0,5.000000,0.000000,5.000000,0.000000,0.000000,0.000000,0.000000,0.000000,8.000000,-119.900000
1777586656.499898,0,5.000000,0.000000,5.000000,0.000000,0.000000,0.000000,0.000000,0.000000,8.000000,-119.880000
1777586656.500534,0,5.000000,0.000000,5.000000,0.000000,0.000000,0.000000,0.000000,0.000000,8.000000,-119.870000
1777586656.516489,0,5.000000,0.000000,5.000000,0.000000,0.000000,0.000000,0.000000,0.000000,8.000000,-119.870000
1777586656.533163,0,5.000000,0.000000,5.000000,0.000000,0.000000,0.000000,0.000000,0.000000,8.000000,-119.860000
1777586656.533607,0,5.000000,0.000000,5.000000,0.000000,0.000000,0.000000,0.000000,0.000000,8.000000,-119.840000
1777586656.550256,0,5.000000,0.000000,5.000000,0.000000,0.000000,0.000000,0.000000,0.000000,8.000000,-119.830000
1777586656.567309,0,5.000000,0.000000,5.000000,0.000000,0.000000,0.000000,0.000000,0.000000,8.000000,-119.830000
1777586656.567849,0,5.000000,0.000000,5.000000,0.000000,0.000000,0.000000,0.000000,0.000000,8.000000,-119.810000
1777586656.568414,0,5.000000,0.000000,5.000000,0.000000,0.000000,0.000000,0.000000,0.000000,8.000000,-119.800000
1777586656.587046,0,5.000000,0.000000,5.000000,0.000000,0.000000,0.000000,0.000000,0.000000,8.000000,-119.800000
1777586656.605353,0,5.000000,0.000000,5.000000,0.000000,0.000000,0.000000,0.000000,0.000000,8.000000,-119.790000
1777586656.605817,0,5.000000,0.000000,5.000000,0.000000,0.000000,0.000000,0.000000,0.000000,8.000000,-119.770000
1777586656.623979,0,5.000000,0.000000,5.000000,0.000000,0.000000,0.000000,0.000000,0.000000,8.000000,-119.760000
1777586656.624441,0,5.000000,0.000000,5.000000,0.000000,0.000000,0.000000,0.000000,0.000000,8.000000,-119.760000
1777586656.644522,0,5.000000,0.000000,5.000000,0.000000,0.000000,0.000000,0.000000,0.000000,8.000000,-119.750000
1777586656.665179,0,5.000000,0.000000,5.000000,0.000000,0.000000,0.000000,0.000000,0.000000,8.000000,-119.730000
1777586656.665708,0,5.000000,0.000000,5.000000,0.000000,0.000000,0.000000,0.000000,0.000000,8.000000,-119.730000
1777586656.666076,0,5.000000,0.000000,5.000000,0.000000,0.000000,0.000000,0.000000,0.000000,8.000000,-119.720000
1777586656.692534,0,5.000000,0.000000,5.000000,0.000000,0.000000,0.000000,0.000000,0.000000,8.000000,-119.700000
1777586656.693222,0,5.000000,0.000000,5.000000,0.000000,0.000000,0.000000,0.000000,0.000000,8.000000,-119.690000
1777586656.718379,0,5.000000,0.000000,5.000000,0.000000,0.000000,0.000000,0.000000,0.000000,8.000000,-119.690000
1777586656.718861,0,5.000000,0.000000,5.000000,0.000000,0.000000,0.000000,0.000000,0.000000,8.000000,-119.680000
1777586656.720018,0,5.000000,0.000000,5.000000,0.000000,0.000000,0.000000,0.000000,0.000000,8.000000,-119.660000
1777586656.746389,0,5.000000,0.000000,5.000000,0.000000,0.000000,0.000000,0.000000,0.000000,8.000000,-119.660000
1777586656.747789,0,5.000000,0.000000,5.000000,0.000000,0.000000,0.000000,0.000000,0.000000,8.000000,-119.650000
1777586656.748595,0,5.000000,0.000000,5.000000,0.000000,0.000000,0.000000,0.000000,0.000000,8.000000,-119.630000
1777586656.769911,0,5.000000,0.000000,5.000000,0.000000,0.000000,0.000000,0.000000,0.000000,8.000000,-119.620000
1777586656.770390,0,5.000000,0.000000,5.000000,0.000000,0.000000,0.000000,0.000000,0.000000,8.000000,-119.620000
1777586656.792267,0,5.000000,0.000000,5.000000,0.000000,0.000000,0.000000,0.000000,0.000000,8.000000,-119.610000
1777586656.792930,0,5.000000,0.000000,5.000000,0.000000,0.000000,0.000000,0.000000,0.000000,8.000000,-119.590000
1777586656.811988,0,5.000000,0.000000,5.000000,0.000000,0.000000,0.000000,0.000000,0.000000,8.000000,-119.580000
1777586656.812467,0,5.000000,0.000000,5.000000,0.000000,0.000000,0.000000,0.000000,0.000000,8.000000,-119.580000
1777586656.812817,0,0.000000,0.000000,5.000000,0.000000,0.000000,0.000000,0.000000,0.000000,8.000000,-119.560000
1777586656.834740,0,0.000000,0.000000,5.000000,0.000000,0.000000,0.000000,0.000000,0.000000,8.000000,-119.550000
1777586656.835288,0,0.000000,0.000000,0.000000,0.000000,0.000000,0.000000,0.000000,0.000000,8.000000,-119.550000
1777586656.856434,0,0.000000,0.000000,0.000000,0.000000,0.000000,0.000000,0.000000,0.000000,8.000000,-119.540000
1777586656.856983,0,0.000000,0.000000,0.000000,0.000000,0.000000,0.000000,0.000000,0.000000,8.000000,-119.520000
1777586656.857934,0,0.000000,0.000000,0.000000,0.000000,0.000000,0.000000,0.000000,0.000000,8.000000,-119.520000
1777586656.879425,0,0.000000,0.000000,0.000000,0.000000,0.000000,0.000000,0.000000,0.000000,8.000000,-119.510000
1777586656.880202,0,0.000000,0.000000,0.000000,0.000000,0.000000,0.000000,0.000000,0.000000,8.000000,-119.510000
1777586656.901342,0,0.000000,0.000000,0.000000,0.000000,0.000000,0.000000,0.000000,0.000000,8.000000,-119.500000
1777586656.902551,0,0.000000,0.000000,0.000000,0.000000,0.000000,0.000000,0.000000,0.000000,8.000000,-119.480000
1777586656.919452,0,0.000000,0.000000,0.000000,0.000000,0.000000,0.000000,0.000000,0.000000,8.000000,-119.480000
1777586656.920042,0,0.000000,0.000000,0.000000,0.000000,0.000000,0.000000,0.000000,0.000000,8.000000,-119.470000
1777586656.936554,0,0.000000,0.000000,0.000000,0.000000,0.000000,0.000000,0.000000,0.000000,8.000000,-119.450000
1777586656.937102,0,0.000000,0.000000,0.000000,0.000000,0.000000,0.000000,0.000000,0.000000,8.000000,-119.440000
1777586656.954186,0,0.000000,0.000000,0.000000,0.000000,0.000000,0.000000,0.000000,0.000000,8.000000,-119.440000
1777586656.970301,0,0.000000,0.000000,0.000000,0.000000,0.000000,0.000000,0.000000,0.000000,8.000000,-119.430000
1777586656.970760,0,0.000000,0.000000,0.000000,0.000000,0.000000,0.000000,0.000000,0.000000,8.000000,-119.410000
1777586656.971154,0,0.000000,0.000000,0.000000,0.000000,0.000000,0.000000,0.000000,0.000000,8.000000,-119.410000
1777586656.989858,0,0.000000,0.000000,0.000000,0.000000,0.000000,0.000000,0.000000,0.000000,8.000000,-119.400000
1777586657.010051,0,0.000000,0.000000,0.000000,0.000000,0.000000,0.000000,0.000000,0.000000,8.000000,-119.380000
1777586657.031424,0,0.000000,0.000000,0.000000,0.000000,0.000000,0.000000,0.000000,0.000000,8.000000,-119.370000
1777586657.032358,0,0.000000,0.000000,0.000000,0.000000,0.000000,0.000000,0.000000,0.000000,8.000000,-119.370000
1777586657.033078,0,0.000000,0.000000,0.000000,0.000000,0.000000,0.000000,0.000000,0.000000,8.000000,-119.360000
1777586657.055249,0,0.000000,0.000000,0.000000,0.000000,0.000000,0.000000,0.000000,0.000000,8.000000,-119.340000
1777586657.055719,0,0.000000,0.000000,0.000000,0.000000,0.000000,0.000000,0.000000,0.000000,8.000000,-119.330000
1777586657.077832,0,0.000000,0.000000,0.000000,0.000000,0.000000,0.000000,0.000000,0.000000,8.000000,-119.330000
1777586657.078528,0,0.000000,0.000000,0.000000,0.000000,0.000000,0.000000,0.000000,0.000000,8.000000,-119.310000
1777586657.078904,0,0.000000,0.000000,0.000000,0.000000,0.000000,0.000000,0.000000,0.000000,8.000000,-119.300000
1777586657.096624,0,0.000000,0.000000,0.000000,0.000000,0.000000,0.000000,0.000000,0.000000,8.000000,-119.300000
1777586657.113413,0,0.000000,0.000000,0.000000,0.000000,0.000000,0.000000,0.000000,0.000000,8.000000,-119.290000
1777586657.113930,0,0.000000,0.000000,0.000000,0.000000,0.000000,0.000000,0.000000,0.000000,8.000000,-119.270000
1777586657.130537,0,0.000000,0.000000,0.000000,0.000000,0.000000,0.000000,0.000000,0.000000,8.000000,-119.260000
1777586657.131159,0,0.000000,0.000000,0.000000,0.000000,0.000000,0.000000,0.000000,0.000000,8.000000,-119.260000
1777586657.131726,0,0.000000,0.000000,0.000000,0.000000,0.000000,0.000000,0.000000,0.000000,8.000000,-119.250000
1777586657.147909,0,0.000000,0.000000,0.000000,0.000000,0.000000,0.000000,0.000000,0.000000,8.000000,-119.230000
1777586657.168783,0,0.000000,0.000000,0.000000,0.000000,0.000000,0.000000,0.000000,0.000000,8.000000,-119.230000
1777586657.193185,0,0.000000,0.000000,0.000000,0.000000,0.000000,0.000000,0.000000,0.000000,8.000000,-119.220000
1777586657.193612,0,0.000000,0.000000,0.000000,0.000000,0.000000,0.000000,0.000000,0.000000,8.000000,-119.200000
1777586657.193954,0,0.000000,0.000000,0.000000,0.000000,0.000000,0.000000,0.000000,0.000000,8.000000,-119.190000
1777586657.218281,0,0.000000,0.000000,0.000000,0.000000,0.000000,0.000000,0.000000,0.000000,8.000000,-119.190000
1777586657.218762,0,0.000000,0.000000,0.000000,0.000000,0.000000,0.000000,0.000000,0.000000,8.000000,-119.180000
1777586657.242216,0,0.000000,0.000000,0.000000,0.000000,0.000000,0.000000,0.000000,0.000000,8.000000,-119.160000
1777586657.243075,0,0.000000,0.000000,0.000000,0.000000,0.000000,0.000000,0.000000,0.000000,8.000000,-119.160000
1777586657.243424,0,0.000000,0.000000,0.000000,0.000000,0.000000,0.000000,0.000000,0.000000,8.000000,-119.150000
1777586657.266547,0,0.000000,0.000000,0.000000,0.000000,0.000000,0.000000,0.000000,0.000000,8.000000,-119.130000
1777586657.267309,0,0.000000,0.000000,0.000000,0.000000,0.000000,0.000000,0.000000,0.000000,8.000000,-119.120000
1777586657.286096,0,0.000000,0.000000,0.000000,0.000000,0.000000,0.000000,0.000000,0.000000,8.000000,-119.120000
1777586657.286576,0,0.000000,0.000000,0.000000,0.000000,0.000000,0.000000,0.000000,0.000000,8.000000,-119.110000
1777586657.287354,0,0.000000,0.000000,0.000000,0.000000,0.000000,0.000000,0.000000,0.000000,8.000000,-119.090000
1777586657.304253,0,0.000000,0.000000,0.000000,0.000000,0.000000,0.000000,0.000000,0.000000,8.000000,-119.080000
1777586657.304733,0,0.000000,0.000000,0.000000,0.000000,0.000000,0.000000,0.000000,0.000000,8.000000,-119.080000
1777586657.323653,0,0.000000,0.000000,0.000000,0.000000,0.000000,0.000000,0.000000,0.000000,8.000000,-119.060000
1777586657.324405,0,0.000000,0.000000,0.000000,0.000000,0.000000,0.000000,0.000000,0.000000,8.000000,-119.050000
1777586657.342112,0,0.000000,0.000000,0.000000,0.000000,0.000000,0.000000,0.000000,0.000000,8.000000,-119.050000
1777586657.342700,0,0.000000,0.000000,0.000000,0.000000,0.000000,0.000000,0.000000,0.000000,8.000000,-119.040000
1777586657.360042,0,0.000000,0.000000,0.000000,0.000000,0.000000,0.000000,0.000000,0.000000,8.000000,-119.020000
1777586657.377918,0,0.000000,0.000000,0.000000,0.000000,0.000000,0.000000,0.000000,0.000000,8.000000,-119.010000
1777586657.378798,0,0.000000,0.000000,0.000000,0.000000,0.000000,0.000000,0.000000,0.000000,8.000000,-119.010000
1777586657.379221,0,0.000000,0.000000,0.000000,0.000000,0.000000,0.000000,0.000000,0.000000,8.000000,-119.000000
1777586657.396508,0,0.000000,0.000000,0.000000,0.000000,0.000000,0.000000,0.000000,0.000000,8.000000,-118.980000
1777586657.413169,0,0.000000,0.000000,0.000000,0.000000,0.000000,0.000000,0.000000,0.000000,8.000000,-118.980000
1777586657.413643,0,0.000000,0.000000,0.000000,0.000000,0.000000,0.000000,0.000000,0.000000,8.000000,-118.970000
1777586657.430797,0,0.000000,0.000000,0.000000,0.000000,0.000000,0.000000,0.000000,0.000000,8.000000,-118.950000
1777586657.431760,0,0.000000,0.000000,0.000000,0.000000,0.000000,0.000000,0.000000,0.000000,8.000000,-118.940000
1777586657.432482,0,0.000000,0.000000,0.000000,0.000000,0.000000,0.000000,0.000000,0.000000,8.000000,-118.940000
1777586657.454935,0,0.000000,0.000000,0.000000,0.000000,0.000000,0.000000,0.000000,0.000000,8.000000,-118.930000
1777586657.474630,0,0.000000,0.000000,0.000000,0.000000,0.000000,0.000000,0.000000,0.000000,8.000000,-118.910000
1777586657.475096,0,0.000000,0.000000,0.000000,0.000000,0.000000,0.000000,0.000000,0.000000,8.000000,-118.910000
1777586657.494447,0,0.000000,0.000000,0.000000,0.000000,0.000000,0.000000,0.000000,0.000000,8.000000,-118.900000
1777586657.494905,0,0.000000,0.000000,0.000000,0.000000,0.000000,0.000000,0.000000,0.000000,8.000000,-118.880000
1777586657.514344,0,0.000000,0.000000,0.000000,0.000000,0.000000,0.000000,0.000000,0.000000,8.000000,-118.870000
1777586657.534325,0,0.000000,0.000000,0.000000,0.000000,0.000000,0.000000,0.000000,0.000000,8.000000,-118.870000
1777586657.535044,0,0.000000,0.000000,0.000000,0.000000,0.000000,0.000000,0.000000,0.000000,8.000000,-118.860000
1777586657.535543,0,0.000000,0.000000,0.000000,0.000000,0.000000,0.000000,0.000000,0.000000,8.000000,-118.840000
1777586657.554512,0,0.000000,0.000000,0.000000,0.000000,0.000000,0.000000,0.000000,0.000000,8.000000,-118.830000
1777586657.555048,0,0.000000,0.000000,0.000000,0.000000,0.000000,0.000000,0.000000,0.000000,8.000000,-118.830000
1777586657.555436,0,0.000000,0.000000,0.000000,0.000000,0.000000,0.000000,0.000000,0.000000,8.000000,-118.810000
1777586657.575378,0,0.000000,0.000000,0.000000,0.000000,0.000000,0.000000,0.000000,0.000000,8.000000,-118.800000
1777586657.594202,0,0.000000,0.000000,0.000000,0.000000,0.000000,0.000000,0.000000,0.000000,8.000000,-118.800000
1777586657.594645,0,0.000000,0.000000,0.000000,0.000000,0.000000,0.000000,0.000000,0.000000,8.000000,-118.790000
1777586657.613306,0,0.000000,0.000000,0.000000,0.000000,0.000000,0.000000,0.000000,0.000000,8.000000,-118.770000
1777586657.633600,0,0.000000,0.000000,0.000000,0.000000,0.000000,0.000000,0.000000,0.000000,8.000000,-118.760000
1777586657.634066,0,0.000000,0.000000,0.000000,0.000000,0.000000,0.000000,0.000000,0.000000,8.000000,-118.760000
1777586657.652718,0,0.000000,0.000000,0.000000,0.000000,0.000000,0.000000,0.000000,0.000000,8.000000,-118.750000
1777586657.653188,0,0.000000,0.000000,0.000000,0.000000,0.000000,0.000000,0.000000,0.000000,8.000000,-118.730000
1777586657.653558,0,0.000000,0.000000,0.000000,0.000000,0.000000,0.000000,0.000000,0.000000,8.000000,-118.730000
1777586657.673789,0,0.000000,0.000000,0.000000,0.000000,0.000000,0.000000,0.000000,0.000000,8.000000,-118.720000
1777586657.674248,0,0.000000,0.000000,0.000000,0.000000,0.000000,0.000000,0.000000,0.000000,8.000000,-118.700000
1777586657.696918,0,0.000000,0.000000,0.000000,0.000000,0.000000,0.000000,0.000000,0.000000,8.000000,-118.690000
1777586657.721088,0,0.000000,0.000000,0.000000,0.000000,0.000000,0.000000,0.000000,0.000000,8.000000,-118.690000
1777586657.721601,0,0.000000,0.000000,0.000000,0.000000,0.000000,0.000000,0.000000,0.000000,8.000000,-118.680000
1777586657.722027,0,0.000000,0.000000,0.000000,0.000000,0.000000,0.000000,0.000000,0.000000,8.000000,-118.660000
1777586657.746863,0,0.000000,0.000000,0.000000,0.000000,0.000000,0.000000,0.000000,0.000000,8.000000,-118.660000
1777586657.747430,0,0.000000,0.000000,0.000000,0.000000,0.000000,0.000000,0.000000,0.000000,8.000000,-118.650000
1777586657.748046,0,0.000000,0.000000,0.000000,0.000000,0.000000,0.000000,0.000000,0.000000,8.000000,-118.630000
1777586657.774776,0,0.000000,0.000000,0.000000,0.000000,0.000000,0.000000,0.000000,0.000000,8.000000,-118.620000
1777586657.795400,0,0.000000,0.000000,0.000000,0.000000,0.000000,0.000000,0.000000,0.000000,8.000000,-118.620000
1777586657.795917,0,0.000000,0.000000,0.000000,0.000000,0.000000,0.000000,0.000000,0.000000,8.000000,-118.610000
1777586657.796315,0,0.000000,0.000000,0.000000,0.000000,0.000000,0.000000,0.000000,0.000000,8.000000,-118.590000
1777586657.796708,0,0.000000,0.000000,0.000000,0.000000,0.000000,0.000000,0.000000,0.000000,8.000000,-118.580000
1777586657.817037,0,0.000000,0.000000,0.000000,0.000000,0.000000,0.000000,0.000000,0.000000,8.000000,-118.580000
1777586657.817597,0,0.000000,0.000000,0.000000,0.000000,0.000000,0.000000,0.000000,0.000000,8.000000,-118.560000
1777586657.834234,0,0.000000,0.000000,0.000000,0.000000,0.000000,0.000000,0.000000,0.000000,8.000000,-118.550000
1777586657.834778,0,0.000000,0.000000,0.000000,0.000000,0.000000,0.000000,0.000000,0.000000,8.000000,-118.550000
1777586657.835373,0,0.000000,0.000000,0.000000,0.000000,0.000000,0.000000,0.000000,0.000000,8.000000,-118.540000
1777586657.871818,0,0.000000,0.000000,0.000000,0.000000,0.000000,0.000000,0.000000,0.000000,8.000000,-118.520000
1777586657.872469,0,0.000000,0.000000,0.000000,0.000000,0.000000,0.000000,0.000000,0.000000,8.000000,-118.510000
1777586657.873029,0,0.000000,0.000000,0.000000,0.000000,0.000000,0.000000,0.000000,0.000000,8.000000,-118.510000
1777586657.873415,0,0.000000,0.000000,0.000000,0.000000,0.000000,0.000000,0.000000,0.000000,8.000000,-118.500000
1777586657.893137,0,0.000000,0.000000,0.000000,0.000000,0.000000,0.000000,0.000000,0.000000,8.000000,-118.480000
1777586657.914364,0,0.000000,0.000000,0.000000,0.000000,0.000000,0.000000,0.000000,0.000000,8.000000,-118.480000
1777586657.935143,0,0.000000,0.000000,0.000000,0.000000,0.000000,0.000000,0.000000,0.000000,8.000000,-118.470000
1777586657.935625,0,0.000000,0.000000,0.000000,0.000000,0.000000,0.000000,0.000000,0.000000,8.000000,-118.450000
1777586657.936213,0,0.000000,0.000000,0.000000,0.000000,0.000000,0.000000,0.000000,0.000000,8.000000,-118.440000
1777586657.952220,0,0.000000,0.000000,0.000000,0.000000,0.000000,0.000000,0.000000,0.000000,8.000000,-118.440000
1777586657.952693,0,0.000000,0.000000,0.000000,0.000000,0.000000,0.000000,0.000000,0.000000,8.000000,-118.430000
1777586657.974325,0,0.000000,0.000000,0.000000,0.000000,0.000000,0.000000,0.000000,0.000000,8.000000,-118.410000
1777586657.995115,0,0.000000,0.000000,0.000000,0.000000,0.000000,0.000000,0.000000,0.000000,8.000000,-118.410000
1777586657.995585,0,0.000000,0.000000,0.000000,0.000000,0.000000,0.000000,0.000000,0.000000,8.000000,-118.400000
1777586658.016029,0,0.000000,0.000000,0.000000,0.000000,0.000000,0.000000,0.000000,0.000000,8.000000,-118.380000
1777586658.016494,0,0.000000,0.000000,0.000000,0.000000,0.000000,0.000000,0.000000,0.000000,8.000000,-118.370000
1777586658.016897,0,0.000000,0.000000,0.000000,0.000000,0.000000,0.000000,0.000000,0.000000,8.000000,-118.370000
1777586658.039947,0,0.000000,0.000000,0.000000,0.000000,0.000000,0.000000,0.000000,0.000000,8.000000,-118.360000
1777586658.063290,0,0.000000,0.000000,0.000000,0.000000,0.000000,0.000000,0.000000,0.000000,8.000000,-118.340000
1777586658.064085,0,0.000000,0.000000,0.000000,0.000000,0.000000,0.000000,0.000000,0.000000,8.000000,-118.330000
1777586658.064501,0,0.000000,0.000000,0.000000,0.000000,0.000000,0.000000,0.000000,0.000000,8.000000,-118.330000
1777586658.084640,0,0.000000,0.000000,0.000000,0.000000,0.000000,0.000000,0.000000,0.000000,8.000000,-118.310000
1777586658.085122,0,0.000000,0.000000,0.000000,0.000000,0.000000,0.000000,0.000000,0.000000,8.000000,-118.300000
1777586658.102948,0,0.000000,0.000000,0.000000,0.000000,0.000000,0.000000,0.000000,0.000000,8.000000,-118.300000
1777586658.103486,0,0.000000,0.000000,0.000000,0.000000,0.000000,0.000000,0.000000,0.000000,8.000000,-118.290000
1777586658.103859,0,0.000000,0.000000,0.000000,0.000000,0.000000,0.000000,0.000000,0.000000,8.000000,-118.270000
1777586658.120637,0,0.000000,0.000000,0.000000,0.000000,0.000000,0.000000,0.000000,0.000000,8.000000,-118.260000
1777586658.121125,0,0.000000,0.000000,0.000000,0.000000,0.000000,0.000000,0.000000,0.000000,8.000000,-118.260000
1777586658.142043,0,0.000000,0.000000,0.000000,0.000000,0.000000,0.000000,0.000000,0.000000,8.000000,-118.250000
1777586658.163972,0,0.000000,0.000000,0.000000,0.000000,0.000000,0.000000,0.000000,0.000000,8.000000,-118.250000
1777586658.164633,0,0.000000,0.000000,0.000000,0.000000,0.000000,0.000000,0.000000,0.000000,8.000000,-118.230000
1777586658.165185,0,0.000000,0.000000,0.000000,0.000000,0.000000,0.000000,0.000000,0.000000,8.000000,-118.220000
1777586658.186121,0,0.000000,0.000000,0.000000,0.000000,0.000000,0.000000,0.000000,0.000000,8.000000,-118.200000
1777586658.186646,0,0.000000,0.000000,0.000000,0.000000,0.000000,0.000000,0.000000,0.000000,8.000000,-118.190000
1777586658.209550,0,0.000000,0.000000,0.000000,0.000000,0.000000,0.000000,0.000000,0.000000,8.000000,-118.190000
1777586658.210221,0,0.000000,0.000000,0.000000,0.000000,0.000000,0.000000,0.000000,0.000000,8.000000,-118.180000
1777586658.232023,0,0.000000,0.000000,0.000000,0.000000,0.000000,0.000000,0.000000,0.000000,8.000000,-118.160000
1777586658.232824,0,0.000000,0.000000,0.000000,0.000000,0.000000,0.000000,0.000000,0.000000,8.000000,-118.160000
1777586658.233386,0,0.000000,0.000000,0.000000,0.000000,0.000000,0.000000,0.000000,0.000000,8.000000,-118.150000
1777586658.249745,0,0.000000,0.000000,0.000000,0.000000,0.000000,0.000000,0.000000,0.000000,8.000000,-118.130000
1777586658.250221,0,0.000000,0.000000,0.000000,0.000000,0.000000,0.000000,0.000000,0.000000,8.000000,-118.120000
1777586658.267375,0,0.000000,0.000000,0.000000,0.000000,0.000000,0.000000,0.000000,0.000000,8.000000,-118.120000
1777586658.284713,0,0.000000,0.000000,0.000000,0.000000,0.000000,0.000000,0.000000,0.000000,8.000000,-118.110000
1777586658.285208,0,0.000000,0.000000,0.000000,0.000000,0.000000,0.000000,0.000000,0.000000,8.000000,-118.090000
1777586658.302722,0,0.000000,0.000000,0.000000,0.000000,0.000000,0.000000,0.000000,0.000000,8.000000,-118.080000
1777586658.320237,0,0.000000,0.000000,0.000000,0.000000,0.000000,0.000000,0.000000,0.000000,8.000000,-118.080000
1777586658.320787,0,0.000000,0.000000,0.000000,0.000000,0.000000,0.000000,0.000000,0.000000,8.000000,-118.060000
1777586658.338017,0,0.000000,0.000000,0.000000,0.000000,0.000000,0.000000,0.000000,0.000000,8.000000,-118.050000
1777586658.338494,0,0.000000,0.000000,0.000000,0.000000,0.000000,0.000000,0.000000,0.000000,8.000000,-118.050000
1777586658.339090,0,0.000000,0.000000,0.000000,0.000000,0.000000,0.000000,0.000000,0.000000,8.000000,-118.040000
1777586658.357133,0,0.000000,0.000000,0.000000,0.000000,0.000000,0.000000,0.000000,0.000000,8.000000,-118.020000
1777586658.374132,0,0.000000,0.000000,0.000000,0.000000,0.000000,0.000000,0.000000,0.000000,8.000000,-118.010000
1777586658.374768,0,0.000000,0.000000,0.000000,0.000000,0.000000,0.000000,0.000000,0.000000,8.000000,-118.010000
1777586658.391615,0,0.000000,0.000000,0.000000,0.000000,0.000000,0.000000,0.000000,0.000000,8.000000,-118.000000
1777586658.392184,0,0.000000,0.000000,0.000000,0.000000,0.000000,0.000000,0.000000,0.000000,8.000000,-117.980000
1777586658.409272,0,0.000000,0.000000,0.000000,0.000000,0.000000,0.000000,0.000000,0.000000,8.000000,-117.980000
1777586658.409746,0,0.000000,0.000000,0.000000,0.000000,0.000000,0.000000,0.000000,0.000000,8.000000,-117.980000
1777586658.429686,0,0.000000,0.000000,0.000000,0.000000,0.000000,0.000000,0.000000,0.000000,8.000000,-117.970000
1777586658.451877,0,0.000000,0.000000,0.000000,0.000000,0.000000,0.000000,0.000000,0.000000,8.000000,-117.950000
1777586658.452438,0,0.000000,0.000000,0.000000,0.000000,0.000000,0.000000,0.000000,0.000000,8.000000,-117.940000
1777586658.452818,0,0.000000,0.000000,0.000000,0.000000,0.000000,0.000000,0.000000,0.000000,8.000000,-117.940000
1777586658.474056,0,0.000000,0.000000,0.000000,0.000000,0.000000,0.000000,0.000000,0.000000,8.000000,-117.930000
1777586658.474553,0,0.000000,0.000000,0.000000,0.000000,0.000000,0.000000,0.000000,0.000000,8.000000,-117.910000
1777586658.497060,0,0.000000,0.000000,0.000000,0.000000,0.000000,0.000000,0.000000,0.000000,8.000000,-117.910000
1777586658.519092,0,0.000000,0.000000,0.000000,0.000000,0.000000,0.000000,0.000000,0.000000,8.000000,-117.900000
1777586658.519729,0,0.000000,0.000000,0.000000,0.000000,0.000000,0.000000,0.000000,0.000000,8.000000,-117.880000
1777586658.538563,0,0.000000,0.000000,0.000000,0.000000,0.000000,0.000000,0.000000,0.000000,8.000000,-117.870000
1777586658.539045,0,0.000000,0.000000,0.000000,0.000000,0.000000,0.000000,0.000000,0.000000,8.000000,-117.860000
1777586658.539523,0,0.000000,0.000000,0.000000,0.000000,0.000000,0.000000,0.000000,0.000000,8.000000,-117.840000
1777586658.556996,0,0.000000,0.000000,0.000000,0.000000,0.000000,0.000000,0.000000,0.000000,8.000000,-117.830000
1777586658.557472,0,0.000000,0.000000,0.000000,0.000000,0.000000,0.000000,0.000000,0.000000,8.000000,-117.830000
1777586658.575726,0,0.000000,0.000000,0.000000,0.000000,0.000000,0.000000,0.000000,0.000000,8.000000,-117.810000
1777586658.592733,0,0.000000,0.000000,0.000000,0.000000,0.000000,0.000000,0.000000,0.000000,8.000000,-117.800000
1777586658.593203,0,0.000000,0.000000,0.000000,0.000000,0.000000,0.000000,0.000000,0.000000,8.000000,-117.800000
1777586658.593794,0,0.000000,0.000000,0.000000,0.000000,0.000000,0.000000,0.000000,0.000000,8.000000,-117.790000
1777586658.610546,0,0.000000,0.000000,0.000000,0.000000,0.000000,0.000000,0.000000,0.000000,8.000000,-117.770000
1777586658.628008,0,0.000000,0.000000,0.000000,0.000000,0.000000,0.000000,0.000000,0.000000,8.000000,-117.760000
1777586658.628516,0,0.000000,0.000000,0.000000,0.000000,0.000000,0.000000,0.000000,0.000000,8.000000,-117.760000
1777586658.646433,0,0.000000,0.000000,0.000000,0.000000,0.000000,0.000000,0.000000,0.000000,8.000000,-117.750000
1777586658.646972,0,0.000000,0.000000,0.000000,0.000000,0.000000,0.000000,0.000000,0.000000,8.000000,-117.730000
1777586658.663615,0,0.000000,0.000000,0.000000,0.000000,0.000000,0.000000,0.000000,0.000000,8.000000,-117.730000
1777586658.664087,0,0.000000,0.000000,0.000000,0.000000,0.000000,0.000000,0.000000,0.000000,8.000000,-117.720000
1777586658.682063,0,0.000000,0.000000,0.000000,0.000000,0.000000,0.000000,0.000000,0.000000,8.000000,-117.700000
1777586658.699806,0,0.000000,0.000000,0.000000,0.000000,0.000000,0.000000,0.000000,0.000000,8.000000,-117.690000
1777586658.700305,0,0.000000,0.000000,0.000000,0.000000,0.000000,0.000000,0.000000,0.000000,8.000000,-117.690000
1777586658.700824,0,0.000000,0.000000,0.000000,0.000000,0.000000,0.000000,0.000000,0.000000,8.000000,-117.680000
1777586658.717779,0,0.000000,0.000000,0.000000,0.000000,0.000000,0.000000,0.000000,0.000000,8.000000,-117.660000
1777586658.734702,0,0.000000,0.000000,0.000000,0.000000,0.000000,0.000000,0.000000,0.000000,8.000000,-117.660000
1777586658.735360,0,0.000000,0.000000,0.000000,0.000000,0.000000,0.000000,0.000000,0.000000,8.000000,-117.650000
1777586658.736069,0,0.000000,0.000000,0.000000,0.000000,0.000000,0.000000,0.000000,0.000000,8.000000,-117.630000
1777586658.753561,0,0.000000,0.000000,0.000000,0.000000,0.000000,0.000000,0.000000,0.000000,8.000000,-117.620000
1777586658.770448,0,0.000000,0.000000,0.000000,0.000000,0.000000,0.000000,0.000000,0.000000,8.000000,-117.620000
1777586658.770934,0,0.000000,0.000000,0.000000,0.000000,0.000000,0.000000,0.000000,0.000000,8.000000,-117.610000
1777586658.791578,0,0.000000,0.000000,0.000000,0.000000,0.000000,0.000000,0.000000,0.000000,8.000000,-117.590000
1777586658.792098,0,0.000000,0.000000,0.000000,0.000000,0.000000,0.000000,0.000000,0.000000,8.000000,-117.580000
1777586658.812581,0,0.000000,0.000000,0.000000,0.000000,0.000000,0.000000,0.000000,0.000000,8.000000,-117.580000
1777586658.833179,0,0.000000,0.000000,0.000000,0.000000,0.000000,0.000000,0.000000,0.000000,8.000000,-117.560000
1777586658.833662,0,0.000000,0.000000,0.000000,0.000000,0.000000,0.000000,0.000000,0.000000,8.000000,-117.550000
1777586658.834041,0,0.000000,0.000000,0.000000,0.000000,0.000000,0.000000,0.000000,0.000000,8.000000,-117.550000
1777586658.855130,0,0.000000,0.000000,0.000000,0.000000,0.000000,0.000000,0.000000,0.000000,8.000000,-117.540000
1777586658.877609,0,0.000000,0.000000,0.000000,0.000000,0.000000,0.000000,0.000000,0.000000,8.000000,-117.520000
1777586658.878090,0,0.000000,0.000000,0.000000,0.000000,0.000000,0.000000,0.000000,0.000000,8.000000,-117.510000
1777586658.878473,0,0.000000,0.000000,0.000000,0.000000,0.000000,0.000000,0.000000,0.000000,8.000000,-117.510000
1777586658.902467,0,0.000000,0.000000,0.000000,0.000000,0.000000,0.000000,0.000000,0.000000,8.000000,-117.500000
1777586658.902958,0,0.000000,0.000000,0.000000,0.000000,0.000000,0.000000,0.000000,0.000000,8.000000,-117.480000
1777586658.924798,0,0.000000,0.000000,0.000000,0.000000,0.000000,0.000000,0.000000,0.000000,8.000000,-117.480000
1777586658.925271,0,0.000000,0.000000,0.000000,0.000000,0.000000,0.000000,0.000000,0.000000,8.000000,-117.470000
1777586658.925653,0,0.000000,0.000000,0.000000,0.000000,0.000000,0.000000,0.000000,0.000000,8.000000,-117.450000
1777586658.947731,0,0.000000,0.000000,0.000000,0.000000,0.000000,0.000000,0.000000,0.000000,8.000000,-117.440000
1777586658.967959,0,0.000000,0.000000,0.000000,0.000000,0.000000,0.000000,0.000000,0.000000,8.000000,-117.440000
1777586658.968551,0,0.000000,0.000000,0.000000,0.000000,0.000000,0.000000,0.000000,0.000000,8.000000,-117.430000
1777586658.968931,0,0.000000,0.000000,0.000000,0.000000,0.000000,0.000000,0.000000,0.000000,8.000000,-117.410000
1777586658.969283,0,0.000000,0.000000,0.000000,0.000000,0.000000,0.000000,0.000000,0.000000,8.000000,-117.410000
1777586658.990851,0,0.000000,0.000000,0.000000,0.000000,0.000000,0.000000,0.000000,0.000000,8.000000,-117.400000
1777586659.011948,0,0.000000,0.000000,0.000000,0.000000,0.000000,0.000000,0.000000,0.000000,8.000000,-117.400000
1777586659.012419,0,0.000000,0.000000,0.000000,0.000000,0.000000,0.000000,0.000000,0.000000,8.000000,-117.370000
1777586659.012802,0,0.000000,0.000000,0.000000,0.000000,0.000000,0.000000,0.000000,0.000000,8.000000,-117.370000
1777586659.030388,0,0.000000,0.000000,0.000000,0.000000,0.000000,0.000000,0.000000,0.000000,8.000000,-117.360000
1777586659.047913,0,0.000000,0.000000,0.000000,0.000000,0.000000,0.000000,0.000000,0.000000,8.000000,-117.340000
1777586659.048474,0,0.000000,0.000000,0.000000,0.000000,0.000000,0.000000,0.000000,0.000000,8.000000,-117.330000
1777586659.065032,0,0.000000,0.000000,0.000000,0.000000,0.000000,0.000000,0.000000,0.000000,8.000000,-117.330000
1777586659.066130,0,0.000000,0.000000,0.000000,0.000000,0.000000,0.000000,0.000000,0.000000,8.000000,-117.310000
1777586659.083116,0,0.000000,0.000000,0.000000,0.000000,0.000000,0.000000,0.000000,0.000000,8.000000,-117.300000
1777586659.083638,0,0.000000,0.000000,0.000000,0.000000,0.000000,0.000000,0.000000,0.000000,8.000000,-117.300000
1777586659.100987,0,0.000000,0.000000,0.000000,0.000000,0.000000,0.000000,0.000000,0.000000,8.000000,-117.290000
1777586659.117526,0,0.000000,0.000000,0.000000,0.000000,0.000000,0.000000,0.000000,0.000000,8.000000,-117.270000
1777586659.118007,0,0.000000,0.000000,0.000000,0.000000,0.000000,0.000000,0.000000,0.000000,8.000000,-117.260000
1777586659.118653,0,0.000000,0.000000,0.000000,0.000000,0.000000,0.000000,0.000000,0.000000,8.000000,-117.260000
1777586659.135118,0,0.000000,0.000000,0.000000,0.000000,0.000000,0.000000,0.000000,0.000000,8.000000,-117.250000
1777586659.153182,0,0.000000,0.000000,0.000000,0.000000,0.000000,0.000000,0.000000,0.000000,8.000000,-117.230000
1777586659.173857,0,0.000000,0.000000,0.000000,0.000000,0.000000,0.000000,0.000000,0.000000,8.000000,-117.230000
1777586659.174445,0,0.000000,0.000000,0.000000,0.000000,0.000000,0.000000,0.000000,0.000000,8.000000,-117.220000
1777586659.174988,0,0.000000,0.000000,0.000000,0.000000,0.000000,0.000000,0.000000,0.000000,8.000000,-117.200000
1777586659.196601,0,0.000000,0.000000,0.000000,0.000000,0.000000,0.000000,0.000000,0.000000,8.000000,-117.190000
1777586659.217602,0,0.000000,0.000000,0.000000,0.000000,0.000000,0.000000,0.000000,0.000000,8.000000,-117.190000
1777586659.218086,0,0.000000,0.000000,0.000000,0.000000,0.000000,0.000000,0.000000,0.000000,8.000000,-117.180000
1777586659.239837,0,0.000000,0.000000,0.000000,0.000000,0.000000,0.000000,0.000000,0.000000,8.000000,-117.160000
1777586659.240314,0,0.000000,0.000000,0.000000,0.000000,0.000000,0.000000,0.000000,0.000000,8.000000,-117.160000
1777586659.258096,0,0.000000,0.000000,0.000000,0.000000,0.000000,0.000000,0.000000,0.000000,8.000000,-117.150000
1777586659.258576,0,0.000000,0.000000,0.000000,0.000000,0.000000,0.000000,0.000000,0.000000,8.000000,-117.130000
1777586659.258957,0,0.000000,0.000000,0.000000,0.000000,0.000000,0.000000,0.000000,0.000000,8.000000,-117.120000
1777586659.275090,0,0.000000,0.000000,0.000000,0.000000,0.000000,0.000000,0.000000,0.000000,8.000000,-117.120000
1777586659.275670,0,0.000000,0.000000,0.000000,0.000000,0.000000,0.000000,0.000000,0.000000,8.000000,-117.110000
1777586659.292448,0,0.000000,0.000000,0.000000,0.000000,0.000000,0.000000,0.000000,0.000000,8.000000,-117.090000
1777586659.309623,0,0.000000,0.000000,0.000000,0.000000,0.000000,0.000000,0.000000,0.000000,8.000000,-117.080000
1777586659.310087,0,0.000000,0.000000,0.000000,0.000000,0.000000,0.000000,0.000000,0.000000,8.000000,-117.080000
1777586659.326960,0,0.000000,0.000000,0.000000,0.000000,0.000000,0.000000,0.000000,0.000000,8.000000,-117.060000
1777586659.343881,0,0.000000,0.000000,0.000000,0.000000,0.000000,0.000000,0.000000,0.000000,8.000000,-117.050000
1777586659.344364,0,0.000000,0.000000,0.000000,0.000000,0.000000,0.000000,0.000000,0.000000,8.000000,-117.050000
1777586659.344729,0,0.000000,0.000000,0.000000,0.000000,0.000000,0.000000,0.000000,0.000000,8.000000,-117.040000
1777586659.361112,0,0.000000,0.000000,0.000000,0.000000,0.000000,0.000000,0.000000,0.000000,8.000000,-117.020000
1777586659.377828,0,0.000000,0.000000,0.000000,0.000000,0.000000,0.000000,0.000000,0.000000,8.000000,-117.010000
1777586659.378413,0,0.000000,0.000000,0.000000,0.000000,0.000000,0.000000,0.000000,0.000000,8.000000,-117.010000
1777586659.395157,0,0.000000,0.000000,0.000000,0.000000,0.000000,0.000000,0.000000,0.000000,8.000000,-117.000000
1777586659.395880,0,0.000000,0.000000,0.000000,0.000000,0.000000,0.000000,0.000000,0.000000,8.000000,-116.980000
1777586659.412508,0,0.000000,0.000000,0.000000,0.000000,0.000000,0.000000,0.000000,0.000000,8.000000,-116.980000
1777586659.413003,0,0.000000,0.000000,0.000000,0.000000,0.000000,0.000000,0.000000,0.000000,8.000000,-116.970000
1777586659.429739,0,0.000000,0.000000,0.000000,0.000000,0.000000,0.000000,0.000000,0.000000,8.000000,-116.950000
1777586659.447973,0,0.000000,0.000000,0.000000,0.000000,0.000000,0.000000,0.000000,0.000000,8.000000,-116.940000
1777586659.448712,0,0.000000,0.000000,0.000000,0.000000,0.000000,0.000000,0.000000,0.000000,8.000000,-116.940000
1777586659.464739,0,0.000000,0.000000,0.000000,0.000000,0.000000,0.000000,0.000000,0.000000,8.000000,-116.930000
1777586659.465417,0,0.000000,0.000000,0.000000,0.000000,0.000000,0.000000,0.000000,0.000000,8.000000,-116.910000
1777586659.480968,0,0.000000,0.000000,0.000000,0.000000,0.000000,0.000000,0.000000,0.000000,8.000000,-116.910000
1777586659.481500,0,0.000000,0.000000,0.000000,0.000000,0.000000,0.000000,0.000000,0.000000,8.000000,-116.900000
1777586659.497279,0,0.000000,0.000000,0.000000,0.000000,0.000000,0.000000,0.000000,0.000000,8.000000,-116.880000
1777586659.514434,0,0.000000,0.000000,0.000000,0.000000,0.000000,0.000000,0.000000,0.000000,8.000000,-116.870000
1777586659.515480,0,0.000000,0.000000,0.000000,0.000000,0.000000,0.000000,0.000000,0.000000,8.000000,-116.870000
1777586659.531457,0,0.000000,0.000000,0.000000,0.000000,0.000000,0.000000,0.000000,0.000000,8.000000,-116.860000
1777586659.532127,0,0.000000,0.000000,0.000000,0.000000,0.000000,0.000000,0.000000,0.000000,8.000000,-116.840000
1777586659.560930,0,0.000000,0.000000,0.000000,0.000000,0.000000,0.000000,0.000000,0.000000,8.000000,-116.830000
1777586659.561418,0,0.000000,0.000000,0.000000,0.000000,0.000000,0.000000,0.000000,0.000000,8.000000,-116.830000
1777586659.561901,0,0.000000,0.000000,0.000000,0.000000,0.000000,0.000000,0.000000,0.000000,8.000000,-116.810000
1777586659.562260,0,0.000000,0.000000,0.000000,0.000000,0.000000,0.000000,0.000000,0.000000,8.000000,-116.800000
1777586659.591365,0,0.000000,0.000000,0.000000,0.000000,0.000000,0.000000,0.000000,0.000000,8.000000,-116.800000
1777586659.591851,0,0.000000,0.000000,0.000000,0.000000,0.000000,0.000000,0.000000,0.000000,8.000000,-116.790000
1777586659.592430,0,0.000000,0.000000,0.000000,0.000000,0.000000,0.000000,0.000000,0.000000,8.000000,-116.770000
1777586659.623833,0,0.000000,0.000000,0.000000,0.000000,0.000000,0.000000,0.000000,0.000000,8.000000,-116.760000
1777586659.624591,0,0.000000,0.000000,0.000000,0.000000,0.000000,0.000000,0.000000,0.000000,8.000000,-116.760000
1777586659.625008,0,0.000000,0.000000,0.000000,0.000000,0.000000,0.000000,0.000000,0.000000,8.000000,-116.750000
1777586659.658884,0,0.000000,0.000000,0.000000,0.000000,0.000000,0.000000,0.000000,0.000000,8.000000,-116.730000
1777586659.659387,0,0.000000,0.000000,0.000000,0.000000,0.000000,0.000000,0.000000,0.000000,8.000000,-116.730000
1777586659.659758,0,0.000000,0.000000,0.000000,0.000000,0.000000,0.000000,0.000000,0.000000,8.000000,-116.720000
1777586659.660886,0,0.000000,0.000000,0.000000,0.000000,0.000000,0.000000,0.000000,0.000000,8.000000,-116.700000
1777586659.697976,0,0.000000,0.000000,0.000000,0.000000,0.000000,0.000000,0.000000,0.000000,8.000000,-116.690000
1777586659.698504,0,0.000000,0.000000,0.000000,0.000000,0.000000,0.000000,0.000000,0.000000,8.000000,-116.690000
1777586659.698872,0,0.000000,0.000000,0.000000,0.000000,0.000000,0.000000,0.000000,0.000000,8.000000,-116.680000
1777586659.700000,0,0.000000,0.000000,0.000000,0.000000,0.000000,0.000000,0.000000,0.000000,8.000000,-116.660000
1777586659.734976,0,0.000000,0.000000,0.000000,0.000000,0.000000,0.000000,0.000000,0.000000,8.000000,-116.660000
1777586659.735667,0,0.000000,0.000000,0.000000,0.000000,0.000000,0.000000,0.000000,0.000000,8.000000,-116.650000
1777586659.736061,0,0.000000,0.000000,0.000000,0.000000,0.000000,0.000000,0.000000,0.000000,8.000000,-116.630000
1777586659.774492,0,0.000000,0.000000,0.000000,0.000000,0.000000,0.000000,0.000000,0.000000,8.000000,-116.620000
1777586659.774979,0,0.000000,0.000000,0.000000,0.000000,0.000000,0.000000,0.000000,0.000000,8.000000,-116.620000
1777586659.775340,0,0.000000,0.000000,0.000000,0.000000,0.000000,0.000000,0.000000,0.000000,8.000000,-116.610000
1777586659.775877,0,0.000000,0.000000,0.000000,0.000000,0.000000,0.000000,0.000000,0.000000,8.000000,-116.590000
1777586659.795864,0,0.000000,0.000000,0.000000,0.000000,0.000000,0.000000,0.000000,0.000000,8.000000,-116.580000
1777586659.821116,0,0.000000,0.000000,0.000000,0.000000,0.000000,0.000000,0.000000,0.000000,8.000000,-116.580000
1777586659.842857,0,0.000000,0.000000,0.000000,0.000000,0.000000,0.000000,0.000000,0.000000,8.000000,-116.560000
1777586659.843317,0,0.000000,0.000000,0.000000,0.000000,0.000000,0.000000,0.000000,0.000000,8.000000,-116.550000
1777586659.843655,0,0.000000,0.000000,0.000000,0.000000,0.000000,0.000000,0.000000,0.000000,8.000000,-116.550000
1777586659.844115,0,0.000000,0.000000,0.000000,0.000000,0.000000,0.000000,0.000000,0.000000,8.000000,-116.540000
1777586659.862782,0,0.000000,0.000000,0.000000,0.000000,0.000000,0.000000,0.000000,0.000000,8.000000,-116.520000
1777586659.879256,0,0.000000,0.000000,0.000000,0.000000,0.000000,0.000000,0.000000,0.000000,8.000000,-116.510000
1777586659.879733,0,0.000000,0.000000,0.000000,0.000000,0.000000,0.000000,0.000000,0.000000,8.000000,-116.510000
1777586659.895470,0,0.000000,0.000000,0.000000,0.000000,0.000000,0.000000,0.000000,0.000000,8.000000,-116.500000
1777586659.895939,0,0.000000,0.000000,0.000000,0.000000,0.000000,0.000000,0.000000,0.000000,8.000000,-116.480000
1777586659.912073,0,0.000000,0.000000,0.000000,0.000000,0.000000,0.000000,0.000000,0.000000,8.000000,-116.480000
1777586659.929775,0,0.000000,0.000000,0.000000,0.000000,0.000000,0.000000,0.000000,0.000000,8.000000,-116.470000
1777586659.930371,0,0.000000,0.000000,0.000000,0.000000,0.000000,0.000000,0.000000,0.000000,8.000000,-116.450000
1777586659.946591,0,0.000000,0.000000,0.000000,0.000000,0.000000,0.000000,0.000000,0.000000,8.000000,-116.440000
1777586659.947058,0,0.000000,0.000000,0.000000,0.000000,0.000000,0.000000,0.000000,0.000000,8.000000,-116.440000
1777586659.967038,0,0.000000,0.000000,0.000000,0.000000,0.000000,0.000000,0.000000,0.000000,8.000000,-116.430000
1777586659.989915,0,0.000000,0.000000,0.000000,0.000000,0.000000,0.000000,0.000000,0.000000,8.000000,-116.410000
1777586659.990423,0,0.000000,0.000000,0.000000,0.000000,0.000000,0.000000,0.000000,0.000000,8.000000,-116.410000
1777586660.011113,0,0.000000,0.000000,0.000000,0.000000,0.000000,0.000000,0.000000,0.000000,8.000000,-116.400000
1777586660.011586,0,0.000000,0.000000,0.000000,0.000000,0.000000,0.000000,0.000000,0.000000,8.000000,-116.380000
1777586660.011971,0,0.000000,0.000000,0.000000,0.000000,0.000000,0.000000,0.000000,0.000000,8.000000,-116.370000
1777586660.033149,0,0.000000,0.000000,0.000000,0.000000,0.000000,0.000000,0.000000,0.000000,8.000000,-116.360000
1777586660.052849,0,0.000000,0.000000,0.000000,0.000000,0.000000,0.000000,0.000000,0.000000,8.000000,-116.340000
1777586660.053329,0,0.000000,0.000000,0.000000,0.000000,0.000000,0.000000,0.000000,0.000000,8.000000,-116.330000
1777586660.053796,0,0.000000,0.000000,0.000000,0.000000,0.000000,0.000000,0.000000,0.000000,8.000000,-116.330000
1777586660.069713,0,0.000000,0.000000,0.000000,0.000000,0.000000,0.000000,0.000000,0.000000,8.000000,-116.330000
1777586660.070353,0,0.000000,0.000000,0.000000,0.000000,0.000000,0.000000,0.000000,0.000000,8.000000,-116.310000
1777586660.087364,0,0.000000,0.000000,0.000000,0.000000,0.000000,0.000000,0.000000,0.000000,8.000000,-116.300000
1777586660.104128,0,0.000000,0.000000,0.000000,0.000000,0.000000,0.000000,0.000000,0.000000,8.000000,-116.290000
1777586660.104599,0,0.000000,0.000000,0.000000,0.000000,0.000000,0.000000,0.000000,0.000000,8.000000,-116.270000
1777586660.120890,0,0.000000,0.000000,0.000000,0.000000,0.000000,0.000000,0.000000,0.000000,8.000000,-116.260000
1777586660.121362,0,0.000000,0.000000,0.000000,0.000000,0.000000,0.000000,0.000000,0.000000,8.000000,-116.260000
1777586660.137800,0,0.000000,0.000000,0.000000,0.000000,0.000000,0.000000,0.000000,0.000000,8.000000,-116.250000
1777586660.138381,0,0.000000,0.000000,0.000000,0.000000,0.000000,0.000000,0.000000,0.000000,8.000000,-116.230000
1777586660.155930,0,0.000000,0.000000,0.000000,0.000000,0.000000,0.000000,0.000000,0.000000,8.000000,-116.230000
1777586660.156394,0,0.000000,0.000000,0.000000,0.000000,0.000000,0.000000,0.000000,0.000000,8.000000,-116.220000
1777586660.189145,0,0.000000,0.000000,0.000000,0.000000,0.000000,0.000000,0.000000,0.000000,8.000000,-116.200000
1777586660.189986,0,0.000000,0.000000,0.000000,0.000000,0.000000,0.000000,0.000000,0.000000,8.000000,-116.190000
1777586660.190406,0,0.000000,0.000000,0.000000,0.000000,0.000000,0.000000,0.000000,0.000000,8.000000,-116.190000
1777586660.211720,0,0.000000,0.000000,0.000000,0.000000,0.000000,0.000000,0.000000,0.000000,8.000000,-116.180000
1777586660.212431,0,0.000000,0.000000,0.000000,0.000000,0.000000,0.000000,0.000000,0.000000,8.000000,-116.160000
1777586660.232802,0,0.000000,0.000000,0.000000,0.000000,0.000000,0.000000,0.000000,0.000000,8.000000,-116.160000
1777586660.233249,0,0.000000,0.000000,0.000000,0.000000,0.000000,0.000000,0.000000,0.000000,8.000000,-116.150000
1777586660.253188,0,0.000000,0.000000,0.000000,0.000000,0.000000,0.000000,0.000000,0.000000,8.000000,-116.130000
1777586660.253667,0,0.000000,0.000000,0.000000,0.000000,0.000000,0.000000,0.000000,0.000000,8.000000,-116.120000
1777586660.273245,0,0.000000,0.000000,0.000000,0.000000,0.000000,0.000000,0.000000,0.000000,8.000000,-116.120000
1777586660.290424,0,0.000000,0.000000,0.000000,0.000000,0.000000,0.000000,0.000000,0.000000,8.000000,-116.110000
1777586660.290894,0,0.000000,0.000000,0.000000,0.000000,0.000000,0.000000,0.000000,0.000000,8.000000,-116.090000
1777586660.307400,0,0.000000,0.000000,0.000000,0.000000,0.000000,0.000000,0.000000,0.000000,8.000000,-116.080000
1777586660.307876,0,0.000000,0.000000,0.000000,0.000000,0.000000,0.000000,0.000000,0.000000,8.000000,-116.080000
1777586660.324512,0,0.000000,0.000000,0.000000,0.000000,0.000000,0.000000,0.000000,0.000000,8.000000,-116.060000
1777586660.325184,0,0.000000,0.000000,0.000000,0.000000,0.000000,0.000000,0.000000,0.000000,8.000000,-116.050000
1777586660.341085,0,0.000000,0.000000,0.000000,0.000000,0.000000,0.000000,0.000000,0.000000,8.000000,-116.050000
1777586660.341555,0,0.000000,0.000000,0.000000,0.000000,0.000000,0.000000,0.000000,0.000000,8.000000,-116.040000
1777586660.358980,0,0.000000,0.000000,0.000000,0.000000,0.000000,0.000000,0.000000,0.000000,8.000000,-116.020000
1777586660.376241,0,0.000000,0.000000,0.000000,0.000000,0.000000,0.000000,0.000000,0.000000,8.000000,-116.010000
1777586660.376715,0,0.000000,0.000000,0.000000,0.000000,0.000000,0.000000,0.000000,0.000000,8.000000,-116.010000
1777586660.393039,0,0.000000,0.000000,0.000000,0.000000,0.000000,0.000000,0.000000,0.000000,8.000000,-116.000000
1777586660.393512,0,0.000000,0.000000,0.000000,0.000000,0.000000,0.000000,0.000000,0.000000,8.000000,-115.980000
1777586660.411065,0,0.000000,0.000000,0.000000,0.000000,0.000000,0.000000,0.000000,0.000000,8.000000,-115.980000
1777586660.431621,0,0.000000,0.000000,0.000000,0.000000,0.000000,0.000000,0.000000,0.000000,8.000000,-115.970000
1777586660.432250,0,0.000000,0.000000,0.000000,0.000000,0.000000,0.000000,0.000000,0.000000,8.000000,-115.950000
1777586660.452712,0,0.000000,0.000000,0.000000,0.000000,0.000000,0.000000,0.000000,0.000000,8.000000,-115.940000
1777586660.453204,0,0.000000,0.000000,0.000000,0.000000,0.000000,0.000000,0.000000,0.000000,8.000000,-115.940000
1777586660.453572,0,0.000000,0.000000,0.000000,0.000000,0.000000,0.000000,0.000000,0.000000,8.000000,-115.930000
1777586660.476300,0,0.000000,0.000000,0.000000,0.000000,0.000000,0.000000,0.000000,0.000000,8.000000,-115.910000
1777586660.495689,0,0.000000,0.000000,0.000000,0.000000,0.000000,0.000000,0.000000,0.000000,8.000000,-115.910000
1777586660.496161,0,0.000000,0.000000,0.000000,0.000000,0.000000,0.000000,0.000000,0.000000,8.000000,-115.900000
1777586660.496757,0,0.000000,0.000000,0.000000,0.000000,0.000000,0.000000,0.000000,0.000000,8.000000,-115.880000
1777586660.519303,0,0.000000,0.000000,0.000000,0.000000,0.000000,0.000000,0.000000,0.000000,8.000000,-115.870000
1777586660.541258,0,0.000000,0.000000,0.000000,0.000000,0.000000,0.000000,0.000000,0.000000,8.000000,-115.870000
1777586660.541736,0,0.000000,0.000000,0.000000,0.000000,0.000000,0.000000,0.000000,0.000000,8.000000,-115.860000
1777586660.542207,0,0.000000,0.000000,0.000000,0.000000,0.000000,0.000000,0.000000,0.000000,8.000000,-115.840000
1777586660.563677,0,0.000000,0.000000,0.000000,0.000000,0.000000,0.000000,0.000000,0.000000,8.000000,-115.830000
1777586660.587462,0,0.000000,0.000000,0.000000,0.000000,0.000000,0.000000,0.000000,0.000000,8.000000,-115.830000
1777586660.588145,0,0.000000,0.000000,0.000000,0.000000,0.000000,0.000000,0.000000,0.000000,8.000000,-115.810000
1777586660.588683,0,0.000000,0.000000,0.000000,0.000000,0.000000,0.000000,0.000000,0.000000,8.000000,-115.800000
1777586660.610304,0,0.000000,0.000000,0.000000,0.000000,0.000000,0.000000,0.000000,0.000000,8.000000,-115.800000
1777586660.610803,0,0.000000,0.000000,0.000000,0.000000,0.000000,0.000000,0.000000,0.000000,8.000000,-115.790000
1777586660.611180,0,0.000000,0.000000,0.000000,0.000000,0.000000,0.000000,0.000000,0.000000,8.000000,-115.770000
1777586660.635174,0,0.000000,0.000000,0.000000,0.000000,0.000000,0.000000,0.000000,0.000000,8.000000,-115.760000
1777586660.660100,0,0.000000,0.000000,0.000000,0.000000,0.000000,0.000000,0.000000,0.000000,8.000000,-115.760000
1777586660.660662,0,0.000000,0.000000,0.000000,0.000000,0.000000,0.000000,0.000000,0.000000,8.000000,-115.750000
1777586660.661029,0,0.000000,0.000000,0.000000,0.000000,0.000000,0.000000,0.000000,0.000000,8.000000,-115.730000
1777586660.683808,0,0.000000,0.000000,0.000000,0.000000,0.000000,0.000000,0.000000,0.000000,8.000000,-115.730000
1777586660.685303,0,0.000000,0.000000,0.000000,0.000000,0.000000,0.000000,0.000000,0.000000,8.000000,-115.720000
1777586660.686145,0,0.000000,0.000000,0.000000,0.000000,0.000000,0.000000,0.000000,0.000000,8.000000,-115.700000
1777586660.709667,0,0.000000,0.000000,0.000000,0.000000,0.000000,0.000000,0.000000,0.000000,8.000000,-115.690000
1777586660.710577,0,0.000000,0.000000,0.000000,0.000000,0.000000,0.000000,0.000000,0.000000,8.000000,-115.690000
1777586660.733629,0,0.000000,0.000000,0.000000,0.000000,0.000000,0.000000,0.000000,0.000000,8.000000,-115.680000
1777586660.734118,0,0.000000,0.000000,0.000000,0.000000,0.000000,0.000000,0.000000,0.000000,8.000000,-115.660000
1777586660.734498,0,0.000000,0.000000,0.000000,0.000000,0.000000,0.000000,0.000000,0.000000,8.000000,-115.660000
1777586660.756133,0,0.000000,0.000000,0.000000,0.000000,0.000000,0.000000,0.000000,0.000000,8.000000,-115.650000
1777586660.756609,0,0.000000,0.000000,0.000000,0.000000,0.000000,0.000000,0.000000,0.000000,8.000000,-115.630000
1777586660.777237,0,0.000000,0.000000,0.000000,0.000000,0.000000,0.000000,0.000000,0.000000,8.000000,-115.620000
1777586660.777689,0,0.000000,0.000000,0.000000,0.000000,0.000000,0.000000,0.000000,0.000000,8.000000,-115.620000
1777586660.802010,0,0.000000,0.000000,0.000000,0.000000,0.000000,0.000000,0.000000,0.000000,8.000000,-115.610000
1777586660.802503,0,0.000000,0.000000,0.000000,0.000000,0.000000,0.000000,0.000000,0.000000,8.000000,-115.590000
1777586660.825549,0,0.000000,0.000000,0.000000,0.000000,0.000000,0.000000,0.000000,0.000000,8.000000,-115.580000
1777586660.826162,0,0.000000,0.000000,0.000000,0.000000,0.000000,0.000000,0.000000,0.000000,8.000000,-115.580000
1777586660.826941,0,0.000000,0.000000,0.000000,0.000000,0.000000,0.000000,0.000000,0.000000,8.000000,-115.550000
1777586660.850150,0,0.000000,0.000000,0.000000,0.000000,0.000000,0.000000,0.000000,0.000000,8.000000,-115.550000
1777586660.850636,0,0.000000,0.000000,0.000000,0.000000,0.000000,0.000000,0.000000,0.000000,8.000000,-115.540000
1777586660.851265,0,0.000000,0.000000,0.000000,0.000000,0.000000,0.000000,0.000000,0.000000,8.000000,-115.520000
1777586660.875781,0,0.000000,0.000000,0.000000,0.000000,0.000000,0.000000,0.000000,0.000000,8.000000,-115.510000
1777586660.900266,0,0.000000,0.000000,0.000000,0.000000,0.000000,0.000000,0.000000,0.000000,8.000000,-115.510000
1777586660.900755,0,0.000000,0.000000,0.000000,0.000000,0.000000,0.000000,0.000000,0.000000,8.000000,-115.500000
1777586660.901150,0,0.000000,0.000000,0.000000,0.000000,0.000000,0.000000,0.000000,0.000000,8.000000,-115.480000
1777586660.927163,0,0.000000,0.000000,0.000000,0.000000,0.000000,0.000000,0.000000,0.000000,8.000000,-115.480000
1777586660.927759,0,0.000000,0.000000,0.000000,0.000000,0.000000,0.000000,0.000000,0.000000,8.000000,-115.470000
1777586660.955014,0,0.000000,0.000000,0.000000,0.000000,0.000000,0.000000,0.000000,0.000000,8.000000,-115.450000
1777586660.955564,0,0.000000,0.000000,0.000000,0.000000,0.000000,0.000000,0.000000,0.000000,8.000000,-115.440000
1777586660.955920,0,0.000000,0.000000,0.000000,0.000000,0.000000,0.000000,0.000000,0.000000,8.000000,-115.440000
1777586660.981166,0,0.000000,0.000000,0.000000,0.000000,0.000000,0.000000,0.000000,0.000000,8.000000,-115.430000
1777586660.981726,0,0.000000,0.000000,0.000000,0.000000,0.000000,0.000000,0.000000,0.000000,8.000000,-115.410000
1777586661.007591,0,0.000000,0.000000,0.000000,0.000000,0.000000,0.000000,0.000000,0.000000,8.000000,-115.410000
1777586661.008219,0,0.000000,0.000000,0.000000,0.000000,0.000000,0.000000,0.000000,0.000000,8.000000,-115.400000
1777586661.008586,0,0.000000,0.000000,0.000000,0.000000,0.000000,0.000000,0.000000,0.000000,8.000000,-115.380000
1777586661.009085,0,0.000000,0.000000,0.000000,0.000000,0.000000,0.000000,0.000000,0.000000,8.000000,-115.370000
1777586661.033865,0,0.000000,0.000000,0.000000,0.000000,0.000000,0.000000,0.000000,0.000000,8.000000,-115.370000
1777586661.059636,0,0.000000,0.000000,0.000000,0.000000,0.000000,0.000000,0.000000,0.000000,8.000000,-115.360000
1777586661.060761,0,0.000000,0.000000,0.000000,0.000000,0.000000,0.000000,0.000000,0.000000,8.000000,-115.340000
1777586661.061179,0,0.000000,0.000000,0.000000,0.000000,0.000000,0.000000,0.000000,0.000000,8.000000,-115.330000
1777586661.086432,0,0.000000,0.000000,0.000000,0.000000,0.000000,0.000000,0.000000,0.000000,8.000000,-115.330000
1777586661.086918,0,0.000000,0.000000,0.000000,0.000000,0.000000,0.000000,0.000000,0.000000,8.000000,-115.330000
1777586661.087291,0,0.000000,0.000000,0.000000,0.000000,0.000000,0.000000,0.000000,0.000000,8.000000,-115.300000
1777586661.087905,0,0.000000,0.000000,0.000000,0.000000,0.000000,0.000000,0.000000,0.000000,8.000000,-115.300000
1777586661.112496,0,0.000000,0.000000,0.000000,0.000000,0.000000,0.000000,0.000000,0.000000,8.000000,-115.300000
1777586661.113454,0,0.000000,0.000000,0.000000,0.000000,0.000000,0.000000,0.000000,0.000000,8.000000,-115.290000
1777586661.136925,0,0.000000,0.000000,0.000000,0.000000,0.000000,0.000000,0.000000,0.000000,8.000000,-115.270000
1777586661.137407,0,0.000000,0.000000,0.000000,0.000000,0.000000,0.000000,0.000000,0.000000,8.000000,-115.260000
1777586661.138080,0,0.000000,0.000000,0.000000,0.000000,0.000000,0.000000,0.000000,0.000000,8.000000,-115.250000
1777586661.162277,0,0.000000,0.000000,0.000000,0.000000,0.000000,0.000000,0.000000,0.000000,8.000000,-115.230000
1777586661.162767,0,0.000000,0.000000,0.000000,0.000000,0.000000,0.000000,0.000000,0.000000,8.000000,-115.230000
1777586661.188380,0,0.000000,0.000000,0.000000,0.000000,0.000000,0.000000,0.000000,0.000000,8.000000,-115.220000
1777586661.188932,0,0.000000,0.000000,0.000000,0.000000,0.000000,0.000000,0.000000,0.000000,8.000000,-115.200000
1777586661.189597,0,0.000000,0.000000,0.000000,0.000000,0.000000,0.000000,0.000000,0.000000,8.000000,-115.190000
1777586661.212364,0,0.000000,0.000000,0.000000,0.000000,0.000000,0.000000,0.000000,0.000000,8.000000,-115.190000
1777586661.212840,0,0.000000,0.000000,0.000000,0.000000,0.000000,0.000000,0.000000,0.000000,8.000000,-115.180000
1777586661.237489,0,0.000000,0.000000,0.000000,0.000000,0.000000,0.000000,0.000000,0.000000,8.000000,-115.160000
1777586661.238505,0,0.000000,0.000000,0.000000,0.000000,0.000000,0.000000,0.000000,0.000000,8.000000,-115.160000
1777586661.263451,0,0.000000,0.000000,0.000000,0.000000,0.000000,0.000000,0.000000,0.000000,8.000000,-115.150000
1777586661.263947,0,0.000000,0.000000,0.000000,0.000000,0.000000,0.000000,0.000000,0.000000,8.000000,-115.130000
1777586661.264787,0,0.000000,0.000000,0.000000,0.000000,0.000000,0.000000,0.000000,0.000000,8.000000,-115.120000
1777586661.288322,0,0.000000,0.000000,0.000000,0.000000,0.000000,0.000000,0.000000,0.000000,8.000000,-115.120000
1777586661.288795,0,0.000000,0.000000,0.000000,0.000000,0.000000,0.000000,0.000000,0.000000,8.000000,-115.110000
1777586661.289317,0,0.000000,0.000000,0.000000,0.000000,0.000000,0.000000,0.000000,0.000000,8.000000,-115.090000
1777586661.315007,0,0.000000,0.000000,0.000000,0.000000,0.000000,0.000000,0.000000,0.000000,8.000000,-115.080000
1777586661.339395,0,0.000000,0.000000,0.000000,0.000000,0.000000,0.000000,0.000000,0.000000,8.000000,-115.080000
1777586661.339928,0,0.000000,0.000000,0.000000,0.000000,0.000000,0.000000,0.000000,0.000000,8.000000,-115.060000
1777586661.340559,0,0.000000,0.000000,0.000000,0.000000,0.000000,0.000000,0.000000,0.000000,8.000000,-115.050000
1777586661.340993,0,0.000000,0.000000,0.000000,0.000000,0.000000,0.000000,0.000000,0.000000,8.000000,-115.050000
1777586661.368989,0,0.000000,0.000000,0.000000,0.000000,0.000000,0.000000,0.000000,0.000000,8.000000,-115.040000
1777586661.369554,0,0.000000,0.000000,0.000000,0.000000,0.000000,0.000000,0.000000,0.000000,8.000000,-115.020000
1777586661.394810,0,0.000000,0.000000,0.000000,0.000000,0.000000,0.000000,0.000000,0.000000,8.000000,-115.010000
1777586661.395368,0,0.000000,0.000000,0.000000,0.000000,0.000000,0.000000,0.000000,0.000000,8.000000,-115.010000
1777586661.395761,0,0.000000,0.000000,0.000000,0.000000,0.000000,0.000000,0.000000,0.000000,8.000000,-115.000000
1777586661.420559,0,0.000000,0.000000,0.000000,0.000000,0.000000,0.000000,0.000000,0.000000,8.000000,-114.980000
1777586661.421307,0,0.000000,0.000000,0.000000,0.000000,0.000000,0.000000,0.000000,0.000000,8.000000,-114.980000
1777586661.421803,0,0.000000,0.000000,0.000000,0.000000,0.000000,0.000000,0.000000,0.000000,8.000000,-114.970000
1777586661.422331,0,0.000000,0.000000,0.000000,0.000000,0.000000,0.000000,0.000000,0.000000,8.000000,-114.950000
1777586661.446406,0,0.000000,0.000000,0.000000,0.000000,0.000000,0.000000,0.000000,0.000000,8.000000,-114.940000
1777586661.471134,0,0.000000,0.000000,0.000000,0.000000,0.000000,0.000000,0.000000,0.000000,8.000000,-114.940000
1777586661.472095,0,0.000000,0.000000,0.000000,0.000000,0.000000,0.000000,0.000000,0.000000,8.000000,-114.930000
1777586661.494794,0,0.000000,0.000000,0.000000,0.000000,0.000000,0.000000,0.000000,0.000000,8.000000,-114.910000
1777586661.495899,0,0.000000,0.000000,0.000000,0.000000,0.000000,0.000000,0.000000,0.000000,8.000000,-114.910000
1777586661.496778,0,0.000000,0.000000,0.000000,0.000000,0.000000,0.000000,0.000000,0.000000,8.000000,-114.900000
1777586661.497653,0,0.000000,0.000000,0.000000,0.000000,0.000000,0.000000,0.000000,0.000000,8.000000,-114.880000
1777586661.519428,0,0.000000,0.000000,0.000000,0.000000,0.000000,0.000000,0.000000,0.000000,8.000000,-114.870000
1777586661.519923,0,0.000000,0.000000,0.000000,0.000000,0.000000,0.000000,0.000000,0.000000,8.000000,-114.870000
1777586661.541439,0,0.000000,0.000000,0.000000,0.000000,0.000000,0.000000,0.000000,0.000000,8.000000,-114.860000
1777586661.567685,0,0.000000,0.000000,0.000000,0.000000,0.000000,0.000000,0.000000,0.000000,8.000000,-114.840000
1777586661.568182,0,0.000000,0.000000,0.000000,0.000000,0.000000,0.000000,0.000000,0.000000,8.000000,-114.830000
1777586661.568535,0,0.000000,0.000000,0.000000,0.000000,0.000000,0.000000,0.000000,0.000000,8.000000,-114.830000
1777586661.594662,0,0.000000,0.000000,0.000000,0.000000,0.000000,0.000000,0.000000,0.000000,8.000000,-114.810000
1777586661.595235,0,0.000000,0.000000,0.000000,0.000000,0.000000,0.000000,0.000000,0.000000,8.000000,-114.800000
1777586661.595718,0,0.000000,0.000000,0.000000,0.000000,0.000000,0.000000,0.000000,0.000000,8.000000,-114.800000
1777586661.619280,0,0.000000,0.000000,0.000000,0.000000,0.000000,0.000000,0.000000,0.000000,8.000000,-114.790000
1777586661.619768,0,0.000000,0.000000,0.000000,0.000000,0.000000,0.000000,0.000000,0.000000,8.000000,-114.770000
1777586661.643071,0,0.000000,0.000000,0.000000,0.000000,0.000000,0.000000,0.000000,0.000000,8.000000,-114.760000
1777586661.643555,0,0.000000,0.000000,0.000000,0.000000,0.000000,0.000000,0.000000,0.000000,8.000000,-114.760000
1777586661.644490,0,0.000000,0.000000,0.000000,0.000000,0.000000,0.000000,0.000000,0.000000,8.000000,-114.750000
1777586661.664642,0,0.000000,0.000000,0.000000,0.000000,0.000000,0.000000,0.000000,0.000000,8.000000,-114.730000
1777586661.665390,0,0.000000,0.000000,0.000000,0.000000,0.000000,0.000000,0.000000,0.000000,8.000000,-114.730000
1777586661.666084,0,0.000000,0.000000,0.000000,0.000000,0.000000,0.000000,0.000000,0.000000,8.000000,-114.720000
1777586661.687359,0,0.000000,0.000000,0.000000,0.000000,0.000000,0.000000,0.000000,0.000000,8.000000,-114.700000
1777586661.687910,0,0.000000,0.000000,0.000000,0.000000,0.000000,0.000000,0.000000,0.000000,8.000000,-114.690000
1777586661.709495,0,0.000000,0.000000,0.000000,0.000000,0.000000,0.000000,0.000000,0.000000,8.000000,-114.690000
1777586661.710133,0,0.000000,0.000000,0.000000,0.000000,0.000000,0.000000,0.000000,0.000000,8.000000,-114.680000
1777586661.730981,0,0.000000,0.000000,0.000000,0.000000,0.000000,0.000000,0.000000,0.000000,8.000000,-114.660000
1777586661.731515,0,0.000000,0.000000,0.000000,0.000000,0.000000,0.000000,0.000000,0.000000,8.000000,-114.660000
1777586661.747829,0,0.000000,0.000000,0.000000,0.000000,0.000000,0.000000,0.000000,0.000000,8.000000,-114.650000
1777586661.749197,0,0.000000,0.000000,0.000000,0.000000,0.000000,0.000000,0.000000,0.000000,8.000000,-114.630000
1777586661.766919,0,0.000000,0.000000,0.000000,0.000000,0.000000,0.000000,0.000000,0.000000,8.000000,-114.620000
1777586661.767452,0,0.000000,0.000000,0.000000,0.000000,0.000000,0.000000,0.000000,0.000000,8.000000,-114.620000
1777586661.784503,0,0.000000,0.000000,0.000000,0.000000,0.000000,0.000000,0.000000,0.000000,8.000000,-114.610000
1777586661.784991,0,0.000000,0.000000,0.000000,0.000000,0.000000,0.000000,0.000000,0.000000,8.000000,-114.590000
1777586661.801622,0,0.000000,0.000000,0.000000,0.000000,0.000000,0.000000,0.000000,0.000000,8.000000,-114.580000
1777586661.802273,0,0.000000,0.000000,0.000000,0.000000,0.000000,0.000000,0.000000,0.000000,8.000000,-114.580000
1777586661.819103,0,5.000000,0.000000,0.000000,0.000000,0.000000,0.000000,0.000000,0.000000,8.000000,-114.560000
1777586661.836642,0,5.000000,0.000000,0.000000,0.000000,0.000000,0.000000,0.000000,0.000000,8.000000,-114.550000
1777586661.837117,0,5.000000,0.000000,5.000000,0.000000,0.000000,0.000000,0.000000,0.000000,8.000000,-114.550000
1777586661.855813,0,5.000000,0.000000,5.000000,0.000000,0.000000,0.000000,0.000000,0.000000,8.000000,-114.540000
1777586661.856286,0,5.000000,0.000000,5.000000,0.000000,0.000000,0.000000,0.000000,0.000000,8.000000,-114.520000
1777586661.875615,0,5.000000,0.000000,5.000000,0.000000,0.000000,0.000000,0.000000,0.000000,8.000000,-114.510000
1777586661.876229,0,5.000000,0.000000,5.000000,0.000000,0.000000,0.000000,0.000000,0.000000,8.000000,-114.510000
1777586661.896194,0,5.000000,0.000000,5.000000,0.000000,0.000000,0.000000,0.000000,0.000000,8.000000,-114.500000
1777586661.896847,0,5.000000,0.000000,5.000000,0.000000,0.000000,0.000000,0.000000,0.000000,8.000000,-114.480000
1777586661.916598,0,5.000000,0.000000,5.000000,0.000000,0.000000,0.000000,0.000000,0.000000,8.000000,-114.480000
1777586661.917079,0,5.000000,0.000000,5.000000,0.000000,0.000000,0.000000,0.000000,0.000000,8.000000,-114.470000
1777586661.939166,0,5.000000,0.000000,5.000000,0.000000,0.000000,0.000000,0.000000,0.000000,8.000000,-114.450000
1777586661.963941,0,5.000000,0.000000,5.000000,0.000000,0.000000,0.000000,0.000000,0.000000,8.000000,-114.440000
1777586661.965009,0,5.000000,0.000000,5.000000,0.000000,0.000000,0.000000,0.000000,0.000000,8.000000,-114.440000
1777586661.965721,0,5.000000,0.000000,5.000000,0.000000,0.000000,0.000000,0.000000,0.000000,8.000000,-114.430000
1777586661.986266,0,5.000000,0.000000,5.000000,0.000000,0.000000,0.000000,0.000000,0.000000,8.000000,-114.410000
1777586661.986741,0,5.000000,0.000000,5.000000,0.000000,0.000000,0.000000,0.000000,0.000000,8.000000,-114.410000
1777586661.987284,0,5.000000,0.000000,5.000000,0.000000,0.000000,0.000000,0.000000,0.000000,8.000000,-114.400000
1777586662.007465,0,5.000000,0.000000,5.000000,0.000000,0.000000,0.000000,0.000000,0.000000,8.000000,-114.380000
1777586662.007936,0,5.000000,0.000000,5.000000,0.000000,0.000000,0.000000,0.000000,0.000000,8.000000,-114.370000
1777586662.024464,0,5.000000,0.000000,5.000000,0.000000,0.000000,0.000000,0.000000,0.000000,8.000000,-114.370000
1777586662.042658,0,5.000000,0.000000,5.000000,0.000000,0.000000,0.000000,0.000000,0.000000,8.000000,-114.360000
1777586662.043394,0,5.000000,0.000000,5.000000,0.000000,0.000000,0.000000,0.000000,0.000000,8.000000,-114.340000
1777586662.061068,0,5.000000,0.000000,5.000000,0.000000,0.000000,0.000000,0.000000,0.000000,8.000000,-114.330000
1777586662.061542,0,5.000000,0.000000,5.000000,0.000000,0.000000,0.000000,0.000000,0.000000,8.000000,-114.330000
1777586662.061907,0,5.000000,0.000000,5.000000,0.000000,0.000000,0.000000,0.000000,0.000000,8.000000,-114.310000
1777586662.085541,0,5.000000,0.000000,5.000000,0.000000,0.000000,0.000000,0.000000,0.000000,8.000000,-114.300000
1777586662.106476,0,5.000000,0.000000,5.000000,0.000000,0.000000,0.000000,0.000000,0.000000,8.000000,-114.300000
1777586662.107007,0,5.000000,0.000000,5.000000,0.000000,0.000000,0.000000,0.000000,0.000000,8.000000,-114.290000
1777586662.107586,0,5.000000,0.000000,5.000000,0.000000,0.000000,0.000000,0.000000,0.000000,8.000000,-114.270000
1777586662.130553,0,5.000000,0.000000,5.000000,0.000000,0.000000,0.000000,0.000000,0.000000,8.000000,-114.260000
1777586662.131233,0,5.000000,0.000000,5.000000,0.000000,0.000000,0.000000,0.000000,0.000000,8.000000,-114.260000
1777586662.158561,0,5.000000,0.000000,5.000000,0.000000,0.000000,0.000000,0.000000,0.000000,8.000000,-114.250000
1777586662.159035,0,5.000000,0.000000,5.000000,0.000000,0.000000,0.000000,0.000000,0.000000,8.000000,-114.230000
1777586662.159554,0,5.000000,0.000000,5.000000,0.000000,0.000000,0.000000,0.000000,0.000000,8.000000,-114.230000
1777586662.181471,0,5.000000,0.000000,5.000000,0.000000,0.000000,0.000000,0.000000,0.000000,8.000000,-114.220000
1777586662.182019,0,5.000000,0.000000,5.000000,0.000000,0.000000,0.000000,0.000000,0.000000,8.000000,-114.200000
1777586662.200673,0,5.000000,0.000000,5.000000,0.000000,0.000000,0.000000,0.000000,0.000000,8.000000,-114.190000
1777586662.201153,0,5.000000,0.000000,5.000000,0.000000,0.000000,0.000000,0.000000,0.000000,8.000000,-114.190000
1777586662.221030,0,5.000000,0.000000,5.000000,0.000000,0.000000,0.000000,0.000000,0.000000,8.000000,-114.180000
1777586662.221512,0,5.000000,0.000000,5.000000,0.000000,0.000000,0.000000,0.000000,0.000000,8.000000,-114.160000
1777586662.241440,0,5.000000,0.000000,5.000000,0.000000,0.000000,0.000000,0.000000,0.000000,8.000000,-114.160000
1777586662.241925,0,5.000000,0.000000,5.000000,0.000000,0.000000,0.000000,0.000000,0.000000,8.000000,-114.150000
1777586662.263047,0,5.000000,0.000000,5.000000,0.000000,0.000000,0.000000,0.000000,0.000000,8.000000,-114.130000
1777586662.284345,0,5.000000,0.000000,5.000000,0.000000,0.000000,0.000000,0.000000,0.000000,8.000000,-114.120000
1777586662.284954,0,5.000000,0.000000,5.000000,0.000000,0.000000,0.000000,0.000000,0.000000,8.000000,-114.120000
1777586662.285330,0,5.000000,0.000000,5.000000,0.000000,0.000000,0.000000,0.000000,0.000000,8.000000,-114.110000
1777586662.305686,0,5.000000,0.000000,5.000000,0.000000,0.000000,0.000000,0.000000,0.000000,8.000000,-114.090000
1777586662.306164,0,5.000000,0.000000,5.000000,0.000000,0.000000,0.000000,0.000000,0.000000,8.000000,-114.080000
1777586662.323656,0,5.000000,0.000000,5.000000,0.000000,0.000000,0.000000,0.000000,0.000000,8.000000,-114.080000
1777586662.324498,0,5.000000,0.000000,5.000000,0.000000,0.000000,0.000000,0.000000,0.000000,8.000000,-114.060000
1777586662.346367,0,5.000000,0.000000,5.000000,0.000000,0.000000,0.000000,0.000000,0.000000,8.000000,-114.050000
1777586662.346856,0,5.000000,0.000000,5.000000,0.000000,0.000000,0.000000,0.000000,0.000000,8.000000,-114.050000
1777586662.347223,0,5.000000,0.000000,5.000000,0.000000,0.000000,0.000000,0.000000,0.000000,8.000000,-114.040000
1777586662.364874,0,5.000000,0.000000,5.000000,0.000000,0.000000,0.000000,0.000000,0.000000,8.000000,-114.020000
1777586662.387462,0,5.000000,0.000000,5.000000,0.000000,0.000000,0.000000,0.000000,0.000000,8.000000,-114.010000
1777586662.387963,0,5.000000,0.000000,5.000000,0.000000,0.000000,0.000000,0.000000,0.000000,8.000000,-114.010000
1777586662.388369,0,5.000000,0.000000,5.000000,0.000000,0.000000,0.000000,0.000000,0.000000,8.000000,-114.000000
1777586662.410793,0,5.000000,0.000000,5.000000,0.000000,0.000000,0.000000,0.000000,0.000000,8.000000,-113.980000
1777586662.432718,0,5.000000,0.000000,5.000000,0.000000,0.000000,0.000000,0.000000,0.000000,8.000000,-113.980000
1777586662.433417,0,5.000000,0.000000,5.000000,0.000000,0.000000,0.000000,0.000000,0.000000,8.000000,-113.970000
1777586662.433802,0,5.000000,0.000000,5.000000,0.000000,0.000000,0.000000,0.000000,0.000000,8.000000,-113.950000
1777586662.455200,0,5.000000,0.000000,5.000000,0.000000,0.000000,0.000000,0.000000,0.000000,8.000000,-113.940000
1777586662.455657,0,5.000000,0.000000,5.000000,0.000000,0.000000,0.000000,0.000000,0.000000,8.000000,-113.940000
1777586662.456023,0,5.000000,0.000000,5.000000,0.000000,0.000000,0.000000,0.000000,0.000000,8.000000,-113.930000
1777586662.478604,0,5.000000,0.000000,5.000000,0.000000,0.000000,0.000000,0.000000,0.000000,8.000000,-113.910000
1777586662.500481,0,5.000000,0.000000,5.000000,0.000000,0.000000,0.000000,0.000000,0.000000,8.000000,-113.910000
1777586662.501086,0,5.000000,0.000000,5.000000,0.000000,0.000000,0.000000,0.000000,0.000000,8.000000,-113.900000
1777586662.523137,0,5.000000,0.000000,5.000000,0.000000,0.000000,0.000000,0.000000,0.000000,8.000000,-113.880000
1777586662.523720,0,5.000000,0.000000,5.000000,0.000000,0.000000,0.000000,0.000000,0.000000,8.000000,-113.870000
1777586662.524065,0,5.000000,0.000000,5.000000,0.000000,0.000000,0.000000,0.000000,0.000000,8.000000,-113.870000
1777586662.545595,0,5.000000,0.000000,5.000000,0.000000,0.000000,0.000000,0.000000,0.000000,8.000000,-113.860000
1777586662.546088,0,5.000000,0.000000,5.000000,0.000000,0.000000,0.000000,0.000000,0.000000,8.000000,-113.840000
1777586662.563687,0,5.000000,0.000000,5.000000,0.000000,0.000000,0.000000,0.000000,0.000000,8.000000,-113.830000
1777586662.564325,0,5.000000,0.000000,5.000000,0.000000,0.000000,0.000000,0.000000,0.000000,8.000000,-113.830000
1777586662.564778,0,5.000000,0.000000,5.000000,0.000000,0.000000,0.000000,0.000000,0.000000,8.000000,-113.810000
1777586662.582175,0,5.000000,0.000000,5.000000,0.000000,0.000000,0.000000,0.000000,0.000000,8.000000,-113.800000
1777586662.599482,0,5.000000,0.000000,5.000000,0.000000,0.000000,0.000000,0.000000,0.000000,8.000000,-113.800000
1777586662.599913,0,5.000000,0.000000,5.000000,0.000000,0.000000,0.000000,0.000000,0.000000,8.000000,-113.790000
1777586662.600252,0,5.000000,0.000000,5.000000,0.000000,0.000000,0.000000,0.000000,0.000000,8.000000,-113.770000
1777586662.629751,0,5.000000,0.000000,5.000000,0.000000,0.000000,0.000000,0.000000,0.000000,8.000000,-113.760000
1777586662.630238,0,5.000000,0.000000,5.000000,0.000000,0.000000,0.000000,0.000000,0.000000,8.000000,-113.760000
1777586662.630768,0,5.000000,0.000000,5.000000,0.000000,0.000000,0.000000,0.000000,0.000000,8.000000,-113.750000
1777586662.631152,0,5.000000,0.000000,5.000000,0.000000,0.000000,0.000000,0.000000,0.000000,8.000000,-113.730000
1777586662.660157,0,5.000000,0.000000,5.000000,0.000000,0.000000,0.000000,0.000000,0.000000,8.000000,-113.730000
1777586662.660792,0,5.000000,0.000000,5.000000,0.000000,0.000000,0.000000,0.000000,0.000000,8.000000,-113.720000
1777586662.690492,0,5.000000,0.000000,5.000000,0.000000,0.000000,0.000000,0.000000,0.000000,8.000000,-113.700000
1777586662.690972,0,5.000000,0.000000,5.000000,0.000000,0.000000,0.000000,0.000000,0.000000,8.000000,-113.690000
1777586662.691568,0,5.000000,0.000000,5.000000,0.000000,0.000000,0.000000,0.000000,0.000000,8.000000,-113.690000
1777586662.691955,0,5.000000,0.000000,5.000000,0.000000,0.000000,0.000000,0.000000,0.000000,8.000000,-113.680000
1777586662.721842,0,5.000000,0.000000,5.000000,0.000000,0.000000,0.000000,0.000000,0.000000,8.000000,-113.660000
1777586662.722514,0,5.000000,0.000000,5.000000,0.000000,0.000000,0.000000,0.000000,0.000000,8.000000,-113.660000
1777586662.722906,0,5.000000,0.000000,5.000000,0.000000,0.000000,0.000000,0.000000,0.000000,8.000000,-113.650000
1777586662.752549,0,5.000000,0.000000,5.000000,0.000000,0.000000,0.000000,0.000000,0.000000,8.000000,-113.630000
1777586662.753027,0,5.000000,0.000000,5.000000,0.000000,0.000000,0.000000,0.000000,0.000000,8.000000,-113.620000
1777586662.753566,0,5.000000,0.000000,5.000000,0.000000,0.000000,0.000000,0.000000,0.000000,8.000000,-113.620000
1777586662.782839,0,5.000000,0.000000,5.000000,0.000000,0.000000,0.000000,0.000000,0.000000,8.000000,-113.610000
1777586662.783309,0,5.000000,0.000000,5.000000,0.000000,0.000000,0.000000,0.000000,0.000000,8.000000,-113.590000
1777586662.784061,0,5.000000,0.000000,5.000000,0.000000,0.000000,0.000000,0.000000,0.000000,8.000000,-113.580000
1777586662.812628,0,5.000000,0.000000,5.000000,0.000000,0.000000,0.000000,0.000000,0.000000,8.000000,-113.580000
1777586662.813121,0,5.000000,0.000000,5.000000,0.000000,0.000000,0.000000,0.000000,0.000000,8.000000,-113.560000
1777586662.813640,0,5.000000,0.000000,5.000000,0.000000,0.000000,0.000000,0.000000,0.000000,8.000000,-113.550000
1777586662.841796,0,5.000000,0.000000,5.000000,0.000000,0.000000,0.000000,0.000000,0.000000,8.000000,-113.550000
1777586662.842262,0,5.000000,0.000000,5.000000,0.000000,0.000000,0.000000,0.000000,0.000000,8.000000,-113.540000
1777586662.871867,0,5.000000,0.000000,5.000000,0.000000,0.000000,0.000000,0.000000,0.000000,8.000000,-113.520000
1777586662.872352,0,5.000000,0.000000,5.000000,0.000000,0.000000,0.000000,0.000000,0.000000,8.000000,-113.510000
1777586662.872919,0,5.000000,0.000000,5.000000,0.000000,0.000000,0.000000,0.000000,0.000000,8.000000,-113.510000
1777586662.873257,0,5.000000,0.000000,5.000000,0.000000,0.000000,0.000000,0.000000,0.000000,8.000000,-113.500000
1777586662.906620,0,5.000000,0.000000,5.000000,0.000000,0.000000,0.000000,0.000000,0.000000,8.000000,-113.480000
1777586662.907169,0,5.000000,0.000000,5.000000,0.000000,0.000000,0.000000,0.000000,0.000000,8.000000,-113.480000
1777586662.907579,0,5.000000,0.000000,5.000000,0.000000,0.000000,0.000000,0.000000,0.000000,8.000000,-113.470000
1777586662.946067,0,5.000000,0.000000,5.000000,0.000000,0.000000,0.000000,0.000000,0.000000,8.000000,-113.450000
1777586662.946702,0,5.000000,0.000000,5.000000,0.000000,0.000000,0.000000,0.000000,0.000000,8.000000,-113.440000
1777586662.947084,0,5.000000,0.000000,5.000000,0.000000,0.000000,0.000000,0.000000,0.000000,8.000000,-113.430000
1777586662.947686,0,5.000000,0.000000,5.000000,0.000000,0.000000,0.000000,0.000000,0.000000,8.000000,-113.410000
1777586662.948073,0,5.000000,0.000000,5.000000,0.000000,0.000000,0.000000,0.000000,0.000000,8.000000,-113.410000
1777586662.987761,0,5.000000,0.000000,5.000000,0.000000,0.000000,0.000000,0.000000,0.000000,8.000000,-113.400000
1777586662.988263,0,5.000000,0.000000,5.000000,0.000000,0.000000,0.000000,0.000000,0.000000,8.000000,-113.400000
1777586663.007149,0,5.000000,0.000000,5.000000,0.000000,0.000000,0.000000,0.000000,0.000000,8.000000,-113.370000
1777586663.024341,0,5.000000,0.000000,5.000000,0.000000,0.000000,0.000000,0.000000,0.000000,8.000000,-113.370000
1777586663.024823,0,5.000000,0.000000,5.000000,0.000000,0.000000,0.000000,0.000000,0.000000,8.000000,-113.360000
1777586663.041916,0,5.000000,0.000000,5.000000,0.000000,0.000000,0.000000,0.000000,0.000000,8.000000,-113.340000
1777586663.042384,0,5.000000,0.000000,5.000000,0.000000,0.000000,0.000000,0.000000,0.000000,8.000000,-113.330000
1777586663.059283,0,5.000000,0.000000,5.000000,0.000000,0.000000,0.000000,0.000000,0.000000,8.000000,-113.330000
1777586663.075604,0,5.000000,0.000000,5.000000,0.000000,0.000000,0.000000,0.000000,0.000000,8.000000,-113.310000
1777586663.076071,0,5.000000,0.000000,5.000000,0.000000,0.000000,0.000000,0.000000,0.000000,8.000000,-113.300000
1777586663.092821,0,5.000000,0.000000,5.000000,0.000000,0.000000,0.000000,0.000000,0.000000,8.000000,-113.300000
1777586663.113851,0,5.000000,0.000000,5.000000,0.000000,0.000000,0.000000,0.000000,0.000000,8.000000,-113.290000
1777586663.114538,0,5.000000,0.000000,5.000000,0.000000,0.000000,0.000000,0.000000,0.000000,8.000000,-113.270000
1777586663.132144,0,5.000000,0.000000,5.000000,0.000000,0.000000,0.000000,0.000000,0.000000,8.000000,-113.260000
1777586663.132743,0,5.000000,0.000000,5.000000,0.000000,0.000000,0.000000,0.000000,0.000000,8.000000,-113.260000
1777586663.149544,0,5.000000,0.000000,5.000000,0.000000,0.000000,0.000000,0.000000,0.000000,8.000000,-113.250000
1777586663.150023,0,5.000000,0.000000,5.000000,0.000000,0.000000,0.000000,0.000000,0.000000,8.000000,-113.230000
1777586663.166939,0,5.000000,0.000000,5.000000,0.000000,0.000000,0.000000,0.000000,0.000000,8.000000,-113.230000
1777586663.169466,0,5.000000,0.000000,5.000000,0.000000,0.000000,0.000000,0.000000,0.000000,8.000000,-113.220000
1777586663.186231,0,5.000000,0.000000,5.000000,0.000000,0.000000,0.000000,0.000000,0.000000,8.000000,-113.200000
1777586663.186816,0,5.000000,0.000000,5.000000,0.000000,0.000000,0.000000,0.000000,0.000000,8.000000,-113.190000
1777586663.205686,0,5.000000,0.000000,5.000000,0.000000,0.000000,0.000000,0.000000,0.000000,8.000000,-113.190000
1777586663.206166,0,5.000000,0.000000,5.000000,0.000000,0.000000,0.000000,0.000000,0.000000,8.000000,-113.180000
1777586663.227835,0,5.000000,0.000000,5.000000,0.000000,0.000000,0.000000,0.000000,0.000000,8.000000,-113.160000
1777586663.250204,0,5.000000,0.000000,5.000000,0.000000,0.000000,0.000000,0.000000,0.000000,8.000000,-113.160000
1777586663.251056,0,5.000000,0.000000,5.000000,0.000000,0.000000,0.000000,0.000000,0.000000,8.000000,-113.150000
1777586663.251459,0,5.000000,0.000000,5.000000,0.000000,0.000000,0.000000,0.000000,0.000000,8.000000,-113.130000
1777586663.273311,0,5.000000,0.000000,5.000000,0.000000,0.000000,0.000000,0.000000,0.000000,8.000000,-113.120000
1777586663.273788,0,5.000000,0.000000,5.000000,0.000000,0.000000,0.000000,0.000000,0.000000,8.000000,-113.120000
1777586663.295064,0,5.000000,0.000000,5.000000,0.000000,0.000000,0.000000,0.000000,0.000000,8.000000,-113.110000
1777586663.295619,0,5.000000,0.000000,5.000000,0.000000,0.000000,0.000000,0.000000,0.000000,8.000000,-113.090000
1777586663.312545,0,5.000000,0.000000,5.000000,0.000000,0.000000,0.000000,0.000000,0.000000,8.000000,-113.080000
1777586663.313012,0,5.000000,0.000000,5.000000,0.000000,0.000000,0.000000,0.000000,0.000000,8.000000,-113.080000
1777586663.313505,0,5.000000,0.000000,5.000000,0.000000,0.000000,0.000000,0.000000,0.000000,8.000000,-113.060000
1777586663.331061,0,5.000000,0.000000,5.000000,0.000000,0.000000,0.000000,0.000000,0.000000,8.000000,-113.050000
1777586663.348460,0,5.000000,0.000000,5.000000,0.000000,0.000000,0.000000,0.000000,0.000000,8.000000,-113.050000
1777586663.349088,0,5.000000,0.000000,5.000000,0.000000,0.000000,0.000000,0.000000,0.000000,8.000000,-113.040000
1777586663.368234,0,5.000000,0.000000,5.000000,0.000000,0.000000,0.000000,0.000000,0.000000,8.000000,-113.020000
1777586663.389624,0,5.000000,0.000000,5.000000,0.000000,0.000000,0.000000,0.000000,0.000000,8.000000,-113.010000
1777586663.390058,0,5.000000,0.000000,5.000000,0.000000,0.000000,0.000000,0.000000,0.000000,8.000000,-113.010000
1777586663.390610,0,5.000000,0.000000,5.000000,0.000000,0.000000,0.000000,0.000000,0.000000,8.000000,-113.000000
1777586663.411796,0,5.000000,0.000000,5.000000,0.000000,0.000000,0.000000,0.000000,0.000000,8.000000,-112.980000
1777586663.412413,0,5.000000,0.000000,5.000000,0.000000,0.000000,0.000000,0.000000,0.000000,8.000000,-112.980000
1777586663.433559,0,5.000000,0.000000,5.000000,0.000000,0.000000,0.000000,0.000000,0.000000,8.000000,-112.970000
1777586663.434039,0,5.000000,0.000000,5.000000,0.000000,0.000000,0.000000,0.000000,0.000000,8.000000,-112.950000
1777586663.453389,0,5.000000,0.000000,5.000000,0.000000,0.000000,0.000000,0.000000,0.000000,8.000000,-112.940000
1777586663.472074,0,5.000000,0.000000,5.000000,0.000000,0.000000,0.000000,0.000000,0.000000,8.000000,-112.940000
1777586663.472553,0,5.000000,0.000000,5.000000,0.000000,0.000000,0.000000,0.000000,0.000000,8.000000,-112.930000
1777586663.473117,0,5.000000,0.000000,5.000000,0.000000,0.000000,0.000000,0.000000,0.000000,8.000000,-112.910000
1777586663.499621,0,5.000000,0.000000,5.000000,0.000000,0.000000,0.000000,0.000000,0.000000,8.000000,-112.910000
1777586663.500123,0,5.000000,0.000000,5.000000,0.000000,0.000000,0.000000,0.000000,0.000000,8.000000,-112.900000
1777586663.500615,0,5.000000,0.000000,5.000000,0.000000,0.000000,0.000000,0.000000,0.000000,8.000000,-112.880000
1777586663.521582,0,5.000000,0.000000,5.000000,0.000000,0.000000,0.000000,0.000000,0.000000,8.000000,-112.870000
1777586663.542485,0,5.000000,0.000000,5.000000,0.000000,0.000000,0.000000,0.000000,0.000000,8.000000,-112.870000
1777586663.542965,0,5.000000,0.000000,5.000000,0.000000,0.000000,0.000000,0.000000,0.000000,8.000000,-112.860000
1777586663.565418,0,5.000000,0.000000,5.000000,0.000000,0.000000,0.000000,0.000000,0.000000,8.000000,-112.840000
1777586663.566027,0,5.000000,0.000000,5.000000,0.000000,0.000000,0.000000,0.000000,0.000000,8.000000,-112.830000
1777586663.582963,0,5.000000,0.000000,5.000000,0.000000,0.000000,0.000000,0.000000,0.000000,8.000000,-112.830000
1777586663.583453,0,5.000000,0.000000,5.000000,0.000000,0.000000,0.000000,0.000000,0.000000,8.000000,-112.810000
1777586663.583805,0,5.000000,0.000000,5.000000,0.000000,0.000000,0.000000,0.000000,0.000000,8.000000,-112.800000
1777586663.584133,0,5.000000,0.000000,5.000000,0.000000,0.000000,0.000000,0.000000,0.000000,8.000000,-112.800000
1777586663.613251,0,5.000000,0.000000,5.000000,0.000000,0.000000,0.000000,0.000000,0.000000,8.000000,-112.790000
1777586663.613742,0,5.000000,0.000000,5.000000,0.000000,0.000000,0.000000,0.000000,0.000000,8.000000,-112.770000
1777586663.614507,0,5.000000,0.000000,5.000000,0.000000,0.000000,0.000000,0.000000,0.000000,8.000000,-112.760000
1777586663.615165,0,5.000000,0.000000,5.000000,0.000000,0.000000,0.000000,0.000000,0.000000,8.000000,-112.760000
1777586663.644200,0,5.000000,0.000000,5.000000,0.000000,0.000000,0.000000,0.000000,0.000000,8.000000,-112.750000
1777586663.644844,0,5.000000,0.000000,5.000000,0.000000,0.000000,0.000000,0.000000,0.000000,8.000000,-112.730000
1777586663.645244,0,5.000000,0.000000,5.000000,0.000000,0.000000,0.000000,0.000000,0.000000,8.000000,-112.730000
1777586663.662650,0,5.000000,0.000000,5.000000,0.000000,0.000000,0.000000,0.000000,0.000000,8.000000,-112.720000
1777586663.680296,0,5.000000,0.000000,5.000000,0.000000,0.000000,0.000000,0.000000,0.000000,8.000000,-112.700000
1777586663.696418,0,5.000000,0.000000,5.000000,0.000000,0.000000,0.000000,0.000000,0.000000,8.000000,-112.690000
1777586663.713039,0,5.000000,0.000000,5.000000,0.000000,0.000000,0.000000,0.000000,0.000000,8.000000,-112.690000
1777586663.713505,0,5.000000,0.000000,5.000000,0.000000,0.000000,0.000000,0.000000,0.000000,8.000000,-112.680000
1777586663.731056,0,5.000000,0.000000,5.000000,0.000000,0.000000,0.000000,0.000000,0.000000,8.000000,-112.660000
1777586663.731591,0,5.000000,0.000000,5.000000,0.000000,0.000000,0.000000,0.000000,0.000000,8.000000,-112.660000
1777586663.732115,0,5.000000,0.000000,5.000000,0.000000,0.000000,0.000000,0.000000,0.000000,8.000000,-112.650000
1777586663.749627,0,5.000000,0.000000,5.000000,0.000000,0.000000,0.000000,0.000000,0.000000,8.000000,-112.630000
1777586663.766747,0,5.000000,0.000000,5.000000,0.000000,0.000000,0.000000,0.000000,0.000000,8.000000,-112.620000
1777586663.784034,0,5.000000,0.000000,5.000000,0.000000,0.000000,0.000000,0.000000,0.000000,8.000000,-112.620000
1777586663.784519,0,5.000000,0.000000,5.000000,0.000000,0.000000,0.000000,0.000000,0.000000,8.000000,-112.610000
1777586663.784987,0,5.000000,0.000000,5.000000,0.000000,0.000000,0.000000,0.000000,0.000000,8.000000,-112.590000
1777586663.802479,0,5.000000,0.000000,5.000000,0.000000,0.000000,0.000000,0.000000,0.000000,8.000000,-112.580000
1777586663.802960,0,5.000000,0.000000,5.000000,0.000000,0.000000,0.000000,0.000000,0.000000,8.000000,-112.580000
1777586663.818928,0,5.000000,0.000000,5.000000,0.000000,0.000000,0.000000,0.000000,0.000000,8.000000,-112.560000
1777586663.819805,0,5.000000,0.000000,5.000000,0.000000,0.000000,0.000000,0.000000,0.000000,8.000000,-112.550000
1777586663.835810,0,5.000000,0.000000,5.000000,0.000000,0.000000,0.000000,0.000000,0.000000,8.000000,-112.550000
1777586663.853646,0,5.000000,0.000000,5.000000,0.000000,0.000000,0.000000,0.000000,0.000000,8.000000,-112.540000
1777586663.854109,0,5.000000,0.000000,5.000000,0.000000,0.000000,0.000000,0.000000,0.000000,8.000000,-112.520000
1777586663.870909,0,5.000000,0.000000,5.000000,0.000000,0.000000,0.000000,0.000000,0.000000,8.000000,-112.510000
1777586663.887725,0,5.000000,0.000000,5.000000,0.000000,0.000000,0.000000,0.000000,0.000000,8.000000,-112.510000
1777586663.888199,0,5.000000,0.000000,5.000000,0.000000,0.000000,0.000000,0.000000,0.000000,8.000000,-112.500000
1777586663.904047,0,5.000000,0.000000,5.000000,0.000000,0.000000,0.000000,0.000000,0.000000,8.000000,-112.480000
1777586663.904517,0,5.000000,0.000000,5.000000,0.000000,0.000000,0.000000,0.000000,0.000000,8.000000,-112.480000
1777586663.921168,0,5.000000,0.000000,5.000000,0.000000,0.000000,0.000000,0.000000,0.000000,8.000000,-112.470000
1777586663.941950,0,5.000000,0.000000,5.000000,0.000000,0.000000,0.000000,0.000000,0.000000,8.000000,-112.450000
1777586663.942467,0,5.000000,0.000000,5.000000,0.000000,0.000000,0.000000,0.000000,0.000000,8.000000,-112.440000
1777586663.959733,0,5.000000,0.000000,5.000000,0.000000,0.000000,0.000000,0.000000,0.000000,8.000000,-112.440000
1777586663.960210,0,5.000000,0.000000,5.000000,0.000000,0.000000,0.000000,0.000000,0.000000,8.000000,-112.430000
1777586663.980289,0,5.000000,0.000000,5.000000,0.000000,0.000000,0.000000,0.000000,0.000000,8.000000,-112.410000
1777586663.980873,0,5.000000,0.000000,5.000000,0.000000,0.000000,0.000000,0.000000,0.000000,8.000000,-112.410000
1777586664.006673,0,5.000000,0.000000,5.000000,0.000000,0.000000,0.000000,0.000000,0.000000,8.000000,-112.400000
1777586664.027303,0,5.000000,0.000000,5.000000,0.000000,0.000000,0.000000,0.000000,0.000000,8.000000,-112.380000
1777586664.027771,0,5.000000,0.000000,5.000000,0.000000,0.000000,0.000000,0.000000,0.000000,8.000000,-112.370000
1777586664.028152,0,5.000000,0.000000,5.000000,0.000000,0.000000,0.000000,0.000000,0.000000,8.000000,-112.370000
1777586664.028505,0,5.000000,0.000000,5.000000,0.000000,0.000000,0.000000,0.000000,0.000000,8.000000,-112.360000
1777586664.048744,0,5.000000,0.000000,5.000000,0.000000,0.000000,0.000000,0.000000,0.000000,8.000000,-112.340000
1777586664.050021,0,5.000000,0.000000,5.000000,0.000000,0.000000,0.000000,0.000000,0.000000,8.000000,-112.330000
1777586664.071584,0,5.000000,0.000000,5.000000,0.000000,0.000000,0.000000,0.000000,0.000000,8.000000,-112.330000
1777586664.072057,0,5.000000,0.000000,5.000000,0.000000,0.000000,0.000000,0.000000,0.000000,8.000000,-112.310000
1777586664.072438,0,5.000000,0.000000,5.000000,0.000000,0.000000,0.000000,0.000000,0.000000,8.000000,-112.300000
1777586664.102561,0,5.000000,0.000000,5.000000,0.000000,0.000000,0.000000,0.000000,0.000000,8.000000,-112.300000
1777586664.103036,0,5.000000,0.000000,5.000000,0.000000,0.000000,0.000000,0.000000,0.000000,8.000000,-112.290000
1777586664.103413,0,5.000000,0.000000,5.000000,0.000000,0.000000,0.000000,0.000000,0.000000,8.000000,-112.270000
1777586664.103912,0,5.000000,0.000000,5.000000,0.000000,0.000000,0.000000,0.000000,0.000000,8.000000,-112.260000
1777586664.119934,0,5.000000,0.000000,5.000000,0.000000,0.000000,0.000000,0.000000,0.000000,8.000000,-112.260000
1777586664.136548,0,5.000000,0.000000,5.000000,0.000000,0.000000,0.000000,0.000000,0.000000,8.000000,-112.250000
1777586664.154042,0,5.000000,0.000000,5.000000,0.000000,0.000000,0.000000,0.000000,0.000000,8.000000,-112.230000
1777586664.173048,0,5.000000,0.000000,5.000000,0.000000,0.000000,0.000000,0.000000,0.000000,8.000000,-112.230000
1777586664.173523,0,5.000000,0.000000,5.000000,0.000000,0.000000,0.000000,0.000000,0.000000,8.000000,-112.220000
1777586664.174054,0,5.000000,0.000000,5.000000,0.000000,0.000000,0.000000,0.000000,0.000000,8.000000,-112.200000
1777586664.190681,0,5.000000,0.000000,5.000000,0.000000,0.000000,0.000000,0.000000,0.000000,8.000000,-112.190000
1777586664.228929,0,5.000000,0.000000,5.000000,0.000000,0.000000,0.000000,0.000000,0.000000,8.000000,-112.190000
1777586664.229415,0,5.000000,0.000000,5.000000,0.000000,0.000000,0.000000,0.000000,0.000000,8.000000,-112.180000
1777586664.229765,0,5.000000,0.000000,5.000000,0.000000,0.000000,0.000000,0.000000,0.000000,8.000000,-112.160000
1777586664.230115,0,5.000000,0.000000,5.000000,0.000000,0.000000,0.000000,0.000000,0.000000,8.000000,-112.160000
1777586664.230532,0,5.000000,0.000000,5.000000,0.000000,0.000000,0.000000,0.000000,0.000000,8.000000,-112.150000
1777586664.231156,0,5.000000,0.000000,5.000000,0.000000,0.000000,0.000000,0.000000,0.000000,8.000000,-112.130000
1777586664.269661,0,5.000000,0.000000,5.000000,0.000000,0.000000,0.000000,0.000000,0.000000,8.000000,-112.120000
1777586664.270390,0,5.000000,0.000000,5.000000,0.000000,0.000000,0.000000,0.000000,0.000000,8.000000,-112.120000
1777586664.270758,0,5.000000,0.000000,5.000000,0.000000,0.000000,0.000000,0.000000,0.000000,8.000000,-112.110000
1777586664.289741,0,5.000000,0.000000,5.000000,0.000000,0.000000,0.000000,0.000000,0.000000,8.000000,-112.090000
1777586664.306860,0,5.000000,0.000000,5.000000,0.000000,0.000000,0.000000,0.000000,0.000000,8.000000,-112.080000
1777586664.324126,0,5.000000,0.000000,5.000000,0.000000,0.000000,0.000000,0.000000,0.000000,8.000000,-112.080000
1777586664.324603,0,5.000000,0.000000,5.000000,0.000000,0.000000,0.000000,0.000000,0.000000,8.000000,-112.060000
1777586664.341690,0,5.000000,0.000000,5.000000,0.000000,0.000000,0.000000,0.000000,0.000000,8.000000,-112.050000
1777586664.342165,0,5.000000,0.000000,5.000000,0.000000,0.000000,0.000000,0.000000,0.000000,8.000000,-112.050000
1777586664.359228,0,5.000000,0.000000,5.000000,0.000000,0.000000,0.000000,0.000000,0.000000,8.000000,-112.040000
1777586664.359705,0,5.000000,0.000000,5.000000,0.000000,0.000000,0.000000,0.000000,0.000000,8.000000,-112.020000
1777586664.376419,0,5.000000,0.000000,5.000000,0.000000,0.000000,0.000000,0.000000,0.000000,8.000000,-112.010000
1777586664.393696,0,5.000000,0.000000,5.000000,0.000000,0.000000,0.000000,0.000000,0.000000,8.000000,-112.010000
1777586664.410012,0,5.000000,0.000000,5.000000,0.000000,0.000000,0.000000,0.000000,0.000000,8.000000,-112.000000
1777586664.410485,0,5.000000,0.000000,5.000000,0.000000,0.000000,0.000000,0.000000,0.000000,8.000000,-111.980000
1777586664.410861,0,5.000000,0.000000,5.000000,0.000000,0.000000,0.000000,0.000000,0.000000,8.000000,-111.980000
1777586664.428403,0,5.000000,0.000000,5.000000,0.000000,0.000000,0.000000,0.000000,0.000000,8.000000,-111.970000
1777586664.429023,0,5.000000,0.000000,5.000000,0.000000,0.000000,0.000000,0.000000,0.000000,8.000000,-111.950000
1777586664.445448,0,5.000000,0.000000,5.000000,0.000000,0.000000,0.000000,0.000000,0.000000,8.000000,-111.940000
1777586664.445930,0,5.000000,0.000000,5.000000,0.000000,0.000000,0.000000,0.000000,0.000000,8.000000,-111.940000
1777586664.461793,0,5.000000,0.000000,5.000000,0.000000,0.000000,0.000000,0.000000,0.000000,8.000000,-111.930000
1777586664.480322,0,5.000000,0.000000,5.000000,0.000000,0.000000,0.000000,0.000000,0.000000,8.000000,-111.910000
1777586664.496524,0,5.000000,0.000000,5.000000,0.000000,0.000000,0.000000,0.000000,0.000000,8.000000,-111.910000
1777586664.496999,0,5.000000,0.000000,5.000000,0.000000,0.000000,0.000000,0.000000,0.000000,8.000000,-111.900000
1777586664.497434,0,5.000000,0.000000,5.000000,0.000000,0.000000,0.000000,0.000000,0.000000,8.000000,-111.880000
1777586664.497822,0,5.000000,0.000000,5.000000,0.000000,0.000000,0.000000,0.000000,0.000000,8.000000,-111.870000
1777586664.527579,0,5.000000,0.000000,5.000000,0.000000,0.000000,0.000000,0.000000,0.000000,8.000000,-111.870000
1777586664.528059,0,5.000000,0.000000,5.000000,0.000000,0.000000,0.000000,0.000000,0.000000,8.000000,-111.860000
1777586664.528647,0,5.000000,0.000000,5.000000,0.000000,0.000000,0.000000,0.000000,0.000000,8.000000,-111.840000
1777586664.558284,0,5.000000,0.000000,5.000000,0.000000,0.000000,0.000000,0.000000,0.000000,8.000000,-111.830000
1777586664.558761,0,5.000000,0.000000,5.000000,0.000000,0.000000,0.000000,0.000000,0.000000,8.000000,-111.830000
1777586664.559347,0,5.000000,0.000000,5.000000,0.000000,0.000000,0.000000,0.000000,0.000000,8.000000,-111.810000
1777586664.559716,0,5.000000,0.000000,5.000000,0.000000,0.000000,0.000000,0.000000,0.000000,8.000000,-111.800000
1777586664.588840,0,5.000000,0.000000,5.000000,0.000000,0.000000,0.000000,0.000000,0.000000,8.000000,-111.800000
1777586664.589302,0,5.000000,0.000000,5.000000,0.000000,0.000000,0.000000,0.000000,0.000000,8.000000,-111.790000
1777586664.618845,0,5.000000,0.000000,5.000000,0.000000,0.000000,0.000000,0.000000,0.000000,8.000000,-111.770000
1777586664.619326,0,5.000000,0.000000,5.000000,0.000000,0.000000,0.000000,0.000000,0.000000,8.000000,-111.760000
1777586664.619711,0,5.000000,0.000000,5.000000,0.000000,0.000000,0.000000,0.000000,0.000000,8.000000,-111.760000
1777586664.649468,0,5.000000,0.000000,5.000000,0.000000,0.000000,0.000000,0.000000,0.000000,8.000000,-111.750000
1777586664.650110,0,5.000000,0.000000,5.000000,0.000000,0.000000,0.000000,0.000000,0.000000,8.000000,-111.730000
1777586664.650524,0,5.000000,0.000000,5.000000,0.000000,0.000000,0.000000,0.000000,0.000000,8.000000,-111.730000
1777586664.667754,0,5.000000,0.000000,5.000000,0.000000,0.000000,0.000000,0.000000,0.000000,8.000000,-111.720000
1777586664.684441,0,5.000000,0.000000,5.000000,0.000000,0.000000,0.000000,0.000000,0.000000,8.000000,-111.700000
1777586664.702240,0,5.000000,0.000000,5.000000,0.000000,0.000000,0.000000,0.000000,0.000000,8.000000,-111.690000
1777586664.719085,0,5.000000,0.000000,5.000000,0.000000,0.000000,0.000000,0.000000,0.000000,8.000000,-111.690000
1777586664.719568,0,5.000000,0.000000,5.000000,0.000000,0.000000,0.000000,0.000000,0.000000,8.000000,-111.680000
1777586664.720096,0,5.000000,0.000000,5.000000,0.000000,0.000000,0.000000,0.000000,0.000000,8.000000,-111.660000
1777586664.739510,0,5.000000,0.000000,5.000000,0.000000,0.000000,0.000000,0.000000,0.000000,8.000000,-111.660000
1777586664.760463,0,5.000000,0.000000,5.000000,0.000000,0.000000,0.000000,0.000000,0.000000,8.000000,-111.650000
1777586664.760971,0,5.000000,0.000000,5.000000,0.000000,0.000000,0.000000,0.000000,0.000000,8.000000,-111.630000
1777586664.782269,0,5.000000,0.000000,5.000000,0.000000,0.000000,0.000000,0.000000,0.000000,8.000000,-111.620000
1777586664.782725,0,5.000000,0.000000,5.000000,0.000000,0.000000,0.000000,0.000000,0.000000,8.000000,-111.620000
1777586664.783052,0,5.000000,0.000000,5.000000,0.000000,0.000000,0.000000,0.000000,0.000000,8.000000,-111.610000
1777586664.804862,0,5.000000,0.000000,5.000000,0.000000,0.000000,0.000000,0.000000,0.000000,8.000000,-111.590000
1777586664.805341,0,5.000000,0.000000,5.000000,0.000000,0.000000,0.000000,0.000000,0.000000,8.000000,-111.580000
1777586664.825672,0,5.000000,0.000000,5.000000,0.000000,0.000000,0.000000,0.000000,0.000000,8.000000,-111.580000
1777586664.826144,0,5.000000,0.000000,5.000000,0.000000,0.000000,0.000000,0.000000,0.000000,8.000000,-111.560000
1777586664.843078,0,5.000000,0.000000,5.000000,0.000000,0.000000,0.000000,0.000000,0.000000,8.000000,-111.550000
1777586664.843554,0,5.000000,0.000000,5.000000,0.000000,0.000000,0.000000,0.000000,0.000000,8.000000,-111.550000
1777586664.862020,0,5.000000,0.000000,5.000000,0.000000,0.000000,0.000000,0.000000,0.000000,8.000000,-111.540000
1777586664.862633,0,5.000000,0.000000,5.000000,0.000000,0.000000,0.000000,0.000000,0.000000,8.000000,-111.520000
1777586664.878548,0,5.000000,0.000000,5.000000,0.000000,0.000000,0.000000,0.000000,0.000000,8.000000,-111.510000
1777586664.879018,0,5.000000,0.000000,5.000000,0.000000,0.000000,0.000000,0.000000,0.000000,8.000000,-111.510000
1777586664.879398,0,5.000000,0.000000,5.000000,0.000000,0.000000,0.000000,0.000000,0.000000,8.000000,-111.500000
1777586664.895493,0,5.000000,0.000000,5.000000,0.000000,0.000000,0.000000,0.000000,0.000000,8.000000,-111.480000
1777586664.913806,0,5.000000,0.000000,5.000000,0.000000,0.000000,0.000000,0.000000,0.000000,8.000000,-111.480000
1777586664.932614,0,5.000000,0.000000,5.000000,0.000000,0.000000,0.000000,0.000000,0.000000,8.000000,-111.470000
1777586664.933062,0,5.000000,0.000000,5.000000,0.000000,0.000000,0.000000,0.000000,0.000000,8.000000,-111.450000
1777586664.933479,0,5.000000,0.000000,5.000000,0.000000,0.000000,0.000000,0.000000,0.000000,8.000000,-111.440000
1777586664.949356,0,5.000000,0.000000,5.000000,0.000000,0.000000,0.000000,0.000000,0.000000,8.000000,-111.440000
1777586664.971132,0,5.000000,0.000000,5.000000,0.000000,0.000000,0.000000,0.000000,0.000000,8.000000,-111.430000
1777586664.991441,0,5.000000,0.000000,5.000000,0.000000,0.000000,0.000000,0.000000,0.000000,8.000000,-111.410000
1777586664.991913,0,5.000000,0.000000,5.000000,0.000000,0.000000,0.000000,0.000000,0.000000,8.000000,-111.410000
1777586664.992301,0,5.000000,0.000000,5.000000,0.000000,0.000000,0.000000,0.000000,0.000000,8.000000,-111.400000
1777586665.014288,0,5.000000,0.000000,5.000000,0.000000,0.000000,0.000000,0.000000,0.000000,8.000000,-111.380000
1777586665.014858,0,5.000000,0.000000,5.000000,0.000000,0.000000,0.000000,0.000000,0.000000,8.000000,-111.370000
1777586665.034875,0,5.000000,0.000000,5.000000,0.000000,0.000000,0.000000,0.000000,0.000000,8.000000,-111.370000
1777586665.035522,0,5.000000,0.000000,5.000000,0.000000,0.000000,0.000000,0.000000,0.000000,8.000000,-111.360000
1777586665.035870,0,5.000000,0.000000,5.000000,0.000000,0.000000,0.000000,0.000000,0.000000,8.000000,-111.340000
1777586665.057660,0,5.000000,0.000000,5.000000,0.000000,0.000000,0.000000,0.000000,0.000000,8.000000,-111.330000
1777586665.075680,0,5.000000,0.000000,5.000000,0.000000,0.000000,0.000000,0.000000,0.000000,8.000000,-111.330000
1777586665.076153,0,5.000000,0.000000,5.000000,0.000000,0.000000,0.000000,0.000000,0.000000,8.000000,-111.310000
1777586665.076673,0,5.000000,0.000000,5.000000,0.000000,0.000000,0.000000,0.000000,0.000000,8.000000,-111.300000
1777586665.092615,0,5.000000,0.000000,5.000000,0.000000,0.000000,0.000000,0.000000,0.000000,8.000000,-111.300000
1777586665.110076,0,5.000000,0.000000,5.000000,0.000000,0.000000,0.000000,0.000000,0.000000,8.000000,-111.290000
1777586665.127944,0,5.000000,0.000000,5.000000,0.000000,0.000000,0.000000,0.000000,0.000000,8.000000,-111.270000
1777586665.128418,0,5.000000,0.000000,5.000000,0.000000,0.000000,0.000000,0.000000,0.000000,8.000000,-111.260000
1777586665.128915,0,5.000000,0.000000,5.000000,0.000000,0.000000,0.000000,0.000000,0.000000,8.000000,-111.260000
1777586665.145304,0,5.000000,0.000000,5.000000,0.000000,0.000000,0.000000,0.000000,0.000000,8.000000,-111.250000
1777586665.145771,0,5.000000,0.000000,5.000000,0.000000,0.000000,0.000000,0.000000,0.000000,8.000000,-111.230000
1777586665.163626,0,5.000000,0.000000,5.000000,0.000000,0.000000,0.000000,0.000000,0.000000,8.000000,-111.230000
1777586665.164501,0,5.000000,0.000000,5.000000,0.000000,0.000000,0.000000,0.000000,0.000000,8.000000,-111.220000
1777586665.165056,0,5.000000,0.000000,5.000000,0.000000,0.000000,0.000000,0.000000,0.000000,8.000000,-111.200000
1777586665.195555,0,5.000000,0.000000,5.000000,0.000000,0.000000,0.000000,0.000000,0.000000,8.000000,-111.190000
1777586665.196040,0,5.000000,0.000000,5.000000,0.000000,0.000000,0.000000,0.000000,0.000000,8.000000,-111.190000
1777586665.196598,0,5.000000,0.000000,5.000000,0.000000,0.000000,0.000000,0.000000,0.000000,8.000000,-111.180000
1777586665.196974,0,5.000000,0.000000,5.000000,0.000000,0.000000,0.000000,0.000000,0.000000,8.000000,-111.160000
1777586665.225582,0,5.000000,0.000000,5.000000,0.000000,0.000000,0.000000,0.000000,0.000000,8.000000,-111.160000
1777586665.226045,0,5.000000,0.000000,5.000000,0.000000,0.000000,0.000000,0.000000,0.000000,8.000000,-111.150000
1777586665.256141,0,5.000000,0.000000,5.000000,0.000000,0.000000,0.000000,0.000000,0.000000,8.000000,-111.130000
1777586665.256830,0,5.000000,0.000000,5.000000,0.000000,0.000000,0.000000,0.000000,0.000000,8.000000,-111.120000
1777586665.257222,0,5.000000,0.000000,5.000000,0.000000,0.000000,0.000000,0.000000,0.000000,8.000000,-111.120000
1777586665.288098,0,5.000000,0.000000,5.000000,0.000000,0.000000,0.000000,0.000000,0.000000,8.000000,-111.110000
1777586665.288585,0,5.000000,0.000000,5.000000,0.000000,0.000000,0.000000,0.000000,0.000000,8.000000,-111.090000
1777586665.288970,0,5.000000,0.000000,5.000000,0.000000,0.000000,0.000000,0.000000,0.000000,8.000000,-111.080000
1777586665.289495,0,5.000000,0.000000,5.000000,0.000000,0.000000,0.000000,0.000000,0.000000,8.000000,-111.080000
1777586665.318894,0,5.000000,0.000000,5.000000,0.000000,0.000000,0.000000,0.000000,0.000000,8.000000,-111.060000
1777586665.319687,0,5.000000,0.000000,5.000000,0.000000,0.000000,0.000000,0.000000,0.000000,8.000000,-111.050000
1777586665.335922,0,5.000000,0.000000,5.000000,0.000000,0.000000,0.000000,0.000000,0.000000,8.000000,-111.050000
1777586665.352554,0,5.000000,0.000000,5.000000,0.000000,0.000000,0.000000,0.000000,0.000000,8.000000,-111.040000
1777586665.353031,0,5.000000,0.000000,5.000000,0.000000,0.000000,0.000000,0.000000,0.000000,8.000000,-111.020000
1777586665.370048,0,5.000000,0.000000,5.000000,0.000000,0.000000,0.000000,0.000000,0.000000,8.000000,-111.010000
1777586665.386934,0,5.000000,0.000000,5.000000,0.000000,0.000000,0.000000,0.000000,0.000000,8.000000,-111.010000
1777586665.387561,0,5.000000,0.000000,5.000000,0.000000,0.000000,0.000000,0.000000,0.000000,8.000000,-111.000000
1777586665.404649,0,5.000000,0.000000,5.000000,0.000000,0.000000,0.000000,0.000000,0.000000,8.000000,-110.980000
1777586665.405120,0,5.000000,0.000000,5.000000,0.000000,0.000000,0.000000,0.000000,0.000000,8.000000,-110.980000
1777586665.421662,0,5.000000,0.000000,5.000000,0.000000,0.000000,0.000000,0.000000,0.000000,8.000000,-110.970000
1777586665.439683,0,5.000000,0.000000,5.000000,0.000000,0.000000,0.000000,0.000000,0.000000,8.000000,-110.950000
1777586665.440443,0,5.000000,0.000000,5.000000,0.000000,0.000000,0.000000,0.000000,0.000000,8.000000,-110.940000
1777586665.457471,0,5.000000,0.000000,5.000000,0.000000,0.000000,0.000000,0.000000,0.000000,8.000000,-110.940000
1777586665.458045,0,5.000000,0.000000,5.000000,0.000000,0.000000,0.000000,0.000000,0.000000,8.000000,-110.930000
1777586665.474723,0,5.000000,0.000000,5.000000,0.000000,0.000000,0.000000,0.000000,0.000000,8.000000,-110.910000
1777586665.475199,0,5.000000,0.000000,5.000000,0.000000,0.000000,0.000000,0.000000,0.000000,8.000000,-110.910000
1777586665.491661,0,5.000000,0.000000,5.000000,0.000000,0.000000,0.000000,0.000000,0.000000,8.000000,-110.900000
1777586665.492318,0,5.000000,0.000000,5.000000,0.000000,0.000000,0.000000,0.000000,0.000000,8.000000,-110.880000
1777586665.508583,0,5.000000,0.000000,5.000000,0.000000,0.000000,0.000000,0.000000,0.000000,8.000000,-110.870000
1777586665.525339,0,5.000000,0.000000,5.000000,0.000000,0.000000,0.000000,0.000000,0.000000,8.000000,-110.870000
1777586665.525810,0,5.000000,0.000000,5.000000,0.000000,0.000000,0.000000,0.000000,0.000000,8.000000,-110.860000
1777586665.543051,0,5.000000,0.000000,5.000000,0.000000,0.000000,0.000000,0.000000,0.000000,8.000000,-110.840000
1777586665.543513,0,5.000000,0.000000,5.000000,0.000000,0.000000,0.000000,0.000000,0.000000,8.000000,-110.830000
1777586665.560344,0,5.000000,0.000000,5.000000,0.000000,0.000000,0.000000,0.000000,0.000000,8.000000,-110.830000
1777586665.560965,0,5.000000,0.000000,5.000000,0.000000,0.000000,0.000000,0.000000,0.000000,8.000000,-110.810000
1777586665.577067,0,5.000000,0.000000,5.000000,0.000000,0.000000,0.000000,0.000000,0.000000,8.000000,-110.800000
1777586665.594394,0,5.000000,0.000000,5.000000,0.000000,0.000000,0.000000,0.000000,0.000000,8.000000,-110.800000
1777586665.594866,0,5.000000,0.000000,5.000000,0.000000,0.000000,0.000000,0.000000,0.000000,8.000000,-110.790000
1777586665.611144,0,5.000000,0.000000,5.000000,0.000000,0.000000,0.000000,0.000000,0.000000,8.000000,-110.770000
1777586665.611694,0,5.000000,0.000000,5.000000,0.000000,0.000000,0.000000,0.000000,0.000000,8.000000,-110.760000
1777586665.628674,0,5.000000,0.000000,5.000000,0.000000,0.000000,0.000000,0.000000,0.000000,8.000000,-110.760000
1777586665.645721,0,5.000000,0.000000,5.000000,0.000000,0.000000,0.000000,0.000000,0.000000,8.000000,-110.750000
1777586665.646189,0,5.000000,0.000000,5.000000,0.000000,0.000000,0.000000,0.000000,0.000000,8.000000,-110.730000
1777586665.663093,0,5.000000,0.000000,5.000000,0.000000,0.000000,0.000000,0.000000,0.000000,8.000000,-110.730000
1777586665.663565,0,5.000000,0.000000,5.000000,0.000000,0.000000,0.000000,0.000000,0.000000,8.000000,-110.720000
1777586665.679888,0,5.000000,0.000000,5.000000,0.000000,0.000000,0.000000,0.000000,0.000000,8.000000,-110.700000
1777586665.680827,0,5.000000,0.000000,5.000000,0.000000,0.000000,0.000000,0.000000,0.000000,8.000000,-110.690000
1777586665.697881,0,5.000000,0.000000,5.000000,0.000000,0.000000,0.000000,0.000000,0.000000,8.000000,-110.690000
1777586665.714573,0,5.000000,0.000000,5.000000,0.000000,0.000000,0.000000,0.000000,0.000000,8.000000,-110.680000
1777586665.715189,0,5.000000,0.000000,5.000000,0.000000,0.000000,0.000000,0.000000,0.000000,8.000000,-110.660000
1777586665.733013,0,5.000000,0.000000,5.000000,0.000000,0.000000,0.000000,0.000000,0.000000,8.000000,-110.660000
1777586665.733488,0,5.000000,0.000000,5.000000,0.000000,0.000000,0.000000,0.000000,0.000000,8.000000,-110.650000
1777586665.751173,0,5.000000,0.000000,5.000000,0.000000,0.000000,0.000000,0.000000,0.000000,8.000000,-110.630000
1777586665.751758,0,5.000000,0.000000,5.000000,0.000000,0.000000,0.000000,0.000000,0.000000,8.000000,-110.620000
1777586665.773441,0,5.000000,0.000000,5.000000,0.000000,0.000000,0.000000,0.000000,0.000000,8.000000,-110.620000
1777586665.795135,0,5.000000,0.000000,5.000000,0.000000,0.000000,0.000000,0.000000,0.000000,8.000000,-110.610000
1777586665.795614,0,5.000000,0.000000,5.000000,0.000000,0.000000,0.000000,0.000000,0.000000,8.000000,-110.590000
1777586665.796100,0,5.000000,0.000000,5.000000,0.000000,0.000000,0.000000,0.000000,0.000000,8.000000,-110.580000
1777586665.817421,0,5.000000,0.000000,5.000000,0.000000,0.000000,0.000000,0.000000,0.000000,8.000000,-110.580000
1777586665.836422,0,5.000000,0.000000,5.000000,0.000000,0.000000,0.000000,0.000000,0.000000,8.000000,-110.560000
1777586665.837060,0,5.000000,0.000000,5.000000,0.000000,0.000000,0.000000,0.000000,0.000000,8.000000,-110.550000
1777586665.837455,0,5.000000,0.000000,5.000000,0.000000,0.000000,0.000000,0.000000,0.000000,8.000000,-110.550000
1777586665.857996,0,5.000000,0.000000,5.000000,0.000000,0.000000,0.000000,0.000000,0.000000,8.000000,-110.540000
1777586665.858450,0,5.000000,0.000000,5.000000,0.000000,0.000000,0.000000,0.000000,0.000000,8.000000,-110.520000
1777586665.875785,0,5.000000,0.000000,5.000000,0.000000,0.000000,0.000000,0.000000,0.000000,8.000000,-110.510000
1777586665.876257,0,5.000000,0.000000,5.000000,0.000000,0.000000,0.000000,0.000000,0.000000,8.000000,-110.510000
1777586665.876829,0,5.000000,0.000000,5.000000,0.000000,0.000000,0.000000,0.000000,0.000000,8.000000,-110.500000
1777586665.907785,0,5.000000,0.000000,5.000000,0.000000,0.000000,0.000000,0.000000,0.000000,8.000000,-110.480000
1777586665.908242,0,5.000000,0.000000,5.000000,0.000000,0.000000,0.000000,0.000000,0.000000,8.000000,-110.480000
1777586665.908793,0,5.000000,0.000000,5.000000,0.000000,0.000000,0.000000,0.000000,0.000000,8.000000,-110.470000
1777586665.909151,0,5.000000,0.000000,5.000000,0.000000,0.000000,0.000000,0.000000,0.000000,8.000000,-110.450000
1777586665.942433,0,5.000000,0.000000,5.000000,0.000000,0.000000,0.000000,0.000000,0.000000,8.000000,-110.440000
1777586665.942892,0,5.000000,0.000000,5.000000,0.000000,0.000000,0.000000,0.000000,0.000000,8.000000,-110.440000
1777586665.943525,0,5.000000,0.000000,5.000000,0.000000,0.000000,0.000000,0.000000,0.000000,8.000000,-110.430000
1777586665.943921,0,5.000000,0.000000,5.000000,0.000000,0.000000,0.000000,0.000000,0.000000,8.000000,-110.410000
1777586665.975152,0,5.000000,0.000000,5.000000,0.000000,0.000000,0.000000,0.000000,0.000000,8.000000,-110.410000
1777586665.976082,0,5.000000,0.000000,5.000000,0.000000,0.000000,0.000000,0.000000,0.000000,8.000000,-110.400000
1777586665.976475,0,5.000000,0.000000,5.000000,0.000000,0.000000,0.000000,0.000000,0.000000,8.000000,-110.380000
1777586666.013747,0,5.000000,0.000000,5.000000,0.000000,0.000000,0.000000,0.000000,0.000000,8.000000,-110.370000
1777586666.014511,0,5.000000,0.000000,5.000000,0.000000,0.000000,0.000000,0.000000,0.000000,8.000000,-110.370000
1777586666.015266,0,5.000000,0.000000,5.000000,0.000000,0.000000,0.000000,0.000000,0.000000,8.000000,-110.360000
1777586666.055678,0,5.000000,0.000000,5.000000,0.000000,0.000000,0.000000,0.000000,0.000000,8.000000,-110.340000
1777586666.056214,0,5.000000,0.000000,5.000000,0.000000,0.000000,0.000000,0.000000,0.000000,8.000000,-110.330000
1777586666.056563,0,5.000000,0.000000,5.000000,0.000000,0.000000,0.000000,0.000000,0.000000,8.000000,-110.330000
1777586666.057069,0,5.000000,0.000000,5.000000,0.000000,0.000000,0.000000,0.000000,0.000000,8.000000,-110.310000
1777586666.095482,0,5.000000,0.000000,5.000000,0.000000,0.000000,0.000000,0.000000,0.000000,8.000000,-110.300000
1777586666.095951,0,5.000000,0.000000,5.000000,0.000000,0.000000,0.000000,0.000000,0.000000,8.000000,-110.300000
1777586666.096462,0,5.000000,0.000000,5.000000,0.000000,0.000000,0.000000,0.000000,0.000000,8.000000,-110.290000
1777586666.097142,0,5.000000,0.000000,5.000000,0.000000,0.000000,0.000000,0.000000,0.000000,8.000000,-110.270000
1777586666.097677,0,5.000000,0.000000,5.000000,0.000000,0.000000,0.000000,0.000000,0.000000,8.000000,-110.260000
1777586666.132874,0,5.000000,0.000000,5.000000,0.000000,0.000000,0.000000,0.000000,0.000000,8.000000,-110.260000
1777586666.133561,0,5.000000,0.000000,5.000000,0.000000,0.000000,0.000000,0.000000,0.000000,8.000000,-110.250000
1777586666.133983,0,5.000000,0.000000,5.000000,0.000000,0.000000,0.000000,0.000000,0.000000,8.000000,-110.230000
1777586666.164343,0,5.000000,0.000000,5.000000,0.000000,0.000000,0.000000,0.000000,0.000000,8.000000,-110.230000
1777586666.165142,0,5.000000,0.000000,5.000000,0.000000,0.000000,0.000000,0.000000,0.000000,8.000000,-110.220000
1777586666.165615,0,5.000000,0.000000,5.000000,0.000000,0.000000,0.000000,0.000000,0.000000,8.000000,-110.200000
1777586666.182976,0,5.000000,0.000000,5.000000,0.000000,0.000000,0.000000,0.000000,0.000000,8.000000,-110.190000
1777586666.199468,0,5.000000,0.000000,5.000000,0.000000,0.000000,0.000000,0.000000,0.000000,8.000000,-110.190000
1777586666.199946,0,5.000000,0.000000,5.000000,0.000000,0.000000,0.000000,0.000000,0.000000,8.000000,-110.180000
1777586666.216377,0,5.000000,0.000000,5.000000,0.000000,0.000000,0.000000,0.000000,0.000000,8.000000,-110.160000
1777586666.232994,0,5.000000,0.000000,5.000000,0.000000,0.000000,0.000000,0.000000,0.000000,8.000000,-110.160000
1777586666.249914,0,5.000000,0.000000,5.000000,0.000000,0.000000,0.000000,0.000000,0.000000,8.000000,-110.150000
1777586666.250382,0,5.000000,0.000000,5.000000,0.000000,0.000000,0.000000,0.000000,0.000000,8.000000,-110.130000
1777586666.268267,0,5.000000,0.000000,5.000000,0.000000,0.000000,0.000000,0.000000,0.000000,8.000000,-110.120000
1777586666.268764,0,5.000000,0.000000,5.000000,0.000000,0.000000,0.000000,0.000000,0.000000,8.000000,-110.120000
1777586666.285887,0,5.000000,0.000000,5.000000,0.000000,0.000000,0.000000,0.000000,0.000000,8.000000,-110.110000
1777586666.286364,0,5.000000,0.000000,5.000000,0.000000,0.000000,0.000000,0.000000,0.000000,8.000000,-110.090000
1777586666.303445,0,5.000000,0.000000,5.000000,0.000000,0.000000,0.000000,0.000000,0.000000,8.000000,-110.080000
1777586666.304010,0,5.000000,0.000000,5.000000,0.000000,0.000000,0.000000,0.000000,0.000000,8.000000,-110.080000
1777586666.320458,0,5.000000,0.000000,5.000000,0.000000,0.000000,0.000000,0.000000,0.000000,8.000000,-110.060000
1777586666.337524,0,5.000000,0.000000,5.000000,0.000000,0.000000,0.000000,0.000000,0.000000,8.000000,-110.050000
1777586666.337993,0,5.000000,0.000000,5.000000,0.000000,0.000000,0.000000,0.000000,0.000000,8.000000,-110.050000
1777586666.353983,0,5.000000,0.000000,5.000000,0.000000,0.000000,0.000000,0.000000,0.000000,8.000000,-110.040000
1777586666.354454,0,5.000000,0.000000,5.000000,0.000000,0.000000,0.000000,0.000000,0.000000,8.000000,-110.020000
1777586666.354977,0,5.000000,0.000000,5.000000,0.000000,0.000000,0.000000,0.000000,0.000000,8.000000,-110.010000
1777586666.388091,0,5.000000,0.000000,5.000000,0.000000,0.000000,0.000000,0.000000,0.000000,8.000000,-110.010000
1777586666.388726,0,5.000000,0.000000,5.000000,0.000000,0.000000,0.000000,0.000000,0.000000,8.000000,-110.000000
1777586666.389135,0,5.000000,0.000000,5.000000,0.000000,0.000000,0.000000,0.000000,0.000000,8.000000,-109.980000
1777586666.389496,0,5.000000,0.000000,5.000000,0.000000,0.000000,0.000000,0.000000,0.000000,8.000000,-109.980000
1777586666.427104,0,5.000000,0.000000,5.000000,0.000000,0.000000,0.000000,0.000000,0.000000,8.000000,-109.970000
1777586666.427581,0,5.000000,0.000000,5.000000,0.000000,0.000000,0.000000,0.000000,0.000000,8.000000,-109.950000
1777586666.428172,0,5.000000,0.000000,5.000000,0.000000,0.000000,0.000000,0.000000,0.000000,8.000000,-109.940000
1777586666.448903,0,5.000000,0.000000,5.000000,0.000000,0.000000,0.000000,0.000000,0.000000,8.000000,-109.940000
1777586666.469472,0,5.000000,0.000000,5.000000,0.000000,0.000000,0.000000,0.000000,0.000000,8.000000,-109.930000
1777586666.469952,0,5.000000,0.000000,5.000000,0.000000,0.000000,0.000000,0.000000,0.000000,8.000000,-109.910000
1777586666.488085,0,5.000000,0.000000,5.000000,0.000000,0.000000,0.000000,0.000000,0.000000,8.000000,-109.910000
1777586666.488557,0,5.000000,0.000000,5.000000,0.000000,0.000000,0.000000,0.000000,0.000000,8.000000,-109.900000
1777586666.506795,0,5.000000,0.000000,5.000000,0.000000,0.000000,0.000000,0.000000,0.000000,8.000000,-109.880000
1777586666.507356,0,5.000000,0.000000,5.000000,0.000000,0.000000,0.000000,0.000000,0.000000,8.000000,-109.870000
1777586666.527525,0,5.000000,0.000000,5.000000,0.000000,0.000000,0.000000,0.000000,0.000000,8.000000,-109.870000
1777586666.528129,0,5.000000,0.000000,5.000000,0.000000,0.000000,0.000000,0.000000,0.000000,8.000000,-109.860000
1777586666.548880,0,5.000000,0.000000,5.000000,0.000000,0.000000,0.000000,0.000000,0.000000,8.000000,-109.840000
1777586666.549509,0,5.000000,0.000000,5.000000,0.000000,0.000000,0.000000,0.000000,0.000000,8.000000,-109.830000
1777586666.570039,0,5.000000,0.000000,5.000000,0.000000,0.000000,0.000000,0.000000,0.000000,8.000000,-109.830000
1777586666.570601,0,5.000000,0.000000,5.000000,0.000000,0.000000,0.000000,0.000000,0.000000,8.000000,-109.810000
1777586666.591667,0,5.000000,0.000000,5.000000,0.000000,0.000000,0.000000,0.000000,0.000000,8.000000,-109.800000
1777586666.592191,0,5.000000,0.000000,5.000000,0.000000,0.000000,0.000000,0.000000,0.000000,8.000000,-109.800000
1777586666.592744,0,5.000000,0.000000,5.000000,0.000000,0.000000,0.000000,0.000000,0.000000,8.000000,-109.790000
1777586666.609816,0,5.000000,0.000000,5.000000,0.000000,0.000000,0.000000,0.000000,0.000000,8.000000,-109.770000
1777586666.629224,0,5.000000,0.000000,5.000000,0.000000,0.000000,0.000000,0.000000,0.000000,8.000000,-109.760000
1777586666.630009,0,5.000000,0.000000,5.000000,0.000000,0.000000,0.000000,0.000000,0.000000,8.000000,-109.760000
1777586666.647744,0,5.000000,0.000000,5.000000,0.000000,0.000000,0.000000,0.000000,0.000000,8.000000,-109.750000
1777586666.648397,0,5.000000,0.000000,5.000000,0.000000,0.000000,0.000000,0.000000,0.000000,8.000000,-109.730000
1777586666.649042,0,5.000000,0.000000,5.000000,0.000000,0.000000,0.000000,0.000000,0.000000,8.000000,-109.730000
1777586666.665958,0,5.000000,0.000000,5.000000,0.000000,0.000000,0.000000,0.000000,0.000000,8.000000,-109.720000
1777586666.686574,0,5.000000,0.000000,5.000000,0.000000,0.000000,0.000000,0.000000,0.000000,8.000000,-109.700000
1777586666.687074,0,5.000000,0.000000,5.000000,0.000000,0.000000,0.000000,0.000000,0.000000,8.000000,-109.690000
1777586666.707966,0,5.000000,0.000000,5.000000,0.000000,0.000000,0.000000,0.000000,0.000000,8.000000,-109.690000
1777586666.731775,0,5.000000,0.000000,5.000000,0.000000,0.000000,0.000000,0.000000,0.000000,8.000000,-109.680000
1777586666.732413,0,5.000000,0.000000,5.000000,0.000000,0.000000,0.000000,0.000000,0.000000,8.000000,-109.660000
1777586666.732851,0,5.000000,0.000000,5.000000,0.000000,0.000000,0.000000,0.000000,0.000000,8.000000,-109.660000
1777586666.757007,0,5.000000,0.000000,5.000000,0.000000,0.000000,0.000000,0.000000,0.000000,8.000000,-109.650000
1777586666.757484,0,5.000000,0.000000,5.000000,0.000000,0.000000,0.000000,0.000000,0.000000,8.000000,-109.630000
1777586666.757864,0,5.000000,0.000000,5.000000,0.000000,0.000000,0.000000,0.000000,0.000000,8.000000,-109.620000
1777586666.782548,0,5.000000,0.000000,5.000000,0.000000,0.000000,0.000000,0.000000,0.000000,8.000000,-109.620000
1777586666.783066,0,5.000000,0.000000,5.000000,0.000000,0.000000,0.000000,0.000000,0.000000,8.000000,-109.610000
1777586666.806632,0,5.000000,0.000000,5.000000,0.000000,0.000000,0.000000,0.000000,0.000000,8.000000,-109.590000
1777586666.807124,0,5.000000,0.000000,5.000000,0.000000,0.000000,0.000000,0.000000,0.000000,8.000000,-109.580000
1777586666.807634,0,5.000000,0.000000,5.000000,0.000000,0.000000,0.000000,0.000000,0.000000,8.000000,-109.580000
1777586666.832763,0,5.000000,0.000000,5.000000,0.000000,0.000000,0.000000,0.000000,0.000000,8.000000,-109.560000
1777586666.855787,0,0.000000,0.000000,5.000000,0.000000,0.000000,0.000000,0.000000,0.000000,8.000000,-109.550000
1777586666.856262,0,0.000000,0.000000,0.000000,0.000000,0.000000,0.000000,0.000000,0.000000,8.000000,-109.550000
1777586666.856996,0,0.000000,0.000000,0.000000,0.000000,0.000000,0.000000,0.000000,0.000000,8.000000,-109.540000
1777586666.857843,0,0.000000,0.000000,0.000000,0.000000,0.000000,0.000000,0.000000,0.000000,8.000000,-109.520000
1777586666.882803,0,0.000000,0.000000,0.000000,0.000000,0.000000,0.000000,0.000000,0.000000,8.000000,-109.510000
1777586666.883410,0,0.000000,0.000000,0.000000,0.000000,0.000000,0.000000,0.000000,0.000000,8.000000,-109.510000
1777586666.905396,0,0.000000,0.000000,0.000000,0.000000,0.000000,0.000000,0.000000,0.000000,8.000000,-109.500000
1777586666.905866,0,0.000000,0.000000,0.000000,0.000000,0.000000,0.000000,0.000000,0.000000,8.000000,-109.480000
1777586666.906244,0,0.000000,0.000000,0.000000,0.000000,0.000000,0.000000,0.000000,0.000000,8.000000,-109.480000
1777586666.930689,0,0.000000,0.000000,0.000000,0.000000,0.000000,0.000000,0.000000,0.000000,8.000000,-109.470000
1777586666.954633,0,0.000000,0.000000,0.000000,0.000000,0.000000,0.000000,0.000000,0.000000,8.000000,-109.450000
1777586666.955428,0,0.000000,0.000000,0.000000,0.000000,0.000000,0.000000,0.000000,0.000000,8.000000,-109.440000
1777586666.955857,0,0.000000,0.000000,0.000000,0.000000,0.000000,0.000000,0.000000,0.000000,8.000000,-109.440000
1777586666.956232,0,0.000000,0.000000,0.000000,0.000000,0.000000,0.000000,0.000000,0.000000,8.000000,-109.430000
1777586666.979396,0,0.000000,0.000000,0.000000,0.000000,0.000000,0.000000,0.000000,0.000000,8.000000,-109.410000
1777586666.979855,0,0.000000,0.000000,0.000000,0.000000,0.000000,0.000000,0.000000,0.000000,8.000000,-109.410000
1777586667.005658,0,0.000000,0.000000,0.000000,0.000000,0.000000,0.000000,0.000000,0.000000,8.000000,-109.400000
1777586667.006259,0,0.000000,0.000000,0.000000,0.000000,0.000000,0.000000,0.000000,0.000000,8.000000,-109.380000
1777586667.033794,0,0.000000,0.000000,0.000000,0.000000,0.000000,0.000000,0.000000,0.000000,8.000000,-109.370000
1777586667.034361,0,0.000000,0.000000,0.000000,0.000000,0.000000,0.000000,0.000000,0.000000,8.000000,-109.370000
1777586667.060166,0,0.000000,0.000000,0.000000,0.000000,0.000000,0.000000,0.000000,0.000000,8.000000,-109.360000
1777586667.061100,0,0.000000,0.000000,0.000000,0.000000,0.000000,0.000000,0.000000,0.000000,8.000000,-109.340000
1777586667.061605,0,0.000000,0.000000,0.000000,0.000000,0.000000,0.000000,0.000000,0.000000,8.000000,-109.330000
1777586667.088305,0,0.000000,0.000000,0.000000,0.000000,0.000000,0.000000,0.000000,0.000000,8.000000,-109.330000
1777586667.088937,0,0.000000,0.000000,0.000000,0.000000,0.000000,0.000000,0.000000,0.000000,8.000000,-109.310000
1777586667.089307,0,0.000000,0.000000,0.000000,0.000000,0.000000,0.000000,0.000000,0.000000,8.000000,-109.300000
1777586667.113091,0,0.000000,0.000000,0.000000,0.000000,0.000000,0.000000,0.000000,0.000000,8.000000,-109.300000
1777586667.113568,0,0.000000,0.000000,0.000000,0.000000,0.000000,0.000000,0.000000,0.000000,8.000000,-109.290000
1777586667.114451,0,0.000000,0.000000,0.000000,0.000000,0.000000,0.000000,0.000000,0.000000,8.000000,-109.270000
1777586667.138235,0,0.000000,0.000000,0.000000,0.000000,0.000000,0.000000,0.000000,0.000000,8.000000,-109.260000
1777586667.138714,0,0.000000,0.000000,0.000000,0.000000,0.000000,0.000000,0.000000,0.000000,8.000000,-109.260000
1777586667.161609,0,0.000000,0.000000,0.000000,0.000000,0.000000,0.000000,0.000000,0.000000,8.000000,-109.250000
1777586667.162081,0,0.000000,0.000000,0.000000,0.000000,0.000000,0.000000,0.000000,0.000000,8.000000,-109.230000
1777586667.183378,0,0.000000,0.000000,0.000000,0.000000,0.000000,0.000000,0.000000,0.000000,8.000000,-109.230000
1777586667.183848,0,0.000000,0.000000,0.000000,0.000000,0.000000,0.000000,0.000000,0.000000,8.000000,-109.220000
1777586667.184341,0,0.000000,0.000000,0.000000,0.000000,0.000000,0.000000,0.000000,0.000000,8.000000,-109.200000
1777586667.207556,0,0.000000,0.000000,0.000000,0.000000,0.000000,0.000000,0.000000,0.000000,8.000000,-109.190000
1777586667.208109,0,0.000000,0.000000,0.000000,0.000000,0.000000,0.000000,0.000000,0.000000,8.000000,-109.190000
1777586667.208880,0,0.000000,0.000000,0.000000,0.000000,0.000000,0.000000,0.000000,0.000000,8.000000,-109.180000
1777586667.230919,0,0.000000,0.000000,0.000000,0.000000,0.000000,0.000000,0.000000,0.000000,8.000000,-109.160000
1777586667.232249,0,0.000000,0.000000,0.000000,0.000000,0.000000,0.000000,0.000000,0.000000,8.000000,-109.160000
1777586667.255760,0,0.000000,0.000000,0.000000,0.000000,0.000000,0.000000,0.000000,0.000000,8.000000,-109.150000
1777586667.256396,0,0.000000,0.000000,0.000000,0.000000,0.000000,0.000000,0.000000,0.000000,8.000000,-109.130000
1777586667.256903,0,0.000000,0.000000,0.000000,0.000000,0.000000,0.000000,0.000000,0.000000,8.000000,-109.120000
1777586667.282877,0,0.000000,0.000000,0.000000,0.000000,0.000000,0.000000,0.000000,0.000000,8.000000,-109.120000
1777586667.306829,0,0.000000,0.000000,0.000000,0.000000,0.000000,0.000000,0.000000,0.000000,8.000000,-109.110000
1777586667.307308,0,0.000000,0.000000,0.000000,0.000000,0.000000,0.000000,0.000000,0.000000,8.000000,-109.090000
1777586667.307656,0,0.000000,0.000000,0.000000,0.000000,0.000000,0.000000,0.000000,0.000000,8.000000,-109.080000
1777586667.308338,0,0.000000,0.000000,0.000000,0.000000,0.000000,0.000000,0.000000,0.000000,8.000000,-109.080000
1777586667.330629,0,0.000000,0.000000,0.000000,0.000000,0.000000,0.000000,0.000000,0.000000,8.000000,-109.060000
1777586667.353408,0,0.000000,0.000000,0.000000,0.000000,0.000000,0.000000,0.000000,0.000000,8.000000,-109.050000
1777586667.353904,0,0.000000,0.000000,0.000000,0.000000,0.000000,0.000000,0.000000,0.000000,8.000000,-109.050000
1777586667.354287,0,0.000000,0.000000,0.000000,0.000000,0.000000,0.000000,0.000000,0.000000,8.000000,-109.040000
1777586667.376859,0,0.000000,0.000000,0.000000,0.000000,0.000000,0.000000,0.000000,0.000000,8.000000,-109.020000
1777586667.377321,0,0.000000,0.000000,0.000000,0.000000,0.000000,0.000000,0.000000,0.000000,8.000000,-109.010000
1777586667.403494,0,0.000000,0.000000,0.000000,0.000000,0.000000,0.000000,0.000000,0.000000,8.000000,-109.010000
1777586667.404150,0,0.000000,0.000000,0.000000,0.000000,0.000000,0.000000,0.000000,0.000000,8.000000,-109.000000
1777586667.425664,0,0.000000,0.000000,0.000000,0.000000,0.000000,0.000000,0.000000,0.000000,8.000000,-108.980000
1777586667.426155,0,0.000000,0.000000,0.000000,0.000000,0.000000,0.000000,0.000000,0.000000,8.000000,-108.980000
1777586667.426522,0,0.000000,0.000000,0.000000,0.000000,0.000000,0.000000,0.000000,0.000000,8.000000,-108.970000
1777586667.426987,0,0.000000,0.000000,0.000000,0.000000,0.000000,0.000000,0.000000,0.000000,8.000000,-108.950000
1777586667.447563,0,0.000000,0.000000,0.000000,0.000000,0.000000,0.000000,0.000000,0.000000,8.000000,-108.940000
1777586667.448426,0,0.000000,0.000000,0.000000,0.000000,0.000000,0.000000,0.000000,0.000000,8.000000,-108.940000
1777586667.472264,0,0.000000,0.000000,0.000000,0.000000,0.000000,0.000000,0.000000,0.000000,8.000000,-108.930000
1777586667.472846,0,0.000000,0.000000,0.000000,0.000000,0.000000,0.000000,0.000000,0.000000,8.000000,-108.910000
1777586667.497316,0,0.000000,0.000000,0.000000,0.000000,0.000000,0.000000,0.000000,0.000000,8.000000,-108.910000
1777586667.498013,0,0.000000,0.000000,0.000000,0.000000,0.000000,0.000000,0.000000,0.000000,8.000000,-108.900000
1777586667.498483,0,0.000000,0.000000,0.000000,0.000000,0.000000,0.000000,0.000000,0.000000,8.000000,-108.880000
1777586667.522524,0,0.000000,0.000000,0.000000,0.000000,0.000000,0.000000,0.000000,0.000000,8.000000,-108.870000
1777586667.547098,0,0.000000,0.000000,0.000000,0.000000,0.000000,0.000000,0.000000,0.000000,8.000000,-108.870000
1777586667.547877,0,0.000000,0.000000,0.000000,0.000000,0.000000,0.000000,0.000000,0.000000,8.000000,-108.860000
1777586667.549562,0,0.000000,0.000000,0.000000,0.000000,0.000000,0.000000,0.000000,0.000000,8.000000,-108.840000
1777586667.550746,0,0.000000,0.000000,0.000000,0.000000,0.000000,0.000000,0.000000,0.000000,8.000000,-108.830000
1777586667.573987,0,0.000000,0.000000,0.000000,0.000000,0.000000,0.000000,0.000000,0.000000,8.000000,-108.830000
1777586667.575024,0,0.000000,0.000000,0.000000,0.000000,0.000000,0.000000,0.000000,0.000000,8.000000,-108.810000
1777586667.575592,0,0.000000,0.000000,0.000000,0.000000,0.000000,0.000000,0.000000,0.000000,8.000000,-108.800000
1777586667.597592,0,0.000000,0.000000,0.000000,0.000000,0.000000,0.000000,0.000000,0.000000,8.000000,-108.800000
1777586667.598401,0,0.000000,0.000000,0.000000,0.000000,0.000000,0.000000,0.000000,0.000000,8.000000,-108.790000
1777586667.599037,0,0.000000,0.000000,0.000000,0.000000,0.000000,0.000000,0.000000,0.000000,8.000000,-108.770000
1777586667.622189,0,0.000000,0.000000,0.000000,0.000000,0.000000,0.000000,0.000000,0.000000,8.000000,-108.760000
1777586667.643118,0,0.000000,0.000000,0.000000,0.000000,0.000000,0.000000,0.000000,0.000000,8.000000,-108.760000
1777586667.643604,0,0.000000,0.000000,0.000000,0.000000,0.000000,0.000000,0.000000,0.000000,8.000000,-108.750000
1777586667.666768,0,0.000000,0.000000,0.000000,0.000000,0.000000,0.000000,0.000000,0.000000,8.000000,-108.730000
1777586667.667705,0,0.000000,0.000000,0.000000,0.000000,0.000000,0.000000,0.000000,0.000000,8.000000,-108.730000
1777586667.690741,0,0.000000,0.000000,0.000000,0.000000,0.000000,0.000000,0.000000,0.000000,8.000000,-108.720000
1777586667.691189,0,0.000000,0.000000,0.000000,0.000000,0.000000,0.000000,0.000000,0.000000,8.000000,-108.700000
1777586667.691672,0,0.000000,0.000000,0.000000,0.000000,0.000000,0.000000,0.000000,0.000000,8.000000,-108.690000
1777586667.716046,0,0.000000,0.000000,0.000000,0.000000,0.000000,0.000000,0.000000,0.000000,8.000000,-108.690000
1777586667.716511,0,0.000000,0.000000,0.000000,0.000000,0.000000,0.000000,0.000000,0.000000,8.000000,-108.680000
1777586667.739301,0,0.000000,0.000000,0.000000,0.000000,0.000000,0.000000,0.000000,0.000000,8.000000,-108.660000
1777586667.740340,0,0.000000,0.000000,0.000000,0.000000,0.000000,0.000000,0.000000,0.000000,8.000000,-108.660000
1777586667.764169,0,0.000000,0.000000,0.000000,0.000000,0.000000,0.000000,0.000000,0.000000,8.000000,-108.650000
1777586667.765359,0,0.000000,0.000000,0.000000,0.000000,0.000000,0.000000,0.000000,0.000000,8.000000,-108.630000
1777586667.766047,0,0.000000,0.000000,0.000000,0.000000,0.000000,0.000000,0.000000,0.000000,8.000000,-108.620000
1777586667.787675,0,0.000000,0.000000,0.000000,0.000000,0.000000,0.000000,0.000000,0.000000,8.000000,-108.620000
1777586667.788155,0,0.000000,0.000000,0.000000,0.000000,0.000000,0.000000,0.000000,0.000000,8.000000,-108.610000
1777586667.788627,0,0.000000,0.000000,0.000000,0.000000,0.000000,0.000000,0.000000,0.000000,8.000000,-108.590000
1777586667.812555,0,0.000000,0.000000,0.000000,0.000000,0.000000,0.000000,0.000000,0.000000,8.000000,-108.580000
1777586667.835450,0,0.000000,0.000000,0.000000,0.000000,0.000000,0.000000,0.000000,0.000000,8.000000,-108.580000
1777586667.835932,0,0.000000,0.000000,0.000000,0.000000,0.000000,0.000000,0.000000,0.000000,8.000000,-108.560000
1777586667.836320,0,0.000000,0.000000,0.000000,0.000000,0.000000,0.000000,0.000000,0.000000,8.000000,-108.550000
1777586667.858061,0,0.000000,0.000000,0.000000,0.000000,0.000000,0.000000,0.000000,0.000000,8.000000,-108.550000
1777586667.858529,0,0.000000,0.000000,0.000000,0.000000,0.000000,0.000000,0.000000,0.000000,8.000000,-108.540000
1777586667.858891,0,0.000000,0.000000,0.000000,0.000000,0.000000,0.000000,0.000000,0.000000,8.000000,-108.520000
1777586667.881273,0,0.000000,0.000000,0.000000,0.000000,0.000000,0.000000,0.000000,0.000000,8.000000,-108.510000
1777586667.902864,0,0.000000,0.000000,0.000000,0.000000,0.000000,0.000000,0.000000,0.000000,8.000000,-108.510000
1777586667.903336,0,0.000000,0.000000,0.000000,0.000000,0.000000,0.000000,0.000000,0.000000,8.000000,-108.500000
1777586667.924920,0,0.000000,0.000000,0.000000,0.000000,0.000000,0.000000,0.000000,0.000000,8.000000,-108.480000
1777586667.925389,0,0.000000,0.000000,0.000000,0.000000,0.000000,0.000000,0.000000,0.000000,8.000000,-108.480000
1777586667.925750,0,0.000000,0.000000,0.000000,0.000000,0.000000,0.000000,0.000000,0.000000,8.000000,-108.470000
1777586667.926106,0,0.000000,0.000000,0.000000,0.000000,0.000000,0.000000,0.000000,0.000000,8.000000,-108.450000
1777586667.950529,0,0.000000,0.000000,0.000000,0.000000,0.000000,0.000000,0.000000,0.000000,8.000000,-108.440000
1777586667.968898,0,0.000000,0.000000,0.000000,0.000000,0.000000,0.000000,0.000000,0.000000,8.000000,-108.440000
1777586667.969372,0,0.000000,0.000000,0.000000,0.000000,0.000000,0.000000,0.000000,0.000000,8.000000,-108.430000
1777586667.969908,0,0.000000,0.000000,0.000000,0.000000,0.000000,0.000000,0.000000,0.000000,8.000000,-108.410000
1777586667.987391,0,0.000000,0.000000,0.000000,0.000000,0.000000,0.000000,0.000000,0.000000,8.000000,-108.410000
1777586667.987859,0,0.000000,0.000000,0.000000,0.000000,0.000000,0.000000,0.000000,0.000000,8.000000,-108.400000
1777586668.007669,0,0.000000,0.000000,0.000000,0.000000,0.000000,0.000000,0.000000,0.000000,8.000000,-108.380000
1777586668.029360,0,0.000000,0.000000,0.000000,0.000000,0.000000,0.000000,0.000000,0.000000,8.000000,-108.370000
1777586668.029866,0,0.000000,0.000000,0.000000,0.000000,0.000000,0.000000,0.000000,0.000000,8.000000,-108.370000
1777586668.030232,0,0.000000,0.000000,0.000000,0.000000,0.000000,0.000000,0.000000,0.000000,8.000000,-108.360000
1777586668.052336,0,0.000000,0.000000,0.000000,0.000000,0.000000,0.000000,0.000000,0.000000,8.000000,-108.340000
1777586668.052842,0,0.000000,0.000000,0.000000,0.000000,0.000000,0.000000,0.000000,0.000000,8.000000,-108.330000
1777586668.074687,0,0.000000,0.000000,0.000000,0.000000,0.000000,0.000000,0.000000,0.000000,8.000000,-108.330000
1777586668.075188,0,0.000000,0.000000,0.000000,0.000000,0.000000,0.000000,0.000000,0.000000,8.000000,-108.310000
1777586668.096431,0,0.000000,0.000000,0.000000,0.000000,0.000000,0.000000,0.000000,0.000000,8.000000,-108.300000
1777586668.096911,0,0.000000,0.000000,0.000000,0.000000,0.000000,0.000000,0.000000,0.000000,8.000000,-108.300000
1777586668.117598,0,0.000000,0.000000,0.000000,0.000000,0.000000,0.000000,0.000000,0.000000,8.000000,-108.290000
1777586668.118077,0,0.000000,0.000000,0.000000,0.000000,0.000000,0.000000,0.000000,0.000000,8.000000,-108.270000
1777586668.118460,0,0.000000,0.000000,0.000000,0.000000,0.000000,0.000000,0.000000,0.000000,8.000000,-108.260000
1777586668.136292,0,0.000000,0.000000,0.000000,0.000000,0.000000,0.000000,0.000000,0.000000,8.000000,-108.260000
1777586668.136767,0,0.000000,0.000000,0.000000,0.000000,0.000000,0.000000,0.000000,0.000000,8.000000,-108.250000
1777586668.153142,0,0.000000,0.000000,0.000000,0.000000,0.000000,0.000000,0.000000,0.000000,8.000000,-108.230000
1777586668.170217,0,0.000000,0.000000,0.000000,0.000000,0.000000,0.000000,0.000000,0.000000,8.000000,-108.230000
1777586668.170809,0,0.000000,0.000000,0.000000,0.000000,0.000000,0.000000,0.000000,0.000000,8.000000,-108.220000
1777586668.172749,0,0.000000,0.000000,0.000000,0.000000,0.000000,0.000000,0.000000,0.000000,8.000000,-108.200000
1777586668.189605,0,0.000000,0.000000,0.000000,0.000000,0.000000,0.000000,0.000000,0.000000,8.000000,-108.190000
1777586668.190167,0,0.000000,0.000000,0.000000,0.000000,0.000000,0.000000,0.000000,0.000000,8.000000,-108.190000
1777586668.227488,0,0.000000,0.000000,0.000000,0.000000,0.000000,0.000000,0.000000,0.000000,8.000000,-108.180000
1777586668.227969,0,0.000000,0.000000,0.000000,0.000000,0.000000,0.000000,0.000000,0.000000,8.000000,-108.160000
1777586668.228527,0,0.000000,0.000000,0.000000,0.000000,0.000000,0.000000,0.000000,0.000000,8.000000,-108.160000
1777586668.228904,0,0.000000,0.000000,0.000000,0.000000,0.000000,0.000000,0.000000,0.000000,8.000000,-108.150000
1777586668.250364,0,0.000000,0.000000,0.000000,0.000000,0.000000,0.000000,0.000000,0.000000,8.000000,-108.130000
1777586668.272938,0,0.000000,0.000000,0.000000,0.000000,0.000000,0.000000,0.000000,0.000000,8.000000,-108.120000
1777586668.273418,0,0.000000,0.000000,0.000000,0.000000,0.000000,0.000000,0.000000,0.000000,8.000000,-108.120000
1777586668.294662,0,0.000000,0.000000,0.000000,0.000000,0.000000,0.000000,0.000000,0.000000,8.000000,-108.110000
1777586668.296091,0,0.000000,0.000000,0.000000,0.000000,0.000000,0.000000,0.000000,0.000000,8.000000,-108.090000
1777586668.342619,0,0.000000,0.000000,0.000000,0.000000,0.000000,0.000000,0.000000,0.000000,8.000000,-108.080000
1777586668.343292,0,0.000000,0.000000,0.000000,0.000000,0.000000,0.000000,0.000000,0.000000,8.000000,-108.080000
1777586668.344197,0,0.000000,0.000000,0.000000,0.000000,0.000000,0.000000,0.000000,0.000000,8.000000,-108.060000
1777586668.368280,0,0.000000,0.000000,0.000000,0.000000,0.000000,0.000000,0.000000,0.000000,8.000000,-108.050000
1777586668.369154,0,0.000000,0.000000,0.000000,0.000000,0.000000,0.000000,0.000000,0.000000,8.000000,-108.050000
1777586668.369942,0,0.000000,0.000000,0.000000,0.000000,0.000000,0.000000,0.000000,0.000000,8.000000,-108.020000
1777586668.370843,0,0.000000,0.000000,0.000000,0.000000,0.000000,0.000000,0.000000,0.000000,8.000000,-108.010000
1777586668.397207,0,0.000000,0.000000,0.000000,0.000000,0.000000,0.000000,0.000000,0.000000,8.000000,-108.010000
1777586668.397792,0,0.000000,0.000000,0.000000,0.000000,0.000000,0.000000,0.000000,0.000000,8.000000,-108.000000
1777586668.398659,0,0.000000,0.000000,0.000000,0.000000,0.000000,0.000000,0.000000,0.000000,8.000000,-108.000000
1777586668.417297,0,0.000000,0.000000,0.000000,0.000000,0.000000,0.000000,0.000000,0.000000,8.000000,-107.980000
1777586668.417763,0,0.000000,0.000000,0.000000,0.000000,0.000000,0.000000,0.000000,0.000000,8.000000,-107.980000
1777586668.435676,0,0.000000,0.000000,0.000000,0.000000,0.000000,0.000000,0.000000,0.000000,8.000000,-107.970000
1777586668.436134,0,0.000000,0.000000,0.000000,0.000000,0.000000,0.000000,0.000000,0.000000,8.000000,-107.950000
1777586668.436498,0,0.000000,0.000000,0.000000,0.000000,0.000000,0.000000,0.000000,0.000000,8.000000,-107.940000
1777586668.471176,0,0.000000,0.000000,0.000000,0.000000,0.000000,0.000000,0.000000,0.000000,8.000000,-107.940000
1777586668.471690,0,0.000000,0.000000,0.000000,0.000000,0.000000,0.000000,0.000000,0.000000,8.000000,-107.930000
1777586668.472046,0,0.000000,0.000000,0.000000,0.000000,0.000000,0.000000,0.000000,0.000000,8.000000,-107.910000
1777586668.472596,0,0.000000,0.000000,0.000000,0.000000,0.000000,0.000000,0.000000,0.000000,8.000000,-107.910000
1777586668.472963,0,0.000000,0.000000,0.000000,0.000000,0.000000,0.000000,0.000000,0.000000,8.000000,-107.900000
1777586668.504128,0,0.000000,0.000000,0.000000,0.000000,0.000000,0.000000,0.000000,0.000000,8.000000,-107.880000
1777586668.504812,0,0.000000,0.000000,0.000000,0.000000,0.000000,0.000000,0.000000,0.000000,8.000000,-107.870000
1777586668.505377,0,0.000000,0.000000,0.000000,0.000000,0.000000,0.000000,0.000000,0.000000,8.000000,-107.860000
1777586668.526670,0,0.000000,0.000000,0.000000,0.000000,0.000000,0.000000,0.000000,0.000000,8.000000,-107.840000
1777586668.569085,0,0.000000,0.000000,0.000000,0.000000,0.000000,0.000000,0.000000,0.000000,8.000000,-107.830000
1777586668.570019,0,0.000000,0.000000,0.000000,0.000000,0.000000,0.000000,0.000000,0.000000,8.000000,-107.830000
1777586668.570715,0,0.000000,0.000000,0.000000,0.000000,0.000000,0.000000,0.000000,0.000000,8.000000,-107.830000
1777586668.571735,0,0.000000,0.000000,0.000000,0.000000,0.000000,0.000000,0.000000,0.000000,8.000000,-107.810000
1777586668.572305,0,0.000000,0.000000,0.000000,0.000000,0.000000,0.000000,0.000000,0.000000,8.000000,-107.800000
1777586668.610114,0,0.000000,0.000000,0.000000,0.000000,0.000000,0.000000,0.000000,0.000000,8.000000,-107.800000
1777586668.610625,0,0.000000,0.000000,0.000000,0.000000,0.000000,0.000000,0.000000,0.000000,8.000000,-107.790000
1777586668.610984,0,0.000000,0.000000,0.000000,0.000000,0.000000,0.000000,0.000000,0.000000,8.000000,-107.770000
1777586668.611529,0,0.000000,0.000000,0.000000,0.000000,0.000000,0.000000,0.000000,0.000000,8.000000,-107.760000
1777586668.631645,0,0.000000,0.000000,0.000000,0.000000,0.000000,0.000000,0.000000,0.000000,8.000000,-107.760000
1777586668.652341,0,0.000000,0.000000,0.000000,0.000000,0.000000,0.000000,0.000000,0.000000,8.000000,-107.750000
1777586668.652967,0,0.000000,0.000000,0.000000,0.000000,0.000000,0.000000,0.000000,0.000000,8.000000,-107.730000
1777586668.674999,0,0.000000,0.000000,0.000000,0.000000,0.000000,0.000000,0.000000,0.000000,8.000000,-107.730000
1777586668.675619,0,0.000000,0.000000,0.000000,0.000000,0.000000,0.000000,0.000000,0.000000,8.000000,-107.720000
1777586668.696819,0,0.000000,0.000000,0.000000,0.000000,0.000000,0.000000,0.000000,0.000000,8.000000,-107.700000
1777586668.697977,0,0.000000,0.000000,0.000000,0.000000,0.000000,0.000000,0.000000,0.000000,8.000000,-107.690000
1777586668.714426,0,0.000000,0.000000,0.000000,0.000000,0.000000,0.000000,0.000000,0.000000,8.000000,-107.690000
1777586668.714952,0,0.000000,0.000000,0.000000,0.000000,0.000000,0.000000,0.000000,0.000000,8.000000,-107.680000
1777586668.731373,0,0.000000,0.000000,0.000000,0.000000,0.000000,0.000000,0.000000,0.000000,8.000000,-107.660000
1777586668.732167,0,0.000000,0.000000,0.000000,0.000000,0.000000,0.000000,0.000000,0.000000,8.000000,-107.660000
1777586668.749317,0,0.000000,0.000000,0.000000,0.000000,0.000000,0.000000,0.000000,0.000000,8.000000,-107.650000
1777586668.749793,0,0.000000,0.000000,0.000000,0.000000,0.000000,0.000000,0.000000,0.000000,8.000000,-107.630000
1777586668.767522,0,0.000000,0.000000,0.000000,0.000000,0.000000,0.000000,0.000000,0.000000,8.000000,-107.620000
1777586668.768013,0,0.000000,0.000000,0.000000,0.000000,0.000000,0.000000,0.000000,0.000000,8.000000,-107.620000
1777586668.784851,0,0.000000,0.000000,0.000000,0.000000,0.000000,0.000000,0.000000,0.000000,8.000000,-107.610000
1777586668.803349,0,0.000000,0.000000,0.000000,0.000000,0.000000,0.000000,0.000000,0.000000,8.000000,-107.590000
1777586668.803797,0,0.000000,0.000000,0.000000,0.000000,0.000000,0.000000,0.000000,0.000000,8.000000,-107.580000
1777586668.821747,0,0.000000,0.000000,0.000000,0.000000,0.000000,0.000000,0.000000,0.000000,8.000000,-107.580000
1777586668.822408,0,0.000000,0.000000,0.000000,0.000000,0.000000,0.000000,0.000000,0.000000,8.000000,-107.560000
1777586668.840940,0,0.000000,0.000000,0.000000,0.000000,0.000000,0.000000,0.000000,0.000000,8.000000,-107.550000
1777586668.841475,0,0.000000,0.000000,0.000000,0.000000,0.000000,0.000000,0.000000,0.000000,8.000000,-107.550000
1777586668.861086,0,0.000000,0.000000,0.000000,0.000000,0.000000,0.000000,0.000000,0.000000,8.000000,-107.540000
1777586668.879104,0,0.000000,0.000000,0.000000,0.000000,0.000000,0.000000,0.000000,0.000000,8.000000,-107.520000
1777586668.879542,0,0.000000,0.000000,0.000000,0.000000,0.000000,0.000000,0.000000,0.000000,8.000000,-107.510000
1777586668.879998,0,0.000000,0.000000,0.000000,0.000000,0.000000,0.000000,0.000000,0.000000,8.000000,-107.510000
1777586668.899776,0,0.000000,0.000000,0.000000,0.000000,0.000000,0.000000,0.000000,0.000000,8.000000,-107.500000
1777586668.900429,0,0.000000,0.000000,0.000000,0.000000,0.000000,0.000000,0.000000,0.000000,8.000000,-107.480000
1777586668.918623,0,0.000000,0.000000,0.000000,0.000000,0.000000,0.000000,0.000000,0.000000,8.000000,-107.480000
1777586668.919275,0,0.000000,0.000000,0.000000,0.000000,0.000000,0.000000,0.000000,0.000000,8.000000,-107.470000
1777586668.938711,0,0.000000,0.000000,0.000000,0.000000,0.000000,0.000000,0.000000,0.000000,8.000000,-107.450000
1777586668.939452,0,0.000000,0.000000,0.000000,0.000000,0.000000,0.000000,0.000000,0.000000,8.000000,-107.440000
1777586668.959250,0,0.000000,0.000000,0.000000,0.000000,0.000000,0.000000,0.000000,0.000000,8.000000,-107.440000
1777586668.977962,0,0.000000,0.000000,0.000000,0.000000,0.000000,0.000000,0.000000,0.000000,8.000000,-107.430000
1777586668.978412,0,0.000000,0.000000,0.000000,0.000000,0.000000,0.000000,0.000000,0.000000,8.000000,-107.410000
1777586668.978772,0,0.000000,0.000000,0.000000,0.000000,0.000000,0.000000,0.000000,0.000000,8.000000,-107.410000
1777586668.997827,0,0.000000,0.000000,0.000000,0.000000,0.000000,0.000000,0.000000,0.000000,8.000000,-107.400000
1777586668.998719,0,0.000000,0.000000,0.000000,0.000000,0.000000,0.000000,0.000000,0.000000,8.000000,-107.380000
1777586669.017509,0,0.000000,0.000000,0.000000,0.000000,0.000000,0.000000,0.000000,0.000000,8.000000,-107.370000
1777586669.033605,0,0.000000,0.000000,0.000000,0.000000,0.000000,0.000000,0.000000,0.000000,8.000000,-107.370000
1777586669.034147,0,0.000000,0.000000,0.000000,0.000000,0.000000,0.000000,0.000000,0.000000,8.000000,-107.360000
1777586669.034520,0,0.000000,0.000000,0.000000,0.000000,0.000000,0.000000,0.000000,0.000000,8.000000,-107.340000
1777586669.052017,0,0.000000,0.000000,0.000000,0.000000,0.000000,0.000000,0.000000,0.000000,8.000000,-107.330000
1777586669.070908,0,0.000000,0.000000,0.000000,0.000000,0.000000,0.000000,0.000000,0.000000,8.000000,-107.330000
1777586669.071967,0,0.000000,0.000000,0.000000,0.000000,0.000000,0.000000,0.000000,0.000000,8.000000,-107.310000
1777586669.091617,0,0.000000,0.000000,0.000000,0.000000,0.000000,0.000000,0.000000,0.000000,8.000000,-107.300000
1777586669.092092,0,0.000000,0.000000,0.000000,0.000000,0.000000,0.000000,0.000000,0.000000,8.000000,-107.300000
1777586669.109118,0,0.000000,0.000000,0.000000,0.000000,0.000000,0.000000,0.000000,0.000000,8.000000,-107.290000
1777586669.128325,0,0.000000,0.000000,0.000000,0.000000,0.000000,0.000000,0.000000,0.000000,8.000000,-107.270000
1777586669.128807,0,0.000000,0.000000,0.000000,0.000000,0.000000,0.000000,0.000000,0.000000,8.000000,-107.260000
1777586669.129177,0,0.000000,0.000000,0.000000,0.000000,0.000000,0.000000,0.000000,0.000000,8.000000,-107.260000
1777586669.145236,0,0.000000,0.000000,0.000000,0.000000,0.000000,0.000000,0.000000,0.000000,8.000000,-107.250000
1777586669.145709,0,0.000000,0.000000,0.000000,0.000000,0.000000,0.000000,0.000000,0.000000,8.000000,-107.230000
1777586669.161804,0,0.000000,0.000000,0.000000,0.000000,0.000000,0.000000,0.000000,0.000000,8.000000,-107.230000
1777586669.162276,0,0.000000,0.000000,0.000000,0.000000,0.000000,0.000000,0.000000,0.000000,8.000000,-107.220000
1777586669.180996,0,0.000000,0.000000,0.000000,0.000000,0.000000,0.000000,0.000000,0.000000,8.000000,-107.200000
1777586669.198297,0,0.000000,0.000000,0.000000,0.000000,0.000000,0.000000,0.000000,0.000000,8.000000,-107.190000
1777586669.198797,0,0.000000,0.000000,0.000000,0.000000,0.000000,0.000000,0.000000,0.000000,8.000000,-107.190000
1777586669.218172,0,0.000000,0.000000,0.000000,0.000000,0.000000,0.000000,0.000000,0.000000,8.000000,-107.180000
1777586669.218864,0,0.000000,0.000000,0.000000,0.000000,0.000000,0.000000,0.000000,0.000000,8.000000,-107.160000
1777586669.242315,0,0.000000,0.000000,0.000000,0.000000,0.000000,0.000000,0.000000,0.000000,8.000000,-107.160000
1777586669.242867,0,0.000000,0.000000,0.000000,0.000000,0.000000,0.000000,0.000000,0.000000,8.000000,-107.150000
1777586669.264974,0,0.000000,0.000000,0.000000,0.000000,0.000000,0.000000,0.000000,0.000000,8.000000,-107.130000
1777586669.265591,0,0.000000,0.000000,0.000000,0.000000,0.000000,0.000000,0.000000,0.000000,8.000000,-107.120000
1777586669.285749,0,0.000000,0.000000,0.000000,0.000000,0.000000,0.000000,0.000000,0.000000,8.000000,-107.120000
1777586669.286221,0,0.000000,0.000000,0.000000,0.000000,0.000000,0.000000,0.000000,0.000000,8.000000,-107.110000
1777586669.286956,0,0.000000,0.000000,0.000000,0.000000,0.000000,0.000000,0.000000,0.000000,8.000000,-107.090000
1777586669.306414,0,0.000000,0.000000,0.000000,0.000000,0.000000,0.000000,0.000000,0.000000,8.000000,-107.080000
1777586669.306975,0,0.000000,0.000000,0.000000,0.000000,0.000000,0.000000,0.000000,0.000000,8.000000,-107.080000
1777586669.323626,0,0.000000,0.000000,0.000000,0.000000,0.000000,0.000000,0.000000,0.000000,8.000000,-107.060000
1777586669.324251,0,0.000000,0.000000,0.000000,0.000000,0.000000,0.000000,0.000000,0.000000,8.000000,-107.050000
1777586669.341387,0,0.000000,0.000000,0.000000,0.000000,0.000000,0.000000,0.000000,0.000000,8.000000,-107.050000
1777586669.341855,0,0.000000,0.000000,0.000000,0.000000,0.000000,0.000000,0.000000,0.000000,8.000000,-107.040000
1777586669.358549,0,0.000000,0.000000,0.000000,0.000000,0.000000,0.000000,0.000000,0.000000,8.000000,-107.020000
1777586669.359028,0,0.000000,0.000000,0.000000,0.000000,0.000000,0.000000,0.000000,0.000000,8.000000,-107.010000
1777586669.389842,0,0.000000,0.000000,0.000000,0.000000,0.000000,0.000000,0.000000,0.000000,8.000000,-107.010000
1777586669.390325,0,0.000000,0.000000,0.000000,0.000000,0.000000,0.000000,0.000000,0.000000,8.000000,-107.000000
1777586669.390925,0,0.000000,0.000000,0.000000,0.000000,0.000000,0.000000,0.000000,0.000000,8.000000,-106.980000
1777586669.391369,0,0.000000,0.000000,0.000000,0.000000,0.000000,0.000000,0.000000,0.000000,8.000000,-106.980000
1777586669.408149,0,0.000000,0.000000,0.000000,0.000000,0.000000,0.000000,0.000000,0.000000,8.000000,-106.970000
1777586669.424831,0,0.000000,0.000000,0.000000,0.000000,0.000000,0.000000,0.000000,0.000000,8.000000,-106.950000
1777586669.442021,0,0.000000,0.000000,0.000000,0.000000,0.000000,0.000000,0.000000,0.000000,8.000000,-106.940000
1777586669.460051,0,0.000000,0.000000,0.000000,0.000000,0.000000,0.000000,0.000000,0.000000,8.000000,-106.940000
1777586669.460516,0,0.000000,0.000000,0.000000,0.000000,0.000000,0.000000,0.000000,0.000000,8.000000,-106.930000
1777586669.477779,0,0.000000,0.000000,0.000000,0.000000,0.000000,0.000000,0.000000,0.000000,8.000000,-106.910000
1777586669.478251,0,0.000000,0.000000,0.000000,0.000000,0.000000,0.000000,0.000000,0.000000,8.000000,-106.910000
1777586669.495035,0,0.000000,0.000000,0.000000,0.000000,0.000000,0.000000,0.000000,0.000000,8.000000,-106.900000
1777586669.495504,0,0.000000,0.000000,0.000000,0.000000,0.000000,0.000000,0.000000,0.000000,8.000000,-106.880000
1777586669.512829,0,0.000000,0.000000,0.000000,0.000000,0.000000,0.000000,0.000000,0.000000,8.000000,-106.870000
1777586669.513298,0,0.000000,0.000000,0.000000,0.000000,0.000000,0.000000,0.000000,0.000000,8.000000,-106.870000
1777586669.530277,0,0.000000,0.000000,0.000000,0.000000,0.000000,0.000000,0.000000,0.000000,8.000000,-106.870000
1777586669.530913,0,0.000000,0.000000,0.000000,0.000000,0.000000,0.000000,0.000000,0.000000,8.000000,-106.860000
1777586669.546602,0,0.000000,0.000000,0.000000,0.000000,0.000000,0.000000,0.000000,0.000000,8.000000,-106.840000
1777586669.547086,0,0.000000,0.000000,0.000000,0.000000,0.000000,0.000000,0.000000,0.000000,8.000000,-106.830000
1777586669.575909,0,0.000000,0.000000,0.000000,0.000000,0.000000,0.000000,0.000000,0.000000,8.000000,-106.830000
1777586669.576393,0,0.000000,0.000000,0.000000,0.000000,0.000000,0.000000,0.000000,0.000000,8.000000,-106.810000
1777586669.576998,0,0.000000,0.000000,0.000000,0.000000,0.000000,0.000000,0.000000,0.000000,8.000000,-106.800000
1777586669.577379,0,0.000000,0.000000,0.000000,0.000000,0.000000,0.000000,0.000000,0.000000,8.000000,-106.790000
1777586669.607828,0,0.000000,0.000000,0.000000,0.000000,0.000000,0.000000,0.000000,0.000000,8.000000,-106.770000
1777586669.608492,0,0.000000,0.000000,0.000000,0.000000,0.000000,0.000000,0.000000,0.000000,8.000000,-106.760000
1777586669.626461,0,0.000000,0.000000,0.000000,0.000000,0.000000,0.000000,0.000000,0.000000,8.000000,-106.760000
1777586669.644176,0,0.000000,0.000000,0.000000,0.000000,0.000000,0.000000,0.000000,0.000000,8.000000,-106.750000
1777586669.644672,0,0.000000,0.000000,0.000000,0.000000,0.000000,0.000000,0.000000,0.000000,8.000000,-106.730000
1777586669.661878,0,0.000000,0.000000,0.000000,0.000000,0.000000,0.000000,0.000000,0.000000,8.000000,-106.730000
1777586669.662550,0,0.000000,0.000000,0.000000,0.000000,0.000000,0.000000,0.000000,0.000000,8.000000,-106.720000
1777586669.681508,0,0.000000,0.000000,0.000000,0.000000,0.000000,0.000000,0.000000,0.000000,8.000000,-106.700000
1777586669.697945,0,0.000000,0.000000,0.000000,0.000000,0.000000,0.000000,0.000000,0.000000,8.000000,-106.690000
1777586669.698653,0,0.000000,0.000000,0.000000,0.000000,0.000000,0.000000,0.000000,0.000000,8.000000,-106.690000
1777586669.716622,0,0.000000,0.000000,0.000000,0.000000,0.000000,0.000000,0.000000,0.000000,8.000000,-106.680000
1777586669.717095,0,0.000000,0.000000,0.000000,0.000000,0.000000,0.000000,0.000000,0.000000,8.000000,-106.660000
1777586669.717560,0,0.000000,0.000000,0.000000,0.000000,0.000000,0.000000,0.000000,0.000000,8.000000,-106.660000
1777586669.749758,0,0.000000,0.000000,0.000000,0.000000,0.000000,0.000000,0.000000,0.000000,8.000000,-106.650000
1777586669.750210,0,0.000000,0.000000,0.000000,0.000000,0.000000,0.000000,0.000000,0.000000,8.000000,-106.630000
1777586669.750835,0,0.000000,0.000000,0.000000,0.000000,0.000000,0.000000,0.000000,0.000000,8.000000,-106.620000
1777586669.773858,0,0.000000,0.000000,0.000000,0.000000,0.000000,0.000000,0.000000,0.000000,8.000000,-106.620000
1777586669.796557,0,0.000000,0.000000,0.000000,0.000000,0.000000,0.000000,0.000000,0.000000,8.000000,-106.610000
1777586669.796982,0,0.000000,0.000000,0.000000,0.000000,0.000000,0.000000,0.000000,0.000000,8.000000,-106.590000
1777586669.797585,0,0.000000,0.000000,0.000000,0.000000,0.000000,0.000000,0.000000,0.000000,8.000000,-106.580000
1777586669.818740,0,0.000000,0.000000,0.000000,0.000000,0.000000,0.000000,0.000000,0.000000,8.000000,-106.580000
1777586669.819197,0,0.000000,0.000000,0.000000,0.000000,0.000000,0.000000,0.000000,0.000000,8.000000,-106.560000
1777586669.844782,0,0.000000,0.000000,0.000000,0.000000,0.000000,0.000000,0.000000,0.000000,8.000000,-106.550000
1777586669.845320,0,0.000000,0.000000,0.000000,0.000000,0.000000,0.000000,0.000000,0.000000,8.000000,-106.550000
1777586669.867234,0,0.000000,0.000000,0.000000,0.000000,0.000000,0.000000,0.000000,0.000000,8.000000,-106.540000
1777586669.867673,0,0.000000,0.000000,0.000000,0.000000,0.000000,0.000000,0.000000,0.000000,8.000000,-106.520000
1777586669.868025,0,0.000000,0.000000,0.000000,0.000000,0.000000,0.000000,0.000000,0.000000,8.000000,-106.510000
1777586669.884012,0,0.000000,0.000000,0.000000,0.000000,0.000000,0.000000,0.000000,0.000000,8.000000,-106.510000
1777586669.884483,0,0.000000,0.000000,0.000000,0.000000,0.000000,0.000000,0.000000,0.000000,8.000000,-106.500000
1777586669.900783,0,0.000000,0.000000,0.000000,0.000000,0.000000,0.000000,0.000000,0.000000,8.000000,-106.480000
1777586669.917872,0,0.000000,0.000000,0.000000,0.000000,0.000000,0.000000,0.000000,0.000000,8.000000,-106.480000
1777586669.918603,0,0.000000,0.000000,0.000000,0.000000,0.000000,0.000000,0.000000,0.000000,8.000000,-106.470000
1777586669.940963,0,0.000000,0.000000,0.000000,0.000000,0.000000,0.000000,0.000000,0.000000,8.000000,-106.450000
1777586669.963382,0,0.000000,0.000000,0.000000,0.000000,0.000000,0.000000,0.000000,0.000000,8.000000,-106.440000
1777586669.963906,0,0.000000,0.000000,0.000000,0.000000,0.000000,0.000000,0.000000,0.000000,8.000000,-106.440000
1777586669.964298,0,0.000000,0.000000,0.000000,0.000000,0.000000,0.000000,0.000000,0.000000,8.000000,-106.430000
1777586669.986519,0,0.000000,0.000000,0.000000,0.000000,0.000000,0.000000,0.000000,0.000000,8.000000,-106.410000
1777586670.012458,0,0.000000,0.000000,0.000000,0.000000,0.000000,0.000000,0.000000,0.000000,8.000000,-106.410000
1777586670.012987,0,0.000000,0.000000,0.000000,0.000000,0.000000,0.000000,0.000000,0.000000,8.000000,-106.400000
1777586670.013368,0,0.000000,0.000000,0.000000,0.000000,0.000000,0.000000,0.000000,0.000000,8.000000,-106.380000
1777586670.037399,0,0.000000,0.000000,0.000000,0.000000,0.000000,0.000000,0.000000,0.000000,8.000000,-106.370000
1777586670.038966,0,0.000000,0.000000,0.000000,0.000000,0.000000,0.000000,0.000000,0.000000,8.000000,-106.370000
1777586670.039925,0,0.000000,0.000000,0.000000,0.000000,0.000000,0.000000,0.000000,0.000000,8.000000,-106.360000
1777586670.075881,0,0.000000,0.000000,0.000000,0.000000,0.000000,0.000000,0.000000,0.000000,8.000000,-106.340000
1777586670.076429,0,0.000000,0.000000,0.000000,0.000000,0.000000,0.000000,0.000000,0.000000,8.000000,-106.330000
1777586670.076773,0,0.000000,0.000000,0.000000,0.000000,0.000000,0.000000,0.000000,0.000000,8.000000,-106.330000
1777586670.110341,0,0.000000,0.000000,0.000000,0.000000,0.000000,0.000000,0.000000,0.000000,8.000000,-106.310000
1777586670.110898,0,0.000000,0.000000,0.000000,0.000000,0.000000,0.000000,0.000000,0.000000,8.000000,-106.300000
1777586670.111326,0,0.000000,0.000000,0.000000,0.000000,0.000000,0.000000,0.000000,0.000000,8.000000,-106.300000
1777586670.112282,0,0.000000,0.000000,0.000000,0.000000,0.000000,0.000000,0.000000,0.000000,8.000000,-106.290000
1777586670.135078,0,0.000000,0.000000,0.000000,0.000000,0.000000,0.000000,0.000000,0.000000,8.000000,-106.270000
1777586670.135606,0,0.000000,0.000000,0.000000,0.000000,0.000000,0.000000,0.000000,0.000000,8.000000,-106.260000
1777586670.136162,0,0.000000,0.000000,0.000000,0.000000,0.000000,0.000000,0.000000,0.000000,8.000000,-106.260000
1777586670.158519,0,0.000000,0.000000,0.000000,0.000000,0.000000,0.000000,0.000000,0.000000,8.000000,-106.250000
1777586670.158966,0,0.000000,0.000000,0.000000,0.000000,0.000000,0.000000,0.000000,0.000000,8.000000,-106.230000
1777586670.183517,0,0.000000,0.000000,0.000000,0.000000,0.000000,0.000000,0.000000,0.000000,8.000000,-106.230000
1777586670.184094,0,0.000000,0.000000,0.000000,0.000000,0.000000,0.000000,0.000000,0.000000,8.000000,-106.220000
1777586670.205816,0,0.000000,0.000000,0.000000,0.000000,0.000000,0.000000,0.000000,0.000000,8.000000,-106.200000
1777586670.206333,0,0.000000,0.000000,0.000000,0.000000,0.000000,0.000000,0.000000,0.000000,8.000000,-106.190000
1777586670.206702,0,0.000000,0.000000,0.000000,0.000000,0.000000,0.000000,0.000000,0.000000,8.000000,-106.180000
1777586670.227485,0,0.000000,0.000000,0.000000,0.000000,0.000000,0.000000,0.000000,0.000000,8.000000,-106.160000
1777586670.227955,0,0.000000,0.000000,0.000000,0.000000,0.000000,0.000000,0.000000,0.000000,8.000000,-106.160000
1777586670.228333,0,0.000000,0.000000,0.000000,0.000000,0.000000,0.000000,0.000000,0.000000,8.000000,-106.150000
1777586670.245687,0,0.000000,0.000000,0.000000,0.000000,0.000000,0.000000,0.000000,0.000000,8.000000,-106.150000
1777586670.262489,0,0.000000,0.000000,0.000000,0.000000,0.000000,0.000000,0.000000,0.000000,8.000000,-106.130000
1777586670.263985,0,0.000000,0.000000,0.000000,0.000000,0.000000,0.000000,0.000000,0.000000,8.000000,-106.120000
1777586670.279931,0,0.000000,0.000000,0.000000,0.000000,0.000000,0.000000,0.000000,0.000000,8.000000,-106.120000
1777586670.280660,0,0.000000,0.000000,0.000000,0.000000,0.000000,0.000000,0.000000,0.000000,8.000000,-106.110000
1777586670.296829,0,0.000000,0.000000,0.000000,0.000000,0.000000,0.000000,0.000000,0.000000,8.000000,-106.090000
1777586670.297444,0,0.000000,0.000000,0.000000,0.000000,0.000000,0.000000,0.000000,0.000000,8.000000,-106.080000
1777586670.315038,0,0.000000,0.000000,0.000000,0.000000,0.000000,0.000000,0.000000,0.000000,8.000000,-106.080000
1777586670.330971,0,0.000000,0.000000,0.000000,0.000000,0.000000,0.000000,0.000000,0.000000,8.000000,-106.060000
1777586670.331707,0,0.000000,0.000000,0.000000,0.000000,0.000000,0.000000,0.000000,0.000000,8.000000,-106.050000
1777586670.346813,0,0.000000,0.000000,0.000000,0.000000,0.000000,0.000000,0.000000,0.000000,8.000000,-106.040000
1777586670.347399,0,0.000000,0.000000,0.000000,0.000000,0.000000,0.000000,0.000000,0.000000,8.000000,-106.020000
1777586670.364221,0,0.000000,0.000000,0.000000,0.000000,0.000000,0.000000,0.000000,0.000000,8.000000,-106.010000
1777586670.384756,0,0.000000,0.000000,0.000000,0.000000,0.000000,0.000000,0.000000,0.000000,8.000000,-106.010000
1777586670.386280,0,0.000000,0.000000,0.000000,0.000000,0.000000,0.000000,0.000000,0.000000,8.000000,-106.010000
1777586670.402800,0,0.000000,0.000000,0.000000,0.000000,0.000000,0.000000,0.000000,0.000000,8.000000,-106.000000
1777586670.403296,0,0.000000,0.000000,0.000000,0.000000,0.000000,0.000000,0.000000,0.000000,8.000000,-105.980000
1777586670.426878,0,0.000000,0.000000,0.000000,0.000000,0.000000,0.000000,0.000000,0.000000,8.000000,-105.980000
1777586670.427446,0,0.000000,0.000000,0.000000,0.000000,0.000000,0.000000,0.000000,0.000000,8.000000,-105.970000
1777586670.451374,0,0.000000,0.000000,0.000000,0.000000,0.000000,0.000000,0.000000,0.000000,8.000000,-105.950000
1777586670.451859,0,0.000000,0.000000,0.000000,0.000000,0.000000,0.000000,0.000000,0.000000,8.000000,-105.940000
1777586670.452383,0,0.000000,0.000000,0.000000,0.000000,0.000000,0.000000,0.000000,0.000000,8.000000,-105.940000
1777586670.474325,0,0.000000,0.000000,0.000000,0.000000,0.000000,0.000000,0.000000,0.000000,8.000000,-105.930000
1777586670.474800,0,0.000000,0.000000,0.000000,0.000000,0.000000,0.000000,0.000000,0.000000,8.000000,-105.910000
1777586670.496414,0,0.000000,0.000000,0.000000,0.000000,0.000000,0.000000,0.000000,0.000000,8.000000,-105.910000
1777586670.496886,0,0.000000,0.000000,0.000000,0.000000,0.000000,0.000000,0.000000,0.000000,8.000000,-105.900000
1777586670.516021,0,0.000000,0.000000,0.000000,0.000000,0.000000,0.000000,0.000000,0.000000,8.000000,-105.880000
1777586670.516503,0,0.000000,0.000000,0.000000,0.000000,0.000000,0.000000,0.000000,0.000000,8.000000,-105.870000
1777586670.534581,0,0.000000,0.000000,0.000000,0.000000,0.000000,0.000000,0.000000,0.000000,8.000000,-105.870000
1777586670.535060,0,0.000000,0.000000,0.000000,0.000000,0.000000,0.000000,0.000000,0.000000,8.000000,-105.860000
1777586670.552562,0,0.000000,0.000000,0.000000,0.000000,0.000000,0.000000,0.000000,0.000000,8.000000,-105.840000
1777586670.553045,0,0.000000,0.000000,0.000000,0.000000,0.000000,0.000000,0.000000,0.000000,8.000000,-105.830000
1777586670.570598,0,0.000000,0.000000,0.000000,0.000000,0.000000,0.000000,0.000000,0.000000,8.000000,-105.830000
1777586670.571074,0,0.000000,0.000000,0.000000,0.000000,0.000000,0.000000,0.000000,0.000000,8.000000,-105.810000
1777586670.589226,0,0.000000,0.000000,0.000000,0.000000,0.000000,0.000000,0.000000,0.000000,8.000000,-105.800000
1777586670.608355,0,0.000000,0.000000,0.000000,0.000000,0.000000,0.000000,0.000000,0.000000,8.000000,-105.800000
1777586670.608826,0,0.000000,0.000000,0.000000,0.000000,0.000000,0.000000,0.000000,0.000000,8.000000,-105.770000
1777586670.610063,0,0.000000,0.000000,0.000000,0.000000,0.000000,0.000000,0.000000,0.000000,8.000000,-105.760000
1777586670.627609,0,0.000000,0.000000,0.000000,0.000000,0.000000,0.000000,0.000000,0.000000,8.000000,-105.760000
1777586670.645006,0,0.000000,0.000000,0.000000,0.000000,0.000000,0.000000,0.000000,0.000000,8.000000,-105.750000
1777586670.645590,0,0.000000,0.000000,0.000000,0.000000,0.000000,0.000000,0.000000,0.000000,8.000000,-105.730000
1777586670.663216,0,0.000000,0.000000,0.000000,0.000000,0.000000,0.000000,0.000000,0.000000,8.000000,-105.730000
1777586670.680974,0,0.000000,0.000000,0.000000,0.000000,0.000000,0.000000,0.000000,0.000000,8.000000,-105.720000
1777586670.681626,0,0.000000,0.000000,0.000000,0.000000,0.000000,0.000000,0.000000,0.000000,8.000000,-105.700000
1777586670.699198,0,0.000000,0.000000,0.000000,0.000000,0.000000,0.000000,0.000000,0.000000,8.000000,-105.690000
1777586670.699666,0,0.000000,0.000000,0.000000,0.000000,0.000000,0.000000,0.000000,0.000000,8.000000,-105.690000
1777586670.716434,0,0.000000,0.000000,0.000000,0.000000,0.000000,0.000000,0.000000,0.000000,8.000000,-105.680000
1777586670.716959,0,0.000000,0.000000,0.000000,0.000000,0.000000,0.000000,0.000000,0.000000,8.000000,-105.660000
1777586670.734593,0,0.000000,0.000000,0.000000,0.000000,0.000000,0.000000,0.000000,0.000000,8.000000,-105.660000
1777586670.735297,0,0.000000,0.000000,0.000000,0.000000,0.000000,0.000000,0.000000,0.000000,8.000000,-105.650000
1777586670.750973,0,0.000000,0.000000,0.000000,0.000000,0.000000,0.000000,0.000000,0.000000,8.000000,-105.630000
1777586670.751454,0,0.000000,0.000000,0.000000,0.000000,0.000000,0.000000,0.000000,0.000000,8.000000,-105.620000
1777586670.768137,0,0.000000,0.000000,0.000000,0.000000,0.000000,0.000000,0.000000,0.000000,8.000000,-105.620000
1777586670.768645,0,0.000000,0.000000,0.000000,0.000000,0.000000,0.000000,0.000000,0.000000,8.000000,-105.610000
1777586670.797508,0,0.000000,0.000000,0.000000,0.000000,0.000000,0.000000,0.000000,0.000000,8.000000,-105.590000
1777586670.798047,0,0.000000,0.000000,0.000000,0.000000,0.000000,0.000000,0.000000,0.000000,8.000000,-105.580000
1777586670.798831,0,0.000000,0.000000,0.000000,0.000000,0.000000,0.000000,0.000000,0.000000,8.000000,-105.580000
1777586670.826892,0,0.000000,0.000000,0.000000,0.000000,0.000000,0.000000,0.000000,0.000000,8.000000,-105.560000
1777586670.827416,0,0.000000,0.000000,0.000000,0.000000,0.000000,0.000000,0.000000,0.000000,8.000000,-105.550000
1777586670.828104,0,0.000000,0.000000,0.000000,0.000000,0.000000,0.000000,0.000000,0.000000,8.000000,-105.550000
1777586670.859013,0,0.000000,0.000000,0.000000,0.000000,0.000000,0.000000,0.000000,0.000000,8.000000,-105.540000
1777586670.859577,0,0.000000,0.000000,0.000000,0.000000,0.000000,0.000000,0.000000,0.000000,8.000000,-105.520000
1777586670.860772,0,0.000000,0.000000,0.000000,0.000000,0.000000,0.000000,0.000000,0.000000,8.000000,-105.510000
1777586670.878247,0,0.000000,0.000000,0.000000,0.000000,0.000000,0.000000,0.000000,0.000000,8.000000,-105.510000
1777586670.895296,0,0.000000,0.000000,0.000000,0.000000,0.000000,0.000000,0.000000,0.000000,8.000000,-105.500000
1777586670.895787,0,0.000000,0.000000,0.000000,0.000000,0.000000,0.000000,0.000000,0.000000,8.000000,-105.480000
1777586670.912613,0,0.000000,0.000000,0.000000,0.000000,0.000000,0.000000,0.000000,0.000000,8.000000,-105.480000
1777586670.913083,0,0.000000,0.000000,0.000000,0.000000,0.000000,0.000000,0.000000,0.000000,8.000000,-105.470000
1777586670.936028,0,0.000000,0.000000,0.000000,0.000000,0.000000,0.000000,0.000000,0.000000,8.000000,-105.450000
1777586670.955612,0,0.000000,0.000000,0.000000,0.000000,0.000000,0.000000,0.000000,0.000000,8.000000,-105.440000
1777586670.956271,0,0.000000,0.000000,0.000000,0.000000,0.000000,0.000000,0.000000,0.000000,8.000000,-105.440000
1777586670.956674,0,0.000000,0.000000,0.000000,0.000000,0.000000,0.000000,0.000000,0.000000,8.000000,-105.430000
1777586670.974100,0,0.000000,0.000000,0.000000,0.000000,0.000000,0.000000,0.000000,0.000000,8.000000,-105.410000
1777586670.994576,0,0.000000,0.000000,0.000000,0.000000,0.000000,0.000000,0.000000,0.000000,8.000000,-105.410000
1777586670.995050,0,0.000000,0.000000,0.000000,0.000000,0.000000,0.000000,0.000000,0.000000,8.000000,-105.400000
1777586670.995642,0,0.000000,0.000000,0.000000,0.000000,0.000000,0.000000,0.000000,0.000000,8.000000,-105.380000
1777586671.014061,0,0.000000,0.000000,0.000000,0.000000,0.000000,0.000000,0.000000,0.000000,8.000000,-105.370000
1777586671.015077,0,0.000000,0.000000,0.000000,0.000000,0.000000,0.000000,0.000000,0.000000,8.000000,-105.370000
1777586671.033006,0,0.000000,0.000000,0.000000,0.000000,0.000000,0.000000,0.000000,0.000000,8.000000,-105.360000
1777586671.052738,0,0.000000,0.000000,0.000000,0.000000,0.000000,0.000000,0.000000,0.000000,8.000000,-105.340000
1777586671.053226,0,0.000000,0.000000,0.000000,0.000000,0.000000,0.000000,0.000000,0.000000,8.000000,-105.330000
1777586671.053907,0,0.000000,0.000000,0.000000,0.000000,0.000000,0.000000,0.000000,0.000000,8.000000,-105.330000
1777586671.074590,0,0.000000,0.000000,0.000000,0.000000,0.000000,0.000000,0.000000,0.000000,8.000000,-105.310000
1777586671.095078,0,0.000000,0.000000,0.000000,0.000000,0.000000,0.000000,0.000000,0.000000,8.000000,-105.300000
1777586671.095550,0,0.000000,0.000000,0.000000,0.000000,0.000000,0.000000,0.000000,0.000000,8.000000,-105.300000
1777586671.095913,0,0.000000,0.000000,0.000000,0.000000,0.000000,0.000000,0.000000,0.000000,8.000000,-105.290000
1777586671.116430,0,0.000000,0.000000,0.000000,0.000000,0.000000,0.000000,0.000000,0.000000,8.000000,-105.270000
1777586671.137241,0,0.000000,0.000000,0.000000,0.000000,0.000000,0.000000,0.000000,0.000000,8.000000,-105.260000
1777586671.137727,0,0.000000,0.000000,0.000000,0.000000,0.000000,0.000000,0.000000,0.000000,8.000000,-105.260000
1777586671.138107,0,0.000000,0.000000,0.000000,0.000000,0.000000,0.000000,0.000000,0.000000,8.000000,-105.250000
1777586671.154425,0,0.000000,0.000000,0.000000,0.000000,0.000000,0.000000,0.000000,0.000000,8.000000,-105.230000
1777586671.155124,0,0.000000,0.000000,0.000000,0.000000,0.000000,0.000000,0.000000,0.000000,8.000000,-105.230000
1777586671.174315,0,0.000000,0.000000,0.000000,0.000000,0.000000,0.000000,0.000000,0.000000,8.000000,-105.220000
1777586671.174788,0,0.000000,0.000000,0.000000,0.000000,0.000000,0.000000,0.000000,0.000000,8.000000,-105.200000
1777586671.193622,0,0.000000,0.000000,0.000000,0.000000,0.000000,0.000000,0.000000,0.000000,8.000000,-105.190000
1777586671.215990,0,0.000000,0.000000,0.000000,0.000000,0.000000,0.000000,0.000000,0.000000,8.000000,-105.190000
1777586671.216538,0,0.000000,0.000000,0.000000,0.000000,0.000000,0.000000,0.000000,0.000000,8.000000,-105.180000
1777586671.236455,0,0.000000,0.000000,0.000000,0.000000,0.000000,0.000000,0.000000,0.000000,8.000000,-105.160000
1777586671.236928,0,0.000000,0.000000,0.000000,0.000000,0.000000,0.000000,0.000000,0.000000,8.000000,-105.160000
1777586671.237310,0,0.000000,0.000000,0.000000,0.000000,0.000000,0.000000,0.000000,0.000000,8.000000,-105.150000
1777586671.258240,0,0.000000,0.000000,0.000000,0.000000,0.000000,0.000000,0.000000,0.000000,8.000000,-105.130000
1777586671.258713,0,0.000000,0.000000,0.000000,0.000000,0.000000,0.000000,0.000000,0.000000,8.000000,-105.120000
1777586671.279232,0,0.000000,0.000000,0.000000,0.000000,0.000000,0.000000,0.000000,0.000000,8.000000,-105.120000
1777586671.279801,0,0.000000,0.000000,0.000000,0.000000,0.000000,0.000000,0.000000,0.000000,8.000000,-105.110000
1777586671.296106,0,0.000000,0.000000,0.000000,0.000000,0.000000,0.000000,0.000000,0.000000,8.000000,-105.090000
1777586671.296576,0,0.000000,0.000000,0.000000,0.000000,0.000000,0.000000,0.000000,0.000000,8.000000,-105.080000
1777586671.314022,0,0.000000,0.000000,0.000000,0.000000,0.000000,0.000000,0.000000,0.000000,8.000000,-105.080000
1777586671.330265,0,0.000000,0.000000,0.000000,0.000000,0.000000,0.000000,0.000000,0.000000,8.000000,-105.060000
1777586671.330886,0,0.000000,0.000000,0.000000,0.000000,0.000000,0.000000,0.000000,0.000000,8.000000,-105.050000
1777586671.331591,0,0.000000,0.000000,0.000000,0.000000,0.000000,0.000000,0.000000,0.000000,8.000000,-105.050000
1777586671.348176,0,0.000000,0.000000,0.000000,0.000000,0.000000,0.000000,0.000000,0.000000,8.000000,-105.040000
1777586671.368650,0,0.000000,0.000000,0.000000,0.000000,0.000000,0.000000,0.000000,0.000000,8.000000,-105.020000
1777586671.369440,0,0.000000,0.000000,0.000000,0.000000,0.000000,0.000000,0.000000,0.000000,8.000000,-105.010000
1777586671.387462,0,0.000000,0.000000,0.000000,0.000000,0.000000,0.000000,0.000000,0.000000,8.000000,-105.010000
1777586671.388397,0,0.000000,0.000000,0.000000,0.000000,0.000000,0.000000,0.000000,0.000000,8.000000,-105.000000
1777586671.405948,0,0.000000,0.000000,0.000000,0.000000,0.000000,0.000000,0.000000,0.000000,8.000000,-104.980000
1777586671.406420,0,0.000000,0.000000,0.000000,0.000000,0.000000,0.000000,0.000000,0.000000,8.000000,-104.980000
1777586671.423851,0,0.000000,0.000000,0.000000,0.000000,0.000000,0.000000,0.000000,0.000000,8.000000,-104.970000
1777586671.441326,0,0.000000,0.000000,0.000000,0.000000,0.000000,0.000000,0.000000,0.000000,8.000000,-104.950000
1777586671.441800,0,0.000000,0.000000,0.000000,0.000000,0.000000,0.000000,0.000000,0.000000,8.000000,-104.950000
1777586671.442288,0,0.000000,0.000000,0.000000,0.000000,0.000000,0.000000,0.000000,0.000000,8.000000,-104.940000
1777586671.459568,0,0.000000,0.000000,0.000000,0.000000,0.000000,0.000000,0.000000,0.000000,8.000000,-104.940000
1777586671.460035,0,0.000000,0.000000,0.000000,0.000000,0.000000,0.000000,0.000000,0.000000,8.000000,-104.930000
1777586671.476708,0,0.000000,0.000000,0.000000,0.000000,0.000000,0.000000,0.000000,0.000000,8.000000,-104.910000
1777586671.493473,0,0.000000,0.000000,0.000000,0.000000,0.000000,0.000000,0.000000,0.000000,8.000000,-104.910000
1777586671.494036,0,0.000000,0.000000,0.000000,0.000000,0.000000,0.000000,0.000000,0.000000,8.000000,-104.900000
1777586671.510916,0,0.000000,0.000000,0.000000,0.000000,0.000000,0.000000,0.000000,0.000000,8.000000,-104.870000
1777586671.511402,0,0.000000,0.000000,0.000000,0.000000,0.000000,0.000000,0.000000,0.000000,8.000000,-104.870000
1777586671.528187,0,0.000000,0.000000,0.000000,0.000000,0.000000,0.000000,0.000000,0.000000,8.000000,-104.860000
1777586671.544897,0,0.000000,0.000000,0.000000,0.000000,0.000000,0.000000,0.000000,0.000000,8.000000,-104.840000
1777586671.545516,0,0.000000,0.000000,0.000000,0.000000,0.000000,0.000000,0.000000,0.000000,8.000000,-104.830000
1777586671.562309,0,0.000000,0.000000,0.000000,0.000000,0.000000,0.000000,0.000000,0.000000,8.000000,-104.830000
1777586671.562778,0,0.000000,0.000000,0.000000,0.000000,0.000000,0.000000,0.000000,0.000000,8.000000,-104.810000
1777586671.583607,0,0.000000,0.000000,0.000000,0.000000,0.000000,0.000000,0.000000,0.000000,8.000000,-104.800000
1777586671.606164,0,0.000000,0.000000,0.000000,0.000000,0.000000,0.000000,0.000000,0.000000,8.000000,-104.800000
1777586671.606645,0,0.000000,0.000000,0.000000,0.000000,0.000000,0.000000,0.000000,0.000000,8.000000,-104.790000
1777586671.606998,0,0.000000,0.000000,0.000000,0.000000,0.000000,0.000000,0.000000,0.000000,8.000000,-104.770000
1777586671.608957,0,0.000000,0.000000,0.000000,0.000000,0.000000,0.000000,0.000000,0.000000,8.000000,-104.760000
1777586671.628409,0,0.000000,0.000000,0.000000,0.000000,0.000000,0.000000,0.000000,0.000000,8.000000,-104.760000
1777586671.647062,0,0.000000,0.000000,0.000000,0.000000,0.000000,0.000000,0.000000,0.000000,8.000000,-104.750000
1777586671.647542,0,0.000000,0.000000,0.000000,0.000000,0.000000,0.000000,0.000000,0.000000,8.000000,-104.730000
1777586671.667064,0,0.000000,0.000000,0.000000,0.000000,0.000000,0.000000,0.000000,0.000000,8.000000,-104.730000
1777586671.667511,0,0.000000,0.000000,0.000000,0.000000,0.000000,0.000000,0.000000,0.000000,8.000000,-104.730000
1777586671.668009,0,0.000000,0.000000,0.000000,0.000000,0.000000,0.000000,0.000000,0.000000,8.000000,-104.720000
1777586671.702576,0,0.000000,0.000000,0.000000,0.000000,0.000000,0.000000,0.000000,0.000000,8.000000,-104.700000
1777586671.703031,0,0.000000,0.000000,0.000000,0.000000,0.000000,0.000000,0.000000,0.000000,8.000000,-104.690000
1777586671.703552,0,0.000000,0.000000,0.000000,0.000000,0.000000,0.000000,0.000000,0.000000,8.000000,-104.680000
1777586671.704732,0,0.000000,0.000000,0.000000,0.000000,0.000000,0.000000,0.000000,0.000000,8.000000,-104.660000
