epoch,mark,Desired Torque (L),Measured Torque (L),Desired Torque (R),Measured Torque (R),Toe FSR (L),Stance Phase (L),Toe FSR (R),Stance Phase (R),Channel 8,Exoskeleton time (seconds)
1777668271.483841,0,0.000000,0.000000,0.000000,0.000000,0.000000,0.000000,0.000000,0.000000,8.000000,32.520000
1777668271.533349,0,0.000000,0.000000,0.000000,0.000000,0.000000,0.000000,0.000000,0.000000,8.000000,32.540000
1777668271.533785,0,0.000000,0.000000,0.000000,0.000000,0.000000,0.000000,0.000000,0.000000,8.000000,32.540000
1777668271.534104,0,0.000000,0.000000,0.000000,0.000000,0.000000,0.000000,0.000000,0.000000,8.000000,32.560000
1777668271.555716,0,0.000000,0.000000,0.000000,0.000000,0.000000,0.000000,0.000000,0.000000,8.000000,32.560000
1777668271.556304,0,0.000000,0.000000,0.000000,0.000000,0.000000,0.000000,0.000000,0.000000,8.000000,32.580000
1777668271.577668,0,0.000000,0.000000,0.000000,0.000000,0.000000,0.000000,0.000000,0.000000,8.000000,32.590000
1777668271.578275,0,0.000000,0.000000,0.000000,0.000000,0.000000,0.000000,0.000000,0.000000,8.000000,32.590000
1777668271.601095,0,0.000000,0.000000,0.000000,0.000000,0.000000,0.000000,0.000000,0.000000,8.000000,32.610000
1777668271.601514,0,0.000000,0.000000,0.000000,0.000000,0.000000,0.000000,0.000000,0.000000,8.000000,32.610000
1777668271.601992,0,0.000000,0.000000,0.000000,0.000000,0.000000,0.000000,0.000000,0.000000,8.000000,32.630000
1777668271.614740,0,0.000000,0.000000,0.000000,0.000000,0.000000,0.000000,0.000000,0.000000,8.000000,32.630000
1777668271.639728,0,0.000000,0.000000,0.000000,0.000000,0.000000,0.000000,0.000000,0.000000,8.000000,32.650000
1777668271.640366,0,0.000000,0.000000,0.000000,0.000000,0.000000,0.000000,0.000000,0.000000,8.000000,32.650000
1777668271.662695,0,0.000000,0.000000,0.000000,0.000000,0.000000,0.000000,0.000000,0.000000,8.000000,32.660000
1777668271.663462,0,0.000000,0.000000,0.000000,0.000000,0.000000,0.000000,0.000000,0.000000,8.000000,32.680000
1777668271.676606,0,0.000000,0.000000,0.000000,0.000000,0.000000,0.000000,0.000000,0.000000,8.000000,32.680000
1777668271.689660,0,0.000000,0.000000,0.000000,0.000000,0.000000,0.000000,0.000000,0.000000,8.000000,32.700000
1777668271.703782,0,0.000000,0.000000,0.000000,0.000000,0.000000,0.000000,0.000000,0.000000,8.000000,32.700000
1777668271.704208,0,0.000000,0.000000,0.000000,0.000000,0.000000,0.000000,0.000000,0.000000,8.000000,32.720000
1777668271.718024,0,0.000000,0.000000,0.000000,0.000000,0.000000,0.000000,0.000000,0.000000,8.000000,32.720000
1777668271.731783,0,0.000000,0.000000,0.000000,0.000000,0.000000,0.000000,0.000000,0.000000,8.000000,32.740000
1777668271.732224,0,0.000000,0.000000,0.000000,0.000000,0.000000,0.000000,0.000000,0.000000,8.000000,32.750000
1777668271.744254,0,0.000000,0.000000,0.000000,0.000000,0.000000,0.000000,0.000000,0.000000,8.000000,32.750000
1777668271.744752,0,0.000000,0.000000,0.000000,0.000000,0.000000,0.000000,0.000000,0.000000,8.000000,32.770000
1777668271.767027,0,0.000000,0.000000,0.000000,0.000000,0.000000,0.000000,0.000000,0.000000,8.000000,32.770000
1777668271.767509,0,0.000000,0.000000,0.000000,0.000000,0.000000,0.000000,0.000000,0.000000,8.000000,32.790000
1777668271.779102,0,0.000000,0.000000,0.000000,0.000000,0.000000,0.000000,0.000000,0.000000,8.000000,32.790000
1777668271.790652,0,0.000000,0.000000,0.000000,0.000000,0.000000,0.000000,0.000000,0.000000,8.000000,32.810000
1777668271.804357,0,0.000000,0.000000,0.000000,0.000000,0.000000,0.000000,0.000000,0.000000,8.000000,32.810000
1777668271.818319,0,0.000000,0.000000,0.000000,0.000000,0.000000,0.000000,0.000000,0.000000,8.000000,32.830000
1777668271.818901,0,0.000000,0.000000,0.000000,0.000000,0.000000,0.000000,0.000000,0.000000,8.000000,32.840000
1777668271.830728,0,0.000000,0.000000,0.000000,0.000000,0.000000,0.000000,0.000000,0.000000,8.000000,32.840000
1777668271.844390,0,0.000000,0.000000,0.000000,0.000000,0.000000,0.000000,0.000000,0.000000,8.000000,32.840000
1777668271.857547,0,0.000000,0.000000,0.000000,0.000000,0.000000,0.000000,0.000000,0.000000,8.000000,32.860000
1777668271.858246,0,0.000000,0.000000,0.000000,0.000000,0.000000,0.000000,0.000000,0.000000,8.000000,32.860000
1777668271.873530,0,0.000000,0.000000,0.000000,0.000000,0.000000,0.000000,0.000000,0.000000,8.000000,32.880000
1777668271.888520,0,0.000000,0.000000,0.000000,0.000000,0.000000,0.000000,0.000000,0.000000,8.000000,32.900000
1777668271.888963,0,0.000000,0.000000,0.000000,0.000000,0.000000,0.000000,0.000000,0.000000,8.000000,32.900000
1777668271.903816,0,0.000000,0.000000,0.000000,0.000000,0.000000,0.000000,0.000000,0.000000,8.000000,32.900000
1777668271.918576,0,0.000000,0.000000,0.000000,0.000000,0.000000,0.000000,0.000000,0.000000,8.000000,32.910000
1777668271.932875,0,0.000000,0.000000,0.000000,0.000000,0.000000,0.000000,0.000000,0.000000,8.000000,32.930000
1777668271.947087,0,0.000000,0.000000,0.000000,0.000000,0.000000,0.000000,0.000000,0.000000,8.000000,32.930000
1777668271.959920,0,0.000000,0.000000,0.000000,0.000000,0.000000,0.000000,0.000000,0.000000,8.000000,32.950000
1777668271.960377,0,0.000000,0.000000,0.000000,0.000000,0.000000,0.000000,0.000000,0.000000,8.000000,32.970000
1777668271.960860,0,0.000000,0.000000,0.000000,0.000000,0.000000,0.000000,0.000000,0.000000,8.000000,32.970000
1777668271.973741,0,0.000000,0.000000,0.000000,0.000000,0.000000,0.000000,0.000000,0.000000,8.000000,32.990000
1777668271.985759,0,0.000000,0.000000,0.000000,0.000000,0.000000,0.000000,0.000000,0.000000,8.000000,33.000000
1777668271.999351,0,0.000000,0.000000,0.000000,0.000000,0.000000,0.000000,0.000000,0.000000,8.000000,33.000000
1777668272.011666,0,0.000000,0.000000,0.000000,0.000000,0.000000,0.000000,0.000000,0.000000,8.000000,33.020000
1777668272.024147,0,0.000000,0.000000,0.000000,0.000000,0.000000,0.000000,0.000000,0.000000,8.000000,33.020000
1777668272.024575,0,0.000000,0.000000,0.000000,0.000000,0.000000,0.000000,0.000000,0.000000,8.000000,33.040000
1777668272.036837,0,0.000000,0.000000,0.000000,0.000000,0.000000,0.000000,0.000000,0.000000,8.000000,33.040000
1777668272.048315,0,0.000000,0.000000,0.000000,0.000000,0.000000,0.000000,0.000000,0.000000,8.000000,33.060000
1777668272.048820,0,0.000000,0.000000,0.000000,0.000000,0.000000,0.000000,0.000000,0.000000,8.000000,33.060000
1777668272.059441,0,0.000000,0.000000,0.000000,0.000000,0.000000,0.000000,0.000000,0.000000,8.000000,33.080000
1777668272.072201,0,0.000000,0.000000,0.000000,0.000000,0.000000,0.000000,0.000000,0.000000,8.000000,33.090000
1777668272.083897,0,0.000000,0.000000,0.000000,0.000000,0.000000,0.000000,0.000000,0.000000,8.000000,33.090000
1777668272.096752,0,0.000000,0.000000,0.000000,0.000000,0.000000,0.000000,0.000000,0.000000,8.000000,33.110000
1777668272.110485,0,0.000000,0.000000,0.000000,0.000000,0.000000,0.000000,0.000000,0.000000,8.000000,33.110000
1777668272.111087,0,0.000000,0.000000,0.000000,0.000000,0.000000,0.000000,0.000000,0.000000,8.000000,33.130000
1777668272.125211,0,0.000000,0.000000,0.000000,0.000000,0.000000,0.000000,0.000000,0.000000,8.000000,33.130000
1777668272.138952,0,0.000000,0.000000,0.000000,0.000000,0.000000,0.000000,0.000000,0.000000,8.000000,33.130000
1777668272.152608,0,0.000000,0.000000,0.000000,0.000000,0.000000,0.000000,0.000000,0.000000,8.000000,33.150000
1777668272.153093,0,0.000000,0.000000,0.000000,0.000000,0.000000,0.000000,0.000000,0.000000,8.000000,33.150000
1777668272.166436,0,0.000000,0.000000,0.000000,0.000000,0.000000,0.000000,0.000000,0.000000,8.000000,33.160000
1777668272.166885,0,0.000000,0.000000,0.000000,0.000000,0.000000,0.000000,0.000000,0.000000,8.000000,33.180000
1777668272.189139,0,0.000000,0.000000,0.000000,0.000000,0.000000,0.000000,0.000000,0.000000,8.000000,33.180000
1777668272.189650,0,0.000000,0.000000,0.000000,0.000000,0.000000,0.000000,0.000000,0.000000,8.000000,33.200000
1777668272.190017,0,0.000000,0.000000,0.000000,0.000000,0.000000,0.000000,0.000000,0.000000,8.000000,33.200000
1777668272.210400,0,0.000000,0.000000,0.000000,0.000000,0.000000,0.000000,0.000000,0.000000,8.000000,33.220000
1777668272.211051,0,0.000000,0.000000,0.000000,0.000000,0.000000,0.000000,0.000000,0.000000,8.000000,33.240000
1777668272.222872,0,0.000000,0.000000,0.000000,0.000000,0.000000,0.000000,0.000000,0.000000,8.000000,33.240000
1777668272.243248,0,0.000000,0.000000,0.000000,0.000000,0.000000,0.000000,0.000000,0.000000,8.000000,33.250000
1777668272.243828,0,0.000000,0.000000,0.000000,0.000000,0.000000,0.000000,0.000000,0.000000,8.000000,33.270000
1777668272.265436,0,0.000000,0.000000,0.000000,0.000000,0.000000,0.000000,0.000000,0.000000,8.000000,33.270000
1777668272.265886,0,0.000000,0.000000,0.000000,0.000000,0.000000,0.000000,0.000000,0.000000,8.000000,33.270000
1777668272.290806,0,0.000000,0.000000,0.000000,0.000000,0.000000,0.000000,0.000000,0.000000,8.000000,33.290000
1777668272.291249,0,0.000000,0.000000,0.000000,0.000000,0.000000,0.000000,0.000000,0.000000,8.000000,33.290000
1777668272.291764,0,0.000000,0.000000,0.000000,0.000000,0.000000,0.000000,0.000000,0.000000,8.000000,33.310000
1777668272.315964,0,0.000000,0.000000,0.000000,0.000000,0.000000,0.000000,0.000000,0.000000,8.000000,33.310000
1777668272.316605,0,0.000000,0.000000,0.000000,0.000000,0.000000,0.000000,0.000000,0.000000,8.000000,33.330000
1777668272.329845,0,0.000000,0.000000,0.000000,0.000000,0.000000,0.000000,0.000000,0.000000,8.000000,33.340000
1777668272.330361,0,0.000000,0.000000,0.000000,0.000000,0.000000,0.000000,0.000000,0.000000,8.000000,33.340000
1777668272.354749,0,0.000000,0.000000,0.000000,0.000000,0.000000,0.000000,0.000000,0.000000,8.000000,33.360000
1777668272.355507,0,0.000000,0.000000,0.000000,0.000000,0.000000,0.000000,0.000000,0.000000,8.000000,33.360000
1777668272.370239,0,0.000000,0.000000,0.000000,0.000000,0.000000,0.000000,0.000000,0.000000,8.000000,33.380000
1777668272.385515,0,0.000000,0.000000,0.000000,0.000000,0.000000,0.000000,0.000000,0.000000,8.000000,33.380000
1777668272.400542,0,0.000000,0.000000,0.000000,0.000000,0.000000,0.000000,0.000000,0.000000,8.000000,33.400000
1777668272.400953,0,0.000000,0.000000,0.000000,0.000000,0.000000,0.000000,0.000000,0.000000,8.000000,33.400000
1777668272.413604,0,0.000000,0.000000,0.000000,0.000000,0.000000,0.000000,0.000000,0.000000,8.000000,33.410000
1777668272.426626,0,0.000000,0.000000,0.000000,0.000000,0.000000,0.000000,0.000000,0.000000,8.000000,33.430000
1777668272.427387,0,0.000000,0.000000,0.000000,0.000000,0.000000,0.000000,0.000000,0.000000,8.000000,33.430000
1777668272.440238,0,0.000000,0.000000,0.000000,0.000000,0.000000,0.000000,0.000000,0.000000,8.000000,33.450000
1777668272.453698,0,0.000000,0.000000,0.000000,0.000000,0.000000,0.000000,0.000000,0.000000,8.000000,33.450000
1777668272.465757,0,0.000000,0.000000,0.000000,0.000000,0.000000,0.000000,0.000000,0.000000,8.000000,33.470000
1777668272.466172,0,0.000000,0.000000,0.000000,0.000000,0.000000,0.000000,0.000000,0.000000,8.000000,33.470000
1777668272.478049,0,0.000000,0.000000,0.000000,0.000000,0.000000,0.000000,0.000000,0.000000,8.000000,33.490000
1777668272.490420,0,0.000000,0.000000,0.000000,0.000000,0.000000,0.000000,0.000000,0.000000,8.000000,33.500000
1777668272.502173,0,0.000000,0.000000,0.000000,0.000000,0.000000,0.000000,0.000000,0.000000,8.000000,33.500000
1777668272.503099,0,0.000000,0.000000,0.000000,0.000000,0.000000,0.000000,0.000000,0.000000,8.000000,33.520000
1777668272.515286,0,0.000000,0.000000,0.000000,0.000000,0.000000,0.000000,0.000000,0.000000,8.000000,33.520000
1777668272.528743,0,0.000000,0.000000,0.000000,0.000000,0.000000,0.000000,0.000000,0.000000,8.000000,33.540000
1777668272.542573,0,0.000000,0.000000,0.000000,0.000000,0.000000,0.000000,0.000000,0.000000,8.000000,33.540000
1777668272.543024,0,0.000000,0.000000,0.000000,0.000000,0.000000,0.000000,0.000000,0.000000,8.000000,33.560000
1777668272.557042,0,0.000000,0.000000,0.000000,0.000000,0.000000,0.000000,0.000000,0.000000,8.000000,33.560000
1777668272.570289,0,0.000000,0.000000,0.000000,0.000000,0.000000,0.000000,0.000000,0.000000,8.000000,33.580000
1777668272.570861,0,0.000000,0.000000,0.000000,0.000000,0.000000,0.000000,0.000000,0.000000,8.000000,33.590000
1777668272.584506,0,0.000000,0.000000,0.000000,0.000000,0.000000,0.000000,0.000000,0.000000,8.000000,33.590000
1777668272.597609,0,0.000000,0.000000,0.000000,0.000000,0.000000,0.000000,0.000000,0.000000,8.000000,33.610000
1777668272.598257,0,0.000000,0.000000,0.000000,0.000000,0.000000,0.000000,0.000000,0.000000,8.000000,33.610000
1777668272.622363,0,0.000000,0.000000,0.000000,0.000000,0.000000,0.000000,0.000000,0.000000,8.000000,33.630000
1777668272.622824,0,0.000000,0.000000,0.000000,0.000000,0.000000,0.000000,0.000000,0.000000,8.000000,33.630000
1777668272.623456,0,0.000000,0.000000,0.000000,0.000000,0.000000,0.000000,0.000000,0.000000,8.000000,33.650000
1777668272.646385,0,0.000000,0.000000,0.000000,0.000000,0.000000,0.000000,0.000000,0.000000,8.000000,33.650000
1777668272.646980,0,0.000000,0.000000,0.000000,0.000000,0.000000,0.000000,0.000000,0.000000,8.000000,33.660000
1777668272.669714,0,0.000000,0.000000,0.000000,0.000000,0.000000,0.000000,0.000000,0.000000,8.000000,33.680000
1777668272.670363,0,0.000000,0.000000,0.000000,0.000000,0.000000,0.000000,0.000000,0.000000,8.000000,33.680000
1777668272.682497,0,0.000000,0.000000,0.000000,0.000000,0.000000,0.000000,0.000000,0.000000,8.000000,33.700000
1777668272.694257,0,0.000000,0.000000,0.000000,0.000000,0.000000,0.000000,0.000000,0.000000,8.000000,33.700000
1777668272.694792,0,0.000000,0.000000,0.000000,0.000000,0.000000,0.000000,0.000000,0.000000,8.000000,33.720000
1777668272.715728,0,0.000000,0.000000,0.000000,0.000000,0.000000,0.000000,0.000000,0.000000,8.000000,33.720000
1777668272.716318,0,0.000000,0.000000,0.000000,0.000000,0.000000,0.000000,0.000000,0.000000,8.000000,33.740000
1777668272.737993,0,0.000000,0.000000,0.000000,0.000000,0.000000,0.000000,0.000000,0.000000,8.000000,33.750000
1777668272.738731,0,0.000000,0.000000,0.000000,0.000000,0.000000,0.000000,0.000000,0.000000,8.000000,33.750000
1777668272.763023,0,0.000000,0.000000,0.000000,0.000000,0.000000,0.000000,0.000000,0.000000,8.000000,33.770000
1777668272.763477,0,0.000000,0.000000,0.000000,0.000000,0.000000,0.000000,0.000000,0.000000,8.000000,33.770000
1777668272.789880,0,0.000000,0.000000,0.000000,0.000000,0.000000,0.000000,0.000000,0.000000,8.000000,33.790000
1777668272.790337,0,0.000000,0.000000,0.000000,0.000000,0.000000,0.000000,0.000000,0.000000,8.000000,33.790000
1777668272.790889,0,0.000000,0.000000,0.000000,0.000000,0.000000,0.000000,0.000000,0.000000,8.000000,33.810000
1777668272.791255,0,0.000000,0.000000,0.000000,0.000000,0.000000,0.000000,0.000000,0.000000,8.000000,33.810000
1777668272.819125,0,0.000000,0.000000,0.000000,0.000000,0.000000,0.000000,0.000000,0.000000,8.000000,33.830000
1777668272.819874,0,0.000000,0.000000,0.000000,0.000000,0.000000,0.000000,0.000000,0.000000,8.000000,33.840000
1777668272.820398,0,0.000000,0.000000,0.000000,0.000000,0.000000,0.000000,0.000000,0.000000,8.000000,33.840000
1777668272.845388,0,0.000000,0.000000,0.000000,0.000000,0.000000,0.000000,0.000000,0.000000,8.000000,33.860000
1777668272.845987,0,0.000000,0.000000,0.000000,0.000000,0.000000,0.000000,0.000000,0.000000,8.000000,33.860000
1777668272.867215,0,0.000000,0.000000,0.000000,0.000000,0.000000,0.000000,0.000000,0.000000,8.000000,33.880000
1777668272.867626,0,0.000000,0.000000,0.000000,0.000000,0.000000,0.000000,0.000000,0.000000,8.000000,33.880000
1777668272.888240,0,0.000000,0.000000,0.000000,0.000000,0.000000,0.000000,0.000000,0.000000,8.000000,33.900000
1777668272.888660,0,0.000000,0.000000,0.000000,0.000000,0.000000,0.000000,0.000000,0.000000,8.000000,33.900000
1777668272.889120,0,0.000000,0.000000,0.000000,0.000000,0.000000,0.000000,0.000000,0.000000,8.000000,33.910000
1777668272.909202,0,0.000000,0.000000,0.000000,0.000000,0.000000,0.000000,0.000000,0.000000,8.000000,33.930000
1777668272.932112,0,0.000000,0.000000,0.000000,0.000000,0.000000,0.000000,0.000000,0.000000,8.000000,33.930000
1777668272.932703,0,0.000000,0.000000,0.000000,0.000000,0.000000,0.000000,0.000000,0.000000,8.000000,33.950000
1777668272.933059,0,0.000000,0.000000,0.000000,0.000000,0.000000,0.000000,0.000000,0.000000,8.000000,33.950000
1777668272.954212,0,0.000000,0.000000,0.000000,0.000000,0.000000,0.000000,0.000000,0.000000,8.000000,33.970000
1777668272.954823,0,0.000000,0.000000,0.000000,0.000000,0.000000,0.000000,0.000000,0.000000,8.000000,33.970000
1777668272.955178,0,0.000000,0.000000,0.000000,0.000000,0.000000,0.000000,0.000000,0.000000,8.000000,33.990000
1777668272.977412,0,0.000000,0.000000,0.000000,0.000000,0.000000,0.000000,0.000000,0.000000,8.000000,33.990000
1777668272.999830,0,0.000000,0.000000,0.000000,0.000000,0.000000,0.000000,0.000000,0.000000,8.000000,34.000000
1777668273.000583,0,0.000000,0.000000,0.000000,0.000000,0.000000,0.000000,0.000000,0.000000,8.000000,34.000000
1777668273.023640,0,0.000000,0.000000,0.000000,0.000000,0.000000,0.000000,0.000000,0.000000,8.000000,34.020000
1777668273.024098,0,0.000000,0.000000,0.000000,0.000000,0.000000,0.000000,0.000000,0.000000,8.000000,34.020000
1777668273.024453,0,0.000000,0.000000,0.000000,0.000000,0.000000,0.000000,0.000000,0.000000,8.000000,34.040000
1777668273.046622,0,0.000000,0.000000,0.000000,0.000000,0.000000,0.000000,0.000000,0.000000,8.000000,34.040000
1777668273.047093,0,0.000000,0.000000,0.000000,0.000000,0.000000,0.000000,0.000000,0.000000,8.000000,34.060000
1777668273.047685,0,0.000000,0.000000,0.000000,0.000000,0.000000,0.000000,0.000000,0.000000,8.000000,34.060000
1777668273.069512,0,0.000000,0.000000,0.000000,0.000000,0.000000,0.000000,0.000000,0.000000,8.000000,34.080000
1777668273.070188,0,0.000000,0.000000,0.000000,0.000000,0.000000,0.000000,0.000000,0.000000,8.000000,34.090000
1777668273.089920,0,0.000000,0.000000,0.000000,0.000000,0.000000,0.000000,0.000000,0.000000,8.000000,34.090000
1777668273.090533,0,0.000000,0.000000,0.000000,0.000000,0.000000,0.000000,0.000000,0.000000,8.000000,34.110000
1777668273.112060,0,0.000000,0.000000,0.000000,0.000000,0.000000,0.000000,0.000000,0.000000,8.000000,34.110000
1777668273.112614,0,0.000000,0.000000,0.000000,0.000000,0.000000,0.000000,0.000000,0.000000,8.000000,34.130000
1777668273.113022,0,0.000000,0.000000,0.000000,0.000000,0.000000,0.000000,0.000000,0.000000,8.000000,34.130000
1777668273.133223,0,0.000000,0.000000,0.000000,0.000000,0.000000,0.000000,0.000000,0.000000,8.000000,34.150000
1777668273.153728,0,0.000000,0.000000,0.000000,0.000000,0.000000,0.000000,0.000000,0.000000,8.000000,34.150000
1777668273.154325,0,0.000000,0.000000,0.000000,0.000000,0.000000,0.000000,0.000000,0.000000,8.000000,34.160000
1777668273.173912,0,0.000000,0.000000,0.000000,0.000000,0.000000,0.000000,0.000000,0.000000,8.000000,34.180000
1777668273.174366,0,0.000000,0.000000,0.000000,0.000000,0.000000,0.000000,0.000000,0.000000,8.000000,34.180000
1777668273.174871,0,0.000000,0.000000,0.000000,0.000000,0.000000,0.000000,0.000000,0.000000,8.000000,34.200000
1777668273.197646,0,0.000000,0.000000,0.000000,0.000000,0.000000,0.000000,0.000000,0.000000,8.000000,34.200000
1777668273.198268,0,0.000000,0.000000,0.000000,0.000000,0.000000,0.000000,0.000000,0.000000,8.000000,34.220000
1777668273.220554,0,0.000000,0.000000,0.000000,0.000000,0.000000,0.000000,0.000000,0.000000,8.000000,34.220000
1777668273.221027,0,0.000000,0.000000,0.000000,0.000000,0.000000,0.000000,0.000000,0.000000,8.000000,34.240000
1777668273.221606,0,0.000000,0.000000,0.000000,0.000000,0.000000,0.000000,0.000000,0.000000,8.000000,34.250000
1777668273.243603,0,0.000000,0.000000,0.000000,0.000000,0.000000,0.000000,0.000000,0.000000,8.000000,34.250000
1777668273.266214,0,0.000000,0.000000,0.000000,0.000000,0.000000,0.000000,0.000000,0.000000,8.000000,34.270000
1777668273.266686,0,0.000000,0.000000,0.000000,0.000000,0.000000,0.000000,0.000000,0.000000,8.000000,34.270000
1777668273.268229,0,0.000000,0.000000,0.000000,0.000000,0.000000,0.000000,0.000000,0.000000,8.000000,34.290000
1777668273.281886,0,0.000000,0.000000,0.000000,0.000000,0.000000,0.000000,0.000000,0.000000,8.000000,34.290000
1777668273.295076,0,0.000000,0.000000,0.000000,0.000000,0.000000,0.000000,0.000000,0.000000,8.000000,34.310000
1777668273.316393,0,0.000000,0.000000,0.000000,0.000000,0.000000,0.000000,0.000000,0.000000,8.000000,34.310000
1777668273.316989,0,0.000000,0.000000,0.000000,0.000000,0.000000,0.000000,0.000000,0.000000,8.000000,34.330000
1777668273.328337,0,0.000000,0.000000,0.000000,0.000000,0.000000,0.000000,0.000000,0.000000,8.000000,34.340000
1777668273.339398,0,0.000000,0.000000,0.000000,0.000000,0.000000,0.000000,0.000000,0.000000,8.000000,34.340000
1777668273.339899,0,0.000000,0.000000,0.000000,0.000000,0.000000,0.000000,0.000000,0.000000,8.000000,34.360000
1777668273.361531,0,5.000000,0.000000,0.000000,0.000000,0.000000,0.000000,0.000000,0.000000,8.000000,34.360000
1777668273.362141,0,5.000000,0.000000,5.000000,0.000000,0.000000,0.000000,0.000000,0.000000,8.000000,34.380000
1777668273.380240,0,5.000000,0.000000,5.000000,0.000000,0.000000,0.000000,0.000000,0.000000,8.000000,34.380000
1777668273.381548,0,5.000000,0.000000,5.000000,0.000000,0.000000,0.000000,0.000000,0.000000,8.000000,34.400000
1777668273.402298,0,5.000000,0.000000,5.000000,0.000000,0.000000,0.000000,0.000000,0.000000,8.000000,34.400000
1777668273.402768,0,5.000000,0.000000,5.000000,0.000000,0.000000,0.000000,0.000000,0.000000,8.000000,34.410000
1777668273.421536,0,5.000000,0.000000,5.000000,0.000000,0.000000,0.000000,0.000000,0.000000,8.000000,34.430000
1777668273.422184,0,5.000000,0.000000,5.000000,0.000000,0.000000,0.000000,0.000000,0.000000,8.000000,34.430000
1777668273.441386,0,5.000000,0.000000,5.000000,0.000000,0.000000,0.000000,0.000000,0.000000,8.000000,34.450000
1777668273.441968,0,5.000000,0.000000,5.000000,0.000000,0.000000,0.000000,0.000000,0.000000,8.000000,34.450000
1777668273.442398,0,5.000000,0.000000,5.000000,0.000000,0.000000,0.000000,0.000000,0.000000,8.000000,34.470000
1777668273.460554,0,5.000000,0.000000,5.000000,0.000000,0.000000,0.000000,0.000000,0.000000,8.000000,34.470000
1777668273.480702,0,5.000000,0.000000,5.000000,0.000000,0.000000,0.000000,0.000000,0.000000,8.000000,34.490000
1777668273.481142,0,5.000000,0.000000,5.000000,0.000000,0.000000,0.000000,0.000000,0.000000,8.000000,34.500000
1777668273.502716,0,5.000000,0.000000,5.000000,0.000000,0.000000,0.000000,0.000000,0.000000,8.000000,34.500000
1777668273.503211,0,5.000000,0.000000,5.000000,0.000000,0.000000,0.000000,0.000000,0.000000,8.000000,34.520000
1777668273.503842,0,5.000000,0.000000,5.000000,0.000000,0.000000,0.000000,0.000000,0.000000,8.000000,34.520000
1777668273.523752,0,5.000000,0.000000,5.000000,0.000000,0.000000,0.000000,0.000000,0.000000,8.000000,34.540000
1777668273.524576,0,5.000000,0.000000,5.000000,0.000000,0.000000,0.000000,0.000000,0.000000,8.000000,34.540000
1777668273.542953,0,5.000000,0.000000,5.000000,0.000000,0.000000,0.000000,0.000000,0.000000,8.000000,34.560000
1777668273.560795,0,5.000000,0.000000,5.000000,0.000000,0.000000,0.000000,0.000000,0.000000,8.000000,34.560000
1777668273.561428,0,5.000000,0.000000,5.000000,0.000000,0.000000,0.000000,0.000000,0.000000,8.000000,34.580000
1777668273.572114,0,5.000000,0.000000,5.000000,0.000000,0.000000,0.000000,0.000000,0.000000,8.000000,34.590000
1777668273.582827,0,5.000000,0.000000,5.000000,0.000000,0.000000,0.000000,0.000000,0.000000,8.000000,34.590000
1777668273.592676,0,5.000000,0.000000,5.000000,0.000000,0.000000,0.000000,0.000000,0.000000,8.000000,34.610000
1777668273.611790,0,5.000000,0.000000,5.000000,0.000000,0.000000,0.000000,0.000000,0.000000,8.000000,34.610000
1777668273.624027,0,5.000000,0.000000,5.000000,0.000000,0.000000,0.000000,0.000000,0.000000,8.000000,34.630000
1777668273.637265,0,5.000000,0.000000,5.000000,0.000000,0.000000,0.000000,0.000000,0.000000,8.000000,34.630000
1777668273.650688,0,5.000000,0.000000,5.000000,0.000000,0.000000,0.000000,0.000000,0.000000,8.000000,34.650000
1777668273.651167,0,5.000000,0.000000,5.000000,0.000000,0.000000,0.000000,0.000000,0.000000,8.000000,34.650000
1777668273.663939,0,5.000000,0.000000,5.000000,0.000000,0.000000,0.000000,0.000000,0.000000,8.000000,34.660000
1777668273.678012,0,5.000000,0.000000,5.000000,0.000000,0.000000,0.000000,0.000000,0.000000,8.000000,34.680000
1777668273.691547,0,5.000000,0.000000,5.000000,0.000000,0.000000,0.000000,0.000000,0.000000,8.000000,34.680000
1777668273.692020,0,5.000000,0.000000,5.000000,0.000000,0.000000,0.000000,0.000000,0.000000,8.000000,34.700000
1777668273.705412,0,5.000000,0.000000,5.000000,0.000000,0.000000,0.000000,0.000000,0.000000,8.000000,34.700000
1777668273.717375,0,5.000000,0.000000,5.000000,0.000000,0.000000,0.000000,0.000000,0.000000,8.000000,34.720000
1777668273.717952,0,5.000000,0.000000,5.000000,0.000000,0.000000,0.000000,0.000000,0.000000,8.000000,34.720000
1777668273.730662,0,5.000000,0.000000,5.000000,0.000000,0.000000,0.000000,0.000000,0.000000,8.000000,34.740000
1777668273.731147,0,5.000000,0.000000,5.000000,0.000000,0.000000,0.000000,0.000000,0.000000,8.000000,34.750000
1777668273.750611,0,5.000000,0.000000,5.000000,0.000000,0.000000,0.000000,0.000000,0.000000,8.000000,34.750000
1777668273.751068,0,5.000000,0.000000,5.000000,0.000000,0.000000,0.000000,0.000000,0.000000,8.000000,34.770000
1777668273.751578,0,5.000000,0.000000,5.000000,0.000000,0.000000,0.000000,0.000000,0.000000,8.000000,34.770000
1777668273.771407,0,5.000000,0.000000,5.000000,0.000000,0.000000,0.000000,0.000000,0.000000,8.000000,34.790000
1777668273.772027,0,5.000000,0.000000,5.000000,0.000000,0.000000,0.000000,0.000000,0.000000,8.000000,34.790000
1777668273.791101,0,5.000000,0.000000,5.000000,0.000000,0.000000,0.000000,0.000000,0.000000,8.000000,34.810000
1777668273.791705,0,5.000000,0.000000,5.000000,0.000000,0.000000,0.000000,0.000000,0.000000,8.000000,34.810000
1777668273.809828,0,5.000000,0.000000,5.000000,0.000000,0.000000,0.000000,0.000000,0.000000,8.000000,34.830000
1777668273.810379,0,5.000000,0.000000,5.000000,0.000000,0.000000,0.000000,0.000000,0.000000,8.000000,34.840000
1777668273.829513,0,5.000000,0.000000,5.000000,0.000000,0.000000,0.000000,0.000000,0.000000,8.000000,34.840000
1777668273.841286,0,5.000000,0.000000,5.000000,0.000000,0.000000,0.000000,0.000000,0.000000,8.000000,34.860000
1777668273.852237,0,5.000000,0.000000,5.000000,0.000000,0.000000,0.000000,0.000000,0.000000,8.000000,34.860000
1777668273.863443,0,5.000000,0.000000,5.000000,0.000000,0.000000,0.000000,0.000000,0.000000,8.000000,34.880000
1777668273.876008,0,5.000000,0.000000,5.000000,0.000000,0.000000,0.000000,0.000000,0.000000,8.000000,34.880000
1777668273.889042,0,5.000000,0.000000,5.000000,0.000000,0.000000,0.000000,0.000000,0.000000,8.000000,34.900000
1777668273.901044,0,5.000000,0.000000,5.000000,0.000000,0.000000,0.000000,0.000000,0.000000,8.000000,34.900000
1777668273.901519,0,5.000000,0.000000,5.000000,0.000000,0.000000,0.000000,0.000000,0.000000,8.000000,34.910000
1777668273.913947,0,5.000000,0.000000,5.000000,0.000000,0.000000,0.000000,0.000000,0.000000,8.000000,34.930000
1777668273.927437,0,5.000000,0.000000,5.000000,0.000000,0.000000,0.000000,0.000000,0.000000,8.000000,34.930000
1777668273.927907,0,5.000000,0.000000,5.000000,0.000000,0.000000,0.000000,0.000000,0.000000,8.000000,34.930000
1777668273.940887,0,5.000000,0.000000,5.000000,0.000000,0.000000,0.000000,0.000000,0.000000,8.000000,34.950000
1777668273.962284,0,5.000000,0.000000,5.000000,0.000000,0.000000,0.000000,0.000000,0.000000,8.000000,34.950000
1777668273.962782,0,5.000000,0.000000,5.000000,0.000000,0.000000,0.000000,0.000000,0.000000,8.000000,34.970000
1777668273.963544,0,5.000000,0.000000,5.000000,0.000000,0.000000,0.000000,0.000000,0.000000,8.000000,34.970000
1777668273.985219,0,5.000000,0.000000,5.000000,0.000000,0.000000,0.000000,0.000000,0.000000,8.000000,34.990000
1777668273.985704,0,5.000000,0.000000,5.000000,0.000000,0.000000,0.000000,0.000000,0.000000,8.000000,35.000000
1777668273.986280,0,5.000000,0.000000,5.000000,0.000000,0.000000,0.000000,0.000000,0.000000,8.000000,35.000000
1777668274.006092,0,5.000000,0.000000,5.000000,0.000000,0.000000,0.000000,0.000000,0.000000,8.000000,35.020000
1777668274.006545,0,5.000000,0.000000,5.000000,0.000000,0.000000,0.000000,0.000000,0.000000,8.000000,35.020000
1777668274.024826,0,5.000000,0.000000,5.000000,0.000000,0.000000,0.000000,0.000000,0.000000,8.000000,35.040000
1777668274.035895,0,5.000000,0.000000,5.000000,0.000000,0.000000,0.000000,0.000000,0.000000,8.000000,35.040000
1777668274.046499,0,5.000000,0.000000,5.000000,0.000000,0.000000,0.000000,0.000000,0.000000,8.000000,35.060000
1777668274.058316,0,5.000000,0.000000,5.000000,0.000000,0.000000,0.000000,0.000000,0.000000,8.000000,35.060000
1777668274.071295,0,5.000000,0.000000,5.000000,0.000000,0.000000,0.000000,0.000000,0.000000,8.000000,35.080000
1777668274.084106,0,5.000000,0.000000,5.000000,0.000000,0.000000,0.000000,0.000000,0.000000,8.000000,35.090000
1777668274.097461,0,5.000000,0.000000,5.000000,0.000000,0.000000,0.000000,0.000000,0.000000,8.000000,35.090000
1777668274.111353,0,5.000000,0.000000,5.000000,0.000000,0.000000,0.000000,0.000000,0.000000,8.000000,35.110000
1777668274.111841,0,5.000000,0.000000,5.000000,0.000000,0.000000,0.000000,0.000000,0.000000,8.000000,35.110000
1777668274.125355,0,5.000000,0.000000,5.000000,0.000000,0.000000,0.000000,0.000000,0.000000,8.000000,35.130000
1777668274.125843,0,5.000000,0.000000,5.000000,0.000000,0.000000,0.000000,0.000000,0.000000,8.000000,35.130000
1777668274.148079,0,5.000000,0.000000,5.000000,0.000000,0.000000,0.000000,0.000000,0.000000,8.000000,35.150000
1777668274.148577,0,5.000000,0.000000,5.000000,0.000000,0.000000,0.000000,0.000000,0.000000,8.000000,35.150000
1777668274.149230,0,5.000000,0.000000,5.000000,0.000000,0.000000,0.000000,0.000000,0.000000,8.000000,35.160000
1777668274.173101,0,5.000000,0.000000,5.000000,0.000000,0.000000,0.000000,0.000000,0.000000,8.000000,35.180000
1777668274.173841,0,5.000000,0.000000,5.000000,0.000000,0.000000,0.000000,0.000000,0.000000,8.000000,35.180000
1777668274.197372,0,5.000000,0.000000,5.000000,0.000000,0.000000,0.000000,0.000000,0.000000,8.000000,35.200000
1777668274.197894,0,5.000000,0.000000,5.000000,0.000000,0.000000,0.000000,0.000000,0.000000,8.000000,35.200000
1777668274.198356,0,5.000000,0.000000,5.000000,0.000000,0.000000,0.000000,0.000000,0.000000,8.000000,35.220000
1777668274.217495,0,5.000000,0.000000,5.000000,0.000000,0.000000,0.000000,0.000000,0.000000,8.000000,35.220000
1777668274.218206,0,5.000000,0.000000,5.000000,0.000000,0.000000,0.000000,0.000000,0.000000,8.000000,35.240000
1777668274.235077,0,5.000000,0.000000,5.000000,0.000000,0.000000,0.000000,0.000000,0.000000,8.000000,35.250000
1777668274.235710,0,5.000000,0.000000,5.000000,0.000000,0.000000,0.000000,0.000000,0.000000,8.000000,35.250000
1777668274.245232,0,5.000000,0.000000,5.000000,0.000000,0.000000,0.000000,0.000000,0.000000,8.000000,35.270000
1777668274.262549,0,5.000000,0.000000,5.000000,0.000000,0.000000,0.000000,0.000000,0.000000,8.000000,35.270000
1777668274.280656,0,5.000000,0.000000,5.000000,0.000000,0.000000,0.000000,0.000000,0.000000,8.000000,35.290000
1777668274.291238,0,5.000000,0.000000,5.000000,0.000000,0.000000,0.000000,0.000000,0.000000,8.000000,35.290000
1777668274.301597,0,5.000000,0.000000,5.000000,0.000000,0.000000,0.000000,0.000000,0.000000,8.000000,35.310000
1777668274.312039,0,5.000000,0.000000,5.000000,0.000000,0.000000,0.000000,0.000000,0.000000,8.000000,35.310000
1777668274.312681,0,5.000000,0.000000,5.000000,0.000000,0.000000,0.000000,0.000000,0.000000,8.000000,35.330000
1777668274.323247,0,5.000000,0.000000,5.000000,0.000000,0.000000,0.000000,0.000000,0.000000,8.000000,35.340000
1777668274.334854,0,5.000000,0.000000,5.000000,0.000000,0.000000,0.000000,0.000000,0.000000,8.000000,35.340000
1777668274.356991,0,5.000000,0.000000,5.000000,0.000000,0.000000,0.000000,0.000000,0.000000,8.000000,35.360000
1777668274.357933,0,5.000000,0.000000,5.000000,0.000000,0.000000,0.000000,0.000000,0.000000,8.000000,35.360000
1777668274.358354,0,5.000000,0.000000,5.000000,0.000000,0.000000,0.000000,0.000000,0.000000,8.000000,35.380000
1777668274.378909,0,5.000000,0.000000,5.000000,0.000000,0.000000,0.000000,0.000000,0.000000,8.000000,35.380000
1777668274.379691,0,5.000000,0.000000,5.000000,0.000000,0.000000,0.000000,0.000000,0.000000,8.000000,35.400000
1777668274.400171,0,5.000000,0.000000,5.000000,0.000000,0.000000,0.000000,0.000000,0.000000,8.000000,35.400000
1777668274.401026,0,5.000000,0.000000,5.000000,0.000000,0.000000,0.000000,0.000000,0.000000,8.000000,35.410000
1777668274.413315,0,5.000000,0.000000,5.000000,0.000000,0.000000,0.000000,0.000000,0.000000,8.000000,35.430000
1777668274.433843,0,5.000000,0.000000,5.000000,0.000000,0.000000,0.000000,0.000000,0.000000,8.000000,35.430000
1777668274.434297,0,5.000000,0.000000,5.000000,0.000000,0.000000,0.000000,0.000000,0.000000,8.000000,35.450000
1777668274.434866,0,5.000000,0.000000,5.000000,0.000000,0.000000,0.000000,0.000000,0.000000,8.000000,35.450000
1777668274.451087,0,5.000000,0.000000,5.000000,0.000000,0.000000,0.000000,0.000000,0.000000,8.000000,35.470000
1777668274.468517,0,5.000000,0.000000,5.000000,0.000000,0.000000,0.000000,0.000000,0.000000,8.000000,35.470000
1777668274.469189,0,5.000000,0.000000,5.000000,0.000000,0.000000,0.000000,0.000000,0.000000,8.000000,35.490000
1777668274.469894,0,5.000000,0.000000,5.000000,0.000000,0.000000,0.000000,0.000000,0.000000,8.000000,35.500000
1777668274.487083,0,5.000000,0.000000,5.000000,0.000000,0.000000,0.000000,0.000000,0.000000,8.000000,35.500000
1777668274.505130,0,5.000000,0.000000,5.000000,0.000000,0.000000,0.000000,0.000000,0.000000,8.000000,35.520000
1777668274.505763,0,5.000000,0.000000,5.000000,0.000000,0.000000,0.000000,0.000000,0.000000,8.000000,35.520000
1777668274.523847,0,5.000000,0.000000,5.000000,0.000000,0.000000,0.000000,0.000000,0.000000,8.000000,35.540000
1777668274.534256,0,5.000000,0.000000,5.000000,0.000000,0.000000,0.000000,0.000000,0.000000,8.000000,35.540000
1777668274.545030,0,5.000000,0.000000,5.000000,0.000000,0.000000,0.000000,0.000000,0.000000,8.000000,35.560000
1777668274.566733,0,5.000000,0.000000,5.000000,0.000000,0.000000,0.000000,0.000000,0.000000,8.000000,35.560000
1777668274.567564,0,5.000000,0.000000,5.000000,0.000000,0.000000,0.000000,0.000000,0.000000,8.000000,35.580000
1777668274.568003,0,5.000000,0.000000,5.000000,0.000000,0.000000,0.000000,0.000000,0.000000,8.000000,35.590000
1777668274.588389,0,5.000000,0.000000,5.000000,0.000000,0.000000,0.000000,0.000000,0.000000,8.000000,35.590000
1777668274.589276,0,5.000000,0.000000,5.000000,0.000000,0.000000,0.000000,0.000000,0.000000,8.000000,35.610000
1777668274.600844,0,5.000000,0.000000,5.000000,0.000000,0.000000,0.000000,0.000000,0.000000,8.000000,35.610000
1777668274.612797,0,5.000000,0.000000,5.000000,0.000000,0.000000,0.000000,0.000000,0.000000,8.000000,35.630000
1777668274.634272,0,5.000000,0.000000,5.000000,0.000000,0.000000,0.000000,0.000000,0.000000,8.000000,35.630000
1777668274.634831,0,5.000000,0.000000,5.000000,0.000000,0.000000,0.000000,0.000000,0.000000,8.000000,35.650000
1777668274.647179,0,5.000000,0.000000,5.000000,0.000000,0.000000,0.000000,0.000000,0.000000,8.000000,35.650000
1777668274.659892,0,5.000000,0.000000,5.000000,0.000000,0.000000,0.000000,0.000000,0.000000,8.000000,35.660000
1777668274.660905,0,5.000000,0.000000,5.000000,0.000000,0.000000,0.000000,0.000000,0.000000,8.000000,35.680000
1777668274.678440,0,5.000000,0.000000,5.000000,0.000000,0.000000,0.000000,0.000000,0.000000,8.000000,35.680000
1777668274.678911,0,5.000000,0.000000,5.000000,0.000000,0.000000,0.000000,0.000000,0.000000,8.000000,35.700000
1777668274.679411,0,5.000000,0.000000,5.000000,0.000000,0.000000,0.000000,0.000000,0.000000,8.000000,35.700000
1777668274.695929,0,5.000000,0.000000,5.000000,0.000000,0.000000,0.000000,0.000000,0.000000,8.000000,35.720000
1777668274.713583,0,5.000000,0.000000,5.000000,0.000000,0.000000,0.000000,0.000000,0.000000,8.000000,35.720000
1777668274.714153,0,5.000000,0.000000,5.000000,0.000000,0.000000,0.000000,0.000000,0.000000,8.000000,35.740000
1777668274.732089,0,5.000000,0.000000,5.000000,0.000000,0.000000,0.000000,0.000000,0.000000,8.000000,35.750000
1777668274.732756,0,5.000000,0.000000,5.000000,0.000000,0.000000,0.000000,0.000000,0.000000,8.000000,35.750000
1777668274.750731,0,5.000000,0.000000,5.000000,0.000000,0.000000,0.000000,0.000000,0.000000,8.000000,35.770000
1777668274.769592,0,5.000000,0.000000,5.000000,0.000000,0.000000,0.000000,0.000000,0.000000,8.000000,35.770000
1777668274.770446,0,5.000000,0.000000,5.000000,0.000000,0.000000,0.000000,0.000000,0.000000,8.000000,35.790000
1777668274.770848,0,5.000000,0.000000,5.000000,0.000000,0.000000,0.000000,0.000000,0.000000,8.000000,35.790000
1777668274.788783,0,5.000000,0.000000,5.000000,0.000000,0.000000,0.000000,0.000000,0.000000,8.000000,35.810000
1777668274.808627,0,5.000000,0.000000,5.000000,0.000000,0.000000,0.000000,0.000000,0.000000,8.000000,35.810000
1777668274.809117,0,5.000000,0.000000,5.000000,0.000000,0.000000,0.000000,0.000000,0.000000,8.000000,35.830000
1777668274.828586,0,5.000000,0.000000,5.000000,0.000000,0.000000,0.000000,0.000000,0.000000,8.000000,35.840000
1777668274.829278,0,5.000000,0.000000,5.000000,0.000000,0.000000,0.000000,0.000000,0.000000,8.000000,35.840000
1777668274.829670,0,5.000000,0.000000,5.000000,0.000000,0.000000,0.000000,0.000000,0.000000,8.000000,35.860000
1777668274.850141,0,5.000000,0.000000,5.000000,0.000000,0.000000,0.000000,0.000000,0.000000,8.000000,35.860000
1777668274.861471,0,5.000000,0.000000,5.000000,0.000000,0.000000,0.000000,0.000000,0.000000,8.000000,35.880000
1777668274.873208,0,5.000000,0.000000,5.000000,0.000000,0.000000,0.000000,0.000000,0.000000,8.000000,35.880000
1777668274.885413,0,5.000000,0.000000,5.000000,0.000000,0.000000,0.000000,0.000000,0.000000,8.000000,35.900000
1777668274.885905,0,5.000000,0.000000,5.000000,0.000000,0.000000,0.000000,0.000000,0.000000,8.000000,35.900000
1777668274.904393,0,5.000000,0.000000,5.000000,0.000000,0.000000,0.000000,0.000000,0.000000,8.000000,35.900000
1777668274.904869,0,5.000000,0.000000,5.000000,0.000000,0.000000,0.000000,0.000000,0.000000,8.000000,35.930000
1777668274.905404,0,5.000000,0.000000,5.000000,0.000000,0.000000,0.000000,0.000000,0.000000,8.000000,35.930000
1777668274.921870,0,5.000000,0.000000,5.000000,0.000000,0.000000,0.000000,0.000000,0.000000,8.000000,35.950000
1777668274.922331,0,5.000000,0.000000,5.000000,0.000000,0.000000,0.000000,0.000000,0.000000,8.000000,35.950000
1777668274.949631,0,5.000000,0.000000,5.000000,0.000000,0.000000,0.000000,0.000000,0.000000,8.000000,35.970000
1777668274.960307,0,5.000000,0.000000,5.000000,0.000000,0.000000,0.000000,0.000000,0.000000,8.000000,35.970000
1777668274.970039,0,5.000000,0.000000,5.000000,0.000000,0.000000,0.000000,0.000000,0.000000,8.000000,35.990000
1777668274.979779,0,5.000000,0.000000,5.000000,0.000000,0.000000,0.000000,0.000000,0.000000,8.000000,36.000000
1777668274.989925,0,5.000000,0.000000,5.000000,0.000000,0.000000,0.000000,0.000000,0.000000,8.000000,36.000000
1777668274.999829,0,5.000000,0.000000,5.000000,0.000000,0.000000,0.000000,0.000000,0.000000,8.000000,36.020000
1777668275.009969,0,5.000000,0.000000,5.000000,0.000000,0.000000,0.000000,0.000000,0.000000,8.000000,36.020000
1777668275.010485,0,5.000000,0.000000,5.000000,0.000000,0.000000,0.000000,0.000000,0.000000,8.000000,36.020000
1777668275.027401,0,5.000000,0.000000,5.000000,0.000000,0.000000,0.000000,0.000000,0.000000,8.000000,36.040000
1777668275.045182,0,5.000000,0.000000,5.000000,0.000000,0.000000,0.000000,0.000000,0.000000,8.000000,36.060000
1777668275.045825,0,5.000000,0.000000,5.000000,0.000000,0.000000,0.000000,0.000000,0.000000,8.000000,36.060000
1777668275.056183,0,5.000000,0.000000,5.000000,0.000000,0.000000,0.000000,0.000000,0.000000,8.000000,36.080000
1777668275.077110,0,5.000000,0.000000,5.000000,0.000000,0.000000,0.000000,0.000000,0.000000,8.000000,36.090000
1777668275.077836,0,5.000000,0.000000,5.000000,0.000000,0.000000,0.000000,0.000000,0.000000,8.000000,36.090000
1777668275.089893,0,5.000000,0.000000,5.000000,0.000000,0.000000,0.000000,0.000000,0.000000,8.000000,36.090000
1777668275.109470,0,5.000000,0.000000,5.000000,0.000000,0.000000,0.000000,0.000000,0.000000,8.000000,36.110000
1777668275.109985,0,5.000000,0.000000,5.000000,0.000000,0.000000,0.000000,0.000000,0.000000,8.000000,36.110000
1777668275.128458,0,5.000000,0.000000,5.000000,0.000000,0.000000,0.000000,0.000000,0.000000,8.000000,36.130000
1777668275.128920,0,5.000000,0.000000,5.000000,0.000000,0.000000,0.000000,0.000000,0.000000,8.000000,36.150000
1777668275.129471,0,5.000000,0.000000,5.000000,0.000000,0.000000,0.000000,0.000000,0.000000,8.000000,36.150000
1777668275.145928,0,5.000000,0.000000,5.000000,0.000000,0.000000,0.000000,0.000000,0.000000,8.000000,36.160000
1777668275.163134,0,5.000000,0.000000,5.000000,0.000000,0.000000,0.000000,0.000000,0.000000,8.000000,36.180000
1777668275.163715,0,5.000000,0.000000,5.000000,0.000000,0.000000,0.000000,0.000000,0.000000,8.000000,36.180000
1777668275.181928,0,5.000000,0.000000,5.000000,0.000000,0.000000,0.000000,0.000000,0.000000,8.000000,36.200000
1777668275.197870,0,5.000000,0.000000,5.000000,0.000000,0.000000,0.000000,0.000000,0.000000,8.000000,36.200000
1777668275.214818,0,5.000000,0.000000,5.000000,0.000000,0.000000,0.000000,0.000000,0.000000,8.000000,36.220000
1777668275.215279,0,5.000000,0.000000,5.000000,0.000000,0.000000,0.000000,0.000000,0.000000,8.000000,36.220000
1777668275.215769,0,5.000000,0.000000,5.000000,0.000000,0.000000,0.000000,0.000000,0.000000,8.000000,36.240000
1777668275.232189,0,5.000000,0.000000,5.000000,0.000000,0.000000,0.000000,0.000000,0.000000,8.000000,36.250000
1777668275.232621,0,5.000000,0.000000,5.000000,0.000000,0.000000,0.000000,0.000000,0.000000,8.000000,36.250000
1777668275.248324,0,5.000000,0.000000,5.000000,0.000000,0.000000,0.000000,0.000000,0.000000,8.000000,36.270000
1777668275.257724,0,5.000000,0.000000,5.000000,0.000000,0.000000,0.000000,0.000000,0.000000,8.000000,36.270000
1777668275.268513,0,5.000000,0.000000,5.000000,0.000000,0.000000,0.000000,0.000000,0.000000,8.000000,36.290000
1777668275.288806,0,5.000000,0.000000,5.000000,0.000000,0.000000,0.000000,0.000000,0.000000,8.000000,36.290000
1777668275.289756,0,5.000000,0.000000,5.000000,0.000000,0.000000,0.000000,0.000000,0.000000,8.000000,36.310000
1777668275.308081,0,5.000000,0.000000,5.000000,0.000000,0.000000,0.000000,0.000000,0.000000,8.000000,36.310000
1777668275.308834,0,5.000000,0.000000,5.000000,0.000000,0.000000,0.000000,0.000000,0.000000,8.000000,36.330000
1777668275.320246,0,5.000000,0.000000,5.000000,0.000000,0.000000,0.000000,0.000000,0.000000,8.000000,36.340000
1777668275.331255,0,5.000000,0.000000,5.000000,0.000000,0.000000,0.000000,0.000000,0.000000,8.000000,36.340000
1777668275.341671,0,5.000000,0.000000,5.000000,0.000000,0.000000,0.000000,0.000000,0.000000,8.000000,36.360000
1777668275.361244,0,5.000000,0.000000,5.000000,0.000000,0.000000,0.000000,0.000000,0.000000,8.000000,36.360000
1777668275.361814,0,5.000000,0.000000,5.000000,0.000000,0.000000,0.000000,0.000000,0.000000,8.000000,36.380000
1777668275.362269,0,5.000000,0.000000,5.000000,0.000000,0.000000,0.000000,0.000000,0.000000,8.000000,36.380000
1777668275.381633,0,5.000000,0.000000,5.000000,0.000000,0.000000,0.000000,0.000000,0.000000,8.000000,36.400000
1777668275.382600,0,5.000000,0.000000,5.000000,0.000000,0.000000,0.000000,0.000000,0.000000,8.000000,36.400000
1777668275.397974,0,5.000000,0.000000,5.000000,0.000000,0.000000,0.000000,0.000000,0.000000,8.000000,36.410000
1777668275.408780,0,5.000000,0.000000,5.000000,0.000000,0.000000,0.000000,0.000000,0.000000,8.000000,36.430000
1777668275.418388,0,5.000000,0.000000,5.000000,0.000000,0.000000,0.000000,0.000000,0.000000,8.000000,36.430000
1777668275.435686,0,5.000000,0.000000,5.000000,0.000000,0.000000,0.000000,0.000000,0.000000,8.000000,36.450000
1777668275.445395,0,5.000000,0.000000,5.000000,0.000000,0.000000,0.000000,0.000000,0.000000,8.000000,36.450000
1777668275.455231,0,5.000000,0.000000,5.000000,0.000000,0.000000,0.000000,0.000000,0.000000,8.000000,36.470000
1777668275.464937,0,5.000000,0.000000,5.000000,0.000000,0.000000,0.000000,0.000000,0.000000,8.000000,36.470000
1777668275.474647,0,5.000000,0.000000,5.000000,0.000000,0.000000,0.000000,0.000000,0.000000,8.000000,36.490000
1777668275.475188,0,5.000000,0.000000,5.000000,0.000000,0.000000,0.000000,0.000000,0.000000,8.000000,36.500000
1777668275.493032,0,5.000000,0.000000,5.000000,0.000000,0.000000,0.000000,0.000000,0.000000,8.000000,36.500000
1777668275.493698,0,5.000000,0.000000,5.000000,0.000000,0.000000,0.000000,0.000000,0.000000,8.000000,36.520000
1777668275.512712,0,5.000000,0.000000,5.000000,0.000000,0.000000,0.000000,0.000000,0.000000,8.000000,36.520000
1777668275.513791,0,5.000000,0.000000,5.000000,0.000000,0.000000,0.000000,0.000000,0.000000,8.000000,36.540000
1777668275.532428,0,5.000000,0.000000,5.000000,0.000000,0.000000,0.000000,0.000000,0.000000,8.000000,36.540000
1777668275.532910,0,5.000000,0.000000,5.000000,0.000000,0.000000,0.000000,0.000000,0.000000,8.000000,36.560000
1777668275.551093,0,5.000000,0.000000,5.000000,0.000000,0.000000,0.000000,0.000000,0.000000,8.000000,36.560000
1777668275.551761,0,5.000000,0.000000,5.000000,0.000000,0.000000,0.000000,0.000000,0.000000,8.000000,36.580000
1777668275.571335,0,5.000000,0.000000,5.000000,0.000000,0.000000,0.000000,0.000000,0.000000,8.000000,36.590000
1777668275.571862,0,5.000000,0.000000,5.000000,0.000000,0.000000,0.000000,0.000000,0.000000,8.000000,36.590000
1777668275.589674,0,5.000000,0.000000,5.000000,0.000000,0.000000,0.000000,0.000000,0.000000,8.000000,36.610000
1777668275.607539,0,5.000000,0.000000,5.000000,0.000000,0.000000,0.000000,0.000000,0.000000,8.000000,36.610000
1777668275.608230,0,5.000000,0.000000,5.000000,0.000000,0.000000,0.000000,0.000000,0.000000,8.000000,36.630000
1777668275.617256,0,5.000000,0.000000,5.000000,0.000000,0.000000,0.000000,0.000000,0.000000,8.000000,36.630000
1777668275.633324,0,5.000000,0.000000,5.000000,0.000000,0.000000,0.000000,0.000000,0.000000,8.000000,36.650000
1777668275.633921,0,5.000000,0.000000,5.000000,0.000000,0.000000,0.000000,0.000000,0.000000,8.000000,36.650000
1777668275.649490,0,5.000000,0.000000,5.000000,0.000000,0.000000,0.000000,0.000000,0.000000,8.000000,36.660000
1777668275.650076,0,5.000000,0.000000,5.000000,0.000000,0.000000,0.000000,0.000000,0.000000,8.000000,36.680000
1777668275.665670,0,5.000000,0.000000,5.000000,0.000000,0.000000,0.000000,0.000000,0.000000,8.000000,36.680000
1777668275.681121,0,5.000000,0.000000,5.000000,0.000000,0.000000,0.000000,0.000000,0.000000,8.000000,36.700000
1777668275.697618,0,5.000000,0.000000,5.000000,0.000000,0.000000,0.000000,0.000000,0.000000,8.000000,36.700000
1777668275.698071,0,5.000000,0.000000,5.000000,0.000000,0.000000,0.000000,0.000000,0.000000,8.000000,36.720000
1777668275.714991,0,5.000000,0.000000,5.000000,0.000000,0.000000,0.000000,0.000000,0.000000,8.000000,36.720000
1777668275.715655,0,5.000000,0.000000,5.000000,0.000000,0.000000,0.000000,0.000000,0.000000,8.000000,36.740000
1777668275.733784,0,5.000000,0.000000,5.000000,0.000000,0.000000,0.000000,0.000000,0.000000,8.000000,36.750000
1777668275.734365,0,5.000000,0.000000,5.000000,0.000000,0.000000,0.000000,0.000000,0.000000,8.000000,36.750000
1777668275.755032,0,5.000000,0.000000,5.000000,0.000000,0.000000,0.000000,0.000000,0.000000,8.000000,36.770000
1777668275.773772,0,5.000000,0.000000,5.000000,0.000000,0.000000,0.000000,0.000000,0.000000,8.000000,36.770000
1777668275.774897,0,5.000000,0.000000,5.000000,0.000000,0.000000,0.000000,0.000000,0.000000,8.000000,36.790000
1777668275.775397,0,5.000000,0.000000,5.000000,0.000000,0.000000,0.000000,0.000000,0.000000,8.000000,36.790000
1777668275.794343,0,5.000000,0.000000,5.000000,0.000000,0.000000,0.000000,0.000000,0.000000,8.000000,36.810000
1777668275.795053,0,5.000000,0.000000,5.000000,0.000000,0.000000,0.000000,0.000000,0.000000,8.000000,36.810000
1777668275.805397,0,5.000000,0.000000,5.000000,0.000000,0.000000,0.000000,0.000000,0.000000,8.000000,36.830000
1777668275.815270,0,5.000000,0.000000,5.000000,0.000000,0.000000,0.000000,0.000000,0.000000,8.000000,36.840000
1777668275.831466,0,5.000000,0.000000,5.000000,0.000000,0.000000,0.000000,0.000000,0.000000,8.000000,36.840000
1777668275.849053,0,5.000000,0.000000,5.000000,0.000000,0.000000,0.000000,0.000000,0.000000,8.000000,36.860000
1777668275.849730,0,5.000000,0.000000,5.000000,0.000000,0.000000,0.000000,0.000000,0.000000,8.000000,36.860000
1777668275.850254,0,5.000000,0.000000,5.000000,0.000000,0.000000,0.000000,0.000000,0.000000,8.000000,36.880000
1777668275.868333,0,5.000000,0.000000,5.000000,0.000000,0.000000,0.000000,0.000000,0.000000,8.000000,36.880000
1777668275.869457,0,5.000000,0.000000,5.000000,0.000000,0.000000,0.000000,0.000000,0.000000,8.000000,36.900000
1777668275.886940,0,5.000000,0.000000,5.000000,0.000000,0.000000,0.000000,0.000000,0.000000,8.000000,36.900000
1777668275.887555,0,5.000000,0.000000,5.000000,0.000000,0.000000,0.000000,0.000000,0.000000,8.000000,36.910000
1777668275.904490,0,5.000000,0.000000,5.000000,0.000000,0.000000,0.000000,0.000000,0.000000,8.000000,36.930000
1777668275.921741,0,5.000000,0.000000,5.000000,0.000000,0.000000,0.000000,0.000000,0.000000,8.000000,36.930000
1777668275.939103,0,5.000000,0.000000,5.000000,0.000000,0.000000,0.000000,0.000000,0.000000,8.000000,36.950000
1777668275.939587,0,5.000000,0.000000,5.000000,0.000000,0.000000,0.000000,0.000000,0.000000,8.000000,36.950000
1777668275.940137,0,5.000000,0.000000,5.000000,0.000000,0.000000,0.000000,0.000000,0.000000,8.000000,36.970000
1777668275.958356,0,5.000000,0.000000,5.000000,0.000000,0.000000,0.000000,0.000000,0.000000,8.000000,36.970000
1777668275.959017,0,5.000000,0.000000,5.000000,0.000000,0.000000,0.000000,0.000000,0.000000,8.000000,36.990000
1777668275.977987,0,5.000000,0.000000,5.000000,0.000000,0.000000,0.000000,0.000000,0.000000,8.000000,37.000000
1777668275.978637,0,5.000000,0.000000,5.000000,0.000000,0.000000,0.000000,0.000000,0.000000,8.000000,37.000000
1777668275.997090,0,5.000000,0.000000,5.000000,0.000000,0.000000,0.000000,0.000000,0.000000,8.000000,37.020000
1777668276.017461,0,5.000000,0.000000,5.000000,0.000000,0.000000,0.000000,0.000000,0.000000,8.000000,37.020000
1777668276.018316,0,5.000000,0.000000,5.000000,0.000000,0.000000,0.000000,0.000000,0.000000,8.000000,37.040000
1777668276.018954,0,5.000000,0.000000,5.000000,0.000000,0.000000,0.000000,0.000000,0.000000,8.000000,37.040000
1777668276.038702,0,5.000000,0.000000,5.000000,0.000000,0.000000,0.000000,0.000000,0.000000,8.000000,37.060000
1777668276.056160,0,5.000000,0.000000,5.000000,0.000000,0.000000,0.000000,0.000000,0.000000,8.000000,37.060000
1777668276.056787,0,5.000000,0.000000,5.000000,0.000000,0.000000,0.000000,0.000000,0.000000,8.000000,37.080000
1777668276.075674,0,5.000000,0.000000,5.000000,0.000000,0.000000,0.000000,0.000000,0.000000,8.000000,37.090000
1777668276.076468,0,5.000000,0.000000,5.000000,0.000000,0.000000,0.000000,0.000000,0.000000,8.000000,37.090000
1777668276.086832,0,5.000000,0.000000,5.000000,0.000000,0.000000,0.000000,0.000000,0.000000,8.000000,37.110000
1777668276.104733,0,5.000000,0.000000,5.000000,0.000000,0.000000,0.000000,0.000000,0.000000,8.000000,37.110000
1777668276.105271,0,5.000000,0.000000,5.000000,0.000000,0.000000,0.000000,0.000000,0.000000,8.000000,37.130000
1777668276.122888,0,5.000000,0.000000,5.000000,0.000000,0.000000,0.000000,0.000000,0.000000,8.000000,37.130000
1777668276.123519,0,5.000000,0.000000,5.000000,0.000000,0.000000,0.000000,0.000000,0.000000,8.000000,37.150000
1777668276.141513,0,5.000000,0.000000,5.000000,0.000000,0.000000,0.000000,0.000000,0.000000,8.000000,37.150000
1777668276.141986,0,5.000000,0.000000,5.000000,0.000000,0.000000,0.000000,0.000000,0.000000,8.000000,37.150000
1777668276.142527,0,5.000000,0.000000,5.000000,0.000000,0.000000,0.000000,0.000000,0.000000,8.000000,37.160000
1777668276.163928,0,5.000000,0.000000,5.000000,0.000000,0.000000,0.000000,0.000000,0.000000,8.000000,37.180000
1777668276.183545,0,5.000000,0.000000,5.000000,0.000000,0.000000,0.000000,0.000000,0.000000,8.000000,37.180000
1777668276.184212,0,5.000000,0.000000,5.000000,0.000000,0.000000,0.000000,0.000000,0.000000,8.000000,37.200000
1777668276.202148,0,5.000000,0.000000,5.000000,0.000000,0.000000,0.000000,0.000000,0.000000,8.000000,37.200000
1777668276.202628,0,5.000000,0.000000,5.000000,0.000000,0.000000,0.000000,0.000000,0.000000,8.000000,37.220000
1777668276.222322,0,5.000000,0.000000,5.000000,0.000000,0.000000,0.000000,0.000000,0.000000,8.000000,37.220000
1777668276.233658,0,5.000000,0.000000,5.000000,0.000000,0.000000,0.000000,0.000000,0.000000,8.000000,37.240000
1777668276.246160,0,5.000000,0.000000,5.000000,0.000000,0.000000,0.000000,0.000000,0.000000,8.000000,37.250000
1777668276.258679,0,5.000000,0.000000,5.000000,0.000000,0.000000,0.000000,0.000000,0.000000,8.000000,37.250000
1777668276.259227,0,5.000000,0.000000,5.000000,0.000000,0.000000,0.000000,0.000000,0.000000,8.000000,37.270000
1777668276.269917,0,5.000000,0.000000,5.000000,0.000000,0.000000,0.000000,0.000000,0.000000,8.000000,37.270000
1777668276.280358,0,5.000000,0.000000,5.000000,0.000000,0.000000,0.000000,0.000000,0.000000,8.000000,37.290000
1777668276.290797,0,5.000000,0.000000,5.000000,0.000000,0.000000,0.000000,0.000000,0.000000,8.000000,37.290000
1777668276.291265,0,5.000000,0.000000,5.000000,0.000000,0.000000,0.000000,0.000000,0.000000,8.000000,37.310000
1777668276.308194,0,5.000000,0.000000,5.000000,0.000000,0.000000,0.000000,0.000000,0.000000,8.000000,37.310000
1777668276.308716,0,5.000000,0.000000,5.000000,0.000000,0.000000,0.000000,0.000000,0.000000,8.000000,37.330000
1777668276.325558,0,5.000000,0.000000,5.000000,0.000000,0.000000,0.000000,0.000000,0.000000,8.000000,37.340000
1777668276.342196,0,5.000000,0.000000,5.000000,0.000000,0.000000,0.000000,0.000000,0.000000,8.000000,37.340000
1777668276.342833,0,5.000000,0.000000,5.000000,0.000000,0.000000,0.000000,0.000000,0.000000,8.000000,37.360000
1777668276.352545,0,5.000000,0.000000,5.000000,0.000000,0.000000,0.000000,0.000000,0.000000,8.000000,37.360000
1777668276.370557,0,5.000000,0.000000,5.000000,0.000000,0.000000,0.000000,0.000000,0.000000,8.000000,37.380000
1777668276.371175,0,5.000000,0.000000,5.000000,0.000000,0.000000,0.000000,0.000000,0.000000,8.000000,37.380000
1777668276.390839,0,5.000000,0.000000,5.000000,0.000000,0.000000,0.000000,0.000000,0.000000,8.000000,37.400000
1777668276.391332,0,5.000000,0.000000,5.000000,0.000000,0.000000,0.000000,0.000000,0.000000,8.000000,37.400000
1777668276.411270,0,5.000000,0.000000,5.000000,0.000000,0.000000,0.000000,0.000000,0.000000,8.000000,37.410000
1777668276.412048,0,5.000000,0.000000,5.000000,0.000000,0.000000,0.000000,0.000000,0.000000,8.000000,37.430000
1777668276.423291,0,5.000000,0.000000,5.000000,0.000000,0.000000,0.000000,0.000000,0.000000,8.000000,37.430000
1777668276.445501,0,5.000000,0.000000,5.000000,0.000000,0.000000,0.000000,0.000000,0.000000,8.000000,37.450000
1777668276.446361,0,5.000000,0.000000,5.000000,0.000000,0.000000,0.000000,0.000000,0.000000,8.000000,37.450000
1777668276.467652,0,5.000000,0.000000,5.000000,0.000000,0.000000,0.000000,0.000000,0.000000,8.000000,37.470000
1777668276.468136,0,5.000000,0.000000,5.000000,0.000000,0.000000,0.000000,0.000000,0.000000,8.000000,37.470000
1777668276.479494,0,5.000000,0.000000,5.000000,0.000000,0.000000,0.000000,0.000000,0.000000,8.000000,37.490000
1777668276.490419,0,5.000000,0.000000,5.000000,0.000000,0.000000,0.000000,0.000000,0.000000,8.000000,37.500000
1777668276.490906,0,5.000000,0.000000,5.000000,0.000000,0.000000,0.000000,0.000000,0.000000,8.000000,37.500000
1777668276.507904,0,5.000000,0.000000,5.000000,0.000000,0.000000,0.000000,0.000000,0.000000,8.000000,37.520000
1777668276.508485,0,5.000000,0.000000,5.000000,0.000000,0.000000,0.000000,0.000000,0.000000,8.000000,37.520000
1777668276.517930,0,5.000000,0.000000,5.000000,0.000000,0.000000,0.000000,0.000000,0.000000,8.000000,37.540000
1777668276.533379,0,5.000000,0.000000,5.000000,0.000000,0.000000,0.000000,0.000000,0.000000,8.000000,37.540000
1777668276.533815,0,5.000000,0.000000,5.000000,0.000000,0.000000,0.000000,0.000000,0.000000,8.000000,37.560000
1777668276.549231,0,5.000000,0.000000,5.000000,0.000000,0.000000,0.000000,0.000000,0.000000,8.000000,37.560000
1777668276.566828,0,5.000000,0.000000,5.000000,0.000000,0.000000,0.000000,0.000000,0.000000,8.000000,37.580000
1777668276.567649,0,5.000000,0.000000,5.000000,0.000000,0.000000,0.000000,0.000000,0.000000,8.000000,37.590000
1777668276.578443,0,5.000000,0.000000,5.000000,0.000000,0.000000,0.000000,0.000000,0.000000,8.000000,37.590000
1777668276.595184,0,5.000000,0.000000,5.000000,0.000000,0.000000,0.000000,0.000000,0.000000,8.000000,37.610000
1777668276.595913,0,5.000000,0.000000,5.000000,0.000000,0.000000,0.000000,0.000000,0.000000,8.000000,37.610000
1777668276.613576,0,5.000000,0.000000,5.000000,0.000000,0.000000,0.000000,0.000000,0.000000,8.000000,37.630000
1777668276.632364,0,5.000000,0.000000,5.000000,0.000000,0.000000,0.000000,0.000000,0.000000,8.000000,37.630000
1777668276.633046,0,5.000000,0.000000,5.000000,0.000000,0.000000,0.000000,0.000000,0.000000,8.000000,37.650000
1777668276.650888,0,5.000000,0.000000,5.000000,0.000000,0.000000,0.000000,0.000000,0.000000,8.000000,37.650000
1777668276.651377,0,5.000000,0.000000,5.000000,0.000000,0.000000,0.000000,0.000000,0.000000,8.000000,37.660000
1777668276.670852,0,5.000000,0.000000,5.000000,0.000000,0.000000,0.000000,0.000000,0.000000,8.000000,37.680000
1777668276.671554,0,5.000000,0.000000,5.000000,0.000000,0.000000,0.000000,0.000000,0.000000,8.000000,37.680000
1777668276.689839,0,5.000000,0.000000,5.000000,0.000000,0.000000,0.000000,0.000000,0.000000,8.000000,37.700000
1777668276.690320,0,5.000000,0.000000,5.000000,0.000000,0.000000,0.000000,0.000000,0.000000,8.000000,37.700000
1777668276.690864,0,5.000000,0.000000,5.000000,0.000000,0.000000,0.000000,0.000000,0.000000,8.000000,37.720000
1777668276.712891,0,5.000000,0.000000,5.000000,0.000000,0.000000,0.000000,0.000000,0.000000,8.000000,37.720000
1777668276.730727,0,5.000000,0.000000,5.000000,0.000000,0.000000,0.000000,0.000000,0.000000,8.000000,37.740000
1777668276.731320,0,5.000000,0.000000,5.000000,0.000000,0.000000,0.000000,0.000000,0.000000,8.000000,37.750000
1777668276.746853,0,5.000000,0.000000,5.000000,0.000000,0.000000,0.000000,0.000000,0.000000,8.000000,37.750000
1777668276.747311,0,5.000000,0.000000,5.000000,0.000000,0.000000,0.000000,0.000000,0.000000,8.000000,37.770000
1777668276.756501,0,5.000000,0.000000,5.000000,0.000000,0.000000,0.000000,0.000000,0.000000,8.000000,37.770000
1777668276.772030,0,5.000000,0.000000,5.000000,0.000000,0.000000,0.000000,0.000000,0.000000,8.000000,37.790000
1777668276.772657,0,5.000000,0.000000,5.000000,0.000000,0.000000,0.000000,0.000000,0.000000,8.000000,37.790000
1777668276.788966,0,5.000000,0.000000,5.000000,0.000000,0.000000,0.000000,0.000000,0.000000,8.000000,37.810000
1777668276.805614,0,5.000000,0.000000,5.000000,0.000000,0.000000,0.000000,0.000000,0.000000,8.000000,37.810000
1777668276.806085,0,5.000000,0.000000,5.000000,0.000000,0.000000,0.000000,0.000000,0.000000,8.000000,37.830000
1777668276.821264,0,5.000000,0.000000,5.000000,0.000000,0.000000,0.000000,0.000000,0.000000,8.000000,37.840000
1777668276.837868,0,5.000000,0.000000,5.000000,0.000000,0.000000,0.000000,0.000000,0.000000,8.000000,37.840000
1777668276.838479,0,5.000000,0.000000,5.000000,0.000000,0.000000,0.000000,0.000000,0.000000,8.000000,37.860000
1777668276.849605,0,5.000000,0.000000,5.000000,0.000000,0.000000,0.000000,0.000000,0.000000,8.000000,37.860000
1777668276.868827,0,5.000000,0.000000,5.000000,0.000000,0.000000,0.000000,0.000000,0.000000,8.000000,37.880000
1777668276.869357,0,5.000000,0.000000,5.000000,0.000000,0.000000,0.000000,0.000000,0.000000,8.000000,37.880000
1777668276.886130,0,5.000000,0.000000,5.000000,0.000000,0.000000,0.000000,0.000000,0.000000,8.000000,37.900000
1777668276.905105,0,5.000000,0.000000,5.000000,0.000000,0.000000,0.000000,0.000000,0.000000,8.000000,37.900000
1777668276.906072,0,5.000000,0.000000,5.000000,0.000000,0.000000,0.000000,0.000000,0.000000,8.000000,37.910000
1777668276.916713,0,5.000000,0.000000,5.000000,0.000000,0.000000,0.000000,0.000000,0.000000,8.000000,37.930000
1777668276.927968,0,5.000000,0.000000,5.000000,0.000000,0.000000,0.000000,0.000000,0.000000,8.000000,37.930000
1777668276.939442,0,5.000000,0.000000,5.000000,0.000000,0.000000,0.000000,0.000000,0.000000,8.000000,37.950000
1777668276.951346,0,5.000000,0.000000,5.000000,0.000000,0.000000,0.000000,0.000000,0.000000,8.000000,37.950000
1777668276.961635,0,5.000000,0.000000,5.000000,0.000000,0.000000,0.000000,0.000000,0.000000,8.000000,37.970000
1777668276.962105,0,5.000000,0.000000,5.000000,0.000000,0.000000,0.000000,0.000000,0.000000,8.000000,37.970000
1777668276.971776,0,5.000000,0.000000,5.000000,0.000000,0.000000,0.000000,0.000000,0.000000,8.000000,37.990000
1777668276.988134,0,5.000000,0.000000,5.000000,0.000000,0.000000,0.000000,0.000000,0.000000,8.000000,38.000000
1777668276.988609,0,5.000000,0.000000,5.000000,0.000000,0.000000,0.000000,0.000000,0.000000,8.000000,38.000000
1777668277.005407,0,5.000000,0.000000,5.000000,0.000000,0.000000,0.000000,0.000000,0.000000,8.000000,38.020000
1777668277.006076,0,5.000000,0.000000,5.000000,0.000000,0.000000,0.000000,0.000000,0.000000,8.000000,38.020000
1777668277.021947,0,5.000000,0.000000,5.000000,0.000000,0.000000,0.000000,0.000000,0.000000,8.000000,38.040000
1777668277.038462,0,5.000000,0.000000,5.000000,0.000000,0.000000,0.000000,0.000000,0.000000,8.000000,38.040000
1777668277.038892,0,5.000000,0.000000,5.000000,0.000000,0.000000,0.000000,0.000000,0.000000,8.000000,38.060000
1777668277.055235,0,5.000000,0.000000,5.000000,0.000000,0.000000,0.000000,0.000000,0.000000,8.000000,38.060000
1777668277.056012,0,5.000000,0.000000,5.000000,0.000000,0.000000,0.000000,0.000000,0.000000,8.000000,38.080000
1777668277.066468,0,5.000000,0.000000,5.000000,0.000000,0.000000,0.000000,0.000000,0.000000,8.000000,38.090000
1777668277.087900,0,5.000000,0.000000,5.000000,0.000000,0.000000,0.000000,0.000000,0.000000,8.000000,38.090000
1777668277.088813,0,5.000000,0.000000,5.000000,0.000000,0.000000,0.000000,0.000000,0.000000,8.000000,38.110000
1777668277.108852,0,5.000000,0.000000,5.000000,0.000000,0.000000,0.000000,0.000000,0.000000,8.000000,38.110000
1777668277.109519,0,5.000000,0.000000,5.000000,0.000000,0.000000,0.000000,0.000000,0.000000,8.000000,38.130000
1777668277.120279,0,5.000000,0.000000,5.000000,0.000000,0.000000,0.000000,0.000000,0.000000,8.000000,38.130000
1777668277.139361,0,5.000000,0.000000,5.000000,0.000000,0.000000,0.000000,0.000000,0.000000,8.000000,38.150000
1777668277.139843,0,5.000000,0.000000,5.000000,0.000000,0.000000,0.000000,0.000000,0.000000,8.000000,38.150000
1777668277.140268,0,5.000000,0.000000,5.000000,0.000000,0.000000,0.000000,0.000000,0.000000,8.000000,38.160000
1777668277.159805,0,5.000000,0.000000,5.000000,0.000000,0.000000,0.000000,0.000000,0.000000,8.000000,38.180000
1777668277.160637,0,5.000000,0.000000,5.000000,0.000000,0.000000,0.000000,0.000000,0.000000,8.000000,38.180000
1777668277.177727,0,5.000000,0.000000,5.000000,0.000000,0.000000,0.000000,0.000000,0.000000,8.000000,38.200000
1777668277.194683,0,5.000000,0.000000,5.000000,0.000000,0.000000,0.000000,0.000000,0.000000,8.000000,38.200000
1777668277.204327,0,5.000000,0.000000,5.000000,0.000000,0.000000,0.000000,0.000000,0.000000,8.000000,38.220000
1777668277.214150,0,5.000000,0.000000,5.000000,0.000000,0.000000,0.000000,0.000000,0.000000,8.000000,38.220000
1777668277.223734,0,5.000000,0.000000,5.000000,0.000000,0.000000,0.000000,0.000000,0.000000,8.000000,38.240000
1777668277.233316,0,5.000000,0.000000,5.000000,0.000000,0.000000,0.000000,0.000000,0.000000,8.000000,38.250000
1777668277.242936,0,5.000000,0.000000,5.000000,0.000000,0.000000,0.000000,0.000000,0.000000,8.000000,38.250000
1777668277.258660,0,5.000000,0.000000,5.000000,0.000000,0.000000,0.000000,0.000000,0.000000,8.000000,38.270000
1777668277.259098,0,5.000000,0.000000,5.000000,0.000000,0.000000,0.000000,0.000000,0.000000,8.000000,38.270000
1777668277.275221,0,5.000000,0.000000,5.000000,0.000000,0.000000,0.000000,0.000000,0.000000,8.000000,38.290000
1777668277.275819,0,5.000000,0.000000,5.000000,0.000000,0.000000,0.000000,0.000000,0.000000,8.000000,38.290000
1777668277.293797,0,5.000000,0.000000,5.000000,0.000000,0.000000,0.000000,0.000000,0.000000,8.000000,38.310000
1777668277.294697,0,5.000000,0.000000,5.000000,0.000000,0.000000,0.000000,0.000000,0.000000,8.000000,38.310000
1777668277.305627,0,5.000000,0.000000,5.000000,0.000000,0.000000,0.000000,0.000000,0.000000,8.000000,38.330000
1777668277.316740,0,5.000000,0.000000,5.000000,0.000000,0.000000,0.000000,0.000000,0.000000,8.000000,38.340000
1777668277.329330,0,5.000000,0.000000,5.000000,0.000000,0.000000,0.000000,0.000000,0.000000,8.000000,38.340000
1777668277.340316,0,5.000000,0.000000,5.000000,0.000000,0.000000,0.000000,0.000000,0.000000,8.000000,38.360000
1777668277.350927,0,5.000000,0.000000,5.000000,0.000000,0.000000,0.000000,0.000000,0.000000,8.000000,38.360000
1777668277.361433,0,5.000000,0.000000,5.000000,0.000000,0.000000,0.000000,0.000000,0.000000,8.000000,38.380000
1777668277.379361,0,5.000000,0.000000,5.000000,0.000000,0.000000,0.000000,0.000000,0.000000,8.000000,38.380000
1777668277.379853,0,5.000000,0.000000,5.000000,0.000000,0.000000,0.000000,0.000000,0.000000,8.000000,38.400000
1777668277.380291,0,5.000000,0.000000,5.000000,0.000000,0.000000,0.000000,0.000000,0.000000,8.000000,38.400000
1777668277.398680,0,5.000000,0.000000,5.000000,0.000000,0.000000,0.000000,0.000000,0.000000,8.000000,38.410000
1777668277.399342,0,5.000000,0.000000,5.000000,0.000000,0.000000,0.000000,0.000000,0.000000,8.000000,38.430000
1777668277.417952,0,5.000000,0.000000,5.000000,0.000000,0.000000,0.000000,0.000000,0.000000,8.000000,38.430000
1777668277.418639,0,5.000000,0.000000,5.000000,0.000000,0.000000,0.000000,0.000000,0.000000,8.000000,38.450000
1777668277.435870,0,5.000000,0.000000,5.000000,0.000000,0.000000,0.000000,0.000000,0.000000,8.000000,38.450000
1777668277.453109,0,5.000000,0.000000,5.000000,0.000000,0.000000,0.000000,0.000000,0.000000,8.000000,38.470000
1777668277.462163,0,5.000000,0.000000,5.000000,0.000000,0.000000,0.000000,0.000000,0.000000,8.000000,38.470000
1777668277.472450,0,5.000000,0.000000,5.000000,0.000000,0.000000,0.000000,0.000000,0.000000,8.000000,38.490000
1777668277.481774,0,5.000000,0.000000,5.000000,0.000000,0.000000,0.000000,0.000000,0.000000,8.000000,38.500000
1777668277.491641,0,5.000000,0.000000,5.000000,0.000000,0.000000,0.000000,0.000000,0.000000,8.000000,38.500000
1777668277.502295,0,5.000000,0.000000,5.000000,0.000000,0.000000,0.000000,0.000000,0.000000,8.000000,38.520000
1777668277.512080,0,5.000000,0.000000,5.000000,0.000000,0.000000,0.000000,0.000000,0.000000,8.000000,38.520000
1777668277.522268,0,5.000000,0.000000,5.000000,0.000000,0.000000,0.000000,0.000000,0.000000,8.000000,38.540000
1777668277.522903,0,5.000000,0.000000,5.000000,0.000000,0.000000,0.000000,0.000000,0.000000,8.000000,38.540000
1777668277.541221,0,5.000000,0.000000,5.000000,0.000000,0.000000,0.000000,0.000000,0.000000,8.000000,38.560000
1777668277.541911,0,5.000000,0.000000,5.000000,0.000000,0.000000,0.000000,0.000000,0.000000,8.000000,38.560000
1777668277.561950,0,5.000000,0.000000,5.000000,0.000000,0.000000,0.000000,0.000000,0.000000,8.000000,38.580000
1777668277.562592,0,5.000000,0.000000,5.000000,0.000000,0.000000,0.000000,0.000000,0.000000,8.000000,38.590000
1777668277.581911,0,5.000000,0.000000,5.000000,0.000000,0.000000,0.000000,0.000000,0.000000,8.000000,38.590000
1777668277.582878,0,5.000000,0.000000,5.000000,0.000000,0.000000,0.000000,0.000000,0.000000,8.000000,38.610000
1777668277.601176,0,5.000000,0.000000,5.000000,0.000000,0.000000,0.000000,0.000000,0.000000,8.000000,38.610000
1777668277.620153,0,5.000000,0.000000,5.000000,0.000000,0.000000,0.000000,0.000000,0.000000,8.000000,38.630000
1777668277.621068,0,5.000000,0.000000,5.000000,0.000000,0.000000,0.000000,0.000000,0.000000,8.000000,38.630000
1777668277.621843,0,5.000000,0.000000,5.000000,0.000000,0.000000,0.000000,0.000000,0.000000,8.000000,38.650000
1777668277.639027,0,5.000000,0.000000,5.000000,0.000000,0.000000,0.000000,0.000000,0.000000,8.000000,38.650000
1777668277.656136,0,5.000000,0.000000,5.000000,0.000000,0.000000,0.000000,0.000000,0.000000,8.000000,38.660000
1777668277.656753,0,5.000000,0.000000,5.000000,0.000000,0.000000,0.000000,0.000000,0.000000,8.000000,38.680000
1777668277.666490,0,5.000000,0.000000,5.000000,0.000000,0.000000,0.000000,0.000000,0.000000,8.000000,38.680000
1777668277.683305,0,5.000000,0.000000,5.000000,0.000000,0.000000,0.000000,0.000000,0.000000,8.000000,38.700000
1777668277.683903,0,5.000000,0.000000,5.000000,0.000000,0.000000,0.000000,0.000000,0.000000,8.000000,38.700000
1777668277.700852,0,5.000000,0.000000,5.000000,0.000000,0.000000,0.000000,0.000000,0.000000,8.000000,38.720000
1777668277.701305,0,5.000000,0.000000,5.000000,0.000000,0.000000,0.000000,0.000000,0.000000,8.000000,38.720000
1777668277.717150,0,5.000000,0.000000,5.000000,0.000000,0.000000,0.000000,0.000000,0.000000,8.000000,38.740000
1777668277.717745,0,5.000000,0.000000,5.000000,0.000000,0.000000,0.000000,0.000000,0.000000,8.000000,38.750000
1777668277.732764,0,5.000000,0.000000,5.000000,0.000000,0.000000,0.000000,0.000000,0.000000,8.000000,38.750000
1777668277.749157,0,5.000000,0.000000,5.000000,0.000000,0.000000,0.000000,0.000000,0.000000,8.000000,38.770000
1777668277.749619,0,5.000000,0.000000,5.000000,0.000000,0.000000,0.000000,0.000000,0.000000,8.000000,38.770000
1777668277.766470,0,5.000000,0.000000,5.000000,0.000000,0.000000,0.000000,0.000000,0.000000,8.000000,38.790000
1777668277.785395,0,5.000000,0.000000,5.000000,0.000000,0.000000,0.000000,0.000000,0.000000,8.000000,38.790000
1777668277.785899,0,5.000000,0.000000,5.000000,0.000000,0.000000,0.000000,0.000000,0.000000,8.000000,38.810000
1777668277.786518,0,5.000000,0.000000,5.000000,0.000000,0.000000,0.000000,0.000000,0.000000,8.000000,38.810000
1777668277.803823,0,5.000000,0.000000,5.000000,0.000000,0.000000,0.000000,0.000000,0.000000,8.000000,38.830000
1777668277.821401,0,5.000000,0.000000,5.000000,0.000000,0.000000,0.000000,0.000000,0.000000,8.000000,38.840000
1777668277.822050,0,5.000000,0.000000,5.000000,0.000000,0.000000,0.000000,0.000000,0.000000,8.000000,38.840000
1777668277.839503,0,5.000000,0.000000,5.000000,0.000000,0.000000,0.000000,0.000000,0.000000,8.000000,38.860000
1777668277.840003,0,5.000000,0.000000,5.000000,0.000000,0.000000,0.000000,0.000000,0.000000,8.000000,38.860000
1777668277.858957,0,5.000000,0.000000,5.000000,0.000000,0.000000,0.000000,0.000000,0.000000,8.000000,38.880000
1777668277.877725,0,5.000000,0.000000,5.000000,0.000000,0.000000,0.000000,0.000000,0.000000,8.000000,38.880000
1777668277.887567,0,5.000000,0.000000,5.000000,0.000000,0.000000,0.000000,0.000000,0.000000,8.000000,38.900000
1777668277.897611,0,5.000000,0.000000,5.000000,0.000000,0.000000,0.000000,0.000000,0.000000,8.000000,38.900000
1777668277.898158,0,5.000000,0.000000,5.000000,0.000000,0.000000,0.000000,0.000000,0.000000,8.000000,38.910000
1777668277.913977,0,5.000000,0.000000,5.000000,0.000000,0.000000,0.000000,0.000000,0.000000,8.000000,38.930000
1777668277.914575,0,5.000000,0.000000,5.000000,0.000000,0.000000,0.000000,0.000000,0.000000,8.000000,38.930000
1777668277.931537,0,5.000000,0.000000,5.000000,0.000000,0.000000,0.000000,0.000000,0.000000,8.000000,38.950000
1777668277.948619,0,5.000000,0.000000,5.000000,0.000000,0.000000,0.000000,0.000000,0.000000,8.000000,38.950000
1777668277.949081,0,5.000000,0.000000,5.000000,0.000000,0.000000,0.000000,0.000000,0.000000,8.000000,38.970000
1777668277.949605,0,5.000000,0.000000,5.000000,0.000000,0.000000,0.000000,0.000000,0.000000,8.000000,38.970000
1777668277.966150,0,5.000000,0.000000,5.000000,0.000000,0.000000,0.000000,0.000000,0.000000,8.000000,38.990000
1777668277.966754,0,5.000000,0.000000,5.000000,0.000000,0.000000,0.000000,0.000000,0.000000,8.000000,39.000000
1777668277.986126,0,5.000000,0.000000,5.000000,0.000000,0.000000,0.000000,0.000000,0.000000,8.000000,39.000000
1777668278.004536,0,5.000000,0.000000,5.000000,0.000000,0.000000,0.000000,0.000000,0.000000,8.000000,39.020000
1777668278.005189,0,5.000000,0.000000,5.000000,0.000000,0.000000,0.000000,0.000000,0.000000,8.000000,39.020000
1777668278.023523,0,5.000000,0.000000,5.000000,0.000000,0.000000,0.000000,0.000000,0.000000,8.000000,39.040000
1777668278.024010,0,5.000000,0.000000,5.000000,0.000000,0.000000,0.000000,0.000000,0.000000,8.000000,39.040000
1777668278.042418,0,5.000000,0.000000,5.000000,0.000000,0.000000,0.000000,0.000000,0.000000,8.000000,39.060000
1777668278.043206,0,5.000000,0.000000,5.000000,0.000000,0.000000,0.000000,0.000000,0.000000,8.000000,39.060000
1777668278.061257,0,5.000000,0.000000,5.000000,0.000000,0.000000,0.000000,0.000000,0.000000,8.000000,39.080000
1777668278.061776,0,5.000000,0.000000,5.000000,0.000000,0.000000,0.000000,0.000000,0.000000,8.000000,39.090000
1777668278.081452,0,5.000000,0.000000,5.000000,0.000000,0.000000,0.000000,0.000000,0.000000,8.000000,39.090000
1777668278.082106,0,5.000000,0.000000,5.000000,0.000000,0.000000,0.000000,0.000000,0.000000,8.000000,39.110000
1777668278.099708,0,5.000000,0.000000,5.000000,0.000000,0.000000,0.000000,0.000000,0.000000,8.000000,39.110000
1777668278.100388,0,5.000000,0.000000,5.000000,0.000000,0.000000,0.000000,0.000000,0.000000,8.000000,39.130000
1777668278.118000,0,5.000000,0.000000,5.000000,0.000000,0.000000,0.000000,0.000000,0.000000,8.000000,39.130000
1777668278.118634,0,5.000000,0.000000,5.000000,0.000000,0.000000,0.000000,0.000000,0.000000,8.000000,39.150000
1777668278.136261,0,5.000000,0.000000,5.000000,0.000000,0.000000,0.000000,0.000000,0.000000,8.000000,39.150000
1777668278.151657,0,5.000000,0.000000,5.000000,0.000000,0.000000,0.000000,0.000000,0.000000,8.000000,39.160000
1777668278.161968,0,5.000000,0.000000,5.000000,0.000000,0.000000,0.000000,0.000000,0.000000,8.000000,39.180000
1777668278.171656,0,5.000000,0.000000,5.000000,0.000000,0.000000,0.000000,0.000000,0.000000,8.000000,39.180000
1777668278.181429,0,5.000000,0.000000,5.000000,0.000000,0.000000,0.000000,0.000000,0.000000,8.000000,39.200000
1777668278.191847,0,5.000000,0.000000,5.000000,0.000000,0.000000,0.000000,0.000000,0.000000,8.000000,39.200000
1777668278.209877,0,5.000000,0.000000,5.000000,0.000000,0.000000,0.000000,0.000000,0.000000,8.000000,39.220000
1777668278.210394,0,5.000000,0.000000,5.000000,0.000000,0.000000,0.000000,0.000000,0.000000,8.000000,39.220000
1777668278.218985,0,5.000000,0.000000,5.000000,0.000000,0.000000,0.000000,0.000000,0.000000,8.000000,39.240000
1777668278.237916,0,5.000000,0.000000,5.000000,0.000000,0.000000,0.000000,0.000000,0.000000,8.000000,39.250000
1777668278.238397,0,5.000000,0.000000,5.000000,0.000000,0.000000,0.000000,0.000000,0.000000,8.000000,39.250000
1777668278.238944,0,5.000000,0.000000,5.000000,0.000000,0.000000,0.000000,0.000000,0.000000,8.000000,39.270000
1777668278.256759,0,5.000000,0.000000,5.000000,0.000000,0.000000,0.000000,0.000000,0.000000,8.000000,39.270000
1777668278.276225,0,5.000000,0.000000,5.000000,0.000000,0.000000,0.000000,0.000000,0.000000,8.000000,39.290000
1777668278.276946,0,5.000000,0.000000,5.000000,0.000000,0.000000,0.000000,0.000000,0.000000,8.000000,39.290000
1777668278.295930,0,5.000000,0.000000,5.000000,0.000000,0.000000,0.000000,0.000000,0.000000,8.000000,39.310000
1777668278.296417,0,5.000000,0.000000,5.000000,0.000000,0.000000,0.000000,0.000000,0.000000,8.000000,39.310000
1777668278.296966,0,5.000000,0.000000,5.000000,0.000000,0.000000,0.000000,0.000000,0.000000,8.000000,39.330000
1777668278.316079,0,5.000000,0.000000,5.000000,0.000000,0.000000,0.000000,0.000000,0.000000,8.000000,39.340000
1777668278.326795,0,5.000000,0.000000,5.000000,0.000000,0.000000,0.000000,0.000000,0.000000,8.000000,39.340000
1777668278.345357,0,5.000000,0.000000,5.000000,0.000000,0.000000,0.000000,0.000000,0.000000,8.000000,39.360000
1777668278.346304,0,5.000000,0.000000,5.000000,0.000000,0.000000,0.000000,0.000000,0.000000,8.000000,39.360000
1777668278.355898,0,0.000000,0.000000,5.000000,0.000000,0.000000,0.000000,0.000000,0.000000,8.000000,39.380000
1777668278.365533,0,0.000000,0.000000,0.000000,0.000000,0.000000,0.000000,0.000000,0.000000,8.000000,39.380000
1777668278.382630,0,0.000000,0.000000,0.000000,0.000000,0.000000,0.000000,0.000000,0.000000,8.000000,39.380000
1777668278.383087,0,0.000000,0.000000,0.000000,0.000000,0.000000,0.000000,0.000000,0.000000,8.000000,39.400000
1777668278.399236,0,0.000000,0.000000,0.000000,0.000000,0.000000,0.000000,0.000000,0.000000,8.000000,39.400000
1777668278.399834,0,0.000000,0.000000,0.000000,0.000000,0.000000,0.000000,0.000000,0.000000,8.000000,39.430000
1777668278.415354,0,0.000000,0.000000,0.000000,0.000000,0.000000,0.000000,0.000000,0.000000,8.000000,39.430000
1777668278.432153,0,0.000000,0.000000,0.000000,0.000000,0.000000,0.000000,0.000000,0.000000,8.000000,39.430000
1777668278.432594,0,0.000000,0.000000,0.000000,0.000000,0.000000,0.000000,0.000000,0.000000,8.000000,39.450000
1777668278.449934,0,0.000000,0.000000,0.000000,0.000000,0.000000,0.000000,0.000000,0.000000,8.000000,39.450000
1777668278.450479,0,0.000000,0.000000,0.000000,0.000000,0.000000,0.000000,0.000000,0.000000,8.000000,39.470000
1777668278.466647,0,0.000000,0.000000,0.000000,0.000000,0.000000,0.000000,0.000000,0.000000,8.000000,39.470000
1777668278.467207,0,0.000000,0.000000,0.000000,0.000000,0.000000,0.000000,0.000000,0.000000,8.000000,39.490000
1777668278.484943,0,0.000000,0.000000,0.000000,0.000000,0.000000,0.000000,0.000000,0.000000,8.000000,39.500000
1777668278.504575,0,0.000000,0.000000,0.000000,0.000000,0.000000,0.000000,0.000000,0.000000,8.000000,39.500000
1777668278.505064,0,0.000000,0.000000,0.000000,0.000000,0.000000,0.000000,0.000000,0.000000,8.000000,39.520000
1777668278.505619,0,0.000000,0.000000,0.000000,0.000000,0.000000,0.000000,0.000000,0.000000,8.000000,39.520000
1777668278.524019,0,0.000000,0.000000,0.000000,0.000000,0.000000,0.000000,0.000000,0.000000,8.000000,39.540000
1777668278.543298,0,0.000000,0.000000,0.000000,0.000000,0.000000,0.000000,0.000000,0.000000,8.000000,39.540000
1777668278.543777,0,0.000000,0.000000,0.000000,0.000000,0.000000,0.000000,0.000000,0.000000,8.000000,39.560000
1777668278.561810,0,0.000000,0.000000,0.000000,0.000000,0.000000,0.000000,0.000000,0.000000,8.000000,39.560000
1777668278.578351,0,0.000000,0.000000,0.000000,0.000000,0.000000,0.000000,0.000000,0.000000,8.000000,39.580000
1777668278.579068,0,0.000000,0.000000,0.000000,0.000000,0.000000,0.000000,0.000000,0.000000,8.000000,39.590000
1777668278.588656,0,0.000000,0.000000,0.000000,0.000000,0.000000,0.000000,0.000000,0.000000,8.000000,39.610000
1777668278.604974,0,0.000000,0.000000,0.000000,0.000000,0.000000,0.000000,0.000000,0.000000,8.000000,39.610000
1777668278.621850,0,0.000000,0.000000,0.000000,0.000000,0.000000,0.000000,0.000000,0.000000,8.000000,39.630000
1777668278.622324,0,0.000000,0.000000,0.000000,0.000000,0.000000,0.000000,0.000000,0.000000,8.000000,39.630000
1777668278.639629,0,0.000000,0.000000,0.000000,0.000000,0.000000,0.000000,0.000000,0.000000,8.000000,39.650000
1777668278.640111,0,0.000000,0.000000,0.000000,0.000000,0.000000,0.000000,0.000000,0.000000,8.000000,39.650000
1777668278.640644,0,0.000000,0.000000,0.000000,0.000000,0.000000,0.000000,0.000000,0.000000,8.000000,39.660000
1777668278.649295,0,0.000000,0.000000,0.000000,0.000000,0.000000,0.000000,0.000000,0.000000,8.000000,39.680000
1777668278.665237,0,0.000000,0.000000,0.000000,0.000000,0.000000,0.000000,0.000000,0.000000,8.000000,39.680000
1777668278.682191,0,0.000000,0.000000,0.000000,0.000000,0.000000,0.000000,0.000000,0.000000,8.000000,39.700000
1777668278.682793,0,0.000000,0.000000,0.000000,0.000000,0.000000,0.000000,0.000000,0.000000,8.000000,39.700000
1777668278.693199,0,0.000000,0.000000,0.000000,0.000000,0.000000,0.000000,0.000000,0.000000,8.000000,39.720000
1777668278.711941,0,0.000000,0.000000,0.000000,0.000000,0.000000,0.000000,0.000000,0.000000,8.000000,39.720000
1777668278.722662,0,0.000000,0.000000,0.000000,0.000000,0.000000,0.000000,0.000000,0.000000,8.000000,39.740000
1777668278.734105,0,0.000000,0.000000,0.000000,0.000000,0.000000,0.000000,0.000000,0.000000,8.000000,39.750000
1777668278.746128,0,0.000000,0.000000,0.000000,0.000000,0.000000,0.000000,0.000000,0.000000,8.000000,39.750000
1777668278.757141,0,0.000000,0.000000,0.000000,0.000000,0.000000,0.000000,0.000000,0.000000,8.000000,39.770000
1777668278.757623,0,0.000000,0.000000,0.000000,0.000000,0.000000,0.000000,0.000000,0.000000,8.000000,39.770000
1777668278.768697,0,0.000000,0.000000,0.000000,0.000000,0.000000,0.000000,0.000000,0.000000,8.000000,39.790000
1777668278.779890,0,0.000000,0.000000,0.000000,0.000000,0.000000,0.000000,0.000000,0.000000,8.000000,39.790000
1777668278.791098,0,0.000000,0.000000,0.000000,0.000000,0.000000,0.000000,0.000000,0.000000,8.000000,39.810000
1777668278.802801,0,0.000000,0.000000,0.000000,0.000000,0.000000,0.000000,0.000000,0.000000,8.000000,39.810000
1777668278.813176,0,0.000000,0.000000,0.000000,0.000000,0.000000,0.000000,0.000000,0.000000,8.000000,39.830000
1777668278.813733,0,0.000000,0.000000,0.000000,0.000000,0.000000,0.000000,0.000000,0.000000,8.000000,39.840000
1777668278.830420,0,0.000000,0.000000,0.000000,0.000000,0.000000,0.000000,0.000000,0.000000,8.000000,39.840000
1777668278.848526,0,0.000000,0.000000,0.000000,0.000000,0.000000,0.000000,0.000000,0.000000,8.000000,39.860000
1777668278.849192,0,0.000000,0.000000,0.000000,0.000000,0.000000,0.000000,0.000000,0.000000,8.000000,39.860000
1777668278.864503,0,0.000000,0.000000,0.000000,0.000000,0.000000,0.000000,0.000000,0.000000,8.000000,39.860000
1777668278.865090,0,0.000000,0.000000,0.000000,0.000000,0.000000,0.000000,0.000000,0.000000,8.000000,39.880000
1777668278.883065,0,0.000000,0.000000,0.000000,0.000000,0.000000,0.000000,0.000000,0.000000,8.000000,39.900000
1777668278.883679,0,0.000000,0.000000,0.000000,0.000000,0.000000,0.000000,0.000000,0.000000,8.000000,39.900000
1777668278.900226,0,0.000000,0.000000,0.000000,0.000000,0.000000,0.000000,0.000000,0.000000,8.000000,39.910000
1777668278.900678,0,0.000000,0.000000,0.000000,0.000000,0.000000,0.000000,0.000000,0.000000,8.000000,39.930000
1777668278.916283,0,0.000000,0.000000,0.000000,0.000000,0.000000,0.000000,0.000000,0.000000,8.000000,39.930000
1777668278.932213,0,0.000000,0.000000,0.000000,0.000000,0.000000,0.000000,0.000000,0.000000,8.000000,39.950000
1777668278.932872,0,0.000000,0.000000,0.000000,0.000000,0.000000,0.000000,0.000000,0.000000,8.000000,39.950000
1777668278.950485,0,0.000000,0.000000,0.000000,0.000000,0.000000,0.000000,0.000000,0.000000,8.000000,39.970000
1777668278.951156,0,0.000000,0.000000,0.000000,0.000000,0.000000,0.000000,0.000000,0.000000,8.000000,39.970000
1777668278.969443,0,0.000000,0.000000,0.000000,0.000000,0.000000,0.000000,0.000000,0.000000,8.000000,39.990000
1777668278.988009,0,0.000000,0.000000,0.000000,0.000000,0.000000,0.000000,0.000000,0.000000,8.000000,40.000000
1777668278.988657,0,0.000000,0.000000,0.000000,0.000000,0.000000,0.000000,0.000000,0.000000,8.000000,40.000000
1777668279.007189,0,0.000000,0.000000,0.000000,0.000000,0.000000,0.000000,0.000000,0.000000,8.000000,40.020000
1777668279.007664,0,0.000000,0.000000,0.000000,0.000000,0.000000,0.000000,0.000000,0.000000,8.000000,40.020000
1777668279.026385,0,0.000000,0.000000,0.000000,0.000000,0.000000,0.000000,0.000000,0.000000,8.000000,40.040000
1777668279.027034,0,0.000000,0.000000,0.000000,0.000000,0.000000,0.000000,0.000000,0.000000,8.000000,40.040000
1777668279.044429,0,0.000000,0.000000,0.000000,0.000000,0.000000,0.000000,0.000000,0.000000,8.000000,40.060000
1777668279.044912,0,0.000000,0.000000,0.000000,0.000000,0.000000,0.000000,0.000000,0.000000,8.000000,40.060000
1777668279.045419,0,0.000000,0.000000,0.000000,0.000000,0.000000,0.000000,0.000000,0.000000,8.000000,40.080000
1777668279.061580,0,0.000000,0.000000,0.000000,0.000000,0.000000,0.000000,0.000000,0.000000,8.000000,40.090000
1777668279.077678,0,0.000000,0.000000,0.000000,0.000000,0.000000,0.000000,0.000000,0.000000,8.000000,40.090000
1777668279.078333,0,0.000000,0.000000,0.000000,0.000000,0.000000,0.000000,0.000000,0.000000,8.000000,40.110000
1777668279.095565,0,0.000000,0.000000,0.000000,0.000000,0.000000,0.000000,0.000000,0.000000,8.000000,40.110000
1777668279.111845,0,0.000000,0.000000,0.000000,0.000000,0.000000,0.000000,0.000000,0.000000,8.000000,40.130000
1777668279.112887,0,0.000000,0.000000,0.000000,0.000000,0.000000,0.000000,0.000000,0.000000,8.000000,40.130000
1777668279.129742,0,0.000000,0.000000,0.000000,0.000000,0.000000,0.000000,0.000000,0.000000,8.000000,40.150000
1777668279.130343,0,0.000000,0.000000,0.000000,0.000000,0.000000,0.000000,0.000000,0.000000,8.000000,40.150000
1777668279.148508,0,0.000000,0.000000,0.000000,0.000000,0.000000,0.000000,0.000000,0.000000,8.000000,40.150000
1777668279.148973,0,0.000000,0.000000,0.000000,0.000000,0.000000,0.000000,0.000000,0.000000,8.000000,40.160000
1777668279.164665,0,0.000000,0.000000,0.000000,0.000000,0.000000,0.000000,0.000000,0.000000,8.000000,40.180000
1777668279.165246,0,0.000000,0.000000,0.000000,0.000000,0.000000,0.000000,0.000000,0.000000,8.000000,40.180000
1777668279.184470,0,0.000000,0.000000,0.000000,0.000000,0.000000,0.000000,0.000000,0.000000,8.000000,40.200000
1777668279.195736,0,0.000000,0.000000,0.000000,0.000000,0.000000,0.000000,0.000000,0.000000,8.000000,40.200000
1777668279.207389,0,0.000000,0.000000,0.000000,0.000000,0.000000,0.000000,0.000000,0.000000,8.000000,40.220000
1777668279.218514,0,0.000000,0.000000,0.000000,0.000000,0.000000,0.000000,0.000000,0.000000,8.000000,40.220000
1777668279.230571,0,0.000000,0.000000,0.000000,0.000000,0.000000,0.000000,0.000000,0.000000,8.000000,40.240000
1777668279.242216,0,0.000000,0.000000,0.000000,0.000000,0.000000,0.000000,0.000000,0.000000,8.000000,40.250000
1777668279.242781,0,0.000000,0.000000,0.000000,0.000000,0.000000,0.000000,0.000000,0.000000,8.000000,40.250000
1777668279.262370,0,0.000000,0.000000,0.000000,0.000000,0.000000,0.000000,0.000000,0.000000,8.000000,40.270000
1777668279.262952,0,0.000000,0.000000,0.000000,0.000000,0.000000,0.000000,0.000000,0.000000,8.000000,40.270000
1777668279.264149,0,0.000000,0.000000,0.000000,0.000000,0.000000,0.000000,0.000000,0.000000,8.000000,40.290000
1777668279.283086,0,0.000000,0.000000,0.000000,0.000000,0.000000,0.000000,0.000000,0.000000,8.000000,40.290000
1777668279.299982,0,0.000000,0.000000,0.000000,0.000000,0.000000,0.000000,0.000000,0.000000,8.000000,40.310000
1777668279.300614,0,0.000000,0.000000,0.000000,0.000000,0.000000,0.000000,0.000000,0.000000,8.000000,40.310000
1777668279.317677,0,0.000000,0.000000,0.000000,0.000000,0.000000,0.000000,0.000000,0.000000,8.000000,40.330000
1777668279.318309,0,0.000000,0.000000,0.000000,0.000000,0.000000,0.000000,0.000000,0.000000,8.000000,40.340000
1777668279.333944,0,0.000000,0.000000,0.000000,0.000000,0.000000,0.000000,0.000000,0.000000,8.000000,40.340000
1777668279.334391,0,0.000000,0.000000,0.000000,0.000000,0.000000,0.000000,0.000000,0.000000,8.000000,40.360000
1777668279.350413,0,0.000000,0.000000,0.000000,0.000000,0.000000,0.000000,0.000000,0.000000,8.000000,40.360000
1777668279.359783,0,0.000000,0.000000,0.000000,0.000000,0.000000,0.000000,0.000000,0.000000,8.000000,40.380000
1777668279.377499,0,0.000000,0.000000,0.000000,0.000000,0.000000,0.000000,0.000000,0.000000,8.000000,40.380000
1777668279.378566,0,0.000000,0.000000,0.000000,0.000000,0.000000,0.000000,0.000000,0.000000,8.000000,40.400000
1777668279.394691,0,0.000000,0.000000,0.000000,0.000000,0.000000,0.000000,0.000000,0.000000,8.000000,40.400000
1777668279.404917,0,0.000000,0.000000,0.000000,0.000000,0.000000,0.000000,0.000000,0.000000,8.000000,40.410000
1777668279.415831,0,0.000000,0.000000,0.000000,0.000000,0.000000,0.000000,0.000000,0.000000,8.000000,40.430000
1777668279.426834,0,0.000000,0.000000,0.000000,0.000000,0.000000,0.000000,0.000000,0.000000,8.000000,40.430000
1777668279.438703,0,0.000000,0.000000,0.000000,0.000000,0.000000,0.000000,0.000000,0.000000,8.000000,40.450000
1777668279.449892,0,0.000000,0.000000,0.000000,0.000000,0.000000,0.000000,0.000000,0.000000,8.000000,40.450000
1777668279.462350,0,0.000000,0.000000,0.000000,0.000000,0.000000,0.000000,0.000000,0.000000,8.000000,40.470000
1777668279.473640,0,0.000000,0.000000,0.000000,0.000000,0.000000,0.000000,0.000000,0.000000,8.000000,40.470000
1777668279.474124,0,0.000000,0.000000,0.000000,0.000000,0.000000,0.000000,0.000000,0.000000,8.000000,40.490000
1777668279.492757,0,0.000000,0.000000,0.000000,0.000000,0.000000,0.000000,0.000000,0.000000,8.000000,40.500000
1777668279.493597,0,0.000000,0.000000,0.000000,0.000000,0.000000,0.000000,0.000000,0.000000,8.000000,40.500000
1777668279.504851,0,0.000000,0.000000,0.000000,0.000000,0.000000,0.000000,0.000000,0.000000,8.000000,40.520000
1777668279.515000,0,0.000000,0.000000,0.000000,0.000000,0.000000,0.000000,0.000000,0.000000,8.000000,40.520000
1777668279.525543,0,0.000000,0.000000,0.000000,0.000000,0.000000,0.000000,0.000000,0.000000,8.000000,40.540000
1777668279.535549,0,0.000000,0.000000,0.000000,0.000000,0.000000,0.000000,0.000000,0.000000,8.000000,40.540000
1777668279.546115,0,0.000000,0.000000,0.000000,0.000000,0.000000,0.000000,0.000000,0.000000,8.000000,40.560000
1777668279.555500,0,0.000000,0.000000,0.000000,0.000000,0.000000,0.000000,0.000000,0.000000,8.000000,40.560000
1777668279.564785,0,0.000000,0.000000,0.000000,0.000000,0.000000,0.000000,0.000000,0.000000,8.000000,40.580000
1777668279.575340,0,0.000000,0.000000,0.000000,0.000000,0.000000,0.000000,0.000000,0.000000,8.000000,40.590000
1777668279.585211,0,0.000000,0.000000,0.000000,0.000000,0.000000,0.000000,0.000000,0.000000,8.000000,40.590000
1777668279.594970,0,0.000000,0.000000,0.000000,0.000000,0.000000,0.000000,0.000000,0.000000,8.000000,40.610000
1777668279.604928,0,0.000000,0.000000,0.000000,0.000000,0.000000,0.000000,0.000000,0.000000,8.000000,40.610000
1777668279.614430,0,0.000000,0.000000,0.000000,0.000000,0.000000,0.000000,0.000000,0.000000,8.000000,40.630000
1777668279.614958,0,0.000000,0.000000,0.000000,0.000000,0.000000,0.000000,0.000000,0.000000,8.000000,40.630000
1777668279.624753,0,0.000000,0.000000,0.000000,0.000000,0.000000,0.000000,0.000000,0.000000,8.000000,40.650000
1777668279.642921,0,0.000000,0.000000,0.000000,0.000000,0.000000,0.000000,0.000000,0.000000,8.000000,40.650000
1777668279.653992,0,0.000000,0.000000,0.000000,0.000000,0.000000,0.000000,0.000000,0.000000,8.000000,40.660000
1777668279.665313,0,0.000000,0.000000,0.000000,0.000000,0.000000,0.000000,0.000000,0.000000,8.000000,40.680000
1777668279.676562,0,0.000000,0.000000,0.000000,0.000000,0.000000,0.000000,0.000000,0.000000,8.000000,40.680000
1777668279.677145,0,0.000000,0.000000,0.000000,0.000000,0.000000,0.000000,0.000000,0.000000,8.000000,40.700000
1777668279.696523,0,0.000000,0.000000,0.000000,0.000000,0.000000,0.000000,0.000000,0.000000,8.000000,40.700000
1777668279.696994,0,0.000000,0.000000,0.000000,0.000000,0.000000,0.000000,0.000000,0.000000,8.000000,40.720000
1777668279.697504,0,0.000000,0.000000,0.000000,0.000000,0.000000,0.000000,0.000000,0.000000,8.000000,40.720000
1777668279.715552,0,0.000000,0.000000,0.000000,0.000000,0.000000,0.000000,0.000000,0.000000,8.000000,40.740000
1777668279.733602,0,0.000000,0.000000,0.000000,0.000000,0.000000,0.000000,0.000000,0.000000,8.000000,40.750000
1777668279.734077,0,0.000000,0.000000,0.000000,0.000000,0.000000,0.000000,0.000000,0.000000,8.000000,40.750000
1777668279.752105,0,0.000000,0.000000,0.000000,0.000000,0.000000,0.000000,0.000000,0.000000,8.000000,40.770000
1777668279.752578,0,0.000000,0.000000,0.000000,0.000000,0.000000,0.000000,0.000000,0.000000,8.000000,40.770000
1777668279.769651,0,0.000000,0.000000,0.000000,0.000000,0.000000,0.000000,0.000000,0.000000,8.000000,40.790000
1777668279.786059,0,0.000000,0.000000,0.000000,0.000000,0.000000,0.000000,0.000000,0.000000,8.000000,40.790000
1777668279.786799,0,0.000000,0.000000,0.000000,0.000000,0.000000,0.000000,0.000000,0.000000,8.000000,40.810000
1777668279.804775,0,0.000000,0.000000,0.000000,0.000000,0.000000,0.000000,0.000000,0.000000,8.000000,40.810000
1777668279.805357,0,0.000000,0.000000,0.000000,0.000000,0.000000,0.000000,0.000000,0.000000,8.000000,40.830000
1777668279.821137,0,0.000000,0.000000,0.000000,0.000000,0.000000,0.000000,0.000000,0.000000,8.000000,40.840000
1777668279.838972,0,0.000000,0.000000,0.000000,0.000000,0.000000,0.000000,0.000000,0.000000,8.000000,40.840000
1777668279.839414,0,0.000000,0.000000,0.000000,0.000000,0.000000,0.000000,0.000000,0.000000,8.000000,40.860000
1777668279.839910,0,0.000000,0.000000,0.000000,0.000000,0.000000,0.000000,0.000000,0.000000,8.000000,40.860000
1777668279.857058,0,0.000000,0.000000,0.000000,0.000000,0.000000,0.000000,0.000000,0.000000,8.000000,40.880000
1777668279.873713,0,0.000000,0.000000,0.000000,0.000000,0.000000,0.000000,0.000000,0.000000,8.000000,40.880000
1777668279.874373,0,0.000000,0.000000,0.000000,0.000000,0.000000,0.000000,0.000000,0.000000,8.000000,40.900000
1777668279.893875,0,0.000000,0.000000,0.000000,0.000000,0.000000,0.000000,0.000000,0.000000,8.000000,40.900000
1777668279.894598,0,0.000000,0.000000,0.000000,0.000000,0.000000,0.000000,0.000000,0.000000,8.000000,40.910000
1777668279.915426,0,0.000000,0.000000,0.000000,0.000000,0.000000,0.000000,0.000000,0.000000,8.000000,40.930000
1777668279.916262,0,0.000000,0.000000,0.000000,0.000000,0.000000,0.000000,0.000000,0.000000,8.000000,40.930000
1777668279.938160,0,0.000000,0.000000,0.000000,0.000000,0.000000,0.000000,0.000000,0.000000,8.000000,40.950000
1777668279.938642,0,0.000000,0.000000,0.000000,0.000000,0.000000,0.000000,0.000000,0.000000,8.000000,40.950000
1777668279.959091,0,0.000000,0.000000,0.000000,0.000000,0.000000,0.000000,0.000000,0.000000,8.000000,40.970000
1777668279.959579,0,0.000000,0.000000,0.000000,0.000000,0.000000,0.000000,0.000000,0.000000,8.000000,40.970000
1777668279.979194,0,0.000000,0.000000,0.000000,0.000000,0.000000,0.000000,0.000000,0.000000,8.000000,40.990000
1777668279.979783,0,0.000000,0.000000,0.000000,0.000000,0.000000,0.000000,0.000000,0.000000,8.000000,41.000000
1777668279.989904,0,0.000000,0.000000,0.000000,0.000000,0.000000,0.000000,0.000000,0.000000,8.000000,41.000000
1777668280.000109,0,0.000000,0.000000,0.000000,0.000000,0.000000,0.000000,0.000000,0.000000,8.000000,41.020000
1777668280.010917,0,0.000000,0.000000,0.000000,0.000000,0.000000,0.000000,0.000000,0.000000,8.000000,41.020000
1777668280.022168,0,0.000000,0.000000,0.000000,0.000000,0.000000,0.000000,0.000000,0.000000,8.000000,41.040000
1777668280.032491,0,0.000000,0.000000,0.000000,0.000000,0.000000,0.000000,0.000000,0.000000,8.000000,41.040000
1777668280.032972,0,0.000000,0.000000,0.000000,0.000000,0.000000,0.000000,0.000000,0.000000,8.000000,41.060000
1777668280.049708,0,0.000000,0.000000,0.000000,0.000000,0.000000,0.000000,0.000000,0.000000,8.000000,41.060000
1777668280.050385,0,0.000000,0.000000,0.000000,0.000000,0.000000,0.000000,0.000000,0.000000,8.000000,41.080000
1777668280.068476,0,0.000000,0.000000,0.000000,0.000000,0.000000,0.000000,0.000000,0.000000,8.000000,41.090000
1777668280.069310,0,0.000000,0.000000,0.000000,0.000000,0.000000,0.000000,0.000000,0.000000,8.000000,41.090000
1777668280.088083,0,0.000000,0.000000,0.000000,0.000000,0.000000,0.000000,0.000000,0.000000,8.000000,41.110000
1777668280.088935,0,0.000000,0.000000,0.000000,0.000000,0.000000,0.000000,0.000000,0.000000,8.000000,41.110000
1777668280.109062,0,0.000000,0.000000,0.000000,0.000000,0.000000,0.000000,0.000000,0.000000,8.000000,41.130000
1777668280.121630,0,0.000000,0.000000,0.000000,0.000000,0.000000,0.000000,0.000000,0.000000,8.000000,41.130000
1777668280.132668,0,0.000000,0.000000,0.000000,0.000000,0.000000,0.000000,0.000000,0.000000,8.000000,41.150000
1777668280.145385,0,0.000000,0.000000,0.000000,0.000000,0.000000,0.000000,0.000000,0.000000,8.000000,41.150000
1777668280.156645,0,0.000000,0.000000,0.000000,0.000000,0.000000,0.000000,0.000000,0.000000,8.000000,41.160000
1777668280.157133,0,0.000000,0.000000,0.000000,0.000000,0.000000,0.000000,0.000000,0.000000,8.000000,41.180000
1777668280.178308,0,0.000000,0.000000,0.000000,0.000000,0.000000,0.000000,0.000000,0.000000,8.000000,41.180000
1777668280.178802,0,0.000000,0.000000,0.000000,0.000000,0.000000,0.000000,0.000000,0.000000,8.000000,41.200000
1777668280.179233,0,0.000000,0.000000,0.000000,0.000000,0.000000,0.000000,0.000000,0.000000,8.000000,41.200000
1777668280.200680,0,0.000000,0.000000,0.000000,0.000000,0.000000,0.000000,0.000000,0.000000,8.000000,41.220000
1777668280.201441,0,0.000000,0.000000,0.000000,0.000000,0.000000,0.000000,0.000000,0.000000,8.000000,41.220000
1777668280.219782,0,0.000000,0.000000,0.000000,0.000000,0.000000,0.000000,0.000000,0.000000,8.000000,41.240000
1777668280.230063,0,0.000000,0.000000,0.000000,0.000000,0.000000,0.000000,0.000000,0.000000,8.000000,41.250000
1777668280.240143,0,0.000000,0.000000,0.000000,0.000000,0.000000,0.000000,0.000000,0.000000,8.000000,41.250000
1777668280.257834,0,0.000000,0.000000,0.000000,0.000000,0.000000,0.000000,0.000000,0.000000,8.000000,41.270000
1777668280.258303,0,0.000000,0.000000,0.000000,0.000000,0.000000,0.000000,0.000000,0.000000,8.000000,41.270000
1777668280.277921,0,0.000000,0.000000,0.000000,0.000000,0.000000,0.000000,0.000000,0.000000,8.000000,41.290000
1777668280.278392,0,0.000000,0.000000,0.000000,0.000000,0.000000,0.000000,0.000000,0.000000,8.000000,41.290000
1777668280.279006,0,0.000000,0.000000,0.000000,0.000000,0.000000,0.000000,0.000000,0.000000,8.000000,41.310000
1777668280.296959,0,0.000000,0.000000,0.000000,0.000000,0.000000,0.000000,0.000000,0.000000,8.000000,41.310000
1777668280.297684,0,0.000000,0.000000,0.000000,0.000000,0.000000,0.000000,0.000000,0.000000,8.000000,41.330000
1777668280.315551,0,0.000000,0.000000,0.000000,0.000000,0.000000,0.000000,0.000000,0.000000,8.000000,41.340000
1777668280.334169,0,0.000000,0.000000,0.000000,0.000000,0.000000,0.000000,0.000000,0.000000,8.000000,41.340000
1777668280.335008,0,0.000000,0.000000,0.000000,0.000000,0.000000,0.000000,0.000000,0.000000,8.000000,41.360000
1777668280.355774,0,0.000000,0.000000,0.000000,0.000000,0.000000,0.000000,0.000000,0.000000,8.000000,41.360000
1777668280.357152,0,0.000000,0.000000,0.000000,0.000000,0.000000,0.000000,0.000000,0.000000,8.000000,41.380000
1777668280.368084,0,0.000000,0.000000,0.000000,0.000000,0.000000,0.000000,0.000000,0.000000,8.000000,41.380000
1777668280.388376,0,0.000000,0.000000,0.000000,0.000000,0.000000,0.000000,0.000000,0.000000,8.000000,41.400000
1777668280.388872,0,0.000000,0.000000,0.000000,0.000000,0.000000,0.000000,0.000000,0.000000,8.000000,41.400000
1777668280.389247,0,0.000000,0.000000,0.000000,0.000000,0.000000,0.000000,0.000000,0.000000,8.000000,41.410000
1777668280.408799,0,0.000000,0.000000,0.000000,0.000000,0.000000,0.000000,0.000000,0.000000,8.000000,41.430000
1777668280.409272,0,0.000000,0.000000,0.000000,0.000000,0.000000,0.000000,0.000000,0.000000,8.000000,41.430000
1777668280.430115,0,0.000000,0.000000,0.000000,0.000000,0.000000,0.000000,0.000000,0.000000,8.000000,41.450000
1777668280.430871,0,0.000000,0.000000,0.000000,0.000000,0.000000,0.000000,0.000000,0.000000,8.000000,41.450000
1777668280.449072,0,0.000000,0.000000,0.000000,0.000000,0.000000,0.000000,0.000000,0.000000,8.000000,41.450000
1777668280.449809,0,0.000000,0.000000,0.000000,0.000000,0.000000,0.000000,0.000000,0.000000,8.000000,41.470000
1777668280.467427,0,0.000000,0.000000,0.000000,0.000000,0.000000,0.000000,0.000000,0.000000,8.000000,41.470000
1777668280.468030,0,0.000000,0.000000,0.000000,0.000000,0.000000,0.000000,0.000000,0.000000,8.000000,41.490000
1777668280.484811,0,0.000000,0.000000,0.000000,0.000000,0.000000,0.000000,0.000000,0.000000,8.000000,41.500000
1777668280.485497,0,0.000000,0.000000,0.000000,0.000000,0.000000,0.000000,0.000000,0.000000,8.000000,41.500000
1777668280.502035,0,0.000000,0.000000,0.000000,0.000000,0.000000,0.000000,0.000000,0.000000,8.000000,41.520000
1777668280.502680,0,0.000000,0.000000,0.000000,0.000000,0.000000,0.000000,0.000000,0.000000,8.000000,41.520000
1777668280.519592,0,0.000000,0.000000,0.000000,0.000000,0.000000,0.000000,0.000000,0.000000,8.000000,41.540000
1777668280.530127,0,0.000000,0.000000,0.000000,0.000000,0.000000,0.000000,0.000000,0.000000,8.000000,41.540000
1777668280.548239,0,0.000000,0.000000,0.000000,0.000000,0.000000,0.000000,0.000000,0.000000,8.000000,41.560000
1777668280.549090,0,0.000000,0.000000,0.000000,0.000000,0.000000,0.000000,0.000000,0.000000,8.000000,41.560000
1777668280.570046,0,0.000000,0.000000,0.000000,0.000000,0.000000,0.000000,0.000000,0.000000,8.000000,41.580000
1777668280.571005,0,0.000000,0.000000,0.000000,0.000000,0.000000,0.000000,0.000000,0.000000,8.000000,41.590000
1777668280.571741,0,0.000000,0.000000,0.000000,0.000000,0.000000,0.000000,0.000000,0.000000,8.000000,41.590000
1777668280.591300,0,0.000000,0.000000,0.000000,0.000000,0.000000,0.000000,0.000000,0.000000,8.000000,41.610000
1777668280.612877,0,0.000000,0.000000,0.000000,0.000000,0.000000,0.000000,0.000000,0.000000,8.000000,41.610000
1777668280.614066,0,0.000000,0.000000,0.000000,0.000000,0.000000,0.000000,0.000000,0.000000,8.000000,41.630000
1777668280.614572,0,0.000000,0.000000,0.000000,0.000000,0.000000,0.000000,0.000000,0.000000,8.000000,41.630000
1777668280.634829,0,0.000000,0.000000,0.000000,0.000000,0.000000,0.000000,0.000000,0.000000,8.000000,41.650000
1777668280.635588,0,0.000000,0.000000,0.000000,0.000000,0.000000,0.000000,0.000000,0.000000,8.000000,41.650000
1777668280.655371,0,0.000000,0.000000,0.000000,0.000000,0.000000,0.000000,0.000000,0.000000,8.000000,41.660000
1777668280.667006,0,0.000000,0.000000,0.000000,0.000000,0.000000,0.000000,0.000000,0.000000,8.000000,41.680000
1777668280.683914,0,0.000000,0.000000,0.000000,0.000000,0.000000,0.000000,0.000000,0.000000,8.000000,41.680000
1777668280.702014,0,0.000000,0.000000,0.000000,0.000000,0.000000,0.000000,0.000000,0.000000,8.000000,41.700000
1777668280.702511,0,0.000000,0.000000,0.000000,0.000000,0.000000,0.000000,0.000000,0.000000,8.000000,41.700000
1777668280.702903,0,0.000000,0.000000,0.000000,0.000000,0.000000,0.000000,0.000000,0.000000,8.000000,41.720000
1777668280.713199,0,0.000000,0.000000,0.000000,0.000000,0.000000,0.000000,0.000000,0.000000,8.000000,41.720000
1777668280.725052,0,0.000000,0.000000,0.000000,0.000000,0.000000,0.000000,0.000000,0.000000,8.000000,41.740000
1777668280.735157,0,0.000000,0.000000,0.000000,0.000000,0.000000,0.000000,0.000000,0.000000,8.000000,41.750000
1777668280.746144,0,0.000000,0.000000,0.000000,0.000000,0.000000,0.000000,0.000000,0.000000,8.000000,41.750000
1777668280.757496,0,0.000000,0.000000,0.000000,0.000000,0.000000,0.000000,0.000000,0.000000,8.000000,41.770000
1777668280.757954,0,0.000000,0.000000,0.000000,0.000000,0.000000,0.000000,0.000000,0.000000,8.000000,41.770000
1777668280.775860,0,0.000000,0.000000,0.000000,0.000000,0.000000,0.000000,0.000000,0.000000,8.000000,41.790000
1777668280.786295,0,0.000000,0.000000,0.000000,0.000000,0.000000,0.000000,0.000000,0.000000,8.000000,41.790000
1777668280.797177,0,0.000000,0.000000,0.000000,0.000000,0.000000,0.000000,0.000000,0.000000,8.000000,41.810000
1777668280.810693,0,0.000000,0.000000,0.000000,0.000000,0.000000,0.000000,0.000000,0.000000,8.000000,41.810000
1777668280.823382,0,0.000000,0.000000,0.000000,0.000000,0.000000,0.000000,0.000000,0.000000,8.000000,41.830000
1777668280.835235,0,0.000000,0.000000,0.000000,0.000000,0.000000,0.000000,0.000000,0.000000,8.000000,41.840000
1777668280.835771,0,0.000000,0.000000,0.000000,0.000000,0.000000,0.000000,0.000000,0.000000,8.000000,41.840000
1777668280.848562,0,0.000000,0.000000,0.000000,0.000000,0.000000,0.000000,0.000000,0.000000,8.000000,41.860000
1777668280.861276,0,0.000000,0.000000,0.000000,0.000000,0.000000,0.000000,0.000000,0.000000,8.000000,41.860000
1777668280.873684,0,0.000000,0.000000,0.000000,0.000000,0.000000,0.000000,0.000000,0.000000,8.000000,41.880000
1777668280.874151,0,0.000000,0.000000,0.000000,0.000000,0.000000,0.000000,0.000000,0.000000,8.000000,41.880000
1777668280.886998,0,0.000000,0.000000,0.000000,0.000000,0.000000,0.000000,0.000000,0.000000,8.000000,41.900000
1777668280.899416,0,0.000000,0.000000,0.000000,0.000000,0.000000,0.000000,0.000000,0.000000,8.000000,41.900000
1777668280.910744,0,0.000000,0.000000,0.000000,0.000000,0.000000,0.000000,0.000000,0.000000,8.000000,41.910000
1777668280.920994,0,0.000000,0.000000,0.000000,0.000000,0.000000,0.000000,0.000000,0.000000,8.000000,41.930000
1777668280.921462,0,0.000000,0.000000,0.000000,0.000000,0.000000,0.000000,0.000000,0.000000,8.000000,41.930000
1777668280.931106,0,0.000000,0.000000,0.000000,0.000000,0.000000,0.000000,0.000000,0.000000,8.000000,41.950000
1777668280.949212,0,0.000000,0.000000,0.000000,0.000000,0.000000,0.000000,0.000000,0.000000,8.000000,41.950000
1777668280.949732,0,0.000000,0.000000,0.000000,0.000000,0.000000,0.000000,0.000000,0.000000,8.000000,41.970000
1777668280.950356,0,0.000000,0.000000,0.000000,0.000000,0.000000,0.000000,0.000000,0.000000,8.000000,41.970000
1777668280.968347,0,0.000000,0.000000,0.000000,0.000000,0.000000,0.000000,0.000000,0.000000,8.000000,41.990000
1777668280.969112,0,0.000000,0.000000,0.000000,0.000000,0.000000,0.000000,0.000000,0.000000,8.000000,42.000000
1777668280.993581,0,0.000000,0.000000,0.000000,0.000000,0.000000,0.000000,0.000000,0.000000,8.000000,42.000000
1777668281.003622,0,0.000000,0.000000,0.000000,0.000000,0.000000,0.000000,0.000000,0.000000,8.000000,42.020000
1777668281.023093,0,0.000000,0.000000,0.000000,0.000000,0.000000,0.000000,0.000000,0.000000,8.000000,42.020000
1777668281.023774,0,0.000000,0.000000,0.000000,0.000000,0.000000,0.000000,0.000000,0.000000,8.000000,42.040000
1777668281.024491,0,0.000000,0.000000,0.000000,0.000000,0.000000,0.000000,0.000000,0.000000,8.000000,42.040000
1777668281.035976,0,0.000000,0.000000,0.000000,0.000000,0.000000,0.000000,0.000000,0.000000,8.000000,42.060000
1777668281.055676,0,0.000000,0.000000,0.000000,0.000000,0.000000,0.000000,0.000000,0.000000,8.000000,42.060000
1777668281.056402,0,0.000000,0.000000,0.000000,0.000000,0.000000,0.000000,0.000000,0.000000,8.000000,42.080000
1777668281.076610,0,0.000000,0.000000,0.000000,0.000000,0.000000,0.000000,0.000000,0.000000,8.000000,42.090000
1777668281.077137,0,0.000000,0.000000,0.000000,0.000000,0.000000,0.000000,0.000000,0.000000,8.000000,42.090000
1777668281.077539,0,0.000000,0.000000,0.000000,0.000000,0.000000,0.000000,0.000000,0.000000,8.000000,42.110000
1777668281.098956,0,0.000000,0.000000,0.000000,0.000000,0.000000,0.000000,0.000000,0.000000,8.000000,42.110000
1777668281.119439,0,0.000000,0.000000,0.000000,0.000000,0.000000,0.000000,0.000000,0.000000,8.000000,42.130000
1777668281.120361,0,0.000000,0.000000,0.000000,0.000000,0.000000,0.000000,0.000000,0.000000,8.000000,42.130000
1777668281.132710,0,0.000000,0.000000,0.000000,0.000000,0.000000,0.000000,0.000000,0.000000,8.000000,42.150000
1777668281.143468,0,0.000000,0.000000,0.000000,0.000000,0.000000,0.000000,0.000000,0.000000,8.000000,42.150000
1777668281.153669,0,0.000000,0.000000,0.000000,0.000000,0.000000,0.000000,0.000000,0.000000,8.000000,42.160000
1777668281.154117,0,0.000000,0.000000,0.000000,0.000000,0.000000,0.000000,0.000000,0.000000,8.000000,42.180000
1777668281.173028,0,0.000000,0.000000,0.000000,0.000000,0.000000,0.000000,0.000000,0.000000,8.000000,42.180000
1777668281.173503,0,0.000000,0.000000,0.000000,0.000000,0.000000,0.000000,0.000000,0.000000,8.000000,42.200000
1777668281.190511,0,0.000000,0.000000,0.000000,0.000000,0.000000,0.000000,0.000000,0.000000,8.000000,42.200000
1777668281.191262,0,0.000000,0.000000,0.000000,0.000000,0.000000,0.000000,0.000000,0.000000,8.000000,42.220000
1777668281.208987,0,0.000000,0.000000,0.000000,0.000000,0.000000,0.000000,0.000000,0.000000,8.000000,42.220000
1777668281.209780,0,0.000000,0.000000,0.000000,0.000000,0.000000,0.000000,0.000000,0.000000,8.000000,42.240000
1777668281.227628,0,0.000000,0.000000,0.000000,0.000000,0.000000,0.000000,0.000000,0.000000,8.000000,42.250000
1777668281.228335,0,0.000000,0.000000,0.000000,0.000000,0.000000,0.000000,0.000000,0.000000,8.000000,42.250000
1777668281.245318,0,0.000000,0.000000,0.000000,0.000000,0.000000,0.000000,0.000000,0.000000,8.000000,42.270000
1777668281.265289,0,0.000000,0.000000,0.000000,0.000000,0.000000,0.000000,0.000000,0.000000,8.000000,42.270000
1777668281.265769,0,0.000000,0.000000,0.000000,0.000000,0.000000,0.000000,0.000000,0.000000,8.000000,42.290000
1777668281.285288,0,0.000000,0.000000,0.000000,0.000000,0.000000,0.000000,0.000000,0.000000,8.000000,42.290000
1777668281.286208,0,0.000000,0.000000,0.000000,0.000000,0.000000,0.000000,0.000000,0.000000,8.000000,42.310000
1777668281.297590,0,0.000000,0.000000,0.000000,0.000000,0.000000,0.000000,0.000000,0.000000,8.000000,42.310000
1777668281.308749,0,0.000000,0.000000,0.000000,0.000000,0.000000,0.000000,0.000000,0.000000,8.000000,42.330000
1777668281.321038,0,0.000000,0.000000,0.000000,0.000000,0.000000,0.000000,0.000000,0.000000,8.000000,42.340000
1777668281.332029,0,0.000000,0.000000,0.000000,0.000000,0.000000,0.000000,0.000000,0.000000,8.000000,42.340000
1777668281.343256,0,0.000000,0.000000,0.000000,0.000000,0.000000,0.000000,0.000000,0.000000,8.000000,42.340000
1777668281.356113,0,0.000000,0.000000,0.000000,0.000000,0.000000,0.000000,0.000000,0.000000,8.000000,42.360000
1777668281.368760,0,0.000000,0.000000,0.000000,0.000000,0.000000,0.000000,0.000000,0.000000,8.000000,42.360000
1777668281.380932,0,0.000000,0.000000,0.000000,0.000000,0.000000,0.000000,0.000000,0.000000,8.000000,42.380000
1777668281.381403,0,0.000000,0.000000,0.000000,0.000000,0.000000,0.000000,0.000000,0.000000,8.000000,42.380000
1777668281.391597,0,0.000000,0.000000,0.000000,0.000000,0.000000,0.000000,0.000000,0.000000,8.000000,42.400000
1777668281.400786,0,0.000000,0.000000,0.000000,0.000000,0.000000,0.000000,0.000000,0.000000,8.000000,42.400000
1777668281.410734,0,0.000000,0.000000,0.000000,0.000000,0.000000,0.000000,0.000000,0.000000,8.000000,42.410000
1777668281.420615,0,0.000000,0.000000,0.000000,0.000000,0.000000,0.000000,0.000000,0.000000,8.000000,42.430000
1777668281.421065,0,0.000000,0.000000,0.000000,0.000000,0.000000,0.000000,0.000000,0.000000,8.000000,42.430000
1777668281.438162,0,0.000000,0.000000,0.000000,0.000000,0.000000,0.000000,0.000000,0.000000,8.000000,42.450000
1777668281.438728,0,0.000000,0.000000,0.000000,0.000000,0.000000,0.000000,0.000000,0.000000,8.000000,42.450000
1777668281.454600,0,0.000000,0.000000,0.000000,0.000000,0.000000,0.000000,0.000000,0.000000,8.000000,42.470000
1777668281.471380,0,0.000000,0.000000,0.000000,0.000000,0.000000,0.000000,0.000000,0.000000,8.000000,42.470000
1777668281.472009,0,0.000000,0.000000,0.000000,0.000000,0.000000,0.000000,0.000000,0.000000,8.000000,42.490000
1777668281.489353,0,0.000000,0.000000,0.000000,0.000000,0.000000,0.000000,0.000000,0.000000,8.000000,42.500000
1777668281.490004,0,0.000000,0.000000,0.000000,0.000000,0.000000,0.000000,0.000000,0.000000,8.000000,42.500000
1777668281.508370,0,0.000000,0.000000,0.000000,0.000000,0.000000,0.000000,0.000000,0.000000,8.000000,42.520000
1777668281.508859,0,0.000000,0.000000,0.000000,0.000000,0.000000,0.000000,0.000000,0.000000,8.000000,42.520000
1777668281.526138,0,0.000000,0.000000,0.000000,0.000000,0.000000,0.000000,0.000000,0.000000,8.000000,42.540000
1777668281.536558,0,0.000000,0.000000,0.000000,0.000000,0.000000,0.000000,0.000000,0.000000,8.000000,42.540000
1777668281.547378,0,0.000000,0.000000,0.000000,0.000000,0.000000,0.000000,0.000000,0.000000,8.000000,42.560000
1777668281.559086,0,0.000000,0.000000,0.000000,0.000000,0.000000,0.000000,0.000000,0.000000,8.000000,42.560000
1777668281.578571,0,0.000000,0.000000,0.000000,0.000000,0.000000,0.000000,0.000000,0.000000,8.000000,42.580000
1777668281.579076,0,0.000000,0.000000,0.000000,0.000000,0.000000,0.000000,0.000000,0.000000,8.000000,42.590000
1777668281.579584,0,0.000000,0.000000,0.000000,0.000000,0.000000,0.000000,0.000000,0.000000,8.000000,42.590000
1777668281.597424,0,0.000000,0.000000,0.000000,0.000000,0.000000,0.000000,0.000000,0.000000,8.000000,42.610000
1777668281.598039,0,0.000000,0.000000,0.000000,0.000000,0.000000,0.000000,0.000000,0.000000,8.000000,42.610000
1777668281.614039,0,0.000000,0.000000,0.000000,0.000000,0.000000,0.000000,0.000000,0.000000,8.000000,42.630000
1777668281.630901,0,0.000000,0.000000,0.000000,0.000000,0.000000,0.000000,0.000000,0.000000,8.000000,42.630000
1777668281.631459,0,0.000000,0.000000,0.000000,0.000000,0.000000,0.000000,0.000000,0.000000,8.000000,42.650000
1777668281.641193,0,0.000000,0.000000,0.000000,0.000000,0.000000,0.000000,0.000000,0.000000,8.000000,42.650000
1777668281.651116,0,0.000000,0.000000,0.000000,0.000000,0.000000,0.000000,0.000000,0.000000,8.000000,42.660000
1777668281.667125,0,0.000000,0.000000,0.000000,0.000000,0.000000,0.000000,0.000000,0.000000,8.000000,42.680000
1777668281.667580,0,0.000000,0.000000,0.000000,0.000000,0.000000,0.000000,0.000000,0.000000,8.000000,42.680000
1777668281.683086,0,0.000000,0.000000,0.000000,0.000000,0.000000,0.000000,0.000000,0.000000,8.000000,42.700000
1777668281.694068,0,0.000000,0.000000,0.000000,0.000000,0.000000,0.000000,0.000000,0.000000,8.000000,42.700000
1777668281.711266,0,0.000000,0.000000,0.000000,0.000000,0.000000,0.000000,0.000000,0.000000,8.000000,42.720000
1777668281.711751,0,0.000000,0.000000,0.000000,0.000000,0.000000,0.000000,0.000000,0.000000,8.000000,42.720000
1777668281.712412,0,0.000000,0.000000,0.000000,0.000000,0.000000,0.000000,0.000000,0.000000,8.000000,42.740000
1777668281.729303,0,0.000000,0.000000,0.000000,0.000000,0.000000,0.000000,0.000000,0.000000,8.000000,42.750000
1777668281.747097,0,0.000000,0.000000,0.000000,0.000000,0.000000,0.000000,0.000000,0.000000,8.000000,42.750000
1777668281.747751,0,0.000000,0.000000,0.000000,0.000000,0.000000,0.000000,0.000000,0.000000,8.000000,42.770000
1777668281.765352,0,0.000000,0.000000,0.000000,0.000000,0.000000,0.000000,0.000000,0.000000,8.000000,42.770000
1777668281.765835,0,0.000000,0.000000,0.000000,0.000000,0.000000,0.000000,0.000000,0.000000,8.000000,42.790000
1777668281.782814,0,0.000000,0.000000,0.000000,0.000000,0.000000,0.000000,0.000000,0.000000,8.000000,42.790000
1777668281.783485,0,0.000000,0.000000,0.000000,0.000000,0.000000,0.000000,0.000000,0.000000,8.000000,42.810000
1777668281.800882,0,0.000000,0.000000,0.000000,0.000000,0.000000,0.000000,0.000000,0.000000,8.000000,42.810000
1777668281.801544,0,0.000000,0.000000,0.000000,0.000000,0.000000,0.000000,0.000000,0.000000,8.000000,42.830000
1777668281.821625,0,0.000000,0.000000,0.000000,0.000000,0.000000,0.000000,0.000000,0.000000,8.000000,42.840000
1777668281.839017,0,0.000000,0.000000,0.000000,0.000000,0.000000,0.000000,0.000000,0.000000,8.000000,42.840000
1777668281.839620,0,0.000000,0.000000,0.000000,0.000000,0.000000,0.000000,0.000000,0.000000,8.000000,42.860000
1777668281.857090,0,0.000000,0.000000,0.000000,0.000000,0.000000,0.000000,0.000000,0.000000,8.000000,42.860000
1777668281.857561,0,0.000000,0.000000,0.000000,0.000000,0.000000,0.000000,0.000000,0.000000,8.000000,42.880000
1777668281.873777,0,0.000000,0.000000,0.000000,0.000000,0.000000,0.000000,0.000000,0.000000,8.000000,42.880000
1777668281.874360,0,0.000000,0.000000,0.000000,0.000000,0.000000,0.000000,0.000000,0.000000,8.000000,42.900000
1777668281.890992,0,0.000000,0.000000,0.000000,0.000000,0.000000,0.000000,0.000000,0.000000,8.000000,42.900000
1777668281.891574,0,0.000000,0.000000,0.000000,0.000000,0.000000,0.000000,0.000000,0.000000,8.000000,42.910000
1777668281.907443,0,0.000000,0.000000,0.000000,0.000000,0.000000,0.000000,0.000000,0.000000,8.000000,42.930000
1777668281.916658,0,0.000000,0.000000,0.000000,0.000000,0.000000,0.000000,0.000000,0.000000,8.000000,42.930000
1777668281.933502,0,0.000000,0.000000,0.000000,0.000000,0.000000,0.000000,0.000000,0.000000,8.000000,42.950000
1777668281.934085,0,0.000000,0.000000,0.000000,0.000000,0.000000,0.000000,0.000000,0.000000,8.000000,42.950000
1777668281.950829,0,0.000000,0.000000,0.000000,0.000000,0.000000,0.000000,0.000000,0.000000,8.000000,42.970000
1777668281.951482,0,0.000000,0.000000,0.000000,0.000000,0.000000,0.000000,0.000000,0.000000,8.000000,42.970000
1777668281.970791,0,0.000000,0.000000,0.000000,0.000000,0.000000,0.000000,0.000000,0.000000,8.000000,42.990000
1777668281.971451,0,0.000000,0.000000,0.000000,0.000000,0.000000,0.000000,0.000000,0.000000,8.000000,43.000000
1777668281.982003,0,0.000000,0.000000,0.000000,0.000000,0.000000,0.000000,0.000000,0.000000,8.000000,43.000000
1777668282.002276,0,0.000000,0.000000,0.000000,0.000000,0.000000,0.000000,0.000000,0.000000,8.000000,43.020000
1777668282.002990,0,0.000000,0.000000,0.000000,0.000000,0.000000,0.000000,0.000000,0.000000,8.000000,43.020000
1777668282.021226,0,0.000000,0.000000,0.000000,0.000000,0.000000,0.000000,0.000000,0.000000,8.000000,43.040000
1777668282.032325,0,0.000000,0.000000,0.000000,0.000000,0.000000,0.000000,0.000000,0.000000,8.000000,43.040000
1777668282.043801,0,0.000000,0.000000,0.000000,0.000000,0.000000,0.000000,0.000000,0.000000,8.000000,43.060000
1777668282.055202,0,0.000000,0.000000,0.000000,0.000000,0.000000,0.000000,0.000000,0.000000,8.000000,43.060000
1777668282.055753,0,0.000000,0.000000,0.000000,0.000000,0.000000,0.000000,0.000000,0.000000,8.000000,43.060000
1777668282.072896,0,0.000000,0.000000,0.000000,0.000000,0.000000,0.000000,0.000000,0.000000,8.000000,43.080000
1777668282.073754,0,0.000000,0.000000,0.000000,0.000000,0.000000,0.000000,0.000000,0.000000,8.000000,43.090000
1777668282.083404,0,0.000000,0.000000,0.000000,0.000000,0.000000,0.000000,0.000000,0.000000,8.000000,43.090000
1777668282.100319,0,0.000000,0.000000,0.000000,0.000000,0.000000,0.000000,0.000000,0.000000,8.000000,43.110000
1777668282.100926,0,0.000000,0.000000,0.000000,0.000000,0.000000,0.000000,0.000000,0.000000,8.000000,43.110000
1777668282.117765,0,0.000000,0.000000,0.000000,0.000000,0.000000,0.000000,0.000000,0.000000,8.000000,43.130000
1777668282.127798,0,0.000000,0.000000,0.000000,0.000000,0.000000,0.000000,0.000000,0.000000,8.000000,43.130000
1777668282.137961,0,0.000000,0.000000,0.000000,0.000000,0.000000,0.000000,0.000000,0.000000,8.000000,43.150000
1777668282.147961,0,0.000000,0.000000,0.000000,0.000000,0.000000,0.000000,0.000000,0.000000,8.000000,43.150000
1777668282.158806,0,0.000000,0.000000,0.000000,0.000000,0.000000,0.000000,0.000000,0.000000,8.000000,43.160000
1777668282.168691,0,0.000000,0.000000,0.000000,0.000000,0.000000,0.000000,0.000000,0.000000,8.000000,43.180000
1777668282.179804,0,0.000000,0.000000,0.000000,0.000000,0.000000,0.000000,0.000000,0.000000,8.000000,43.180000
1777668282.191852,0,0.000000,0.000000,0.000000,0.000000,0.000000,0.000000,0.000000,0.000000,8.000000,43.200000
1777668282.203642,0,0.000000,0.000000,0.000000,0.000000,0.000000,0.000000,0.000000,0.000000,8.000000,43.200000
1777668282.215933,0,0.000000,0.000000,0.000000,0.000000,0.000000,0.000000,0.000000,0.000000,8.000000,43.220000
1777668282.227066,0,0.000000,0.000000,0.000000,0.000000,0.000000,0.000000,0.000000,0.000000,8.000000,43.220000
1777668282.227558,0,0.000000,0.000000,0.000000,0.000000,0.000000,0.000000,0.000000,0.000000,8.000000,43.240000
1777668282.238880,0,0.000000,0.000000,0.000000,0.000000,0.000000,0.000000,0.000000,0.000000,8.000000,43.250000
1777668282.250260,0,0.000000,0.000000,0.000000,0.000000,0.000000,0.000000,0.000000,0.000000,8.000000,43.250000
1777668282.262154,0,0.000000,0.000000,0.000000,0.000000,0.000000,0.000000,0.000000,0.000000,8.000000,43.270000
1777668282.274132,0,0.000000,0.000000,0.000000,0.000000,0.000000,0.000000,0.000000,0.000000,8.000000,43.270000
1777668282.274618,0,0.000000,0.000000,0.000000,0.000000,0.000000,0.000000,0.000000,0.000000,8.000000,43.290000
1777668282.285340,0,0.000000,0.000000,0.000000,0.000000,0.000000,0.000000,0.000000,0.000000,8.000000,43.290000
1777668282.296003,0,0.000000,0.000000,0.000000,0.000000,0.000000,0.000000,0.000000,0.000000,8.000000,43.310000
1777668282.306034,0,0.000000,0.000000,0.000000,0.000000,0.000000,0.000000,0.000000,0.000000,8.000000,43.310000
1777668282.316359,0,0.000000,0.000000,0.000000,0.000000,0.000000,0.000000,0.000000,0.000000,8.000000,43.330000
1777668282.326984,0,0.000000,0.000000,0.000000,0.000000,0.000000,0.000000,0.000000,0.000000,8.000000,43.340000
1777668282.336938,0,0.000000,0.000000,0.000000,0.000000,0.000000,0.000000,0.000000,0.000000,8.000000,43.340000
1777668282.348072,0,0.000000,0.000000,0.000000,0.000000,0.000000,0.000000,0.000000,0.000000,8.000000,43.360000
1777668282.359293,0,0.000000,0.000000,0.000000,0.000000,0.000000,0.000000,0.000000,0.000000,8.000000,43.360000
1777668282.369096,0,0.000000,0.000000,0.000000,0.000000,0.000000,0.000000,0.000000,0.000000,8.000000,43.380000
1777668282.369571,0,0.000000,0.000000,0.000000,0.000000,0.000000,0.000000,0.000000,0.000000,8.000000,43.380000
1777668282.388538,0,0.000000,0.000000,0.000000,0.000000,0.000000,0.000000,0.000000,0.000000,8.000000,43.400000
1777668282.389144,0,0.000000,0.000000,0.000000,0.000000,0.000000,0.000000,0.000000,0.000000,8.000000,43.400000
1777668282.407776,0,0.000000,0.000000,0.000000,0.000000,0.000000,0.000000,0.000000,0.000000,8.000000,43.410000
1777668282.408457,0,0.000000,0.000000,0.000000,0.000000,0.000000,0.000000,0.000000,0.000000,8.000000,43.430000
1777668282.426816,0,0.000000,0.000000,0.000000,0.000000,0.000000,0.000000,0.000000,0.000000,8.000000,43.430000
1777668282.427479,0,0.000000,0.000000,0.000000,0.000000,0.000000,0.000000,0.000000,0.000000,8.000000,43.450000
1777668282.446284,0,0.000000,0.000000,0.000000,0.000000,0.000000,0.000000,0.000000,0.000000,8.000000,43.450000
1777668282.446986,0,0.000000,0.000000,0.000000,0.000000,0.000000,0.000000,0.000000,0.000000,8.000000,43.470000
1777668282.465804,0,0.000000,0.000000,0.000000,0.000000,0.000000,0.000000,0.000000,0.000000,8.000000,43.470000
1777668282.466479,0,0.000000,0.000000,0.000000,0.000000,0.000000,0.000000,0.000000,0.000000,8.000000,43.490000
1777668282.484823,0,0.000000,0.000000,0.000000,0.000000,0.000000,0.000000,0.000000,0.000000,8.000000,43.500000
1777668282.495818,0,0.000000,0.000000,0.000000,0.000000,0.000000,0.000000,0.000000,0.000000,8.000000,43.500000
1777668282.506382,0,0.000000,0.000000,0.000000,0.000000,0.000000,0.000000,0.000000,0.000000,8.000000,43.520000
1777668282.515514,0,0.000000,0.000000,0.000000,0.000000,0.000000,0.000000,0.000000,0.000000,8.000000,43.520000
1777668282.525524,0,0.000000,0.000000,0.000000,0.000000,0.000000,0.000000,0.000000,0.000000,8.000000,43.540000
1777668282.535740,0,0.000000,0.000000,0.000000,0.000000,0.000000,0.000000,0.000000,0.000000,8.000000,43.540000
1777668282.545897,0,0.000000,0.000000,0.000000,0.000000,0.000000,0.000000,0.000000,0.000000,8.000000,43.560000
1777668282.555825,0,0.000000,0.000000,0.000000,0.000000,0.000000,0.000000,0.000000,0.000000,8.000000,43.560000
1777668282.565485,0,0.000000,0.000000,0.000000,0.000000,0.000000,0.000000,0.000000,0.000000,8.000000,43.580000
1777668282.565957,0,0.000000,0.000000,0.000000,0.000000,0.000000,0.000000,0.000000,0.000000,8.000000,43.590000
1777668282.581776,0,0.000000,0.000000,0.000000,0.000000,0.000000,0.000000,0.000000,0.000000,8.000000,43.590000
1777668282.599117,0,0.000000,0.000000,0.000000,0.000000,0.000000,0.000000,0.000000,0.000000,8.000000,43.610000
1777668282.599734,0,0.000000,0.000000,0.000000,0.000000,0.000000,0.000000,0.000000,0.000000,8.000000,43.610000
1777668282.616225,0,0.000000,0.000000,0.000000,0.000000,0.000000,0.000000,0.000000,0.000000,8.000000,43.630000
1777668282.616838,0,0.000000,0.000000,0.000000,0.000000,0.000000,0.000000,0.000000,0.000000,8.000000,43.630000
1777668282.637076,0,0.000000,0.000000,0.000000,0.000000,0.000000,0.000000,0.000000,0.000000,8.000000,43.650000
1777668282.637562,0,0.000000,0.000000,0.000000,0.000000,0.000000,0.000000,0.000000,0.000000,8.000000,43.650000
1777668282.657791,0,0.000000,0.000000,0.000000,0.000000,0.000000,0.000000,0.000000,0.000000,8.000000,43.660000
1777668282.658456,0,0.000000,0.000000,0.000000,0.000000,0.000000,0.000000,0.000000,0.000000,8.000000,43.680000
1777668282.676415,0,0.000000,0.000000,0.000000,0.000000,0.000000,0.000000,0.000000,0.000000,8.000000,43.680000
1777668282.677227,0,0.000000,0.000000,0.000000,0.000000,0.000000,0.000000,0.000000,0.000000,8.000000,43.700000
1777668282.698049,0,0.000000,0.000000,0.000000,0.000000,0.000000,0.000000,0.000000,0.000000,8.000000,43.700000
1777668282.698944,0,0.000000,0.000000,0.000000,0.000000,0.000000,0.000000,0.000000,0.000000,8.000000,43.720000
1777668282.718040,0,0.000000,0.000000,0.000000,0.000000,0.000000,0.000000,0.000000,0.000000,8.000000,43.720000
1777668282.719094,0,0.000000,0.000000,0.000000,0.000000,0.000000,0.000000,0.000000,0.000000,8.000000,43.740000
1777668282.719682,0,0.000000,0.000000,0.000000,0.000000,0.000000,0.000000,0.000000,0.000000,8.000000,43.750000
1777668282.736947,0,0.000000,0.000000,0.000000,0.000000,0.000000,0.000000,0.000000,0.000000,8.000000,43.750000
1777668282.753479,0,0.000000,0.000000,0.000000,0.000000,0.000000,0.000000,0.000000,0.000000,8.000000,43.770000
1777668282.754081,0,0.000000,0.000000,0.000000,0.000000,0.000000,0.000000,0.000000,0.000000,8.000000,43.770000
1777668282.771942,0,0.000000,0.000000,0.000000,0.000000,0.000000,0.000000,0.000000,0.000000,8.000000,43.790000
1777668282.789742,0,0.000000,0.000000,0.000000,0.000000,0.000000,0.000000,0.000000,0.000000,8.000000,43.790000
1777668282.790362,0,0.000000,0.000000,0.000000,0.000000,0.000000,0.000000,0.000000,0.000000,8.000000,43.810000
1777668282.807546,0,0.000000,0.000000,0.000000,0.000000,0.000000,0.000000,0.000000,0.000000,8.000000,43.810000
1777668282.808174,0,0.000000,0.000000,0.000000,0.000000,0.000000,0.000000,0.000000,0.000000,8.000000,43.830000
1777668282.824386,0,0.000000,0.000000,0.000000,0.000000,0.000000,0.000000,0.000000,0.000000,8.000000,43.840000
1777668282.825015,0,0.000000,0.000000,0.000000,0.000000,0.000000,0.000000,0.000000,0.000000,8.000000,43.840000
1777668282.841783,0,0.000000,0.000000,0.000000,0.000000,0.000000,0.000000,0.000000,0.000000,8.000000,43.860000
1777668282.860137,0,0.000000,0.000000,0.000000,0.000000,0.000000,0.000000,0.000000,0.000000,8.000000,43.860000
1777668282.861332,0,0.000000,0.000000,0.000000,0.000000,0.000000,0.000000,0.000000,0.000000,8.000000,43.880000
1777668282.880917,0,0.000000,0.000000,0.000000,0.000000,0.000000,0.000000,0.000000,0.000000,8.000000,43.880000
1777668282.882186,0,0.000000,0.000000,0.000000,0.000000,0.000000,0.000000,0.000000,0.000000,8.000000,43.900000
1777668282.902288,0,0.000000,0.000000,0.000000,0.000000,0.000000,0.000000,0.000000,0.000000,8.000000,43.900000
1777668282.902809,0,0.000000,0.000000,0.000000,0.000000,0.000000,0.000000,0.000000,0.000000,8.000000,43.910000
1777668282.903420,0,0.000000,0.000000,0.000000,0.000000,0.000000,0.000000,0.000000,0.000000,8.000000,43.930000
1777668282.922036,0,0.000000,0.000000,0.000000,0.000000,0.000000,0.000000,0.000000,0.000000,8.000000,43.930000
1777668282.944299,0,0.000000,0.000000,0.000000,0.000000,0.000000,0.000000,0.000000,0.000000,8.000000,43.950000
1777668282.945611,0,0.000000,0.000000,0.000000,0.000000,0.000000,0.000000,0.000000,0.000000,8.000000,43.950000
1777668282.946117,0,0.000000,0.000000,0.000000,0.000000,0.000000,0.000000,0.000000,0.000000,8.000000,43.970000
1777668282.964100,0,0.000000,0.000000,0.000000,0.000000,0.000000,0.000000,0.000000,0.000000,8.000000,43.970000
1777668282.964720,0,0.000000,0.000000,0.000000,0.000000,0.000000,0.000000,0.000000,0.000000,8.000000,43.990000
1777668282.980670,0,0.000000,0.000000,0.000000,0.000000,0.000000,0.000000,0.000000,0.000000,8.000000,44.000000
1777668282.997585,0,0.000000,0.000000,0.000000,0.000000,0.000000,0.000000,0.000000,0.000000,8.000000,44.000000
1777668283.007562,0,0.000000,0.000000,0.000000,0.000000,0.000000,0.000000,0.000000,0.000000,8.000000,44.020000
1777668283.008106,0,0.000000,0.000000,0.000000,0.000000,0.000000,0.000000,0.000000,0.000000,8.000000,44.020000
1777668283.024140,0,0.000000,0.000000,0.000000,0.000000,0.000000,0.000000,0.000000,0.000000,8.000000,44.040000
1777668283.024746,0,0.000000,0.000000,0.000000,0.000000,0.000000,0.000000,0.000000,0.000000,8.000000,44.040000
1777668283.041933,0,0.000000,0.000000,0.000000,0.000000,0.000000,0.000000,0.000000,0.000000,8.000000,44.060000
1777668283.042520,0,0.000000,0.000000,0.000000,0.000000,0.000000,0.000000,0.000000,0.000000,8.000000,44.060000
1777668283.058484,0,0.000000,0.000000,0.000000,0.000000,0.000000,0.000000,0.000000,0.000000,8.000000,44.080000
1777668283.077268,0,0.000000,0.000000,0.000000,0.000000,0.000000,0.000000,0.000000,0.000000,8.000000,44.090000
1777668283.088433,0,0.000000,0.000000,0.000000,0.000000,0.000000,0.000000,0.000000,0.000000,8.000000,44.090000
1777668283.089503,0,0.000000,0.000000,0.000000,0.000000,0.000000,0.000000,0.000000,0.000000,8.000000,44.110000
1777668283.101666,0,0.000000,0.000000,0.000000,0.000000,0.000000,0.000000,0.000000,0.000000,8.000000,44.110000
1777668283.114648,0,0.000000,0.000000,0.000000,0.000000,0.000000,0.000000,0.000000,0.000000,8.000000,44.130000
1777668283.127105,0,0.000000,0.000000,0.000000,0.000000,0.000000,0.000000,0.000000,0.000000,8.000000,44.130000
1777668283.128139,0,0.000000,0.000000,0.000000,0.000000,0.000000,0.000000,0.000000,0.000000,8.000000,44.150000
1777668283.139216,0,0.000000,0.000000,0.000000,0.000000,0.000000,0.000000,0.000000,0.000000,8.000000,44.150000
1777668283.150758,0,0.000000,0.000000,0.000000,0.000000,0.000000,0.000000,0.000000,0.000000,8.000000,44.160000
1777668283.162816,0,0.000000,0.000000,0.000000,0.000000,0.000000,0.000000,0.000000,0.000000,8.000000,44.180000
1777668283.174088,0,0.000000,0.000000,0.000000,0.000000,0.000000,0.000000,0.000000,0.000000,8.000000,44.180000
1777668283.185603,0,0.000000,0.000000,0.000000,0.000000,0.000000,0.000000,0.000000,0.000000,8.000000,44.180000
1777668283.195932,0,0.000000,0.000000,0.000000,0.000000,0.000000,0.000000,0.000000,0.000000,8.000000,44.200000
1777668283.196383,0,0.000000,0.000000,0.000000,0.000000,0.000000,0.000000,0.000000,0.000000,8.000000,44.200000
1777668283.206349,0,0.000000,0.000000,0.000000,0.000000,0.000000,0.000000,0.000000,0.000000,8.000000,44.220000
1777668283.222909,0,0.000000,0.000000,0.000000,0.000000,0.000000,0.000000,0.000000,0.000000,8.000000,44.220000
1777668283.223421,0,0.000000,0.000000,0.000000,0.000000,0.000000,0.000000,0.000000,0.000000,8.000000,44.250000
1777668283.240753,0,0.000000,0.000000,0.000000,0.000000,0.000000,0.000000,0.000000,0.000000,8.000000,44.250000
1777668283.241556,0,0.000000,0.000000,0.000000,0.000000,0.000000,0.000000,0.000000,0.000000,8.000000,44.250000
1777668283.241938,0,0.000000,0.000000,0.000000,0.000000,0.000000,0.000000,0.000000,0.000000,8.000000,44.270000
1777668283.258863,0,0.000000,0.000000,0.000000,0.000000,0.000000,0.000000,0.000000,0.000000,8.000000,44.270000
1777668283.275430,0,0.000000,0.000000,0.000000,0.000000,0.000000,0.000000,0.000000,0.000000,8.000000,44.290000
1777668283.276025,0,0.000000,0.000000,0.000000,0.000000,0.000000,0.000000,0.000000,0.000000,8.000000,44.290000
1777668283.294767,0,0.000000,0.000000,0.000000,0.000000,0.000000,0.000000,0.000000,0.000000,8.000000,44.310000
1777668283.306539,0,0.000000,0.000000,0.000000,0.000000,0.000000,0.000000,0.000000,0.000000,8.000000,44.310000
1777668283.317110,0,0.000000,0.000000,0.000000,0.000000,0.000000,0.000000,0.000000,0.000000,8.000000,44.330000
1777668283.329150,0,0.000000,0.000000,0.000000,0.000000,0.000000,0.000000,0.000000,0.000000,8.000000,44.340000
1777668283.340189,0,0.000000,0.000000,0.000000,0.000000,0.000000,0.000000,0.000000,0.000000,8.000000,44.340000
1777668283.352410,0,0.000000,0.000000,0.000000,0.000000,0.000000,0.000000,0.000000,0.000000,8.000000,44.360000
1777668283.353070,0,5.000000,0.000000,0.000000,0.000000,0.000000,0.000000,0.000000,0.000000,8.000000,44.360000
1777668283.372920,0,5.000000,0.000000,5.000000,0.000000,0.000000,0.000000,0.000000,0.000000,8.000000,44.380000
1777668283.373399,0,5.000000,0.000000,5.000000,0.000000,0.000000,0.000000,0.000000,0.000000,8.000000,44.380000
1777668283.373958,0,5.000000,0.000000,5.000000,0.000000,0.000000,0.000000,0.000000,0.000000,8.000000,44.400000
1777668283.394037,0,5.000000,0.000000,5.000000,0.000000,0.000000,0.000000,0.000000,0.000000,8.000000,44.400000
1777668283.413731,0,5.000000,0.000000,5.000000,0.000000,0.000000,0.000000,0.000000,0.000000,8.000000,44.410000
1777668283.414416,0,5.000000,0.000000,5.000000,0.000000,0.000000,0.000000,0.000000,0.000000,8.000000,44.430000
1777668283.430756,0,5.000000,0.000000,5.000000,0.000000,0.000000,0.000000,0.000000,0.000000,8.000000,44.430000
1777668283.431326,0,5.000000,0.000000,5.000000,0.000000,0.000000,0.000000,0.000000,0.000000,8.000000,44.450000
1777668283.440757,0,5.000000,0.000000,5.000000,0.000000,0.000000,0.000000,0.000000,0.000000,8.000000,44.450000
1777668283.458181,0,5.000000,0.000000,5.000000,0.000000,0.000000,0.000000,0.000000,0.000000,8.000000,44.470000
1777668283.459012,0,5.000000,0.000000,5.000000,0.000000,0.000000,0.000000,0.000000,0.000000,8.000000,44.470000
1777668283.476383,0,5.000000,0.000000,5.000000,0.000000,0.000000,0.000000,0.000000,0.000000,8.000000,44.490000
1777668283.476845,0,5.000000,0.000000,5.000000,0.000000,0.000000,0.000000,0.000000,0.000000,8.000000,44.500000
1777668283.496385,0,5.000000,0.000000,5.000000,0.000000,0.000000,0.000000,0.000000,0.000000,8.000000,44.500000
1777668283.514752,0,5.000000,0.000000,5.000000,0.000000,0.000000,0.000000,0.000000,0.000000,8.000000,44.520000
1777668283.515213,0,5.000000,0.000000,5.000000,0.000000,0.000000,0.000000,0.000000,0.000000,8.000000,44.520000
1777668283.515707,0,5.000000,0.000000,5.000000,0.000000,0.000000,0.000000,0.000000,0.000000,8.000000,44.540000
1777668283.534432,0,5.000000,0.000000,5.000000,0.000000,0.000000,0.000000,0.000000,0.000000,8.000000,44.540000
1777668283.535083,0,5.000000,0.000000,5.000000,0.000000,0.000000,0.000000,0.000000,0.000000,8.000000,44.560000
1777668283.552420,0,5.000000,0.000000,5.000000,0.000000,0.000000,0.000000,0.000000,0.000000,8.000000,44.560000
1777668283.570960,0,5.000000,0.000000,5.000000,0.000000,0.000000,0.000000,0.000000,0.000000,8.000000,44.580000
1777668283.590251,0,5.000000,0.000000,5.000000,0.000000,0.000000,0.000000,0.000000,0.000000,8.000000,44.590000
1777668283.590750,0,5.000000,0.000000,5.000000,0.000000,0.000000,0.000000,0.000000,0.000000,8.000000,44.590000
1777668283.591314,0,5.000000,0.000000,5.000000,0.000000,0.000000,0.000000,0.000000,0.000000,8.000000,44.610000
1777668283.610833,0,5.000000,0.000000,5.000000,0.000000,0.000000,0.000000,0.000000,0.000000,8.000000,44.610000
1777668283.611504,0,5.000000,0.000000,5.000000,0.000000,0.000000,0.000000,0.000000,0.000000,8.000000,44.630000
1777668283.629438,0,5.000000,0.000000,5.000000,0.000000,0.000000,0.000000,0.000000,0.000000,8.000000,44.630000
1777668283.629921,0,5.000000,0.000000,5.000000,0.000000,0.000000,0.000000,0.000000,0.000000,8.000000,44.650000
1777668283.645957,0,5.000000,0.000000,5.000000,0.000000,0.000000,0.000000,0.000000,0.000000,8.000000,44.650000
1777668283.662762,0,5.000000,0.000000,5.000000,0.000000,0.000000,0.000000,0.000000,0.000000,8.000000,44.660000
1777668283.663315,0,5.000000,0.000000,5.000000,0.000000,0.000000,0.000000,0.000000,0.000000,8.000000,44.680000
1777668283.680193,0,5.000000,0.000000,5.000000,0.000000,0.000000,0.000000,0.000000,0.000000,8.000000,44.680000
1777668283.680828,0,5.000000,0.000000,5.000000,0.000000,0.000000,0.000000,0.000000,0.000000,8.000000,44.700000
1777668283.697967,0,5.000000,0.000000,5.000000,0.000000,0.000000,0.000000,0.000000,0.000000,8.000000,44.700000
1777668283.698563,0,5.000000,0.000000,5.000000,0.000000,0.000000,0.000000,0.000000,0.000000,8.000000,44.720000
1777668283.716055,0,5.000000,0.000000,5.000000,0.000000,0.000000,0.000000,0.000000,0.000000,8.000000,44.720000
1777668283.725964,0,5.000000,0.000000,5.000000,0.000000,0.000000,0.000000,0.000000,0.000000,8.000000,44.740000
1777668283.736602,0,5.000000,0.000000,5.000000,0.000000,0.000000,0.000000,0.000000,0.000000,8.000000,44.750000
1777668283.746218,0,5.000000,0.000000,5.000000,0.000000,0.000000,0.000000,0.000000,0.000000,8.000000,44.750000
1777668283.756363,0,5.000000,0.000000,5.000000,0.000000,0.000000,0.000000,0.000000,0.000000,8.000000,44.770000
1777668283.776476,0,5.000000,0.000000,5.000000,0.000000,0.000000,0.000000,0.000000,0.000000,8.000000,44.770000
1777668283.777144,0,5.000000,0.000000,5.000000,0.000000,0.000000,0.000000,0.000000,0.000000,8.000000,44.790000
1777668283.788278,0,5.000000,0.000000,5.000000,0.000000,0.000000,0.000000,0.000000,0.000000,8.000000,44.790000
1777668283.799272,0,5.000000,0.000000,5.000000,0.000000,0.000000,0.000000,0.000000,0.000000,8.000000,44.810000
1777668283.811064,0,5.000000,0.000000,5.000000,0.000000,0.000000,0.000000,0.000000,0.000000,8.000000,44.810000
1777668283.829750,0,5.000000,0.000000,5.000000,0.000000,0.000000,0.000000,0.000000,0.000000,8.000000,44.830000
1777668283.830235,0,5.000000,0.000000,5.000000,0.000000,0.000000,0.000000,0.000000,0.000000,8.000000,44.840000
1777668283.830616,0,5.000000,0.000000,5.000000,0.000000,0.000000,0.000000,0.000000,0.000000,8.000000,44.840000
1777668283.848215,0,5.000000,0.000000,5.000000,0.000000,0.000000,0.000000,0.000000,0.000000,8.000000,44.860000
1777668283.848868,0,5.000000,0.000000,5.000000,0.000000,0.000000,0.000000,0.000000,0.000000,8.000000,44.860000
1777668283.866637,0,5.000000,0.000000,5.000000,0.000000,0.000000,0.000000,0.000000,0.000000,8.000000,44.880000
1777668283.867136,0,5.000000,0.000000,5.000000,0.000000,0.000000,0.000000,0.000000,0.000000,8.000000,44.880000
1777668283.882964,0,5.000000,0.000000,5.000000,0.000000,0.000000,0.000000,0.000000,0.000000,8.000000,44.900000
1777668283.883423,0,5.000000,0.000000,5.000000,0.000000,0.000000,0.000000,0.000000,0.000000,8.000000,44.900000
1777668283.903872,0,5.000000,0.000000,5.000000,0.000000,0.000000,0.000000,0.000000,0.000000,8.000000,44.910000
1777668283.912956,0,5.000000,0.000000,5.000000,0.000000,0.000000,0.000000,0.000000,0.000000,8.000000,44.930000
1777668283.922886,0,5.000000,0.000000,5.000000,0.000000,0.000000,0.000000,0.000000,0.000000,8.000000,44.930000
1777668283.939684,0,5.000000,0.000000,5.000000,0.000000,0.000000,0.000000,0.000000,0.000000,8.000000,44.950000
1777668283.940181,0,5.000000,0.000000,5.000000,0.000000,0.000000,0.000000,0.000000,0.000000,8.000000,44.950000
1777668283.940528,0,5.000000,0.000000,5.000000,0.000000,0.000000,0.000000,0.000000,0.000000,8.000000,44.970000
1777668283.956932,0,5.000000,0.000000,5.000000,0.000000,0.000000,0.000000,0.000000,0.000000,8.000000,44.970000
1777668283.973578,0,5.000000,0.000000,5.000000,0.000000,0.000000,0.000000,0.000000,0.000000,8.000000,44.990000
1777668283.990529,0,5.000000,0.000000,5.000000,0.000000,0.000000,0.000000,0.000000,0.000000,8.000000,45.000000
1777668283.991117,0,5.000000,0.000000,5.000000,0.000000,0.000000,0.000000,0.000000,0.000000,8.000000,45.000000
1777668284.010081,0,5.000000,0.000000,5.000000,0.000000,0.000000,0.000000,0.000000,0.000000,8.000000,45.020000
1777668284.010616,0,5.000000,0.000000,5.000000,0.000000,0.000000,0.000000,0.000000,0.000000,8.000000,45.020000
1777668284.011167,0,5.000000,0.000000,5.000000,0.000000,0.000000,0.000000,0.000000,0.000000,8.000000,45.040000
1777668284.029516,0,5.000000,0.000000,5.000000,0.000000,0.000000,0.000000,0.000000,0.000000,8.000000,45.040000
1777668284.048782,0,5.000000,0.000000,5.000000,0.000000,0.000000,0.000000,0.000000,0.000000,8.000000,45.060000
1777668284.049897,0,5.000000,0.000000,5.000000,0.000000,0.000000,0.000000,0.000000,0.000000,8.000000,45.060000
1777668284.068951,0,5.000000,0.000000,5.000000,0.000000,0.000000,0.000000,0.000000,0.000000,8.000000,45.080000
1777668284.070282,0,5.000000,0.000000,5.000000,0.000000,0.000000,0.000000,0.000000,0.000000,8.000000,45.090000
1777668284.092312,0,5.000000,0.000000,5.000000,0.000000,0.000000,0.000000,0.000000,0.000000,8.000000,45.090000
1777668284.093853,0,5.000000,0.000000,5.000000,0.000000,0.000000,0.000000,0.000000,0.000000,8.000000,45.110000
1777668284.094270,0,5.000000,0.000000,5.000000,0.000000,0.000000,0.000000,0.000000,0.000000,8.000000,45.110000
1777668284.113540,0,5.000000,0.000000,5.000000,0.000000,0.000000,0.000000,0.000000,0.000000,8.000000,45.130000
1777668284.114533,0,5.000000,0.000000,5.000000,0.000000,0.000000,0.000000,0.000000,0.000000,8.000000,45.130000
1777668284.123889,0,5.000000,0.000000,5.000000,0.000000,0.000000,0.000000,0.000000,0.000000,8.000000,45.150000
1777668284.142892,0,5.000000,0.000000,5.000000,0.000000,0.000000,0.000000,0.000000,0.000000,8.000000,45.150000
1777668284.152218,0,5.000000,0.000000,5.000000,0.000000,0.000000,0.000000,0.000000,0.000000,8.000000,45.160000
1777668284.162045,0,5.000000,0.000000,5.000000,0.000000,0.000000,0.000000,0.000000,0.000000,8.000000,45.180000
1777668284.172524,0,5.000000,0.000000,5.000000,0.000000,0.000000,0.000000,0.000000,0.000000,8.000000,45.180000
1777668284.189974,0,5.000000,0.000000,5.000000,0.000000,0.000000,0.000000,0.000000,0.000000,8.000000,45.200000
1777668284.190416,0,5.000000,0.000000,5.000000,0.000000,0.000000,0.000000,0.000000,0.000000,8.000000,45.200000
1777668284.191316,0,5.000000,0.000000,5.000000,0.000000,0.000000,0.000000,0.000000,0.000000,8.000000,45.220000
1777668284.208886,0,5.000000,0.000000,5.000000,0.000000,0.000000,0.000000,0.000000,0.000000,8.000000,45.220000
1777668284.226940,0,5.000000,0.000000,5.000000,0.000000,0.000000,0.000000,0.000000,0.000000,8.000000,45.240000
1777668284.227384,0,5.000000,0.000000,5.000000,0.000000,0.000000,0.000000,0.000000,0.000000,8.000000,45.250000
1777668284.228296,0,5.000000,0.000000,5.000000,0.000000,0.000000,0.000000,0.000000,0.000000,8.000000,45.250000
1777668284.246630,0,5.000000,0.000000,5.000000,0.000000,0.000000,0.000000,0.000000,0.000000,8.000000,45.270000
1777668284.265827,0,5.000000,0.000000,5.000000,0.000000,0.000000,0.000000,0.000000,0.000000,8.000000,45.270000
1777668284.267845,0,5.000000,0.000000,5.000000,0.000000,0.000000,0.000000,0.000000,0.000000,8.000000,45.290000
1777668284.292797,0,5.000000,0.000000,5.000000,0.000000,0.000000,0.000000,0.000000,0.000000,8.000000,45.290000
1777668284.294323,0,5.000000,0.000000,5.000000,0.000000,0.000000,0.000000,0.000000,0.000000,8.000000,45.310000
1777668284.318043,0,5.000000,0.000000,5.000000,0.000000,0.000000,0.000000,0.000000,0.000000,8.000000,45.310000
1777668284.318940,0,5.000000,0.000000,5.000000,0.000000,0.000000,0.000000,0.000000,0.000000,8.000000,45.330000
1777668284.319613,0,5.000000,0.000000,5.000000,0.000000,0.000000,0.000000,0.000000,0.000000,8.000000,45.340000
1777668284.338257,0,5.000000,0.000000,5.000000,0.000000,0.000000,0.000000,0.000000,0.000000,8.000000,45.340000
1777668284.348121,0,5.000000,0.000000,5.000000,0.000000,0.000000,0.000000,0.000000,0.000000,8.000000,45.360000
1777668284.358983,0,5.000000,0.000000,5.000000,0.000000,0.000000,0.000000,0.000000,0.000000,8.000000,45.360000
1777668284.369986,0,5.000000,0.000000,5.000000,0.000000,0.000000,0.000000,0.000000,0.000000,8.000000,45.380000
1777668284.379707,0,5.000000,0.000000,5.000000,0.000000,0.000000,0.000000,0.000000,0.000000,8.000000,45.380000
1777668284.380161,0,5.000000,0.000000,5.000000,0.000000,0.000000,0.000000,0.000000,0.000000,8.000000,45.400000
1777668284.396741,0,5.000000,0.000000,5.000000,0.000000,0.000000,0.000000,0.000000,0.000000,8.000000,45.400000
1777668284.397182,0,5.000000,0.000000,5.000000,0.000000,0.000000,0.000000,0.000000,0.000000,8.000000,45.410000
1777668284.413992,0,5.000000,0.000000,5.000000,0.000000,0.000000,0.000000,0.000000,0.000000,8.000000,45.430000
1777668284.431955,0,5.000000,0.000000,5.000000,0.000000,0.000000,0.000000,0.000000,0.000000,8.000000,45.430000
1777668284.432711,0,5.000000,0.000000,5.000000,0.000000,0.000000,0.000000,0.000000,0.000000,8.000000,45.450000
1777668284.451887,0,5.000000,0.000000,5.000000,0.000000,0.000000,0.000000,0.000000,0.000000,8.000000,45.450000
1777668284.452570,0,5.000000,0.000000,5.000000,0.000000,0.000000,0.000000,0.000000,0.000000,8.000000,45.470000
1777668284.453138,0,5.000000,0.000000,5.000000,0.000000,0.000000,0.000000,0.000000,0.000000,8.000000,45.470000
1777668284.472942,0,5.000000,0.000000,5.000000,0.000000,0.000000,0.000000,0.000000,0.000000,8.000000,45.490000
1777668284.484393,0,5.000000,0.000000,5.000000,0.000000,0.000000,0.000000,0.000000,0.000000,8.000000,45.500000
1777668284.485115,0,5.000000,0.000000,5.000000,0.000000,0.000000,0.000000,0.000000,0.000000,8.000000,45.500000
1777668284.507831,0,5.000000,0.000000,5.000000,0.000000,0.000000,0.000000,0.000000,0.000000,8.000000,45.520000
1777668284.508297,0,5.000000,0.000000,5.000000,0.000000,0.000000,0.000000,0.000000,0.000000,8.000000,45.520000
1777668284.527317,0,5.000000,0.000000,5.000000,0.000000,0.000000,0.000000,0.000000,0.000000,8.000000,45.540000
1777668284.528187,0,5.000000,0.000000,5.000000,0.000000,0.000000,0.000000,0.000000,0.000000,8.000000,45.540000
1777668284.546273,0,5.000000,0.000000,5.000000,0.000000,0.000000,0.000000,0.000000,0.000000,8.000000,45.560000
1777668284.547318,0,5.000000,0.000000,5.000000,0.000000,0.000000,0.000000,0.000000,0.000000,8.000000,45.560000
1777668284.566060,0,5.000000,0.000000,5.000000,0.000000,0.000000,0.000000,0.000000,0.000000,8.000000,45.580000
1777668284.576124,0,5.000000,0.000000,5.000000,0.000000,0.000000,0.000000,0.000000,0.000000,8.000000,45.590000
1777668284.587014,0,5.000000,0.000000,5.000000,0.000000,0.000000,0.000000,0.000000,0.000000,8.000000,45.590000
1777668284.597139,0,5.000000,0.000000,5.000000,0.000000,0.000000,0.000000,0.000000,0.000000,8.000000,45.610000
1777668284.597592,0,5.000000,0.000000,5.000000,0.000000,0.000000,0.000000,0.000000,0.000000,8.000000,45.610000
1777668284.615572,0,5.000000,0.000000,5.000000,0.000000,0.000000,0.000000,0.000000,0.000000,8.000000,45.630000
1777668284.616032,0,5.000000,0.000000,5.000000,0.000000,0.000000,0.000000,0.000000,0.000000,8.000000,45.630000
1777668284.633049,0,5.000000,0.000000,5.000000,0.000000,0.000000,0.000000,0.000000,0.000000,8.000000,45.650000
1777668284.633707,0,5.000000,0.000000,5.000000,0.000000,0.000000,0.000000,0.000000,0.000000,8.000000,45.650000
1777668284.650222,0,5.000000,0.000000,5.000000,0.000000,0.000000,0.000000,0.000000,0.000000,8.000000,45.660000
1777668284.666631,0,5.000000,0.000000,5.000000,0.000000,0.000000,0.000000,0.000000,0.000000,8.000000,45.680000
1777668284.685028,0,5.000000,0.000000,5.000000,0.000000,0.000000,0.000000,0.000000,0.000000,8.000000,45.680000
1777668284.685519,0,5.000000,0.000000,5.000000,0.000000,0.000000,0.000000,0.000000,0.000000,8.000000,45.700000
1777668284.686104,0,5.000000,0.000000,5.000000,0.000000,0.000000,0.000000,0.000000,0.000000,8.000000,45.700000
1777668284.704446,0,5.000000,0.000000,5.000000,0.000000,0.000000,0.000000,0.000000,0.000000,8.000000,45.720000
1777668284.723162,0,5.000000,0.000000,5.000000,0.000000,0.000000,0.000000,0.000000,0.000000,8.000000,45.720000
1777668284.723641,0,5.000000,0.000000,5.000000,0.000000,0.000000,0.000000,0.000000,0.000000,8.000000,45.740000
1777668284.724357,0,5.000000,0.000000,5.000000,0.000000,0.000000,0.000000,0.000000,0.000000,8.000000,45.750000
1777668284.742279,0,5.000000,0.000000,5.000000,0.000000,0.000000,0.000000,0.000000,0.000000,8.000000,45.750000
1777668284.760564,0,5.000000,0.000000,5.000000,0.000000,0.000000,0.000000,0.000000,0.000000,8.000000,45.770000
1777668284.761061,0,5.000000,0.000000,5.000000,0.000000,0.000000,0.000000,0.000000,0.000000,8.000000,45.770000
1777668284.778468,0,5.000000,0.000000,5.000000,0.000000,0.000000,0.000000,0.000000,0.000000,8.000000,45.790000
1777668284.796332,0,5.000000,0.000000,5.000000,0.000000,0.000000,0.000000,0.000000,0.000000,8.000000,45.790000
1777668284.796800,0,5.000000,0.000000,5.000000,0.000000,0.000000,0.000000,0.000000,0.000000,8.000000,45.810000
1777668284.797395,0,5.000000,0.000000,5.000000,0.000000,0.000000,0.000000,0.000000,0.000000,8.000000,45.810000
1777668284.814195,0,5.000000,0.000000,5.000000,0.000000,0.000000,0.000000,0.000000,0.000000,8.000000,45.830000
1777668284.814795,0,5.000000,0.000000,5.000000,0.000000,0.000000,0.000000,0.000000,0.000000,8.000000,45.840000
1777668284.831111,0,5.000000,0.000000,5.000000,0.000000,0.000000,0.000000,0.000000,0.000000,8.000000,45.840000
1777668284.848835,0,5.000000,0.000000,5.000000,0.000000,0.000000,0.000000,0.000000,0.000000,8.000000,45.860000
1777668284.849282,0,5.000000,0.000000,5.000000,0.000000,0.000000,0.000000,0.000000,0.000000,8.000000,45.860000
1777668284.865761,0,5.000000,0.000000,5.000000,0.000000,0.000000,0.000000,0.000000,0.000000,8.000000,45.880000
1777668284.866341,0,5.000000,0.000000,5.000000,0.000000,0.000000,0.000000,0.000000,0.000000,8.000000,45.880000
1777668284.882992,0,5.000000,0.000000,5.000000,0.000000,0.000000,0.000000,0.000000,0.000000,8.000000,45.900000
1777668284.883593,0,5.000000,0.000000,5.000000,0.000000,0.000000,0.000000,0.000000,0.000000,8.000000,45.900000
1777668284.898265,0,5.000000,0.000000,5.000000,0.000000,0.000000,0.000000,0.000000,0.000000,8.000000,45.910000
1777668284.916231,0,5.000000,0.000000,5.000000,0.000000,0.000000,0.000000,0.000000,0.000000,8.000000,45.930000
1777668284.916721,0,5.000000,0.000000,5.000000,0.000000,0.000000,0.000000,0.000000,0.000000,8.000000,45.930000
1777668284.935675,0,5.000000,0.000000,5.000000,0.000000,0.000000,0.000000,0.000000,0.000000,8.000000,45.950000
1777668284.936397,0,5.000000,0.000000,5.000000,0.000000,0.000000,0.000000,0.000000,0.000000,8.000000,45.950000
1777668284.954375,0,5.000000,0.000000,5.000000,0.000000,0.000000,0.000000,0.000000,0.000000,8.000000,45.970000
1777668284.954998,0,5.000000,0.000000,5.000000,0.000000,0.000000,0.000000,0.000000,0.000000,8.000000,45.970000
1777668284.974324,0,5.000000,0.000000,5.000000,0.000000,0.000000,0.000000,0.000000,0.000000,8.000000,45.990000
1777668284.974969,0,5.000000,0.000000,5.000000,0.000000,0.000000,0.000000,0.000000,0.000000,8.000000,46.000000
1777668284.992899,0,5.000000,0.000000,5.000000,0.000000,0.000000,0.000000,0.000000,0.000000,8.000000,46.000000
1777668285.011255,0,5.000000,0.000000,5.000000,0.000000,0.000000,0.000000,0.000000,0.000000,8.000000,46.020000
1777668285.011931,0,5.000000,0.000000,5.000000,0.000000,0.000000,0.000000,0.000000,0.000000,8.000000,46.020000
1777668285.029704,0,5.000000,0.000000,5.000000,0.000000,0.000000,0.000000,0.000000,0.000000,8.000000,46.040000
1777668285.030169,0,5.000000,0.000000,5.000000,0.000000,0.000000,0.000000,0.000000,0.000000,8.000000,46.040000
1777668285.030689,0,5.000000,0.000000,5.000000,0.000000,0.000000,0.000000,0.000000,0.000000,8.000000,46.060000
1777668285.046340,0,5.000000,0.000000,5.000000,0.000000,0.000000,0.000000,0.000000,0.000000,8.000000,46.060000
1777668285.062478,0,5.000000,0.000000,5.000000,0.000000,0.000000,0.000000,0.000000,0.000000,8.000000,46.080000
1777668285.063081,0,5.000000,0.000000,5.000000,0.000000,0.000000,0.000000,0.000000,0.000000,8.000000,46.090000
1777668285.080142,0,5.000000,0.000000,5.000000,0.000000,0.000000,0.000000,0.000000,0.000000,8.000000,46.090000
1777668285.089782,0,5.000000,0.000000,5.000000,0.000000,0.000000,0.000000,0.000000,0.000000,8.000000,46.110000
1777668285.107447,0,5.000000,0.000000,5.000000,0.000000,0.000000,0.000000,0.000000,0.000000,8.000000,46.110000
1777668285.108677,0,5.000000,0.000000,5.000000,0.000000,0.000000,0.000000,0.000000,0.000000,8.000000,46.130000
1777668285.124879,0,5.000000,0.000000,5.000000,0.000000,0.000000,0.000000,0.000000,0.000000,8.000000,46.130000
1777668285.125341,0,5.000000,0.000000,5.000000,0.000000,0.000000,0.000000,0.000000,0.000000,8.000000,46.150000
1777668285.141680,0,5.000000,0.000000,5.000000,0.000000,0.000000,0.000000,0.000000,0.000000,8.000000,46.150000
1777668285.142674,0,5.000000,0.000000,5.000000,0.000000,0.000000,0.000000,0.000000,0.000000,8.000000,46.160000
1777668285.160920,0,5.000000,0.000000,5.000000,0.000000,0.000000,0.000000,0.000000,0.000000,8.000000,46.180000
1777668285.161592,0,5.000000,0.000000,5.000000,0.000000,0.000000,0.000000,0.000000,0.000000,8.000000,46.180000
1777668285.178923,0,5.000000,0.000000,5.000000,0.000000,0.000000,0.000000,0.000000,0.000000,8.000000,46.200000
1777668285.179593,0,5.000000,0.000000,5.000000,0.000000,0.000000,0.000000,0.000000,0.000000,8.000000,46.200000
1777668285.197310,0,5.000000,0.000000,5.000000,0.000000,0.000000,0.000000,0.000000,0.000000,8.000000,46.220000
1777668285.198454,0,5.000000,0.000000,5.000000,0.000000,0.000000,0.000000,0.000000,0.000000,8.000000,46.220000
1777668285.216840,0,5.000000,0.000000,5.000000,0.000000,0.000000,0.000000,0.000000,0.000000,8.000000,46.220000
1777668285.235538,0,5.000000,0.000000,5.000000,0.000000,0.000000,0.000000,0.000000,0.000000,8.000000,46.240000
1777668285.236030,0,5.000000,0.000000,5.000000,0.000000,0.000000,0.000000,0.000000,0.000000,8.000000,46.250000
1777668285.254444,0,5.000000,0.000000,5.000000,0.000000,0.000000,0.000000,0.000000,0.000000,8.000000,46.250000
1777668285.254927,0,5.000000,0.000000,5.000000,0.000000,0.000000,0.000000,0.000000,0.000000,8.000000,46.270000
1777668285.255609,0,5.000000,0.000000,5.000000,0.000000,0.000000,0.000000,0.000000,0.000000,8.000000,46.270000
1777668285.274642,0,5.000000,0.000000,5.000000,0.000000,0.000000,0.000000,0.000000,0.000000,8.000000,46.290000
1777668285.291790,0,5.000000,0.000000,5.000000,0.000000,0.000000,0.000000,0.000000,0.000000,8.000000,46.290000
1777668285.292780,0,5.000000,0.000000,5.000000,0.000000,0.000000,0.000000,0.000000,0.000000,8.000000,46.310000
1777668285.309566,0,5.000000,0.000000,5.000000,0.000000,0.000000,0.000000,0.000000,0.000000,8.000000,46.310000
1777668285.310188,0,5.000000,0.000000,5.000000,0.000000,0.000000,0.000000,0.000000,0.000000,8.000000,46.330000
1777668285.325444,0,5.000000,0.000000,5.000000,0.000000,0.000000,0.000000,0.000000,0.000000,8.000000,46.340000
1777668285.343234,0,5.000000,0.000000,5.000000,0.000000,0.000000,0.000000,0.000000,0.000000,8.000000,46.340000
1777668285.343944,0,5.000000,0.000000,5.000000,0.000000,0.000000,0.000000,0.000000,0.000000,8.000000,46.360000
1777668285.354440,0,5.000000,0.000000,5.000000,0.000000,0.000000,0.000000,0.000000,0.000000,8.000000,46.360000
1777668285.364875,0,5.000000,0.000000,5.000000,0.000000,0.000000,0.000000,0.000000,0.000000,8.000000,46.380000
1777668285.374889,0,5.000000,0.000000,5.000000,0.000000,0.000000,0.000000,0.000000,0.000000,8.000000,46.380000
1777668285.385749,0,5.000000,0.000000,5.000000,0.000000,0.000000,0.000000,0.000000,0.000000,8.000000,46.400000
1777668285.396749,0,5.000000,0.000000,5.000000,0.000000,0.000000,0.000000,0.000000,0.000000,8.000000,46.400000
1777668285.409531,0,5.000000,0.000000,5.000000,0.000000,0.000000,0.000000,0.000000,0.000000,8.000000,46.410000
1777668285.421311,0,5.000000,0.000000,5.000000,0.000000,0.000000,0.000000,0.000000,0.000000,8.000000,46.430000
1777668285.432568,0,5.000000,0.000000,5.000000,0.000000,0.000000,0.000000,0.000000,0.000000,8.000000,46.430000
1777668285.433050,0,5.000000,0.000000,5.000000,0.000000,0.000000,0.000000,0.000000,0.000000,8.000000,46.450000
1777668285.444044,0,5.000000,0.000000,5.000000,0.000000,0.000000,0.000000,0.000000,0.000000,8.000000,46.450000
1777668285.456318,0,5.000000,0.000000,5.000000,0.000000,0.000000,0.000000,0.000000,0.000000,8.000000,46.470000
1777668285.467180,0,5.000000,0.000000,5.000000,0.000000,0.000000,0.000000,0.000000,0.000000,8.000000,46.470000
1777668285.467775,0,5.000000,0.000000,5.000000,0.000000,0.000000,0.000000,0.000000,0.000000,8.000000,46.490000
1777668285.484858,0,5.000000,0.000000,5.000000,0.000000,0.000000,0.000000,0.000000,0.000000,8.000000,46.500000
1777668285.485328,0,5.000000,0.000000,5.000000,0.000000,0.000000,0.000000,0.000000,0.000000,8.000000,46.500000
1777668285.495224,0,5.000000,0.000000,5.000000,0.000000,0.000000,0.000000,0.000000,0.000000,8.000000,46.520000
1777668285.504953,0,5.000000,0.000000,5.000000,0.000000,0.000000,0.000000,0.000000,0.000000,8.000000,46.520000
1777668285.522319,0,5.000000,0.000000,5.000000,0.000000,0.000000,0.000000,0.000000,0.000000,8.000000,46.540000
1777668285.522844,0,5.000000,0.000000,5.000000,0.000000,0.000000,0.000000,0.000000,0.000000,8.000000,46.540000
1777668285.539715,0,5.000000,0.000000,5.000000,0.000000,0.000000,0.000000,0.000000,0.000000,8.000000,46.560000
1777668285.549210,0,5.000000,0.000000,5.000000,0.000000,0.000000,0.000000,0.000000,0.000000,8.000000,46.560000
1777668285.559680,0,5.000000,0.000000,5.000000,0.000000,0.000000,0.000000,0.000000,0.000000,8.000000,46.580000
1777668285.569865,0,5.000000,0.000000,5.000000,0.000000,0.000000,0.000000,0.000000,0.000000,8.000000,46.590000
1777668285.587928,0,5.000000,0.000000,5.000000,0.000000,0.000000,0.000000,0.000000,0.000000,8.000000,46.590000
1777668285.588467,0,5.000000,0.000000,5.000000,0.000000,0.000000,0.000000,0.000000,0.000000,8.000000,46.610000
1777668285.606893,0,5.000000,0.000000,5.000000,0.000000,0.000000,0.000000,0.000000,0.000000,8.000000,46.610000
1777668285.607376,0,5.000000,0.000000,5.000000,0.000000,0.000000,0.000000,0.000000,0.000000,8.000000,46.630000
1777668285.607930,0,5.000000,0.000000,5.000000,0.000000,0.000000,0.000000,0.000000,0.000000,8.000000,46.630000
1777668285.626161,0,5.000000,0.000000,5.000000,0.000000,0.000000,0.000000,0.000000,0.000000,8.000000,46.650000
1777668285.644245,0,5.000000,0.000000,5.000000,0.000000,0.000000,0.000000,0.000000,0.000000,8.000000,46.650000
1777668285.644759,0,5.000000,0.000000,5.000000,0.000000,0.000000,0.000000,0.000000,0.000000,8.000000,46.660000
1777668285.663094,0,5.000000,0.000000,5.000000,0.000000,0.000000,0.000000,0.000000,0.000000,8.000000,46.680000
1777668285.663740,0,5.000000,0.000000,5.000000,0.000000,0.000000,0.000000,0.000000,0.000000,8.000000,46.680000
1777668285.682174,0,5.000000,0.000000,5.000000,0.000000,0.000000,0.000000,0.000000,0.000000,8.000000,46.700000
1777668285.682663,0,5.000000,0.000000,5.000000,0.000000,0.000000,0.000000,0.000000,0.000000,8.000000,46.700000
1777668285.700592,0,5.000000,0.000000,5.000000,0.000000,0.000000,0.000000,0.000000,0.000000,8.000000,46.720000
1777668285.710747,0,5.000000,0.000000,5.000000,0.000000,0.000000,0.000000,0.000000,0.000000,8.000000,46.720000
1777668285.721276,0,5.000000,0.000000,5.000000,0.000000,0.000000,0.000000,0.000000,0.000000,8.000000,46.740000
1777668285.737621,0,5.000000,0.000000,5.000000,0.000000,0.000000,0.000000,0.000000,0.000000,8.000000,46.750000
1777668285.738421,0,5.000000,0.000000,5.000000,0.000000,0.000000,0.000000,0.000000,0.000000,8.000000,46.750000
1777668285.756117,0,5.000000,0.000000,5.000000,0.000000,0.000000,0.000000,0.000000,0.000000,8.000000,46.770000
1777668285.756587,0,5.000000,0.000000,5.000000,0.000000,0.000000,0.000000,0.000000,0.000000,8.000000,46.770000
1777668285.766377,0,5.000000,0.000000,5.000000,0.000000,0.000000,0.000000,0.000000,0.000000,8.000000,46.770000
1777668285.776661,0,5.000000,0.000000,5.000000,0.000000,0.000000,0.000000,0.000000,0.000000,8.000000,46.790000
1777668285.794421,0,5.000000,0.000000,5.000000,0.000000,0.000000,0.000000,0.000000,0.000000,8.000000,46.790000
1777668285.794855,0,5.000000,0.000000,5.000000,0.000000,0.000000,0.000000,0.000000,0.000000,8.000000,46.810000
1777668285.814465,0,5.000000,0.000000,5.000000,0.000000,0.000000,0.000000,0.000000,0.000000,8.000000,46.830000
1777668285.816128,0,5.000000,0.000000,5.000000,0.000000,0.000000,0.000000,0.000000,0.000000,8.000000,46.830000
1777668285.827287,0,5.000000,0.000000,5.000000,0.000000,0.000000,0.000000,0.000000,0.000000,8.000000,46.840000
1777668285.840392,0,5.000000,0.000000,5.000000,0.000000,0.000000,0.000000,0.000000,0.000000,8.000000,46.840000
1777668285.852111,0,5.000000,0.000000,5.000000,0.000000,0.000000,0.000000,0.000000,0.000000,8.000000,46.860000
1777668285.864259,0,5.000000,0.000000,5.000000,0.000000,0.000000,0.000000,0.000000,0.000000,8.000000,46.860000
1777668285.876274,0,5.000000,0.000000,5.000000,0.000000,0.000000,0.000000,0.000000,0.000000,8.000000,46.880000
1777668285.888004,0,5.000000,0.000000,5.000000,0.000000,0.000000,0.000000,0.000000,0.000000,8.000000,46.880000
1777668285.888533,0,5.000000,0.000000,5.000000,0.000000,0.000000,0.000000,0.000000,0.000000,8.000000,46.900000
1777668285.899279,0,5.000000,0.000000,5.000000,0.000000,0.000000,0.000000,0.000000,0.000000,8.000000,46.900000
1777668285.911866,0,5.000000,0.000000,5.000000,0.000000,0.000000,0.000000,0.000000,0.000000,8.000000,46.910000
1777668285.924160,0,5.000000,0.000000,5.000000,0.000000,0.000000,0.000000,0.000000,0.000000,8.000000,46.930000
1777668285.924685,0,5.000000,0.000000,5.000000,0.000000,0.000000,0.000000,0.000000,0.000000,8.000000,46.930000
1777668285.941829,0,5.000000,0.000000,5.000000,0.000000,0.000000,0.000000,0.000000,0.000000,8.000000,46.950000
1777668285.942490,0,5.000000,0.000000,5.000000,0.000000,0.000000,0.000000,0.000000,0.000000,8.000000,46.950000
1777668285.952349,0,5.000000,0.000000,5.000000,0.000000,0.000000,0.000000,0.000000,0.000000,8.000000,46.970000
1777668285.970113,0,5.000000,0.000000,5.000000,0.000000,0.000000,0.000000,0.000000,0.000000,8.000000,46.970000
1777668285.970763,0,5.000000,0.000000,5.000000,0.000000,0.000000,0.000000,0.000000,0.000000,8.000000,46.990000
1777668285.997480,0,5.000000,0.000000,5.000000,0.000000,0.000000,0.000000,0.000000,0.000000,8.000000,47.000000
1777668285.997944,0,5.000000,0.000000,5.000000,0.000000,0.000000,0.000000,0.000000,0.000000,8.000000,47.000000
1777668285.998451,0,5.000000,0.000000,5.000000,0.000000,0.000000,0.000000,0.000000,0.000000,8.000000,47.020000
1777668286.015244,0,5.000000,0.000000,5.000000,0.000000,0.000000,0.000000,0.000000,0.000000,8.000000,47.020000
1777668286.015847,0,5.000000,0.000000,5.000000,0.000000,0.000000,0.000000,0.000000,0.000000,8.000000,47.040000
1777668286.034135,0,5.000000,0.000000,5.000000,0.000000,0.000000,0.000000,0.000000,0.000000,8.000000,47.040000
1777668286.034628,0,5.000000,0.000000,5.000000,0.000000,0.000000,0.000000,0.000000,0.000000,8.000000,47.060000
1777668286.053672,0,5.000000,0.000000,5.000000,0.000000,0.000000,0.000000,0.000000,0.000000,8.000000,47.060000
1777668286.074237,0,5.000000,0.000000,5.000000,0.000000,0.000000,0.000000,0.000000,0.000000,8.000000,47.080000
1777668286.074698,0,5.000000,0.000000,5.000000,0.000000,0.000000,0.000000,0.000000,0.000000,8.000000,47.090000
1777668286.075552,0,5.000000,0.000000,5.000000,0.000000,0.000000,0.000000,0.000000,0.000000,8.000000,47.090000
1777668286.095729,0,5.000000,0.000000,5.000000,0.000000,0.000000,0.000000,0.000000,0.000000,8.000000,47.110000
1777668286.096277,0,5.000000,0.000000,5.000000,0.000000,0.000000,0.000000,0.000000,0.000000,8.000000,47.110000
1777668286.116015,0,5.000000,0.000000,5.000000,0.000000,0.000000,0.000000,0.000000,0.000000,8.000000,47.130000
1777668286.128410,0,5.000000,0.000000,5.000000,0.000000,0.000000,0.000000,0.000000,0.000000,8.000000,47.130000
1777668286.141007,0,5.000000,0.000000,5.000000,0.000000,0.000000,0.000000,0.000000,0.000000,8.000000,47.150000
1777668286.152499,0,5.000000,0.000000,5.000000,0.000000,0.000000,0.000000,0.000000,0.000000,8.000000,47.150000
1777668286.153266,0,5.000000,0.000000,5.000000,0.000000,0.000000,0.000000,0.000000,0.000000,8.000000,47.160000
1777668286.163524,0,5.000000,0.000000,5.000000,0.000000,0.000000,0.000000,0.000000,0.000000,8.000000,47.180000
1777668286.174125,0,5.000000,0.000000,5.000000,0.000000,0.000000,0.000000,0.000000,0.000000,8.000000,47.180000
1777668286.184155,0,5.000000,0.000000,5.000000,0.000000,0.000000,0.000000,0.000000,0.000000,8.000000,47.200000
1777668286.193542,0,5.000000,0.000000,5.000000,0.000000,0.000000,0.000000,0.000000,0.000000,8.000000,47.200000
1777668286.210081,0,5.000000,0.000000,5.000000,0.000000,0.000000,0.000000,0.000000,0.000000,8.000000,47.220000
1777668286.210689,0,5.000000,0.000000,5.000000,0.000000,0.000000,0.000000,0.000000,0.000000,8.000000,47.220000
1777668286.228717,0,5.000000,0.000000,5.000000,0.000000,0.000000,0.000000,0.000000,0.000000,8.000000,47.240000
1777668286.229224,0,5.000000,0.000000,5.000000,0.000000,0.000000,0.000000,0.000000,0.000000,8.000000,47.250000
1777668286.239248,0,5.000000,0.000000,5.000000,0.000000,0.000000,0.000000,0.000000,0.000000,8.000000,47.250000
1777668286.256312,0,5.000000,0.000000,5.000000,0.000000,0.000000,0.000000,0.000000,0.000000,8.000000,47.270000
1777668286.256936,0,5.000000,0.000000,5.000000,0.000000,0.000000,0.000000,0.000000,0.000000,8.000000,47.270000
1777668286.275329,0,5.000000,0.000000,5.000000,0.000000,0.000000,0.000000,0.000000,0.000000,8.000000,47.290000
1777668286.275860,0,5.000000,0.000000,5.000000,0.000000,0.000000,0.000000,0.000000,0.000000,8.000000,47.290000
1777668286.298224,0,5.000000,0.000000,5.000000,0.000000,0.000000,0.000000,0.000000,0.000000,8.000000,47.310000
1777668286.298715,0,5.000000,0.000000,5.000000,0.000000,0.000000,0.000000,0.000000,0.000000,8.000000,47.310000
1777668286.299225,0,5.000000,0.000000,5.000000,0.000000,0.000000,0.000000,0.000000,0.000000,8.000000,47.330000
1777668286.320185,0,5.000000,0.000000,5.000000,0.000000,0.000000,0.000000,0.000000,0.000000,8.000000,47.340000
1777668286.320665,0,5.000000,0.000000,5.000000,0.000000,0.000000,0.000000,0.000000,0.000000,8.000000,47.340000
1777668286.342317,0,5.000000,0.000000,5.000000,0.000000,0.000000,0.000000,0.000000,0.000000,8.000000,47.360000
1777668286.342812,0,5.000000,0.000000,5.000000,0.000000,0.000000,0.000000,0.000000,0.000000,8.000000,47.360000
1777668286.363935,0,5.000000,0.000000,5.000000,0.000000,0.000000,0.000000,0.000000,0.000000,8.000000,47.380000
1777668286.364758,0,5.000000,0.000000,5.000000,0.000000,0.000000,0.000000,0.000000,0.000000,8.000000,47.380000
1777668286.376734,0,5.000000,0.000000,5.000000,0.000000,0.000000,0.000000,0.000000,0.000000,8.000000,47.400000
1777668286.395373,0,5.000000,0.000000,5.000000,0.000000,0.000000,0.000000,0.000000,0.000000,8.000000,47.400000
1777668286.395806,0,5.000000,0.000000,5.000000,0.000000,0.000000,0.000000,0.000000,0.000000,8.000000,47.410000
1777668286.412327,0,5.000000,0.000000,5.000000,0.000000,0.000000,0.000000,0.000000,0.000000,8.000000,47.430000
1777668286.431505,0,5.000000,0.000000,5.000000,0.000000,0.000000,0.000000,0.000000,0.000000,8.000000,47.430000
1777668286.431986,0,5.000000,0.000000,5.000000,0.000000,0.000000,0.000000,0.000000,0.000000,8.000000,47.430000
1777668286.432354,0,5.000000,0.000000,5.000000,0.000000,0.000000,0.000000,0.000000,0.000000,8.000000,47.450000
1777668286.432937,0,5.000000,0.000000,5.000000,0.000000,0.000000,0.000000,0.000000,0.000000,8.000000,47.450000
1777668286.453884,0,5.000000,0.000000,5.000000,0.000000,0.000000,0.000000,0.000000,0.000000,8.000000,47.470000
1777668286.472052,0,5.000000,0.000000,5.000000,0.000000,0.000000,0.000000,0.000000,0.000000,8.000000,47.470000
1777668286.472718,0,5.000000,0.000000,5.000000,0.000000,0.000000,0.000000,0.000000,0.000000,8.000000,47.490000
1777668286.491355,0,5.000000,0.000000,5.000000,0.000000,0.000000,0.000000,0.000000,0.000000,8.000000,47.500000
1777668286.491827,0,5.000000,0.000000,5.000000,0.000000,0.000000,0.000000,0.000000,0.000000,8.000000,47.500000
1777668286.492512,0,5.000000,0.000000,5.000000,0.000000,0.000000,0.000000,0.000000,0.000000,8.000000,47.520000
1777668286.511840,0,5.000000,0.000000,5.000000,0.000000,0.000000,0.000000,0.000000,0.000000,8.000000,47.520000
1777668286.533008,0,5.000000,0.000000,5.000000,0.000000,0.000000,0.000000,0.000000,0.000000,8.000000,47.540000
1777668286.533946,0,5.000000,0.000000,5.000000,0.000000,0.000000,0.000000,0.000000,0.000000,8.000000,47.540000
1777668286.554338,0,5.000000,0.000000,5.000000,0.000000,0.000000,0.000000,0.000000,0.000000,8.000000,47.560000
1777668286.554827,0,5.000000,0.000000,5.000000,0.000000,0.000000,0.000000,0.000000,0.000000,8.000000,47.560000
1777668286.557634,0,5.000000,0.000000,5.000000,0.000000,0.000000,0.000000,0.000000,0.000000,8.000000,47.580000
1777668286.577606,0,5.000000,0.000000,5.000000,0.000000,0.000000,0.000000,0.000000,0.000000,8.000000,47.590000
1777668286.578326,0,5.000000,0.000000,5.000000,0.000000,0.000000,0.000000,0.000000,0.000000,8.000000,47.590000
1777668286.597616,0,5.000000,0.000000,5.000000,0.000000,0.000000,0.000000,0.000000,0.000000,8.000000,47.610000
1777668286.598318,0,5.000000,0.000000,5.000000,0.000000,0.000000,0.000000,0.000000,0.000000,8.000000,47.610000
1777668286.618795,0,5.000000,0.000000,5.000000,0.000000,0.000000,0.000000,0.000000,0.000000,8.000000,47.630000
1777668286.619779,0,5.000000,0.000000,5.000000,0.000000,0.000000,0.000000,0.000000,0.000000,8.000000,47.630000
1777668286.637674,0,5.000000,0.000000,5.000000,0.000000,0.000000,0.000000,0.000000,0.000000,8.000000,47.650000
1777668286.638467,0,5.000000,0.000000,5.000000,0.000000,0.000000,0.000000,0.000000,0.000000,8.000000,47.650000
1777668286.647789,0,5.000000,0.000000,5.000000,0.000000,0.000000,0.000000,0.000000,0.000000,8.000000,47.660000
1777668286.666073,0,5.000000,0.000000,5.000000,0.000000,0.000000,0.000000,0.000000,0.000000,8.000000,47.680000
