epoch,mark,Desired Torque (L),Measured Torque (L),Desired Torque (R),Measured Torque (R),Toe FSR (L),Stance Phase (L),Toe FSR (R),Stance Phase (R),Channel 8,Exoskeleton time (seconds)
1789151316.220217,0,0.000000,0.000000,0.000000,-0.150000,0.000000,0.000000,0.000000,0.000000,8.000000,34.590000
1789151316.262198,0,0.000000,0.000000,0.000000,-0.070000,0.000000,0.000000,0.000000,0.000000,8.000000,34.610000
1789151316.262619,0,0.000000,0.000000,0.000000,-0.200000,0.000000,0.000000,0.000000,0.000000,8.000000,34.630000
1789151316.262986,0,0.000000,0.000000,0.000000,-0.150000,0.000000,0.000000,0.000000,0.000000,8.000000,34.630000
1789151316.290972,0,0.000000,0.000000,0.000000,0.000000,0.000000,0.000000,0.000000,0.000000,8.000000,34.650000
1789151316.319776,0,0.000000,0.000000,0.000000,0.030000,0.000000,0.000000,0.000000,0.000000,8.000000,34.650000
1789151316.320231,0,0.000000,0.000000,0.000000,-0.110000,0.000000,0.000000,0.000000,0.000000,8.000000,34.650000
1789151316.349265,0,0.000000,0.000000,0.000000,-0.070000,0.000000,0.000000,0.000000,0.000000,8.000000,34.660000
1789151316.349721,0,0.000000,0.000000,0.000000,-0.020000,0.000000,0.000000,0.000000,0.000000,8.000000,34.680000
1789151316.350097,0,0.000000,0.000000,0.000000,-0.110000,0.000000,0.000000,0.000000,0.000000,8.000000,34.680000
1789151316.377523,0,0.000000,0.000000,0.000000,-0.020000,0.000000,0.000000,0.000000,0.000000,8.000000,34.700000
1789151316.378097,0,0.000000,0.000000,0.000000,-0.070000,0.000000,0.000000,0.000000,0.000000,8.000000,34.700000
1789151316.378518,0,0.000000,0.000000,0.000000,0.090000,0.000000,0.000000,0.000000,0.000000,8.000000,34.720000
1789151316.406939,0,0.000000,0.000000,0.000000,0.000000,0.000000,0.000000,0.000000,0.000000,8.000000,34.740000
1789151316.407461,0,0.000000,0.000000,0.000000,0.030000,0.000000,0.000000,0.000000,0.000000,8.000000,34.750000
1789151316.407866,0,0.000000,0.000000,0.000000,0.000000,0.000000,0.000000,0.000000,0.000000,8.000000,34.750000
1789151316.435364,0,0.000000,0.000000,0.000000,-0.020000,0.000000,0.000000,0.000000,0.000000,8.000000,34.770000
1789151316.435825,0,0.000000,0.000000,0.000000,0.170000,0.000000,0.000000,0.000000,0.000000,8.000000,34.770000
1789151316.436282,0,0.000000,0.000000,0.000000,0.090000,0.000000,0.000000,0.000000,0.000000,8.000000,34.790000
1789151316.467491,0,0.000000,0.000000,0.000000,0.000000,0.000000,0.000000,0.000000,0.000000,8.000000,34.790000
1789151316.467956,0,0.000000,0.000000,0.000000,0.030000,0.000000,0.000000,0.000000,0.000000,8.000000,34.810000
1789151316.492253,0,0.000000,0.000000,0.000000,-0.070000,0.000000,0.000000,0.000000,0.000000,8.000000,34.810000
1789151316.492666,0,0.000000,0.000000,0.000000,-0.020000,0.000000,0.000000,0.000000,0.000000,8.000000,34.830000
1789151316.493165,0,0.000000,0.000000,0.000000,0.000000,0.000000,0.000000,0.000000,0.000000,8.000000,34.840000
1789151316.493598,0,0.000000,0.000000,0.000000,-0.110000,0.000000,0.000000,0.000000,0.000000,8.000000,34.840000
1789151316.519197,0,0.000000,0.000000,0.000000,0.000000,0.000000,0.000000,0.000000,0.000000,8.000000,34.860000
1789151316.519641,0,0.000000,0.000000,0.000000,-0.110000,0.000000,0.000000,0.000000,0.000000,8.000000,34.860000
1789151316.544939,0,0.000000,0.000000,0.000000,-0.070000,0.000000,0.000000,0.000000,0.000000,8.000000,34.880000
1789151316.545387,0,0.000000,0.000000,0.000000,-0.110000,0.000000,0.000000,0.000000,0.000000,8.000000,34.880000
1789151316.545712,0,0.000000,0.000000,0.000000,0.170000,0.000000,0.000000,0.000000,0.000000,8.000000,34.900000
1789151316.572323,0,0.000000,0.000000,0.000000,-0.020000,0.000000,0.000000,0.000000,0.000000,8.000000,34.900000
1789151316.572791,0,0.000000,0.000000,0.000000,0.000000,0.000000,0.000000,0.000000,0.000000,8.000000,34.900000
1789151316.573150,0,0.000000,0.000000,0.000000,-0.070000,0.000000,0.000000,0.000000,0.000000,8.000000,34.910000
1789151316.599335,0,0.000000,0.000000,0.000000,-0.020000,0.000000,0.000000,0.000000,0.000000,8.000000,34.930000
1789151316.599790,0,0.000000,0.000000,0.000000,0.000000,0.000000,0.000000,0.000000,0.000000,8.000000,34.930000
1789151316.627908,0,0.000000,0.000000,0.000000,-0.020000,0.000000,0.000000,0.000000,0.000000,8.000000,34.950000
1789151316.628514,0,0.000000,0.000000,0.000000,-0.070000,0.000000,0.000000,0.000000,0.000000,8.000000,34.950000
1789151316.658880,0,0.000000,0.000000,0.000000,0.170000,0.000000,0.000000,0.000000,0.000000,8.000000,34.970000
1789151316.659336,0,0.000000,0.000000,0.000000,0.170000,0.000000,0.000000,0.000000,0.000000,8.000000,34.970000
1789151316.659713,0,0.000000,0.000000,0.000000,0.210000,0.000000,0.000000,0.000000,0.000000,8.000000,35.000000
1789151316.660042,0,0.000000,0.000000,0.000000,0.000000,0.000000,0.000000,0.000000,0.000000,8.000000,35.000000
1789151316.690333,0,0.000000,0.000000,0.000000,-0.280000,0.000000,0.000000,0.000000,0.000000,8.000000,35.020000
1789151316.690801,0,0.000000,0.000000,0.000000,0.090000,0.000000,0.000000,0.000000,0.000000,8.000000,35.020000
1789151316.691336,0,0.000000,0.000000,0.000000,-0.020000,0.000000,0.000000,0.000000,0.000000,8.000000,35.020000
1789151316.715029,0,0.000000,0.000000,0.000000,0.000000,0.000000,0.000000,0.000000,0.000000,8.000000,35.040000
1789151316.715671,0,0.000000,0.000000,0.000000,0.170000,0.000000,0.000000,0.000000,0.000000,8.000000,35.040000
1789151316.716216,0,0.000000,0.000000,0.000000,-0.020000,0.000000,0.000000,0.000000,0.000000,8.000000,35.060000
1789151316.738277,0,0.000000,0.000000,0.000000,0.300000,0.000000,0.000000,0.000000,0.000000,8.000000,35.080000
1789151316.738709,0,0.000000,0.000000,0.000000,0.000000,0.000000,0.000000,0.000000,0.000000,8.000000,35.090000
1789151316.739056,0,0.000000,0.000000,0.000000,0.000000,0.000000,0.000000,0.000000,0.000000,8.000000,35.090000
1789151316.765724,0,0.000000,0.000000,0.000000,-0.070000,0.000000,0.000000,0.000000,0.000000,8.000000,35.110000
1789151316.766198,0,0.000000,0.000000,0.000000,-0.070000,0.000000,0.000000,0.000000,0.000000,8.000000,35.110000
1789151316.791281,0,0.000000,0.000000,0.000000,0.030000,0.000000,0.000000,0.000000,0.000000,8.000000,35.110000
1789151316.791737,0,0.000000,0.000000,0.000000,0.030000,0.000000,0.000000,0.000000,0.000000,8.000000,35.130000
1789151316.792098,0,0.000000,0.000000,0.000000,0.000000,0.000000,0.000000,0.000000,0.000000,8.000000,35.130000
1789151316.817596,0,0.000000,0.000000,0.000000,-0.070000,0.000000,0.000000,0.000000,0.000000,8.000000,35.150000
1789151316.818072,0,0.000000,0.000000,0.000000,-0.020000,0.000000,0.000000,0.000000,0.000000,8.000000,35.150000
1789151316.842098,0,0.000000,0.000000,0.000000,0.120000,0.000000,0.000000,0.000000,0.000000,8.000000,35.160000
1789151316.842684,0,0.000000,0.000000,0.000000,-0.020000,0.000000,0.000000,0.000000,0.000000,8.000000,35.180000
1789151316.843233,0,0.000000,0.000000,0.000000,-0.070000,0.000000,0.000000,0.000000,0.000000,8.000000,35.180000
1789151316.868400,0,0.000000,0.000000,0.000000,-0.020000,0.000000,0.000000,0.000000,0.000000,8.000000,35.200000
1789151316.868865,0,0.000000,0.000000,0.000000,0.250000,0.000000,0.000000,0.000000,0.000000,8.000000,35.200000
1789151316.895782,0,0.000000,0.000000,0.000000,0.170000,0.000000,0.000000,0.000000,0.000000,8.000000,35.220000
1789151316.896278,0,0.000000,0.000000,0.000000,0.250000,0.000000,0.000000,0.000000,0.000000,8.000000,35.240000
1789151316.921502,0,0.000000,0.000000,0.000000,0.170000,0.000000,0.000000,0.000000,0.000000,8.000000,35.250000
1789151316.921972,0,0.000000,0.000000,0.000000,-0.020000,0.000000,0.000000,0.000000,0.000000,8.000000,35.250000
1789151316.922348,0,0.000000,0.000000,0.000000,0.030000,0.000000,0.000000,0.000000,0.000000,8.000000,35.270000
1789151316.922688,0,0.000000,0.000000,0.000000,-0.070000,0.000000,0.000000,0.000000,0.000000,8.000000,35.270000
1789151316.948469,0,0.000000,0.000000,0.000000,0.030000,0.000000,0.000000,0.000000,0.000000,8.000000,35.290000
1789151316.948947,0,0.000000,0.000000,0.000000,-0.020000,0.000000,0.000000,0.000000,0.000000,8.000000,35.290000
1789151316.974016,0,0.000000,0.000000,0.000000,0.000000,0.000000,0.000000,0.000000,0.000000,8.000000,35.310000
1789151316.974485,0,0.000000,0.000000,0.000000,0.120000,0.000000,0.000000,0.000000,0.000000,8.000000,35.310000
1789151316.975010,0,0.000000,0.000000,0.000000,0.000000,0.000000,0.000000,0.000000,0.000000,8.000000,35.330000
1789151317.001525,0,0.000000,0.000000,0.000000,0.000000,0.000000,0.000000,0.000000,0.000000,8.000000,35.340000
1789151317.002001,0,0.000000,0.000000,0.000000,0.090000,0.000000,0.000000,0.000000,0.000000,8.000000,35.340000
1789151317.028301,0,0.000000,0.000000,0.000000,0.090000,0.000000,0.000000,0.000000,0.000000,8.000000,35.360000
1789151317.028756,0,0.000000,0.000000,0.000000,0.090000,0.000000,0.000000,0.000000,0.000000,8.000000,35.360000
1789151317.029226,0,0.000000,0.000000,0.000000,0.030000,0.000000,0.000000,0.000000,0.000000,8.000000,35.380000
1789151317.055107,0,0.000000,0.000000,0.000000,0.030000,0.000000,0.000000,0.000000,0.000000,8.000000,35.380000
1789151317.055576,0,0.000000,0.000000,0.000000,0.000000,0.000000,0.000000,0.000000,0.000000,8.000000,35.380000
1789151317.055956,0,0.000000,0.000000,0.000000,-0.020000,0.000000,0.000000,0.000000,0.000000,8.000000,35.400000
1789151317.083013,0,0.000000,0.000000,0.000000,-0.020000,0.000000,0.000000,0.000000,0.000000,8.000000,35.400000
1789151317.083468,0,0.000000,0.000000,0.000000,0.000000,0.000000,0.000000,0.000000,0.000000,8.000000,35.430000
1789151317.083847,0,0.000000,0.000000,0.000000,0.000000,0.000000,0.000000,0.000000,0.000000,8.000000,35.430000
1789151317.109881,0,0.000000,0.000000,0.000000,0.030000,0.000000,0.000000,0.000000,0.000000,8.000000,35.430000
1789151317.110447,0,0.000000,0.000000,0.000000,0.000000,0.000000,0.000000,0.000000,0.000000,8.000000,35.450000
1789151317.110846,0,0.000000,0.000000,0.000000,0.000000,0.000000,0.000000,0.000000,0.000000,8.000000,35.470000
1789151317.138736,0,0.000000,0.000000,0.000000,0.090000,0.000000,0.000000,0.000000,0.000000,8.000000,35.470000
1789151317.139400,0,0.000000,0.000000,0.000000,0.120000,0.000000,0.000000,0.000000,0.000000,8.000000,35.470000
1789151317.139801,0,0.000000,0.000000,0.000000,-0.150000,0.000000,0.000000,0.000000,0.000000,8.000000,35.490000
1789151317.163067,0,0.000000,0.000000,0.000000,-0.020000,0.000000,0.000000,0.000000,0.000000,8.000000,35.500000
1789151317.163530,0,0.000000,0.000000,0.000000,-0.020000,0.000000,0.000000,0.000000,0.000000,8.000000,35.520000
1789151317.185988,0,0.000000,0.000000,0.000000,0.000000,0.000000,0.000000,0.000000,0.000000,8.000000,35.520000
1789151317.186464,0,0.000000,0.000000,0.000000,0.000000,0.000000,0.000000,0.000000,0.000000,8.000000,35.520000
1789151317.187240,0,0.000000,0.000000,0.000000,-0.070000,0.000000,0.000000,0.000000,0.000000,8.000000,35.540000
1789151317.211197,0,0.000000,0.000000,0.000000,0.030000,0.000000,0.000000,0.000000,0.000000,8.000000,35.540000
1789151317.211681,0,0.000000,0.000000,0.000000,-0.020000,0.000000,0.000000,0.000000,0.000000,8.000000,35.560000
1789151317.212290,0,0.000000,0.000000,0.000000,0.000000,0.000000,0.000000,0.000000,0.000000,8.000000,35.560000
1789151317.236654,0,0.000000,0.000000,0.000000,-0.020000,0.000000,0.000000,0.000000,0.000000,8.000000,35.580000
1789151317.262645,0,0.000000,0.000000,0.000000,0.030000,0.000000,0.000000,0.000000,0.000000,8.000000,35.590000
1789151317.263133,0,0.000000,0.000000,0.000000,-0.020000,0.000000,0.000000,0.000000,0.000000,8.000000,35.590000
1789151317.263503,0,0.000000,0.000000,0.000000,0.030000,0.000000,0.000000,0.000000,0.000000,8.000000,35.610000
1789151317.287837,0,0.000000,0.000000,0.000000,-0.070000,0.000000,0.000000,0.000000,0.000000,8.000000,35.610000
1789151317.288313,0,0.000000,0.000000,0.000000,0.030000,0.000000,0.000000,0.000000,0.000000,8.000000,35.630000
1789151317.288701,0,0.000000,0.000000,0.000000,0.120000,0.000000,0.000000,0.000000,0.000000,8.000000,35.630000
1789151317.313007,0,0.000000,0.000000,0.000000,0.030000,0.000000,0.000000,0.000000,0.000000,8.000000,35.650000
1789151317.313486,0,0.000000,0.000000,0.000000,0.090000,0.000000,0.000000,0.000000,0.000000,8.000000,35.650000
1789151317.338089,0,0.000000,0.000000,0.000000,0.030000,0.000000,0.000000,0.000000,0.000000,8.000000,35.660000
1789151317.338640,0,0.000000,0.000000,0.000000,0.210000,0.000000,0.000000,0.000000,0.000000,8.000000,35.680000
1789151317.339328,0,0.000000,0.000000,0.000000,-0.070000,0.000000,0.000000,0.000000,0.000000,8.000000,35.680000
1789151317.364160,0,0.000000,0.000000,0.000000,0.090000,0.000000,0.000000,0.000000,0.000000,8.000000,35.700000
1789151317.364604,0,0.000000,0.000000,0.000000,0.030000,0.000000,0.000000,0.000000,0.000000,8.000000,35.700000
1789151317.389452,0,0.000000,0.000000,0.000000,0.030000,0.000000,0.000000,0.000000,0.000000,8.000000,35.720000
1789151317.390246,0,0.000000,0.000000,0.000000,0.030000,0.000000,0.000000,0.000000,0.000000,8.000000,35.720000
1789151317.416017,0,0.000000,0.000000,0.000000,0.090000,0.000000,0.000000,0.000000,0.000000,8.000000,35.740000
1789151317.416498,0,0.000000,0.000000,0.000000,0.000000,0.000000,0.000000,0.000000,0.000000,8.000000,35.750000
1789151317.416850,0,0.000000,0.000000,0.000000,0.000000,0.000000,0.000000,0.000000,0.000000,8.000000,35.750000
1789151317.417259,0,0.000000,0.000000,0.000000,-0.070000,0.000000,0.000000,0.000000,0.000000,8.000000,35.770000
1789151317.442057,0,0.000000,0.000000,0.000000,-0.020000,0.000000,0.000000,0.000000,0.000000,8.000000,35.770000
1789151317.442652,0,0.000000,0.000000,0.000000,-0.020000,0.000000,0.000000,0.000000,0.000000,8.000000,35.790000
1789151317.443124,0,0.000000,0.000000,0.000000,0.090000,0.000000,0.000000,0.000000,0.000000,8.000000,35.790000
1789151317.469131,0,0.000000,0.000000,0.000000,0.210000,0.000000,0.000000,0.000000,0.000000,8.000000,35.810000
1789151317.469670,0,0.000000,0.000000,0.000000,0.300000,0.000000,0.000000,0.000000,0.000000,8.000000,35.810000
1789151317.496255,0,0.000000,0.000000,0.000000,0.090000,0.000000,0.000000,0.000000,0.000000,8.000000,35.830000
1789151317.496742,0,0.000000,0.000000,0.000000,0.090000,0.000000,0.000000,0.000000,0.000000,8.000000,35.840000
1789151317.521349,0,0.000000,0.000000,0.000000,0.030000,0.000000,0.000000,0.000000,0.000000,8.000000,35.840000
1789151317.521832,0,0.000000,0.000000,0.000000,0.170000,0.000000,0.000000,0.000000,0.000000,8.000000,35.860000
1789151317.522207,0,0.000000,0.000000,0.000000,0.090000,0.000000,0.000000,0.000000,0.000000,8.000000,35.860000
1789151317.547536,0,0.000000,0.000000,0.000000,0.030000,0.000000,0.000000,0.000000,0.000000,8.000000,35.880000
1789151317.548079,0,0.000000,0.000000,0.000000,0.120000,0.000000,0.000000,0.000000,0.000000,8.000000,35.880000
1789151317.548568,0,0.000000,0.000000,0.000000,-0.070000,0.000000,0.000000,0.000000,0.000000,8.000000,35.900000
1789151317.574073,0,0.000000,0.000000,0.000000,0.090000,0.000000,0.000000,0.000000,0.000000,8.000000,35.900000
1789151317.574553,0,0.000000,0.000000,0.000000,0.120000,0.000000,0.000000,0.000000,0.000000,8.000000,35.910000
1789151317.574947,0,0.000000,0.000000,0.000000,0.090000,0.000000,0.000000,0.000000,0.000000,8.000000,35.930000
1789151317.601317,0,0.000000,0.000000,0.000000,-0.110000,0.000000,0.000000,0.000000,0.000000,8.000000,35.930000
1789151317.601783,0,0.000000,0.000000,0.000000,0.030000,0.000000,0.000000,0.000000,0.000000,8.000000,35.950000
1789151317.627267,0,0.000000,0.000000,0.000000,0.030000,0.000000,0.000000,0.000000,0.000000,8.000000,35.950000
1789151317.627814,0,0.000000,0.000000,0.000000,0.210000,0.000000,0.000000,0.000000,0.000000,8.000000,35.970000
1789151317.628231,0,0.000000,0.000000,0.000000,0.090000,0.000000,0.000000,0.000000,0.000000,8.000000,35.970000
1789151317.654331,0,0.000000,0.000000,0.000000,0.210000,0.000000,0.000000,0.000000,0.000000,8.000000,35.990000
1789151317.654817,0,0.000000,0.000000,0.000000,0.120000,0.000000,0.000000,0.000000,0.000000,8.000000,36.000000
1789151317.681682,0,0.000000,0.000000,0.000000,0.120000,0.000000,0.000000,0.000000,0.000000,8.000000,36.000000
1789151317.682171,0,0.000000,0.000000,0.000000,0.120000,0.000000,0.000000,0.000000,0.000000,8.000000,36.020000
1789151317.682562,0,0.000000,0.000000,0.000000,0.250000,0.000000,0.000000,0.000000,0.000000,8.000000,36.020000
1789151317.709809,0,0.000000,0.000000,0.000000,0.090000,0.000000,0.000000,0.000000,0.000000,8.000000,36.040000
1789151317.710363,0,0.000000,0.000000,0.000000,0.170000,0.000000,0.000000,0.000000,0.000000,8.000000,36.040000
1789151317.737829,0,0.000000,0.000000,0.000000,0.300000,0.000000,0.000000,0.000000,0.000000,8.000000,36.060000
1789151317.738317,0,0.000000,0.000000,0.000000,0.170000,0.000000,0.000000,0.000000,0.000000,8.000000,36.060000
1789151317.738713,0,0.000000,0.000000,0.000000,0.300000,0.000000,0.000000,0.000000,0.000000,8.000000,36.080000
1789151317.739229,0,0.000000,0.000000,0.000000,0.300000,0.000000,0.000000,0.000000,0.000000,8.000000,36.090000
1789151317.766192,0,0.000000,0.000000,0.000000,0.250000,0.000000,0.000000,0.000000,0.000000,8.000000,36.090000
1789151317.766687,0,0.000000,0.000000,0.000000,0.120000,0.000000,0.000000,0.000000,0.000000,8.000000,36.110000
1789151317.794629,0,0.000000,0.000000,0.000000,0.250000,0.000000,0.000000,0.000000,0.000000,8.000000,36.110000
1789151317.795350,0,0.000000,0.000000,0.000000,0.250000,0.000000,0.000000,0.000000,0.000000,8.000000,36.130000
1789151317.795974,0,0.000000,0.000000,0.000000,0.300000,0.000000,0.000000,0.000000,0.000000,8.000000,36.130000
1789151317.823291,0,0.000000,0.000000,0.000000,0.250000,0.000000,0.000000,0.000000,0.000000,8.000000,36.150000
1789151317.823889,0,0.000000,0.000000,0.000000,0.210000,0.000000,0.000000,0.000000,0.000000,8.000000,36.150000
1789151317.824517,0,0.000000,0.000000,0.000000,0.090000,0.000000,0.000000,0.000000,0.000000,8.000000,36.160000
1789151317.852423,0,0.000000,0.000000,0.000000,0.170000,0.000000,0.000000,0.000000,0.000000,8.000000,36.180000
1789151317.852922,0,0.000000,0.000000,0.000000,0.380000,0.000000,0.000000,0.000000,0.000000,8.000000,36.180000
1789151317.853584,0,0.000000,0.000000,0.000000,0.340000,0.000000,0.000000,0.000000,0.000000,8.000000,36.200000
1789151317.884571,0,0.000000,0.000000,0.000000,0.250000,0.000000,0.000000,0.000000,0.000000,8.000000,36.200000
1789151317.885118,0,0.000000,0.000000,0.000000,0.090000,0.000000,0.000000,0.000000,0.000000,8.000000,36.220000
1789151317.885856,0,0.000000,0.000000,0.000000,0.170000,0.000000,0.000000,0.000000,0.000000,8.000000,36.220000
1789151317.914490,0,0.000000,0.000000,0.000000,0.170000,0.000000,0.000000,0.000000,0.000000,8.000000,36.240000
1789151317.915063,0,0.000000,0.000000,0.000000,0.250000,0.000000,0.000000,0.000000,0.000000,8.000000,36.250000
1789151317.915593,0,0.000000,0.000000,0.000000,0.210000,0.000000,0.000000,0.000000,0.000000,8.000000,36.250000
1789151317.944902,0,0.000000,0.000000,0.000000,0.170000,0.000000,0.000000,0.000000,0.000000,8.000000,36.270000
1789151317.945626,0,0.000000,0.000000,0.000000,0.250000,0.000000,0.000000,0.000000,0.000000,8.000000,36.270000
1789151317.946250,0,0.000000,0.000000,0.000000,-0.110000,0.000000,0.000000,0.000000,0.000000,8.000000,36.290000
1789151317.946768,0,0.000000,0.000000,0.000000,0.380000,0.000000,0.000000,0.000000,0.000000,8.000000,36.290000
1789151317.975333,0,0.000000,0.000000,0.000000,0.300000,0.000000,0.000000,0.000000,0.000000,8.000000,36.310000
1789151317.975929,0,0.000000,0.000000,0.000000,0.170000,0.000000,0.000000,0.000000,0.000000,8.000000,36.310000
1789151318.004373,0,0.000000,0.000000,0.000000,0.380000,0.000000,0.000000,0.000000,0.000000,8.000000,36.330000
1789151318.004972,0,0.000000,0.000000,0.000000,0.380000,0.000000,0.000000,0.000000,0.000000,8.000000,36.340000
1789151318.005440,0,0.000000,0.000000,0.000000,0.170000,0.000000,0.000000,0.000000,0.000000,8.000000,36.340000
1789151318.033756,0,0.000000,0.000000,0.000000,0.170000,0.000000,0.000000,0.000000,0.000000,8.000000,36.360000
1789151318.034338,0,0.000000,0.000000,0.000000,0.170000,0.000000,0.000000,0.000000,0.000000,8.000000,36.360000
1789151318.034975,0,0.000000,0.000000,0.000000,0.030000,0.000000,0.000000,0.000000,0.000000,8.000000,36.380000
1789151318.063272,0,0.000000,0.000000,0.000000,0.090000,0.000000,0.000000,0.000000,0.000000,8.000000,36.380000
1789151318.063782,0,0.000000,0.000000,0.000000,0.170000,0.000000,0.000000,0.000000,0.000000,8.000000,36.400000
1789151318.064427,0,0.000000,0.000000,0.000000,0.000000,0.000000,0.000000,0.000000,0.000000,8.000000,36.400000
1789151318.092524,0,0.000000,0.000000,0.000000,0.210000,0.000000,0.000000,0.000000,0.000000,8.000000,36.410000
1789151318.093030,0,0.000000,0.000000,0.000000,0.210000,0.000000,0.000000,0.000000,0.000000,8.000000,36.430000
1789151318.093582,0,0.000000,0.000000,0.000000,0.170000,0.000000,0.000000,0.000000,0.000000,8.000000,36.430000
1789151318.121769,0,0.000000,0.000000,0.000000,0.170000,0.000000,0.000000,0.000000,0.000000,8.000000,36.450000
1789151318.122264,0,0.000000,0.000000,0.000000,0.300000,0.000000,0.000000,0.000000,0.000000,8.000000,36.450000
1789151318.122971,0,0.000000,0.000000,0.000000,0.300000,0.000000,0.000000,0.000000,0.000000,8.000000,36.470000
1789151318.150589,0,0.000000,0.000000,0.000000,0.170000,0.000000,0.000000,0.000000,0.000000,8.000000,36.470000
1789151318.151085,0,0.000000,0.000000,0.000000,0.090000,0.000000,0.000000,0.000000,0.000000,8.000000,36.490000
1789151318.151627,0,0.000000,0.000000,0.000000,0.030000,0.000000,0.000000,0.000000,0.000000,8.000000,36.500000
1789151318.152267,0,0.000000,0.000000,0.000000,0.170000,0.000000,0.000000,0.000000,0.000000,8.000000,36.500000
1789151318.181133,0,0.000000,0.000000,0.000000,0.120000,0.000000,0.000000,0.000000,0.000000,8.000000,36.520000
1789151318.210119,0,0.000000,0.000000,0.000000,0.250000,0.000000,0.000000,0.000000,0.000000,8.000000,36.520000
1789151318.210644,0,0.000000,0.000000,0.000000,0.380000,0.000000,0.000000,0.000000,0.000000,8.000000,36.540000
1789151318.211038,0,0.000000,0.000000,0.000000,0.340000,0.000000,0.000000,0.000000,0.000000,8.000000,36.540000
1789151318.239558,0,0.000000,0.000000,0.000000,0.340000,0.000000,0.000000,0.000000,0.000000,8.000000,36.560000
1789151318.240066,0,0.000000,0.000000,0.000000,0.090000,0.000000,0.000000,0.000000,0.000000,8.000000,36.560000
1789151318.240479,0,0.000000,0.000000,0.000000,0.090000,0.000000,0.000000,0.000000,0.000000,8.000000,36.580000
1789151318.240865,0,0.000000,0.000000,0.000000,0.000000,0.000000,0.000000,0.000000,0.000000,8.000000,36.590000
1789151318.269779,0,0.000000,0.000000,0.000000,0.030000,0.000000,0.000000,0.000000,0.000000,8.000000,36.590000
1789151318.270276,0,0.000000,0.000000,0.000000,0.120000,0.000000,0.000000,0.000000,0.000000,8.000000,36.610000
1789151318.270795,0,0.000000,0.000000,0.000000,0.120000,0.000000,0.000000,0.000000,0.000000,8.000000,36.610000
1789151318.301130,0,0.000000,0.000000,0.000000,0.210000,0.000000,0.000000,0.000000,0.000000,8.000000,36.630000
1789151318.301617,0,0.000000,0.000000,0.000000,0.120000,0.000000,0.000000,0.000000,0.000000,8.000000,36.630000
1789151318.330808,0,0.000000,0.000000,0.000000,-0.110000,0.000000,0.000000,0.000000,0.000000,8.000000,36.650000
1789151318.331280,0,0.000000,0.000000,0.000000,-0.020000,0.000000,0.000000,0.000000,0.000000,8.000000,36.650000
1789151318.331653,0,0.000000,0.000000,0.000000,-0.020000,0.000000,0.000000,0.000000,0.000000,8.000000,36.660000
1789151318.331994,0,0.000000,0.000000,0.000000,0.000000,0.000000,0.000000,0.000000,0.000000,8.000000,36.680000
1789151318.360627,0,0.000000,0.000000,0.000000,0.030000,0.000000,0.000000,0.000000,0.000000,8.000000,36.680000
1789151318.361203,0,0.000000,0.000000,0.000000,0.000000,0.000000,0.000000,0.000000,0.000000,8.000000,36.700000
1789151318.361743,0,0.000000,0.000000,0.000000,-0.020000,0.000000,0.000000,0.000000,0.000000,8.000000,36.700000
1789151318.390750,0,0.000000,0.000000,0.000000,0.000000,0.000000,0.000000,0.000000,0.000000,8.000000,36.720000
1789151318.391241,0,0.000000,0.000000,0.000000,-0.070000,0.000000,0.000000,0.000000,0.000000,8.000000,36.720000
1789151318.391631,0,0.000000,0.000000,0.000000,-0.110000,0.000000,0.000000,0.000000,0.000000,8.000000,36.740000
1789151318.421442,0,0.000000,0.000000,0.000000,0.120000,0.000000,0.000000,0.000000,0.000000,8.000000,36.750000
1789151318.421949,0,0.000000,0.000000,0.000000,-0.020000,0.000000,0.000000,0.000000,0.000000,8.000000,36.750000
1789151318.422336,0,0.000000,0.000000,0.000000,-0.150000,0.000000,0.000000,0.000000,0.000000,8.000000,36.770000
1789151318.454143,0,0.000000,0.000000,0.000000,-0.020000,0.000000,0.000000,0.000000,0.000000,8.000000,36.770000
1789151318.454628,0,0.000000,0.000000,0.000000,0.030000,0.000000,0.000000,0.000000,0.000000,8.000000,36.790000
1789151318.485499,0,0.000000,0.000000,0.000000,-0.110000,0.000000,0.000000,0.000000,0.000000,8.000000,36.790000
1789151318.486006,0,0.000000,0.000000,0.000000,-0.070000,0.000000,0.000000,0.000000,0.000000,8.000000,36.810000
1789151318.486403,0,0.000000,0.000000,0.000000,-0.070000,0.000000,0.000000,0.000000,0.000000,8.000000,36.810000
1789151318.486922,0,0.000000,0.000000,0.000000,0.000000,0.000000,0.000000,0.000000,0.000000,8.000000,36.830000
1789151318.511865,0,0.000000,0.000000,0.000000,0.030000,0.000000,0.000000,0.000000,0.000000,8.000000,36.840000
1789151318.512341,0,0.000000,0.000000,0.000000,-0.110000,0.000000,0.000000,0.000000,0.000000,8.000000,36.840000
1789151318.512716,0,0.000000,0.000000,0.000000,0.170000,0.000000,0.000000,0.000000,0.000000,8.000000,36.860000
1789151318.536555,0,0.000000,0.000000,0.000000,0.030000,0.000000,0.000000,0.000000,0.000000,8.000000,36.860000
1789151318.537106,0,0.000000,0.000000,0.000000,-0.150000,0.000000,0.000000,0.000000,0.000000,8.000000,36.880000
1789151318.537687,0,0.000000,0.000000,0.000000,0.000000,0.000000,0.000000,0.000000,0.000000,8.000000,36.880000
1789151318.560758,0,0.000000,0.000000,0.000000,0.030000,0.000000,0.000000,0.000000,0.000000,8.000000,36.900000
1789151318.561269,0,0.000000,0.000000,0.000000,0.090000,0.000000,0.000000,0.000000,0.000000,8.000000,36.900000
1789151318.561730,0,0.000000,0.000000,0.000000,-0.070000,0.000000,0.000000,0.000000,0.000000,8.000000,36.900000
1789151318.583695,0,0.000000,0.000000,0.000000,0.000000,0.000000,0.000000,0.000000,0.000000,8.000000,36.930000
1789151318.584190,0,0.000000,0.000000,0.000000,-0.070000,0.000000,0.000000,0.000000,0.000000,8.000000,36.930000
1789151318.608265,0,0.000000,0.000000,0.000000,0.210000,0.000000,0.000000,0.000000,0.000000,8.000000,36.950000
1789151318.608795,0,0.000000,0.000000,0.000000,0.120000,0.000000,0.000000,0.000000,0.000000,8.000000,36.950000
1789151318.633009,0,0.000000,0.000000,0.000000,0.030000,0.000000,0.000000,0.000000,0.000000,8.000000,36.970000
1789151318.633511,0,0.000000,0.000000,0.000000,-0.020000,0.000000,0.000000,0.000000,0.000000,8.000000,36.970000
1789151318.657129,0,0.000000,0.000000,0.000000,-0.070000,0.000000,0.000000,0.000000,0.000000,8.000000,36.990000
1789151318.657686,0,0.000000,0.000000,0.000000,-0.020000,0.000000,0.000000,0.000000,0.000000,8.000000,37.000000
1789151318.658161,0,0.000000,0.000000,0.000000,0.090000,0.000000,0.000000,0.000000,0.000000,8.000000,37.000000
1789151318.658762,0,0.000000,0.000000,0.000000,-0.200000,0.000000,0.000000,0.000000,0.000000,8.000000,37.000000
1789151318.682361,0,0.000000,0.000000,0.000000,-0.200000,0.000000,0.000000,0.000000,0.000000,8.000000,37.020000
1789151318.682978,0,0.000000,0.000000,0.000000,-0.020000,0.000000,0.000000,0.000000,0.000000,8.000000,37.020000
1789151318.705441,0,0.000000,0.000000,0.000000,-0.070000,0.000000,0.000000,0.000000,0.000000,8.000000,37.040000
1789151318.705943,0,0.000000,0.000000,0.000000,0.250000,0.000000,0.000000,0.000000,0.000000,8.000000,37.040000
1789151318.728991,0,0.000000,0.000000,0.000000,-0.020000,0.000000,0.000000,0.000000,0.000000,8.000000,37.060000
1789151318.729586,0,0.000000,0.000000,0.000000,0.000000,0.000000,0.000000,0.000000,0.000000,8.000000,37.060000
1789151318.752792,0,0.000000,0.000000,0.000000,0.000000,0.000000,0.000000,0.000000,0.000000,8.000000,37.080000
1789151318.753294,0,0.000000,0.000000,0.000000,-0.110000,0.000000,0.000000,0.000000,0.000000,8.000000,37.090000
1789151318.775869,0,0.000000,0.000000,0.000000,0.000000,0.000000,0.000000,0.000000,0.000000,8.000000,37.090000
1789151318.776501,0,0.000000,0.000000,0.000000,0.090000,0.000000,0.000000,0.000000,0.000000,8.000000,37.110000
1789151318.777210,0,0.000000,0.000000,0.000000,0.170000,0.000000,0.000000,0.000000,0.000000,8.000000,37.110000
1789151318.798737,0,0.000000,0.000000,0.000000,0.090000,0.000000,0.000000,0.000000,0.000000,8.000000,37.130000
1789151318.799229,0,0.000000,0.000000,0.000000,0.030000,0.000000,0.000000,0.000000,0.000000,8.000000,37.150000
1789151318.799662,0,0.000000,0.000000,0.000000,0.030000,0.000000,0.000000,0.000000,0.000000,8.000000,37.150000
1789151318.822514,0,0.000000,0.000000,0.000000,0.000000,0.000000,0.000000,0.000000,0.000000,8.000000,37.150000
1789151318.823342,0,0.000000,0.000000,0.000000,-0.020000,0.000000,0.000000,0.000000,0.000000,8.000000,37.180000
1789151318.845349,0,0.000000,0.000000,0.000000,0.000000,0.000000,0.000000,0.000000,0.000000,8.000000,37.180000
1789151318.845937,0,0.000000,0.000000,0.000000,-0.020000,0.000000,0.000000,0.000000,0.000000,8.000000,37.200000
1789151318.846529,0,0.000000,0.000000,0.000000,-0.070000,0.000000,0.000000,0.000000,0.000000,8.000000,37.200000
1789151318.869823,0,0.000000,0.000000,0.000000,-0.150000,0.000000,0.000000,0.000000,0.000000,8.000000,37.200000
1789151318.892245,0,0.000000,0.000000,0.000000,-0.020000,0.000000,0.000000,0.000000,0.000000,8.000000,37.220000
1789151318.892873,0,0.000000,0.000000,0.000000,-0.150000,0.000000,0.000000,0.000000,0.000000,8.000000,37.220000
1789151318.915169,0,0.000000,0.000000,0.000000,-0.070000,0.000000,0.000000,0.000000,0.000000,8.000000,37.240000
1789151318.915671,0,0.000000,0.000000,0.000000,-0.110000,0.000000,0.000000,0.000000,0.000000,8.000000,37.250000
1789151318.916211,0,0.000000,0.000000,0.000000,0.030000,0.000000,0.000000,0.000000,0.000000,8.000000,37.250000
1789151318.938613,0,0.000000,0.000000,0.000000,0.090000,0.000000,0.000000,0.000000,0.000000,8.000000,37.270000
1789151318.939109,0,0.000000,0.000000,0.000000,-0.110000,0.000000,0.000000,0.000000,0.000000,8.000000,37.290000
1789151318.961746,0,0.000000,0.000000,0.000000,-0.250000,0.000000,0.000000,0.000000,0.000000,8.000000,37.290000
1789151318.962253,0,0.000000,0.000000,0.000000,-0.020000,0.000000,0.000000,0.000000,0.000000,8.000000,37.310000
1789151318.984467,0,0.000000,0.000000,0.000000,-0.020000,0.000000,0.000000,0.000000,0.000000,8.000000,37.310000
1789151318.984978,0,0.000000,0.000000,0.000000,0.000000,0.000000,0.000000,0.000000,0.000000,8.000000,37.330000
1789151319.006929,0,0.000000,0.000000,0.000000,0.030000,0.000000,0.000000,0.000000,0.000000,8.000000,37.340000
1789151319.007433,0,0.000000,0.000000,0.000000,0.120000,0.000000,0.000000,0.000000,0.000000,8.000000,37.340000
1789151319.007853,0,0.000000,0.000000,0.000000,-0.150000,0.000000,0.000000,0.000000,0.000000,8.000000,37.360000
1789151319.029901,0,0.000000,0.000000,0.000000,-0.070000,0.000000,0.000000,0.000000,0.000000,8.000000,37.360000
1789151319.030468,0,0.000000,0.000000,0.000000,-0.150000,0.000000,0.000000,0.000000,0.000000,8.000000,37.380000
1789151319.053607,0,0.000000,0.000000,0.000000,-0.150000,0.000000,0.000000,0.000000,0.000000,8.000000,37.380000
1789151319.054115,0,0.000000,0.000000,0.000000,-0.070000,0.000000,0.000000,0.000000,0.000000,8.000000,37.400000
1789151319.077806,0,0.000000,0.000000,0.000000,0.120000,0.000000,0.000000,0.000000,0.000000,8.000000,37.400000
1789151319.078360,0,0.000000,0.000000,0.000000,-0.070000,0.000000,0.000000,0.000000,0.000000,8.000000,37.410000
1789151319.078784,0,0.000000,0.000000,0.000000,-0.200000,0.000000,0.000000,0.000000,0.000000,8.000000,37.430000
1789151319.079266,0,0.000000,0.000000,0.000000,-0.020000,0.000000,0.000000,0.000000,0.000000,8.000000,37.430000
1789151319.101367,0,0.000000,0.000000,0.000000,-0.150000,0.000000,0.000000,0.000000,0.000000,8.000000,37.450000
1789151319.101869,0,0.000000,0.000000,0.000000,-0.150000,0.000000,0.000000,0.000000,0.000000,8.000000,37.450000
1789151319.124224,0,0.000000,0.000000,0.000000,-0.200000,0.000000,0.000000,0.000000,0.000000,8.000000,37.470000
1789151319.124737,0,0.000000,0.000000,0.000000,-0.150000,0.000000,0.000000,0.000000,0.000000,8.000000,37.470000
1789151319.147996,0,0.000000,0.000000,0.000000,-0.110000,0.000000,0.000000,0.000000,0.000000,8.000000,37.490000
1789151319.148508,0,0.000000,0.000000,0.000000,-0.110000,0.000000,0.000000,0.000000,0.000000,8.000000,37.500000
1789151319.170247,0,0.000000,0.000000,0.000000,-0.200000,0.000000,0.000000,0.000000,0.000000,8.000000,37.500000
1789151319.170766,0,0.000000,0.000000,0.000000,-0.110000,0.000000,0.000000,0.000000,0.000000,8.000000,37.520000
1789151319.171189,0,0.000000,0.000000,0.000000,-0.200000,0.000000,0.000000,0.000000,0.000000,8.000000,37.520000
1789151319.195656,0,0.000000,0.000000,0.000000,-0.070000,0.000000,0.000000,0.000000,0.000000,8.000000,37.540000
1789151319.218844,0,0.000000,0.000000,0.000000,-0.150000,0.000000,0.000000,0.000000,0.000000,8.000000,37.540000
1789151319.219416,0,0.000000,0.000000,0.000000,-0.150000,0.000000,0.000000,0.000000,0.000000,8.000000,37.560000
1789151319.219838,0,0.000000,0.000000,0.000000,-0.110000,0.000000,0.000000,0.000000,0.000000,8.000000,37.560000
1789151319.220383,0,0.000000,0.000000,0.000000,-0.150000,0.000000,0.000000,0.000000,0.000000,8.000000,37.580000
1789151319.242971,0,0.000000,0.000000,0.000000,-0.250000,0.000000,0.000000,0.000000,0.000000,8.000000,37.590000
1789151319.243624,0,0.000000,0.000000,0.000000,-0.150000,0.000000,0.000000,0.000000,0.000000,8.000000,37.590000
1789151319.265990,0,0.000000,0.000000,0.000000,0.000000,0.000000,0.000000,0.000000,0.000000,8.000000,37.590000
1789151319.266503,0,0.000000,0.000000,0.000000,0.030000,0.000000,0.000000,0.000000,0.000000,8.000000,37.610000
1789151319.289450,0,0.000000,0.000000,0.000000,-0.020000,0.000000,0.000000,0.000000,0.000000,8.000000,37.630000
1789151319.289941,0,0.000000,0.000000,0.000000,-0.070000,0.000000,0.000000,0.000000,0.000000,8.000000,37.630000
1789151319.290305,0,0.000000,0.000000,0.000000,-0.250000,0.000000,0.000000,0.000000,0.000000,8.000000,37.650000
1789151319.315093,0,0.000000,0.000000,0.000000,-0.200000,0.000000,0.000000,0.000000,0.000000,8.000000,37.650000
1789151319.315611,0,0.000000,0.000000,0.000000,-0.280000,0.000000,0.000000,0.000000,0.000000,8.000000,37.650000
1789151319.338226,0,0.000000,0.000000,0.000000,-0.250000,0.000000,0.000000,0.000000,0.000000,8.000000,37.680000
1789151319.338781,0,0.000000,0.000000,0.000000,-0.070000,0.000000,0.000000,0.000000,0.000000,8.000000,37.680000
1789151319.339313,0,0.000000,0.000000,0.000000,-0.110000,0.000000,0.000000,0.000000,0.000000,8.000000,37.680000
1789151319.362781,0,0.000000,0.000000,0.000000,-0.200000,0.000000,0.000000,0.000000,0.000000,8.000000,37.700000
1789151319.363293,0,0.000000,0.000000,0.000000,-0.150000,0.000000,0.000000,0.000000,0.000000,8.000000,37.700000
1789151319.363818,0,0.000000,0.000000,0.000000,-0.200000,0.000000,0.000000,0.000000,0.000000,8.000000,37.720000
1789151319.386713,0,0.000000,0.000000,0.000000,-0.250000,0.000000,0.000000,0.000000,0.000000,8.000000,37.720000
1789151319.387306,0,0.000000,0.000000,0.000000,-0.150000,0.000000,0.000000,0.000000,0.000000,8.000000,37.740000
1789151319.411155,0,0.000000,0.000000,0.000000,-0.200000,0.000000,0.000000,0.000000,0.000000,8.000000,37.750000
1789151319.411748,0,0.000000,0.000000,0.000000,-0.200000,0.000000,0.000000,0.000000,0.000000,8.000000,37.750000
1789151319.433758,0,0.000000,0.000000,0.000000,-0.110000,0.000000,0.000000,0.000000,0.000000,8.000000,37.770000
1789151319.434264,0,0.000000,0.000000,0.000000,-0.110000,0.000000,0.000000,0.000000,0.000000,8.000000,37.770000
1789151319.457115,0,0.000000,0.000000,0.000000,-0.500000,0.000000,0.000000,0.000000,0.000000,8.000000,37.790000
1789151319.457623,0,0.000000,0.000000,0.000000,-0.150000,0.000000,0.000000,0.000000,0.000000,8.000000,37.790000
1789151319.458050,0,0.000000,0.000000,0.000000,-0.150000,0.000000,0.000000,0.000000,0.000000,8.000000,37.810000
1789151319.484666,0,0.000000,0.000000,0.000000,-0.150000,0.000000,0.000000,0.000000,0.000000,8.000000,37.810000
1789151319.485177,0,0.000000,0.000000,0.000000,-0.150000,0.000000,0.000000,0.000000,0.000000,8.000000,37.830000
1789151319.508394,0,0.000000,0.000000,0.000000,-0.280000,0.000000,0.000000,0.000000,0.000000,8.000000,37.840000
1789151319.508901,0,0.000000,0.000000,0.000000,0.000000,0.000000,0.000000,0.000000,0.000000,8.000000,37.840000
1789151319.509322,0,0.000000,0.000000,0.000000,-0.280000,0.000000,0.000000,0.000000,0.000000,8.000000,37.860000
1789151319.534078,0,0.000000,0.000000,0.000000,-0.200000,0.000000,0.000000,0.000000,0.000000,8.000000,37.860000
1789151319.534694,0,0.000000,0.000000,0.000000,-0.250000,0.000000,0.000000,0.000000,0.000000,8.000000,37.880000
1789151319.535178,0,0.000000,0.000000,0.000000,-0.200000,0.000000,0.000000,0.000000,0.000000,8.000000,37.880000
1789151319.558564,0,0.000000,0.000000,0.000000,-0.200000,0.000000,0.000000,0.000000,0.000000,8.000000,37.900000
1789151319.559075,0,0.000000,0.000000,0.000000,-0.150000,0.000000,0.000000,0.000000,0.000000,8.000000,37.900000
1789151319.559514,0,0.000000,0.000000,0.000000,-0.150000,0.000000,0.000000,0.000000,0.000000,8.000000,37.910000
1789151319.585048,0,0.000000,0.000000,0.000000,-0.150000,0.000000,0.000000,0.000000,0.000000,8.000000,37.930000
1789151319.608502,0,0.000000,0.000000,0.000000,-0.110000,0.000000,0.000000,0.000000,0.000000,8.000000,37.930000
1789151319.609005,0,0.000000,0.000000,0.000000,-0.150000,0.000000,0.000000,0.000000,0.000000,8.000000,37.950000
1789151319.609541,0,0.000000,0.000000,0.000000,-0.070000,0.000000,0.000000,0.000000,0.000000,8.000000,37.950000
1789151319.634496,0,0.000000,0.000000,0.000000,-0.110000,0.000000,0.000000,0.000000,0.000000,8.000000,37.970000
1789151319.635072,0,0.000000,0.000000,0.000000,-0.250000,0.000000,0.000000,0.000000,0.000000,8.000000,37.970000
1789151319.635688,0,0.000000,0.000000,0.000000,-0.150000,0.000000,0.000000,0.000000,0.000000,8.000000,37.990000
1789151319.659786,0,0.000000,0.000000,0.000000,-0.150000,0.000000,0.000000,0.000000,0.000000,8.000000,38.000000
1789151319.685229,0,0.000000,0.000000,0.000000,-0.200000,0.000000,0.000000,0.000000,0.000000,8.000000,38.000000
1789151319.686001,0,0.000000,0.000000,0.000000,-0.250000,0.000000,0.000000,0.000000,0.000000,8.000000,38.020000
1789151319.708638,0,0.000000,0.000000,0.000000,-0.110000,0.000000,0.000000,0.000000,0.000000,8.000000,38.020000
1789151319.709149,0,0.000000,0.000000,0.000000,0.030000,0.000000,0.000000,0.000000,0.000000,8.000000,38.040000
1789151319.709684,0,0.000000,0.000000,0.000000,0.030000,0.000000,0.000000,0.000000,0.000000,8.000000,38.060000
1789151319.733586,0,0.000000,0.000000,0.000000,0.030000,0.000000,0.000000,0.000000,0.000000,8.000000,38.060000
1789151319.734090,0,0.000000,0.000000,0.000000,-0.020000,0.000000,0.000000,0.000000,0.000000,8.000000,38.080000
1789151319.758604,0,0.000000,0.000000,0.000000,-0.150000,0.000000,0.000000,0.000000,0.000000,8.000000,38.090000
1789151319.759191,0,0.000000,0.000000,0.000000,0.000000,0.000000,0.000000,0.000000,0.000000,8.000000,38.090000
1789151319.783360,0,0.000000,0.000000,0.000000,0.090000,0.000000,0.000000,0.000000,0.000000,8.000000,38.110000
1789151319.783873,0,0.000000,0.000000,0.000000,-0.070000,0.000000,0.000000,0.000000,0.000000,8.000000,38.110000
1789151319.784405,0,0.000000,0.000000,0.000000,0.000000,0.000000,0.000000,0.000000,0.000000,8.000000,38.130000
1789151319.807487,0,0.000000,0.000000,0.000000,-0.020000,0.000000,0.000000,0.000000,0.000000,8.000000,38.130000
1789151319.807994,0,0.000000,0.000000,0.000000,-0.110000,0.000000,0.000000,0.000000,0.000000,8.000000,38.150000
1789151319.808419,0,0.000000,0.000000,0.000000,-0.110000,0.000000,0.000000,0.000000,0.000000,8.000000,38.150000
1789151319.832990,0,0.000000,0.000000,0.000000,-0.200000,0.000000,0.000000,0.000000,0.000000,8.000000,38.160000
1789151319.833496,0,0.000000,0.000000,0.000000,-0.070000,0.000000,0.000000,0.000000,0.000000,8.000000,38.180000
1789151319.857173,0,0.000000,0.000000,0.000000,-0.110000,0.000000,0.000000,0.000000,0.000000,8.000000,38.180000
1789151319.857653,0,0.000000,0.000000,0.000000,-0.020000,0.000000,0.000000,0.000000,0.000000,8.000000,38.200000
1789151319.859657,0,0.000000,0.000000,0.000000,0.030000,0.000000,0.000000,0.000000,0.000000,8.000000,38.200000
1789151319.884035,0,0.000000,0.000000,0.000000,-0.200000,0.000000,0.000000,0.000000,0.000000,8.000000,38.220000
1789151319.884545,0,0.000000,0.000000,0.000000,-0.150000,0.000000,0.000000,0.000000,0.000000,8.000000,38.220000
1789151319.909114,0,0.000000,0.000000,0.000000,-0.110000,0.000000,0.000000,0.000000,0.000000,8.000000,38.240000
1789151319.909653,0,0.000000,0.000000,0.000000,-0.110000,0.000000,0.000000,0.000000,0.000000,8.000000,38.250000
1789151319.910094,0,0.000000,0.000000,0.000000,-0.280000,0.000000,0.000000,0.000000,0.000000,8.000000,38.250000
1789151319.934535,0,0.000000,0.000000,0.000000,-0.020000,0.000000,0.000000,0.000000,0.000000,8.000000,38.270000
1789151319.935041,0,0.000000,0.000000,0.000000,-0.150000,0.000000,0.000000,0.000000,0.000000,8.000000,38.270000
1789151319.958536,0,0.000000,0.000000,0.000000,-0.150000,0.000000,0.000000,0.000000,0.000000,8.000000,38.290000
1789151319.959044,0,0.000000,0.000000,0.000000,-0.280000,0.000000,0.000000,0.000000,0.000000,8.000000,38.290000
1789151319.959471,0,0.000000,0.000000,0.000000,-0.150000,0.000000,0.000000,0.000000,0.000000,8.000000,38.310000
1789151319.985134,0,0.000000,0.000000,0.000000,-0.150000,0.000000,0.000000,0.000000,0.000000,8.000000,38.310000
1789151319.985701,0,0.000000,0.000000,0.000000,-0.070000,0.000000,0.000000,0.000000,0.000000,8.000000,38.330000
1789151319.986109,0,0.000000,0.000000,0.000000,-0.150000,0.000000,0.000000,0.000000,0.000000,8.000000,38.340000
1789151320.011363,0,0.000000,0.000000,0.000000,-0.150000,0.000000,0.000000,0.000000,0.000000,8.000000,38.340000
1789151320.036402,0,0.000000,0.000000,0.000000,-0.250000,0.000000,0.000000,0.000000,0.000000,8.000000,38.360000
1789151320.036926,0,0.000000,0.000000,0.000000,-0.150000,0.000000,0.000000,0.000000,0.000000,8.000000,38.360000
1789151320.037398,0,0.000000,0.000000,0.000000,-0.110000,0.000000,0.000000,0.000000,0.000000,8.000000,38.380000
1789151320.060976,0,0.000000,0.000000,0.000000,-0.150000,0.000000,0.000000,0.000000,0.000000,8.000000,38.380000
1789151320.061620,0,0.000000,0.000000,0.000000,-0.110000,0.000000,0.000000,0.000000,0.000000,8.000000,38.400000
1789151320.062096,0,0.000000,0.000000,0.000000,-0.200000,0.000000,0.000000,0.000000,0.000000,8.000000,38.400000
1789151320.062611,0,0.000000,0.000000,0.000000,-0.070000,0.000000,0.000000,0.000000,0.000000,8.000000,38.410000
1789151320.086744,0,0.000000,0.000000,0.000000,-0.070000,0.000000,0.000000,0.000000,0.000000,8.000000,38.430000
1789151320.087268,0,0.000000,0.000000,0.000000,-0.070000,0.000000,0.000000,0.000000,0.000000,8.000000,38.430000
1789151320.113017,0,0.000000,0.000000,0.000000,0.030000,0.000000,0.000000,0.000000,0.000000,8.000000,38.450000
1789151320.113638,0,0.000000,0.000000,0.000000,-0.150000,0.000000,0.000000,0.000000,0.000000,8.000000,38.450000
1789151320.138020,0,0.000000,0.000000,0.000000,-0.250000,0.000000,0.000000,0.000000,0.000000,8.000000,38.470000
1789151320.138514,0,0.000000,0.000000,0.000000,0.030000,0.000000,0.000000,0.000000,0.000000,8.000000,38.470000
1789151320.138912,0,0.000000,0.000000,0.000000,-0.340000,0.000000,0.000000,0.000000,0.000000,8.000000,38.490000
1789151320.165628,0,0.000000,0.000000,0.000000,-0.110000,0.000000,0.000000,0.000000,0.000000,8.000000,38.500000
1789151320.166146,0,0.000000,0.000000,0.000000,-0.200000,0.000000,0.000000,0.000000,0.000000,8.000000,38.500000
1789151320.189605,0,0.000000,0.000000,0.000000,-0.250000,0.000000,0.000000,0.000000,0.000000,8.000000,38.520000
1789151320.190110,0,0.000000,0.000000,0.000000,-0.150000,0.000000,0.000000,0.000000,0.000000,8.000000,38.520000
1789151320.190554,0,0.000000,0.000000,0.000000,-0.070000,0.000000,0.000000,0.000000,0.000000,8.000000,38.540000
1789151320.216013,0,0.000000,0.000000,0.000000,-0.020000,0.000000,0.000000,0.000000,0.000000,8.000000,38.540000
1789151320.216680,0,0.000000,0.000000,0.000000,-0.110000,0.000000,0.000000,0.000000,0.000000,8.000000,38.560000
1789151320.217173,0,0.000000,0.000000,0.000000,-0.070000,0.000000,0.000000,0.000000,0.000000,8.000000,38.560000
1789151320.244129,0,0.000000,0.000000,0.000000,-0.110000,0.000000,0.000000,0.000000,0.000000,8.000000,38.580000
1789151320.244694,0,0.000000,0.000000,0.000000,-0.340000,0.000000,0.000000,0.000000,0.000000,8.000000,38.590000
1789151320.245164,0,0.000000,0.000000,0.000000,-0.110000,0.000000,0.000000,0.000000,0.000000,8.000000,38.590000
1789151320.270297,0,0.000000,0.000000,0.000000,-0.200000,0.000000,0.000000,0.000000,0.000000,8.000000,38.610000
1789151320.270832,0,0.000000,0.000000,0.000000,-0.150000,0.000000,0.000000,0.000000,0.000000,8.000000,38.610000
1789151320.294652,0,0.000000,0.000000,0.000000,-0.020000,0.000000,0.000000,0.000000,0.000000,8.000000,38.630000
1789151320.295181,0,0.000000,0.000000,0.000000,-0.110000,0.000000,0.000000,0.000000,0.000000,8.000000,38.630000
1789151320.295588,0,0.000000,0.000000,0.000000,-0.150000,0.000000,0.000000,0.000000,0.000000,8.000000,38.650000
1789151320.319452,0,0.000000,0.000000,0.000000,-0.200000,0.000000,0.000000,0.000000,0.000000,8.000000,38.650000
1789151320.319960,0,0.000000,0.000000,0.000000,-0.110000,0.000000,0.000000,0.000000,0.000000,8.000000,38.660000
1789151320.346070,0,0.000000,0.000000,0.000000,-0.020000,0.000000,0.000000,0.000000,0.000000,8.000000,38.680000
1789151320.346608,0,0.000000,0.000000,0.000000,-0.250000,0.000000,0.000000,0.000000,0.000000,8.000000,38.680000
1789151320.371982,0,0.000000,0.000000,0.000000,-0.250000,0.000000,0.000000,0.000000,0.000000,8.000000,38.700000
1789151320.372496,0,0.000000,0.000000,0.000000,-0.340000,0.000000,0.000000,0.000000,0.000000,8.000000,38.700000
1789151320.372975,0,0.000000,0.000000,0.000000,-0.200000,0.000000,0.000000,0.000000,0.000000,8.000000,38.720000
1789151320.397368,0,0.000000,0.000000,0.000000,0.000000,0.000000,0.000000,0.000000,0.000000,8.000000,38.720000
1789151320.397859,0,0.000000,0.000000,0.000000,0.000000,0.000000,0.000000,0.000000,0.000000,8.000000,38.740000
1789151320.398254,0,0.000000,0.000000,0.000000,0.030000,0.000000,0.000000,0.000000,0.000000,8.000000,38.740000
1789151320.426285,0,0.000000,0.000000,0.000000,-0.110000,0.000000,0.000000,0.000000,0.000000,8.000000,38.750000
1789151320.426815,0,0.000000,0.000000,0.000000,-0.110000,0.000000,0.000000,0.000000,0.000000,8.000000,38.750000
1789151320.452788,0,0.000000,0.000000,0.000000,-0.150000,0.000000,0.000000,0.000000,0.000000,8.000000,38.770000
1789151320.453331,0,0.000000,0.000000,0.000000,0.000000,0.000000,0.000000,0.000000,0.000000,8.000000,38.770000
1789151320.453709,0,0.000000,0.000000,0.000000,-0.150000,0.000000,0.000000,0.000000,0.000000,8.000000,38.790000
1789151320.480264,0,0.000000,0.000000,0.000000,-0.070000,0.000000,0.000000,0.000000,0.000000,8.000000,38.810000
1789151320.480796,0,0.000000,0.000000,0.000000,0.030000,0.000000,0.000000,0.000000,0.000000,8.000000,38.810000
1789151320.481213,0,0.000000,0.000000,0.000000,-0.020000,0.000000,0.000000,0.000000,0.000000,8.000000,38.830000
1789151320.508763,0,0.000000,0.000000,0.000000,0.120000,0.000000,0.000000,0.000000,0.000000,8.000000,38.840000
1789151320.509487,0,0.000000,0.000000,0.000000,-0.150000,0.000000,0.000000,0.000000,0.000000,8.000000,38.840000
1789151320.509991,0,0.000000,0.000000,0.000000,-0.110000,0.000000,0.000000,0.000000,0.000000,8.000000,38.860000
1789151320.537357,0,0.000000,0.000000,0.000000,-0.150000,0.000000,0.000000,0.000000,0.000000,8.000000,38.860000
1789151320.537865,0,0.000000,0.000000,0.000000,-0.110000,0.000000,0.000000,0.000000,0.000000,8.000000,38.860000
1789151320.538309,0,0.000000,0.000000,0.000000,0.030000,0.000000,0.000000,0.000000,0.000000,8.000000,38.880000
1789151320.564814,0,0.000000,0.000000,0.000000,-0.110000,0.000000,0.000000,0.000000,0.000000,8.000000,38.880000
1789151320.565325,0,0.000000,0.000000,0.000000,-0.070000,0.000000,0.000000,0.000000,0.000000,8.000000,38.900000
1789151320.565899,0,0.000000,0.000000,0.000000,-0.150000,0.000000,0.000000,0.000000,0.000000,8.000000,38.900000
1789151320.590776,0,0.000000,0.000000,0.000000,-0.110000,0.000000,0.000000,0.000000,0.000000,8.000000,38.910000
1789151320.591458,0,0.000000,0.000000,0.000000,0.000000,0.000000,0.000000,0.000000,0.000000,8.000000,38.930000
1789151320.620116,0,0.000000,0.000000,0.000000,0.090000,0.000000,0.000000,0.000000,0.000000,8.000000,38.930000
1789151320.620650,0,0.000000,0.000000,0.000000,-0.020000,0.000000,0.000000,0.000000,0.000000,8.000000,38.950000
1789151320.621060,0,0.000000,0.000000,0.000000,0.000000,0.000000,0.000000,0.000000,0.000000,8.000000,38.950000
1789151320.621628,0,0.000000,0.000000,0.000000,0.030000,0.000000,0.000000,0.000000,0.000000,8.000000,38.970000
1789151320.648582,0,0.000000,0.000000,0.000000,-0.110000,0.000000,0.000000,0.000000,0.000000,8.000000,38.970000
1789151320.649114,0,0.000000,0.000000,0.000000,-0.200000,0.000000,0.000000,0.000000,0.000000,8.000000,38.990000
1789151320.649622,0,0.000000,0.000000,0.000000,-0.150000,0.000000,0.000000,0.000000,0.000000,8.000000,39.000000
1789151320.677175,0,0.000000,0.000000,0.000000,-0.110000,0.000000,0.000000,0.000000,0.000000,8.000000,39.000000
1789151320.677841,0,0.000000,0.000000,0.000000,-0.070000,0.000000,0.000000,0.000000,0.000000,8.000000,39.020000
1789151320.705137,0,0.000000,0.000000,0.000000,-0.070000,0.000000,0.000000,0.000000,0.000000,8.000000,39.020000
1789151320.705663,0,0.000000,0.000000,0.000000,0.090000,0.000000,0.000000,0.000000,0.000000,8.000000,39.040000
1789151320.706070,0,0.000000,0.000000,0.000000,-0.020000,0.000000,0.000000,0.000000,0.000000,8.000000,39.040000
1789151320.733746,0,0.000000,0.000000,0.000000,-0.070000,0.000000,0.000000,0.000000,0.000000,8.000000,39.060000
1789151320.734249,0,0.000000,0.000000,0.000000,-0.020000,0.000000,0.000000,0.000000,0.000000,8.000000,39.060000
1789151320.734667,0,0.000000,0.000000,0.000000,-0.110000,0.000000,0.000000,0.000000,0.000000,8.000000,39.080000
1789151320.761485,0,0.000000,0.000000,0.000000,0.170000,0.000000,0.000000,0.000000,0.000000,8.000000,39.090000
1789151320.762000,0,0.000000,0.000000,0.000000,-0.070000,0.000000,0.000000,0.000000,0.000000,8.000000,39.090000
1789151320.762405,0,0.000000,0.000000,0.000000,-0.020000,0.000000,0.000000,0.000000,0.000000,8.000000,39.110000
1789151320.762927,0,0.000000,0.000000,0.000000,-0.020000,0.000000,0.000000,0.000000,0.000000,8.000000,39.110000
1789151320.789645,0,0.000000,0.000000,0.000000,-0.110000,0.000000,0.000000,0.000000,0.000000,8.000000,39.130000
1789151320.790157,0,0.000000,0.000000,0.000000,-0.020000,0.000000,0.000000,0.000000,0.000000,8.000000,39.130000
1789151320.815937,0,0.000000,0.000000,0.000000,-0.250000,0.000000,0.000000,0.000000,0.000000,8.000000,39.150000
1789151320.816457,0,0.000000,0.000000,0.000000,-0.250000,0.000000,0.000000,0.000000,0.000000,8.000000,39.150000
1789151320.816890,0,0.000000,0.000000,0.000000,-0.070000,0.000000,0.000000,0.000000,0.000000,8.000000,39.160000
1789151320.843572,0,0.000000,0.000000,0.000000,-0.020000,0.000000,0.000000,0.000000,0.000000,8.000000,39.180000
1789151320.844143,0,0.000000,0.000000,0.000000,-0.280000,0.000000,0.000000,0.000000,0.000000,8.000000,39.180000
1789151320.867698,0,0.000000,0.000000,0.000000,-0.070000,0.000000,0.000000,0.000000,0.000000,8.000000,39.200000
1789151320.868208,0,0.000000,0.000000,0.000000,0.120000,0.000000,0.000000,0.000000,0.000000,8.000000,39.200000
1789151320.868635,0,0.000000,0.000000,0.000000,-0.070000,0.000000,0.000000,0.000000,0.000000,8.000000,39.220000
1789151320.893700,0,0.000000,0.000000,0.000000,0.120000,0.000000,0.000000,0.000000,0.000000,8.000000,39.220000
1789151320.894536,0,0.000000,0.000000,0.000000,-0.020000,0.000000,0.000000,0.000000,0.000000,8.000000,39.240000
1789151320.918408,0,0.000000,0.000000,0.000000,-0.150000,0.000000,0.000000,0.000000,0.000000,8.000000,39.250000
1789151320.918912,0,0.000000,0.000000,0.000000,-0.020000,0.000000,0.000000,0.000000,0.000000,8.000000,39.250000
1789151320.919454,0,0.000000,0.000000,0.000000,0.120000,0.000000,0.000000,0.000000,0.000000,8.000000,39.270000
1789151320.943388,0,0.000000,0.000000,0.000000,0.030000,0.000000,0.000000,0.000000,0.000000,8.000000,39.270000
1789151320.943932,0,0.000000,0.000000,0.000000,-0.020000,0.000000,0.000000,0.000000,0.000000,8.000000,39.290000
1789151320.944330,0,0.000000,0.000000,0.000000,-0.110000,0.000000,0.000000,0.000000,0.000000,8.000000,39.290000
1789151320.968183,0,0.000000,0.000000,0.000000,-0.070000,0.000000,0.000000,0.000000,0.000000,8.000000,39.310000
1789151320.992515,0,0.000000,0.000000,0.000000,0.000000,0.000000,0.000000,0.000000,0.000000,8.000000,39.310000
1789151320.993036,0,0.000000,0.000000,0.000000,-0.110000,0.000000,0.000000,0.000000,0.000000,8.000000,39.330000
1789151320.993466,0,0.000000,0.000000,0.000000,0.030000,0.000000,0.000000,0.000000,0.000000,8.000000,39.340000
1789151320.993875,0,0.000000,0.000000,0.000000,-0.070000,0.000000,0.000000,0.000000,0.000000,8.000000,39.340000
1789151321.018610,0,0.000000,0.000000,0.000000,0.120000,0.000000,0.000000,0.000000,0.000000,8.000000,39.360000
1789151321.019098,0,0.000000,0.000000,0.000000,-0.110000,0.000000,0.000000,0.000000,0.000000,8.000000,39.360000
1789151321.043617,0,0.000000,0.000000,0.000000,-0.020000,0.000000,0.000000,0.000000,0.000000,8.000000,39.380000
1789151321.044149,0,0.000000,0.000000,0.000000,-0.020000,0.000000,0.000000,0.000000,0.000000,8.000000,39.380000
1789151321.068611,0,0.000000,0.000000,0.000000,-0.020000,0.000000,0.000000,0.000000,0.000000,8.000000,39.400000
1789151321.069163,0,0.000000,0.000000,0.000000,-0.250000,0.000000,0.000000,0.000000,0.000000,8.000000,39.400000
1789151321.069621,0,0.000000,0.000000,0.000000,-0.020000,0.000000,0.000000,0.000000,0.000000,8.000000,39.400000
1789151321.095832,0,0.000000,0.000000,0.000000,-0.070000,0.000000,0.000000,0.000000,0.000000,8.000000,39.430000
1789151321.096403,0,0.000000,0.000000,0.000000,0.000000,0.000000,0.000000,0.000000,0.000000,8.000000,39.430000
1789151321.096938,0,0.000000,0.000000,0.000000,-0.070000,0.000000,0.000000,0.000000,0.000000,8.000000,39.450000
1789151321.121709,0,0.000000,0.000000,0.000000,-0.280000,0.000000,0.000000,0.000000,0.000000,8.000000,39.450000
1789151321.122239,0,0.000000,0.000000,0.000000,0.170000,0.000000,0.000000,0.000000,0.000000,8.000000,39.470000
1789151321.122703,0,0.000000,0.000000,0.000000,0.000000,0.000000,0.000000,0.000000,0.000000,8.000000,39.470000
1789151321.147218,0,0.000000,0.000000,0.000000,0.000000,0.000000,0.000000,0.000000,0.000000,8.000000,39.490000
1789151321.147879,0,0.000000,0.000000,0.000000,-0.250000,0.000000,0.000000,0.000000,0.000000,8.000000,39.490000
1789151321.172096,0,0.000000,0.000000,0.000000,0.000000,0.000000,0.000000,0.000000,0.000000,8.000000,39.500000
1789151321.172613,0,0.000000,0.000000,0.000000,0.000000,0.000000,0.000000,0.000000,0.000000,8.000000,39.520000
1789151321.173040,0,0.000000,0.000000,0.000000,0.030000,0.000000,0.000000,0.000000,0.000000,8.000000,39.520000
1789151321.199051,0,0.000000,0.000000,0.000000,0.000000,0.000000,0.000000,0.000000,0.000000,8.000000,39.520000
1789151321.223278,0,0.000000,0.000000,0.000000,-0.250000,0.000000,0.000000,0.000000,0.000000,8.000000,39.540000
1789151321.223783,0,0.000000,0.000000,0.000000,-0.150000,0.000000,0.000000,0.000000,0.000000,8.000000,39.540000
1789151321.224208,0,0.000000,0.000000,0.000000,0.030000,0.000000,0.000000,0.000000,0.000000,8.000000,39.560000
1789151321.224596,0,0.000000,0.000000,0.000000,-0.110000,0.000000,0.000000,0.000000,0.000000,8.000000,39.560000
1789151321.249229,0,0.000000,0.000000,0.000000,0.090000,0.000000,0.000000,0.000000,0.000000,8.000000,39.580000
1789151321.249741,0,0.000000,0.000000,0.000000,-0.020000,0.000000,0.000000,0.000000,0.000000,8.000000,39.590000
1789151321.250169,0,0.000000,0.000000,0.000000,-0.070000,0.000000,0.000000,0.000000,0.000000,8.000000,39.590000
1789151321.272850,0,0.000000,0.000000,1.000000,0.000000,0.000000,0.000000,0.000000,0.000000,8.000000,39.610000
1789151321.273356,0,0.000000,0.000000,1.000000,-0.150000,0.000000,0.000000,0.000000,0.000000,8.000000,39.610000
1789151321.297074,0,0.000000,0.000000,1.000000,-0.020000,0.000000,0.000000,0.000000,0.000000,8.000000,39.630000
1789151321.297626,0,0.000000,0.000000,1.000000,-0.070000,0.000000,0.000000,0.000000,0.000000,8.000000,39.630000
1789151321.298111,0,0.000000,0.000000,1.000000,0.120000,0.000000,0.000000,0.000000,0.000000,8.000000,39.650000
1789151321.298709,0,0.000000,0.000000,1.000000,-0.070000,0.000000,0.000000,0.000000,0.000000,8.000000,39.650000
1789151321.319916,0,0.000000,0.000000,1.000000,-0.070000,0.000000,0.000000,0.000000,0.000000,8.000000,39.660000
1789151321.320450,0,0.000000,0.000000,1.000000,-0.200000,0.000000,0.000000,0.000000,0.000000,8.000000,39.680000
1789151321.343504,0,0.000000,0.000000,1.000000,-0.200000,0.000000,0.000000,0.000000,0.000000,8.000000,39.680000
1789151321.367137,0,0.000000,0.000000,1.000000,-0.460000,0.000000,0.000000,0.000000,0.000000,8.000000,39.700000
1789151321.367646,0,0.000000,0.000000,1.000000,-0.550000,0.000000,0.000000,0.000000,0.000000,8.000000,39.700000
1789151321.368211,0,0.000000,0.000000,1.000000,-0.460000,0.000000,0.000000,0.000000,0.000000,8.000000,39.720000
1789151321.391479,0,0.000000,0.000000,1.000000,-0.410000,0.000000,0.000000,0.000000,0.000000,8.000000,39.720000
1789151321.391987,0,0.000000,0.000000,1.000000,-0.600000,0.000000,0.000000,0.000000,0.000000,8.000000,39.740000
1789151321.415504,0,0.000000,0.000000,1.000000,-0.460000,0.000000,0.000000,0.000000,0.000000,8.000000,39.750000
1789151321.416039,0,0.000000,0.000000,1.000000,-0.460000,0.000000,0.000000,0.000000,0.000000,8.000000,39.750000
1789151321.416619,0,0.000000,0.000000,1.000000,-0.460000,0.000000,0.000000,0.000000,0.000000,8.000000,39.770000
1789151321.438504,0,0.000000,0.000000,1.000000,-0.460000,0.000000,0.000000,0.000000,0.000000,8.000000,39.770000
1789151321.439020,0,0.000000,0.000000,1.000000,-0.460000,0.000000,0.000000,0.000000,0.000000,8.000000,39.790000
1789151321.439812,0,0.000000,0.000000,1.000000,-0.680000,0.000000,0.000000,0.000000,0.000000,8.000000,39.790000
1789151321.464133,0,0.000000,0.000000,1.000000,-0.760000,0.000000,0.000000,0.000000,0.000000,8.000000,39.810000
1789151321.464712,0,0.000000,0.000000,1.000000,-0.680000,0.000000,0.000000,0.000000,0.000000,8.000000,39.810000
1789151321.487905,0,0.000000,0.000000,1.000000,-0.860000,0.000000,0.000000,0.000000,0.000000,8.000000,39.830000
1789151321.488413,0,0.000000,0.000000,1.000000,-0.680000,0.000000,0.000000,0.000000,0.000000,8.000000,39.840000
1789151321.488825,0,0.000000,0.000000,1.000000,-0.760000,0.000000,0.000000,0.000000,0.000000,8.000000,39.840000
1789151321.514077,0,0.000000,0.000000,1.000000,-0.730000,0.000000,0.000000,0.000000,0.000000,8.000000,39.860000
1789151321.514709,0,0.000000,0.000000,1.000000,-0.760000,0.000000,0.000000,0.000000,0.000000,8.000000,39.860000
1789151321.539479,0,0.000000,0.000000,1.000000,-0.760000,0.000000,0.000000,0.000000,0.000000,8.000000,39.880000
1789151321.540018,0,0.000000,0.000000,1.000000,-0.810000,0.000000,0.000000,0.000000,0.000000,8.000000,39.880000
1789151321.540540,0,0.000000,0.000000,1.000000,-0.860000,0.000000,0.000000,0.000000,0.000000,8.000000,39.900000
1789151321.565799,0,0.000000,0.000000,1.000000,-1.070000,0.000000,0.000000,0.000000,0.000000,8.000000,39.900000
1789151321.566308,0,0.000000,0.000000,1.000000,-0.930000,0.000000,0.000000,0.000000,0.000000,8.000000,39.900000
1789151321.593520,0,0.000000,0.000000,1.000000,-1.020000,0.000000,0.000000,0.000000,0.000000,8.000000,39.930000
1789151321.594066,0,0.000000,0.000000,1.000000,-0.990000,0.000000,0.000000,0.000000,0.000000,8.000000,39.930000
1789151321.594824,0,0.000000,0.000000,1.000000,-1.280000,0.000000,0.000000,0.000000,0.000000,8.000000,39.950000
1789151321.623419,0,0.000000,0.000000,1.000000,-1.120000,0.000000,0.000000,0.000000,0.000000,8.000000,39.950000
1789151321.623935,0,0.000000,0.000000,1.000000,-1.020000,0.000000,0.000000,0.000000,0.000000,8.000000,39.970000
1789151321.651353,0,0.000000,0.000000,1.000000,-0.890000,0.000000,0.000000,0.000000,0.000000,8.000000,39.970000
1789151321.651882,0,0.000000,0.000000,1.000000,-1.150000,0.000000,0.000000,0.000000,0.000000,8.000000,39.990000
1789151321.652297,0,0.000000,0.000000,1.000000,-1.240000,0.000000,0.000000,0.000000,0.000000,8.000000,40.000000
1789151321.682574,0,0.000000,0.000000,1.000000,-1.020000,0.000000,0.000000,0.000000,0.000000,8.000000,40.000000
1789151321.683127,0,0.000000,0.000000,1.000000,-1.120000,0.000000,0.000000,0.000000,0.000000,8.000000,40.020000
1789151321.683552,0,0.000000,0.000000,1.000000,-1.070000,0.000000,0.000000,0.000000,0.000000,8.000000,40.020000
1789151321.712273,0,0.000000,0.000000,1.000000,-0.990000,0.000000,0.000000,0.000000,0.000000,8.000000,40.040000
1789151321.712778,0,0.000000,0.000000,1.000000,-1.070000,0.000000,0.000000,0.000000,0.000000,8.000000,40.040000
1789151321.713180,0,0.000000,0.000000,1.000000,-0.990000,0.000000,0.000000,0.000000,0.000000,8.000000,40.060000
1789151321.742343,0,0.000000,0.000000,1.000000,-0.930000,0.000000,0.000000,0.000000,0.000000,8.000000,40.060000
1789151321.743287,0,0.000000,0.000000,1.000000,-1.070000,0.000000,0.000000,0.000000,0.000000,8.000000,40.080000
1789151321.743841,0,0.000000,0.000000,1.000000,-0.990000,0.000000,0.000000,0.000000,0.000000,8.000000,40.080000
1789151321.770143,0,0.000000,0.000000,1.000000,-0.930000,0.000000,0.000000,0.000000,0.000000,8.000000,40.090000
1789151321.770657,0,0.000000,0.000000,1.000000,-0.930000,0.000000,0.000000,0.000000,0.000000,8.000000,40.090000
1789151321.771183,0,0.000000,0.000000,1.000000,-0.990000,0.000000,0.000000,0.000000,0.000000,8.000000,40.110000
1789151321.796459,0,0.000000,0.000000,1.000000,-1.200000,0.000000,0.000000,0.000000,0.000000,8.000000,40.110000
1789151321.796974,0,0.000000,0.000000,1.000000,-0.890000,0.000000,0.000000,0.000000,0.000000,8.000000,40.130000
1789151321.797400,0,0.000000,0.000000,1.000000,-0.890000,0.000000,0.000000,0.000000,0.000000,8.000000,40.130000
1789151321.822413,0,0.000000,0.000000,1.000000,-0.930000,0.000000,0.000000,0.000000,0.000000,8.000000,40.150000
1789151321.822975,0,0.000000,0.000000,1.000000,-1.120000,0.000000,0.000000,0.000000,0.000000,8.000000,40.150000
1789151321.850461,0,0.000000,0.000000,1.000000,-0.890000,0.000000,0.000000,0.000000,0.000000,8.000000,40.160000
1789151321.851038,0,0.000000,0.000000,1.000000,-0.990000,0.000000,0.000000,0.000000,0.000000,8.000000,40.180000
1789151321.851451,0,0.000000,0.000000,1.000000,-1.120000,0.000000,0.000000,0.000000,0.000000,8.000000,40.180000
1789151321.851877,0,0.000000,0.000000,1.000000,-0.930000,0.000000,0.000000,0.000000,0.000000,8.000000,40.200000
1789151321.878981,0,0.000000,0.000000,1.000000,-0.990000,0.000000,0.000000,0.000000,0.000000,8.000000,40.200000
1789151321.879725,0,0.000000,0.000000,1.000000,-0.930000,0.000000,0.000000,0.000000,0.000000,8.000000,40.220000
1789151321.880204,0,0.000000,0.000000,1.000000,-0.930000,0.000000,0.000000,0.000000,0.000000,8.000000,40.220000
1789151321.905907,0,0.000000,0.000000,1.000000,-0.990000,0.000000,0.000000,0.000000,0.000000,8.000000,40.240000
1789151321.906515,0,0.000000,0.000000,1.000000,-1.020000,0.000000,0.000000,0.000000,0.000000,8.000000,40.250000
1789151321.930458,0,0.000000,0.000000,1.000000,-0.550000,0.000000,0.000000,0.000000,0.000000,8.000000,40.270000
1789151321.930966,0,0.000000,0.000000,1.000000,-1.020000,0.000000,0.000000,0.000000,0.000000,8.000000,40.270000
1789151321.955188,0,0.000000,0.000000,1.000000,-1.020000,0.000000,0.000000,0.000000,0.000000,8.000000,40.270000
1789151321.955697,0,0.000000,0.000000,1.000000,-0.730000,0.000000,0.000000,0.000000,0.000000,8.000000,40.290000
1789151321.956121,0,0.000000,0.000000,1.000000,-0.630000,0.000000,0.000000,0.000000,0.000000,8.000000,40.290000
1789151321.980172,0,0.000000,0.000000,1.000000,-0.990000,0.000000,0.000000,0.000000,0.000000,8.000000,40.310000
1789151321.980725,0,0.000000,0.000000,1.000000,-0.860000,0.000000,0.000000,0.000000,0.000000,8.000000,40.310000
1789151321.981364,0,0.000000,0.000000,1.000000,-0.860000,0.000000,0.000000,0.000000,0.000000,8.000000,40.330000
1789151322.005941,0,0.000000,0.000000,1.000000,-0.810000,0.000000,0.000000,0.000000,0.000000,8.000000,40.340000
1789151322.006554,0,0.000000,0.000000,1.000000,-0.810000,0.000000,0.000000,0.000000,0.000000,8.000000,40.340000
1789151322.006971,0,0.000000,0.000000,1.000000,-0.890000,0.000000,0.000000,0.000000,0.000000,8.000000,40.360000
1789151322.034292,0,0.000000,0.000000,1.000000,-0.930000,0.000000,0.000000,0.000000,0.000000,8.000000,40.360000
1789151322.034877,0,0.000000,0.000000,1.000000,-0.890000,0.000000,0.000000,0.000000,0.000000,8.000000,40.380000
1789151322.059994,0,0.000000,0.000000,1.000000,-0.930000,0.000000,0.000000,0.000000,0.000000,8.000000,40.380000
1789151322.060553,0,0.000000,0.000000,1.000000,-0.810000,0.000000,0.000000,0.000000,0.000000,8.000000,40.400000
1789151322.060991,0,0.000000,0.000000,1.000000,-0.890000,0.000000,0.000000,0.000000,0.000000,8.000000,40.400000
1789151322.087116,0,0.000000,0.000000,1.000000,-0.890000,0.000000,0.000000,0.000000,0.000000,8.000000,40.410000
1789151322.087628,0,0.000000,0.000000,1.000000,-0.860000,0.000000,0.000000,0.000000,0.000000,8.000000,40.430000
1789151322.088220,0,0.000000,0.000000,1.000000,-0.930000,0.000000,0.000000,0.000000,0.000000,8.000000,40.430000
1789151322.111926,0,0.000000,0.000000,1.000000,-0.810000,0.000000,0.000000,0.000000,0.000000,8.000000,40.450000
1789151322.112548,0,0.000000,0.000000,1.000000,-1.020000,0.000000,0.000000,0.000000,0.000000,8.000000,40.450000
1789151322.135693,0,0.000000,0.000000,1.000000,-0.860000,0.000000,0.000000,0.000000,0.000000,8.000000,40.470000
1789151322.136200,0,0.000000,0.000000,1.000000,-0.760000,0.000000,0.000000,0.000000,0.000000,8.000000,40.470000
1789151322.160602,0,0.000000,0.000000,1.000000,-0.810000,0.000000,0.000000,0.000000,0.000000,8.000000,40.490000
1789151322.161199,0,0.000000,0.000000,1.000000,-0.680000,0.000000,0.000000,0.000000,0.000000,8.000000,40.500000
1789151322.161806,0,0.000000,0.000000,1.000000,-0.890000,0.000000,0.000000,0.000000,0.000000,8.000000,40.500000
1789151322.184844,0,0.000000,0.000000,1.000000,-0.860000,0.000000,0.000000,0.000000,0.000000,8.000000,40.520000
1789151322.185357,0,0.000000,0.000000,1.000000,-0.810000,0.000000,0.000000,0.000000,0.000000,8.000000,40.520000
1789151322.185781,0,0.000000,0.000000,1.000000,-0.810000,0.000000,0.000000,0.000000,0.000000,8.000000,40.540000
1789151322.209835,0,0.000000,0.000000,1.000000,-0.760000,0.000000,0.000000,0.000000,0.000000,8.000000,40.540000
1789151322.210354,0,0.000000,0.000000,1.000000,-0.760000,0.000000,0.000000,0.000000,0.000000,8.000000,40.560000
1789151322.234831,0,0.000000,0.000000,1.000000,-0.810000,0.000000,0.000000,0.000000,0.000000,8.000000,40.560000
1789151322.235337,0,0.000000,0.000000,1.000000,-0.930000,0.000000,0.000000,0.000000,0.000000,8.000000,40.580000
1789151322.258956,0,0.000000,0.000000,1.000000,-0.760000,0.000000,0.000000,0.000000,0.000000,8.000000,40.590000
1789151322.259451,0,0.000000,0.000000,1.000000,-0.810000,0.000000,0.000000,0.000000,0.000000,8.000000,40.590000
1789151322.259982,0,0.000000,0.000000,1.000000,-0.890000,0.000000,0.000000,0.000000,0.000000,8.000000,40.610000
1789151322.284713,0,0.000000,0.000000,1.000000,-0.890000,0.000000,0.000000,0.000000,0.000000,8.000000,40.610000
1789151322.285231,0,0.000000,0.000000,1.000000,-0.810000,0.000000,0.000000,0.000000,0.000000,8.000000,40.630000
1789151322.308704,0,0.000000,0.000000,1.000000,-0.930000,0.000000,0.000000,0.000000,0.000000,8.000000,40.630000
1789151322.309233,0,0.000000,0.000000,1.000000,-0.890000,0.000000,0.000000,0.000000,0.000000,8.000000,40.650000
1789151322.309737,0,0.000000,0.000000,1.000000,-0.890000,0.000000,0.000000,0.000000,0.000000,8.000000,40.650000
1789151322.333199,0,0.000000,0.000000,1.000000,-0.890000,0.000000,0.000000,0.000000,0.000000,8.000000,40.660000
1789151322.333704,0,0.000000,0.000000,1.000000,-0.990000,0.000000,0.000000,0.000000,0.000000,8.000000,40.680000
1789151322.334225,0,0.000000,0.000000,1.000000,-0.930000,0.000000,0.000000,0.000000,0.000000,8.000000,40.680000
1789151322.357807,0,0.000000,0.000000,1.000000,-0.990000,0.000000,0.000000,0.000000,0.000000,8.000000,40.700000
1789151322.358319,0,0.000000,0.000000,1.000000,-0.930000,0.000000,0.000000,0.000000,0.000000,8.000000,40.700000
1789151322.383397,0,0.000000,0.000000,1.000000,-0.990000,0.000000,0.000000,0.000000,0.000000,8.000000,40.720000
1789151322.383949,0,0.000000,0.000000,1.000000,-0.930000,0.000000,0.000000,0.000000,0.000000,8.000000,40.720000
1789151322.384498,0,0.000000,0.000000,1.000000,-0.930000,0.000000,0.000000,0.000000,0.000000,8.000000,40.740000
1789151322.408185,0,0.000000,0.000000,1.000000,-1.020000,0.000000,0.000000,0.000000,0.000000,8.000000,40.750000
1789151322.408692,0,0.000000,0.000000,1.000000,-1.280000,0.000000,0.000000,0.000000,0.000000,8.000000,40.750000
1789151322.432710,0,0.000000,0.000000,1.000000,-0.990000,0.000000,0.000000,0.000000,0.000000,8.000000,40.770000
1789151322.433222,0,0.000000,0.000000,1.000000,-0.890000,0.000000,0.000000,0.000000,0.000000,8.000000,40.770000
1789151322.457389,0,0.000000,0.000000,1.000000,-0.890000,0.000000,0.000000,0.000000,0.000000,8.000000,40.790000
1789151322.457946,0,0.000000,0.000000,1.000000,-0.990000,0.000000,0.000000,0.000000,0.000000,8.000000,40.790000
1789151322.458349,0,0.000000,0.000000,1.000000,-0.930000,0.000000,0.000000,0.000000,0.000000,8.000000,40.810000
1789151322.482391,0,0.000000,0.000000,1.000000,-0.890000,0.000000,0.000000,0.000000,0.000000,8.000000,40.810000
1789151322.482902,0,0.000000,0.000000,1.000000,-1.070000,0.000000,0.000000,0.000000,0.000000,8.000000,40.830000
1789151322.483497,0,0.000000,0.000000,1.000000,-0.990000,0.000000,0.000000,0.000000,0.000000,8.000000,40.840000
1789151322.507594,0,0.000000,0.000000,1.000000,-0.890000,0.000000,0.000000,0.000000,0.000000,8.000000,40.840000
1789151322.508135,0,0.000000,0.000000,1.000000,-0.930000,0.000000,0.000000,0.000000,0.000000,8.000000,40.860000
1789151322.533264,0,0.000000,0.000000,1.000000,-0.930000,0.000000,0.000000,0.000000,0.000000,8.000000,40.860000
1789151322.533778,0,0.000000,0.000000,1.000000,-0.890000,0.000000,0.000000,0.000000,0.000000,8.000000,40.880000
1789151322.534207,0,0.000000,0.000000,1.000000,-0.930000,0.000000,0.000000,0.000000,0.000000,8.000000,40.880000
1789151322.557413,0,0.000000,0.000000,1.000000,-0.890000,0.000000,0.000000,0.000000,0.000000,8.000000,40.900000
1789151322.558143,0,0.000000,0.000000,1.000000,-0.860000,0.000000,0.000000,0.000000,0.000000,8.000000,40.900000
1789151322.584251,0,0.000000,0.000000,1.000000,-0.860000,0.000000,0.000000,0.000000,0.000000,8.000000,40.910000
1789151322.584903,0,0.000000,0.000000,1.000000,-0.810000,0.000000,0.000000,0.000000,0.000000,8.000000,40.930000
1789151322.608536,0,0.000000,0.000000,1.000000,-0.810000,0.000000,0.000000,0.000000,0.000000,8.000000,40.930000
1789151322.609067,0,0.000000,0.000000,1.000000,-0.680000,0.000000,0.000000,0.000000,0.000000,8.000000,40.950000
1789151322.609672,0,0.000000,0.000000,1.000000,-0.810000,0.000000,0.000000,0.000000,0.000000,8.000000,40.950000
1789151322.634132,0,0.000000,0.000000,1.000000,-0.930000,0.000000,0.000000,0.000000,0.000000,8.000000,40.970000
1789151322.634649,0,0.000000,0.000000,1.000000,-0.860000,0.000000,0.000000,0.000000,0.000000,8.000000,40.970000
1789151322.635315,0,0.000000,0.000000,1.000000,-0.810000,0.000000,0.000000,0.000000,0.000000,8.000000,40.990000
1789151322.658832,0,0.000000,0.000000,1.000000,-0.860000,0.000000,0.000000,0.000000,0.000000,8.000000,41.000000
1789151322.659338,0,0.000000,0.000000,1.000000,-0.860000,0.000000,0.000000,0.000000,0.000000,8.000000,41.000000
1789151322.684865,0,0.000000,0.000000,1.000000,-0.810000,0.000000,0.000000,0.000000,0.000000,8.000000,41.020000
1789151322.685471,0,0.000000,0.000000,1.000000,-0.810000,0.000000,0.000000,0.000000,0.000000,8.000000,41.020000
1789151322.708901,0,0.000000,0.000000,1.000000,-0.890000,0.000000,0.000000,0.000000,0.000000,8.000000,41.040000
1789151322.709555,0,0.000000,0.000000,1.000000,-0.860000,0.000000,0.000000,0.000000,0.000000,8.000000,41.040000
1789151322.710155,0,0.000000,0.000000,1.000000,-0.860000,0.000000,0.000000,0.000000,0.000000,8.000000,41.060000
1789151322.734344,0,0.000000,0.000000,1.000000,-0.810000,0.000000,0.000000,0.000000,0.000000,8.000000,41.060000
1789151322.734865,0,0.000000,0.000000,1.000000,-0.760000,0.000000,0.000000,0.000000,0.000000,8.000000,41.080000
1789151322.735291,0,0.000000,0.000000,1.000000,-0.890000,0.000000,0.000000,0.000000,0.000000,8.000000,41.090000
1789151322.759655,0,0.000000,0.000000,1.000000,-0.930000,0.000000,0.000000,0.000000,0.000000,8.000000,41.090000
1789151322.760215,0,0.000000,0.000000,1.000000,-0.810000,0.000000,0.000000,0.000000,0.000000,8.000000,41.110000
1789151322.784555,0,0.000000,0.000000,1.000000,-0.890000,0.000000,0.000000,0.000000,0.000000,8.000000,41.110000
1789151322.785071,0,0.000000,0.000000,1.000000,-0.930000,0.000000,0.000000,0.000000,0.000000,8.000000,41.130000
1789151322.785611,0,0.000000,0.000000,1.000000,-0.890000,0.000000,0.000000,0.000000,0.000000,8.000000,41.130000
1789151322.810418,0,0.000000,0.000000,1.000000,-0.760000,0.000000,0.000000,0.000000,0.000000,8.000000,41.150000
1789151322.811108,0,0.000000,0.000000,1.000000,-0.810000,0.000000,0.000000,0.000000,0.000000,8.000000,41.150000
1789151322.811567,0,0.000000,0.000000,1.000000,-0.890000,0.000000,0.000000,0.000000,0.000000,8.000000,41.160000
1789151322.835222,0,0.000000,0.000000,1.000000,-1.020000,0.000000,0.000000,0.000000,0.000000,8.000000,41.180000
1789151322.835728,0,0.000000,0.000000,1.000000,-0.810000,0.000000,0.000000,0.000000,0.000000,8.000000,41.180000
1789151322.836262,0,0.000000,0.000000,1.000000,-0.760000,0.000000,0.000000,0.000000,0.000000,8.000000,41.200000
1789151322.860102,0,0.000000,0.000000,1.000000,-0.860000,0.000000,0.000000,0.000000,0.000000,8.000000,41.200000
1789151322.860628,0,0.000000,0.000000,1.000000,-0.810000,0.000000,0.000000,0.000000,0.000000,8.000000,41.220000
1789151322.884972,0,0.000000,0.000000,1.000000,-0.860000,0.000000,0.000000,0.000000,0.000000,8.000000,41.220000
1789151322.885481,0,0.000000,0.000000,1.000000,-0.890000,0.000000,0.000000,0.000000,0.000000,8.000000,41.240000
1789151322.908545,0,0.000000,0.000000,1.000000,-0.930000,0.000000,0.000000,0.000000,0.000000,8.000000,41.250000
1789151322.909072,0,0.000000,0.000000,1.000000,-0.810000,0.000000,0.000000,0.000000,0.000000,8.000000,41.250000
1789151322.909712,0,0.000000,0.000000,1.000000,-0.760000,0.000000,0.000000,0.000000,0.000000,8.000000,41.270000
1789151322.934998,0,0.000000,0.000000,1.000000,-0.860000,0.000000,0.000000,0.000000,0.000000,8.000000,41.270000
1789151322.935732,0,0.000000,0.000000,1.000000,-0.810000,0.000000,0.000000,0.000000,0.000000,8.000000,41.290000
1789151322.958498,0,0.000000,0.000000,1.000000,-0.810000,0.000000,0.000000,0.000000,0.000000,8.000000,41.290000
1789151322.959006,0,0.000000,0.000000,1.000000,-0.680000,0.000000,0.000000,0.000000,0.000000,8.000000,41.310000
1789151322.959568,0,0.000000,0.000000,1.000000,-0.890000,0.000000,0.000000,0.000000,0.000000,8.000000,41.310000
1789151322.982334,0,0.000000,0.000000,1.000000,-0.930000,0.000000,0.000000,0.000000,0.000000,8.000000,41.330000
1789151323.005394,0,0.000000,0.000000,1.000000,-0.860000,0.000000,0.000000,0.000000,0.000000,8.000000,41.340000
1789151323.005897,0,0.000000,0.000000,1.000000,-0.990000,0.000000,0.000000,0.000000,0.000000,8.000000,41.340000
1789151323.031905,0,0.000000,0.000000,1.000000,-0.600000,0.000000,0.000000,0.000000,0.000000,8.000000,41.360000
1789151323.032579,0,0.000000,0.000000,1.000000,-0.730000,0.000000,0.000000,0.000000,0.000000,8.000000,41.360000
1789151323.033235,0,0.000000,0.000000,1.000000,-0.680000,0.000000,0.000000,0.000000,0.000000,8.000000,41.380000
1789151323.057165,0,0.000000,0.000000,1.000000,-0.630000,0.000000,0.000000,0.000000,0.000000,8.000000,41.380000
1789151323.057683,0,0.000000,0.000000,1.000000,-0.630000,0.000000,0.000000,0.000000,0.000000,8.000000,41.400000
1789151323.082878,0,0.000000,0.000000,1.000000,-1.020000,0.000000,0.000000,0.000000,0.000000,8.000000,41.400000
1789151323.083583,0,0.000000,0.000000,1.000000,-0.860000,0.000000,0.000000,0.000000,0.000000,8.000000,41.410000
1789151323.109507,0,0.000000,0.000000,1.000000,-0.760000,0.000000,0.000000,0.000000,0.000000,8.000000,41.430000
1789151323.110009,0,0.000000,0.000000,1.000000,-0.680000,0.000000,0.000000,0.000000,0.000000,8.000000,41.430000
1789151323.110416,0,0.000000,0.000000,1.000000,-0.730000,0.000000,0.000000,0.000000,0.000000,8.000000,41.450000
1789151323.110829,0,0.000000,0.000000,1.000000,-0.810000,0.000000,0.000000,0.000000,0.000000,8.000000,41.450000
1789151323.135112,0,0.000000,0.000000,1.000000,-0.860000,0.000000,0.000000,0.000000,0.000000,8.000000,41.470000
1789151323.135625,0,0.000000,0.000000,1.000000,-0.860000,0.000000,0.000000,0.000000,0.000000,8.000000,41.470000
1789151323.136218,0,0.000000,0.000000,1.000000,-0.860000,0.000000,0.000000,0.000000,0.000000,8.000000,41.490000
1789151323.159144,0,0.000000,0.000000,1.000000,-0.860000,0.000000,0.000000,0.000000,0.000000,8.000000,41.500000
1789151323.159831,0,0.000000,0.000000,1.000000,-0.680000,0.000000,0.000000,0.000000,0.000000,8.000000,41.500000
1789151323.185125,0,0.000000,0.000000,1.000000,-1.070000,0.000000,0.000000,0.000000,0.000000,8.000000,41.520000
1789151323.185755,0,0.000000,0.000000,1.000000,-0.730000,0.000000,0.000000,0.000000,0.000000,8.000000,41.520000
1789151323.186175,0,0.000000,0.000000,1.000000,-0.930000,0.000000,0.000000,0.000000,0.000000,8.000000,41.540000
1789151323.210594,0,0.000000,0.000000,1.000000,-1.020000,0.000000,0.000000,0.000000,0.000000,8.000000,41.540000
1789151323.211282,0,0.000000,0.000000,1.000000,-0.860000,0.000000,0.000000,0.000000,0.000000,8.000000,41.560000
1789151323.235012,0,0.000000,0.000000,1.000000,-0.930000,0.000000,0.000000,0.000000,0.000000,8.000000,41.560000
1789151323.235522,0,0.000000,0.000000,1.000000,-0.810000,0.000000,0.000000,0.000000,0.000000,8.000000,41.580000
1789151323.235946,0,0.000000,0.000000,1.000000,-0.810000,0.000000,0.000000,0.000000,0.000000,8.000000,41.590000
1789151323.260625,0,0.000000,0.000000,1.000000,-0.860000,0.000000,0.000000,0.000000,0.000000,8.000000,41.590000
1789151323.261193,0,0.000000,0.000000,1.000000,-0.550000,0.000000,0.000000,0.000000,0.000000,8.000000,41.610000
1789151323.286089,0,0.000000,0.000000,1.000000,-0.810000,0.000000,0.000000,0.000000,0.000000,8.000000,41.610000
1789151323.286680,0,0.000000,0.000000,1.000000,-0.890000,0.000000,0.000000,0.000000,0.000000,8.000000,41.630000
1789151323.287276,0,0.000000,0.000000,1.000000,-0.680000,0.000000,0.000000,0.000000,0.000000,8.000000,41.630000
1789151323.311689,0,0.000000,0.000000,1.000000,-0.860000,0.000000,0.000000,0.000000,0.000000,8.000000,41.650000
1789151323.312324,0,0.000000,0.000000,1.000000,-0.810000,0.000000,0.000000,0.000000,0.000000,8.000000,41.650000
1789151323.335932,0,0.000000,0.000000,1.000000,-0.890000,0.000000,0.000000,0.000000,0.000000,8.000000,41.660000
1789151323.336442,0,0.000000,0.000000,1.000000,-0.760000,0.000000,0.000000,0.000000,0.000000,8.000000,41.680000
1789151323.360536,0,0.000000,0.000000,1.000000,-0.730000,0.000000,0.000000,0.000000,0.000000,8.000000,41.680000
1789151323.361242,0,0.000000,0.000000,1.000000,-0.860000,0.000000,0.000000,0.000000,0.000000,8.000000,41.700000
1789151323.361711,0,0.000000,0.000000,1.000000,-0.890000,0.000000,0.000000,0.000000,0.000000,8.000000,41.700000
1789151323.385453,0,0.000000,0.000000,1.000000,-0.860000,0.000000,0.000000,0.000000,0.000000,8.000000,41.720000
1789151323.385957,0,0.000000,0.000000,1.000000,-0.810000,0.000000,0.000000,0.000000,0.000000,8.000000,41.720000
1789151323.386376,0,0.000000,0.000000,1.000000,-0.990000,0.000000,0.000000,0.000000,0.000000,8.000000,41.740000
1789151323.412241,0,0.000000,0.000000,1.000000,-0.890000,0.000000,0.000000,0.000000,0.000000,8.000000,41.750000
1789151323.412819,0,0.000000,0.000000,1.000000,-0.930000,0.000000,0.000000,0.000000,0.000000,8.000000,41.750000
1789151323.436736,0,0.000000,0.000000,1.000000,-0.890000,0.000000,0.000000,0.000000,0.000000,8.000000,41.770000
1789151323.437243,0,0.000000,0.000000,1.000000,-0.760000,0.000000,0.000000,0.000000,0.000000,8.000000,41.770000
1789151323.437665,0,0.000000,0.000000,1.000000,-0.890000,0.000000,0.000000,0.000000,0.000000,8.000000,41.790000
1789151323.438162,0,0.000000,0.000000,1.000000,-0.630000,0.000000,0.000000,0.000000,0.000000,8.000000,41.790000
1789151323.461302,0,0.000000,0.000000,1.000000,-0.760000,0.000000,0.000000,0.000000,0.000000,8.000000,41.810000
1789151323.485949,0,0.000000,0.000000,1.000000,-0.890000,0.000000,0.000000,0.000000,0.000000,8.000000,41.810000
1789151323.510061,0,0.000000,0.000000,1.000000,-0.860000,0.000000,0.000000,0.000000,0.000000,8.000000,41.830000
1789151323.510754,0,0.000000,0.000000,1.000000,-0.860000,0.000000,0.000000,0.000000,0.000000,8.000000,41.840000
1789151323.511439,0,0.000000,0.000000,1.000000,-0.730000,0.000000,0.000000,0.000000,0.000000,8.000000,41.840000
1789151323.512043,0,0.000000,0.000000,1.000000,-0.810000,0.000000,0.000000,0.000000,0.000000,8.000000,41.860000
1789151323.512763,0,0.000000,0.000000,1.000000,-0.860000,0.000000,0.000000,0.000000,0.000000,8.000000,41.860000
1789151323.537776,0,0.000000,0.000000,1.000000,-0.810000,0.000000,0.000000,0.000000,0.000000,8.000000,41.880000
1789151323.538290,0,0.000000,0.000000,1.000000,-0.860000,0.000000,0.000000,0.000000,0.000000,8.000000,41.880000
1789151323.564845,0,0.000000,0.000000,1.000000,-0.810000,0.000000,0.000000,0.000000,0.000000,8.000000,41.900000
1789151323.565364,0,0.000000,0.000000,1.000000,-0.810000,0.000000,0.000000,0.000000,0.000000,8.000000,41.900000
1789151323.590643,0,0.000000,0.000000,1.000000,-0.680000,0.000000,0.000000,0.000000,0.000000,8.000000,41.900000
1789151323.591152,0,0.000000,0.000000,1.000000,-0.630000,0.000000,0.000000,0.000000,0.000000,8.000000,41.930000
1789151323.591558,0,0.000000,0.000000,1.000000,-0.680000,0.000000,0.000000,0.000000,0.000000,8.000000,41.930000
1789151323.619955,0,0.000000,0.000000,1.000000,-0.630000,0.000000,0.000000,0.000000,0.000000,8.000000,41.950000
1789151323.620474,0,0.000000,0.000000,1.000000,-0.730000,0.000000,0.000000,0.000000,0.000000,8.000000,41.950000
1789151323.647218,0,0.000000,0.000000,1.000000,-0.730000,0.000000,0.000000,0.000000,0.000000,8.000000,41.970000
1789151323.647760,0,0.000000,0.000000,1.000000,-0.810000,0.000000,0.000000,0.000000,0.000000,8.000000,41.970000
1789151323.648157,0,0.000000,0.000000,1.000000,-0.630000,0.000000,0.000000,0.000000,0.000000,8.000000,41.990000
1789151323.649538,0,0.000000,0.000000,1.000000,-0.500000,0.000000,0.000000,0.000000,0.000000,8.000000,42.000000
1789151323.675493,0,0.000000,0.000000,1.000000,-1.020000,0.000000,0.000000,0.000000,0.000000,8.000000,42.000000
1789151323.676009,0,0.000000,0.000000,1.000000,-0.860000,0.000000,0.000000,0.000000,0.000000,8.000000,42.020000
1789151323.676442,0,0.000000,0.000000,1.000000,-0.810000,0.000000,0.000000,0.000000,0.000000,8.000000,42.020000
1789151323.703618,0,0.000000,0.000000,1.000000,-0.810000,0.000000,0.000000,0.000000,0.000000,8.000000,42.040000
1789151323.704169,0,0.000000,0.000000,1.000000,-0.860000,0.000000,0.000000,0.000000,0.000000,8.000000,42.040000
1789151323.704688,0,0.000000,0.000000,1.000000,-0.990000,0.000000,0.000000,0.000000,0.000000,8.000000,42.060000
1789151323.731000,0,0.000000,0.000000,1.000000,-0.890000,0.000000,0.000000,0.000000,0.000000,8.000000,42.060000
1789151323.731534,0,0.000000,0.000000,1.000000,-0.990000,0.000000,0.000000,0.000000,0.000000,8.000000,42.080000
1789151323.732028,0,0.000000,0.000000,1.000000,-0.930000,0.000000,0.000000,0.000000,0.000000,8.000000,42.090000
1789151323.759674,0,0.000000,0.000000,1.000000,-0.930000,0.000000,0.000000,0.000000,0.000000,8.000000,42.090000
1789151323.760186,0,0.000000,0.000000,1.000000,-0.860000,0.000000,0.000000,0.000000,0.000000,8.000000,42.110000
1789151323.787887,0,0.000000,0.000000,1.000000,-1.020000,0.000000,0.000000,0.000000,0.000000,8.000000,42.110000
1789151323.788402,0,0.000000,0.000000,1.000000,-0.890000,0.000000,0.000000,0.000000,0.000000,8.000000,42.130000
1789151323.788823,0,0.000000,0.000000,1.000000,-0.930000,0.000000,0.000000,0.000000,0.000000,8.000000,42.130000
1789151323.816309,0,0.000000,0.000000,1.000000,-0.930000,0.000000,0.000000,0.000000,0.000000,8.000000,42.130000
1789151323.816907,0,0.000000,0.000000,1.000000,-0.930000,0.000000,0.000000,0.000000,0.000000,8.000000,42.150000
1789151323.843475,0,0.000000,0.000000,1.000000,-1.150000,0.000000,0.000000,0.000000,0.000000,8.000000,42.160000
1789151323.844006,0,0.000000,0.000000,1.000000,-1.120000,0.000000,0.000000,0.000000,0.000000,8.000000,42.160000
1789151323.844588,0,0.000000,0.000000,1.000000,-1.150000,0.000000,0.000000,0.000000,0.000000,8.000000,42.180000
1789151323.845134,0,0.000000,0.000000,1.000000,-1.150000,0.000000,0.000000,0.000000,0.000000,8.000000,42.180000
1789151323.848302,0,0.000000,0.000000,1.000000,-1.120000,0.000000,0.000000,0.000000,0.000000,8.000000,42.200000
1789151323.874721,0,0.000000,0.000000,1.000000,-1.280000,0.000000,0.000000,0.000000,0.000000,8.000000,42.200000
1789151323.875458,0,0.000000,0.000000,1.000000,-1.280000,0.000000,0.000000,0.000000,0.000000,8.000000,42.220000
1789151323.901925,0,0.000000,0.000000,1.000000,-1.330000,0.000000,0.000000,0.000000,0.000000,8.000000,42.220000
1789151323.902447,0,0.000000,0.000000,1.000000,-1.460000,0.000000,0.000000,0.000000,0.000000,8.000000,42.240000
1789151323.902870,0,0.000000,0.000000,1.000000,-1.330000,0.000000,0.000000,0.000000,0.000000,8.000000,42.250000
1789151323.903495,0,0.000000,0.000000,1.000000,-1.540000,0.000000,0.000000,0.000000,0.000000,8.000000,42.250000
1789151323.930088,0,0.000000,0.000000,1.000000,-1.590000,0.000000,0.000000,0.000000,0.000000,8.000000,42.270000
1789151323.955961,0,0.000000,0.000000,1.000000,-1.500000,0.000000,0.000000,0.000000,0.000000,8.000000,42.270000
1789151323.956497,0,0.000000,0.000000,1.000000,-1.750000,0.000000,0.000000,0.000000,0.000000,8.000000,42.290000
1789151323.956927,0,0.000000,0.000000,1.000000,-1.590000,0.000000,0.000000,0.000000,0.000000,8.000000,42.290000
1789151323.957324,0,0.000000,0.000000,1.000000,-1.590000,0.000000,0.000000,0.000000,0.000000,8.000000,42.310000
1789151323.984327,0,0.000000,0.000000,1.000000,-1.410000,0.000000,0.000000,0.000000,0.000000,8.000000,42.310000
1789151323.984845,0,0.000000,0.000000,1.000000,-1.670000,0.000000,0.000000,0.000000,0.000000,8.000000,42.330000
1789151324.008296,0,0.000000,0.000000,1.000000,-1.720000,0.000000,0.000000,0.000000,0.000000,8.000000,42.340000
1789151324.008808,0,0.000000,0.000000,1.000000,-1.670000,0.000000,0.000000,0.000000,0.000000,8.000000,42.340000
1789151324.009228,0,0.000000,0.000000,1.000000,-1.720000,0.000000,0.000000,0.000000,0.000000,8.000000,42.360000
1789151324.035324,0,0.000000,0.000000,1.000000,-1.670000,0.000000,0.000000,0.000000,0.000000,8.000000,42.360000
1789151324.035888,0,0.000000,0.000000,1.000000,-1.850000,0.000000,0.000000,0.000000,0.000000,8.000000,42.380000
1789151324.061149,0,0.000000,0.000000,1.000000,-1.850000,0.000000,0.000000,0.000000,0.000000,8.000000,42.380000
1789151324.061637,0,0.000000,0.000000,1.000000,-1.750000,0.000000,0.000000,0.000000,0.000000,8.000000,42.400000
1789151324.062001,0,0.000000,0.000000,1.000000,-1.750000,0.000000,0.000000,0.000000,0.000000,8.000000,42.400000
1789151324.085522,0,0.000000,0.000000,1.000000,-1.880000,0.000000,0.000000,0.000000,0.000000,8.000000,42.410000
1789151324.086035,0,0.000000,0.000000,1.000000,-1.800000,0.000000,0.000000,0.000000,0.000000,8.000000,42.430000
1789151324.086660,0,0.000000,0.000000,1.000000,-1.800000,0.000000,0.000000,0.000000,0.000000,8.000000,42.430000
1789151324.113563,0,0.000000,0.000000,1.000000,-1.750000,0.000000,0.000000,0.000000,0.000000,8.000000,42.450000
1789151324.114189,0,0.000000,0.000000,1.000000,-1.850000,0.000000,0.000000,0.000000,0.000000,8.000000,42.450000
1789151324.138532,0,0.000000,0.000000,1.000000,-1.850000,0.000000,0.000000,0.000000,0.000000,8.000000,42.470000
1789151324.139034,0,0.000000,0.000000,1.000000,-1.850000,0.000000,0.000000,0.000000,0.000000,8.000000,42.470000
1789151324.139435,0,0.000000,0.000000,1.000000,-1.620000,0.000000,0.000000,0.000000,0.000000,8.000000,42.490000
1789151324.163895,0,0.000000,0.000000,1.000000,-1.880000,0.000000,0.000000,0.000000,0.000000,8.000000,42.500000
1789151324.164413,0,0.000000,0.000000,1.000000,-2.100000,0.000000,0.000000,0.000000,0.000000,8.000000,42.500000
1789151324.164840,0,0.000000,0.000000,1.000000,-2.100000,0.000000,0.000000,0.000000,0.000000,8.000000,42.520000
1789151324.191280,0,0.000000,0.000000,1.000000,-1.850000,0.000000,0.000000,0.000000,0.000000,8.000000,42.520000
1789151324.216481,0,0.000000,0.000000,1.000000,-1.880000,0.000000,0.000000,0.000000,0.000000,8.000000,42.540000
1789151324.216990,0,0.000000,0.000000,1.000000,-2.010000,0.000000,0.000000,0.000000,0.000000,8.000000,42.540000
1789151324.217418,0,0.000000,0.000000,1.000000,-2.060000,0.000000,0.000000,0.000000,0.000000,8.000000,42.560000
1789151324.217808,0,0.000000,0.000000,1.000000,-1.940000,0.000000,0.000000,0.000000,0.000000,8.000000,42.560000
1789151324.218299,0,0.000000,0.000000,1.000000,-2.150000,0.000000,0.000000,0.000000,0.000000,8.000000,42.580000
1789151324.244852,0,0.000000,0.000000,1.000000,-2.060000,0.000000,0.000000,0.000000,0.000000,8.000000,42.590000
1789151324.245461,0,0.000000,0.000000,1.000000,-2.100000,0.000000,0.000000,0.000000,0.000000,8.000000,42.590000
1789151324.270886,0,0.000000,0.000000,1.000000,-2.150000,0.000000,0.000000,0.000000,0.000000,8.000000,42.610000
1789151324.271397,0,0.000000,0.000000,1.000000,-2.150000,0.000000,0.000000,0.000000,0.000000,8.000000,42.610000
1789151324.296567,0,0.000000,0.000000,1.000000,-2.100000,0.000000,0.000000,0.000000,0.000000,8.000000,42.630000
1789151324.297149,0,0.000000,0.000000,1.000000,-2.100000,0.000000,0.000000,0.000000,0.000000,8.000000,42.630000
1789151324.297833,0,0.000000,0.000000,1.000000,-2.150000,0.000000,0.000000,0.000000,0.000000,8.000000,42.650000
1789151324.323214,0,0.000000,0.000000,1.000000,-2.010000,0.000000,0.000000,0.000000,0.000000,8.000000,42.650000
1789151324.323723,0,0.000000,0.000000,1.000000,-2.360000,0.000000,0.000000,0.000000,0.000000,8.000000,42.660000
1789151324.324150,0,0.000000,0.000000,1.000000,-1.940000,0.000000,0.000000,0.000000,0.000000,8.000000,42.660000
1789151324.350758,0,0.000000,0.000000,1.000000,-2.150000,0.000000,0.000000,0.000000,0.000000,8.000000,42.680000
1789151324.351246,0,0.000000,0.000000,1.000000,-2.270000,0.000000,0.000000,0.000000,0.000000,8.000000,42.680000
1789151324.351646,0,0.000000,0.000000,1.000000,-2.460000,0.000000,0.000000,0.000000,0.000000,8.000000,42.700000
1789151324.377606,0,0.000000,0.000000,1.000000,-2.410000,0.000000,0.000000,0.000000,0.000000,8.000000,42.700000
1789151324.378361,0,0.000000,0.000000,1.000000,-2.360000,0.000000,0.000000,0.000000,0.000000,8.000000,42.720000
1789151324.403782,0,0.000000,0.000000,1.000000,-2.500000,0.000000,0.000000,0.000000,0.000000,8.000000,42.720000
1789151324.404279,0,0.000000,0.000000,1.000000,-2.460000,0.000000,0.000000,0.000000,0.000000,8.000000,42.740000
1789151324.405685,0,0.000000,0.000000,1.000000,-2.360000,0.000000,0.000000,0.000000,0.000000,8.000000,42.750000
1789151324.432639,0,0.000000,0.000000,1.000000,-2.270000,0.000000,0.000000,0.000000,0.000000,8.000000,42.750000
1789151324.433202,0,0.000000,0.000000,1.000000,-2.270000,0.000000,0.000000,0.000000,0.000000,8.000000,42.770000
1789151324.457492,0,0.000000,0.000000,1.000000,-2.410000,0.000000,0.000000,0.000000,0.000000,8.000000,42.770000
1789151324.458004,0,0.000000,0.000000,1.000000,-2.630000,0.000000,0.000000,0.000000,0.000000,8.000000,42.790000
1789151324.458427,0,0.000000,0.000000,1.000000,-2.580000,0.000000,0.000000,0.000000,0.000000,8.000000,42.790000
1789151324.458825,0,0.000000,0.000000,1.000000,-2.270000,0.000000,0.000000,0.000000,0.000000,8.000000,42.810000
1789151324.487494,0,0.000000,0.000000,1.000000,-2.530000,0.000000,0.000000,0.000000,0.000000,8.000000,42.810000
1789151324.487979,0,0.000000,0.000000,1.000000,-2.460000,0.000000,0.000000,0.000000,0.000000,8.000000,42.830000
1789151324.513605,0,0.000000,0.000000,1.000000,-2.410000,0.000000,0.000000,0.000000,0.000000,8.000000,42.840000
1789151324.514128,0,0.000000,0.000000,1.000000,-2.240000,0.000000,0.000000,0.000000,0.000000,8.000000,42.840000
1789151324.514540,0,0.000000,0.000000,1.000000,-2.500000,0.000000,0.000000,0.000000,0.000000,8.000000,42.860000
1789151324.538702,0,0.000000,0.000000,1.000000,-2.530000,0.000000,0.000000,0.000000,0.000000,8.000000,42.860000
1789151324.539208,0,0.000000,0.000000,1.000000,-2.460000,0.000000,0.000000,0.000000,0.000000,8.000000,42.880000
1789151324.539714,0,0.000000,0.000000,1.000000,-2.670000,0.000000,0.000000,0.000000,0.000000,8.000000,42.880000
1789151324.566324,0,0.000000,0.000000,1.000000,-2.530000,0.000000,0.000000,0.000000,0.000000,8.000000,42.900000
1789151324.591976,0,0.000000,0.000000,1.000000,-2.500000,0.000000,0.000000,0.000000,0.000000,8.000000,42.900000
1789151324.592517,0,0.000000,0.000000,1.000000,-2.580000,0.000000,0.000000,0.000000,0.000000,8.000000,42.910000
1789151324.593126,0,0.000000,0.000000,1.000000,-2.580000,0.000000,0.000000,0.000000,0.000000,8.000000,42.930000
1789151324.593602,0,0.000000,0.000000,1.000000,-2.670000,0.000000,0.000000,0.000000,0.000000,8.000000,42.930000
1789151324.619509,0,0.000000,0.000000,1.000000,-2.720000,0.000000,0.000000,0.000000,0.000000,8.000000,42.950000
1789151324.620137,0,0.000000,0.000000,1.000000,-2.630000,0.000000,0.000000,0.000000,0.000000,8.000000,42.950000
1789151324.646881,0,0.000000,0.000000,1.000000,-2.630000,0.000000,0.000000,0.000000,0.000000,8.000000,42.970000
1789151324.647425,0,0.000000,0.000000,1.000000,-2.580000,0.000000,0.000000,0.000000,0.000000,8.000000,42.970000
1789151324.647855,0,0.000000,0.000000,1.000000,-2.790000,0.000000,0.000000,0.000000,0.000000,8.000000,42.990000
1789151324.648256,0,0.000000,0.000000,1.000000,-2.580000,0.000000,0.000000,0.000000,0.000000,8.000000,43.000000
1789151324.674915,0,0.000000,0.000000,1.000000,-2.630000,0.000000,0.000000,0.000000,0.000000,8.000000,43.000000
1789151324.675410,0,0.000000,0.000000,1.000000,-2.630000,0.000000,0.000000,0.000000,0.000000,8.000000,43.020000
1789151324.676151,0,0.000000,0.000000,1.000000,-2.530000,0.000000,0.000000,0.000000,0.000000,8.000000,43.020000
1789151324.703003,0,0.000000,0.000000,1.000000,-2.630000,0.000000,0.000000,0.000000,0.000000,8.000000,43.040000
1789151324.703546,0,0.000000,0.000000,1.000000,-2.840000,0.000000,0.000000,0.000000,0.000000,8.000000,43.040000
1789151324.735139,0,0.000000,0.000000,1.000000,-2.720000,0.000000,0.000000,0.000000,0.000000,8.000000,43.060000
1789151324.735682,0,0.000000,0.000000,1.000000,-2.670000,0.000000,0.000000,0.000000,0.000000,8.000000,43.060000
1789151324.736107,0,0.000000,0.000000,1.000000,-2.530000,0.000000,0.000000,0.000000,0.000000,8.000000,43.080000
1789151324.766812,0,0.000000,0.000000,1.000000,-2.890000,0.000000,0.000000,0.000000,0.000000,8.000000,43.090000
1789151324.767318,0,0.000000,0.000000,1.000000,-2.720000,0.000000,0.000000,0.000000,0.000000,8.000000,43.090000
1789151324.767700,0,0.000000,0.000000,1.000000,-2.790000,0.000000,0.000000,0.000000,0.000000,8.000000,43.110000
1789151324.799253,0,0.000000,0.000000,1.000000,-2.750000,0.000000,0.000000,0.000000,0.000000,8.000000,43.110000
1789151324.800013,0,0.000000,0.000000,1.000000,-2.720000,0.000000,0.000000,0.000000,0.000000,8.000000,43.130000
1789151324.800567,0,0.000000,0.000000,1.000000,-2.630000,0.000000,0.000000,0.000000,0.000000,8.000000,43.130000
1789151324.826711,0,0.000000,0.000000,1.000000,-2.750000,0.000000,0.000000,0.000000,0.000000,8.000000,43.150000
1789151324.827322,0,0.000000,0.000000,1.000000,-2.790000,0.000000,0.000000,0.000000,0.000000,8.000000,43.150000
1789151324.827882,0,0.000000,0.000000,1.000000,-2.930000,0.000000,0.000000,0.000000,0.000000,8.000000,43.160000
1789151324.828389,0,0.000000,0.000000,1.000000,-2.790000,0.000000,0.000000,0.000000,0.000000,8.000000,43.180000
1789151324.854630,0,0.000000,0.000000,1.000000,-2.790000,0.000000,0.000000,0.000000,0.000000,8.000000,43.180000
1789151324.855142,0,0.000000,0.000000,1.000000,-3.010000,0.000000,0.000000,0.000000,0.000000,8.000000,43.200000
1789151324.855675,0,0.000000,0.000000,1.000000,-2.840000,0.000000,0.000000,0.000000,0.000000,8.000000,43.200000
1789151324.885257,0,0.000000,0.000000,1.000000,-2.890000,0.000000,0.000000,0.000000,0.000000,8.000000,43.220000
1789151324.885764,0,0.000000,0.000000,1.000000,-2.930000,0.000000,0.000000,0.000000,0.000000,8.000000,43.220000
1789151324.912135,0,0.000000,0.000000,1.000000,-2.720000,0.000000,0.000000,0.000000,0.000000,8.000000,43.240000
1789151324.912652,0,0.000000,0.000000,1.000000,-2.890000,0.000000,0.000000,0.000000,0.000000,8.000000,43.250000
1789151324.913070,0,0.000000,0.000000,1.000000,-2.790000,0.000000,0.000000,0.000000,0.000000,8.000000,43.250000
1789151324.938945,0,0.000000,0.000000,1.000000,-2.790000,0.000000,0.000000,0.000000,0.000000,8.000000,43.270000
1789151324.939459,0,0.000000,0.000000,1.000000,-2.930000,0.000000,0.000000,0.000000,0.000000,8.000000,43.270000
1789151324.939876,0,0.000000,0.000000,1.000000,-2.670000,0.000000,0.000000,0.000000,0.000000,8.000000,43.290000
1789151324.966199,0,0.000000,0.000000,1.000000,-2.840000,0.000000,0.000000,0.000000,0.000000,8.000000,43.290000
1789151324.966749,0,0.000000,0.000000,1.000000,-2.720000,0.000000,0.000000,0.000000,0.000000,8.000000,43.310000
1789151324.967165,0,0.000000,0.000000,1.000000,-2.670000,0.000000,0.000000,0.000000,0.000000,8.000000,43.310000
1789151324.994572,0,0.000000,0.000000,1.000000,-2.580000,0.000000,0.000000,0.000000,0.000000,8.000000,43.330000
1789151324.995313,0,0.000000,0.000000,1.000000,-2.580000,0.000000,0.000000,0.000000,0.000000,8.000000,43.340000
1789151324.995852,0,0.000000,0.000000,1.000000,-2.580000,0.000000,0.000000,0.000000,0.000000,8.000000,43.340000
1789151325.021820,0,0.000000,0.000000,1.000000,-2.500000,0.000000,0.000000,0.000000,0.000000,8.000000,43.360000
1789151325.022332,0,0.000000,0.000000,1.000000,-2.500000,0.000000,0.000000,0.000000,0.000000,8.000000,43.360000
1789151325.022854,0,0.000000,0.000000,1.000000,-2.500000,0.000000,0.000000,0.000000,0.000000,8.000000,43.380000
1789151325.050800,0,0.000000,0.000000,1.000000,-2.360000,0.000000,0.000000,0.000000,0.000000,8.000000,43.380000
1789151325.051361,0,0.000000,0.000000,1.000000,-2.320000,0.000000,0.000000,0.000000,0.000000,8.000000,43.400000
1789151325.052044,0,0.000000,0.000000,1.000000,-2.360000,0.000000,0.000000,0.000000,0.000000,8.000000,43.400000
1789151325.079299,0,0.000000,0.000000,1.000000,-2.320000,0.000000,0.000000,0.000000,0.000000,8.000000,43.410000
1789151325.079812,0,0.000000,0.000000,1.000000,-2.360000,0.000000,0.000000,0.000000,0.000000,8.000000,43.430000
1789151325.106428,0,0.000000,0.000000,1.000000,-2.240000,0.000000,0.000000,0.000000,0.000000,8.000000,43.430000
1789151325.106947,0,0.000000,0.000000,1.000000,-2.200000,0.000000,0.000000,0.000000,0.000000,8.000000,43.450000
1789151325.107548,0,0.000000,0.000000,1.000000,-2.100000,0.000000,0.000000,0.000000,0.000000,8.000000,43.450000
1789151325.134559,0,0.000000,0.000000,1.000000,-2.530000,0.000000,0.000000,0.000000,0.000000,8.000000,43.450000
1789151325.135070,0,0.000000,0.000000,1.000000,-2.200000,0.000000,0.000000,0.000000,0.000000,8.000000,43.470000
1789151325.135586,0,0.000000,0.000000,1.000000,-2.150000,0.000000,0.000000,0.000000,0.000000,8.000000,43.470000
1789151325.161799,0,0.000000,0.000000,1.000000,-2.200000,0.000000,0.000000,0.000000,0.000000,8.000000,43.490000
1789151325.162307,0,0.000000,0.000000,1.000000,-2.060000,0.000000,0.000000,0.000000,0.000000,8.000000,43.500000
1789151325.163024,0,0.000000,0.000000,1.000000,-1.980000,0.000000,0.000000,0.000000,0.000000,8.000000,43.500000
1789151325.189245,0,0.000000,0.000000,1.000000,-2.100000,0.000000,0.000000,0.000000,0.000000,8.000000,43.520000
1789151325.189833,0,0.000000,0.000000,1.000000,-2.150000,0.000000,0.000000,0.000000,0.000000,8.000000,43.520000
1789151325.215933,0,0.000000,0.000000,1.000000,-2.060000,0.000000,0.000000,0.000000,0.000000,8.000000,43.540000
1789151325.216449,0,0.000000,0.000000,1.000000,-1.980000,0.000000,0.000000,0.000000,0.000000,8.000000,43.540000
1789151325.216865,0,0.000000,0.000000,1.000000,-2.010000,0.000000,0.000000,0.000000,0.000000,8.000000,43.560000
1789151325.217332,0,0.000000,0.000000,1.000000,-1.850000,0.000000,0.000000,0.000000,0.000000,8.000000,43.560000
1789151325.243134,0,0.000000,0.000000,1.000000,-1.880000,0.000000,0.000000,0.000000,0.000000,8.000000,43.580000
1789151325.243662,0,0.000000,0.000000,1.000000,-2.060000,0.000000,0.000000,0.000000,0.000000,8.000000,43.590000
1789151325.269859,0,0.000000,0.000000,1.000000,-1.720000,0.000000,0.000000,0.000000,0.000000,8.000000,43.590000
1789151325.270362,0,0.000000,0.000000,1.000000,-2.060000,0.000000,0.000000,0.000000,0.000000,8.000000,43.610000
1789151325.270771,0,0.000000,0.000000,1.000000,-1.750000,0.000000,0.000000,0.000000,0.000000,8.000000,43.610000
1789151325.297175,0,0.000000,0.000000,1.000000,-1.750000,0.000000,0.000000,0.000000,0.000000,8.000000,43.630000
1789151325.297693,0,0.000000,0.000000,1.000000,-1.720000,0.000000,0.000000,0.000000,0.000000,8.000000,43.630000
1789151325.324327,0,0.000000,0.000000,1.000000,-1.720000,0.000000,0.000000,0.000000,0.000000,8.000000,43.650000
1789151325.324824,0,0.000000,0.000000,1.000000,-1.750000,0.000000,0.000000,0.000000,0.000000,8.000000,43.650000
1789151325.325371,0,0.000000,0.000000,1.000000,-1.620000,0.000000,0.000000,0.000000,0.000000,8.000000,43.660000
1789151325.351474,0,0.000000,0.000000,1.000000,-1.670000,0.000000,0.000000,0.000000,0.000000,8.000000,43.680000
1789151325.351983,0,0.000000,0.000000,1.000000,-1.670000,0.000000,0.000000,0.000000,0.000000,8.000000,43.680000
1789151325.352561,0,0.000000,0.000000,1.000000,-1.670000,0.000000,0.000000,0.000000,0.000000,8.000000,43.700000
1789151325.378695,0,0.000000,0.000000,1.000000,-1.850000,0.000000,0.000000,0.000000,0.000000,8.000000,43.700000
1789151325.379240,0,0.000000,0.000000,1.000000,-1.720000,0.000000,0.000000,0.000000,0.000000,8.000000,43.720000
1789151325.379807,0,0.000000,0.000000,1.000000,-1.720000,0.000000,0.000000,0.000000,0.000000,8.000000,43.720000
1789151325.406182,0,0.000000,0.000000,1.000000,-1.800000,0.000000,0.000000,0.000000,0.000000,8.000000,43.740000
1789151325.406702,0,0.000000,0.000000,1.000000,-1.800000,0.000000,0.000000,0.000000,0.000000,8.000000,43.750000
1789151325.407314,0,0.000000,0.000000,1.000000,-1.750000,0.000000,0.000000,0.000000,0.000000,8.000000,43.750000
1789151325.433076,0,0.000000,0.000000,1.000000,-1.720000,0.000000,0.000000,0.000000,0.000000,8.000000,43.770000
1789151325.433590,0,0.000000,0.000000,1.000000,-1.620000,0.000000,0.000000,0.000000,0.000000,8.000000,43.770000
1789151325.433990,0,0.000000,0.000000,1.000000,-1.590000,0.000000,0.000000,0.000000,0.000000,8.000000,43.790000
1789151325.462882,0,0.000000,0.000000,1.000000,-1.540000,0.000000,0.000000,0.000000,0.000000,8.000000,43.790000
1789151325.490588,0,0.000000,0.000000,1.000000,-1.850000,0.000000,0.000000,0.000000,0.000000,8.000000,43.810000
1789151325.491274,0,0.000000,0.000000,1.000000,-1.370000,0.000000,0.000000,0.000000,0.000000,8.000000,43.810000
1789151325.491778,0,0.000000,0.000000,1.000000,-1.460000,0.000000,0.000000,0.000000,0.000000,8.000000,43.830000
1789151325.492196,0,0.000000,0.000000,1.000000,-1.370000,0.000000,0.000000,0.000000,0.000000,8.000000,43.840000
1789151325.518697,0,0.000000,0.000000,1.000000,-1.590000,0.000000,0.000000,0.000000,0.000000,8.000000,43.840000
1789151325.519220,0,0.000000,0.000000,1.000000,-1.590000,0.000000,0.000000,0.000000,0.000000,8.000000,43.860000
1789151325.519677,0,0.000000,0.000000,1.000000,-1.720000,0.000000,0.000000,0.000000,0.000000,8.000000,43.860000
1789151325.546083,0,0.000000,0.000000,1.000000,-1.590000,0.000000,0.000000,0.000000,0.000000,8.000000,43.880000
1789151325.546601,0,0.000000,0.000000,1.000000,-1.720000,0.000000,0.000000,0.000000,0.000000,8.000000,43.880000
1789151325.547157,0,0.000000,0.000000,1.000000,-1.670000,0.000000,0.000000,0.000000,0.000000,8.000000,43.900000
1789151325.572550,0,0.000000,0.000000,1.000000,-1.500000,0.000000,0.000000,0.000000,0.000000,8.000000,43.900000
1789151325.573142,0,0.000000,0.000000,1.000000,-1.540000,0.000000,0.000000,0.000000,0.000000,8.000000,43.910000
1789151325.573559,0,0.000000,0.000000,1.000000,-1.590000,0.000000,0.000000,0.000000,0.000000,8.000000,43.930000
1789151325.599626,0,0.000000,0.000000,1.000000,-1.410000,0.000000,0.000000,0.000000,0.000000,8.000000,43.930000
1789151325.600183,0,0.000000,0.000000,1.000000,-1.460000,0.000000,0.000000,0.000000,0.000000,8.000000,43.950000
1789151325.600672,0,0.000000,0.000000,1.000000,-1.500000,0.000000,0.000000,0.000000,0.000000,8.000000,43.950000
1789151325.627004,0,0.000000,0.000000,1.000000,-1.410000,0.000000,0.000000,0.000000,0.000000,8.000000,43.970000
1789151325.627555,0,0.000000,0.000000,1.000000,-1.410000,0.000000,0.000000,0.000000,0.000000,8.000000,43.970000
1789151325.652387,0,0.000000,0.000000,1.000000,-1.410000,0.000000,0.000000,0.000000,0.000000,8.000000,43.970000
1789151325.652915,0,0.000000,0.000000,1.000000,-1.540000,0.000000,0.000000,0.000000,0.000000,8.000000,44.000000
1789151325.653328,0,0.000000,0.000000,1.000000,-1.370000,0.000000,0.000000,0.000000,0.000000,8.000000,44.000000
1789151325.679274,0,0.000000,0.000000,1.000000,-1.280000,0.000000,0.000000,0.000000,0.000000,8.000000,44.020000
1789151325.679828,0,0.000000,0.000000,1.000000,-1.280000,0.000000,0.000000,0.000000,0.000000,8.000000,44.020000
1789151325.680503,0,0.000000,0.000000,1.000000,-1.370000,0.000000,0.000000,0.000000,0.000000,8.000000,44.040000
1789151325.705893,0,0.000000,0.000000,1.000000,-1.280000,0.000000,0.000000,0.000000,0.000000,8.000000,44.040000
1789151325.706410,0,0.000000,0.000000,1.000000,-1.370000,0.000000,0.000000,0.000000,0.000000,8.000000,44.060000
1789151325.733675,0,0.000000,0.000000,1.000000,-1.500000,0.000000,0.000000,0.000000,0.000000,8.000000,44.060000
1789151325.734189,0,0.000000,0.000000,1.000000,-1.370000,0.000000,0.000000,0.000000,0.000000,8.000000,44.080000
1789151325.734720,0,0.000000,0.000000,1.000000,-1.370000,0.000000,0.000000,0.000000,0.000000,8.000000,44.080000
1789151325.762415,0,0.000000,0.000000,1.000000,-1.330000,0.000000,0.000000,0.000000,0.000000,8.000000,44.090000
1789151325.791022,0,0.000000,0.000000,1.000000,-1.540000,0.000000,0.000000,0.000000,0.000000,8.000000,44.090000
1789151325.791553,0,0.000000,0.000000,1.000000,-1.200000,0.000000,0.000000,0.000000,0.000000,8.000000,44.110000
1789151325.791963,0,0.000000,0.000000,1.000000,-1.500000,0.000000,0.000000,0.000000,0.000000,8.000000,44.110000
1789151325.792356,0,0.000000,0.000000,1.000000,-1.460000,0.000000,0.000000,0.000000,0.000000,8.000000,44.130000
1789151325.822892,0,0.000000,0.000000,1.000000,-1.330000,0.000000,0.000000,0.000000,0.000000,8.000000,44.130000
1789151325.823560,0,0.000000,0.000000,1.000000,-1.330000,0.000000,0.000000,0.000000,0.000000,8.000000,44.150000
1789151325.824048,0,0.000000,0.000000,1.000000,-1.280000,0.000000,0.000000,0.000000,0.000000,8.000000,44.150000
1789151325.824453,0,0.000000,0.000000,1.000000,-1.200000,0.000000,0.000000,0.000000,0.000000,8.000000,44.160000
1789151325.856618,0,0.000000,0.000000,1.000000,-1.330000,0.000000,0.000000,0.000000,0.000000,8.000000,44.180000
1789151325.857627,0,0.000000,0.000000,1.000000,-1.330000,0.000000,0.000000,0.000000,0.000000,8.000000,44.180000
1789151325.858339,0,0.000000,0.000000,1.000000,-1.330000,0.000000,0.000000,0.000000,0.000000,8.000000,44.200000
1789151325.887826,0,0.000000,0.000000,1.000000,-1.500000,0.000000,0.000000,0.000000,0.000000,8.000000,44.200000
1789151325.888348,0,0.000000,0.000000,1.000000,-1.330000,0.000000,0.000000,0.000000,0.000000,8.000000,44.220000
1789151325.888756,0,0.000000,0.000000,1.000000,-1.330000,0.000000,0.000000,0.000000,0.000000,8.000000,44.220000
1789151325.889283,0,0.000000,0.000000,1.000000,-1.330000,0.000000,0.000000,0.000000,0.000000,8.000000,44.240000
1789151325.919011,0,0.000000,0.000000,1.000000,-1.410000,0.000000,0.000000,0.000000,0.000000,8.000000,44.250000
1789151325.919572,0,0.000000,0.000000,1.000000,-1.280000,0.000000,0.000000,0.000000,0.000000,8.000000,44.250000
1789151325.919983,0,0.000000,0.000000,1.000000,-1.330000,0.000000,0.000000,0.000000,0.000000,8.000000,44.270000
1789151325.949284,0,0.000000,0.000000,1.000000,-1.410000,0.000000,0.000000,0.000000,0.000000,8.000000,44.270000
1789151325.949802,0,0.000000,0.000000,1.000000,-1.240000,0.000000,0.000000,0.000000,0.000000,8.000000,44.290000
1789151325.950224,0,0.000000,0.000000,1.000000,-1.280000,0.000000,0.000000,0.000000,0.000000,8.000000,44.290000
1789151325.977994,0,0.000000,0.000000,1.000000,-1.200000,0.000000,0.000000,0.000000,0.000000,8.000000,44.310000
1789151325.978530,0,0.000000,0.000000,1.000000,-1.330000,0.000000,0.000000,0.000000,0.000000,8.000000,44.310000
1789151325.978942,0,0.000000,0.000000,1.000000,-1.200000,0.000000,0.000000,0.000000,0.000000,8.000000,44.330000
1789151326.006040,0,0.000000,0.000000,1.000000,-1.240000,0.000000,0.000000,0.000000,0.000000,8.000000,44.340000
1789151326.006557,0,0.000000,0.000000,1.000000,-1.150000,0.000000,0.000000,0.000000,0.000000,8.000000,44.340000
1789151326.034928,0,0.000000,0.000000,1.000000,-1.150000,0.000000,0.000000,0.000000,0.000000,8.000000,44.360000
1789151326.035442,0,0.000000,0.000000,1.000000,-1.240000,0.000000,0.000000,0.000000,0.000000,8.000000,44.360000
1789151326.035857,0,0.000000,0.000000,1.000000,-1.020000,0.000000,0.000000,0.000000,0.000000,8.000000,44.380000
1789151326.062817,0,0.000000,0.000000,1.000000,-1.200000,0.000000,0.000000,0.000000,0.000000,8.000000,44.380000
1789151326.063335,0,0.000000,0.000000,1.000000,-1.120000,0.000000,0.000000,0.000000,0.000000,8.000000,44.400000
1789151326.063871,0,0.000000,0.000000,1.000000,-1.150000,0.000000,0.000000,0.000000,0.000000,8.000000,44.400000
1789151326.091284,0,0.000000,0.000000,1.000000,-1.240000,0.000000,0.000000,0.000000,0.000000,8.000000,44.410000
1789151326.091826,0,0.000000,0.000000,1.000000,-1.150000,0.000000,0.000000,0.000000,0.000000,8.000000,44.430000
1789151326.092255,0,0.000000,0.000000,1.000000,-1.150000,0.000000,0.000000,0.000000,0.000000,8.000000,44.430000
1789151326.120392,0,0.000000,0.000000,1.000000,-1.330000,0.000000,0.000000,0.000000,0.000000,8.000000,44.450000
1789151326.120899,0,0.000000,0.000000,1.000000,-1.280000,0.000000,0.000000,0.000000,0.000000,8.000000,44.450000
1789151326.121283,0,0.000000,0.000000,1.000000,-1.200000,0.000000,0.000000,0.000000,0.000000,8.000000,44.470000
1789151326.147423,0,0.000000,0.000000,1.000000,-1.240000,0.000000,0.000000,0.000000,0.000000,8.000000,44.470000
1789151326.147916,0,0.000000,0.000000,1.000000,-1.150000,0.000000,0.000000,0.000000,0.000000,8.000000,44.490000
1789151326.173218,0,0.000000,0.000000,1.000000,-1.330000,0.000000,0.000000,0.000000,0.000000,8.000000,44.500000
1789151326.173721,0,0.000000,0.000000,1.000000,-1.240000,0.000000,0.000000,0.000000,0.000000,8.000000,44.500000
1789151326.174085,0,0.000000,0.000000,1.000000,-1.120000,0.000000,0.000000,0.000000,0.000000,8.000000,44.520000
1789151326.200919,0,0.000000,0.000000,1.000000,-1.240000,0.000000,0.000000,0.000000,0.000000,8.000000,44.520000
1789151326.201446,0,0.000000,0.000000,1.000000,-1.240000,0.000000,0.000000,0.000000,0.000000,8.000000,44.540000
1789151326.227171,0,0.000000,0.000000,1.000000,-1.240000,0.000000,0.000000,0.000000,0.000000,8.000000,44.540000
1789151326.227733,0,0.000000,0.000000,1.000000,-1.150000,0.000000,0.000000,0.000000,0.000000,8.000000,44.560000
1789151326.228128,0,0.000000,0.000000,1.000000,-1.240000,0.000000,0.000000,0.000000,0.000000,8.000000,44.560000
1789151326.254056,0,0.000000,0.000000,1.000000,-1.240000,0.000000,0.000000,0.000000,0.000000,8.000000,44.580000
1789151326.254568,0,0.000000,0.000000,1.000000,-1.120000,0.000000,0.000000,0.000000,0.000000,8.000000,44.590000
1789151326.254986,0,0.000000,0.000000,1.000000,-0.890000,0.000000,0.000000,0.000000,0.000000,8.000000,44.590000
1789151326.281199,0,0.000000,0.000000,1.000000,-1.120000,0.000000,0.000000,0.000000,0.000000,8.000000,44.610000
1789151326.281715,0,0.000000,0.000000,1.000000,-1.330000,0.000000,0.000000,0.000000,0.000000,8.000000,44.610000
1789151326.282139,0,0.000000,0.000000,1.000000,-1.280000,0.000000,0.000000,0.000000,0.000000,8.000000,44.630000
1789151326.307992,0,0.000000,0.000000,1.000000,-1.280000,0.000000,0.000000,0.000000,0.000000,8.000000,44.630000
1789151326.308506,0,0.000000,0.000000,1.000000,-1.120000,0.000000,0.000000,0.000000,0.000000,8.000000,44.650000
1789151326.308928,0,0.000000,0.000000,1.000000,-1.330000,0.000000,0.000000,0.000000,0.000000,8.000000,44.650000
1789151326.334654,0,0.000000,0.000000,1.000000,-1.240000,0.000000,0.000000,0.000000,0.000000,8.000000,44.660000
1789151326.335170,0,0.000000,0.000000,1.000000,-1.070000,0.000000,0.000000,0.000000,0.000000,8.000000,44.680000
1789151326.335570,0,0.000000,0.000000,1.000000,-1.070000,0.000000,0.000000,0.000000,0.000000,8.000000,44.680000
1789151326.362025,0,0.000000,0.000000,1.000000,-0.990000,0.000000,0.000000,0.000000,0.000000,8.000000,44.700000
1789151326.362554,0,0.000000,0.000000,1.000000,-1.150000,0.000000,0.000000,0.000000,0.000000,8.000000,44.700000
1789151326.363206,0,0.000000,0.000000,1.000000,-1.150000,0.000000,0.000000,0.000000,0.000000,8.000000,44.720000
1789151326.388737,0,0.000000,0.000000,1.000000,-1.070000,0.000000,0.000000,0.000000,0.000000,8.000000,44.720000
1789151326.414669,0,0.000000,0.000000,1.000000,-1.120000,0.000000,0.000000,0.000000,0.000000,8.000000,44.740000
1789151326.415209,0,0.000000,0.000000,1.000000,-1.120000,0.000000,0.000000,0.000000,0.000000,8.000000,44.750000
1789151326.415607,0,0.000000,0.000000,1.000000,-1.120000,0.000000,0.000000,0.000000,0.000000,8.000000,44.750000
1789151326.416182,0,0.000000,0.000000,1.000000,-1.200000,0.000000,0.000000,0.000000,0.000000,8.000000,44.770000
1789151326.441018,0,0.000000,0.000000,1.000000,-1.240000,0.000000,0.000000,0.000000,0.000000,8.000000,44.770000
1789151326.441540,0,0.000000,0.000000,1.000000,-1.200000,0.000000,0.000000,0.000000,0.000000,8.000000,44.790000
1789151326.465682,0,0.000000,0.000000,1.000000,-1.120000,0.000000,0.000000,0.000000,0.000000,8.000000,44.790000
1789151326.466193,0,0.000000,0.000000,1.000000,-1.410000,0.000000,0.000000,0.000000,0.000000,8.000000,44.810000
1789151326.466869,0,0.000000,0.000000,1.000000,-1.280000,0.000000,0.000000,0.000000,0.000000,8.000000,44.810000
1789151326.489832,0,0.000000,0.000000,1.000000,-1.120000,0.000000,0.000000,0.000000,0.000000,8.000000,44.830000
1789151326.490334,0,0.000000,0.000000,1.000000,-0.890000,0.000000,0.000000,0.000000,0.000000,8.000000,44.840000
1789151326.514243,0,0.000000,0.000000,1.000000,-1.200000,0.000000,0.000000,0.000000,0.000000,8.000000,44.840000
1789151326.514744,0,0.000000,0.000000,1.000000,-0.990000,0.000000,0.000000,0.000000,0.000000,8.000000,44.860000
1789151326.515147,0,0.000000,0.000000,1.000000,-0.860000,0.000000,0.000000,0.000000,0.000000,8.000000,44.860000
1789151326.538640,0,0.000000,0.000000,1.000000,-1.020000,0.000000,0.000000,0.000000,0.000000,8.000000,44.880000
1789151326.539148,0,0.000000,0.000000,1.000000,-1.150000,0.000000,0.000000,0.000000,0.000000,8.000000,44.880000
1789151326.540641,0,0.000000,0.000000,1.000000,-1.120000,0.000000,0.000000,0.000000,0.000000,8.000000,44.900000
1789151326.564132,0,0.000000,0.000000,1.000000,-1.200000,0.000000,0.000000,0.000000,0.000000,8.000000,44.900000
1789151326.564619,0,0.000000,0.000000,1.000000,-1.200000,0.000000,0.000000,0.000000,0.000000,8.000000,44.910000
1789151326.588401,0,0.000000,0.000000,1.000000,-1.070000,0.000000,0.000000,0.000000,0.000000,8.000000,44.930000
1789151326.588908,0,0.000000,0.000000,1.000000,-1.020000,0.000000,0.000000,0.000000,0.000000,8.000000,44.930000
1789151326.589308,0,0.000000,0.000000,1.000000,-1.150000,0.000000,0.000000,0.000000,0.000000,8.000000,44.950000
1789151326.614831,0,0.000000,0.000000,1.000000,-1.120000,0.000000,0.000000,0.000000,0.000000,8.000000,44.950000
1789151326.639050,0,0.000000,0.000000,1.000000,-1.120000,0.000000,0.000000,0.000000,0.000000,8.000000,44.950000
1789151326.639560,0,0.000000,0.000000,1.000000,-1.150000,0.000000,0.000000,0.000000,0.000000,8.000000,44.970000
1789151326.639979,0,0.000000,0.000000,1.000000,-1.020000,0.000000,0.000000,0.000000,0.000000,8.000000,44.970000
1789151326.640424,0,0.000000,0.000000,1.000000,-1.120000,0.000000,0.000000,0.000000,0.000000,8.000000,44.990000
1789151326.664636,0,0.000000,0.000000,1.000000,-1.120000,0.000000,0.000000,0.000000,0.000000,8.000000,45.000000
1789151326.665153,0,0.000000,0.000000,1.000000,-1.120000,0.000000,0.000000,0.000000,0.000000,8.000000,45.000000
1789151326.689307,0,0.000000,0.000000,1.000000,-1.120000,0.000000,0.000000,0.000000,0.000000,8.000000,45.020000
1789151326.689871,0,0.000000,0.000000,1.000000,-1.120000,0.000000,0.000000,0.000000,0.000000,8.000000,45.020000
1789151326.690326,0,0.000000,0.000000,1.000000,-1.150000,0.000000,0.000000,0.000000,0.000000,8.000000,45.040000
1789151326.691551,0,0.000000,0.000000,1.000000,-1.150000,0.000000,0.000000,0.000000,0.000000,8.000000,45.040000
1789151326.715598,0,0.000000,0.000000,1.000000,-1.120000,0.000000,0.000000,0.000000,0.000000,8.000000,45.060000
1789151326.716225,0,0.000000,0.000000,1.000000,-1.200000,0.000000,0.000000,0.000000,0.000000,8.000000,45.060000
1789151326.739571,0,0.000000,0.000000,1.000000,-1.150000,0.000000,0.000000,0.000000,0.000000,8.000000,45.080000
1789151326.765174,0,0.000000,0.000000,1.000000,-1.120000,0.000000,0.000000,0.000000,0.000000,8.000000,45.090000
1789151326.765697,0,0.000000,0.000000,1.000000,-1.150000,0.000000,0.000000,0.000000,0.000000,8.000000,45.090000
1789151326.766127,0,0.000000,0.000000,1.000000,-1.070000,0.000000,0.000000,0.000000,0.000000,8.000000,45.110000
1789151326.788656,0,0.000000,0.000000,1.000000,-0.930000,0.000000,0.000000,0.000000,0.000000,8.000000,45.110000
1789151326.789157,0,0.000000,0.000000,1.000000,-1.150000,0.000000,0.000000,0.000000,0.000000,8.000000,45.130000
1789151326.789573,0,0.000000,0.000000,1.000000,-1.200000,0.000000,0.000000,0.000000,0.000000,8.000000,45.130000
1789151326.814276,0,0.000000,0.000000,1.000000,-1.120000,0.000000,0.000000,0.000000,0.000000,8.000000,45.150000
1789151326.814787,0,0.000000,0.000000,1.000000,-1.020000,0.000000,0.000000,0.000000,0.000000,8.000000,45.150000
1789151326.838784,0,0.000000,0.000000,1.000000,-0.990000,0.000000,0.000000,0.000000,0.000000,8.000000,45.160000
1789151326.839363,0,0.000000,0.000000,1.000000,-1.150000,0.000000,0.000000,0.000000,0.000000,8.000000,45.180000
1789151326.863527,0,0.000000,0.000000,1.000000,-1.070000,0.000000,0.000000,0.000000,0.000000,8.000000,45.180000
1789151326.864056,0,0.000000,0.000000,1.000000,-1.150000,0.000000,0.000000,0.000000,0.000000,8.000000,45.200000
1789151326.864730,0,0.000000,0.000000,1.000000,-1.240000,0.000000,0.000000,0.000000,0.000000,8.000000,45.200000
1789151326.866801,0,0.000000,0.000000,1.000000,-1.150000,0.000000,0.000000,0.000000,0.000000,8.000000,45.220000
1789151326.890414,0,0.000000,0.000000,1.000000,-1.240000,0.000000,0.000000,0.000000,0.000000,8.000000,45.220000
1789151326.890933,0,0.000000,0.000000,1.000000,-1.200000,0.000000,0.000000,0.000000,0.000000,8.000000,45.240000
1789151326.915675,0,0.000000,0.000000,1.000000,-1.150000,0.000000,0.000000,0.000000,0.000000,8.000000,45.250000
1789151326.916209,0,0.000000,0.000000,1.000000,-1.330000,0.000000,0.000000,0.000000,0.000000,8.000000,45.250000
1789151326.916728,0,0.000000,0.000000,1.000000,-1.070000,0.000000,0.000000,0.000000,0.000000,8.000000,45.270000
1789151326.940166,0,0.000000,0.000000,1.000000,-1.280000,0.000000,0.000000,0.000000,0.000000,8.000000,45.270000
1789151326.940669,0,0.000000,0.000000,1.000000,-1.240000,0.000000,0.000000,0.000000,0.000000,8.000000,45.290000
1789151326.941089,0,0.000000,0.000000,1.000000,-1.070000,0.000000,0.000000,0.000000,0.000000,8.000000,45.290000
1789151326.964952,0,0.000000,0.000000,1.000000,-1.120000,0.000000,0.000000,0.000000,0.000000,8.000000,45.310000
1789151326.965460,0,0.000000,0.000000,1.000000,-1.200000,0.000000,0.000000,0.000000,0.000000,8.000000,45.310000
1789151326.989810,0,0.000000,0.000000,1.000000,-1.200000,0.000000,0.000000,0.000000,0.000000,8.000000,45.330000
1789151327.013606,0,0.000000,0.000000,1.000000,-1.070000,0.000000,0.000000,0.000000,0.000000,8.000000,45.340000
1789151327.014122,0,0.000000,0.000000,1.000000,-1.120000,0.000000,0.000000,0.000000,0.000000,8.000000,45.340000
1789151327.014642,0,0.000000,0.000000,1.000000,-1.070000,0.000000,0.000000,0.000000,0.000000,8.000000,45.360000
1789151327.037483,0,0.000000,0.000000,1.000000,-0.890000,0.000000,0.000000,0.000000,0.000000,8.000000,45.360000
1789151327.037989,0,0.000000,0.000000,1.000000,-0.930000,0.000000,0.000000,0.000000,0.000000,8.000000,45.380000
1789151327.038414,0,0.000000,0.000000,1.000000,-1.070000,0.000000,0.000000,0.000000,0.000000,8.000000,45.380000
1789151327.062947,0,0.000000,0.000000,1.000000,-1.020000,0.000000,0.000000,0.000000,0.000000,8.000000,45.400000
1789151327.063478,0,0.000000,0.000000,1.000000,-1.120000,0.000000,0.000000,0.000000,0.000000,8.000000,45.400000
1789151327.087547,0,0.000000,0.000000,1.000000,-1.070000,0.000000,0.000000,0.000000,0.000000,8.000000,45.410000
1789151327.088109,0,0.000000,0.000000,1.000000,-0.810000,0.000000,0.000000,0.000000,0.000000,8.000000,45.430000
1789151327.113601,0,0.000000,0.000000,1.000000,-0.930000,0.000000,0.000000,0.000000,0.000000,8.000000,45.430000
1789151327.114116,0,0.000000,0.000000,1.000000,-0.890000,0.000000,0.000000,0.000000,0.000000,8.000000,45.450000
1789151327.114621,0,0.000000,0.000000,1.000000,-0.890000,0.000000,0.000000,0.000000,0.000000,8.000000,45.450000
1789151327.137492,0,0.000000,0.000000,1.000000,-1.070000,0.000000,0.000000,0.000000,0.000000,8.000000,45.470000
1789151327.138004,0,0.000000,0.000000,1.000000,-1.070000,0.000000,0.000000,0.000000,0.000000,8.000000,45.470000
1789151327.138428,0,0.000000,0.000000,1.000000,-1.070000,0.000000,0.000000,0.000000,0.000000,8.000000,45.490000
1789151327.162102,0,0.000000,0.000000,1.000000,-0.990000,0.000000,0.000000,0.000000,0.000000,8.000000,45.500000
1789151327.162686,0,0.000000,0.000000,1.000000,-0.990000,0.000000,0.000000,0.000000,0.000000,8.000000,45.500000
1789151327.187142,0,0.000000,0.000000,1.000000,-0.860000,0.000000,0.000000,0.000000,0.000000,8.000000,45.520000
1789151327.187842,0,0.000000,0.000000,1.000000,-1.070000,0.000000,0.000000,0.000000,0.000000,8.000000,45.520000
1789151327.213379,0,0.000000,0.000000,1.000000,-1.150000,0.000000,0.000000,0.000000,0.000000,8.000000,45.540000
1789151327.213964,0,0.000000,0.000000,1.000000,-0.990000,0.000000,0.000000,0.000000,0.000000,8.000000,45.540000
1789151327.214374,0,0.000000,0.000000,1.000000,-0.930000,0.000000,0.000000,0.000000,0.000000,8.000000,45.560000
1789151327.238870,0,0.000000,0.000000,1.000000,-1.120000,0.000000,0.000000,0.000000,0.000000,8.000000,45.560000
1789151327.239380,0,0.000000,0.000000,1.000000,-1.120000,0.000000,0.000000,0.000000,0.000000,8.000000,45.580000
1789151327.239812,0,0.000000,0.000000,1.000000,-1.150000,0.000000,0.000000,0.000000,0.000000,8.000000,45.590000
1789151327.263850,0,0.000000,0.000000,1.000000,-1.070000,0.000000,0.000000,0.000000,0.000000,8.000000,45.590000
1789151327.264374,0,0.000000,0.000000,1.000000,-1.070000,0.000000,0.000000,0.000000,0.000000,8.000000,45.610000
1789151327.287520,0,0.000000,0.000000,1.000000,-1.070000,0.000000,0.000000,0.000000,0.000000,8.000000,45.610000
1789151327.288030,0,0.000000,0.000000,1.000000,-1.020000,0.000000,0.000000,0.000000,0.000000,8.000000,45.630000
1789151327.288457,0,0.000000,0.000000,1.000000,-1.070000,0.000000,0.000000,0.000000,0.000000,8.000000,45.630000
1789151327.312848,0,0.000000,0.000000,1.000000,-0.930000,0.000000,0.000000,0.000000,0.000000,8.000000,45.650000
1789151327.313416,0,0.000000,0.000000,1.000000,-1.200000,0.000000,0.000000,0.000000,0.000000,8.000000,45.650000
1789151327.314476,0,0.000000,0.000000,1.000000,-0.990000,0.000000,0.000000,0.000000,0.000000,8.000000,45.660000
1789151327.337476,0,0.000000,0.000000,1.000000,-1.200000,0.000000,0.000000,0.000000,0.000000,8.000000,45.680000
1789151327.337978,0,0.000000,0.000000,1.000000,-1.070000,0.000000,0.000000,0.000000,0.000000,8.000000,45.680000
1789151327.361805,0,0.000000,0.000000,1.000000,-1.070000,0.000000,0.000000,0.000000,0.000000,8.000000,45.700000
1789151327.362320,0,0.000000,0.000000,1.000000,-1.370000,0.000000,0.000000,0.000000,0.000000,8.000000,45.700000
1789151327.385602,0,0.000000,0.000000,1.000000,-1.120000,0.000000,0.000000,0.000000,0.000000,8.000000,45.720000
1789151327.386114,0,0.000000,0.000000,1.000000,-0.990000,0.000000,0.000000,0.000000,0.000000,8.000000,45.720000
1789151327.386541,0,0.000000,0.000000,1.000000,-1.200000,0.000000,0.000000,0.000000,0.000000,8.000000,45.740000
1789151327.410121,0,0.000000,0.000000,1.000000,-1.020000,0.000000,0.000000,0.000000,0.000000,8.000000,45.750000
1789151327.411062,0,0.000000,0.000000,1.000000,-1.070000,0.000000,0.000000,0.000000,0.000000,8.000000,45.750000
1789151327.434144,0,0.000000,0.000000,1.000000,-1.020000,0.000000,0.000000,0.000000,0.000000,8.000000,45.770000
1789151327.434653,0,0.000000,0.000000,1.000000,-0.890000,0.000000,0.000000,0.000000,0.000000,8.000000,45.770000
1789151327.435069,0,0.000000,0.000000,1.000000,-1.120000,0.000000,0.000000,0.000000,0.000000,8.000000,45.790000
1789151327.458628,0,0.000000,0.000000,1.000000,-1.280000,0.000000,0.000000,0.000000,0.000000,8.000000,45.790000
1789151327.459135,0,0.000000,0.000000,1.000000,-1.120000,0.000000,0.000000,0.000000,0.000000,8.000000,45.810000
1789151327.485220,0,0.000000,0.000000,1.000000,-1.070000,0.000000,0.000000,0.000000,0.000000,8.000000,45.810000
1789151327.485837,0,0.000000,0.000000,1.000000,-1.150000,0.000000,0.000000,0.000000,0.000000,8.000000,45.830000
1789151327.509305,0,0.000000,0.000000,1.000000,-1.120000,0.000000,0.000000,0.000000,0.000000,8.000000,45.840000
1789151327.509844,0,0.000000,0.000000,1.000000,-1.070000,0.000000,0.000000,0.000000,0.000000,8.000000,45.840000
1789151327.510276,0,0.000000,0.000000,1.000000,-1.200000,0.000000,0.000000,0.000000,0.000000,8.000000,45.860000
1789151327.534668,0,0.000000,0.000000,1.000000,-1.200000,0.000000,0.000000,0.000000,0.000000,8.000000,45.860000
1789151327.535181,0,0.000000,0.000000,1.000000,-1.200000,0.000000,0.000000,0.000000,0.000000,8.000000,45.880000
1789151327.535608,0,0.000000,0.000000,1.000000,-1.020000,0.000000,0.000000,0.000000,0.000000,8.000000,45.880000
1789151327.554922,0,0.000000,0.000000,1.000000,-1.070000,0.000000,0.000000,0.000000,0.000000,8.000000,45.900000
1789151327.555427,0,0.000000,0.000000,1.000000,-0.930000,0.000000,0.000000,0.000000,0.000000,8.000000,45.900000
1789151327.555948,0,0.000000,0.000000,1.000000,-1.070000,0.000000,0.000000,0.000000,0.000000,8.000000,45.910000
1789151327.566915,0,0.000000,0.000000,1.000000,-1.120000,0.000000,0.000000,0.000000,0.000000,8.000000,45.930000
1789151327.567410,0,0.000000,0.000000,1.000000,-1.120000,0.000000,0.000000,0.000000,0.000000,8.000000,45.930000
1789151327.568389,0,0.000000,0.000000,1.000000,-1.020000,0.000000,0.000000,0.000000,0.000000,8.000000,45.950000
1789151327.582710,0,0.000000,0.000000,1.000000,-1.020000,0.000000,0.000000,0.000000,0.000000,8.000000,45.950000
1789151327.597175,0,0.000000,0.000000,1.000000,-1.330000,0.000000,0.000000,0.000000,0.000000,8.000000,45.970000
1789151327.605401,0,0.000000,0.000000,1.000000,-1.150000,0.000000,0.000000,0.000000,0.000000,8.000000,45.970000
1789151327.612472,0,0.000000,0.000000,1.000000,-1.020000,0.000000,0.000000,0.000000,0.000000,8.000000,45.990000
1789151327.619956,0,0.000000,0.000000,1.000000,-0.990000,0.000000,0.000000,0.000000,0.000000,8.000000,46.000000
1789151327.627787,0,0.000000,0.000000,1.000000,-1.020000,0.000000,0.000000,0.000000,0.000000,8.000000,46.000000
1789151327.643480,0,0.000000,0.000000,1.000000,-0.990000,0.000000,0.000000,0.000000,0.000000,8.000000,46.020000
1789151327.650212,0,0.000000,0.000000,1.000000,-1.070000,0.000000,0.000000,0.000000,0.000000,8.000000,46.020000
1789151327.665682,0,0.000000,0.000000,1.000000,-1.120000,0.000000,0.000000,0.000000,0.000000,8.000000,46.040000
1789151327.672637,0,0.000000,0.000000,1.000000,-0.860000,0.000000,0.000000,0.000000,0.000000,8.000000,46.040000
1789151327.687840,0,0.000000,0.000000,1.000000,-0.890000,0.000000,0.000000,0.000000,0.000000,8.000000,46.060000
1789151327.702645,0,0.000000,0.000000,1.000000,-0.890000,0.000000,0.000000,0.000000,0.000000,8.000000,46.060000
1789151327.710642,0,0.000000,0.000000,1.000000,-0.810000,0.000000,0.000000,0.000000,0.000000,8.000000,46.080000
1789151327.717440,0,0.000000,0.000000,1.000000,-0.860000,0.000000,0.000000,0.000000,0.000000,8.000000,46.090000
1789151327.724969,0,0.000000,0.000000,1.000000,-0.810000,0.000000,0.000000,0.000000,0.000000,8.000000,46.090000
1789151327.732725,0,0.000000,0.000000,1.000000,-1.070000,0.000000,0.000000,0.000000,0.000000,8.000000,46.110000
1789151327.740011,0,0.000000,0.000000,1.000000,-1.280000,0.000000,0.000000,0.000000,0.000000,8.000000,46.110000
1789151327.748066,0,0.000000,0.000000,1.000000,-0.990000,0.000000,0.000000,0.000000,0.000000,8.000000,46.130000
1789151327.762817,0,0.000000,0.000000,1.000000,-1.120000,0.000000,0.000000,0.000000,0.000000,8.000000,46.130000
1789151327.779764,0,0.000000,0.000000,1.000000,-1.070000,0.000000,0.000000,0.000000,0.000000,8.000000,46.150000
1789151327.784937,0,0.000000,0.000000,1.000000,-0.990000,0.000000,0.000000,0.000000,0.000000,8.000000,46.150000
1789151327.800636,0,0.000000,0.000000,1.000000,-0.990000,0.000000,0.000000,0.000000,0.000000,8.000000,46.160000
1789151327.808550,0,0.000000,0.000000,1.000000,-0.890000,0.000000,0.000000,0.000000,0.000000,8.000000,46.180000
1789151327.822375,0,0.000000,0.000000,1.000000,-0.730000,0.000000,0.000000,0.000000,0.000000,8.000000,46.180000
1789151327.823644,0,0.000000,0.000000,1.000000,-0.990000,0.000000,0.000000,0.000000,0.000000,8.000000,46.200000
1789151327.838071,0,0.000000,0.000000,1.000000,-1.020000,0.000000,0.000000,0.000000,0.000000,8.000000,46.200000
1789151327.845669,0,0.000000,0.000000,1.000000,-0.860000,0.000000,0.000000,0.000000,0.000000,8.000000,46.220000
1789151327.852652,0,0.000000,0.000000,1.000000,-0.990000,0.000000,0.000000,0.000000,0.000000,8.000000,46.220000
1789151327.861478,0,0.000000,0.000000,1.000000,-0.930000,0.000000,0.000000,0.000000,0.000000,8.000000,46.240000
1789151327.867687,0,0.000000,0.000000,1.000000,-1.020000,0.000000,0.000000,0.000000,0.000000,8.000000,46.250000
1789151327.875156,0,0.000000,0.000000,1.000000,-0.990000,0.000000,0.000000,0.000000,0.000000,8.000000,46.250000
1789151327.891032,0,0.000000,0.000000,1.000000,-0.890000,0.000000,0.000000,0.000000,0.000000,8.000000,46.270000
1789151327.897697,0,0.000000,0.000000,1.000000,-0.990000,0.000000,0.000000,0.000000,0.000000,8.000000,46.270000
1789151327.912792,0,0.000000,0.000000,1.000000,-1.070000,0.000000,0.000000,0.000000,0.000000,8.000000,46.290000
1789151327.920360,0,0.000000,0.000000,1.000000,-1.020000,0.000000,0.000000,0.000000,0.000000,8.000000,46.290000
1789151327.935108,0,0.000000,0.000000,1.000000,-0.860000,0.000000,0.000000,0.000000,0.000000,8.000000,46.310000
1789151327.943027,0,0.000000,0.000000,1.000000,-1.020000,0.000000,0.000000,0.000000,0.000000,8.000000,46.310000
1789151327.950016,0,0.000000,0.000000,1.000000,-1.020000,0.000000,0.000000,0.000000,0.000000,8.000000,46.330000
1789151327.965099,0,0.000000,0.000000,1.000000,-1.070000,0.000000,0.000000,0.000000,0.000000,8.000000,46.340000
1789151327.972563,0,0.000000,0.000000,1.000000,-1.120000,0.000000,0.000000,0.000000,0.000000,8.000000,46.340000
1789151327.979918,0,0.000000,0.000000,1.000000,-0.930000,0.000000,0.000000,0.000000,0.000000,8.000000,46.360000
1789151327.987776,0,0.000000,0.000000,1.000000,-0.990000,0.000000,0.000000,0.000000,0.000000,8.000000,46.360000
1789151327.995467,0,0.000000,0.000000,1.000000,-1.020000,0.000000,0.000000,0.000000,0.000000,8.000000,46.380000
1789151328.002490,0,0.000000,0.000000,1.000000,-0.760000,0.000000,0.000000,0.000000,0.000000,8.000000,46.380000
1789151328.017685,0,0.000000,0.000000,1.000000,-0.990000,0.000000,0.000000,0.000000,0.000000,8.000000,46.400000
1789151328.025262,0,0.000000,0.000000,1.000000,-1.120000,0.000000,0.000000,0.000000,0.000000,8.000000,46.400000
1789151328.040961,0,0.000000,0.000000,1.000000,-1.120000,0.000000,0.000000,0.000000,0.000000,8.000000,46.410000
1789151328.047556,0,0.000000,0.000000,1.000000,-1.070000,0.000000,0.000000,0.000000,0.000000,8.000000,46.430000
1789151328.063113,0,0.000000,0.000000,1.000000,-1.020000,0.000000,0.000000,0.000000,0.000000,8.000000,46.430000
1789151328.079350,0,0.000000,0.000000,1.000000,-1.120000,0.000000,0.000000,0.000000,0.000000,8.000000,46.450000
1789151328.093790,0,0.000000,0.000000,1.000000,-0.990000,0.000000,0.000000,0.000000,0.000000,8.000000,46.450000
1789151328.094766,0,0.000000,0.000000,1.000000,-0.760000,0.000000,0.000000,0.000000,0.000000,8.000000,46.470000
1789151328.100553,0,0.000000,0.000000,1.000000,-0.760000,0.000000,0.000000,0.000000,0.000000,8.000000,46.470000
1789151328.107659,0,0.000000,0.000000,1.000000,-0.930000,0.000000,0.000000,0.000000,0.000000,8.000000,46.490000
1789151328.115302,0,0.000000,0.000000,1.000000,-0.990000,0.000000,0.000000,0.000000,0.000000,8.000000,46.500000
1789151328.122730,0,0.000000,0.000000,1.000000,-1.150000,0.000000,0.000000,0.000000,0.000000,8.000000,46.500000
1789151328.138011,0,0.000000,0.000000,1.000000,-0.930000,0.000000,0.000000,0.000000,0.000000,8.000000,46.520000
1789151328.145384,0,0.000000,0.000000,1.000000,-0.930000,0.000000,0.000000,0.000000,0.000000,8.000000,46.520000
1789151328.161507,0,0.000000,0.000000,1.000000,-0.990000,0.000000,0.000000,0.000000,0.000000,8.000000,46.540000
1789151328.167771,0,0.000000,0.000000,1.000000,-0.990000,0.000000,0.000000,0.000000,0.000000,8.000000,46.540000
1789151328.175346,0,0.000000,0.000000,1.000000,-1.070000,0.000000,0.000000,0.000000,0.000000,8.000000,46.560000
1789151328.191673,0,0.000000,0.000000,1.000000,-1.070000,0.000000,0.000000,0.000000,0.000000,8.000000,46.560000
1789151328.204589,0,0.000000,0.000000,1.000000,-0.890000,0.000000,0.000000,0.000000,0.000000,8.000000,46.580000
1789151328.205577,0,0.000000,0.000000,1.000000,-0.990000,0.000000,0.000000,0.000000,0.000000,8.000000,46.590000
1789151328.212545,0,0.000000,0.000000,1.000000,-1.070000,0.000000,0.000000,0.000000,0.000000,8.000000,46.590000
1789151328.227622,0,0.000000,0.000000,1.000000,-1.120000,0.000000,0.000000,0.000000,0.000000,8.000000,46.610000
1789151328.242728,0,0.000000,0.000000,1.000000,-1.020000,0.000000,0.000000,0.000000,0.000000,8.000000,46.610000
1789151328.244008,0,0.000000,0.000000,1.000000,-1.150000,0.000000,0.000000,0.000000,0.000000,8.000000,46.630000
1789151328.257800,0,0.000000,0.000000,1.000000,-0.930000,0.000000,0.000000,0.000000,0.000000,8.000000,46.630000
1789151328.272961,0,0.000000,0.000000,1.000000,-0.990000,0.000000,0.000000,0.000000,0.000000,8.000000,46.650000
1789151328.280128,0,0.000000,0.000000,1.000000,-1.020000,0.000000,0.000000,0.000000,0.000000,8.000000,46.650000
1789151328.287303,0,0.000000,0.000000,1.000000,-0.930000,0.000000,0.000000,0.000000,0.000000,8.000000,46.660000
1789151328.303290,0,0.000000,0.000000,1.000000,-1.120000,0.000000,0.000000,0.000000,0.000000,8.000000,46.680000
1789151328.310151,0,0.000000,0.000000,1.000000,-1.020000,0.000000,0.000000,0.000000,0.000000,8.000000,46.680000
1789151328.317549,0,0.000000,0.000000,1.000000,-0.990000,0.000000,0.000000,0.000000,0.000000,8.000000,46.700000
1789151328.333282,0,0.000000,0.000000,1.000000,-0.990000,0.000000,0.000000,0.000000,0.000000,8.000000,46.700000
1789151328.340111,0,0.000000,0.000000,1.000000,-1.070000,0.000000,0.000000,0.000000,0.000000,8.000000,46.720000
1789151328.347786,0,0.000000,0.000000,1.000000,-0.990000,0.000000,0.000000,0.000000,0.000000,8.000000,46.720000
1789151328.355206,0,0.000000,0.000000,1.000000,-0.990000,0.000000,0.000000,0.000000,0.000000,8.000000,46.740000
1789151328.372965,0,0.000000,0.000000,1.000000,-1.120000,0.000000,0.000000,0.000000,0.000000,8.000000,46.750000
1789151328.377232,0,0.000000,0.000000,1.000000,-1.020000,0.000000,0.000000,0.000000,0.000000,8.000000,46.750000
1789151328.378233,0,0.000000,0.000000,1.000000,-1.020000,0.000000,0.000000,0.000000,0.000000,8.000000,46.770000
1789151328.400304,0,0.000000,0.000000,1.000000,-0.890000,0.000000,0.000000,0.000000,0.000000,8.000000,46.770000
1789151328.407428,0,0.000000,0.000000,1.000000,-0.760000,0.000000,0.000000,0.000000,0.000000,8.000000,46.790000
1789151328.415096,0,0.000000,0.000000,1.000000,-0.990000,0.000000,0.000000,0.000000,0.000000,8.000000,46.790000
1789151328.422645,0,0.000000,0.000000,1.000000,-0.930000,0.000000,0.000000,0.000000,0.000000,8.000000,46.810000
1789151328.437981,0,0.000000,0.000000,1.000000,-0.860000,0.000000,0.000000,0.000000,0.000000,8.000000,46.810000
1789151328.452852,0,0.000000,0.000000,1.000000,-1.070000,0.000000,0.000000,0.000000,0.000000,8.000000,46.830000
1789151328.466015,0,0.000000,0.000000,1.000000,-0.990000,0.000000,0.000000,0.000000,0.000000,8.000000,46.840000
1789151328.467481,0,0.000000,0.000000,1.000000,-1.070000,0.000000,0.000000,0.000000,0.000000,8.000000,46.840000
1789151328.475001,0,0.000000,0.000000,1.000000,-1.070000,0.000000,0.000000,0.000000,0.000000,8.000000,46.860000
1789151328.483005,0,0.000000,0.000000,1.000000,-0.990000,0.000000,0.000000,0.000000,0.000000,8.000000,46.860000
1789151328.490164,0,0.000000,0.000000,1.000000,-1.020000,0.000000,0.000000,0.000000,0.000000,8.000000,46.860000
1789151328.506109,0,0.000000,0.000000,1.000000,-1.150000,0.000000,0.000000,0.000000,0.000000,8.000000,46.880000
1789151328.512727,0,0.000000,0.000000,1.000000,-0.930000,0.000000,0.000000,0.000000,0.000000,8.000000,46.900000
1789151328.528785,0,0.000000,0.000000,1.000000,-1.200000,0.000000,0.000000,0.000000,0.000000,8.000000,46.900000
1789151328.535017,0,0.000000,0.000000,1.000000,-1.120000,0.000000,0.000000,0.000000,0.000000,8.000000,46.900000
1789151328.536101,0,0.000000,0.000000,1.000000,-0.930000,0.000000,0.000000,0.000000,0.000000,8.000000,46.910000
1789151328.559372,0,0.000000,0.000000,1.000000,-0.990000,0.000000,0.000000,0.000000,0.000000,8.000000,46.930000
1789151328.572690,0,0.000000,0.000000,1.000000,-0.890000,0.000000,0.000000,0.000000,0.000000,8.000000,46.930000
1789151328.573760,0,0.000000,0.000000,1.000000,-1.150000,0.000000,0.000000,0.000000,0.000000,8.000000,46.950000
1789151328.587741,0,0.000000,0.000000,1.000000,-0.990000,0.000000,0.000000,0.000000,0.000000,8.000000,46.950000
1789151328.594854,0,0.000000,0.000000,1.000000,-0.990000,0.000000,0.000000,0.000000,0.000000,8.000000,46.970000
1789151328.595965,0,0.000000,0.000000,1.000000,-0.930000,0.000000,0.000000,0.000000,0.000000,8.000000,46.970000
1789151328.618573,0,0.000000,0.000000,1.000000,-0.860000,0.000000,0.000000,0.000000,0.000000,8.000000,46.990000
1789151328.625263,0,0.000000,0.000000,1.000000,-0.860000,0.000000,0.000000,0.000000,0.000000,8.000000,47.000000
1789151328.632418,0,0.000000,0.000000,1.000000,-1.020000,0.000000,0.000000,0.000000,0.000000,8.000000,47.000000
1789151328.648780,0,0.000000,0.000000,1.000000,-0.930000,0.000000,0.000000,0.000000,0.000000,8.000000,47.020000
1789151328.662709,0,0.000000,0.000000,1.000000,-0.990000,0.000000,0.000000,0.000000,0.000000,8.000000,47.020000
1789151328.671010,0,0.000000,0.000000,1.000000,-0.930000,0.000000,0.000000,0.000000,0.000000,8.000000,47.040000
1789151328.677738,0,0.000000,0.000000,1.000000,-0.930000,0.000000,0.000000,0.000000,0.000000,8.000000,47.040000
1789151328.692868,0,0.000000,0.000000,1.000000,-0.990000,0.000000,0.000000,0.000000,0.000000,8.000000,47.060000
1789151328.700097,0,0.000000,0.000000,1.000000,-0.930000,0.000000,0.000000,0.000000,0.000000,8.000000,47.060000
1789151328.715212,0,0.000000,0.000000,1.000000,-1.020000,0.000000,0.000000,0.000000,0.000000,8.000000,47.080000
1789151328.722552,0,0.000000,0.000000,1.000000,-0.730000,0.000000,0.000000,0.000000,0.000000,8.000000,47.090000
1789151328.730131,0,0.000000,0.000000,1.000000,-1.020000,0.000000,0.000000,0.000000,0.000000,8.000000,47.090000
1789151328.745229,0,0.000000,0.000000,1.000000,-0.890000,0.000000,0.000000,0.000000,0.000000,8.000000,47.110000
1789151328.752442,0,0.000000,0.000000,1.000000,-1.020000,0.000000,0.000000,0.000000,0.000000,8.000000,47.110000
1789151328.760965,0,0.000000,0.000000,1.000000,-0.810000,0.000000,0.000000,0.000000,0.000000,8.000000,47.130000
1789151328.775319,0,0.000000,0.000000,1.000000,-0.860000,0.000000,0.000000,0.000000,0.000000,8.000000,47.130000
1789151328.782625,0,0.000000,0.000000,1.000000,-0.810000,0.000000,0.000000,0.000000,0.000000,8.000000,47.150000
1789151328.790445,0,0.000000,0.000000,1.000000,-0.860000,0.000000,0.000000,0.000000,0.000000,8.000000,47.160000
1789151328.797816,0,0.000000,0.000000,1.000000,-1.020000,0.000000,0.000000,0.000000,0.000000,8.000000,47.180000
1789151328.813859,0,0.000000,0.000000,1.000000,-1.020000,0.000000,0.000000,0.000000,0.000000,8.000000,47.180000
1789151328.819949,0,0.000000,0.000000,1.000000,-0.930000,0.000000,0.000000,0.000000,0.000000,8.000000,47.200000
1789151328.828068,0,0.000000,0.000000,1.000000,-0.930000,0.000000,0.000000,0.000000,0.000000,8.000000,47.200000
1789151328.835129,0,0.000000,0.000000,1.000000,-1.070000,0.000000,0.000000,0.000000,0.000000,8.000000,47.220000
1789151328.842612,0,0.000000,0.000000,1.000000,-0.890000,0.000000,0.000000,0.000000,0.000000,8.000000,47.220000
1789151328.850163,0,0.000000,0.000000,1.000000,-1.020000,0.000000,0.000000,0.000000,0.000000,8.000000,47.220000
1789151328.865116,0,0.000000,0.000000,1.000000,-0.930000,0.000000,0.000000,0.000000,0.000000,8.000000,47.240000
1789151328.880655,0,0.000000,0.000000,1.000000,-0.990000,0.000000,0.000000,0.000000,0.000000,8.000000,47.250000
1789151328.887297,0,0.000000,0.000000,1.000000,-1.020000,0.000000,0.000000,0.000000,0.000000,8.000000,47.250000
1789151328.903104,0,0.000000,0.000000,1.000000,-1.020000,0.000000,0.000000,0.000000,0.000000,8.000000,47.270000
1789151328.910024,0,0.000000,0.000000,1.000000,-0.810000,0.000000,0.000000,0.000000,0.000000,8.000000,47.270000
1789151328.917827,0,0.000000,0.000000,1.000000,-0.810000,0.000000,0.000000,0.000000,0.000000,8.000000,47.290000
1789151328.940590,0,0.000000,0.000000,1.000000,-0.930000,0.000000,0.000000,0.000000,0.000000,8.000000,47.290000
1789151328.941809,0,0.000000,0.000000,1.000000,-1.070000,0.000000,0.000000,0.000000,0.000000,8.000000,47.310000
1789151328.943000,0,0.000000,0.000000,1.000000,-0.990000,0.000000,0.000000,0.000000,0.000000,8.000000,47.310000
1789151328.948002,0,0.000000,0.000000,1.000000,-1.020000,0.000000,0.000000,0.000000,0.000000,8.000000,47.330000
1789151328.964236,0,0.000000,0.000000,1.000000,-0.990000,0.000000,0.000000,0.000000,0.000000,8.000000,47.340000
1789151328.969964,0,0.000000,0.000000,1.000000,-0.990000,0.000000,0.000000,0.000000,0.000000,8.000000,47.340000
1789151328.977687,0,0.000000,0.000000,1.000000,-0.990000,0.000000,0.000000,0.000000,0.000000,8.000000,47.360000
1789151328.993471,0,0.000000,0.000000,1.000000,-0.990000,0.000000,0.000000,0.000000,0.000000,8.000000,47.360000
1789151329.000017,0,0.000000,0.000000,1.000000,-1.020000,0.000000,0.000000,0.000000,0.000000,8.000000,47.380000
1789151329.015667,0,0.000000,0.000000,1.000000,-1.020000,0.000000,0.000000,0.000000,0.000000,8.000000,47.380000
1789151329.022429,0,0.000000,0.000000,1.000000,-1.120000,0.000000,0.000000,0.000000,0.000000,8.000000,47.400000
1789151329.029941,0,0.000000,0.000000,1.000000,-1.070000,0.000000,0.000000,0.000000,0.000000,8.000000,47.400000
1789151329.045561,0,0.000000,0.000000,1.000000,-1.120000,0.000000,0.000000,0.000000,0.000000,8.000000,47.410000
1789151329.060909,0,0.000000,0.000000,1.000000,-0.930000,0.000000,0.000000,0.000000,0.000000,8.000000,47.430000
1789151329.061435,0,0.000000,0.000000,1.000000,-0.990000,0.000000,0.000000,0.000000,0.000000,8.000000,47.430000
1789151329.067796,0,0.000000,0.000000,1.000000,-1.020000,0.000000,0.000000,0.000000,0.000000,8.000000,47.450000
1789151329.075130,0,0.000000,0.000000,1.000000,-1.020000,0.000000,0.000000,0.000000,0.000000,8.000000,47.450000
1789151329.092131,0,0.000000,0.000000,1.000000,-1.120000,0.000000,0.000000,0.000000,0.000000,8.000000,47.470000
1789151329.097713,0,0.000000,0.000000,1.000000,-1.070000,0.000000,0.000000,0.000000,0.000000,8.000000,47.470000
1789151329.104891,0,0.000000,0.000000,1.000000,-1.020000,0.000000,0.000000,0.000000,0.000000,8.000000,47.490000
1789151329.120775,0,0.000000,0.000000,1.000000,-0.990000,0.000000,0.000000,0.000000,0.000000,8.000000,47.500000
1789151329.128109,0,0.000000,0.000000,1.000000,-1.020000,0.000000,0.000000,0.000000,0.000000,8.000000,47.500000
1789151329.143537,0,0.000000,0.000000,1.000000,-0.890000,0.000000,0.000000,0.000000,0.000000,8.000000,47.520000
1789151329.150157,0,0.000000,0.000000,1.000000,-1.120000,0.000000,0.000000,0.000000,0.000000,8.000000,47.520000
1789151329.151271,0,0.000000,0.000000,1.000000,-0.930000,0.000000,0.000000,0.000000,0.000000,8.000000,47.540000
1789151329.173665,0,0.000000,0.000000,1.000000,-0.990000,0.000000,0.000000,0.000000,0.000000,8.000000,47.540000
1789151329.180510,0,0.000000,0.000000,1.000000,-0.810000,0.000000,0.000000,0.000000,0.000000,8.000000,47.560000
1789151329.187536,0,0.000000,0.000000,1.000000,-0.990000,0.000000,0.000000,0.000000,0.000000,8.000000,47.560000
1789151329.204025,0,0.000000,0.000000,1.000000,-1.120000,0.000000,0.000000,0.000000,0.000000,8.000000,47.580000
1789151329.210114,0,0.000000,0.000000,1.000000,-1.020000,0.000000,0.000000,0.000000,0.000000,8.000000,47.590000
1789151329.217571,0,0.000000,0.000000,1.000000,-0.930000,0.000000,0.000000,0.000000,0.000000,8.000000,47.590000
1789151329.225097,0,0.000000,0.000000,1.000000,-1.020000,0.000000,0.000000,0.000000,0.000000,8.000000,47.610000
1789151329.240978,0,0.000000,0.000000,1.000000,-1.120000,0.000000,0.000000,0.000000,0.000000,8.000000,47.610000
1789151329.247820,0,0.000000,0.000000,1.000000,-1.150000,0.000000,0.000000,0.000000,0.000000,8.000000,47.630000
1789151329.262507,0,0.000000,0.000000,1.000000,-0.930000,0.000000,0.000000,0.000000,0.000000,8.000000,47.630000
1789151329.270066,0,0.000000,0.000000,1.000000,-1.070000,0.000000,0.000000,0.000000,0.000000,8.000000,47.650000
1789151329.277889,0,0.000000,0.000000,1.000000,-1.020000,0.000000,0.000000,0.000000,0.000000,8.000000,47.650000
1789151329.284975,0,0.000000,0.000000,1.000000,-0.990000,0.000000,0.000000,0.000000,0.000000,8.000000,47.660000
1789151329.292603,0,0.000000,0.000000,1.000000,-1.020000,0.000000,0.000000,0.000000,0.000000,8.000000,47.680000
1789151329.316034,0,0.000000,0.000000,1.000000,-1.020000,0.000000,0.000000,0.000000,0.000000,8.000000,47.680000
1789151329.322632,0,0.000000,0.000000,1.000000,-0.990000,0.000000,0.000000,0.000000,0.000000,8.000000,47.700000
1789151329.329991,0,0.000000,0.000000,1.000000,-0.730000,0.000000,0.000000,0.000000,0.000000,8.000000,47.700000
1789151329.345332,0,0.000000,0.000000,1.000000,-0.930000,0.000000,0.000000,0.000000,0.000000,8.000000,47.720000
1789151329.352684,0,0.000000,0.000000,1.000000,-1.120000,0.000000,0.000000,0.000000,0.000000,8.000000,47.720000
1789151329.360061,0,0.000000,0.000000,1.000000,-0.990000,0.000000,0.000000,0.000000,0.000000,8.000000,47.740000
1789151329.368039,0,0.000000,0.000000,1.000000,-0.930000,0.000000,0.000000,0.000000,0.000000,8.000000,47.750000
1789151329.375123,0,0.000000,0.000000,1.000000,-1.240000,0.000000,0.000000,0.000000,0.000000,8.000000,47.750000
1789151329.397392,0,0.000000,0.000000,1.000000,-0.990000,0.000000,0.000000,0.000000,0.000000,8.000000,47.770000
1789151329.405210,0,0.000000,0.000000,1.000000,-0.860000,0.000000,0.000000,0.000000,0.000000,8.000000,47.770000
1789151329.412988,0,0.000000,0.000000,1.000000,-0.930000,0.000000,0.000000,0.000000,0.000000,8.000000,47.790000
1789151329.428285,0,0.000000,0.000000,1.000000,-0.760000,0.000000,0.000000,0.000000,0.000000,8.000000,47.790000
1789151329.435029,0,0.000000,0.000000,1.000000,-0.930000,0.000000,0.000000,0.000000,0.000000,8.000000,47.810000
1789151329.442651,0,0.000000,0.000000,1.000000,-0.760000,0.000000,0.000000,0.000000,0.000000,8.000000,47.810000
1789151329.450016,0,0.000000,0.000000,1.000000,-0.930000,0.000000,0.000000,0.000000,0.000000,8.000000,47.830000
1789151329.465008,0,0.000000,0.000000,1.000000,-0.990000,0.000000,0.000000,0.000000,0.000000,8.000000,47.840000
1789151329.473408,0,0.000000,0.000000,1.000000,-1.070000,0.000000,0.000000,0.000000,0.000000,8.000000,47.840000
1789151329.479941,0,0.000000,0.000000,1.000000,-0.890000,0.000000,0.000000,0.000000,0.000000,8.000000,47.860000
1789151329.487863,0,0.000000,0.000000,1.000000,-0.990000,0.000000,0.000000,0.000000,0.000000,8.000000,47.860000
1789151329.495168,0,0.000000,0.000000,1.000000,-0.860000,0.000000,0.000000,0.000000,0.000000,8.000000,47.880000
1789151329.503035,0,0.000000,0.000000,1.000000,-0.890000,0.000000,0.000000,0.000000,0.000000,8.000000,47.880000
1789151329.517951,0,0.000000,0.000000,1.000000,-0.990000,0.000000,0.000000,0.000000,0.000000,8.000000,47.900000
1789151329.524992,0,0.000000,0.000000,1.000000,-1.020000,0.000000,0.000000,0.000000,0.000000,8.000000,47.900000
1789151329.532464,0,0.000000,0.000000,1.000000,-1.020000,0.000000,0.000000,0.000000,0.000000,8.000000,47.910000
1789151329.547998,0,0.000000,0.000000,1.000000,-0.930000,0.000000,0.000000,0.000000,0.000000,8.000000,47.930000
1789151329.554939,0,0.000000,0.000000,1.000000,-0.930000,0.000000,0.000000,0.000000,0.000000,8.000000,47.930000
1789151329.570892,0,0.000000,0.000000,1.000000,-0.810000,0.000000,0.000000,0.000000,0.000000,8.000000,47.950000
1789151329.577039,0,0.000000,0.000000,1.000000,-1.070000,0.000000,0.000000,0.000000,0.000000,8.000000,47.950000
1789151329.578136,0,0.000000,0.000000,1.000000,-0.990000,0.000000,0.000000,0.000000,0.000000,8.000000,47.970000
1789151329.600367,0,0.000000,0.000000,1.000000,-0.930000,0.000000,0.000000,0.000000,0.000000,8.000000,47.970000
1789151329.608025,0,0.000000,0.000000,1.000000,-0.810000,0.000000,0.000000,0.000000,0.000000,8.000000,47.990000
1789151329.615364,0,0.000000,0.000000,1.000000,-0.930000,0.000000,0.000000,0.000000,0.000000,8.000000,48.000000
1789151329.631782,0,0.000000,0.000000,1.000000,-1.120000,0.000000,0.000000,0.000000,0.000000,8.000000,48.000000
1789151329.637902,0,0.000000,0.000000,1.000000,-0.930000,0.000000,0.000000,0.000000,0.000000,8.000000,48.020000
1789151329.645225,0,0.000000,0.000000,1.000000,-1.070000,0.000000,0.000000,0.000000,0.000000,8.000000,48.020000
1789151329.661059,0,0.000000,0.000000,1.000000,-1.020000,0.000000,0.000000,0.000000,0.000000,8.000000,48.040000
1789151329.674759,0,0.000000,0.000000,1.000000,-0.990000,0.000000,0.000000,0.000000,0.000000,8.000000,48.040000
1789151329.675701,0,0.000000,0.000000,1.000000,-1.120000,0.000000,0.000000,0.000000,0.000000,8.000000,48.060000
1789151329.690146,0,0.000000,0.000000,1.000000,-0.990000,0.000000,0.000000,0.000000,0.000000,8.000000,48.060000
1789151329.697658,0,0.000000,0.000000,1.000000,-1.020000,0.000000,0.000000,0.000000,0.000000,8.000000,48.080000
1789151329.705177,0,0.000000,0.000000,1.000000,-0.990000,0.000000,0.000000,0.000000,0.000000,8.000000,48.090000
1789151329.712452,0,0.000000,0.000000,1.000000,-0.930000,0.000000,0.000000,0.000000,0.000000,8.000000,48.090000
1789151329.721035,0,0.000000,0.000000,1.000000,-0.930000,0.000000,0.000000,0.000000,0.000000,8.000000,48.090000
1789151329.735747,0,0.000000,0.000000,1.000000,-0.860000,0.000000,0.000000,0.000000,0.000000,8.000000,48.110000
1789151329.749156,0,0.000000,0.000000,1.000000,-0.990000,0.000000,0.000000,0.000000,0.000000,8.000000,48.130000
1789151329.758479,0,0.000000,0.000000,1.000000,-0.990000,0.000000,0.000000,0.000000,0.000000,8.000000,48.130000
1789151329.765101,0,0.000000,0.000000,1.000000,-0.990000,0.000000,0.000000,0.000000,0.000000,8.000000,48.130000
1789151329.766047,0,0.000000,0.000000,1.000000,-0.930000,0.000000,0.000000,0.000000,0.000000,8.000000,48.150000
1789151329.788511,0,0.000000,0.000000,1.000000,-0.810000,0.000000,0.000000,0.000000,0.000000,8.000000,48.150000
1789151329.795138,0,0.000000,0.000000,1.000000,-0.930000,0.000000,0.000000,0.000000,0.000000,8.000000,48.160000
1789151329.802815,0,0.000000,0.000000,1.000000,-0.990000,0.000000,0.000000,0.000000,0.000000,8.000000,48.180000
1789151329.810100,0,0.000000,0.000000,1.000000,-0.930000,0.000000,0.000000,0.000000,0.000000,8.000000,48.180000
1789151329.826163,0,0.000000,0.000000,1.000000,-0.930000,0.000000,0.000000,0.000000,0.000000,8.000000,48.200000
1789151329.832572,0,0.000000,0.000000,1.000000,-1.070000,0.000000,0.000000,0.000000,0.000000,8.000000,48.200000
1789151329.840452,0,0.000000,0.000000,1.000000,-0.930000,0.000000,0.000000,0.000000,0.000000,8.000000,48.220000
1789151329.854993,0,0.000000,0.000000,1.000000,-1.020000,0.000000,0.000000,0.000000,0.000000,8.000000,48.220000
1789151329.856001,0,0.000000,0.000000,1.000000,-0.890000,0.000000,0.000000,0.000000,0.000000,8.000000,48.240000
1789151329.877742,0,0.000000,0.000000,1.000000,-1.200000,0.000000,0.000000,0.000000,0.000000,8.000000,48.250000
1789151329.885195,0,0.000000,0.000000,1.000000,-0.760000,0.000000,0.000000,0.000000,0.000000,8.000000,48.250000
1789151329.892476,0,0.000000,0.000000,1.000000,-0.930000,0.000000,0.000000,0.000000,0.000000,8.000000,48.270000
1789151329.908437,0,0.000000,0.000000,1.000000,-0.890000,0.000000,0.000000,0.000000,0.000000,8.000000,48.270000
1789151329.915220,0,0.000000,0.000000,1.000000,-1.020000,0.000000,0.000000,0.000000,0.000000,8.000000,48.290000
1789151329.922756,0,0.000000,0.000000,1.000000,-1.020000,0.000000,0.000000,0.000000,0.000000,8.000000,48.290000
1789151329.938538,0,0.000000,0.000000,1.000000,-1.200000,0.000000,0.000000,0.000000,0.000000,8.000000,48.310000
1789151329.953134,0,0.000000,0.000000,1.000000,-1.020000,0.000000,0.000000,0.000000,0.000000,8.000000,48.310000
1789151329.954285,0,0.000000,0.000000,1.000000,-0.890000,0.000000,0.000000,0.000000,0.000000,8.000000,48.330000
1789151329.967794,0,0.000000,0.000000,1.000000,-0.730000,0.000000,0.000000,0.000000,0.000000,8.000000,48.340000
1789151329.974870,0,0.000000,0.000000,1.000000,-0.990000,0.000000,0.000000,0.000000,0.000000,8.000000,48.340000
1789151329.982670,0,0.000000,0.000000,1.000000,-0.890000,0.000000,0.000000,0.000000,0.000000,8.000000,48.360000
1789151329.996923,0,0.000000,0.000000,1.000000,-1.020000,0.000000,0.000000,0.000000,0.000000,8.000000,48.360000
1789151329.998341,0,0.000000,0.000000,1.000000,-0.930000,0.000000,0.000000,0.000000,0.000000,8.000000,48.380000
1789151330.013492,0,0.000000,0.000000,1.000000,-0.930000,0.000000,0.000000,0.000000,0.000000,8.000000,48.380000
1789151330.028317,0,0.000000,0.000000,1.000000,-0.890000,0.000000,0.000000,0.000000,0.000000,8.000000,48.400000
1789151330.042642,0,0.000000,0.000000,1.000000,-1.070000,0.000000,0.000000,0.000000,0.000000,8.000000,48.400000
1789151330.050640,0,0.000000,0.000000,1.000000,-1.020000,0.000000,0.000000,0.000000,0.000000,8.000000,48.410000
1789151330.057791,0,0.000000,0.000000,1.000000,-0.890000,0.000000,0.000000,0.000000,0.000000,8.000000,48.430000
1789151330.065150,0,0.000000,0.000000,1.000000,-0.930000,0.000000,0.000000,0.000000,0.000000,8.000000,48.430000
1789151330.076554,0,0.000000,0.000000,1.000000,-0.990000,0.000000,0.000000,0.000000,0.000000,8.000000,48.450000
1789151330.088385,0,0.000000,0.000000,1.000000,-1.070000,0.000000,0.000000,0.000000,0.000000,8.000000,48.450000
1789151330.095700,0,0.000000,0.000000,1.000000,-0.890000,0.000000,0.000000,0.000000,0.000000,8.000000,48.470000
1789151330.102438,0,0.000000,0.000000,1.000000,-0.930000,0.000000,0.000000,0.000000,0.000000,8.000000,48.470000
1789151330.117810,0,0.000000,0.000000,1.000000,-0.810000,0.000000,0.000000,0.000000,0.000000,8.000000,48.490000
1789151330.134006,0,0.000000,0.000000,1.000000,-1.020000,0.000000,0.000000,0.000000,0.000000,8.000000,48.500000
1789151330.140194,0,0.000000,0.000000,1.000000,-1.020000,0.000000,0.000000,0.000000,0.000000,8.000000,48.500000
1789151330.147911,0,0.000000,0.000000,1.000000,-0.890000,0.000000,0.000000,0.000000,0.000000,8.000000,48.520000
1789151330.155304,0,0.000000,0.000000,1.000000,-0.810000,0.000000,0.000000,0.000000,0.000000,8.000000,48.520000
1789151330.162719,0,0.000000,0.000000,1.000000,-1.070000,0.000000,0.000000,0.000000,0.000000,8.000000,48.540000
1789151330.169894,0,0.000000,0.000000,1.000000,-0.890000,0.000000,0.000000,0.000000,0.000000,8.000000,48.540000
1789151330.177728,0,0.000000,0.000000,1.000000,-0.930000,0.000000,0.000000,0.000000,0.000000,8.000000,48.560000
1789151330.201656,0,0.000000,0.000000,1.000000,-0.990000,0.000000,0.000000,0.000000,0.000000,8.000000,48.560000
1789151330.215160,0,0.000000,0.000000,1.000000,-0.860000,0.000000,0.000000,0.000000,0.000000,8.000000,48.580000
1789151330.222597,0,0.000000,0.000000,1.000000,-0.730000,0.000000,0.000000,0.000000,0.000000,8.000000,48.590000
1789151330.229999,0,0.000000,0.000000,1.000000,-0.760000,0.000000,0.000000,0.000000,0.000000,8.000000,48.590000
1789151330.237514,0,0.000000,0.000000,1.000000,-0.760000,0.000000,0.000000,0.000000,0.000000,8.000000,48.610000
1789151330.245354,0,0.000000,0.000000,1.000000,-0.930000,0.000000,0.000000,0.000000,0.000000,8.000000,48.630000
1789151330.252727,0,0.000000,0.000000,1.000000,-0.860000,0.000000,0.000000,0.000000,0.000000,8.000000,48.630000
1789151330.260301,0,0.000000,0.000000,1.000000,-0.930000,0.000000,0.000000,0.000000,0.000000,8.000000,48.630000
1789151330.277183,0,0.000000,0.000000,1.000000,-0.890000,0.000000,0.000000,0.000000,0.000000,8.000000,48.650000
1789151330.284276,0,0.000000,0.000000,1.000000,-0.890000,0.000000,0.000000,0.000000,0.000000,8.000000,48.650000
1789151330.297874,0,0.000000,0.000000,1.000000,-0.990000,0.000000,0.000000,0.000000,0.000000,8.000000,48.660000
1789151330.304914,0,0.000000,0.000000,1.000000,-0.990000,0.000000,0.000000,0.000000,0.000000,8.000000,48.680000
1789151330.320371,0,0.000000,0.000000,1.000000,-1.020000,0.000000,0.000000,0.000000,0.000000,8.000000,48.680000
1789151330.327845,0,0.000000,0.000000,1.000000,-0.930000,0.000000,0.000000,0.000000,0.000000,8.000000,48.700000
1789151330.344453,0,0.000000,0.000000,1.000000,-0.930000,0.000000,0.000000,0.000000,0.000000,8.000000,48.700000
1789151330.350537,0,0.000000,0.000000,1.000000,-0.760000,0.000000,0.000000,0.000000,0.000000,8.000000,48.720000
1789151330.357628,0,0.000000,0.000000,1.000000,-0.860000,0.000000,0.000000,0.000000,0.000000,8.000000,48.740000
1789151330.365230,0,0.000000,0.000000,1.000000,-1.070000,0.000000,0.000000,0.000000,0.000000,8.000000,48.750000
1789151330.373200,0,0.000000,0.000000,1.000000,-0.930000,0.000000,0.000000,0.000000,0.000000,8.000000,48.750000
1789151330.388362,0,0.000000,0.000000,1.000000,-1.070000,0.000000,0.000000,0.000000,0.000000,8.000000,48.770000
1789151330.394977,0,0.000000,0.000000,1.000000,-0.990000,0.000000,0.000000,0.000000,0.000000,8.000000,48.770000
1789151330.411365,0,0.000000,0.000000,1.000000,-1.120000,0.000000,0.000000,0.000000,0.000000,8.000000,48.770000
1789151330.418579,0,0.000000,0.000000,1.000000,-0.990000,0.000000,0.000000,0.000000,0.000000,8.000000,48.790000
1789151330.425035,0,0.000000,0.000000,1.000000,-1.070000,0.000000,0.000000,0.000000,0.000000,8.000000,48.810000
1789151330.432546,0,0.000000,0.000000,1.000000,-0.760000,0.000000,0.000000,0.000000,0.000000,8.000000,48.810000
1789151330.440161,0,0.000000,0.000000,1.000000,-0.990000,0.000000,0.000000,0.000000,0.000000,8.000000,48.810000
1789151330.461246,0,0.000000,0.000000,1.000000,-1.020000,0.000000,0.000000,0.000000,0.000000,8.000000,48.830000
1789151330.462873,0,0.000000,0.000000,1.000000,-1.150000,0.000000,0.000000,0.000000,0.000000,8.000000,48.840000
1789151330.478602,0,0.000000,0.000000,1.000000,-0.890000,0.000000,0.000000,0.000000,0.000000,8.000000,48.840000
1789151330.485470,0,0.000000,0.000000,1.000000,-0.930000,0.000000,0.000000,0.000000,0.000000,8.000000,48.860000
1789151330.493073,0,0.000000,0.000000,1.000000,-0.930000,0.000000,0.000000,0.000000,0.000000,8.000000,48.860000
1789151330.500581,0,0.000000,0.000000,1.000000,-0.990000,0.000000,0.000000,0.000000,0.000000,8.000000,48.880000
1789151330.515597,0,0.000000,0.000000,1.000000,-0.890000,0.000000,0.000000,0.000000,0.000000,8.000000,48.880000
1789151330.530516,0,0.000000,0.000000,1.000000,-1.070000,0.000000,0.000000,0.000000,0.000000,8.000000,48.900000
1789151330.537812,0,0.000000,0.000000,1.000000,-0.930000,0.000000,0.000000,0.000000,0.000000,8.000000,48.900000
1789151330.545428,0,0.000000,0.000000,1.000000,-1.120000,0.000000,0.000000,0.000000,0.000000,8.000000,48.910000
1789151330.561212,0,0.000000,0.000000,1.000000,-0.930000,0.000000,0.000000,0.000000,0.000000,8.000000,48.930000
1789151330.567432,0,0.000000,0.000000,1.000000,-1.070000,0.000000,0.000000,0.000000,0.000000,8.000000,48.930000
1789151330.575888,0,0.000000,0.000000,1.000000,-1.070000,0.000000,0.000000,0.000000,0.000000,8.000000,48.950000
1789151330.583039,0,0.000000,0.000000,1.000000,-1.200000,0.000000,0.000000,0.000000,0.000000,8.000000,48.950000
1789151330.590365,0,0.000000,0.000000,1.000000,-1.070000,0.000000,0.000000,0.000000,0.000000,8.000000,48.970000
1789151330.597765,0,0.000000,0.000000,1.000000,-1.120000,0.000000,0.000000,0.000000,0.000000,8.000000,48.970000
1789151330.612601,0,0.000000,0.000000,1.000000,-0.890000,0.000000,0.000000,0.000000,0.000000,8.000000,48.990000
1789151330.627652,0,0.000000,0.000000,1.000000,-0.990000,0.000000,0.000000,0.000000,0.000000,8.000000,49.000000
1789151330.635008,0,0.000000,0.000000,1.000000,-0.930000,0.000000,0.000000,0.000000,0.000000,8.000000,49.000000
1789151330.643243,0,0.000000,0.000000,1.000000,-0.990000,0.000000,0.000000,0.000000,0.000000,8.000000,49.020000
1789151330.657780,0,0.000000,0.000000,1.000000,-1.020000,0.000000,0.000000,0.000000,0.000000,8.000000,49.020000
1789151330.673853,0,0.000000,0.000000,1.000000,-0.890000,0.000000,0.000000,0.000000,0.000000,8.000000,49.040000
1789151330.680045,0,0.000000,0.000000,1.000000,-0.760000,0.000000,0.000000,0.000000,0.000000,8.000000,49.040000
1789151330.687652,0,0.000000,0.000000,1.000000,-0.810000,0.000000,0.000000,0.000000,0.000000,8.000000,49.060000
1789151330.695378,0,0.000000,0.000000,1.000000,-0.810000,0.000000,0.000000,0.000000,0.000000,8.000000,49.060000
1789151330.711439,0,0.000000,0.000000,1.000000,-1.020000,0.000000,0.000000,0.000000,0.000000,8.000000,49.080000
1789151330.726458,0,0.000000,0.000000,1.000000,-0.990000,0.000000,0.000000,0.000000,0.000000,8.000000,49.090000
1789151330.732525,0,0.000000,0.000000,1.000000,-0.990000,0.000000,0.000000,0.000000,0.000000,8.000000,49.090000
1789151330.740256,0,0.000000,0.000000,1.000000,-0.810000,0.000000,0.000000,0.000000,0.000000,8.000000,49.110000
1789151330.747783,0,0.000000,0.000000,1.000000,-0.810000,0.000000,0.000000,0.000000,0.000000,8.000000,49.130000
1789151330.755194,0,0.000000,0.000000,1.000000,-0.930000,0.000000,0.000000,0.000000,0.000000,8.000000,49.130000
1789151330.762825,0,0.000000,0.000000,1.000000,-0.860000,0.000000,0.000000,0.000000,0.000000,8.000000,49.150000
1789151330.777738,0,0.000000,0.000000,1.000000,-1.020000,0.000000,0.000000,0.000000,0.000000,8.000000,49.150000
1789151330.785557,0,0.000000,0.000000,1.000000,-0.890000,0.000000,0.000000,0.000000,0.000000,8.000000,49.150000
1789151330.792604,0,0.000000,0.000000,1.000000,-1.020000,0.000000,0.000000,0.000000,0.000000,8.000000,49.180000
1789151330.808496,0,0.000000,0.000000,1.000000,-0.930000,0.000000,0.000000,0.000000,0.000000,8.000000,49.180000
1789151330.815099,0,0.000000,0.000000,1.000000,-1.070000,0.000000,0.000000,0.000000,0.000000,8.000000,49.180000
1789151330.823838,0,0.000000,0.000000,1.000000,-0.990000,0.000000,0.000000,0.000000,0.000000,8.000000,49.200000
1789151330.845801,0,0.000000,0.000000,1.000000,-1.020000,0.000000,0.000000,0.000000,0.000000,8.000000,49.200000
1789151330.846271,0,0.000000,0.000000,1.000000,-0.990000,0.000000,0.000000,0.000000,0.000000,8.000000,49.220000
1789151330.852618,0,0.000000,0.000000,1.000000,-1.070000,0.000000,0.000000,0.000000,0.000000,8.000000,49.220000
1789151330.867598,0,0.000000,0.000000,1.000000,-0.930000,0.000000,0.000000,0.000000,0.000000,8.000000,49.240000
1789151330.875127,0,0.000000,0.000000,1.000000,-1.120000,0.000000,0.000000,0.000000,0.000000,8.000000,49.250000
1789151330.882471,0,0.000000,0.000000,1.000000,-0.990000,0.000000,0.000000,0.000000,0.000000,8.000000,49.250000
1789151330.891054,0,0.000000,0.000000,1.000000,-0.890000,0.000000,0.000000,0.000000,0.000000,8.000000,49.270000
1789151330.905412,0,0.000000,0.000000,1.000000,-0.990000,0.000000,0.000000,0.000000,0.000000,8.000000,49.270000
1789151330.920941,0,0.000000,0.000000,1.000000,-1.020000,0.000000,0.000000,0.000000,0.000000,8.000000,49.290000
1789151330.934876,0,0.000000,0.000000,1.000000,-0.930000,0.000000,0.000000,0.000000,0.000000,8.000000,49.290000
1789151330.943409,0,0.000000,0.000000,1.000000,-1.020000,0.000000,0.000000,0.000000,0.000000,8.000000,49.310000
1789151330.950129,0,0.000000,0.000000,1.000000,-0.760000,0.000000,0.000000,0.000000,0.000000,8.000000,49.310000
1789151330.957838,0,0.000000,0.000000,1.000000,-0.810000,0.000000,0.000000,0.000000,0.000000,8.000000,49.330000
1789151330.973699,0,0.000000,0.000000,1.000000,-0.990000,0.000000,0.000000,0.000000,0.000000,8.000000,49.340000
1789151330.980184,0,0.000000,0.000000,1.000000,-0.760000,0.000000,0.000000,0.000000,0.000000,8.000000,49.340000
1789151330.995353,0,0.000000,0.000000,1.000000,-0.760000,0.000000,0.000000,0.000000,0.000000,8.000000,49.360000
1789151331.002678,0,0.000000,0.000000,1.000000,-1.020000,0.000000,0.000000,0.000000,0.000000,8.000000,49.360000
1789151331.010443,0,0.000000,0.000000,1.000000,-0.810000,0.000000,0.000000,0.000000,0.000000,8.000000,49.380000
1789151331.017790,0,0.000000,0.000000,1.000000,-0.860000,0.000000,0.000000,0.000000,0.000000,8.000000,49.400000
1789151331.025258,0,0.000000,0.000000,1.000000,-0.990000,0.000000,0.000000,0.000000,0.000000,8.000000,49.400000
1789151331.033172,0,0.000000,0.000000,1.000000,-0.890000,0.000000,0.000000,0.000000,0.000000,8.000000,49.410000
1789151331.040445,0,0.000000,0.000000,1.000000,-1.020000,0.000000,0.000000,0.000000,0.000000,8.000000,49.410000
1789151331.056873,0,0.000000,0.000000,1.000000,-1.020000,0.000000,0.000000,0.000000,0.000000,8.000000,49.430000
1789151331.064300,0,0.000000,0.000000,1.000000,-0.990000,0.000000,0.000000,0.000000,0.000000,8.000000,49.450000
1789151331.078034,0,0.000000,0.000000,1.000000,-0.990000,0.000000,0.000000,0.000000,0.000000,8.000000,49.450000
1789151331.085292,0,0.000000,0.000000,1.000000,-0.990000,0.000000,0.000000,0.000000,0.000000,8.000000,49.470000
1789151331.100729,0,0.000000,0.000000,1.000000,-1.120000,0.000000,0.000000,0.000000,0.000000,8.000000,49.470000
1789151331.107932,0,0.000000,0.000000,1.000000,-1.240000,0.000000,0.000000,0.000000,0.000000,8.000000,49.490000
1789151331.123940,0,0.000000,0.000000,1.000000,-1.150000,0.000000,0.000000,0.000000,0.000000,8.000000,49.500000
1789151331.130271,0,0.000000,0.000000,1.000000,-0.890000,0.000000,0.000000,0.000000,0.000000,8.000000,49.500000
1789151331.154488,0,0.000000,0.000000,1.000000,-0.810000,0.000000,0.000000,0.000000,0.000000,8.000000,49.520000
1789151331.154945,0,0.000000,0.000000,1.000000,-0.810000,0.000000,0.000000,0.000000,0.000000,8.000000,49.520000
1789151331.160397,0,0.000000,0.000000,1.000000,-0.890000,0.000000,0.000000,0.000000,0.000000,8.000000,49.540000
1789151331.167561,0,0.000000,0.000000,1.000000,-0.990000,0.000000,0.000000,0.000000,0.000000,8.000000,49.540000
1789151331.175057,0,0.000000,0.000000,1.000000,-1.020000,0.000000,0.000000,0.000000,0.000000,8.000000,49.560000
1789151331.191698,0,0.000000,0.000000,1.000000,-0.930000,0.000000,0.000000,0.000000,0.000000,8.000000,49.560000
1789151331.198039,0,0.000000,0.000000,1.000000,-1.020000,0.000000,0.000000,0.000000,0.000000,8.000000,49.580000
1789151331.204905,0,0.000000,0.000000,1.000000,-0.930000,0.000000,0.000000,0.000000,0.000000,8.000000,49.590000
1789151331.220843,0,0.000000,0.000000,1.000000,-0.930000,0.000000,0.000000,0.000000,0.000000,8.000000,49.590000
1789151331.227522,0,0.000000,0.000000,1.000000,-0.990000,0.000000,0.000000,0.000000,0.000000,8.000000,49.610000
1789151331.235242,0,0.000000,0.000000,1.000000,-1.020000,0.000000,0.000000,0.000000,0.000000,8.000000,49.610000
1789151331.250188,0,0.000000,0.000000,1.000000,-0.930000,0.000000,0.000000,0.000000,0.000000,8.000000,49.630000
1789151331.265188,0,0.000000,0.000000,1.000000,-0.930000,0.000000,0.000000,0.000000,0.000000,8.000000,49.630000
1789151331.272882,0,0.000000,0.000000,1.000000,-1.020000,0.000000,0.000000,0.000000,0.000000,8.000000,49.650000
1789151331.280150,0,0.000000,0.000000,1.000000,-0.990000,0.000000,0.000000,0.000000,0.000000,8.000000,49.650000
1789151331.287817,0,0.000000,0.000000,1.000000,-0.890000,0.000000,0.000000,0.000000,0.000000,8.000000,49.660000
1789151331.295031,0,0.000000,0.000000,1.000000,-0.930000,0.000000,0.000000,0.000000,0.000000,8.000000,49.680000
1789151331.311008,0,0.000000,0.000000,1.000000,-0.990000,0.000000,0.000000,0.000000,0.000000,8.000000,49.680000
1789151331.325797,0,0.000000,0.000000,1.000000,-0.990000,0.000000,0.000000,0.000000,0.000000,8.000000,49.700000
1789151331.332673,0,0.000000,0.000000,1.000000,-0.930000,0.000000,0.000000,0.000000,0.000000,8.000000,49.700000
1789151331.340096,0,0.000000,0.000000,1.000000,-0.930000,0.000000,0.000000,0.000000,0.000000,8.000000,49.720000
1789151331.355436,0,0.000000,0.000000,1.000000,-0.760000,0.000000,0.000000,0.000000,0.000000,8.000000,49.720000
1789151331.362729,0,0.000000,0.000000,1.000000,-0.930000,0.000000,0.000000,0.000000,0.000000,8.000000,49.740000
1789151331.370191,0,0.000000,0.000000,1.000000,-0.760000,0.000000,0.000000,0.000000,0.000000,8.000000,49.750000
1789151331.385453,0,0.000000,0.000000,1.000000,-0.810000,0.000000,0.000000,0.000000,0.000000,8.000000,49.750000
1789151331.409200,0,0.000000,0.000000,1.000000,-0.930000,0.000000,0.000000,0.000000,0.000000,8.000000,49.770000
1789151331.409831,0,0.000000,0.000000,1.000000,-0.760000,0.000000,0.000000,0.000000,0.000000,8.000000,49.770000
1789151331.414971,0,0.000000,0.000000,1.000000,-0.760000,0.000000,0.000000,0.000000,0.000000,8.000000,49.790000
1789151331.422900,0,0.000000,0.000000,1.000000,-0.730000,0.000000,0.000000,0.000000,0.000000,8.000000,49.790000
1789151331.437706,0,0.000000,0.000000,1.000000,-0.990000,0.000000,0.000000,0.000000,0.000000,8.000000,49.810000
1789151331.445160,0,0.000000,0.000000,1.000000,-0.760000,0.000000,0.000000,0.000000,0.000000,8.000000,49.810000
1789151331.452526,0,0.000000,0.000000,1.000000,-0.860000,0.000000,0.000000,0.000000,0.000000,8.000000,49.830000
1789151331.461622,0,0.000000,0.000000,1.000000,-0.810000,0.000000,0.000000,0.000000,0.000000,8.000000,49.840000
1789151331.475712,0,0.000000,0.000000,1.000000,-1.020000,0.000000,0.000000,0.000000,0.000000,8.000000,49.840000
1789151331.490390,0,0.000000,0.000000,1.000000,-1.020000,0.000000,0.000000,0.000000,0.000000,8.000000,49.860000
1789151331.497706,0,0.000000,0.000000,1.000000,-0.930000,0.000000,0.000000,0.000000,0.000000,8.000000,49.860000
1789151331.514711,0,0.000000,0.000000,1.000000,-0.760000,0.000000,0.000000,0.000000,0.000000,8.000000,49.880000
1789151331.519515,0,0.000000,0.000000,1.000000,-0.730000,0.000000,0.000000,0.000000,0.000000,8.000000,49.880000
1789151331.520592,0,0.000000,0.000000,1.000000,-0.890000,0.000000,0.000000,0.000000,0.000000,8.000000,49.900000
1789151331.527725,0,0.000000,0.000000,1.000000,-0.890000,0.000000,0.000000,0.000000,0.000000,8.000000,49.900000
1789151331.535231,0,0.000000,0.000000,1.000000,-1.020000,0.000000,0.000000,0.000000,0.000000,8.000000,49.910000
1789151331.558976,0,0.000000,0.000000,1.000000,-0.990000,0.000000,0.000000,0.000000,0.000000,8.000000,49.930000
1789151331.565196,0,0.000000,0.000000,1.000000,-0.890000,0.000000,0.000000,0.000000,0.000000,8.000000,49.930000
1789151331.580360,0,0.000000,0.000000,1.000000,-0.680000,0.000000,0.000000,0.000000,0.000000,8.000000,49.950000
1789151331.587784,0,0.000000,0.000000,1.000000,-0.680000,0.000000,0.000000,0.000000,0.000000,8.000000,49.950000
1789151331.595206,0,0.000000,0.000000,1.000000,-0.930000,0.000000,0.000000,0.000000,0.000000,8.000000,49.970000
1789151331.602473,0,0.000000,0.000000,1.000000,-0.930000,0.000000,0.000000,0.000000,0.000000,8.000000,49.970000
1789151331.610314,0,0.000000,0.000000,1.000000,-0.730000,0.000000,0.000000,0.000000,0.000000,8.000000,49.990000
1789151331.617811,0,0.000000,0.000000,1.000000,-0.930000,0.000000,0.000000,0.000000,0.000000,8.000000,50.000000
1789151331.632892,0,0.000000,0.000000,1.000000,-0.890000,0.000000,0.000000,0.000000,0.000000,8.000000,50.000000
1789151331.640124,0,0.000000,0.000000,1.000000,-0.890000,0.000000,0.000000,0.000000,0.000000,8.000000,50.020000
1789151331.655596,0,0.000000,0.000000,1.000000,-0.860000,0.000000,0.000000,0.000000,0.000000,8.000000,50.020000
1789151331.662858,0,0.000000,0.000000,1.000000,-0.890000,0.000000,0.000000,0.000000,0.000000,8.000000,50.040000
1789151331.678009,0,0.000000,0.000000,1.000000,-0.500000,0.000000,0.000000,0.000000,0.000000,8.000000,50.040000
1789151331.685130,0,0.000000,0.000000,1.000000,-0.730000,0.000000,0.000000,0.000000,0.000000,8.000000,50.060000
1789151331.692586,0,0.000000,0.000000,1.000000,-0.730000,0.000000,0.000000,0.000000,0.000000,8.000000,50.060000
1789151331.707790,0,0.000000,0.000000,1.000000,-0.890000,0.000000,0.000000,0.000000,0.000000,8.000000,50.080000
1789151331.715132,0,0.000000,0.000000,1.000000,-0.730000,0.000000,0.000000,0.000000,0.000000,8.000000,50.090000
1789151331.722506,0,0.000000,0.000000,1.000000,-0.760000,0.000000,0.000000,0.000000,0.000000,8.000000,50.090000
1789151331.730131,0,0.000000,0.000000,1.000000,-0.890000,0.000000,0.000000,0.000000,0.000000,8.000000,50.110000
1789151331.746174,0,0.000000,0.000000,1.000000,-0.930000,0.000000,0.000000,0.000000,0.000000,8.000000,50.110000
1789151331.752851,0,0.000000,0.000000,1.000000,-0.930000,0.000000,0.000000,0.000000,0.000000,8.000000,50.130000
1789151331.760276,0,0.000000,0.000000,1.000000,-0.810000,0.000000,0.000000,0.000000,0.000000,8.000000,50.130000
1789151331.768113,0,0.000000,0.000000,1.000000,-0.890000,0.000000,0.000000,0.000000,0.000000,8.000000,50.150000
1789151331.789751,0,0.000000,0.000000,1.000000,-0.860000,0.000000,0.000000,0.000000,0.000000,8.000000,50.150000
1789151331.791061,0,0.000000,0.000000,1.000000,-1.070000,0.000000,0.000000,0.000000,0.000000,8.000000,50.160000
1789151331.805260,0,0.000000,0.000000,1.000000,-1.020000,0.000000,0.000000,0.000000,0.000000,8.000000,50.180000
1789151331.812953,0,0.000000,0.000000,1.000000,-0.990000,0.000000,0.000000,0.000000,0.000000,8.000000,50.180000
1789151331.828071,0,0.000000,0.000000,1.000000,-0.730000,0.000000,0.000000,0.000000,0.000000,8.000000,50.200000
1789151331.843014,0,0.000000,0.000000,1.000000,-0.760000,0.000000,0.000000,0.000000,0.000000,8.000000,50.200000
1789151331.850455,0,0.000000,0.000000,1.000000,-0.630000,0.000000,0.000000,0.000000,0.000000,8.000000,50.220000
1789151331.857852,0,0.000000,0.000000,1.000000,-0.760000,0.000000,0.000000,0.000000,0.000000,8.000000,50.220000
1789151331.865285,0,0.000000,0.000000,1.000000,-0.860000,0.000000,0.000000,0.000000,0.000000,8.000000,50.240000
1789151331.879839,0,0.000000,0.000000,1.000000,-0.890000,0.000000,0.000000,0.000000,0.000000,8.000000,50.250000
1789151331.881050,0,0.000000,0.000000,1.000000,-0.810000,0.000000,0.000000,0.000000,0.000000,8.000000,50.250000
1789151331.887744,0,0.000000,0.000000,1.000000,-0.890000,0.000000,0.000000,0.000000,0.000000,8.000000,50.270000
1789151331.902899,0,0.000000,0.000000,1.000000,-0.890000,0.000000,0.000000,0.000000,0.000000,8.000000,50.270000
1789151331.909978,0,0.000000,0.000000,1.000000,-0.890000,0.000000,0.000000,0.000000,0.000000,8.000000,50.290000
1789151331.925987,0,0.000000,0.000000,1.000000,-0.990000,0.000000,0.000000,0.000000,0.000000,8.000000,50.290000
1789151331.932990,0,0.000000,0.000000,1.000000,-1.120000,0.000000,0.000000,0.000000,0.000000,8.000000,50.310000
1789151331.947854,0,0.000000,0.000000,1.000000,-0.890000,0.000000,0.000000,0.000000,0.000000,8.000000,50.310000
1789151331.955218,0,0.000000,0.000000,1.000000,-0.890000,0.000000,0.000000,0.000000,0.000000,8.000000,50.330000
1789151331.970680,0,0.000000,0.000000,1.000000,-0.990000,0.000000,0.000000,0.000000,0.000000,8.000000,50.340000
1789151331.977510,0,0.000000,0.000000,1.000000,-0.890000,0.000000,0.000000,0.000000,0.000000,8.000000,50.340000
1789151331.984998,0,0.000000,0.000000,1.000000,-0.890000,0.000000,0.000000,0.000000,0.000000,8.000000,50.360000
1789151332.000065,0,0.000000,0.000000,1.000000,-0.930000,0.000000,0.000000,0.000000,0.000000,8.000000,50.360000
1789151332.007778,0,0.000000,0.000000,1.000000,-0.930000,0.000000,0.000000,0.000000,0.000000,8.000000,50.380000
1789151332.015007,0,0.000000,0.000000,1.000000,-0.930000,0.000000,0.000000,0.000000,0.000000,8.000000,50.380000
1789151332.030354,0,0.000000,0.000000,1.000000,-0.730000,0.000000,0.000000,0.000000,0.000000,8.000000,50.400000
1789151332.037791,0,0.000000,0.000000,1.000000,-0.890000,0.000000,0.000000,0.000000,0.000000,8.000000,50.400000
1789151332.045304,0,0.000000,0.000000,1.000000,-0.810000,0.000000,0.000000,0.000000,0.000000,8.000000,50.410000
1789151332.052516,0,0.000000,0.000000,1.000000,-1.120000,0.000000,0.000000,0.000000,0.000000,8.000000,50.430000
1789151332.067584,0,0.000000,0.000000,1.000000,-0.890000,0.000000,0.000000,0.000000,0.000000,8.000000,50.430000
1789151332.075227,0,0.000000,0.000000,1.000000,-0.810000,0.000000,0.000000,0.000000,0.000000,8.000000,50.450000
1789151332.082418,0,0.000000,0.000000,1.000000,-1.020000,0.000000,0.000000,0.000000,0.000000,8.000000,50.450000
1789151332.083554,0,0.000000,0.000000,1.000000,-1.120000,0.000000,0.000000,0.000000,0.000000,8.000000,50.470000
1789151332.105056,0,0.000000,0.000000,1.000000,-0.990000,0.000000,0.000000,0.000000,0.000000,8.000000,50.470000
1789151332.112869,0,0.000000,0.000000,1.000000,-0.680000,0.000000,0.000000,0.000000,0.000000,8.000000,50.490000
1789151332.120121,0,0.000000,0.000000,1.000000,-0.890000,0.000000,0.000000,0.000000,0.000000,8.000000,50.500000
1789151332.127980,0,0.000000,0.000000,1.000000,-0.930000,0.000000,0.000000,0.000000,0.000000,8.000000,50.500000
1789151332.144012,0,0.000000,0.000000,1.000000,-0.930000,0.000000,0.000000,0.000000,0.000000,8.000000,50.520000
1789151332.150249,0,0.000000,0.000000,1.000000,-0.930000,0.000000,0.000000,0.000000,0.000000,8.000000,50.520000
1789151332.165275,0,0.000000,0.000000,1.000000,-0.860000,0.000000,0.000000,0.000000,0.000000,8.000000,50.540000
1789151332.172533,0,0.000000,0.000000,1.000000,-0.890000,0.000000,0.000000,0.000000,0.000000,8.000000,50.540000
1789151332.188375,0,0.000000,0.000000,1.000000,-1.120000,0.000000,0.000000,0.000000,0.000000,8.000000,50.560000
1789151332.195539,0,0.000000,0.000000,1.000000,-0.930000,0.000000,0.000000,0.000000,0.000000,8.000000,50.560000
1789151332.202909,0,0.000000,0.000000,1.000000,-0.730000,0.000000,0.000000,0.000000,0.000000,8.000000,50.580000
1789151332.211055,0,0.000000,0.000000,1.000000,-0.860000,0.000000,0.000000,0.000000,0.000000,8.000000,50.590000
1789151332.225101,0,0.000000,0.000000,1.000000,-0.930000,0.000000,0.000000,0.000000,0.000000,8.000000,50.590000
1789151332.232616,0,0.000000,0.000000,1.000000,-0.990000,0.000000,0.000000,0.000000,0.000000,8.000000,50.610000
1789151332.246920,0,0.000000,0.000000,1.000000,-0.990000,0.000000,0.000000,0.000000,0.000000,8.000000,50.610000
1789151332.255842,0,0.000000,0.000000,1.000000,-0.930000,0.000000,0.000000,0.000000,0.000000,8.000000,50.630000
1789151332.302272,0,0.000000,0.000000,1.000000,-0.890000,0.000000,0.000000,0.000000,0.000000,8.000000,50.630000
1789151332.333205,0,0.000000,0.000000,1.000000,-0.890000,0.000000,0.000000,0.000000,0.000000,8.000000,50.650000
1789151332.333695,0,0.000000,0.000000,1.000000,-0.860000,0.000000,0.000000,0.000000,0.000000,8.000000,50.650000
1789151332.334093,0,0.000000,0.000000,1.000000,-0.730000,0.000000,0.000000,0.000000,0.000000,8.000000,50.660000
1789151332.334525,0,0.000000,0.000000,1.000000,-1.120000,0.000000,0.000000,0.000000,0.000000,8.000000,50.680000
1789151332.336118,0,0.000000,0.000000,1.000000,-0.930000,0.000000,0.000000,0.000000,0.000000,8.000000,50.680000
1789151332.363019,0,0.000000,0.000000,1.000000,-0.890000,0.000000,0.000000,0.000000,0.000000,8.000000,50.700000
1789151332.364415,0,0.000000,0.000000,1.000000,-0.890000,0.000000,0.000000,0.000000,0.000000,8.000000,50.700000
1789151332.391908,0,0.000000,0.000000,1.000000,-0.730000,0.000000,0.000000,0.000000,0.000000,8.000000,50.720000
1789151332.392467,0,0.000000,0.000000,1.000000,-0.730000,0.000000,0.000000,0.000000,0.000000,8.000000,50.720000
1789151332.393086,0,0.000000,0.000000,-1.000000,-0.930000,0.000000,0.000000,0.000000,0.000000,8.000000,50.740000
1789151332.421432,0,0.000000,0.000000,-1.000000,-0.860000,0.000000,0.000000,0.000000,0.000000,8.000000,50.750000
1789151332.421953,0,0.000000,0.000000,-1.000000,-0.860000,0.000000,0.000000,0.000000,0.000000,8.000000,50.750000
1789151332.422353,0,0.000000,0.000000,-1.000000,-0.600000,0.000000,0.000000,0.000000,0.000000,8.000000,50.770000
1789151332.449638,0,0.000000,0.000000,-1.000000,-0.410000,0.000000,0.000000,0.000000,0.000000,8.000000,50.770000
1789151332.450273,0,0.000000,0.000000,-1.000000,-0.280000,0.000000,0.000000,0.000000,0.000000,8.000000,50.790000
1789151332.477470,0,0.000000,0.000000,-1.000000,-0.370000,0.000000,0.000000,0.000000,0.000000,8.000000,50.790000
1789151332.478028,0,0.000000,0.000000,-1.000000,-0.150000,0.000000,0.000000,0.000000,0.000000,8.000000,50.810000
1789151332.478459,0,0.000000,0.000000,-1.000000,-0.340000,0.000000,0.000000,0.000000,0.000000,8.000000,50.810000
1789151332.479167,0,0.000000,0.000000,-1.000000,-0.110000,0.000000,0.000000,0.000000,0.000000,8.000000,50.830000
1789151332.479827,0,0.000000,0.000000,-1.000000,-0.200000,0.000000,0.000000,0.000000,0.000000,8.000000,50.840000
1789151332.506596,0,0.000000,0.000000,-1.000000,-0.250000,0.000000,0.000000,0.000000,0.000000,8.000000,50.840000
1789151332.507223,0,0.000000,0.000000,-1.000000,0.000000,0.000000,0.000000,0.000000,0.000000,8.000000,50.860000
1789151332.535383,0,0.000000,0.000000,-1.000000,-0.110000,0.000000,0.000000,0.000000,0.000000,8.000000,50.860000
1789151332.535903,0,0.000000,0.000000,-1.000000,-0.020000,0.000000,0.000000,0.000000,0.000000,8.000000,50.880000
1789151332.564206,0,0.000000,0.000000,-1.000000,0.030000,0.000000,0.000000,0.000000,0.000000,8.000000,50.880000
1789151332.564725,0,0.000000,0.000000,-1.000000,0.210000,0.000000,0.000000,0.000000,0.000000,8.000000,50.900000
1789151332.565112,0,0.000000,0.000000,-1.000000,0.640000,0.000000,0.000000,0.000000,0.000000,8.000000,50.900000
1789151332.565500,0,0.000000,0.000000,-1.000000,1.630000,0.000000,0.000000,0.000000,0.000000,8.000000,50.910000
1789151332.591530,0,0.000000,0.000000,-1.000000,1.120000,0.000000,0.000000,0.000000,0.000000,8.000000,50.930000
1789151332.592045,0,0.000000,0.000000,-1.000000,1.030000,0.000000,0.000000,0.000000,0.000000,8.000000,50.930000
1789151332.618770,0,0.000000,0.000000,-1.000000,1.160000,0.000000,0.000000,0.000000,0.000000,8.000000,50.950000
1789151332.619271,0,0.000000,0.000000,-1.000000,1.120000,0.000000,0.000000,0.000000,0.000000,8.000000,50.950000
1789151332.619650,0,0.000000,0.000000,-1.000000,1.600000,0.000000,0.000000,0.000000,0.000000,8.000000,50.970000
1789151332.645504,0,0.000000,0.000000,-1.000000,1.500000,0.000000,0.000000,0.000000,0.000000,8.000000,50.970000
1789151332.646032,0,0.000000,0.000000,-1.000000,1.600000,0.000000,0.000000,0.000000,0.000000,8.000000,50.990000
1789151332.671060,0,0.000000,0.000000,-1.000000,1.890000,0.000000,0.000000,0.000000,0.000000,8.000000,51.000000
1789151332.671574,0,0.000000,0.000000,-1.000000,1.690000,0.000000,0.000000,0.000000,0.000000,8.000000,51.000000
1789151332.672000,0,0.000000,0.000000,-1.000000,1.890000,0.000000,0.000000,0.000000,0.000000,8.000000,51.020000
1789151332.699481,0,0.000000,0.000000,-1.000000,1.860000,0.000000,0.000000,0.000000,0.000000,8.000000,51.020000
1789151332.699994,0,0.000000,0.000000,-1.000000,1.760000,0.000000,0.000000,0.000000,0.000000,8.000000,51.040000
1789151332.700397,0,0.000000,0.000000,-1.000000,1.990000,0.000000,0.000000,0.000000,0.000000,8.000000,51.040000
1789151332.728882,0,0.000000,0.000000,-1.000000,1.950000,0.000000,0.000000,0.000000,0.000000,8.000000,51.060000
1789151332.729400,0,0.000000,0.000000,-1.000000,1.500000,0.000000,0.000000,0.000000,0.000000,8.000000,51.060000
1789151332.729776,0,0.000000,0.000000,-1.000000,-0.730000,0.000000,0.000000,0.000000,0.000000,8.000000,51.060000
1789151332.757352,0,0.000000,0.000000,-1.000000,0.680000,0.000000,0.000000,0.000000,0.000000,8.000000,51.080000
1789151332.758008,0,0.000000,0.000000,-1.000000,1.600000,0.000000,0.000000,0.000000,0.000000,8.000000,51.090000
1789151332.758491,0,0.000000,0.000000,-1.000000,2.590000,0.000000,0.000000,0.000000,0.000000,8.000000,51.090000
1789151332.786633,0,0.000000,0.000000,-1.000000,2.020000,0.000000,0.000000,0.000000,0.000000,8.000000,51.110000
1789151332.787150,0,0.000000,0.000000,-1.000000,1.760000,0.000000,0.000000,0.000000,0.000000,8.000000,51.110000
1789151332.787575,0,0.000000,0.000000,-1.000000,1.420000,0.000000,0.000000,0.000000,0.000000,8.000000,51.130000
1789151332.814533,0,0.000000,0.000000,-1.000000,1.210000,0.000000,0.000000,0.000000,0.000000,8.000000,51.130000
1789151332.815058,0,0.000000,0.000000,-1.000000,1.690000,0.000000,0.000000,0.000000,0.000000,8.000000,51.150000
1789151332.815775,0,0.000000,0.000000,-1.000000,2.070000,0.000000,0.000000,0.000000,0.000000,8.000000,51.150000
1789151332.841291,0,0.000000,0.000000,-1.000000,2.500000,0.000000,0.000000,0.000000,0.000000,8.000000,51.160000
1789151332.841807,0,0.000000,0.000000,-1.000000,2.800000,0.000000,0.000000,0.000000,0.000000,8.000000,51.180000
1789151332.842354,0,0.000000,0.000000,-1.000000,2.760000,0.000000,0.000000,0.000000,0.000000,8.000000,51.180000
1789151332.870742,0,0.000000,0.000000,-1.000000,2.800000,0.000000,0.000000,0.000000,0.000000,8.000000,51.200000
1789151332.871246,0,0.000000,0.000000,-1.000000,2.800000,0.000000,0.000000,0.000000,0.000000,8.000000,51.200000
1789151332.871641,0,0.000000,0.000000,-1.000000,2.850000,0.000000,0.000000,0.000000,0.000000,8.000000,51.220000
1789151332.900372,0,0.000000,0.000000,-1.000000,2.850000,0.000000,0.000000,0.000000,0.000000,8.000000,51.220000
1789151332.900931,0,0.000000,0.000000,-1.000000,2.730000,0.000000,0.000000,0.000000,0.000000,8.000000,51.240000
1789151332.926853,0,0.000000,0.000000,-1.000000,2.980000,0.000000,0.000000,0.000000,0.000000,8.000000,51.250000
1789151332.927417,0,0.000000,0.000000,-1.000000,2.730000,0.000000,0.000000,0.000000,0.000000,8.000000,51.250000
1789151332.927836,0,0.000000,0.000000,-1.000000,2.760000,0.000000,0.000000,0.000000,0.000000,8.000000,51.270000
1789151332.928221,0,0.000000,0.000000,-1.000000,2.540000,0.000000,0.000000,0.000000,0.000000,8.000000,51.270000
1789151332.957326,0,0.000000,0.000000,-1.000000,2.470000,0.000000,0.000000,0.000000,0.000000,8.000000,51.290000
1789151332.958031,0,0.000000,0.000000,-1.000000,2.590000,0.000000,0.000000,0.000000,0.000000,8.000000,51.290000
1789151332.984028,0,0.000000,0.000000,-1.000000,2.590000,0.000000,0.000000,0.000000,0.000000,8.000000,51.310000
1789151332.984549,0,0.000000,0.000000,-1.000000,2.680000,0.000000,0.000000,0.000000,0.000000,8.000000,51.310000
1789151332.984977,0,0.000000,0.000000,-1.000000,2.730000,0.000000,0.000000,0.000000,0.000000,8.000000,51.330000
1789151333.011117,0,0.000000,0.000000,-1.000000,3.020000,0.000000,0.000000,0.000000,0.000000,8.000000,51.340000
1789151333.011636,0,0.000000,0.000000,-1.000000,2.800000,0.000000,0.000000,0.000000,0.000000,8.000000,51.340000
1789151333.012062,0,0.000000,0.000000,-1.000000,2.900000,0.000000,0.000000,0.000000,0.000000,8.000000,51.360000
1789151333.039155,0,0.000000,0.000000,-1.000000,2.730000,0.000000,0.000000,0.000000,0.000000,8.000000,51.360000
1789151333.039666,0,0.000000,0.000000,-1.000000,2.760000,0.000000,0.000000,0.000000,0.000000,8.000000,51.380000
1789151333.067468,0,0.000000,0.000000,-1.000000,2.590000,0.000000,0.000000,0.000000,0.000000,8.000000,51.380000
1789151333.067971,0,0.000000,0.000000,-1.000000,2.590000,0.000000,0.000000,0.000000,0.000000,8.000000,51.400000
1789151333.094740,0,0.000000,0.000000,-1.000000,2.330000,0.000000,0.000000,0.000000,0.000000,8.000000,51.400000
1789151333.095264,0,0.000000,0.000000,-1.000000,2.380000,0.000000,0.000000,0.000000,0.000000,8.000000,51.410000
1789151333.095649,0,0.000000,0.000000,-1.000000,2.160000,0.000000,0.000000,0.000000,0.000000,8.000000,51.430000
1789151333.096038,0,0.000000,0.000000,-1.000000,2.210000,0.000000,0.000000,0.000000,0.000000,8.000000,51.430000
1789151333.122616,0,0.000000,0.000000,-1.000000,1.950000,0.000000,0.000000,0.000000,0.000000,8.000000,51.450000
1789151333.123130,0,0.000000,0.000000,-1.000000,1.950000,0.000000,0.000000,0.000000,0.000000,8.000000,51.450000
1789151333.123556,0,0.000000,0.000000,-1.000000,1.820000,0.000000,0.000000,0.000000,0.000000,8.000000,51.470000
1789151333.151138,0,0.000000,0.000000,-1.000000,1.760000,0.000000,0.000000,0.000000,0.000000,8.000000,51.470000
1789151333.151637,0,0.000000,0.000000,-1.000000,1.500000,0.000000,0.000000,0.000000,0.000000,8.000000,51.490000
1789151333.152034,0,0.000000,0.000000,-1.000000,1.420000,0.000000,0.000000,0.000000,0.000000,8.000000,51.500000
1789151333.152516,0,0.000000,0.000000,-1.000000,1.340000,0.000000,0.000000,0.000000,0.000000,8.000000,51.500000
1789151333.179928,0,0.000000,0.000000,-1.000000,1.420000,0.000000,0.000000,0.000000,0.000000,8.000000,51.520000
1789151333.206075,0,0.000000,0.000000,-1.000000,1.730000,0.000000,0.000000,0.000000,0.000000,8.000000,51.520000
1789151333.206587,0,0.000000,0.000000,-1.000000,1.340000,0.000000,0.000000,0.000000,0.000000,8.000000,51.540000
1789151333.207003,0,0.000000,0.000000,-1.000000,1.470000,0.000000,0.000000,0.000000,0.000000,8.000000,51.540000
1789151333.234820,0,0.000000,0.000000,-1.000000,1.500000,0.000000,0.000000,0.000000,0.000000,8.000000,51.560000
1789151333.235322,0,0.000000,0.000000,-1.000000,1.550000,0.000000,0.000000,0.000000,0.000000,8.000000,51.560000
1789151333.235730,0,0.000000,0.000000,-1.000000,1.690000,0.000000,0.000000,0.000000,0.000000,8.000000,51.580000
1789151333.264461,0,0.000000,0.000000,-1.000000,1.730000,0.000000,0.000000,0.000000,0.000000,8.000000,51.590000
1789151333.265012,0,0.000000,0.000000,-1.000000,2.070000,0.000000,0.000000,0.000000,0.000000,8.000000,51.590000
1789151333.266051,0,0.000000,0.000000,-1.000000,2.210000,0.000000,0.000000,0.000000,0.000000,8.000000,51.610000
1789151333.292959,0,0.000000,0.000000,-1.000000,2.540000,0.000000,0.000000,0.000000,0.000000,8.000000,51.610000
1789151333.293504,0,0.000000,0.000000,-1.000000,2.590000,0.000000,0.000000,0.000000,0.000000,8.000000,51.630000
1789151333.294171,0,0.000000,0.000000,-1.000000,2.590000,0.000000,0.000000,0.000000,0.000000,8.000000,51.630000
1789151333.320105,0,0.000000,0.000000,-1.000000,2.800000,0.000000,0.000000,0.000000,0.000000,8.000000,51.650000
1789151333.320687,0,0.000000,0.000000,-1.000000,2.900000,0.000000,0.000000,0.000000,0.000000,8.000000,51.650000
1789151333.321151,0,0.000000,0.000000,-1.000000,2.980000,0.000000,0.000000,0.000000,0.000000,8.000000,51.660000
1789151333.321743,0,0.000000,0.000000,-1.000000,3.020000,0.000000,0.000000,0.000000,0.000000,8.000000,51.680000
1789151333.348634,0,0.000000,0.000000,-1.000000,3.020000,0.000000,0.000000,0.000000,0.000000,8.000000,51.680000
1789151333.349538,0,0.000000,0.000000,-1.000000,3.460000,0.000000,0.000000,0.000000,0.000000,8.000000,51.700000
1789151333.376518,0,0.000000,0.000000,-1.000000,3.460000,0.000000,0.000000,0.000000,0.000000,8.000000,51.700000
1789151333.377189,0,0.000000,0.000000,-1.000000,3.540000,0.000000,0.000000,0.000000,0.000000,8.000000,51.720000
1789151333.377821,0,0.000000,0.000000,-1.000000,3.940000,0.000000,0.000000,0.000000,0.000000,8.000000,51.720000
1789151333.378557,0,0.000000,0.000000,-1.000000,4.110000,0.000000,0.000000,0.000000,0.000000,8.000000,51.740000
1789151333.402955,0,0.000000,0.000000,-1.000000,4.010000,0.000000,0.000000,0.000000,0.000000,8.000000,51.750000
1789151333.403889,0,0.000000,0.000000,-1.000000,4.400000,0.000000,0.000000,0.000000,0.000000,8.000000,51.750000
1789151333.429634,0,0.000000,0.000000,-1.000000,4.230000,0.000000,0.000000,0.000000,0.000000,8.000000,51.770000
1789151333.430836,0,0.000000,0.000000,-1.000000,4.150000,0.000000,0.000000,0.000000,0.000000,8.000000,51.770000
1789151333.456011,0,0.000000,0.000000,-1.000000,4.070000,0.000000,0.000000,0.000000,0.000000,8.000000,51.790000
1789151333.456490,0,0.000000,0.000000,-1.000000,4.150000,0.000000,0.000000,0.000000,0.000000,8.000000,51.790000
1789151333.482122,0,0.000000,0.000000,-1.000000,3.940000,0.000000,0.000000,0.000000,0.000000,8.000000,51.810000
1789151333.482644,0,0.000000,0.000000,-1.000000,4.320000,0.000000,0.000000,0.000000,0.000000,8.000000,51.810000
1789151333.507788,0,0.000000,0.000000,-1.000000,4.280000,0.000000,0.000000,0.000000,0.000000,8.000000,51.830000
1789151333.508451,0,0.000000,0.000000,-1.000000,3.940000,0.000000,0.000000,0.000000,0.000000,8.000000,51.840000
1789151333.508963,0,0.000000,0.000000,-1.000000,3.940000,0.000000,0.000000,0.000000,0.000000,8.000000,51.840000
1789151333.534515,0,0.000000,0.000000,-1.000000,3.540000,0.000000,0.000000,0.000000,0.000000,8.000000,51.860000
1789151333.535024,0,0.000000,0.000000,-1.000000,3.890000,0.000000,0.000000,0.000000,0.000000,8.000000,51.860000
1789151333.535542,0,0.000000,0.000000,-1.000000,3.980000,0.000000,0.000000,0.000000,0.000000,8.000000,51.880000
1789151333.560697,0,0.000000,0.000000,-1.000000,3.720000,0.000000,0.000000,0.000000,0.000000,8.000000,51.880000
1789151333.561290,0,0.000000,0.000000,-1.000000,3.720000,0.000000,0.000000,0.000000,0.000000,8.000000,51.900000
1789151333.561744,0,0.000000,0.000000,-1.000000,3.800000,0.000000,0.000000,0.000000,0.000000,8.000000,51.900000
1789151333.586361,0,0.000000,0.000000,-1.000000,3.420000,0.000000,0.000000,0.000000,0.000000,8.000000,51.910000
1789151333.586882,0,0.000000,0.000000,-1.000000,3.280000,0.000000,0.000000,0.000000,0.000000,8.000000,51.930000
1789151333.587262,0,0.000000,0.000000,-1.000000,3.100000,0.000000,0.000000,0.000000,0.000000,8.000000,51.930000
1789151333.587729,0,0.000000,0.000000,-1.000000,3.160000,0.000000,0.000000,0.000000,0.000000,8.000000,51.950000
1789151333.612543,0,0.000000,0.000000,-1.000000,2.800000,0.000000,0.000000,0.000000,0.000000,8.000000,51.950000
1789151333.637250,0,0.000000,0.000000,-1.000000,2.980000,0.000000,0.000000,0.000000,0.000000,8.000000,51.970000
1789151333.637730,0,0.000000,0.000000,-1.000000,2.470000,0.000000,0.000000,0.000000,0.000000,8.000000,51.970000
1789151333.638248,0,0.000000,0.000000,-1.000000,2.280000,0.000000,0.000000,0.000000,0.000000,8.000000,51.990000
1789151333.662540,0,0.000000,0.000000,-1.000000,2.330000,0.000000,0.000000,0.000000,0.000000,8.000000,52.000000
1789151333.663053,0,0.000000,0.000000,-1.000000,2.330000,0.000000,0.000000,0.000000,0.000000,8.000000,52.000000
1789151333.686607,0,0.000000,0.000000,-1.000000,0.680000,0.000000,0.000000,0.000000,0.000000,8.000000,52.020000
1789151333.687285,0,0.000000,0.000000,-1.000000,1.290000,0.000000,0.000000,0.000000,0.000000,8.000000,52.020000
1789151333.687944,0,0.000000,0.000000,-1.000000,1.690000,0.000000,0.000000,0.000000,0.000000,8.000000,52.040000
1789151333.688557,0,0.000000,0.000000,-1.000000,1.630000,0.000000,0.000000,0.000000,0.000000,8.000000,52.040000
1789151333.713387,0,0.000000,0.000000,-1.000000,1.250000,0.000000,0.000000,0.000000,0.000000,8.000000,52.060000
1789151333.713889,0,0.000000,0.000000,-1.000000,1.030000,0.000000,0.000000,0.000000,0.000000,8.000000,52.060000
1789151333.738868,0,0.000000,0.000000,-1.000000,0.990000,0.000000,0.000000,0.000000,0.000000,8.000000,52.080000
1789151333.763520,0,0.000000,0.000000,-1.000000,0.910000,0.000000,0.000000,0.000000,0.000000,8.000000,52.090000
1789151333.764131,0,0.000000,0.000000,-1.000000,0.860000,0.000000,0.000000,0.000000,0.000000,8.000000,52.090000
1789151333.764580,0,0.000000,0.000000,-1.000000,0.740000,0.000000,0.000000,0.000000,0.000000,8.000000,52.110000
1789151333.765228,0,0.000000,0.000000,-1.000000,0.860000,0.000000,0.000000,0.000000,0.000000,8.000000,52.110000
1789151333.789348,0,0.000000,0.000000,-1.000000,0.860000,0.000000,0.000000,0.000000,0.000000,8.000000,52.130000
1789151333.789862,0,0.000000,0.000000,-1.000000,0.810000,0.000000,0.000000,0.000000,0.000000,8.000000,52.130000
1789151333.814973,0,0.000000,0.000000,-1.000000,0.680000,0.000000,0.000000,0.000000,0.000000,8.000000,52.150000
1789151333.815489,0,0.000000,0.000000,-1.000000,0.510000,0.000000,0.000000,0.000000,0.000000,8.000000,52.150000
1789151333.839954,0,0.000000,0.000000,-1.000000,0.510000,0.000000,0.000000,0.000000,0.000000,8.000000,52.160000
1789151333.840469,0,0.000000,0.000000,-1.000000,0.640000,0.000000,0.000000,0.000000,0.000000,8.000000,52.180000
1789151333.841006,0,0.000000,0.000000,-1.000000,0.860000,0.000000,0.000000,0.000000,0.000000,8.000000,52.180000
1789151333.866892,0,0.000000,0.000000,-1.000000,0.680000,0.000000,0.000000,0.000000,0.000000,8.000000,52.200000
1789151333.867515,0,0.000000,0.000000,-1.000000,0.740000,0.000000,0.000000,0.000000,0.000000,8.000000,52.200000
1789151333.868010,0,0.000000,0.000000,-1.000000,0.740000,0.000000,0.000000,0.000000,0.000000,8.000000,52.220000
1789151333.892466,0,0.000000,0.000000,-1.000000,0.510000,0.000000,0.000000,0.000000,0.000000,8.000000,52.220000
1789151333.893144,0,0.000000,0.000000,-1.000000,0.740000,0.000000,0.000000,0.000000,0.000000,8.000000,52.240000
1789151333.918436,0,0.000000,0.000000,-1.000000,0.810000,0.000000,0.000000,0.000000,0.000000,8.000000,52.250000
1789151333.918946,0,0.000000,0.000000,-1.000000,0.990000,0.000000,0.000000,0.000000,0.000000,8.000000,52.250000
1789151333.943284,0,0.000000,0.000000,-1.000000,1.080000,0.000000,0.000000,0.000000,0.000000,8.000000,52.270000
1789151333.943924,0,0.000000,0.000000,-1.000000,0.860000,0.000000,0.000000,0.000000,0.000000,8.000000,52.270000
1789151333.944437,0,0.000000,0.000000,-1.000000,0.910000,0.000000,0.000000,0.000000,0.000000,8.000000,52.290000
1789151333.945137,0,0.000000,0.000000,-1.000000,1.030000,0.000000,0.000000,0.000000,0.000000,8.000000,52.290000
1789151333.969762,0,0.000000,0.000000,-1.000000,1.120000,0.000000,0.000000,0.000000,0.000000,8.000000,52.310000
1789151333.970291,0,0.000000,0.000000,-1.000000,1.290000,0.000000,0.000000,0.000000,0.000000,8.000000,52.310000
1789151333.995759,0,0.000000,0.000000,-1.000000,1.250000,0.000000,0.000000,0.000000,0.000000,8.000000,52.330000
1789151333.996269,0,0.000000,0.000000,-1.000000,1.470000,0.000000,0.000000,0.000000,0.000000,8.000000,52.340000
1789151333.996649,0,0.000000,0.000000,-1.000000,1.600000,0.000000,0.000000,0.000000,0.000000,8.000000,52.340000
1789151334.020985,0,0.000000,0.000000,-1.000000,1.600000,0.000000,0.000000,0.000000,0.000000,8.000000,52.360000
1789151334.021496,0,0.000000,0.000000,-1.000000,1.820000,0.000000,0.000000,0.000000,0.000000,8.000000,52.360000
1789151334.046582,0,0.000000,0.000000,-1.000000,1.760000,0.000000,0.000000,0.000000,0.000000,8.000000,52.380000
1789151334.047095,0,0.000000,0.000000,-1.000000,2.020000,0.000000,0.000000,0.000000,0.000000,8.000000,52.380000
1789151334.047550,0,0.000000,0.000000,-1.000000,2.110000,0.000000,0.000000,0.000000,0.000000,8.000000,52.400000
1789151334.071909,0,0.000000,0.000000,-1.000000,2.250000,0.000000,0.000000,0.000000,0.000000,8.000000,52.400000
1789151334.072426,0,0.000000,0.000000,-1.000000,1.890000,0.000000,0.000000,0.000000,0.000000,8.000000,52.410000
1789151334.072854,0,0.000000,0.000000,-1.000000,2.330000,0.000000,0.000000,0.000000,0.000000,8.000000,52.430000
1789151334.098566,0,0.000000,0.000000,-1.000000,2.420000,0.000000,0.000000,0.000000,0.000000,8.000000,52.430000
1789151334.099093,0,0.000000,0.000000,-1.000000,2.380000,0.000000,0.000000,0.000000,0.000000,8.000000,52.450000
1789151334.123776,0,0.000000,0.000000,-1.000000,2.380000,0.000000,0.000000,0.000000,0.000000,8.000000,52.450000
1789151334.124293,0,0.000000,0.000000,-1.000000,2.500000,0.000000,0.000000,0.000000,0.000000,8.000000,52.470000
1789151334.124862,0,0.000000,0.000000,-1.000000,2.800000,0.000000,0.000000,0.000000,0.000000,8.000000,52.470000
1789151334.149613,0,0.000000,0.000000,-1.000000,2.680000,0.000000,0.000000,0.000000,0.000000,8.000000,52.490000
1789151334.150163,0,0.000000,0.000000,-1.000000,3.060000,0.000000,0.000000,0.000000,0.000000,8.000000,52.500000
1789151334.150574,0,0.000000,0.000000,-1.000000,3.500000,0.000000,0.000000,0.000000,0.000000,8.000000,52.500000
1789151334.177866,0,0.000000,0.000000,-1.000000,3.500000,0.000000,0.000000,0.000000,0.000000,8.000000,52.500000
1789151334.178377,0,0.000000,0.000000,-1.000000,3.500000,0.000000,0.000000,0.000000,0.000000,8.000000,52.520000
1789151334.203356,0,0.000000,0.000000,-1.000000,3.630000,0.000000,0.000000,0.000000,0.000000,8.000000,52.520000
1789151334.203874,0,0.000000,0.000000,-1.000000,3.320000,0.000000,0.000000,0.000000,0.000000,8.000000,52.540000
1789151334.204282,0,0.000000,0.000000,-1.000000,3.320000,0.000000,0.000000,0.000000,0.000000,8.000000,52.560000
1789151334.230010,0,0.000000,0.000000,-1.000000,3.360000,0.000000,0.000000,0.000000,0.000000,8.000000,52.560000
1789151334.230554,0,0.000000,0.000000,-1.000000,3.460000,0.000000,0.000000,0.000000,0.000000,8.000000,52.580000
1789151334.231090,0,0.000000,0.000000,-1.000000,3.280000,0.000000,0.000000,0.000000,0.000000,8.000000,52.590000
1789151334.254889,0,0.000000,0.000000,-1.000000,3.200000,0.000000,0.000000,0.000000,0.000000,8.000000,52.590000
1789151334.255424,0,0.000000,0.000000,-1.000000,3.200000,0.000000,0.000000,0.000000,0.000000,8.000000,52.590000
1789151334.278735,0,0.000000,0.000000,-1.000000,3.160000,0.000000,0.000000,0.000000,0.000000,8.000000,52.610000
1789151334.279245,0,0.000000,0.000000,-1.000000,3.240000,0.000000,0.000000,0.000000,0.000000,8.000000,52.610000
1789151334.301383,0,0.000000,0.000000,-1.000000,3.360000,0.000000,0.000000,0.000000,0.000000,8.000000,52.630000
1789151334.301899,0,0.000000,0.000000,-1.000000,3.100000,0.000000,0.000000,0.000000,0.000000,8.000000,52.630000
1789151334.302415,0,0.000000,0.000000,-1.000000,3.020000,0.000000,0.000000,0.000000,0.000000,8.000000,52.650000
1789151334.302914,0,0.000000,0.000000,-1.000000,3.060000,0.000000,0.000000,0.000000,0.000000,8.000000,52.650000
1789151334.324312,0,0.000000,0.000000,-1.000000,2.730000,0.000000,0.000000,0.000000,0.000000,8.000000,52.660000
1789151334.325132,0,0.000000,0.000000,-1.000000,2.680000,0.000000,0.000000,0.000000,0.000000,8.000000,52.680000
1789151334.347225,0,0.000000,0.000000,-1.000000,2.540000,0.000000,0.000000,0.000000,0.000000,8.000000,52.680000
1789151334.347737,0,0.000000,0.000000,-1.000000,2.640000,0.000000,0.000000,0.000000,0.000000,8.000000,52.700000
1789151334.370129,0,0.000000,0.000000,-1.000000,2.540000,0.000000,0.000000,0.000000,0.000000,8.000000,52.700000
1789151334.370684,0,0.000000,0.000000,-1.000000,2.380000,0.000000,0.000000,0.000000,0.000000,8.000000,52.720000
1789151334.393284,0,0.000000,0.000000,-1.000000,2.500000,0.000000,0.000000,0.000000,0.000000,8.000000,52.720000
1789151334.393823,0,0.000000,0.000000,-1.000000,2.280000,0.000000,0.000000,0.000000,0.000000,8.000000,52.740000
1789151334.394419,0,0.000000,0.000000,-1.000000,2.380000,0.000000,0.000000,0.000000,0.000000,8.000000,52.750000
1789151334.416117,0,0.000000,0.000000,-1.000000,2.250000,0.000000,0.000000,0.000000,0.000000,8.000000,52.750000
1789151334.416793,0,0.000000,0.000000,-1.000000,2.070000,0.000000,0.000000,0.000000,0.000000,8.000000,52.770000
1789151334.438107,0,0.000000,0.000000,-1.000000,2.110000,0.000000,0.000000,0.000000,0.000000,8.000000,52.770000
1789151334.438704,0,0.000000,0.000000,-1.000000,2.020000,0.000000,0.000000,0.000000,0.000000,8.000000,52.790000
1789151334.439141,0,0.000000,0.000000,-1.000000,1.950000,0.000000,0.000000,0.000000,0.000000,8.000000,52.790000
1789151334.462582,0,0.000000,0.000000,-1.000000,1.860000,0.000000,0.000000,0.000000,0.000000,8.000000,52.810000
1789151334.484715,0,0.000000,0.000000,-1.000000,1.860000,0.000000,0.000000,0.000000,0.000000,8.000000,52.810000
1789151334.485230,0,0.000000,0.000000,-1.000000,1.890000,0.000000,0.000000,0.000000,0.000000,8.000000,52.830000
1789151334.485660,0,0.000000,0.000000,-1.000000,1.760000,0.000000,0.000000,0.000000,0.000000,8.000000,52.840000
1789151334.507619,0,0.000000,0.000000,-1.000000,2.070000,0.000000,0.000000,0.000000,0.000000,8.000000,52.840000
1789151334.508127,0,0.000000,0.000000,-1.000000,1.820000,0.000000,0.000000,0.000000,0.000000,8.000000,52.860000
1789151334.531059,0,0.000000,0.000000,-1.000000,1.860000,0.000000,0.000000,0.000000,0.000000,8.000000,52.860000
1789151334.531567,0,0.000000,0.000000,-1.000000,1.760000,0.000000,0.000000,0.000000,0.000000,8.000000,52.880000
1789151334.531972,0,0.000000,0.000000,-1.000000,1.820000,0.000000,0.000000,0.000000,0.000000,8.000000,52.880000
1789151334.554796,0,0.000000,0.000000,-1.000000,1.820000,0.000000,0.000000,0.000000,0.000000,8.000000,52.900000
1789151334.555367,0,0.000000,0.000000,-1.000000,1.890000,0.000000,0.000000,0.000000,0.000000,8.000000,52.900000
1789151334.578247,0,0.000000,0.000000,-1.000000,1.690000,0.000000,0.000000,0.000000,0.000000,8.000000,52.910000
1789151334.578727,0,0.000000,0.000000,-1.000000,1.860000,0.000000,0.000000,0.000000,0.000000,8.000000,52.930000
1789151334.601798,0,0.000000,0.000000,-1.000000,1.820000,0.000000,0.000000,0.000000,0.000000,8.000000,52.930000
1789151334.602460,0,0.000000,0.000000,-1.000000,1.730000,0.000000,0.000000,0.000000,0.000000,8.000000,52.950000
1789151334.602952,0,0.000000,0.000000,-1.000000,1.860000,0.000000,0.000000,0.000000,0.000000,8.000000,52.950000
1789151334.626175,0,0.000000,0.000000,-1.000000,1.890000,0.000000,0.000000,0.000000,0.000000,8.000000,52.970000
1789151334.626829,0,0.000000,0.000000,-1.000000,1.860000,0.000000,0.000000,0.000000,0.000000,8.000000,52.970000
1789151334.649523,0,0.000000,0.000000,-1.000000,1.690000,0.000000,0.000000,0.000000,0.000000,8.000000,52.990000
1789151334.650123,0,0.000000,0.000000,-1.000000,1.630000,0.000000,0.000000,0.000000,0.000000,8.000000,53.000000
1789151334.650536,0,0.000000,0.000000,-1.000000,1.860000,0.000000,0.000000,0.000000,0.000000,8.000000,53.000000
1789151334.672996,0,0.000000,0.000000,-1.000000,1.890000,0.000000,0.000000,0.000000,0.000000,8.000000,53.020000
1789151334.673503,0,0.000000,0.000000,-1.000000,1.990000,0.000000,0.000000,0.000000,0.000000,8.000000,53.020000
1789151334.697612,0,0.000000,0.000000,-1.000000,1.860000,0.000000,0.000000,0.000000,0.000000,8.000000,53.040000
1789151334.698164,0,0.000000,0.000000,-1.000000,1.890000,0.000000,0.000000,0.000000,0.000000,8.000000,53.040000
1789151334.720963,0,0.000000,0.000000,-1.000000,1.820000,0.000000,0.000000,0.000000,0.000000,8.000000,53.060000
1789151334.721569,0,0.000000,0.000000,-1.000000,1.760000,0.000000,0.000000,0.000000,0.000000,8.000000,53.060000
1789151334.721990,0,0.000000,0.000000,-1.000000,1.990000,0.000000,0.000000,0.000000,0.000000,8.000000,53.080000
1789151334.744711,0,0.000000,0.000000,-1.000000,1.950000,0.000000,0.000000,0.000000,0.000000,8.000000,53.090000
1789151334.745445,0,0.000000,0.000000,-1.000000,2.020000,0.000000,0.000000,0.000000,0.000000,8.000000,53.090000
1789151334.745968,0,0.000000,0.000000,-1.000000,2.020000,0.000000,0.000000,0.000000,0.000000,8.000000,53.110000
1789151334.767234,0,0.000000,0.000000,-1.000000,1.990000,0.000000,0.000000,0.000000,0.000000,8.000000,53.110000
1789151334.767954,0,0.000000,0.000000,-1.000000,1.990000,0.000000,0.000000,0.000000,0.000000,8.000000,53.130000
1789151334.790546,0,0.000000,0.000000,-1.000000,2.020000,0.000000,0.000000,0.000000,0.000000,8.000000,53.130000
1789151334.791220,0,0.000000,0.000000,-1.000000,2.210000,0.000000,0.000000,0.000000,0.000000,8.000000,53.150000
1789151334.812838,0,0.000000,0.000000,-1.000000,2.020000,0.000000,0.000000,0.000000,0.000000,8.000000,53.150000
1789151334.813354,0,0.000000,0.000000,-1.000000,2.160000,0.000000,0.000000,0.000000,0.000000,8.000000,53.150000
1789151334.836927,0,0.000000,0.000000,-1.000000,1.990000,0.000000,0.000000,0.000000,0.000000,8.000000,53.160000
1789151334.858961,0,0.000000,0.000000,-1.000000,1.990000,0.000000,0.000000,0.000000,0.000000,8.000000,53.180000
1789151334.859571,0,0.000000,0.000000,-1.000000,1.990000,0.000000,0.000000,0.000000,0.000000,8.000000,53.180000
1789151334.860165,0,0.000000,0.000000,-1.000000,2.110000,0.000000,0.000000,0.000000,0.000000,8.000000,53.200000
1789151334.860605,0,0.000000,0.000000,-1.000000,2.330000,0.000000,0.000000,0.000000,0.000000,8.000000,53.200000
1789151334.883843,0,0.000000,0.000000,-1.000000,2.020000,0.000000,0.000000,0.000000,0.000000,8.000000,53.220000
1789151334.884353,0,0.000000,0.000000,-1.000000,1.950000,0.000000,0.000000,0.000000,0.000000,8.000000,53.220000
1789151334.906004,0,0.000000,0.000000,-1.000000,2.020000,0.000000,0.000000,0.000000,0.000000,8.000000,53.240000
1789151334.906607,0,0.000000,0.000000,-1.000000,1.990000,0.000000,0.000000,0.000000,0.000000,8.000000,53.250000
1789151334.907028,0,0.000000,0.000000,-1.000000,2.070000,0.000000,0.000000,0.000000,0.000000,8.000000,53.250000
1789151334.929594,0,0.000000,0.000000,-1.000000,1.990000,0.000000,0.000000,0.000000,0.000000,8.000000,53.270000
1789151334.930102,0,0.000000,0.000000,-1.000000,1.950000,0.000000,0.000000,0.000000,0.000000,8.000000,53.270000
1789151334.951979,0,0.000000,0.000000,-1.000000,2.070000,0.000000,0.000000,0.000000,0.000000,8.000000,53.290000
1789151334.952484,0,0.000000,0.000000,-1.000000,2.070000,0.000000,0.000000,0.000000,0.000000,8.000000,53.290000
1789151334.975602,0,0.000000,0.000000,-1.000000,1.760000,0.000000,0.000000,0.000000,0.000000,8.000000,53.310000
1789151334.976298,0,0.000000,0.000000,-1.000000,2.020000,0.000000,0.000000,0.000000,0.000000,8.000000,53.310000
1789151334.976791,0,0.000000,0.000000,-1.000000,2.020000,0.000000,0.000000,0.000000,0.000000,8.000000,53.330000
1789151334.999573,0,0.000000,0.000000,-1.000000,2.020000,0.000000,0.000000,0.000000,0.000000,8.000000,53.340000
1789151335.021603,0,0.000000,0.000000,-1.000000,2.020000,0.000000,0.000000,0.000000,0.000000,8.000000,53.340000
1789151335.022140,0,0.000000,0.000000,-1.000000,1.890000,0.000000,0.000000,0.000000,0.000000,8.000000,53.360000
1789151335.022578,0,0.000000,0.000000,-1.000000,1.890000,0.000000,0.000000,0.000000,0.000000,8.000000,53.360000
1789151335.023107,0,0.000000,0.000000,-1.000000,1.990000,0.000000,0.000000,0.000000,0.000000,8.000000,53.380000
1789151335.045137,0,0.000000,0.000000,-1.000000,1.950000,0.000000,0.000000,0.000000,0.000000,8.000000,53.380000
1789151335.045887,0,0.000000,0.000000,-1.000000,1.990000,0.000000,0.000000,0.000000,0.000000,8.000000,53.400000
1789151335.068446,0,0.000000,0.000000,-1.000000,1.990000,0.000000,0.000000,0.000000,0.000000,8.000000,53.400000
1789151335.069035,0,0.000000,0.000000,-1.000000,1.990000,0.000000,0.000000,0.000000,0.000000,8.000000,53.410000
1789151335.091222,0,0.000000,0.000000,-1.000000,1.950000,0.000000,0.000000,0.000000,0.000000,8.000000,53.430000
1789151335.091740,0,0.000000,0.000000,-1.000000,1.990000,0.000000,0.000000,0.000000,0.000000,8.000000,53.430000
1789151335.114109,0,0.000000,0.000000,-1.000000,1.950000,0.000000,0.000000,0.000000,0.000000,8.000000,53.450000
1789151335.114610,0,0.000000,0.000000,-1.000000,1.950000,0.000000,0.000000,0.000000,0.000000,8.000000,53.450000
1789151335.136679,0,0.000000,0.000000,-1.000000,2.110000,0.000000,0.000000,0.000000,0.000000,8.000000,53.470000
1789151335.137187,0,0.000000,0.000000,-1.000000,1.860000,0.000000,0.000000,0.000000,0.000000,8.000000,53.470000
1789151335.137643,0,0.000000,0.000000,-1.000000,2.070000,0.000000,0.000000,0.000000,0.000000,8.000000,53.490000
1789151335.159825,0,0.000000,0.000000,-1.000000,1.860000,0.000000,0.000000,0.000000,0.000000,8.000000,53.500000
1789151335.160357,0,0.000000,0.000000,-1.000000,1.730000,0.000000,0.000000,0.000000,0.000000,8.000000,53.500000
1789151335.181976,0,0.000000,0.000000,-1.000000,1.690000,0.000000,0.000000,0.000000,0.000000,8.000000,53.520000
1789151335.182487,0,0.000000,0.000000,-1.000000,1.630000,0.000000,0.000000,0.000000,0.000000,8.000000,53.520000
1789151335.204380,0,0.000000,0.000000,-1.000000,1.690000,0.000000,0.000000,0.000000,0.000000,8.000000,53.540000
1789151335.204889,0,0.000000,0.000000,-1.000000,1.760000,0.000000,0.000000,0.000000,0.000000,8.000000,53.540000
1789151335.226410,0,0.000000,0.000000,-1.000000,1.690000,0.000000,0.000000,0.000000,0.000000,8.000000,53.560000
1789151335.226942,0,0.000000,0.000000,-1.000000,1.550000,0.000000,0.000000,0.000000,0.000000,8.000000,53.560000
1789151335.227384,0,0.000000,0.000000,-1.000000,1.690000,0.000000,0.000000,0.000000,0.000000,8.000000,53.580000
1789151335.250139,0,0.000000,0.000000,-1.000000,1.730000,0.000000,0.000000,0.000000,0.000000,8.000000,53.590000
1789151335.250654,0,0.000000,0.000000,-1.000000,1.690000,0.000000,0.000000,0.000000,0.000000,8.000000,53.590000
1789151335.251083,0,0.000000,0.000000,-1.000000,1.690000,0.000000,0.000000,0.000000,0.000000,8.000000,53.610000
1789151335.273291,0,0.000000,0.000000,-1.000000,1.690000,0.000000,0.000000,0.000000,0.000000,8.000000,53.610000
1789151335.295534,0,0.000000,0.000000,-1.000000,1.500000,0.000000,0.000000,0.000000,0.000000,8.000000,53.630000
1789151335.296045,0,0.000000,0.000000,-1.000000,1.630000,0.000000,0.000000,0.000000,0.000000,8.000000,53.630000
1789151335.318743,0,0.000000,0.000000,-1.000000,1.630000,0.000000,0.000000,0.000000,0.000000,8.000000,53.650000
1789151335.319257,0,0.000000,0.000000,-1.000000,1.760000,0.000000,0.000000,0.000000,0.000000,8.000000,53.650000
1789151335.319701,0,0.000000,0.000000,-1.000000,1.420000,0.000000,0.000000,0.000000,0.000000,8.000000,53.660000
1789151335.345691,0,0.000000,0.000000,-1.000000,1.420000,0.000000,0.000000,0.000000,0.000000,8.000000,53.680000
1789151335.346177,0,0.000000,0.000000,-1.000000,1.600000,0.000000,0.000000,0.000000,0.000000,8.000000,53.680000
1789151335.368552,0,0.000000,0.000000,-1.000000,1.550000,0.000000,0.000000,0.000000,0.000000,8.000000,53.700000
1789151335.369038,0,0.000000,0.000000,-1.000000,1.630000,0.000000,0.000000,0.000000,0.000000,8.000000,53.700000
1789151335.369435,0,0.000000,0.000000,-1.000000,1.600000,0.000000,0.000000,0.000000,0.000000,8.000000,53.720000
1789151335.390990,0,0.000000,0.000000,-1.000000,1.550000,0.000000,0.000000,0.000000,0.000000,8.000000,53.720000
1789151335.391501,0,0.000000,0.000000,-1.000000,1.470000,0.000000,0.000000,0.000000,0.000000,8.000000,53.740000
1789151335.412950,0,0.000000,0.000000,-1.000000,1.690000,0.000000,0.000000,0.000000,0.000000,8.000000,53.750000
1789151335.413482,0,0.000000,0.000000,-1.000000,1.600000,0.000000,0.000000,0.000000,0.000000,8.000000,53.750000
1789151335.413957,0,0.000000,0.000000,-1.000000,1.550000,0.000000,0.000000,0.000000,0.000000,8.000000,53.770000
1789151335.414391,0,0.000000,0.000000,-1.000000,1.550000,0.000000,0.000000,0.000000,0.000000,8.000000,53.770000
1789151335.435640,0,0.000000,0.000000,-1.000000,1.500000,0.000000,0.000000,0.000000,0.000000,8.000000,53.790000
1789151335.457648,0,0.000000,0.000000,-1.000000,1.760000,0.000000,0.000000,0.000000,0.000000,8.000000,53.790000
1789151335.458223,0,0.000000,0.000000,-1.000000,1.420000,0.000000,0.000000,0.000000,0.000000,8.000000,53.810000
1789151335.481501,0,0.000000,0.000000,-1.000000,1.600000,0.000000,0.000000,0.000000,0.000000,8.000000,53.810000
1789151335.482009,0,0.000000,0.000000,-1.000000,1.550000,0.000000,0.000000,0.000000,0.000000,8.000000,53.830000
1789151335.482663,0,0.000000,0.000000,-1.000000,1.550000,0.000000,0.000000,0.000000,0.000000,8.000000,53.840000
1789151335.505207,0,0.000000,0.000000,-1.000000,1.600000,0.000000,0.000000,0.000000,0.000000,8.000000,53.840000
1789151335.505745,0,0.000000,0.000000,-1.000000,1.550000,0.000000,0.000000,0.000000,0.000000,8.000000,53.860000
1789151335.528209,0,0.000000,0.000000,-1.000000,1.630000,0.000000,0.000000,0.000000,0.000000,8.000000,53.860000
1789151335.528701,0,0.000000,0.000000,-1.000000,1.470000,0.000000,0.000000,0.000000,0.000000,8.000000,53.880000
1789151335.550069,0,0.000000,0.000000,-1.000000,1.550000,0.000000,0.000000,0.000000,0.000000,8.000000,53.880000
1789151335.550571,0,0.000000,0.000000,-1.000000,1.630000,0.000000,0.000000,0.000000,0.000000,8.000000,53.900000
1789151335.572402,0,0.000000,0.000000,-1.000000,1.730000,0.000000,0.000000,0.000000,0.000000,8.000000,53.900000
1789151335.572916,0,0.000000,0.000000,-1.000000,1.690000,0.000000,0.000000,0.000000,0.000000,8.000000,53.910000
1789151335.596077,0,0.000000,0.000000,-1.000000,1.550000,0.000000,0.000000,0.000000,0.000000,8.000000,53.930000
1789151335.596591,0,0.000000,0.000000,-1.000000,1.340000,0.000000,0.000000,0.000000,0.000000,8.000000,53.930000
1789151335.597021,0,0.000000,0.000000,-1.000000,1.500000,0.000000,0.000000,0.000000,0.000000,8.000000,53.950000
1789151335.619040,0,0.000000,0.000000,-1.000000,1.290000,0.000000,0.000000,0.000000,0.000000,8.000000,53.950000
1789151335.619552,0,0.000000,0.000000,-1.000000,1.290000,0.000000,0.000000,0.000000,0.000000,8.000000,53.970000
1789151335.642273,0,0.000000,0.000000,-1.000000,1.340000,0.000000,0.000000,0.000000,0.000000,8.000000,53.970000
1789151335.642802,0,0.000000,0.000000,-1.000000,1.250000,0.000000,0.000000,0.000000,0.000000,8.000000,53.990000
1789151335.643226,0,0.000000,0.000000,-1.000000,1.500000,0.000000,0.000000,0.000000,0.000000,8.000000,54.000000
1789151335.666326,0,0.000000,0.000000,-1.000000,1.470000,0.000000,0.000000,0.000000,0.000000,8.000000,54.000000
1789151335.666824,0,0.000000,0.000000,-1.000000,1.690000,0.000000,0.000000,0.000000,0.000000,8.000000,54.020000
1789151335.667561,0,0.000000,0.000000,-1.000000,1.340000,0.000000,0.000000,0.000000,0.000000,8.000000,54.020000
1789151335.690320,0,0.000000,0.000000,-1.000000,1.690000,0.000000,0.000000,0.000000,0.000000,8.000000,54.040000
1789151335.714015,0,0.000000,0.000000,-1.000000,1.550000,0.000000,0.000000,0.000000,0.000000,8.000000,54.040000
1789151335.714510,0,0.000000,0.000000,-1.000000,1.600000,0.000000,0.000000,0.000000,0.000000,8.000000,54.060000
1789151335.715012,0,0.000000,0.000000,-1.000000,1.630000,0.000000,0.000000,0.000000,0.000000,8.000000,54.060000
1789151335.738207,0,0.000000,0.000000,-1.000000,1.690000,0.000000,0.000000,0.000000,0.000000,8.000000,54.080000
1789151335.738713,0,0.000000,0.000000,-1.000000,1.550000,0.000000,0.000000,0.000000,0.000000,8.000000,54.090000
1789151335.761919,0,0.000000,0.000000,-1.000000,1.600000,0.000000,0.000000,0.000000,0.000000,8.000000,54.090000
1789151335.762435,0,0.000000,0.000000,-1.000000,1.600000,0.000000,0.000000,0.000000,0.000000,8.000000,54.110000
1789151335.762858,0,0.000000,0.000000,-1.000000,1.420000,0.000000,0.000000,0.000000,0.000000,8.000000,54.110000
1789151335.786893,0,0.000000,0.000000,-1.000000,1.420000,0.000000,0.000000,0.000000,0.000000,8.000000,54.130000
1789151335.787415,0,0.000000,0.000000,-1.000000,1.370000,0.000000,0.000000,0.000000,0.000000,8.000000,54.130000
1789151335.808506,0,0.000000,0.000000,-1.000000,1.550000,0.000000,0.000000,0.000000,0.000000,8.000000,54.150000
1789151335.809012,0,0.000000,0.000000,-1.000000,1.500000,0.000000,0.000000,0.000000,0.000000,8.000000,54.150000
1789151335.809602,0,0.000000,0.000000,-1.000000,1.470000,0.000000,0.000000,0.000000,0.000000,8.000000,54.160000
1789151335.832816,0,0.000000,0.000000,-1.000000,1.420000,0.000000,0.000000,0.000000,0.000000,8.000000,54.180000
1789151335.833683,0,0.000000,0.000000,-1.000000,1.370000,0.000000,0.000000,0.000000,0.000000,8.000000,54.180000
1789151335.857000,0,0.000000,0.000000,-1.000000,1.470000,0.000000,0.000000,0.000000,0.000000,8.000000,54.200000
1789151335.857503,0,0.000000,0.000000,-1.000000,1.420000,0.000000,0.000000,0.000000,0.000000,8.000000,54.200000
1789151335.858151,0,0.000000,0.000000,-1.000000,1.550000,0.000000,0.000000,0.000000,0.000000,8.000000,54.200000
1789151335.881810,0,0.000000,0.000000,-1.000000,1.370000,0.000000,0.000000,0.000000,0.000000,8.000000,54.220000
1789151335.882328,0,0.000000,0.000000,-1.000000,1.470000,0.000000,0.000000,0.000000,0.000000,8.000000,54.220000
1789151335.904661,0,0.000000,0.000000,-1.000000,1.420000,0.000000,0.000000,0.000000,0.000000,8.000000,54.240000
1789151335.905252,0,0.000000,0.000000,-1.000000,1.120000,0.000000,0.000000,0.000000,0.000000,8.000000,54.250000
1789151335.928076,0,0.000000,0.000000,-1.000000,1.470000,0.000000,0.000000,0.000000,0.000000,8.000000,54.250000
1789151335.928593,0,0.000000,0.000000,-1.000000,1.420000,0.000000,0.000000,0.000000,0.000000,8.000000,54.270000
1789151335.950971,0,0.000000,0.000000,-1.000000,1.290000,0.000000,0.000000,0.000000,0.000000,8.000000,54.270000
1789151335.951466,0,0.000000,0.000000,-1.000000,1.370000,0.000000,0.000000,0.000000,0.000000,8.000000,54.290000
1789151335.951897,0,0.000000,0.000000,-1.000000,1.340000,0.000000,0.000000,0.000000,0.000000,8.000000,54.290000
1789151335.952277,0,0.000000,0.000000,-1.000000,1.340000,0.000000,0.000000,0.000000,0.000000,8.000000,54.310000
1789151335.975201,0,0.000000,0.000000,-1.000000,1.290000,0.000000,0.000000,0.000000,0.000000,8.000000,54.310000
1789151335.976043,0,0.000000,0.000000,-1.000000,1.500000,0.000000,0.000000,0.000000,0.000000,8.000000,54.330000
1789151335.998969,0,0.000000,0.000000,-1.000000,1.210000,0.000000,0.000000,0.000000,0.000000,8.000000,54.340000
1789151335.999640,0,0.000000,0.000000,-1.000000,1.340000,0.000000,0.000000,0.000000,0.000000,8.000000,54.340000
1789151336.023270,0,0.000000,0.000000,-1.000000,1.340000,0.000000,0.000000,0.000000,0.000000,8.000000,54.360000
1789151336.023787,0,0.000000,0.000000,-1.000000,1.470000,0.000000,0.000000,0.000000,0.000000,8.000000,54.360000
1789151336.024209,0,0.000000,0.000000,-1.000000,1.340000,0.000000,0.000000,0.000000,0.000000,8.000000,54.380000
1789151336.049153,0,0.000000,0.000000,-1.000000,1.210000,0.000000,0.000000,0.000000,0.000000,8.000000,54.380000
1789151336.049782,0,0.000000,0.000000,-1.000000,1.290000,0.000000,0.000000,0.000000,0.000000,8.000000,54.400000
1789151336.073557,0,0.000000,0.000000,-1.000000,1.340000,0.000000,0.000000,0.000000,0.000000,8.000000,54.400000
1789151336.074038,0,0.000000,0.000000,-1.000000,1.340000,0.000000,0.000000,0.000000,0.000000,8.000000,54.410000
1789151336.074548,0,0.000000,0.000000,-1.000000,1.340000,0.000000,0.000000,0.000000,0.000000,8.000000,54.430000
1789151336.098601,0,0.000000,0.000000,-1.000000,1.370000,0.000000,0.000000,0.000000,0.000000,8.000000,54.430000
1789151336.099114,0,0.000000,0.000000,-1.000000,1.290000,0.000000,0.000000,0.000000,0.000000,8.000000,54.450000
1789151336.122602,0,0.000000,0.000000,-1.000000,1.340000,0.000000,0.000000,0.000000,0.000000,8.000000,54.450000
1789151336.123108,0,0.000000,0.000000,-1.000000,1.290000,0.000000,0.000000,0.000000,0.000000,8.000000,54.470000
1789151336.147547,0,0.000000,0.000000,-1.000000,1.250000,0.000000,0.000000,0.000000,0.000000,8.000000,54.470000
1789151336.148061,0,0.000000,0.000000,-1.000000,1.290000,0.000000,0.000000,0.000000,0.000000,8.000000,54.490000
1789151336.148489,0,0.000000,0.000000,-1.000000,1.290000,0.000000,0.000000,0.000000,0.000000,8.000000,54.500000
1789151336.174789,0,0.000000,0.000000,-1.000000,1.370000,0.000000,0.000000,0.000000,0.000000,8.000000,54.500000
1789151336.175363,0,0.000000,0.000000,-1.000000,1.290000,0.000000,0.000000,0.000000,0.000000,8.000000,54.520000
1789151336.201696,0,0.000000,0.000000,-1.000000,1.470000,0.000000,0.000000,0.000000,0.000000,8.000000,54.520000
1789151336.202216,0,0.000000,0.000000,-1.000000,1.290000,0.000000,0.000000,0.000000,0.000000,8.000000,54.540000
1789151336.202624,0,0.000000,0.000000,-1.000000,1.370000,0.000000,0.000000,0.000000,0.000000,8.000000,54.540000
1789151336.204027,0,0.000000,0.000000,-1.000000,1.290000,0.000000,0.000000,0.000000,0.000000,8.000000,54.560000
1789151336.228759,0,0.000000,0.000000,-1.000000,1.340000,0.000000,0.000000,0.000000,0.000000,8.000000,54.560000
1789151336.253114,0,0.000000,0.000000,-1.000000,1.420000,0.000000,0.000000,0.000000,0.000000,8.000000,54.580000
1789151336.253714,0,0.000000,0.000000,-1.000000,1.370000,0.000000,0.000000,0.000000,0.000000,8.000000,54.590000
1789151336.254253,0,0.000000,0.000000,-1.000000,1.420000,0.000000,0.000000,0.000000,0.000000,8.000000,54.590000
1789151336.254779,0,0.000000,0.000000,-1.000000,1.340000,0.000000,0.000000,0.000000,0.000000,8.000000,54.610000
1789151336.255998,0,0.000000,0.000000,-1.000000,1.420000,0.000000,0.000000,0.000000,0.000000,8.000000,54.610000
1789151336.281552,0,0.000000,0.000000,-1.000000,1.420000,0.000000,0.000000,0.000000,0.000000,8.000000,54.630000
1789151336.305641,0,0.000000,0.000000,-1.000000,1.340000,0.000000,0.000000,0.000000,0.000000,8.000000,54.630000
1789151336.306150,0,0.000000,0.000000,-1.000000,1.370000,0.000000,0.000000,0.000000,0.000000,8.000000,54.650000
1789151336.331103,0,0.000000,0.000000,-1.000000,1.500000,0.000000,0.000000,0.000000,0.000000,8.000000,54.650000
1789151336.331633,0,0.000000,0.000000,-1.000000,1.600000,0.000000,0.000000,0.000000,0.000000,8.000000,54.660000
1789151336.332036,0,0.000000,0.000000,-1.000000,1.420000,0.000000,0.000000,0.000000,0.000000,8.000000,54.680000
1789151336.358044,0,0.000000,0.000000,-1.000000,1.370000,0.000000,0.000000,0.000000,0.000000,8.000000,54.680000
1789151336.358593,0,0.000000,0.000000,-1.000000,1.370000,0.000000,0.000000,0.000000,0.000000,8.000000,54.700000
1789151336.384005,0,0.000000,0.000000,-1.000000,1.550000,0.000000,0.000000,0.000000,0.000000,8.000000,54.700000
1789151336.384518,0,0.000000,0.000000,-1.000000,1.600000,0.000000,0.000000,0.000000,0.000000,8.000000,54.720000
1789151336.384942,0,0.000000,0.000000,-1.000000,1.370000,0.000000,0.000000,0.000000,0.000000,8.000000,54.720000
1789151336.385335,0,0.000000,0.000000,-1.000000,1.370000,0.000000,0.000000,0.000000,0.000000,8.000000,54.740000
1789151336.411664,0,0.000000,0.000000,-1.000000,1.550000,0.000000,0.000000,0.000000,0.000000,8.000000,54.750000
1789151336.412180,0,0.000000,0.000000,-1.000000,1.340000,0.000000,0.000000,0.000000,0.000000,8.000000,54.750000
1789151336.436430,0,0.000000,0.000000,-1.000000,1.250000,0.000000,0.000000,0.000000,0.000000,8.000000,54.770000
1789151336.436938,0,0.000000,0.000000,-1.000000,1.370000,0.000000,0.000000,0.000000,0.000000,8.000000,54.770000
1789151336.461475,0,0.000000,0.000000,-1.000000,1.500000,0.000000,0.000000,0.000000,0.000000,8.000000,54.790000
1789151336.461988,0,0.000000,0.000000,-1.000000,1.500000,0.000000,0.000000,0.000000,0.000000,8.000000,54.790000
1789151336.462476,0,0.000000,0.000000,-1.000000,1.470000,0.000000,0.000000,0.000000,0.000000,8.000000,54.810000
1789151336.487786,0,0.000000,0.000000,-1.000000,1.600000,0.000000,0.000000,0.000000,0.000000,8.000000,54.810000
1789151336.488367,0,0.000000,0.000000,-1.000000,1.690000,0.000000,0.000000,0.000000,0.000000,8.000000,54.830000
1789151336.488891,0,0.000000,0.000000,-1.000000,1.550000,0.000000,0.000000,0.000000,0.000000,8.000000,54.840000
1789151336.513287,0,0.000000,0.000000,-1.000000,1.600000,0.000000,0.000000,0.000000,0.000000,8.000000,54.840000
1789151336.513809,0,0.000000,0.000000,-1.000000,1.820000,0.000000,0.000000,0.000000,0.000000,8.000000,54.840000
1789151336.514206,0,0.000000,0.000000,-1.000000,1.690000,0.000000,0.000000,0.000000,0.000000,8.000000,54.860000
1789151336.539898,0,0.000000,0.000000,-1.000000,1.250000,0.000000,0.000000,0.000000,0.000000,8.000000,54.880000
1789151336.540384,0,0.000000,0.000000,-1.000000,1.600000,0.000000,0.000000,0.000000,0.000000,8.000000,54.880000
1789151336.540883,0,0.000000,0.000000,-1.000000,1.600000,0.000000,0.000000,0.000000,0.000000,8.000000,54.880000
1789151336.569490,0,0.000000,0.000000,-1.000000,1.550000,0.000000,0.000000,0.000000,0.000000,8.000000,54.900000
1789151336.570084,0,0.000000,0.000000,-1.000000,1.730000,0.000000,0.000000,0.000000,0.000000,8.000000,54.900000
1789151336.596493,0,0.000000,0.000000,-1.000000,1.600000,0.000000,0.000000,0.000000,0.000000,8.000000,54.910000
1789151336.597035,0,0.000000,0.000000,-1.000000,1.690000,0.000000,0.000000,0.000000,0.000000,8.000000,54.930000
1789151336.597544,0,0.000000,0.000000,-1.000000,1.690000,0.000000,0.000000,0.000000,0.000000,8.000000,54.930000
1789151336.627202,0,0.000000,0.000000,-1.000000,1.730000,0.000000,0.000000,0.000000,0.000000,8.000000,54.950000
1789151336.627992,0,0.000000,0.000000,-1.000000,1.730000,0.000000,0.000000,0.000000,0.000000,8.000000,54.950000
1789151336.628603,0,0.000000,0.000000,-1.000000,1.600000,0.000000,0.000000,0.000000,0.000000,8.000000,54.970000
1789151336.629115,0,0.000000,0.000000,-1.000000,1.730000,0.000000,0.000000,0.000000,0.000000,8.000000,54.970000
1789151336.654836,0,0.000000,0.000000,-1.000000,1.760000,0.000000,0.000000,0.000000,0.000000,8.000000,54.990000
1789151336.655345,0,0.000000,0.000000,-1.000000,1.550000,0.000000,0.000000,0.000000,0.000000,8.000000,55.000000
1789151336.681959,0,0.000000,0.000000,-1.000000,1.950000,0.000000,0.000000,0.000000,0.000000,8.000000,55.000000
1789151336.683330,0,0.000000,0.000000,-1.000000,1.950000,0.000000,0.000000,0.000000,0.000000,8.000000,55.020000
1789151336.683736,0,0.000000,0.000000,-1.000000,1.860000,0.000000,0.000000,0.000000,0.000000,8.000000,55.020000
1789151336.708363,0,0.000000,0.000000,-1.000000,1.730000,0.000000,0.000000,0.000000,0.000000,8.000000,55.040000
1789151336.708933,0,0.000000,0.000000,-1.000000,1.760000,0.000000,0.000000,0.000000,0.000000,8.000000,55.040000
1789151336.733377,0,0.000000,0.000000,-1.000000,1.990000,0.000000,0.000000,0.000000,0.000000,8.000000,55.060000
1789151336.734108,0,0.000000,0.000000,-1.000000,1.760000,0.000000,0.000000,0.000000,0.000000,8.000000,55.060000
1789151336.734552,0,0.000000,0.000000,-1.000000,1.690000,0.000000,0.000000,0.000000,0.000000,8.000000,55.080000
1789151336.760103,0,0.000000,0.000000,-1.000000,1.630000,0.000000,0.000000,0.000000,0.000000,8.000000,55.090000
1789151336.760669,0,0.000000,0.000000,-1.000000,1.690000,0.000000,0.000000,0.000000,0.000000,8.000000,55.090000
1789151336.761186,0,0.000000,0.000000,-1.000000,1.690000,0.000000,0.000000,0.000000,0.000000,8.000000,55.110000
1789151336.786332,0,0.000000,0.000000,-1.000000,1.730000,0.000000,0.000000,0.000000,0.000000,8.000000,55.110000
1789151336.786857,0,0.000000,0.000000,-1.000000,1.730000,0.000000,0.000000,0.000000,0.000000,8.000000,55.130000
1789151336.788408,0,0.000000,0.000000,-1.000000,1.760000,0.000000,0.000000,0.000000,0.000000,8.000000,55.130000
1789151336.814791,0,0.000000,0.000000,-1.000000,1.630000,0.000000,0.000000,0.000000,0.000000,8.000000,55.150000
1789151336.815332,0,0.000000,0.000000,-1.000000,1.690000,0.000000,0.000000,0.000000,0.000000,8.000000,55.150000
1789151336.840777,0,0.000000,0.000000,-1.000000,1.600000,0.000000,0.000000,0.000000,0.000000,8.000000,55.160000
1789151336.841276,0,0.000000,0.000000,-1.000000,1.630000,0.000000,0.000000,0.000000,0.000000,8.000000,55.180000
1789151336.841682,0,0.000000,0.000000,-1.000000,1.690000,0.000000,0.000000,0.000000,0.000000,8.000000,55.180000
1789151336.867764,0,0.000000,0.000000,-1.000000,1.600000,0.000000,0.000000,0.000000,0.000000,8.000000,55.200000
1789151336.868342,0,0.000000,0.000000,-1.000000,1.630000,0.000000,0.000000,0.000000,0.000000,8.000000,55.200000
1789151336.868804,0,0.000000,0.000000,-1.000000,1.760000,0.000000,0.000000,0.000000,0.000000,8.000000,55.220000
1789151336.892660,0,0.000000,0.000000,-1.000000,1.630000,0.000000,0.000000,0.000000,0.000000,8.000000,55.220000
1789151336.893181,0,0.000000,0.000000,-1.000000,1.600000,0.000000,0.000000,0.000000,0.000000,8.000000,55.240000
1789151336.893855,0,0.000000,0.000000,-1.000000,1.630000,0.000000,0.000000,0.000000,0.000000,8.000000,55.250000
1789151336.920703,0,0.000000,0.000000,-1.000000,1.630000,0.000000,0.000000,0.000000,0.000000,8.000000,55.250000
1789151336.921213,0,0.000000,0.000000,-1.000000,1.630000,0.000000,0.000000,0.000000,0.000000,8.000000,55.270000
1789151336.945562,0,0.000000,0.000000,-1.000000,1.630000,0.000000,0.000000,0.000000,0.000000,8.000000,55.270000
1789151336.946070,0,0.000000,0.000000,-1.000000,1.500000,0.000000,0.000000,0.000000,0.000000,8.000000,55.290000
1789151336.946495,0,0.000000,0.000000,-1.000000,1.630000,0.000000,0.000000,0.000000,0.000000,8.000000,55.290000
1789151336.970764,0,0.000000,0.000000,-1.000000,1.630000,0.000000,0.000000,0.000000,0.000000,8.000000,55.310000
1789151336.971273,0,0.000000,0.000000,-1.000000,1.630000,0.000000,0.000000,0.000000,0.000000,8.000000,55.310000
1789151336.996846,0,0.000000,0.000000,-1.000000,1.500000,0.000000,0.000000,0.000000,0.000000,8.000000,55.330000
1789151336.997474,0,0.000000,0.000000,-1.000000,1.470000,0.000000,0.000000,0.000000,0.000000,8.000000,55.340000
1789151336.997890,0,0.000000,0.000000,-1.000000,1.600000,0.000000,0.000000,0.000000,0.000000,8.000000,55.340000
1789151337.022651,0,0.000000,0.000000,-1.000000,1.550000,0.000000,0.000000,0.000000,0.000000,8.000000,55.360000
1789151337.047689,0,0.000000,0.000000,-1.000000,1.860000,0.000000,0.000000,0.000000,0.000000,8.000000,55.360000
1789151337.048333,0,0.000000,0.000000,-1.000000,1.420000,0.000000,0.000000,0.000000,0.000000,8.000000,55.380000
1789151337.048882,0,0.000000,0.000000,-1.000000,1.370000,0.000000,0.000000,0.000000,0.000000,8.000000,55.380000
1789151337.049510,0,0.000000,0.000000,-1.000000,1.500000,0.000000,0.000000,0.000000,0.000000,8.000000,55.400000
1789151337.074762,0,0.000000,0.000000,-1.000000,1.630000,0.000000,0.000000,0.000000,0.000000,8.000000,55.400000
1789151337.075368,0,0.000000,0.000000,-1.000000,1.690000,0.000000,0.000000,0.000000,0.000000,8.000000,55.410000
1789151337.075892,0,0.000000,0.000000,-1.000000,1.500000,0.000000,0.000000,0.000000,0.000000,8.000000,55.430000
1789151337.100017,0,0.000000,0.000000,-1.000000,1.600000,0.000000,0.000000,0.000000,0.000000,8.000000,55.430000
1789151337.100528,0,0.000000,0.000000,-1.000000,1.550000,0.000000,0.000000,0.000000,0.000000,8.000000,55.450000
1789151337.101125,0,0.000000,0.000000,-1.000000,1.470000,0.000000,0.000000,0.000000,0.000000,8.000000,55.450000
1789151337.125426,0,0.000000,0.000000,-1.000000,1.600000,0.000000,0.000000,0.000000,0.000000,8.000000,55.470000
1789151337.125937,0,0.000000,0.000000,-1.000000,1.470000,0.000000,0.000000,0.000000,0.000000,8.000000,55.470000
1789151337.150074,0,0.000000,0.000000,-1.000000,1.500000,0.000000,0.000000,0.000000,0.000000,8.000000,55.490000
1789151337.150621,0,0.000000,0.000000,-1.000000,1.470000,0.000000,0.000000,0.000000,0.000000,8.000000,55.500000
1789151337.151119,0,0.000000,0.000000,-1.000000,1.420000,0.000000,0.000000,0.000000,0.000000,8.000000,55.500000
1789151337.176934,0,0.000000,0.000000,-1.000000,1.500000,0.000000,0.000000,0.000000,0.000000,8.000000,55.520000
1789151337.178285,0,0.000000,0.000000,-1.000000,1.500000,0.000000,0.000000,0.000000,0.000000,8.000000,55.520000
1789151337.178692,0,0.000000,0.000000,-1.000000,1.500000,0.000000,0.000000,0.000000,0.000000,8.000000,55.540000
1789151337.203219,0,0.000000,0.000000,-1.000000,1.470000,0.000000,0.000000,0.000000,0.000000,8.000000,55.540000
1789151337.203729,0,0.000000,0.000000,-1.000000,1.470000,0.000000,0.000000,0.000000,0.000000,8.000000,55.560000
1789151337.228679,0,0.000000,0.000000,-1.000000,1.600000,0.000000,0.000000,0.000000,0.000000,8.000000,55.560000
1789151337.229236,0,0.000000,0.000000,-1.000000,1.500000,0.000000,0.000000,0.000000,0.000000,8.000000,55.580000
1789151337.229797,0,0.000000,0.000000,-1.000000,1.470000,0.000000,0.000000,0.000000,0.000000,8.000000,55.590000
1789151337.253699,0,0.000000,0.000000,-1.000000,1.500000,0.000000,0.000000,0.000000,0.000000,8.000000,55.590000
1789151337.280895,0,0.000000,0.000000,-1.000000,1.470000,0.000000,0.000000,0.000000,0.000000,8.000000,55.610000
1789151337.281473,0,0.000000,0.000000,-1.000000,1.550000,0.000000,0.000000,0.000000,0.000000,8.000000,55.610000
1789151337.281890,0,0.000000,0.000000,-1.000000,1.470000,0.000000,0.000000,0.000000,0.000000,8.000000,55.630000
1789151337.307150,0,0.000000,0.000000,-1.000000,1.500000,0.000000,0.000000,0.000000,0.000000,8.000000,55.630000
1789151337.307700,0,0.000000,0.000000,-1.000000,1.500000,0.000000,0.000000,0.000000,0.000000,8.000000,55.650000
1789151337.308102,0,0.000000,0.000000,-1.000000,1.550000,0.000000,0.000000,0.000000,0.000000,8.000000,55.650000
1789151337.333768,0,0.000000,0.000000,-1.000000,1.370000,0.000000,0.000000,0.000000,0.000000,8.000000,55.660000
1789151337.334791,0,0.000000,0.000000,-1.000000,1.500000,0.000000,0.000000,0.000000,0.000000,8.000000,55.680000
1789151337.358942,0,0.000000,0.000000,-1.000000,1.470000,0.000000,0.000000,0.000000,0.000000,8.000000,55.680000
1789151337.359617,0,0.000000,0.000000,-1.000000,1.550000,0.000000,0.000000,0.000000,0.000000,8.000000,55.680000
1789151337.360114,0,0.000000,0.000000,-1.000000,1.600000,0.000000,0.000000,0.000000,0.000000,8.000000,55.700000
1789151337.385298,0,0.000000,0.000000,-1.000000,1.470000,0.000000,0.000000,0.000000,0.000000,8.000000,55.700000
1789151337.385810,0,0.000000,0.000000,-1.000000,1.600000,0.000000,0.000000,0.000000,0.000000,8.000000,55.720000
1789151337.386238,0,0.000000,0.000000,-1.000000,1.340000,0.000000,0.000000,0.000000,0.000000,8.000000,55.720000
1789151337.410628,0,0.000000,0.000000,-1.000000,1.550000,0.000000,0.000000,0.000000,0.000000,8.000000,55.740000
1789151337.411453,0,0.000000,0.000000,-1.000000,1.550000,0.000000,0.000000,0.000000,0.000000,8.000000,55.750000
1789151337.435422,0,0.000000,0.000000,-1.000000,1.550000,0.000000,0.000000,0.000000,0.000000,8.000000,55.750000
1789151337.435927,0,0.000000,0.000000,-1.000000,1.550000,0.000000,0.000000,0.000000,0.000000,8.000000,55.770000
1789151337.436349,0,0.000000,0.000000,-1.000000,1.500000,0.000000,0.000000,0.000000,0.000000,8.000000,55.770000
1789151337.459699,0,0.000000,0.000000,-1.000000,1.370000,0.000000,0.000000,0.000000,0.000000,8.000000,55.790000
1789151337.460639,0,0.000000,0.000000,-1.000000,1.600000,0.000000,0.000000,0.000000,0.000000,8.000000,55.790000
1789151337.461289,0,0.000000,0.000000,-1.000000,1.550000,0.000000,0.000000,0.000000,0.000000,8.000000,55.810000
1789151337.485334,0,0.000000,0.000000,-1.000000,1.600000,0.000000,0.000000,0.000000,0.000000,8.000000,55.810000
1789151337.485843,0,0.000000,0.000000,-1.000000,1.550000,0.000000,0.000000,0.000000,0.000000,8.000000,55.830000
1789151337.486322,0,0.000000,0.000000,-1.000000,1.600000,0.000000,0.000000,0.000000,0.000000,8.000000,55.840000
1789151337.508841,0,0.000000,0.000000,-1.000000,1.470000,0.000000,0.000000,0.000000,0.000000,8.000000,55.840000
1789151337.509489,0,0.000000,0.000000,-1.000000,1.550000,0.000000,0.000000,0.000000,0.000000,8.000000,55.860000
1789151337.533194,0,0.000000,0.000000,-1.000000,1.420000,0.000000,0.000000,0.000000,0.000000,8.000000,55.860000
1789151337.533705,0,0.000000,0.000000,-1.000000,1.470000,0.000000,0.000000,0.000000,0.000000,8.000000,55.880000
1789151337.555785,0,0.000000,0.000000,-1.000000,1.470000,0.000000,0.000000,0.000000,0.000000,8.000000,55.880000
1789151337.556300,0,0.000000,0.000000,-1.000000,1.340000,0.000000,0.000000,0.000000,0.000000,8.000000,55.900000
1789151337.556906,0,0.000000,0.000000,-1.000000,1.550000,0.000000,0.000000,0.000000,0.000000,8.000000,55.900000
1789151337.579281,0,0.000000,0.000000,-1.000000,1.500000,0.000000,0.000000,0.000000,0.000000,8.000000,55.910000
1789151337.601403,0,0.000000,0.000000,-1.000000,1.470000,0.000000,0.000000,0.000000,0.000000,8.000000,55.930000
1789151337.601926,0,0.000000,0.000000,-1.000000,1.500000,0.000000,0.000000,0.000000,0.000000,8.000000,55.930000
1789151337.602474,0,0.000000,0.000000,-1.000000,1.470000,0.000000,0.000000,0.000000,0.000000,8.000000,55.950000
1789151337.624964,0,0.000000,0.000000,-1.000000,1.760000,0.000000,0.000000,0.000000,0.000000,8.000000,55.950000
1789151337.625677,0,0.000000,0.000000,-1.000000,1.600000,0.000000,0.000000,0.000000,0.000000,8.000000,55.970000
1789151337.649571,0,0.000000,0.000000,-1.000000,1.600000,0.000000,0.000000,0.000000,0.000000,8.000000,55.970000
1789151337.650192,0,0.000000,0.000000,-1.000000,1.500000,0.000000,0.000000,0.000000,0.000000,8.000000,55.990000
1789151337.650736,0,0.000000,0.000000,-1.000000,1.600000,0.000000,0.000000,0.000000,0.000000,8.000000,56.000000
1789151337.673616,0,0.000000,0.000000,-1.000000,1.600000,0.000000,0.000000,0.000000,0.000000,8.000000,56.000000
1789151337.674128,0,0.000000,0.000000,-1.000000,1.630000,0.000000,0.000000,0.000000,0.000000,8.000000,56.020000
1789151337.697080,0,0.000000,0.000000,-1.000000,1.550000,0.000000,0.000000,0.000000,0.000000,8.000000,56.020000
1789151337.697592,0,0.000000,0.000000,-1.000000,1.550000,0.000000,0.000000,0.000000,0.000000,8.000000,56.040000
1789151337.698046,0,0.000000,0.000000,-1.000000,1.600000,0.000000,0.000000,0.000000,0.000000,8.000000,56.040000
1789151337.721830,0,0.000000,0.000000,-1.000000,1.500000,0.000000,0.000000,0.000000,0.000000,8.000000,56.060000
1789151337.722411,0,0.000000,0.000000,-1.000000,1.500000,0.000000,0.000000,0.000000,0.000000,8.000000,56.060000
1789151337.745500,0,0.000000,0.000000,-1.000000,1.630000,0.000000,0.000000,0.000000,0.000000,8.000000,56.080000
1789151337.746017,0,0.000000,0.000000,-1.000000,1.630000,0.000000,0.000000,0.000000,0.000000,8.000000,56.090000
1789151337.746503,0,0.000000,0.000000,-1.000000,1.550000,0.000000,0.000000,0.000000,0.000000,8.000000,56.090000
1789151337.768854,0,0.000000,0.000000,-1.000000,1.690000,0.000000,0.000000,0.000000,0.000000,8.000000,56.110000
1789151337.769360,0,0.000000,0.000000,-1.000000,1.600000,0.000000,0.000000,0.000000,0.000000,8.000000,56.110000
1789151337.792158,0,0.000000,0.000000,-1.000000,1.550000,0.000000,0.000000,0.000000,0.000000,8.000000,56.130000
1789151337.792666,0,0.000000,0.000000,-1.000000,1.500000,0.000000,0.000000,0.000000,0.000000,8.000000,56.130000
1789151337.815400,0,0.000000,0.000000,-1.000000,1.550000,0.000000,0.000000,0.000000,0.000000,8.000000,56.150000
1789151337.815915,0,0.000000,0.000000,-1.000000,1.730000,0.000000,0.000000,0.000000,0.000000,8.000000,56.150000
1789151337.839010,0,0.000000,0.000000,-1.000000,1.630000,0.000000,0.000000,0.000000,0.000000,8.000000,56.160000
1789151337.839515,0,0.000000,0.000000,-1.000000,1.760000,0.000000,0.000000,0.000000,0.000000,8.000000,56.180000
1789151337.864059,0,0.000000,0.000000,-1.000000,1.760000,0.000000,0.000000,0.000000,0.000000,8.000000,56.200000
1789151337.864772,0,0.000000,0.000000,-1.000000,1.730000,0.000000,0.000000,0.000000,0.000000,8.000000,56.200000
1789151337.889628,0,0.000000,0.000000,-1.000000,1.760000,0.000000,0.000000,0.000000,0.000000,8.000000,56.220000
1789151337.890158,0,0.000000,0.000000,-1.000000,1.820000,0.000000,0.000000,0.000000,0.000000,8.000000,56.220000
1789151337.890670,0,0.000000,0.000000,-1.000000,1.760000,0.000000,0.000000,0.000000,0.000000,8.000000,56.240000
1789151337.913984,0,0.000000,0.000000,-1.000000,1.550000,0.000000,0.000000,0.000000,0.000000,8.000000,56.250000
1789151337.914484,0,0.000000,0.000000,-1.000000,1.630000,0.000000,0.000000,0.000000,0.000000,8.000000,56.250000
1789151337.914886,0,0.000000,0.000000,-1.000000,1.500000,0.000000,0.000000,0.000000,0.000000,8.000000,56.270000
1789151337.936785,0,0.000000,0.000000,-1.000000,1.600000,0.000000,0.000000,0.000000,0.000000,8.000000,56.270000
1789151337.937298,0,0.000000,0.000000,-1.000000,1.730000,0.000000,0.000000,0.000000,0.000000,8.000000,56.290000
1789151337.961218,0,0.000000,0.000000,-1.000000,1.630000,0.000000,0.000000,0.000000,0.000000,8.000000,56.290000
1789151337.961777,0,0.000000,0.000000,-1.000000,1.600000,0.000000,0.000000,0.000000,0.000000,8.000000,56.310000
1789151337.985621,0,0.000000,0.000000,-1.000000,1.630000,0.000000,0.000000,0.000000,0.000000,8.000000,56.310000
1789151337.986185,0,0.000000,0.000000,-1.000000,1.630000,0.000000,0.000000,0.000000,0.000000,8.000000,56.330000
1789151337.986769,0,0.000000,0.000000,-1.000000,1.760000,0.000000,0.000000,0.000000,0.000000,8.000000,56.340000
1789151338.009751,0,0.000000,0.000000,-1.000000,1.690000,0.000000,0.000000,0.000000,0.000000,8.000000,56.340000
1789151338.010463,0,0.000000,0.000000,-1.000000,1.500000,0.000000,0.000000,0.000000,0.000000,8.000000,56.360000
1789151338.010912,0,0.000000,0.000000,-1.000000,1.600000,0.000000,0.000000,0.000000,0.000000,8.000000,56.360000
1789151338.034086,0,0.000000,0.000000,-1.000000,1.550000,0.000000,0.000000,0.000000,0.000000,8.000000,56.380000
1789151338.034593,0,0.000000,0.000000,-1.000000,1.500000,0.000000,0.000000,0.000000,0.000000,8.000000,56.380000
1789151338.057996,0,0.000000,0.000000,-1.000000,1.630000,0.000000,0.000000,0.000000,0.000000,8.000000,56.400000
1789151338.058589,0,0.000000,0.000000,-1.000000,1.630000,0.000000,0.000000,0.000000,0.000000,8.000000,56.400000
1789151338.081348,0,0.000000,0.000000,-1.000000,1.690000,0.000000,0.000000,0.000000,0.000000,8.000000,56.410000
1789151338.081868,0,0.000000,0.000000,-1.000000,1.500000,0.000000,0.000000,0.000000,0.000000,8.000000,56.410000
1789151338.082439,0,0.000000,0.000000,-1.000000,1.420000,0.000000,0.000000,0.000000,0.000000,8.000000,56.430000
1789151338.104189,0,0.000000,0.000000,-1.000000,1.600000,0.000000,0.000000,0.000000,0.000000,8.000000,56.430000
1789151338.104709,0,0.000000,0.000000,-1.000000,1.600000,0.000000,0.000000,0.000000,0.000000,8.000000,56.450000
1789151338.129110,0,0.000000,0.000000,-1.000000,1.760000,0.000000,0.000000,0.000000,0.000000,8.000000,56.470000
1789151338.129773,0,0.000000,0.000000,-1.000000,1.690000,0.000000,0.000000,0.000000,0.000000,8.000000,56.470000
1789151338.130214,0,0.000000,0.000000,-1.000000,1.630000,0.000000,0.000000,0.000000,0.000000,8.000000,56.490000
1789151338.153663,0,0.000000,0.000000,-1.000000,1.690000,0.000000,0.000000,0.000000,0.000000,8.000000,56.500000
1789151338.154171,0,0.000000,0.000000,-1.000000,1.600000,0.000000,0.000000,0.000000,0.000000,8.000000,56.500000
1789151338.177494,0,0.000000,0.000000,-1.000000,1.730000,0.000000,0.000000,0.000000,0.000000,8.000000,56.520000
1789151338.178097,0,0.000000,0.000000,-1.000000,1.690000,0.000000,0.000000,0.000000,0.000000,8.000000,56.520000
1789151338.178505,0,0.000000,0.000000,-1.000000,1.690000,0.000000,0.000000,0.000000,0.000000,8.000000,56.520000
1789151338.200251,0,0.000000,0.000000,-1.000000,1.630000,0.000000,0.000000,0.000000,0.000000,8.000000,56.540000
1789151338.200758,0,0.000000,0.000000,-1.000000,1.600000,0.000000,0.000000,0.000000,0.000000,8.000000,56.540000
1789151338.201424,0,0.000000,0.000000,-1.000000,1.500000,0.000000,0.000000,0.000000,0.000000,8.000000,56.560000
1789151338.223822,0,0.000000,0.000000,-1.000000,1.600000,0.000000,0.000000,0.000000,0.000000,8.000000,56.560000
1789151338.247595,0,0.000000,0.000000,-1.000000,1.690000,0.000000,0.000000,0.000000,0.000000,8.000000,56.580000
1789151338.248125,0,0.000000,0.000000,-1.000000,1.500000,0.000000,0.000000,0.000000,0.000000,8.000000,56.590000
1789151338.248690,0,0.000000,0.000000,-1.000000,1.550000,0.000000,0.000000,0.000000,0.000000,8.000000,56.590000
1789151338.271011,0,0.000000,0.000000,-1.000000,1.550000,0.000000,0.000000,0.000000,0.000000,8.000000,56.610000
1789151338.271516,0,0.000000,0.000000,-1.000000,1.600000,0.000000,0.000000,0.000000,0.000000,8.000000,56.610000
1789151338.293883,0,0.000000,0.000000,-1.000000,1.630000,0.000000,0.000000,0.000000,0.000000,8.000000,56.630000
1789151338.294572,0,0.000000,0.000000,-1.000000,1.600000,0.000000,0.000000,0.000000,0.000000,8.000000,56.630000
1789151338.295001,0,0.000000,0.000000,-1.000000,1.730000,0.000000,0.000000,0.000000,0.000000,8.000000,56.650000
1789151338.317128,0,0.000000,0.000000,-1.000000,1.690000,0.000000,0.000000,0.000000,0.000000,8.000000,56.650000
1789151338.317733,0,0.000000,0.000000,-1.000000,1.630000,0.000000,0.000000,0.000000,0.000000,8.000000,56.660000
1789151338.339794,0,0.000000,0.000000,-1.000000,1.630000,0.000000,0.000000,0.000000,0.000000,8.000000,56.680000
1789151338.340296,0,0.000000,0.000000,-1.000000,1.730000,0.000000,0.000000,0.000000,0.000000,8.000000,56.680000
1789151338.362978,0,0.000000,0.000000,-1.000000,1.690000,0.000000,0.000000,0.000000,0.000000,8.000000,56.700000
1789151338.363490,0,0.000000,0.000000,-1.000000,1.730000,0.000000,0.000000,0.000000,0.000000,8.000000,56.700000
1789151338.387058,0,0.000000,0.000000,-1.000000,1.760000,0.000000,0.000000,0.000000,0.000000,8.000000,56.720000
1789151338.410416,0,0.000000,0.000000,-1.000000,1.950000,0.000000,0.000000,0.000000,0.000000,8.000000,56.720000
1789151338.411030,0,0.000000,0.000000,-1.000000,1.690000,0.000000,0.000000,0.000000,0.000000,8.000000,56.740000
1789151338.411421,0,0.000000,0.000000,-1.000000,1.890000,0.000000,0.000000,0.000000,0.000000,8.000000,56.750000
1789151338.411773,0,0.000000,0.000000,-1.000000,1.690000,0.000000,0.000000,0.000000,0.000000,8.000000,56.750000
1789151338.433295,0,0.000000,0.000000,-1.000000,1.370000,0.000000,0.000000,0.000000,0.000000,8.000000,56.770000
1789151338.433824,0,0.000000,0.000000,-1.000000,1.690000,0.000000,0.000000,0.000000,0.000000,8.000000,56.770000
1789151338.456782,0,0.000000,0.000000,-1.000000,1.630000,0.000000,0.000000,0.000000,0.000000,8.000000,56.790000
1789151338.457363,0,0.000000,0.000000,-1.000000,1.760000,0.000000,0.000000,0.000000,0.000000,8.000000,56.790000
1789151338.458187,0,0.000000,0.000000,-1.000000,1.690000,0.000000,0.000000,0.000000,0.000000,8.000000,56.810000
1789151338.481028,0,0.000000,0.000000,-1.000000,1.630000,0.000000,0.000000,0.000000,0.000000,8.000000,56.810000
1789151338.481535,0,0.000000,0.000000,-1.000000,1.600000,0.000000,0.000000,0.000000,0.000000,8.000000,56.830000
1789151338.482102,0,0.000000,0.000000,-1.000000,1.690000,0.000000,0.000000,0.000000,0.000000,8.000000,56.840000
1789151338.505566,0,0.000000,0.000000,-1.000000,1.600000,0.000000,0.000000,0.000000,0.000000,8.000000,56.840000
1789151338.506161,0,0.000000,0.000000,-1.000000,1.690000,0.000000,0.000000,0.000000,0.000000,8.000000,56.860000
1789151338.527887,0,0.000000,0.000000,-1.000000,1.630000,0.000000,0.000000,0.000000,0.000000,8.000000,56.860000
1789151338.528373,0,0.000000,0.000000,-1.000000,1.600000,0.000000,0.000000,0.000000,0.000000,8.000000,56.880000
1789151338.550596,0,0.000000,0.000000,-1.000000,1.290000,0.000000,0.000000,0.000000,0.000000,8.000000,56.880000
1789151338.551099,0,0.000000,0.000000,-1.000000,1.600000,0.000000,0.000000,0.000000,0.000000,8.000000,56.900000
1789151338.573394,0,0.000000,0.000000,-1.000000,1.690000,0.000000,0.000000,0.000000,0.000000,8.000000,56.900000
1789151338.573900,0,0.000000,0.000000,-1.000000,1.600000,0.000000,0.000000,0.000000,0.000000,8.000000,56.910000
1789151338.574302,0,0.000000,0.000000,-1.000000,1.500000,0.000000,0.000000,0.000000,0.000000,8.000000,56.930000
1789151338.597261,0,0.000000,0.000000,-1.000000,1.730000,0.000000,0.000000,0.000000,0.000000,8.000000,56.930000
1789151338.597885,0,0.000000,0.000000,-1.000000,1.860000,0.000000,0.000000,0.000000,0.000000,8.000000,56.950000
1789151338.620565,0,0.000000,0.000000,-1.000000,1.630000,0.000000,0.000000,0.000000,0.000000,8.000000,56.950000
1789151338.621077,0,0.000000,0.000000,-1.000000,1.500000,0.000000,0.000000,0.000000,0.000000,8.000000,56.970000
1789151338.644232,0,0.000000,0.000000,-1.000000,1.550000,0.000000,0.000000,0.000000,0.000000,8.000000,56.970000
1789151338.644751,0,0.000000,0.000000,-1.000000,1.550000,0.000000,0.000000,0.000000,0.000000,8.000000,56.990000
1789151338.667588,0,0.000000,0.000000,-1.000000,1.630000,0.000000,0.000000,0.000000,0.000000,8.000000,57.000000
1789151338.668147,0,0.000000,0.000000,-1.000000,1.500000,0.000000,0.000000,0.000000,0.000000,8.000000,57.000000
1789151338.668615,0,0.000000,0.000000,-1.000000,1.500000,0.000000,0.000000,0.000000,0.000000,8.000000,57.020000
1789151338.669178,0,0.000000,0.000000,-1.000000,1.600000,0.000000,0.000000,0.000000,0.000000,8.000000,57.020000
1789151338.691871,0,0.000000,0.000000,-1.000000,1.600000,0.000000,0.000000,0.000000,0.000000,8.000000,57.040000
1789151338.692498,0,0.000000,0.000000,-1.000000,1.500000,0.000000,0.000000,0.000000,0.000000,8.000000,57.040000
1789151338.715353,0,0.000000,0.000000,-1.000000,1.730000,0.000000,0.000000,0.000000,0.000000,8.000000,57.060000
1789151338.715862,0,0.000000,0.000000,-1.000000,1.500000,0.000000,0.000000,0.000000,0.000000,8.000000,57.060000
1789151338.737728,0,0.000000,0.000000,-1.000000,1.420000,0.000000,0.000000,0.000000,0.000000,8.000000,57.080000
1789151338.738243,0,0.000000,0.000000,-1.000000,1.600000,0.000000,0.000000,0.000000,0.000000,8.000000,57.090000
1789151338.738791,0,0.000000,0.000000,-1.000000,1.600000,0.000000,0.000000,0.000000,0.000000,8.000000,57.090000
1789151338.761677,0,0.000000,0.000000,-1.000000,1.500000,0.000000,0.000000,0.000000,0.000000,8.000000,57.110000
1789151338.762201,0,0.000000,0.000000,-1.000000,1.630000,0.000000,0.000000,0.000000,0.000000,8.000000,57.110000
1789151338.784844,0,0.000000,0.000000,-1.000000,1.600000,0.000000,0.000000,0.000000,0.000000,8.000000,57.130000
1789151338.785356,0,0.000000,0.000000,-1.000000,1.600000,0.000000,0.000000,0.000000,0.000000,8.000000,57.130000
1789151338.808896,0,0.000000,0.000000,-1.000000,1.470000,0.000000,0.000000,0.000000,0.000000,8.000000,57.150000
1789151338.809545,0,0.000000,0.000000,-1.000000,1.500000,0.000000,0.000000,0.000000,0.000000,8.000000,57.150000
1789151338.834855,0,0.000000,0.000000,-1.000000,1.630000,0.000000,0.000000,0.000000,0.000000,8.000000,57.160000
1789151338.835465,0,0.000000,0.000000,-1.000000,1.340000,0.000000,0.000000,0.000000,0.000000,8.000000,57.180000
1789151338.858808,0,0.000000,0.000000,-1.000000,1.550000,0.000000,0.000000,0.000000,0.000000,8.000000,57.180000
1789151338.859541,0,0.000000,0.000000,-1.000000,1.760000,0.000000,0.000000,0.000000,0.000000,8.000000,57.200000
1789151338.884987,0,0.000000,0.000000,-1.000000,1.760000,0.000000,0.000000,0.000000,0.000000,8.000000,57.200000
1789151338.885595,0,0.000000,0.000000,-1.000000,1.730000,0.000000,0.000000,0.000000,0.000000,8.000000,57.220000
1789151338.887018,0,0.000000,0.000000,-1.000000,1.630000,0.000000,0.000000,0.000000,0.000000,8.000000,57.220000
1789151338.909793,0,0.000000,0.000000,-1.000000,1.760000,0.000000,0.000000,0.000000,0.000000,8.000000,57.240000
1789151338.932606,0,0.000000,0.000000,-1.000000,1.420000,0.000000,0.000000,0.000000,0.000000,8.000000,57.250000
1789151338.933124,0,0.000000,0.000000,-1.000000,1.730000,0.000000,0.000000,0.000000,0.000000,8.000000,57.250000
1789151338.933553,0,0.000000,0.000000,-1.000000,1.600000,0.000000,0.000000,0.000000,0.000000,8.000000,57.270000
1789151338.933954,0,0.000000,0.000000,-1.000000,1.470000,0.000000,0.000000,0.000000,0.000000,8.000000,57.290000
1789151338.956310,0,0.000000,0.000000,-1.000000,1.550000,0.000000,0.000000,0.000000,0.000000,8.000000,57.290000
1789151338.956823,0,0.000000,0.000000,-1.000000,1.550000,0.000000,0.000000,0.000000,0.000000,8.000000,57.310000
1789151338.957294,0,0.000000,0.000000,-1.000000,1.470000,0.000000,0.000000,0.000000,0.000000,8.000000,57.310000
1789151338.980883,0,0.000000,0.000000,-1.000000,1.370000,0.000000,0.000000,0.000000,0.000000,8.000000,57.330000
1789151338.982671,0,0.000000,0.000000,-1.000000,1.730000,0.000000,0.000000,0.000000,0.000000,8.000000,57.340000
1789151339.004927,0,0.000000,0.000000,-1.000000,1.420000,0.000000,0.000000,0.000000,0.000000,8.000000,57.340000
1789151339.005683,0,0.000000,0.000000,-1.000000,1.420000,0.000000,0.000000,0.000000,0.000000,8.000000,57.360000
1789151339.006325,0,0.000000,0.000000,-1.000000,1.470000,0.000000,0.000000,0.000000,0.000000,8.000000,57.360000
1789151339.028705,0,0.000000,0.000000,-1.000000,1.470000,0.000000,0.000000,0.000000,0.000000,8.000000,57.380000
1789151339.029347,0,0.000000,0.000000,-1.000000,1.420000,0.000000,0.000000,0.000000,0.000000,8.000000,57.380000
1789151339.052712,0,0.000000,0.000000,-1.000000,1.550000,0.000000,0.000000,0.000000,0.000000,8.000000,57.400000
1789151339.053279,0,0.000000,0.000000,-1.000000,1.420000,0.000000,0.000000,0.000000,0.000000,8.000000,57.400000
1789151339.076094,0,0.000000,0.000000,-1.000000,1.340000,0.000000,0.000000,0.000000,0.000000,8.000000,57.410000
1789151339.076631,0,0.000000,0.000000,-1.000000,1.290000,0.000000,0.000000,0.000000,0.000000,8.000000,57.430000
1789151339.098654,0,0.000000,0.000000,-1.000000,1.370000,0.000000,0.000000,0.000000,0.000000,8.000000,57.430000
1789151339.099168,0,0.000000,0.000000,-1.000000,1.420000,0.000000,0.000000,0.000000,0.000000,8.000000,57.430000
1789151339.099600,0,0.000000,0.000000,-1.000000,1.470000,0.000000,0.000000,0.000000,0.000000,8.000000,57.450000
1789151339.122093,0,0.000000,0.000000,-1.000000,1.370000,0.000000,0.000000,0.000000,0.000000,8.000000,57.450000
1789151339.122655,0,0.000000,0.000000,-1.000000,1.630000,0.000000,0.000000,0.000000,0.000000,8.000000,57.470000
1789151339.144886,0,0.000000,0.000000,-1.000000,1.470000,0.000000,0.000000,0.000000,0.000000,8.000000,57.470000
1789151339.145401,0,0.000000,0.000000,-1.000000,1.340000,0.000000,0.000000,0.000000,0.000000,8.000000,57.490000
1789151339.145809,0,0.000000,0.000000,-1.000000,1.370000,0.000000,0.000000,0.000000,0.000000,8.000000,57.500000
1789151339.167730,0,0.000000,0.000000,-1.000000,1.290000,0.000000,0.000000,0.000000,0.000000,8.000000,57.500000
1789151339.192910,0,0.000000,0.000000,-1.000000,1.690000,0.000000,0.000000,0.000000,0.000000,8.000000,57.520000
1789151339.194992,0,0.000000,0.000000,-1.000000,1.340000,0.000000,0.000000,0.000000,0.000000,8.000000,57.520000
1789151339.217675,0,0.000000,0.000000,-1.000000,1.630000,0.000000,0.000000,0.000000,0.000000,8.000000,57.540000
1789151339.218188,0,0.000000,0.000000,-1.000000,1.470000,0.000000,0.000000,0.000000,0.000000,8.000000,57.560000
1789151339.218618,0,0.000000,0.000000,-1.000000,1.470000,0.000000,0.000000,0.000000,0.000000,8.000000,57.560000
1789151339.243743,0,0.000000,0.000000,-1.000000,1.210000,0.000000,0.000000,0.000000,0.000000,8.000000,57.560000
1789151339.244603,0,0.000000,0.000000,-1.000000,1.420000,0.000000,0.000000,0.000000,0.000000,8.000000,57.580000
1789151339.245179,0,0.000000,0.000000,-1.000000,1.500000,0.000000,0.000000,0.000000,0.000000,8.000000,57.590000
1789151339.270528,0,0.000000,0.000000,-1.000000,1.340000,0.000000,0.000000,0.000000,0.000000,8.000000,57.590000
1789151339.271044,0,0.000000,0.000000,-1.000000,1.470000,0.000000,0.000000,0.000000,0.000000,8.000000,57.610000
1789151339.271548,0,0.000000,0.000000,-1.000000,1.370000,0.000000,0.000000,0.000000,0.000000,8.000000,57.610000
1789151339.296298,0,0.000000,0.000000,-1.000000,1.370000,0.000000,0.000000,0.000000,0.000000,8.000000,57.630000
1789151339.296813,0,0.000000,0.000000,-1.000000,1.470000,0.000000,0.000000,0.000000,0.000000,8.000000,57.630000
1789151339.320048,0,0.000000,0.000000,-1.000000,1.600000,0.000000,0.000000,0.000000,0.000000,8.000000,57.650000
1789151339.320618,0,0.000000,0.000000,-1.000000,1.290000,0.000000,0.000000,0.000000,0.000000,8.000000,57.650000
1789151339.321281,0,0.000000,0.000000,-1.000000,1.630000,0.000000,0.000000,0.000000,0.000000,8.000000,57.660000
1789151339.345685,0,0.000000,0.000000,-1.000000,1.550000,0.000000,0.000000,0.000000,0.000000,8.000000,57.680000
1789151339.346198,0,0.000000,0.000000,-1.000000,1.500000,0.000000,0.000000,0.000000,0.000000,8.000000,57.680000
1789151339.346704,0,0.000000,0.000000,-1.000000,1.290000,0.000000,0.000000,0.000000,0.000000,8.000000,57.700000
1789151339.369769,0,0.000000,0.000000,-1.000000,1.340000,0.000000,0.000000,0.000000,0.000000,8.000000,57.700000
1789151339.370281,0,0.000000,0.000000,-1.000000,1.420000,0.000000,0.000000,0.000000,0.000000,8.000000,57.720000
1789151339.394680,0,0.000000,0.000000,-1.000000,1.340000,0.000000,0.000000,0.000000,0.000000,8.000000,57.720000
1789151339.395297,0,0.000000,0.000000,-1.000000,1.370000,0.000000,0.000000,0.000000,0.000000,8.000000,57.740000
1789151339.418861,0,0.000000,0.000000,-1.000000,1.470000,0.000000,0.000000,0.000000,0.000000,8.000000,57.750000
1789151339.419376,0,0.000000,0.000000,-1.000000,1.470000,0.000000,0.000000,0.000000,0.000000,8.000000,57.750000
1789151339.419909,0,0.000000,0.000000,-1.000000,1.370000,0.000000,0.000000,0.000000,0.000000,8.000000,57.770000
1789151339.445385,0,0.000000,0.000000,-1.000000,1.370000,0.000000,0.000000,0.000000,0.000000,8.000000,57.770000
1789151339.445912,0,0.000000,0.000000,-1.000000,1.420000,0.000000,0.000000,0.000000,0.000000,8.000000,57.790000
1789151339.471967,0,0.000000,0.000000,-1.000000,1.420000,0.000000,0.000000,0.000000,0.000000,8.000000,57.790000
1789151339.472489,0,0.000000,0.000000,-1.000000,1.370000,0.000000,0.000000,0.000000,0.000000,8.000000,57.810000
1789151339.474113,0,0.000000,0.000000,-1.000000,1.550000,0.000000,0.000000,0.000000,0.000000,8.000000,57.810000
1789151339.498593,0,0.000000,0.000000,-1.000000,1.630000,0.000000,0.000000,0.000000,0.000000,8.000000,57.830000
1789151339.499102,0,0.000000,0.000000,-1.000000,1.290000,0.000000,0.000000,0.000000,0.000000,8.000000,57.840000
1789151339.499503,0,0.000000,0.000000,-1.000000,1.340000,0.000000,0.000000,0.000000,0.000000,8.000000,57.840000
1789151339.525462,0,0.000000,0.000000,-1.000000,1.420000,0.000000,0.000000,0.000000,0.000000,8.000000,57.860000
1789151339.526095,0,0.000000,0.000000,-1.000000,1.210000,0.000000,0.000000,0.000000,0.000000,8.000000,57.860000
1789151339.551348,0,0.000000,0.000000,-1.000000,1.500000,0.000000,0.000000,0.000000,0.000000,8.000000,57.880000
1789151339.551861,0,0.000000,0.000000,-1.000000,1.290000,0.000000,0.000000,0.000000,0.000000,8.000000,57.880000
1789151339.552257,0,0.000000,0.000000,-1.000000,1.370000,0.000000,0.000000,0.000000,0.000000,8.000000,57.900000
1789151339.577801,0,0.000000,0.000000,-1.000000,1.370000,0.000000,0.000000,0.000000,0.000000,8.000000,57.900000
1789151339.578336,0,0.000000,0.000000,-1.000000,1.340000,0.000000,0.000000,0.000000,0.000000,8.000000,57.910000
1789151339.578859,0,0.000000,0.000000,-1.000000,1.290000,0.000000,0.000000,0.000000,0.000000,8.000000,57.930000
1789151339.603668,0,0.000000,0.000000,-1.000000,1.340000,0.000000,0.000000,0.000000,0.000000,8.000000,57.930000
1789151339.604187,0,0.000000,0.000000,-1.000000,1.210000,0.000000,0.000000,0.000000,0.000000,8.000000,57.950000
1789151339.630093,0,0.000000,0.000000,-1.000000,1.340000,0.000000,0.000000,0.000000,0.000000,8.000000,57.950000
1789151339.630697,0,0.000000,0.000000,-1.000000,1.340000,0.000000,0.000000,0.000000,0.000000,8.000000,57.970000
1789151339.631262,0,0.000000,0.000000,-1.000000,1.340000,0.000000,0.000000,0.000000,0.000000,8.000000,57.970000
1789151339.657657,0,0.000000,0.000000,-1.000000,1.290000,0.000000,0.000000,0.000000,0.000000,8.000000,57.990000
1789151339.658248,0,0.000000,0.000000,-1.000000,1.420000,0.000000,0.000000,0.000000,0.000000,8.000000,58.000000
1789151339.683830,0,0.000000,0.000000,-1.000000,1.290000,0.000000,0.000000,0.000000,0.000000,8.000000,58.000000
1789151339.684345,0,0.000000,0.000000,-1.000000,1.340000,0.000000,0.000000,0.000000,0.000000,8.000000,58.020000
1789151339.684760,0,0.000000,0.000000,-1.000000,1.340000,0.000000,0.000000,0.000000,0.000000,8.000000,58.020000
1789151339.711144,0,0.000000,0.000000,-1.000000,1.550000,0.000000,0.000000,0.000000,0.000000,8.000000,58.040000
1789151339.711658,0,0.000000,0.000000,-1.000000,1.290000,0.000000,0.000000,0.000000,0.000000,8.000000,58.040000
1789151339.737632,0,0.000000,0.000000,-1.000000,1.370000,0.000000,0.000000,0.000000,0.000000,8.000000,58.060000
1789151339.738146,0,0.000000,0.000000,-1.000000,1.690000,0.000000,0.000000,0.000000,0.000000,8.000000,58.060000
1789151339.738611,0,0.000000,0.000000,-1.000000,1.370000,0.000000,0.000000,0.000000,0.000000,8.000000,58.080000
1789151339.739007,0,0.000000,0.000000,-1.000000,1.370000,0.000000,0.000000,0.000000,0.000000,8.000000,58.090000
1789151339.764690,0,0.000000,0.000000,-1.000000,1.290000,0.000000,0.000000,0.000000,0.000000,8.000000,58.090000
1789151339.765342,0,0.000000,0.000000,-1.000000,1.340000,0.000000,0.000000,0.000000,0.000000,8.000000,58.110000
1789151339.765899,0,0.000000,0.000000,-1.000000,1.470000,0.000000,0.000000,0.000000,0.000000,8.000000,58.110000
1789151339.791891,0,0.000000,0.000000,-1.000000,1.250000,0.000000,0.000000,0.000000,0.000000,8.000000,58.130000
1789151339.792443,0,0.000000,0.000000,-1.000000,1.420000,0.000000,0.000000,0.000000,0.000000,8.000000,58.130000
1789151339.816950,0,0.000000,0.000000,-1.000000,1.290000,0.000000,0.000000,0.000000,0.000000,8.000000,58.150000
1789151339.817476,0,0.000000,0.000000,-1.000000,1.370000,0.000000,0.000000,0.000000,0.000000,8.000000,58.150000
1789151339.817885,0,0.000000,0.000000,-1.000000,1.290000,0.000000,0.000000,0.000000,0.000000,8.000000,58.160000
1789151339.818394,0,0.000000,0.000000,-1.000000,1.340000,0.000000,0.000000,0.000000,0.000000,8.000000,58.180000
1789151339.843283,0,0.000000,0.000000,-1.000000,1.340000,0.000000,0.000000,0.000000,0.000000,8.000000,58.180000
1789151339.843939,0,0.000000,0.000000,-1.000000,1.340000,0.000000,0.000000,0.000000,0.000000,8.000000,58.200000
1789151339.870656,0,0.000000,0.000000,-1.000000,1.340000,0.000000,0.000000,0.000000,0.000000,8.000000,58.200000
1789151339.871291,0,0.000000,0.000000,-1.000000,1.370000,0.000000,0.000000,0.000000,0.000000,8.000000,58.220000
1789151339.897149,0,0.000000,0.000000,-1.000000,1.370000,0.000000,0.000000,0.000000,0.000000,8.000000,58.220000
1789151339.898021,0,0.000000,0.000000,-1.000000,1.370000,0.000000,0.000000,0.000000,0.000000,8.000000,58.240000
1789151339.898661,0,0.000000,0.000000,-1.000000,1.370000,0.000000,0.000000,0.000000,0.000000,8.000000,58.250000
1789151339.923989,0,0.000000,0.000000,-1.000000,1.420000,0.000000,0.000000,0.000000,0.000000,8.000000,58.250000
1789151339.924509,0,0.000000,0.000000,-1.000000,1.370000,0.000000,0.000000,0.000000,0.000000,8.000000,58.270000
1789151339.924916,0,0.000000,0.000000,-1.000000,1.370000,0.000000,0.000000,0.000000,0.000000,8.000000,58.270000
1789151339.949565,0,0.000000,0.000000,-1.000000,1.420000,0.000000,0.000000,0.000000,0.000000,8.000000,58.290000
1789151339.974053,0,0.000000,0.000000,-1.000000,1.420000,0.000000,0.000000,0.000000,0.000000,8.000000,58.290000
1789151339.974662,0,0.000000,0.000000,-1.000000,1.500000,0.000000,0.000000,0.000000,0.000000,8.000000,58.310000
1789151339.975051,0,0.000000,0.000000,-1.000000,1.370000,0.000000,0.000000,0.000000,0.000000,8.000000,58.310000
1789151339.975543,0,0.000000,0.000000,-1.000000,1.690000,0.000000,0.000000,0.000000,0.000000,8.000000,58.330000
1789151340.001153,0,0.000000,0.000000,-1.000000,1.470000,0.000000,0.000000,0.000000,0.000000,8.000000,58.340000
1789151340.001679,0,0.000000,0.000000,-1.000000,1.420000,0.000000,0.000000,0.000000,0.000000,8.000000,58.340000
1789151340.026469,0,0.000000,0.000000,-1.000000,1.370000,0.000000,0.000000,0.000000,0.000000,8.000000,58.360000
1789151340.027013,0,0.000000,0.000000,-1.000000,1.420000,0.000000,0.000000,0.000000,0.000000,8.000000,58.360000
1789151340.027555,0,0.000000,0.000000,-1.000000,1.340000,0.000000,0.000000,0.000000,0.000000,8.000000,58.380000
1789151340.052035,0,0.000000,0.000000,-1.000000,1.370000,0.000000,0.000000,0.000000,0.000000,8.000000,58.380000
1789151340.052547,0,0.000000,0.000000,-1.000000,1.290000,0.000000,0.000000,0.000000,0.000000,8.000000,58.400000
1789151340.053127,0,0.000000,0.000000,-1.000000,1.290000,0.000000,0.000000,0.000000,0.000000,8.000000,58.400000
1789151340.078984,0,0.000000,0.000000,-1.000000,1.210000,0.000000,0.000000,0.000000,0.000000,8.000000,58.410000
1789151340.079536,0,0.000000,0.000000,-1.000000,1.340000,0.000000,0.000000,0.000000,0.000000,8.000000,58.430000
1789151340.104723,0,0.000000,0.000000,-1.000000,1.250000,0.000000,0.000000,0.000000,0.000000,8.000000,58.430000
1789151340.105230,0,0.000000,0.000000,-1.000000,1.340000,0.000000,0.000000,0.000000,0.000000,8.000000,58.450000
1789151340.105648,0,0.000000,0.000000,-1.000000,1.340000,0.000000,0.000000,0.000000,0.000000,8.000000,58.450000
1789151340.130745,0,0.000000,0.000000,-1.000000,1.340000,0.000000,0.000000,0.000000,0.000000,8.000000,58.470000
1789151340.131268,0,0.000000,0.000000,-1.000000,1.340000,0.000000,0.000000,0.000000,0.000000,8.000000,58.470000
1789151340.132642,0,0.000000,0.000000,-1.000000,1.370000,0.000000,0.000000,0.000000,0.000000,8.000000,58.490000
1789151340.157473,0,0.000000,0.000000,-1.000000,1.370000,0.000000,0.000000,0.000000,0.000000,8.000000,58.500000
1789151340.158272,0,0.000000,0.000000,-1.000000,1.420000,0.000000,0.000000,0.000000,0.000000,8.000000,58.500000
1789151340.183322,0,0.000000,0.000000,-1.000000,1.420000,0.000000,0.000000,0.000000,0.000000,8.000000,58.520000
1789151340.184001,0,0.000000,0.000000,-1.000000,1.340000,0.000000,0.000000,0.000000,0.000000,8.000000,58.520000
1789151340.185808,0,0.000000,0.000000,-1.000000,1.370000,0.000000,0.000000,0.000000,0.000000,8.000000,58.540000
1789151340.209848,0,0.000000,0.000000,-1.000000,1.340000,0.000000,0.000000,0.000000,0.000000,8.000000,58.540000
1789151340.236241,0,0.000000,0.000000,-1.000000,1.250000,0.000000,0.000000,0.000000,0.000000,8.000000,58.560000
1789151340.236778,0,0.000000,0.000000,-1.000000,1.500000,0.000000,0.000000,0.000000,0.000000,8.000000,58.560000
1789151340.237185,0,0.000000,0.000000,-1.000000,1.340000,0.000000,0.000000,0.000000,0.000000,8.000000,58.560000
1789151340.239137,0,0.000000,0.000000,-1.000000,1.340000,0.000000,0.000000,0.000000,0.000000,8.000000,58.580000
1789151340.263973,0,0.000000,0.000000,-1.000000,1.250000,0.000000,0.000000,0.000000,0.000000,8.000000,58.590000
1789151340.264616,0,0.000000,0.000000,-1.000000,1.340000,0.000000,0.000000,0.000000,0.000000,8.000000,58.610000
1789151340.265128,0,0.000000,0.000000,-1.000000,1.250000,0.000000,0.000000,0.000000,0.000000,8.000000,58.610000
1789151340.290687,0,0.000000,0.000000,-1.000000,1.340000,0.000000,0.000000,0.000000,0.000000,8.000000,58.630000
1789151340.291207,0,0.000000,0.000000,-1.000000,1.290000,0.000000,0.000000,0.000000,0.000000,8.000000,58.630000
1789151340.291739,0,0.000000,0.000000,-1.000000,1.340000,0.000000,0.000000,0.000000,0.000000,8.000000,58.630000
1789151340.318235,0,0.000000,0.000000,-1.000000,1.080000,0.000000,0.000000,0.000000,0.000000,8.000000,58.650000
1789151340.318774,0,0.000000,0.000000,-1.000000,1.290000,0.000000,0.000000,0.000000,0.000000,8.000000,58.660000
1789151340.344476,0,0.000000,0.000000,-1.000000,1.290000,0.000000,0.000000,0.000000,0.000000,8.000000,58.680000
1789151340.345001,0,0.000000,0.000000,-1.000000,1.250000,0.000000,0.000000,0.000000,0.000000,8.000000,58.680000
1789151340.345406,0,0.000000,0.000000,-1.000000,1.420000,0.000000,0.000000,0.000000,0.000000,8.000000,58.700000
1789151340.370968,0,0.000000,0.000000,-1.000000,1.210000,0.000000,0.000000,0.000000,0.000000,8.000000,58.700000
1789151340.371493,0,0.000000,0.000000,-1.000000,1.120000,0.000000,0.000000,0.000000,0.000000,8.000000,58.720000
1789151340.373136,0,0.000000,0.000000,-1.000000,1.290000,0.000000,0.000000,0.000000,0.000000,8.000000,58.720000
1789151340.398148,0,0.000000,0.000000,-1.000000,1.250000,0.000000,0.000000,0.000000,0.000000,8.000000,58.740000
1789151340.398652,0,0.000000,0.000000,-1.000000,1.210000,0.000000,0.000000,0.000000,0.000000,8.000000,58.750000
1789151340.422364,0,0.000000,0.000000,-1.000000,1.080000,0.000000,0.000000,0.000000,0.000000,8.000000,58.750000
1789151340.422875,0,0.000000,0.000000,-1.000000,1.210000,0.000000,0.000000,0.000000,0.000000,8.000000,58.750000
1789151340.424319,0,0.000000,0.000000,-1.000000,0.990000,0.000000,0.000000,0.000000,0.000000,8.000000,58.770000
1789151340.470973,0,0.000000,0.000000,-1.000000,1.250000,0.000000,0.000000,0.000000,0.000000,8.000000,58.770000
1789151340.471491,0,0.000000,0.000000,-1.000000,1.290000,0.000000,0.000000,0.000000,0.000000,8.000000,58.790000
1789151340.471885,0,0.000000,0.000000,-1.000000,1.420000,0.000000,0.000000,0.000000,0.000000,8.000000,58.810000
1789151340.472268,0,0.000000,0.000000,-1.000000,1.120000,0.000000,0.000000,0.000000,0.000000,8.000000,58.810000
1789151340.472662,0,0.000000,0.000000,-1.000000,1.030000,0.000000,0.000000,0.000000,0.000000,8.000000,58.810000
1789151340.474340,0,0.000000,0.000000,-1.000000,1.080000,0.000000,0.000000,0.000000,0.000000,8.000000,58.830000
1789151340.474794,0,0.000000,0.000000,-1.000000,1.160000,0.000000,0.000000,0.000000,0.000000,8.000000,58.840000
1789151340.502167,0,0.000000,0.000000,-1.000000,1.120000,0.000000,0.000000,0.000000,0.000000,8.000000,58.840000
1789151340.527295,0,0.000000,0.000000,-1.000000,1.080000,0.000000,0.000000,0.000000,0.000000,8.000000,58.860000
1789151340.527932,0,0.000000,0.000000,-1.000000,1.160000,0.000000,0.000000,0.000000,0.000000,8.000000,58.860000
1789151340.553057,0,0.000000,0.000000,-1.000000,1.160000,0.000000,0.000000,0.000000,0.000000,8.000000,58.880000
1789151340.553574,0,0.000000,0.000000,-1.000000,1.120000,0.000000,0.000000,0.000000,0.000000,8.000000,58.880000
1789151340.554111,0,0.000000,0.000000,-1.000000,1.210000,0.000000,0.000000,0.000000,0.000000,8.000000,58.900000
1789151340.578753,0,0.000000,0.000000,-1.000000,1.160000,0.000000,0.000000,0.000000,0.000000,8.000000,58.900000
1789151340.579309,0,0.000000,0.000000,-1.000000,1.210000,0.000000,0.000000,0.000000,0.000000,8.000000,58.910000
1789151340.603851,0,0.000000,0.000000,-1.000000,1.210000,0.000000,0.000000,0.000000,0.000000,8.000000,58.930000
1789151340.604366,0,0.000000,0.000000,-1.000000,1.210000,0.000000,0.000000,0.000000,0.000000,8.000000,58.930000
1789151340.604771,0,0.000000,0.000000,-1.000000,1.250000,0.000000,0.000000,0.000000,0.000000,8.000000,58.950000
1789151340.605388,0,0.000000,0.000000,-1.000000,1.030000,0.000000,0.000000,0.000000,0.000000,8.000000,58.950000
1789151340.630029,0,0.000000,0.000000,-1.000000,0.990000,0.000000,0.000000,0.000000,0.000000,8.000000,58.970000
1789151340.630553,0,0.000000,0.000000,-1.000000,1.250000,0.000000,0.000000,0.000000,0.000000,8.000000,58.970000
1789151340.655503,0,0.000000,0.000000,-1.000000,1.290000,0.000000,0.000000,0.000000,0.000000,8.000000,58.990000
1789151340.656131,0,0.000000,0.000000,-1.000000,1.120000,0.000000,0.000000,0.000000,0.000000,8.000000,59.000000
1789151340.681714,0,0.000000,0.000000,-1.000000,1.080000,0.000000,0.000000,0.000000,0.000000,8.000000,59.000000
1789151340.682215,0,0.000000,0.000000,-1.000000,1.160000,0.000000,0.000000,0.000000,0.000000,8.000000,59.020000
1789151340.682706,0,0.000000,0.000000,-1.000000,1.030000,0.000000,0.000000,0.000000,0.000000,8.000000,59.020000
1789151340.705982,0,0.000000,0.000000,-1.000000,1.120000,0.000000,0.000000,0.000000,0.000000,8.000000,59.040000
1789151340.706486,0,0.000000,0.000000,-1.000000,1.210000,0.000000,0.000000,0.000000,0.000000,8.000000,59.040000
1789151340.731694,0,0.000000,0.000000,-1.000000,1.080000,0.000000,0.000000,0.000000,0.000000,8.000000,59.060000
1789151340.732211,0,0.000000,0.000000,-1.000000,1.160000,0.000000,0.000000,0.000000,0.000000,8.000000,59.060000
1789151340.732630,0,0.000000,0.000000,-1.000000,1.290000,0.000000,0.000000,0.000000,0.000000,8.000000,59.080000
1789151340.756602,0,0.000000,0.000000,-1.000000,1.080000,0.000000,0.000000,0.000000,0.000000,8.000000,59.090000
1789151340.757144,0,0.000000,0.000000,-1.000000,1.160000,0.000000,0.000000,0.000000,0.000000,8.000000,59.090000
1789151340.757525,0,0.000000,0.000000,-1.000000,0.810000,0.000000,0.000000,0.000000,0.000000,8.000000,59.110000
1789151340.782540,0,0.000000,0.000000,-1.000000,0.990000,0.000000,0.000000,0.000000,0.000000,8.000000,59.110000
1789151340.783049,0,0.000000,0.000000,-1.000000,1.080000,0.000000,0.000000,0.000000,0.000000,8.000000,59.130000
1789151340.808126,0,0.000000,0.000000,-1.000000,1.080000,0.000000,0.000000,0.000000,0.000000,8.000000,59.130000
1789151340.808689,0,0.000000,0.000000,-1.000000,1.080000,0.000000,0.000000,0.000000,0.000000,8.000000,59.150000
1789151340.834358,0,0.000000,0.000000,-1.000000,1.160000,0.000000,0.000000,0.000000,0.000000,8.000000,59.150000
1789151340.834882,0,0.000000,0.000000,-1.000000,1.030000,0.000000,0.000000,0.000000,0.000000,8.000000,59.160000
1789151340.835341,0,0.000000,0.000000,-1.000000,1.250000,0.000000,0.000000,0.000000,0.000000,8.000000,59.180000
1789151340.859860,0,0.000000,0.000000,-1.000000,1.250000,0.000000,0.000000,0.000000,0.000000,8.000000,59.180000
1789151340.860454,0,0.000000,0.000000,-1.000000,0.910000,0.000000,0.000000,0.000000,0.000000,8.000000,59.200000
1789151340.861010,0,0.000000,0.000000,-1.000000,1.160000,0.000000,0.000000,0.000000,0.000000,8.000000,59.200000
1789151340.887115,0,0.000000,0.000000,-1.000000,1.080000,0.000000,0.000000,0.000000,0.000000,8.000000,59.220000
1789151340.887768,0,0.000000,0.000000,-1.000000,1.030000,0.000000,0.000000,0.000000,0.000000,8.000000,59.220000
1789151340.912153,0,0.000000,0.000000,-1.000000,1.120000,0.000000,0.000000,0.000000,0.000000,8.000000,59.240000
1789151340.912649,0,0.000000,0.000000,-1.000000,1.120000,0.000000,0.000000,0.000000,0.000000,8.000000,59.250000
1789151340.913220,0,0.000000,0.000000,-1.000000,0.940000,0.000000,0.000000,0.000000,0.000000,8.000000,59.250000
1789151340.913651,0,0.000000,0.000000,-1.000000,1.080000,0.000000,0.000000,0.000000,0.000000,8.000000,59.270000
1789151340.938425,0,0.000000,0.000000,-1.000000,1.120000,0.000000,0.000000,0.000000,0.000000,8.000000,59.270000
1789151340.938921,0,0.000000,0.000000,-1.000000,1.080000,0.000000,0.000000,0.000000,0.000000,8.000000,59.290000
1789151340.963453,0,0.000000,0.000000,-1.000000,1.370000,0.000000,0.000000,0.000000,0.000000,8.000000,59.290000
1789151340.964014,0,0.000000,0.000000,-1.000000,1.120000,0.000000,0.000000,0.000000,0.000000,8.000000,59.310000
1789151340.988640,0,0.000000,0.000000,-1.000000,0.910000,0.000000,0.000000,0.000000,0.000000,8.000000,59.310000
1789151340.989164,0,0.000000,0.000000,-1.000000,1.080000,0.000000,0.000000,0.000000,0.000000,8.000000,59.330000
1789151341.014709,0,0.000000,0.000000,-1.000000,1.340000,0.000000,0.000000,0.000000,0.000000,8.000000,59.340000
1789151341.015216,0,0.000000,0.000000,-1.000000,1.290000,0.000000,0.000000,0.000000,0.000000,8.000000,59.340000
1789151341.015624,0,0.000000,0.000000,-1.000000,1.370000,0.000000,0.000000,0.000000,0.000000,8.000000,59.360000
1789151341.039722,0,0.000000,0.000000,-1.000000,1.120000,0.000000,0.000000,0.000000,0.000000,8.000000,59.360000
1789151341.040231,0,0.000000,0.000000,-1.000000,1.120000,0.000000,0.000000,0.000000,0.000000,8.000000,59.380000
1789151341.064605,0,0.000000,0.000000,-1.000000,1.030000,0.000000,0.000000,0.000000,0.000000,8.000000,59.380000
1789151341.065235,0,0.000000,0.000000,-1.000000,1.160000,0.000000,0.000000,0.000000,0.000000,8.000000,59.400000
1789151341.065707,0,0.000000,0.000000,-1.000000,1.210000,0.000000,0.000000,0.000000,0.000000,8.000000,59.400000
1789151341.090904,0,0.000000,0.000000,-1.000000,1.290000,0.000000,0.000000,0.000000,0.000000,8.000000,59.410000
1789151341.091545,0,0.000000,0.000000,-1.000000,1.420000,0.000000,0.000000,0.000000,0.000000,8.000000,59.430000
1789151341.091958,0,0.000000,0.000000,-1.000000,1.120000,0.000000,0.000000,0.000000,0.000000,8.000000,59.430000
1789151341.116972,0,0.000000,0.000000,-1.000000,1.210000,0.000000,0.000000,0.000000,0.000000,8.000000,59.450000
1789151341.141216,0,0.000000,0.000000,-1.000000,1.290000,0.000000,0.000000,0.000000,0.000000,8.000000,59.450000
1789151341.141712,0,0.000000,0.000000,-1.000000,1.250000,0.000000,0.000000,0.000000,0.000000,8.000000,59.470000
1789151341.142142,0,0.000000,0.000000,-1.000000,1.250000,0.000000,0.000000,0.000000,0.000000,8.000000,59.490000
1789151341.167999,0,0.000000,0.000000,-1.000000,1.290000,0.000000,0.000000,0.000000,0.000000,8.000000,59.500000
1789151341.168534,0,0.000000,0.000000,-1.000000,1.030000,0.000000,0.000000,0.000000,0.000000,8.000000,59.500000
1789151341.169039,0,0.000000,0.000000,-1.000000,1.120000,0.000000,0.000000,0.000000,0.000000,8.000000,59.520000
1789151341.195009,0,0.000000,0.000000,-1.000000,1.340000,0.000000,0.000000,0.000000,0.000000,8.000000,59.520000
1789151341.195755,0,0.000000,0.000000,-1.000000,0.910000,0.000000,0.000000,0.000000,0.000000,8.000000,59.540000
1789151341.220303,0,0.000000,0.000000,-1.000000,0.990000,0.000000,0.000000,0.000000,0.000000,8.000000,59.540000
1789151341.220918,0,0.000000,0.000000,-1.000000,1.080000,0.000000,0.000000,0.000000,0.000000,8.000000,59.560000
1789151341.221445,0,0.000000,0.000000,-1.000000,1.080000,0.000000,0.000000,0.000000,0.000000,8.000000,59.560000
1789151341.245719,0,0.000000,0.000000,-1.000000,1.210000,0.000000,0.000000,0.000000,0.000000,8.000000,59.580000
1789151341.246243,0,0.000000,0.000000,-1.000000,0.990000,0.000000,0.000000,0.000000,0.000000,8.000000,59.590000
1789151341.269482,0,0.000000,0.000000,-1.000000,1.370000,0.000000,0.000000,0.000000,0.000000,8.000000,59.590000
1789151341.270077,0,0.000000,0.000000,-1.000000,1.290000,0.000000,0.000000,0.000000,0.000000,8.000000,59.610000
1789151341.270781,0,0.000000,0.000000,-1.000000,1.290000,0.000000,0.000000,0.000000,0.000000,8.000000,59.610000
1789151341.294370,0,0.000000,0.000000,-1.000000,1.250000,0.000000,0.000000,0.000000,0.000000,8.000000,59.630000
1789151341.294883,0,0.000000,0.000000,-1.000000,0.910000,0.000000,0.000000,0.000000,0.000000,8.000000,59.630000
1789151341.295372,0,0.000000,0.000000,-1.000000,1.160000,0.000000,0.000000,0.000000,0.000000,8.000000,59.650000
1789151341.319427,0,0.000000,0.000000,-1.000000,1.160000,0.000000,0.000000,0.000000,0.000000,8.000000,59.650000
1789151341.319921,0,0.000000,0.000000,-1.000000,0.990000,0.000000,0.000000,0.000000,0.000000,8.000000,59.660000
1789151341.345193,0,0.000000,0.000000,-1.000000,1.250000,0.000000,0.000000,0.000000,0.000000,8.000000,59.680000
1789151341.345782,0,0.000000,0.000000,-1.000000,1.120000,0.000000,0.000000,0.000000,0.000000,8.000000,59.680000
1789151341.371006,0,0.000000,0.000000,-1.000000,1.030000,0.000000,0.000000,0.000000,0.000000,8.000000,59.700000
1789151341.371499,0,0.000000,0.000000,-1.000000,1.080000,0.000000,0.000000,0.000000,0.000000,8.000000,59.700000
1789151341.371974,0,0.000000,0.000000,-1.000000,1.160000,0.000000,0.000000,0.000000,0.000000,8.000000,59.720000
1789151341.396558,0,0.000000,0.000000,-1.000000,1.120000,0.000000,0.000000,0.000000,0.000000,8.000000,59.720000
1789151341.397072,0,0.000000,0.000000,-1.000000,1.160000,0.000000,0.000000,0.000000,0.000000,8.000000,59.740000
1789151341.421607,0,0.000000,0.000000,-1.000000,1.120000,0.000000,0.000000,0.000000,0.000000,8.000000,59.750000
1789151341.422121,0,0.000000,0.000000,-1.000000,1.210000,0.000000,0.000000,0.000000,0.000000,8.000000,59.750000
1789151341.422916,0,0.000000,0.000000,-1.000000,1.120000,0.000000,0.000000,0.000000,0.000000,8.000000,59.770000
1789151341.447499,0,0.000000,0.000000,-1.000000,1.080000,0.000000,0.000000,0.000000,0.000000,8.000000,59.770000
1789151341.448021,0,0.000000,0.000000,-1.000000,1.030000,0.000000,0.000000,0.000000,0.000000,8.000000,59.790000
1789151341.472176,0,0.000000,0.000000,-1.000000,1.250000,0.000000,0.000000,0.000000,0.000000,8.000000,59.790000
1789151341.472970,0,0.000000,0.000000,-1.000000,1.210000,0.000000,0.000000,0.000000,0.000000,8.000000,59.810000
1789151341.473611,0,0.000000,0.000000,-1.000000,1.080000,0.000000,0.000000,0.000000,0.000000,8.000000,59.810000
1789151341.498340,0,0.000000,0.000000,-1.000000,1.080000,0.000000,0.000000,0.000000,0.000000,8.000000,59.830000
1789151341.498869,0,0.000000,0.000000,-1.000000,1.120000,0.000000,0.000000,0.000000,0.000000,8.000000,59.840000
1789151341.499378,0,0.000000,0.000000,-1.000000,1.120000,0.000000,0.000000,0.000000,0.000000,8.000000,59.840000
1789151341.524490,0,0.000000,0.000000,-1.000000,1.080000,0.000000,0.000000,0.000000,0.000000,8.000000,59.860000
1789151341.524978,0,0.000000,0.000000,-1.000000,0.940000,0.000000,0.000000,0.000000,0.000000,8.000000,59.860000
1789151341.550609,0,0.000000,0.000000,-1.000000,1.030000,0.000000,0.000000,0.000000,0.000000,8.000000,59.880000
1789151341.575093,0,0.000000,0.000000,-1.000000,0.990000,0.000000,0.000000,0.000000,0.000000,8.000000,59.880000
1789151341.575609,0,0.000000,0.000000,-1.000000,1.160000,0.000000,0.000000,0.000000,0.000000,8.000000,59.900000
1789151341.576062,0,0.000000,0.000000,-1.000000,1.080000,0.000000,0.000000,0.000000,0.000000,8.000000,59.900000
1789151341.576616,0,0.000000,0.000000,-1.000000,1.120000,0.000000,0.000000,0.000000,0.000000,8.000000,59.910000
1789151341.577234,0,0.000000,0.000000,-1.000000,1.290000,0.000000,0.000000,0.000000,0.000000,8.000000,59.930000
1789151341.601844,0,0.000000,0.000000,-1.000000,1.030000,0.000000,0.000000,0.000000,0.000000,8.000000,59.930000
1789151341.602352,0,0.000000,0.000000,-1.000000,1.120000,0.000000,0.000000,0.000000,0.000000,8.000000,59.950000
1789151341.602877,0,0.000000,0.000000,-1.000000,1.160000,0.000000,0.000000,0.000000,0.000000,8.000000,59.950000
1789151341.626822,0,0.000000,0.000000,-1.000000,1.290000,0.000000,0.000000,0.000000,0.000000,8.000000,59.970000
1789151341.627352,0,0.000000,0.000000,-1.000000,1.120000,0.000000,0.000000,0.000000,0.000000,8.000000,59.970000
1789151341.654209,0,0.000000,0.000000,-1.000000,1.120000,0.000000,0.000000,0.000000,0.000000,8.000000,59.990000
1789151341.678962,0,0.000000,0.000000,-1.000000,1.160000,0.000000,0.000000,0.000000,0.000000,8.000000,60.000000
1789151341.679470,0,0.000000,0.000000,-1.000000,1.160000,0.000000,0.000000,0.000000,0.000000,8.000000,60.000000
1789151341.680151,0,0.000000,0.000000,-1.000000,1.030000,0.000000,0.000000,0.000000,0.000000,8.000000,60.020000
1789151341.680899,0,0.000000,0.000000,-1.000000,1.080000,0.000000,0.000000,0.000000,0.000000,8.000000,60.020000
1789151341.706185,0,0.000000,0.000000,-1.000000,1.120000,0.000000,0.000000,0.000000,0.000000,8.000000,60.040000
1789151341.706707,0,0.000000,0.000000,-1.000000,1.080000,0.000000,0.000000,0.000000,0.000000,8.000000,60.040000
1789151341.707137,0,0.000000,0.000000,-1.000000,1.120000,0.000000,0.000000,0.000000,0.000000,8.000000,60.060000
1789151341.730976,0,0.000000,0.000000,-1.000000,1.120000,0.000000,0.000000,0.000000,0.000000,8.000000,60.060000
1789151341.731498,0,0.000000,0.000000,-1.000000,1.120000,0.000000,0.000000,0.000000,0.000000,8.000000,60.080000
1789151341.731880,0,0.000000,0.000000,-1.000000,1.120000,0.000000,0.000000,0.000000,0.000000,8.000000,60.090000
1789151341.755848,0,0.000000,0.000000,-1.000000,1.160000,0.000000,0.000000,0.000000,0.000000,8.000000,60.090000
1789151341.756365,0,0.000000,0.000000,-1.000000,1.160000,0.000000,0.000000,0.000000,0.000000,8.000000,60.110000
1789151341.779789,0,0.000000,0.000000,-1.000000,1.030000,0.000000,0.000000,0.000000,0.000000,8.000000,60.110000
1789151341.780293,0,0.000000,0.000000,-1.000000,1.080000,0.000000,0.000000,0.000000,0.000000,8.000000,60.130000
1789151341.780702,0,0.000000,0.000000,-1.000000,1.080000,0.000000,0.000000,0.000000,0.000000,8.000000,60.130000
1789151341.803729,0,0.000000,0.000000,-1.000000,0.990000,0.000000,0.000000,0.000000,0.000000,8.000000,60.150000
1789151341.804234,0,0.000000,0.000000,-1.000000,1.160000,0.000000,0.000000,0.000000,0.000000,8.000000,60.150000
1789151341.830898,0,0.000000,0.000000,-1.000000,1.160000,0.000000,0.000000,0.000000,0.000000,8.000000,60.150000
1789151341.831549,0,0.000000,0.000000,-1.000000,1.080000,0.000000,0.000000,0.000000,0.000000,8.000000,60.160000
1789151341.856436,0,0.000000,0.000000,-1.000000,1.160000,0.000000,0.000000,0.000000,0.000000,8.000000,60.180000
1789151341.856942,0,0.000000,0.000000,-1.000000,1.120000,0.000000,0.000000,0.000000,0.000000,8.000000,60.180000
1789151341.857363,0,0.000000,0.000000,-1.000000,1.290000,0.000000,0.000000,0.000000,0.000000,8.000000,60.200000
1789151341.857867,0,0.000000,0.000000,-1.000000,1.120000,0.000000,0.000000,0.000000,0.000000,8.000000,60.200000
1789151341.884502,0,0.000000,0.000000,-1.000000,1.160000,0.000000,0.000000,0.000000,0.000000,8.000000,60.220000
1789151341.885038,0,0.000000,0.000000,-1.000000,1.080000,0.000000,0.000000,0.000000,0.000000,8.000000,60.220000
1789151341.911058,0,0.000000,0.000000,-1.000000,1.080000,0.000000,0.000000,0.000000,0.000000,8.000000,60.240000
1789151341.911564,0,0.000000,0.000000,-1.000000,1.250000,0.000000,0.000000,0.000000,0.000000,8.000000,60.250000
1789151341.912087,0,0.000000,0.000000,-1.000000,1.080000,0.000000,0.000000,0.000000,0.000000,8.000000,60.250000
1789151341.937154,0,0.000000,0.000000,-1.000000,1.120000,0.000000,0.000000,0.000000,0.000000,8.000000,60.270000
1789151341.937735,0,0.000000,0.000000,-1.000000,1.120000,0.000000,0.000000,0.000000,0.000000,8.000000,60.270000
1789151341.938209,0,0.000000,0.000000,-1.000000,1.080000,0.000000,0.000000,0.000000,0.000000,8.000000,60.290000
1789151341.963585,0,0.000000,0.000000,-1.000000,1.080000,0.000000,0.000000,0.000000,0.000000,8.000000,60.290000
1789151341.964120,0,0.000000,0.000000,-1.000000,1.120000,0.000000,0.000000,0.000000,0.000000,8.000000,60.310000
1789151341.964521,0,0.000000,0.000000,-1.000000,1.120000,0.000000,0.000000,0.000000,0.000000,8.000000,60.310000
1789151341.990836,0,0.000000,0.000000,-1.000000,1.080000,0.000000,0.000000,0.000000,0.000000,8.000000,60.330000
1789151341.991346,0,0.000000,0.000000,-1.000000,1.080000,0.000000,0.000000,0.000000,0.000000,8.000000,60.340000
1789151342.016613,0,0.000000,0.000000,-1.000000,1.120000,0.000000,0.000000,0.000000,0.000000,8.000000,60.340000
1789151342.017137,0,0.000000,0.000000,-1.000000,1.030000,0.000000,0.000000,0.000000,0.000000,8.000000,60.360000
1789151342.017563,0,0.000000,0.000000,-1.000000,1.160000,0.000000,0.000000,0.000000,0.000000,8.000000,60.360000
1789151342.041206,0,0.000000,0.000000,-1.000000,1.030000,0.000000,0.000000,0.000000,0.000000,8.000000,60.380000
1789151342.041716,0,0.000000,0.000000,-1.000000,0.990000,0.000000,0.000000,0.000000,0.000000,8.000000,60.380000
1789151342.064192,0,0.000000,0.000000,-1.000000,1.210000,0.000000,0.000000,0.000000,0.000000,8.000000,60.400000
1789151342.064889,0,0.000000,0.000000,-1.000000,1.160000,0.000000,0.000000,0.000000,0.000000,8.000000,60.400000
1789151342.065513,0,0.000000,0.000000,-1.000000,1.120000,0.000000,0.000000,0.000000,0.000000,8.000000,60.410000
1789151342.086543,0,0.000000,0.000000,-1.000000,1.250000,0.000000,0.000000,0.000000,0.000000,8.000000,60.430000
1789151342.087145,0,0.000000,0.000000,-1.000000,1.250000,0.000000,0.000000,0.000000,0.000000,8.000000,60.430000
1789151342.108584,0,0.000000,0.000000,-1.000000,1.160000,0.000000,0.000000,0.000000,0.000000,8.000000,60.450000
1789151342.109092,0,0.000000,0.000000,-1.000000,1.080000,0.000000,0.000000,0.000000,0.000000,8.000000,60.450000
1789151342.130483,0,0.000000,0.000000,-1.000000,1.210000,0.000000,0.000000,0.000000,0.000000,8.000000,60.470000
1789151342.130992,0,0.000000,0.000000,-1.000000,1.210000,0.000000,0.000000,0.000000,0.000000,8.000000,60.470000
1789151342.131568,0,0.000000,0.000000,-1.000000,1.160000,0.000000,0.000000,0.000000,0.000000,8.000000,60.490000
1789151342.152746,0,0.000000,0.000000,-1.000000,1.250000,0.000000,0.000000,0.000000,0.000000,8.000000,60.500000
1789151342.153254,0,0.000000,0.000000,-1.000000,1.080000,0.000000,0.000000,0.000000,0.000000,8.000000,60.500000
1789151342.174343,0,0.000000,0.000000,-1.000000,1.160000,0.000000,0.000000,0.000000,0.000000,8.000000,60.520000
1789151342.174841,0,0.000000,0.000000,-1.000000,1.160000,0.000000,0.000000,0.000000,0.000000,8.000000,60.520000
1789151342.217135,0,0.000000,0.000000,-1.000000,1.160000,0.000000,0.000000,0.000000,0.000000,8.000000,60.540000
1789151342.217636,0,0.000000,0.000000,-1.000000,1.080000,0.000000,0.000000,0.000000,0.000000,8.000000,60.540000
1789151342.218029,0,0.000000,0.000000,-1.000000,1.030000,0.000000,0.000000,0.000000,0.000000,8.000000,60.560000
1789151342.218394,0,0.000000,0.000000,-1.000000,1.250000,0.000000,0.000000,0.000000,0.000000,8.000000,60.560000
1789151342.218782,0,0.000000,0.000000,-1.000000,1.210000,0.000000,0.000000,0.000000,0.000000,8.000000,60.580000
1789151342.219352,0,0.000000,0.000000,-1.000000,1.160000,0.000000,0.000000,0.000000,0.000000,8.000000,60.590000
1789151342.219729,0,0.000000,0.000000,-1.000000,0.860000,0.000000,0.000000,0.000000,0.000000,8.000000,60.590000
1789151342.258571,0,0.000000,0.000000,-1.000000,1.210000,0.000000,0.000000,0.000000,0.000000,8.000000,60.610000
1789151342.259246,0,0.000000,0.000000,-1.000000,0.940000,0.000000,0.000000,0.000000,0.000000,8.000000,60.610000
1789151342.260967,0,0.000000,0.000000,-1.000000,1.080000,0.000000,0.000000,0.000000,0.000000,8.000000,60.630000
1789151342.261390,0,0.000000,0.000000,-1.000000,1.210000,0.000000,0.000000,0.000000,0.000000,8.000000,60.630000
1789151342.302262,0,0.000000,0.000000,-1.000000,1.250000,0.000000,0.000000,0.000000,0.000000,8.000000,60.650000
1789151342.302783,0,0.000000,0.000000,-1.000000,1.160000,0.000000,0.000000,0.000000,0.000000,8.000000,60.650000
1789151342.303333,0,0.000000,0.000000,-1.000000,1.120000,0.000000,0.000000,0.000000,0.000000,8.000000,60.660000
1789151342.304754,0,0.000000,0.000000,-1.000000,1.210000,0.000000,0.000000,0.000000,0.000000,8.000000,60.680000
1789151342.327384,0,0.000000,0.000000,-1.000000,1.160000,0.000000,0.000000,0.000000,0.000000,8.000000,60.680000
1789151342.348671,0,0.000000,0.000000,-1.000000,1.030000,0.000000,0.000000,0.000000,0.000000,8.000000,60.700000
1789151342.349274,0,0.000000,0.000000,-1.000000,1.210000,0.000000,0.000000,0.000000,0.000000,8.000000,60.700000
1789151342.350676,0,0.000000,0.000000,-1.000000,1.030000,0.000000,0.000000,0.000000,0.000000,8.000000,60.700000
1789151342.372741,0,0.000000,0.000000,-1.000000,0.940000,0.000000,0.000000,0.000000,0.000000,8.000000,60.720000
1789151342.395665,0,0.000000,0.000000,-1.000000,1.420000,0.000000,0.000000,0.000000,0.000000,8.000000,60.740000
1789151342.396303,0,0.000000,0.000000,-1.000000,1.160000,0.000000,0.000000,0.000000,0.000000,8.000000,60.750000
1789151342.396840,0,0.000000,0.000000,-1.000000,1.160000,0.000000,0.000000,0.000000,0.000000,8.000000,60.750000
1789151342.419983,0,0.000000,0.000000,-1.000000,1.080000,0.000000,0.000000,0.000000,0.000000,8.000000,60.770000
1789151342.420492,0,0.000000,0.000000,-1.000000,1.160000,0.000000,0.000000,0.000000,0.000000,8.000000,60.770000
1789151342.443549,0,0.000000,0.000000,-1.000000,0.990000,0.000000,0.000000,0.000000,0.000000,8.000000,60.790000
1789151342.444104,0,0.000000,0.000000,-1.000000,1.080000,0.000000,0.000000,0.000000,0.000000,8.000000,60.790000
1789151342.468631,0,0.000000,0.000000,-1.000000,1.120000,0.000000,0.000000,0.000000,0.000000,8.000000,60.790000
1789151342.469213,0,0.000000,0.000000,-1.000000,1.080000,0.000000,0.000000,0.000000,0.000000,8.000000,60.810000
1789151342.492838,0,0.000000,0.000000,-1.000000,1.120000,0.000000,0.000000,0.000000,0.000000,8.000000,60.810000
1789151342.493367,0,0.000000,0.000000,-1.000000,1.080000,0.000000,0.000000,0.000000,0.000000,8.000000,60.830000
1789151342.493914,0,0.000000,0.000000,-1.000000,1.030000,0.000000,0.000000,0.000000,0.000000,8.000000,60.840000
1789151342.494448,0,0.000000,0.000000,-1.000000,1.120000,0.000000,0.000000,0.000000,0.000000,8.000000,60.840000
1789151342.517812,0,0.000000,0.000000,-1.000000,1.120000,0.000000,0.000000,0.000000,0.000000,8.000000,60.860000
1789151342.539985,0,0.000000,0.000000,-1.000000,1.160000,0.000000,0.000000,0.000000,0.000000,8.000000,60.860000
1789151342.540496,0,0.000000,0.000000,-1.000000,1.120000,0.000000,0.000000,0.000000,0.000000,8.000000,60.880000
1789151342.540924,0,0.000000,0.000000,-1.000000,1.210000,0.000000,0.000000,0.000000,0.000000,8.000000,60.880000
1789151342.564367,0,0.000000,0.000000,-1.000000,1.210000,0.000000,0.000000,0.000000,0.000000,8.000000,60.900000
1789151342.564866,0,0.000000,0.000000,-1.000000,1.160000,0.000000,0.000000,0.000000,0.000000,8.000000,60.900000
1789151342.588088,0,0.000000,0.000000,-1.000000,1.160000,0.000000,0.000000,0.000000,0.000000,8.000000,60.910000
1789151342.588678,0,0.000000,0.000000,-1.000000,1.250000,0.000000,0.000000,0.000000,0.000000,8.000000,60.930000
1789151342.589089,0,0.000000,0.000000,-1.000000,1.160000,0.000000,0.000000,0.000000,0.000000,8.000000,60.930000
1789151342.611249,0,0.000000,0.000000,-1.000000,1.080000,0.000000,0.000000,0.000000,0.000000,8.000000,60.950000
1789151342.611833,0,0.000000,0.000000,-1.000000,1.030000,0.000000,0.000000,0.000000,0.000000,8.000000,60.950000
1789151342.612422,0,0.000000,0.000000,-1.000000,0.990000,0.000000,0.000000,0.000000,0.000000,8.000000,60.970000
1789151342.633905,0,0.000000,0.000000,-1.000000,1.030000,0.000000,0.000000,0.000000,0.000000,8.000000,60.970000
1789151342.634726,0,0.000000,0.000000,-1.000000,1.210000,0.000000,0.000000,0.000000,0.000000,8.000000,60.990000
1789151342.656025,0,0.000000,0.000000,-1.000000,1.210000,0.000000,0.000000,0.000000,0.000000,8.000000,61.000000
1789151342.656534,0,0.000000,0.000000,-1.000000,1.160000,0.000000,0.000000,0.000000,0.000000,8.000000,61.000000
1789151342.657016,0,0.000000,0.000000,-1.000000,1.120000,0.000000,0.000000,0.000000,0.000000,8.000000,61.020000
1789151342.679042,0,0.000000,0.000000,-1.000000,0.940000,0.000000,0.000000,0.000000,0.000000,8.000000,61.020000
1789151342.701063,0,0.000000,0.000000,-1.000000,1.120000,0.000000,0.000000,0.000000,0.000000,8.000000,61.040000
1789151342.701567,0,0.000000,0.000000,-1.000000,1.250000,0.000000,0.000000,0.000000,0.000000,8.000000,61.040000
1789151342.703167,0,0.000000,0.000000,-1.000000,1.120000,0.000000,0.000000,0.000000,0.000000,8.000000,61.060000
1789151342.726774,0,0.000000,0.000000,-1.000000,1.210000,0.000000,0.000000,0.000000,0.000000,8.000000,61.060000
1789151342.727500,0,0.000000,0.000000,-1.000000,1.160000,0.000000,0.000000,0.000000,0.000000,8.000000,61.080000
1789151342.750434,0,0.000000,0.000000,-1.000000,1.160000,0.000000,0.000000,0.000000,0.000000,8.000000,61.090000
1789151342.750935,0,0.000000,0.000000,-1.000000,1.160000,0.000000,0.000000,0.000000,0.000000,8.000000,61.090000
1789151342.773797,0,0.000000,0.000000,-1.000000,1.290000,0.000000,0.000000,0.000000,0.000000,8.000000,61.110000
1789151342.774305,0,0.000000,0.000000,-1.000000,1.160000,0.000000,0.000000,0.000000,0.000000,8.000000,61.110000
1789151342.798150,0,0.000000,0.000000,-1.000000,1.210000,0.000000,0.000000,0.000000,0.000000,8.000000,61.130000
1789151342.798681,0,0.000000,0.000000,-1.000000,1.120000,0.000000,0.000000,0.000000,0.000000,8.000000,61.130000
1789151342.819985,0,0.000000,0.000000,-1.000000,1.120000,0.000000,0.000000,0.000000,0.000000,8.000000,61.150000
1789151342.820486,0,0.000000,0.000000,-1.000000,1.340000,0.000000,0.000000,0.000000,0.000000,8.000000,61.150000
1789151342.821014,0,0.000000,0.000000,-1.000000,1.210000,0.000000,0.000000,0.000000,0.000000,8.000000,61.160000
1789151342.842898,0,0.000000,0.000000,-1.000000,1.210000,0.000000,0.000000,0.000000,0.000000,8.000000,61.180000
1789151342.843421,0,0.000000,0.000000,-1.000000,1.120000,0.000000,0.000000,0.000000,0.000000,8.000000,61.180000
1789151342.844266,0,0.000000,0.000000,-1.000000,1.030000,0.000000,0.000000,0.000000,0.000000,8.000000,61.200000
1789151342.865327,0,0.000000,0.000000,-1.000000,1.210000,0.000000,0.000000,0.000000,0.000000,8.000000,61.200000
1789151342.865815,0,0.000000,0.000000,-1.000000,1.160000,0.000000,0.000000,0.000000,0.000000,8.000000,61.220000
1789151342.867282,0,0.000000,0.000000,-1.000000,1.290000,0.000000,0.000000,0.000000,0.000000,8.000000,61.220000
1789151342.888563,0,0.000000,0.000000,-1.000000,1.080000,0.000000,0.000000,0.000000,0.000000,8.000000,61.240000
1789151342.889364,0,0.000000,0.000000,-1.000000,1.120000,0.000000,0.000000,0.000000,0.000000,8.000000,61.250000
1789151342.910079,0,0.000000,0.000000,-1.000000,0.990000,0.000000,0.000000,0.000000,0.000000,8.000000,61.250000
1789151342.910905,0,0.000000,0.000000,-1.000000,1.210000,0.000000,0.000000,0.000000,0.000000,8.000000,61.270000
1789151342.932602,0,0.000000,0.000000,-1.000000,1.120000,0.000000,0.000000,0.000000,0.000000,8.000000,61.270000
1789151342.954724,0,0.000000,0.000000,-1.000000,1.080000,0.000000,0.000000,0.000000,0.000000,8.000000,61.290000
1789151342.955234,0,0.000000,0.000000,-1.000000,1.160000,0.000000,0.000000,0.000000,0.000000,8.000000,61.290000
1789151342.955657,0,0.000000,0.000000,-1.000000,1.030000,0.000000,0.000000,0.000000,0.000000,8.000000,61.310000
1789151342.978170,0,0.000000,0.000000,-1.000000,0.940000,0.000000,0.000000,0.000000,0.000000,8.000000,61.310000
1789151342.978840,0,0.000000,0.000000,-1.000000,1.120000,0.000000,0.000000,0.000000,0.000000,8.000000,61.330000
1789151343.000266,0,0.000000,0.000000,-1.000000,1.120000,0.000000,0.000000,0.000000,0.000000,8.000000,61.340000
1789151343.000773,0,0.000000,0.000000,-1.000000,1.120000,0.000000,0.000000,0.000000,0.000000,8.000000,61.340000
1789151343.001373,0,0.000000,0.000000,-1.000000,1.080000,0.000000,0.000000,0.000000,0.000000,8.000000,61.360000
1789151343.022738,0,0.000000,0.000000,-1.000000,1.340000,0.000000,0.000000,0.000000,0.000000,8.000000,61.360000
1789151343.023243,0,0.000000,0.000000,-1.000000,1.080000,0.000000,0.000000,0.000000,0.000000,8.000000,61.360000
1789151343.045289,0,0.000000,0.000000,-1.000000,1.030000,0.000000,0.000000,0.000000,0.000000,8.000000,61.380000
1789151343.045805,0,0.000000,0.000000,-1.000000,1.030000,0.000000,0.000000,0.000000,0.000000,8.000000,61.380000
1789151343.067194,0,0.000000,0.000000,-1.000000,0.910000,0.000000,0.000000,0.000000,0.000000,8.000000,61.400000
1789151343.067706,0,0.000000,0.000000,-1.000000,0.940000,0.000000,0.000000,0.000000,0.000000,8.000000,61.400000
1789151343.068133,0,0.000000,0.000000,-1.000000,1.120000,0.000000,0.000000,0.000000,0.000000,8.000000,61.410000
1789151343.091248,0,0.000000,0.000000,-1.000000,0.910000,0.000000,0.000000,0.000000,0.000000,8.000000,61.430000
1789151343.091761,0,0.000000,0.000000,-1.000000,1.160000,0.000000,0.000000,0.000000,0.000000,8.000000,61.430000
1789151343.114840,0,0.000000,0.000000,-1.000000,1.120000,0.000000,0.000000,0.000000,0.000000,8.000000,61.450000
1789151343.115541,0,0.000000,0.000000,-1.000000,0.910000,0.000000,0.000000,0.000000,0.000000,8.000000,61.450000
1789151343.138210,0,0.000000,0.000000,-1.000000,1.030000,0.000000,0.000000,0.000000,0.000000,8.000000,61.470000
1789151343.138779,0,0.000000,0.000000,-1.000000,1.160000,0.000000,0.000000,0.000000,0.000000,8.000000,61.470000
1789151343.139234,0,0.000000,0.000000,-1.000000,0.990000,0.000000,0.000000,0.000000,0.000000,8.000000,61.490000
1789151343.162216,0,0.000000,0.000000,-1.000000,1.080000,0.000000,0.000000,0.000000,0.000000,8.000000,61.500000
1789151343.162730,0,0.000000,0.000000,-1.000000,1.160000,0.000000,0.000000,0.000000,0.000000,8.000000,61.500000
1789151343.163154,0,0.000000,0.000000,-1.000000,1.030000,0.000000,0.000000,0.000000,0.000000,8.000000,61.520000
1789151343.186916,0,0.000000,0.000000,-1.000000,1.030000,0.000000,0.000000,0.000000,0.000000,8.000000,61.520000
1789151343.210957,0,0.000000,0.000000,-1.000000,1.120000,0.000000,0.000000,0.000000,0.000000,8.000000,61.540000
1789151343.211591,0,0.000000,0.000000,-1.000000,1.210000,0.000000,0.000000,0.000000,0.000000,8.000000,61.540000
1789151343.235266,0,0.000000,0.000000,-1.000000,1.080000,0.000000,0.000000,0.000000,0.000000,8.000000,61.560000
1789151343.235770,0,0.000000,0.000000,-1.000000,1.250000,0.000000,0.000000,0.000000,0.000000,8.000000,61.560000
1789151343.236194,0,0.000000,0.000000,-1.000000,1.030000,0.000000,0.000000,0.000000,0.000000,8.000000,61.580000
1789151343.236694,0,0.000000,0.000000,-1.000000,1.030000,0.000000,0.000000,0.000000,0.000000,8.000000,61.590000
1789151343.259854,0,0.000000,0.000000,-1.000000,1.080000,0.000000,0.000000,0.000000,0.000000,8.000000,61.590000
1789151343.260393,0,0.000000,0.000000,-1.000000,1.080000,0.000000,0.000000,0.000000,0.000000,8.000000,61.610000
1789151343.283027,0,0.000000,0.000000,-1.000000,1.030000,0.000000,0.000000,0.000000,0.000000,8.000000,61.610000
1789151343.283706,0,0.000000,0.000000,-1.000000,1.030000,0.000000,0.000000,0.000000,0.000000,8.000000,61.630000
1789151343.305733,0,0.000000,0.000000,-1.000000,0.940000,0.000000,0.000000,0.000000,0.000000,8.000000,61.630000
1789151343.306242,0,0.000000,0.000000,-1.000000,0.940000,0.000000,0.000000,0.000000,0.000000,8.000000,61.650000
1789151343.329285,0,0.000000,0.000000,-1.000000,1.120000,0.000000,0.000000,0.000000,0.000000,8.000000,61.650000
1789151343.329797,0,0.000000,0.000000,-1.000000,1.030000,0.000000,0.000000,0.000000,0.000000,8.000000,61.660000
1789151343.330220,0,0.000000,0.000000,-1.000000,0.990000,0.000000,0.000000,0.000000,0.000000,8.000000,61.680000
1789151343.352412,0,0.000000,0.000000,-1.000000,0.940000,0.000000,0.000000,0.000000,0.000000,8.000000,61.680000
1789151343.352919,0,0.000000,0.000000,-1.000000,1.080000,0.000000,0.000000,0.000000,0.000000,8.000000,61.700000
1789151343.374465,0,0.000000,0.000000,-1.000000,1.030000,0.000000,0.000000,0.000000,0.000000,8.000000,61.700000
1789151343.374985,0,0.000000,0.000000,-1.000000,0.990000,0.000000,0.000000,0.000000,0.000000,8.000000,61.720000
1789151343.375448,0,0.000000,0.000000,-1.000000,1.160000,0.000000,0.000000,0.000000,0.000000,8.000000,61.720000
1789151343.398401,0,0.000000,0.000000,-1.000000,0.940000,0.000000,0.000000,0.000000,0.000000,8.000000,61.740000
1789151343.398954,0,0.000000,0.000000,-1.000000,0.940000,0.000000,0.000000,0.000000,0.000000,8.000000,61.750000
1789151343.421132,0,0.000000,0.000000,-1.000000,1.080000,0.000000,0.000000,0.000000,0.000000,8.000000,61.750000
1789151343.421642,0,0.000000,0.000000,-1.000000,0.990000,0.000000,0.000000,0.000000,0.000000,8.000000,61.770000
1789151343.422063,0,0.000000,0.000000,-1.000000,1.030000,0.000000,0.000000,0.000000,0.000000,8.000000,61.770000
1789151343.444927,0,0.000000,0.000000,-1.000000,0.910000,0.000000,0.000000,0.000000,0.000000,8.000000,61.790000
1789151343.445798,0,0.000000,0.000000,-1.000000,1.030000,0.000000,0.000000,0.000000,0.000000,8.000000,61.790000
1789151343.468554,0,0.000000,0.000000,-1.000000,1.030000,0.000000,0.000000,0.000000,0.000000,8.000000,61.810000
1789151343.469178,0,0.000000,0.000000,-1.000000,1.250000,0.000000,0.000000,0.000000,0.000000,8.000000,61.810000
1789151343.492913,0,0.000000,0.000000,-1.000000,1.210000,0.000000,0.000000,0.000000,0.000000,8.000000,61.830000
1789151343.493582,0,0.000000,0.000000,-1.000000,1.120000,0.000000,0.000000,0.000000,0.000000,8.000000,61.840000
1789151343.517474,0,0.000000,0.000000,-1.000000,1.210000,0.000000,0.000000,0.000000,0.000000,8.000000,61.840000
1789151343.518014,0,0.000000,0.000000,-1.000000,1.030000,0.000000,0.000000,0.000000,0.000000,8.000000,61.860000
1789151343.542292,0,0.000000,0.000000,-1.000000,1.080000,0.000000,0.000000,0.000000,0.000000,8.000000,61.860000
1789151343.542889,0,0.000000,0.000000,-1.000000,1.250000,0.000000,0.000000,0.000000,0.000000,8.000000,61.880000
1789151343.567474,0,0.000000,0.000000,-1.000000,1.290000,0.000000,0.000000,0.000000,0.000000,8.000000,61.900000
1789151343.567953,0,0.000000,0.000000,-1.000000,1.250000,0.000000,0.000000,0.000000,0.000000,8.000000,61.900000
1789151343.589885,0,0.000000,0.000000,-1.000000,1.210000,0.000000,0.000000,0.000000,0.000000,8.000000,61.910000
1789151343.590425,0,0.000000,0.000000,-1.000000,1.120000,0.000000,0.000000,0.000000,0.000000,8.000000,61.930000
1789151343.590892,0,0.000000,0.000000,-1.000000,1.210000,0.000000,0.000000,0.000000,0.000000,8.000000,61.930000
1789151343.612364,0,0.000000,0.000000,-1.000000,1.210000,0.000000,0.000000,0.000000,0.000000,8.000000,61.950000
1789151343.633948,0,0.000000,0.000000,-1.000000,0.860000,0.000000,0.000000,0.000000,0.000000,8.000000,61.950000
1789151343.634450,0,0.000000,0.000000,-1.000000,1.290000,0.000000,0.000000,0.000000,0.000000,8.000000,61.970000
1789151343.634873,0,0.000000,0.000000,-1.000000,1.340000,0.000000,0.000000,0.000000,0.000000,8.000000,61.990000
1789151343.656380,0,0.000000,0.000000,-1.000000,1.250000,0.000000,0.000000,0.000000,0.000000,8.000000,62.000000
1789151343.678257,0,0.000000,0.000000,-1.000000,1.080000,0.000000,0.000000,0.000000,0.000000,8.000000,62.000000
1789151343.678768,0,0.000000,0.000000,-1.000000,1.030000,0.000000,0.000000,0.000000,0.000000,8.000000,62.020000
1789151343.679172,0,0.000000,0.000000,-1.000000,1.120000,0.000000,0.000000,0.000000,0.000000,8.000000,62.020000
1789151343.701739,0,0.000000,0.000000,-1.000000,1.250000,0.000000,0.000000,0.000000,0.000000,8.000000,62.040000
1789151343.702316,0,0.000000,0.000000,-1.000000,1.030000,0.000000,0.000000,0.000000,0.000000,8.000000,62.040000
1789151343.702727,0,0.000000,0.000000,-1.000000,1.250000,0.000000,0.000000,0.000000,0.000000,8.000000,62.060000
1789151343.724015,0,0.000000,0.000000,-1.000000,0.990000,0.000000,0.000000,0.000000,0.000000,8.000000,62.060000
1789151343.724528,0,0.000000,0.000000,-1.000000,0.940000,0.000000,0.000000,0.000000,0.000000,8.000000,62.080000
1789151343.724955,0,0.000000,0.000000,-1.000000,1.030000,0.000000,0.000000,0.000000,0.000000,8.000000,62.090000
1789151343.746397,0,0.000000,0.000000,-1.000000,1.120000,0.000000,0.000000,0.000000,0.000000,8.000000,62.090000
1789151343.746915,0,0.000000,0.000000,-1.000000,1.120000,0.000000,0.000000,0.000000,0.000000,8.000000,62.110000
1789151343.768175,0,0.000000,0.000000,-1.000000,0.990000,0.000000,0.000000,0.000000,0.000000,8.000000,62.110000
1789151343.768699,0,0.000000,0.000000,-1.000000,0.990000,0.000000,0.000000,0.000000,0.000000,8.000000,62.110000
1789151343.791095,0,0.000000,0.000000,-1.000000,1.030000,0.000000,0.000000,0.000000,0.000000,8.000000,62.130000
1789151343.812375,0,0.000000,0.000000,-1.000000,0.940000,0.000000,0.000000,0.000000,0.000000,8.000000,62.150000
1789151343.812990,0,0.000000,0.000000,-1.000000,1.120000,0.000000,0.000000,0.000000,0.000000,8.000000,62.150000
1789151343.813497,0,0.000000,0.000000,-1.000000,1.160000,0.000000,0.000000,0.000000,0.000000,8.000000,62.160000
1789151343.834652,0,0.000000,0.000000,-1.000000,1.290000,0.000000,0.000000,0.000000,0.000000,8.000000,62.180000
1789151343.835249,0,0.000000,0.000000,-1.000000,1.030000,0.000000,0.000000,0.000000,0.000000,8.000000,62.180000
1789151343.856421,0,0.000000,0.000000,-1.000000,1.290000,0.000000,0.000000,0.000000,0.000000,8.000000,62.200000
1789151343.856920,0,0.000000,0.000000,-1.000000,1.120000,0.000000,0.000000,0.000000,0.000000,8.000000,62.200000
1789151343.879141,0,0.000000,0.000000,-1.000000,1.160000,0.000000,0.000000,0.000000,0.000000,8.000000,62.220000
1789151343.879650,0,0.000000,0.000000,-1.000000,1.080000,0.000000,0.000000,0.000000,0.000000,8.000000,62.220000
1789151343.880192,0,0.000000,0.000000,-1.000000,1.120000,0.000000,0.000000,0.000000,0.000000,8.000000,62.240000
1789151343.900782,0,0.000000,0.000000,-1.000000,1.030000,0.000000,0.000000,0.000000,0.000000,8.000000,62.250000
1789151343.901370,0,0.000000,0.000000,-1.000000,1.030000,0.000000,0.000000,0.000000,0.000000,8.000000,62.250000
1789151343.922875,0,0.000000,0.000000,-1.000000,1.080000,0.000000,0.000000,0.000000,0.000000,8.000000,62.270000
1789151343.923671,0,0.000000,0.000000,-1.000000,1.080000,0.000000,0.000000,0.000000,0.000000,8.000000,62.270000
1789151343.946549,0,0.000000,0.000000,-1.000000,1.080000,0.000000,0.000000,0.000000,0.000000,8.000000,62.290000
1789151343.947069,0,0.000000,0.000000,-1.000000,1.030000,0.000000,0.000000,0.000000,0.000000,8.000000,62.290000
1789151343.947992,0,0.000000,0.000000,-1.000000,1.030000,0.000000,0.000000,0.000000,0.000000,8.000000,62.310000
1789151343.971356,0,0.000000,0.000000,-1.000000,1.030000,0.000000,0.000000,0.000000,0.000000,8.000000,62.310000
1789151343.971866,0,0.000000,0.000000,-1.000000,1.160000,0.000000,0.000000,0.000000,0.000000,8.000000,62.330000
1789151343.993067,0,0.000000,0.000000,-1.000000,1.030000,0.000000,0.000000,0.000000,0.000000,8.000000,62.340000
1789151343.993604,0,0.000000,0.000000,-1.000000,0.990000,0.000000,0.000000,0.000000,0.000000,8.000000,62.340000
1789151343.994054,0,0.000000,0.000000,-1.000000,1.080000,0.000000,0.000000,0.000000,0.000000,8.000000,62.360000
1789151344.016072,0,0.000000,0.000000,-1.000000,1.080000,0.000000,0.000000,0.000000,0.000000,8.000000,62.360000
1789151344.016577,0,0.000000,0.000000,-1.000000,0.990000,0.000000,0.000000,0.000000,0.000000,8.000000,62.380000
1789151344.037639,0,0.000000,0.000000,-1.000000,1.080000,0.000000,0.000000,0.000000,0.000000,8.000000,62.380000
1789151344.038143,0,0.000000,0.000000,-1.000000,0.990000,0.000000,0.000000,0.000000,0.000000,8.000000,62.380000
1789151344.060193,0,0.000000,0.000000,-1.000000,0.910000,0.000000,0.000000,0.000000,0.000000,8.000000,62.400000
1789151344.060829,0,0.000000,0.000000,-1.000000,1.030000,0.000000,0.000000,0.000000,0.000000,8.000000,62.400000
1789151344.081941,0,0.000000,0.000000,-1.000000,0.910000,0.000000,0.000000,0.000000,0.000000,8.000000,62.410000
1789151344.082453,0,0.000000,0.000000,-1.000000,1.030000,0.000000,0.000000,0.000000,0.000000,8.000000,62.430000
1789151344.083172,0,0.000000,0.000000,-1.000000,0.940000,0.000000,0.000000,0.000000,0.000000,8.000000,62.430000
1789151344.105361,0,0.000000,0.000000,-1.000000,0.940000,0.000000,0.000000,0.000000,0.000000,8.000000,62.450000
1789151344.105954,0,0.000000,0.000000,-1.000000,0.680000,0.000000,0.000000,0.000000,0.000000,8.000000,62.450000
1789151344.127784,0,0.000000,0.000000,-1.000000,0.860000,0.000000,0.000000,0.000000,0.000000,8.000000,62.470000
1789151344.128322,0,0.000000,0.000000,-1.000000,0.990000,0.000000,0.000000,0.000000,0.000000,8.000000,62.470000
1789151344.150537,0,0.000000,0.000000,-1.000000,1.120000,0.000000,0.000000,0.000000,0.000000,8.000000,62.490000
1789151344.151105,0,0.000000,0.000000,-1.000000,1.030000,0.000000,0.000000,0.000000,0.000000,8.000000,62.500000
1789151344.151697,0,0.000000,0.000000,-1.000000,1.080000,0.000000,0.000000,0.000000,0.000000,8.000000,62.500000
1789151344.172700,0,0.000000,0.000000,-1.000000,0.910000,0.000000,0.000000,0.000000,0.000000,8.000000,62.520000
1789151344.173377,0,0.000000,0.000000,-1.000000,0.990000,0.000000,0.000000,0.000000,0.000000,8.000000,62.520000
1789151344.194820,0,0.000000,0.000000,-1.000000,1.030000,0.000000,0.000000,0.000000,0.000000,8.000000,62.540000
1789151344.195577,0,0.000000,0.000000,-1.000000,1.080000,0.000000,0.000000,0.000000,0.000000,8.000000,62.540000
1789151344.217728,0,0.000000,0.000000,-1.000000,0.990000,0.000000,0.000000,0.000000,0.000000,8.000000,62.560000
1789151344.218358,0,0.000000,0.000000,-1.000000,1.080000,0.000000,0.000000,0.000000,0.000000,8.000000,62.560000
1789151344.239440,0,0.000000,0.000000,-1.000000,1.080000,0.000000,0.000000,0.000000,0.000000,8.000000,62.580000
1789151344.239942,0,0.000000,0.000000,-1.000000,1.030000,0.000000,0.000000,0.000000,0.000000,8.000000,62.590000
1789151344.261380,0,0.000000,0.000000,-1.000000,0.810000,0.000000,0.000000,0.000000,0.000000,8.000000,62.590000
1789151344.262031,0,0.000000,0.000000,-1.000000,1.030000,0.000000,0.000000,0.000000,0.000000,8.000000,62.610000
1789151344.284078,0,0.000000,0.000000,-1.000000,0.860000,0.000000,0.000000,0.000000,0.000000,8.000000,62.610000
1789151344.284587,0,0.000000,0.000000,-1.000000,1.250000,0.000000,0.000000,0.000000,0.000000,8.000000,62.630000
1789151344.285110,0,0.000000,0.000000,-1.000000,1.250000,0.000000,0.000000,0.000000,0.000000,8.000000,62.630000
1789151344.306757,0,0.000000,0.000000,-1.000000,1.030000,0.000000,0.000000,0.000000,0.000000,8.000000,62.650000
1789151344.307263,0,0.000000,0.000000,-1.000000,1.030000,0.000000,0.000000,0.000000,0.000000,8.000000,62.650000
1789151344.329671,0,0.000000,0.000000,-1.000000,1.160000,0.000000,0.000000,0.000000,0.000000,8.000000,62.660000
1789151344.330362,0,0.000000,0.000000,-1.000000,1.160000,0.000000,0.000000,0.000000,0.000000,8.000000,62.680000
1789151344.354120,0,0.000000,0.000000,-1.000000,0.990000,0.000000,0.000000,0.000000,0.000000,8.000000,62.680000
1789151344.354633,0,0.000000,0.000000,-1.000000,1.080000,0.000000,0.000000,0.000000,0.000000,8.000000,62.700000
1789151344.355158,0,0.000000,0.000000,-1.000000,1.250000,0.000000,0.000000,0.000000,0.000000,8.000000,62.700000
1789151344.377545,0,0.000000,0.000000,-1.000000,1.030000,0.000000,0.000000,0.000000,0.000000,8.000000,62.720000
1789151344.378116,0,0.000000,0.000000,-1.000000,1.080000,0.000000,0.000000,0.000000,0.000000,8.000000,62.720000
1789151344.399874,0,0.000000,0.000000,-1.000000,0.990000,0.000000,0.000000,0.000000,0.000000,8.000000,62.740000
1789151344.400386,0,0.000000,0.000000,-1.000000,1.080000,0.000000,0.000000,0.000000,0.000000,8.000000,62.750000
1789151344.400808,0,0.000000,0.000000,-1.000000,1.120000,0.000000,0.000000,0.000000,0.000000,8.000000,62.750000
1789151344.421931,0,0.000000,0.000000,-1.000000,1.120000,0.000000,0.000000,0.000000,0.000000,8.000000,62.770000
1789151344.422485,0,0.000000,0.000000,-1.000000,1.030000,0.000000,0.000000,0.000000,0.000000,8.000000,62.770000
1789151344.444464,0,0.000000,0.000000,-1.000000,1.160000,0.000000,0.000000,0.000000,0.000000,8.000000,62.790000
1789151344.444999,0,0.000000,0.000000,-1.000000,1.080000,0.000000,0.000000,0.000000,0.000000,8.000000,62.790000
1789151344.467743,0,0.000000,0.000000,-1.000000,0.990000,0.000000,0.000000,0.000000,0.000000,8.000000,62.810000
1789151344.468344,0,0.000000,0.000000,-1.000000,1.080000,0.000000,0.000000,0.000000,0.000000,8.000000,62.810000
1789151344.489923,0,0.000000,0.000000,-1.000000,1.120000,0.000000,0.000000,0.000000,0.000000,8.000000,62.830000
1789151344.490426,0,0.000000,0.000000,-1.000000,1.080000,0.000000,0.000000,0.000000,0.000000,8.000000,62.840000
1789151344.513604,0,0.000000,0.000000,-1.000000,1.250000,0.000000,0.000000,0.000000,0.000000,8.000000,62.840000
1789151344.514308,0,0.000000,0.000000,-1.000000,1.030000,0.000000,0.000000,0.000000,0.000000,8.000000,62.860000
1789151344.514725,0,0.000000,0.000000,-1.000000,1.080000,0.000000,0.000000,0.000000,0.000000,8.000000,62.860000
1789151344.537819,0,0.000000,0.000000,-1.000000,1.080000,0.000000,0.000000,0.000000,0.000000,8.000000,62.880000
1789151344.538397,0,0.000000,0.000000,-1.000000,1.030000,0.000000,0.000000,0.000000,0.000000,8.000000,62.880000
1789151344.560139,0,0.000000,0.000000,-1.000000,0.990000,0.000000,0.000000,0.000000,0.000000,8.000000,62.900000
1789151344.560739,0,0.000000,0.000000,-1.000000,1.120000,0.000000,0.000000,0.000000,0.000000,8.000000,62.900000
1789151344.561156,0,0.000000,0.000000,-1.000000,1.120000,0.000000,0.000000,0.000000,0.000000,8.000000,62.910000
1789151344.582824,0,0.000000,0.000000,-1.000000,1.030000,0.000000,0.000000,0.000000,0.000000,8.000000,62.930000
1789151344.583320,0,0.000000,0.000000,-1.000000,0.990000,0.000000,0.000000,0.000000,0.000000,8.000000,62.930000
1789151344.583871,0,0.000000,0.000000,-1.000000,1.080000,0.000000,0.000000,0.000000,0.000000,8.000000,62.950000
1789151344.605155,0,0.000000,0.000000,-1.000000,1.080000,0.000000,0.000000,0.000000,0.000000,8.000000,62.950000
1789151344.629850,0,0.000000,0.000000,-1.000000,0.940000,0.000000,0.000000,0.000000,0.000000,8.000000,62.970000
1789151344.630548,0,0.000000,0.000000,-1.000000,1.030000,0.000000,0.000000,0.000000,0.000000,8.000000,62.970000
1789151344.656305,0,0.000000,0.000000,-1.000000,1.080000,0.000000,0.000000,0.000000,0.000000,8.000000,62.990000
1789151344.656828,0,0.000000,0.000000,-1.000000,1.160000,0.000000,0.000000,0.000000,0.000000,8.000000,63.000000
1789151344.657346,0,0.000000,0.000000,-1.000000,0.940000,0.000000,0.000000,0.000000,0.000000,8.000000,63.000000
1789151344.684911,0,0.000000,0.000000,-1.000000,1.120000,0.000000,0.000000,0.000000,0.000000,8.000000,63.000000
1789151344.685470,0,0.000000,0.000000,-1.000000,1.080000,0.000000,0.000000,0.000000,0.000000,8.000000,63.020000
1789151344.685908,0,0.000000,0.000000,-1.000000,1.160000,0.000000,0.000000,0.000000,0.000000,8.000000,63.020000
1789151344.712552,0,0.000000,0.000000,-1.000000,1.160000,0.000000,0.000000,0.000000,0.000000,8.000000,63.040000
1789151344.713404,0,0.000000,0.000000,-1.000000,1.080000,0.000000,0.000000,0.000000,0.000000,8.000000,63.040000
1789151344.739498,0,0.000000,0.000000,-1.000000,1.340000,0.000000,0.000000,0.000000,0.000000,8.000000,63.060000
1789151344.739965,0,0.000000,0.000000,-1.000000,0.940000,0.000000,0.000000,0.000000,0.000000,8.000000,63.060000
1789151344.740452,0,0.000000,0.000000,-1.000000,1.210000,0.000000,0.000000,0.000000,0.000000,8.000000,63.080000
1789151344.767497,0,0.000000,0.000000,-1.000000,1.250000,0.000000,0.000000,0.000000,0.000000,8.000000,63.090000
1789151344.767976,0,0.000000,0.000000,-1.000000,1.290000,0.000000,0.000000,0.000000,0.000000,8.000000,63.110000
1789151344.793961,0,0.000000,0.000000,-1.000000,1.120000,0.000000,0.000000,0.000000,0.000000,8.000000,63.110000
1789151344.794521,0,0.000000,0.000000,-1.000000,1.160000,0.000000,0.000000,0.000000,0.000000,8.000000,63.110000
1789151344.794914,0,0.000000,0.000000,-1.000000,1.120000,0.000000,0.000000,0.000000,0.000000,8.000000,63.130000
1789151344.795406,0,0.000000,0.000000,-1.000000,1.080000,0.000000,0.000000,0.000000,0.000000,8.000000,63.130000
1789151344.819716,0,0.000000,0.000000,-1.000000,1.210000,0.000000,0.000000,0.000000,0.000000,8.000000,63.150000
1789151344.820307,0,0.000000,0.000000,-1.000000,1.120000,0.000000,0.000000,0.000000,0.000000,8.000000,63.150000
1789151344.844873,0,0.000000,0.000000,-1.000000,1.160000,0.000000,0.000000,0.000000,0.000000,8.000000,63.180000
1789151344.845397,0,0.000000,0.000000,-1.000000,1.340000,0.000000,0.000000,0.000000,0.000000,8.000000,63.180000
1789151344.845813,0,0.000000,0.000000,-1.000000,1.290000,0.000000,0.000000,0.000000,0.000000,8.000000,63.200000
1789151344.871468,0,0.000000,0.000000,-1.000000,0.940000,0.000000,0.000000,0.000000,0.000000,8.000000,63.200000
1789151344.872135,0,0.000000,0.000000,-1.000000,1.160000,0.000000,0.000000,0.000000,0.000000,8.000000,63.200000
1789151344.872610,0,0.000000,0.000000,-1.000000,0.990000,0.000000,0.000000,0.000000,0.000000,8.000000,63.220000
1789151344.898742,0,0.000000,0.000000,-1.000000,0.990000,0.000000,0.000000,0.000000,0.000000,8.000000,63.220000
1789151344.899320,0,0.000000,0.000000,-1.000000,1.080000,0.000000,0.000000,0.000000,0.000000,8.000000,63.240000
1789151344.922489,0,0.000000,0.000000,-1.000000,0.990000,0.000000,0.000000,0.000000,0.000000,8.000000,63.250000
1789151344.923055,0,0.000000,0.000000,-1.000000,1.080000,0.000000,0.000000,0.000000,0.000000,8.000000,63.250000
1789151344.923664,0,0.000000,0.000000,-1.000000,0.940000,0.000000,0.000000,0.000000,0.000000,8.000000,63.270000
1789151344.924367,0,0.000000,0.000000,-1.000000,1.080000,0.000000,0.000000,0.000000,0.000000,8.000000,63.270000
1789151344.949756,0,0.000000,0.000000,-1.000000,1.030000,0.000000,0.000000,0.000000,0.000000,8.000000,63.290000
1789151344.950291,0,0.000000,0.000000,-1.000000,1.080000,0.000000,0.000000,0.000000,0.000000,8.000000,63.290000
1789151344.974477,0,0.000000,0.000000,-1.000000,1.080000,0.000000,0.000000,0.000000,0.000000,8.000000,63.310000
1789151344.975216,0,0.000000,0.000000,-1.000000,1.030000,0.000000,0.000000,0.000000,0.000000,8.000000,63.310000
1789151344.998564,0,0.000000,0.000000,-1.000000,1.080000,0.000000,0.000000,0.000000,0.000000,8.000000,63.330000
1789151344.999097,0,0.000000,0.000000,-1.000000,1.080000,0.000000,0.000000,0.000000,0.000000,8.000000,63.340000
1789151344.999505,0,0.000000,0.000000,-1.000000,0.990000,0.000000,0.000000,0.000000,0.000000,8.000000,63.340000
1789151344.999963,0,0.000000,0.000000,-1.000000,1.120000,0.000000,0.000000,0.000000,0.000000,8.000000,63.360000
1789151345.024286,0,0.000000,0.000000,-1.000000,0.990000,0.000000,0.000000,0.000000,0.000000,8.000000,63.360000
1789151345.052567,0,0.000000,0.000000,-1.000000,1.210000,0.000000,0.000000,0.000000,0.000000,8.000000,63.380000
1789151345.053099,0,0.000000,0.000000,-1.000000,1.080000,0.000000,0.000000,0.000000,0.000000,8.000000,63.380000
1789151345.053499,0,0.000000,0.000000,-1.000000,1.030000,0.000000,0.000000,0.000000,0.000000,8.000000,63.400000
1789151345.079422,0,0.000000,0.000000,-1.000000,1.080000,0.000000,0.000000,0.000000,0.000000,8.000000,63.400000
1789151345.079923,0,0.000000,0.000000,-1.000000,0.940000,0.000000,0.000000,0.000000,0.000000,8.000000,63.410000
1789151345.080289,0,0.000000,0.000000,-1.000000,1.030000,0.000000,0.000000,0.000000,0.000000,8.000000,63.430000
1789151345.111680,0,0.000000,0.000000,-1.000000,1.030000,0.000000,0.000000,0.000000,0.000000,8.000000,63.430000
1789151345.114326,0,0.000000,0.000000,-1.000000,1.160000,0.000000,0.000000,0.000000,0.000000,8.000000,63.450000
1789151345.121000,0,0.000000,0.000000,-1.000000,1.080000,0.000000,0.000000,0.000000,0.000000,8.000000,63.450000
1789151345.179507,0,0.000000,0.000000,-1.000000,0.810000,0.000000,0.000000,0.000000,0.000000,8.000000,63.470000
1789151345.181139,0,0.000000,0.000000,-1.000000,1.120000,0.000000,0.000000,0.000000,0.000000,8.000000,63.470000
1789151345.184334,0,0.000000,0.000000,-1.000000,1.080000,0.000000,0.000000,0.000000,0.000000,8.000000,63.490000
1789151345.185522,0,0.000000,0.000000,-1.000000,0.990000,0.000000,0.000000,0.000000,0.000000,8.000000,63.500000
1789151345.224869,0,0.000000,0.000000,-1.000000,1.080000,0.000000,0.000000,0.000000,0.000000,8.000000,63.500000
1789151345.226019,0,0.000000,0.000000,-1.000000,1.160000,0.000000,0.000000,0.000000,0.000000,8.000000,63.520000
1789151345.227015,0,0.000000,0.000000,-1.000000,0.860000,0.000000,0.000000,0.000000,0.000000,8.000000,63.520000
1789151345.228295,0,0.000000,0.000000,-1.000000,1.160000,0.000000,0.000000,0.000000,0.000000,8.000000,63.540000
1789151345.229699,0,0.000000,0.000000,-1.000000,1.160000,0.000000,0.000000,0.000000,0.000000,8.000000,63.540000
1789151345.232547,0,0.000000,0.000000,-1.000000,1.120000,0.000000,0.000000,0.000000,0.000000,8.000000,63.560000
1789151345.234169,0,0.000000,0.000000,-1.000000,1.120000,0.000000,0.000000,0.000000,0.000000,8.000000,63.560000
1789151345.266860,0,0.000000,0.000000,-1.000000,1.160000,0.000000,0.000000,0.000000,0.000000,8.000000,63.580000
1789151345.268667,0,0.000000,0.000000,-1.000000,1.160000,0.000000,0.000000,0.000000,0.000000,8.000000,63.590000
1789151345.270199,0,0.000000,0.000000,-1.000000,1.080000,0.000000,0.000000,0.000000,0.000000,8.000000,63.590000
1789151345.271310,0,0.000000,0.000000,-1.000000,1.120000,0.000000,0.000000,0.000000,0.000000,8.000000,63.610000
1789151345.273866,0,0.000000,0.000000,-1.000000,1.030000,0.000000,0.000000,0.000000,0.000000,8.000000,63.610000
1789151345.313498,0,0.000000,0.000000,-1.000000,1.080000,0.000000,0.000000,0.000000,0.000000,8.000000,63.630000
1789151345.317528,0,0.000000,0.000000,-1.000000,1.290000,0.000000,0.000000,0.000000,0.000000,8.000000,63.630000
1789151345.319601,0,0.000000,0.000000,-1.000000,1.120000,0.000000,0.000000,0.000000,0.000000,8.000000,63.650000
1789151345.355097,0,0.000000,0.000000,-1.000000,1.120000,0.000000,0.000000,0.000000,0.000000,8.000000,63.650000
1789151345.356264,0,0.000000,0.000000,-1.000000,0.990000,0.000000,0.000000,0.000000,0.000000,8.000000,63.660000
1789151345.357727,0,0.000000,0.000000,-1.000000,1.160000,0.000000,0.000000,0.000000,0.000000,8.000000,63.680000
1789151345.358958,0,0.000000,0.000000,-1.000000,1.120000,0.000000,0.000000,0.000000,0.000000,8.000000,63.680000
1789151345.397031,0,0.000000,0.000000,-1.000000,0.990000,0.000000,0.000000,0.000000,0.000000,8.000000,63.700000
1789151345.398390,0,0.000000,0.000000,-1.000000,1.160000,0.000000,0.000000,0.000000,0.000000,8.000000,63.700000
1789151345.399623,0,0.000000,0.000000,-1.000000,1.080000,0.000000,0.000000,0.000000,0.000000,8.000000,63.720000
1789151345.400594,0,0.000000,0.000000,-1.000000,1.120000,0.000000,0.000000,0.000000,0.000000,8.000000,63.720000
1789151345.441492,0,0.000000,0.000000,-1.000000,0.940000,0.000000,0.000000,0.000000,0.000000,8.000000,63.740000
1789151345.442822,0,0.000000,0.000000,-1.000000,1.210000,0.000000,0.000000,0.000000,0.000000,8.000000,63.750000
1789151345.444350,0,0.000000,0.000000,-1.000000,1.290000,0.000000,0.000000,0.000000,0.000000,8.000000,63.750000
1789151345.445601,0,0.000000,0.000000,-1.000000,1.080000,0.000000,0.000000,0.000000,0.000000,8.000000,63.770000
1789151345.446950,0,0.000000,0.000000,-1.000000,1.120000,0.000000,0.000000,0.000000,0.000000,8.000000,63.770000
1789151345.485537,0,0.000000,0.000000,-1.000000,1.120000,0.000000,0.000000,0.000000,0.000000,8.000000,63.790000
1789151345.486905,0,0.000000,0.000000,-1.000000,1.080000,0.000000,0.000000,0.000000,0.000000,8.000000,63.790000
1789151345.487868,0,0.000000,0.000000,-1.000000,1.210000,0.000000,0.000000,0.000000,0.000000,8.000000,63.810000
1789151345.488788,0,0.000000,0.000000,-1.000000,1.080000,0.000000,0.000000,0.000000,0.000000,8.000000,63.810000
1789151345.489447,0,0.000000,0.000000,-1.000000,1.120000,0.000000,0.000000,0.000000,0.000000,8.000000,63.830000
1789151345.524043,0,0.000000,0.000000,-1.000000,1.120000,0.000000,0.000000,0.000000,0.000000,8.000000,63.840000
1789151345.524857,0,0.000000,0.000000,-1.000000,1.120000,0.000000,0.000000,0.000000,0.000000,8.000000,63.840000
1789151345.525476,0,0.000000,0.000000,-1.000000,1.160000,0.000000,0.000000,0.000000,0.000000,8.000000,63.860000
1789151345.526056,0,0.000000,0.000000,-1.000000,0.990000,0.000000,0.000000,0.000000,0.000000,8.000000,63.860000
1789151345.557662,0,0.000000,0.000000,-1.000000,0.940000,0.000000,0.000000,0.000000,0.000000,8.000000,63.880000
1789151345.558371,0,0.000000,0.000000,-1.000000,1.370000,0.000000,0.000000,0.000000,0.000000,8.000000,63.880000
1789151345.558891,0,0.000000,0.000000,-1.000000,1.120000,0.000000,0.000000,0.000000,0.000000,8.000000,63.900000
1789151345.590047,0,0.000000,0.000000,-1.000000,0.860000,0.000000,0.000000,0.000000,0.000000,8.000000,63.900000
1789151345.591594,0,0.000000,0.000000,-1.000000,1.080000,0.000000,0.000000,0.000000,0.000000,8.000000,63.910000
1789151345.592463,0,0.000000,0.000000,-1.000000,1.080000,0.000000,0.000000,0.000000,0.000000,8.000000,63.930000
1789151345.593335,0,0.000000,0.000000,-1.000000,0.940000,0.000000,0.000000,0.000000,0.000000,8.000000,63.930000
1789151345.623814,0,0.000000,0.000000,-1.000000,1.160000,0.000000,0.000000,0.000000,0.000000,8.000000,63.950000
1789151345.624724,0,0.000000,0.000000,-1.000000,0.940000,0.000000,0.000000,0.000000,0.000000,8.000000,63.950000
1789151345.625328,0,0.000000,0.000000,-1.000000,1.120000,0.000000,0.000000,0.000000,0.000000,8.000000,63.970000
1789151345.667423,0,0.000000,0.000000,-1.000000,1.120000,0.000000,0.000000,0.000000,0.000000,8.000000,63.970000
1789151345.668341,0,0.000000,0.000000,-1.000000,1.080000,0.000000,0.000000,0.000000,0.000000,8.000000,63.990000
1789151345.669240,0,0.000000,0.000000,-1.000000,1.080000,0.000000,0.000000,0.000000,0.000000,8.000000,64.000000
1789151345.670129,0,0.000000,0.000000,-1.000000,1.080000,0.000000,0.000000,0.000000,0.000000,8.000000,64.010000
1789151345.704349,0,0.000000,0.000000,-1.000000,1.160000,0.000000,0.000000,0.000000,0.000000,8.000000,64.010000
1789151345.705270,0,0.000000,0.000000,-1.000000,0.940000,0.000000,0.000000,0.000000,0.000000,8.000000,64.020000
1789151345.707027,0,0.000000,0.000000,-1.000000,1.030000,0.000000,0.000000,0.000000,0.000000,8.000000,64.020000
1789151345.708121,0,0.000000,0.000000,-1.000000,1.160000,0.000000,0.000000,0.000000,0.000000,8.000000,64.040000
1789151345.744047,0,0.000000,0.000000,-1.000000,0.910000,0.000000,0.000000,0.000000,0.000000,8.000000,64.050000
1789151345.745000,0,0.000000,0.000000,-1.000000,1.080000,0.000000,0.000000,0.000000,0.000000,8.000000,64.050000
1789151345.745820,0,0.000000,0.000000,-1.000000,1.030000,0.000000,0.000000,0.000000,0.000000,8.000000,64.060000
1789151345.746981,0,0.000000,0.000000,-1.000000,0.940000,0.000000,0.000000,0.000000,0.000000,8.000000,64.080000
1789151345.779870,0,0.000000,0.000000,-1.000000,1.120000,0.000000,0.000000,0.000000,0.000000,8.000000,64.080000
1789151345.781744,0,0.000000,0.000000,-1.000000,1.160000,0.000000,0.000000,0.000000,0.000000,8.000000,64.090000
1789151345.782605,0,0.000000,0.000000,-1.000000,1.120000,0.000000,0.000000,0.000000,0.000000,8.000000,64.110000
1789151345.783150,0,0.000000,0.000000,-1.000000,1.030000,0.000000,0.000000,0.000000,0.000000,8.000000,64.120000
1789151345.815780,0,0.000000,0.000000,-1.000000,1.030000,0.000000,0.000000,0.000000,0.000000,8.000000,64.120000
1789151345.816775,0,0.000000,0.000000,-1.000000,1.030000,0.000000,0.000000,0.000000,0.000000,8.000000,64.130000
1789151345.817333,0,0.000000,0.000000,-1.000000,0.860000,0.000000,0.000000,0.000000,0.000000,8.000000,64.150000
1789151345.818318,0,0.000000,0.000000,-1.000000,1.120000,0.000000,0.000000,0.000000,0.000000,8.000000,64.160000
1789151345.853617,0,0.000000,0.000000,-1.000000,0.860000,0.000000,0.000000,0.000000,0.000000,8.000000,64.160000
1789151345.854657,0,0.000000,0.000000,-1.000000,1.030000,0.000000,0.000000,0.000000,0.000000,8.000000,64.180000
1789151345.855637,0,0.000000,0.000000,-1.000000,0.990000,0.000000,0.000000,0.000000,0.000000,8.000000,64.190000
1789151345.894163,0,0.000000,0.000000,-1.000000,0.910000,0.000000,0.000000,0.000000,0.000000,8.000000,64.190000
1789151345.895339,0,0.000000,0.000000,-1.000000,1.030000,0.000000,0.000000,0.000000,0.000000,8.000000,64.200000
1789151345.896098,0,0.000000,0.000000,-1.000000,1.080000,0.000000,0.000000,0.000000,0.000000,8.000000,64.220000
1789151345.896708,0,0.000000,0.000000,-1.000000,0.860000,0.000000,0.000000,0.000000,0.000000,8.000000,64.230000
1789151345.937753,0,0.000000,0.000000,-1.000000,0.940000,0.000000,0.000000,0.000000,0.000000,8.000000,64.230000
1789151345.938706,0,0.000000,0.000000,-1.000000,1.080000,0.000000,0.000000,0.000000,0.000000,8.000000,64.250000
1789151345.939409,0,0.000000,0.000000,-1.000000,1.080000,0.000000,0.000000,0.000000,0.000000,8.000000,64.260000
1789151345.939958,0,0.000000,0.000000,-1.000000,0.910000,0.000000,0.000000,0.000000,0.000000,8.000000,64.260000
1789151345.970026,0,0.000000,0.000000,-1.000000,0.860000,0.000000,0.000000,0.000000,0.000000,8.000000,64.270000
1789151345.970939,0,0.000000,0.000000,-1.000000,1.030000,0.000000,0.000000,0.000000,0.000000,8.000000,64.290000
1789151345.971529,0,0.000000,0.000000,-1.000000,0.990000,0.000000,0.000000,0.000000,0.000000,8.000000,64.300000
1789151345.972043,0,0.000000,0.000000,-1.000000,1.160000,0.000000,0.000000,0.000000,0.000000,8.000000,64.300000
1789151345.973098,0,0.000000,0.000000,-1.000000,0.940000,0.000000,0.000000,0.000000,0.000000,8.000000,64.310000
1789151346.002591,0,0.000000,0.000000,-1.000000,0.990000,0.000000,0.000000,0.000000,0.000000,8.000000,64.330000
1789151346.003379,0,0.000000,0.000000,-1.000000,1.120000,0.000000,0.000000,0.000000,0.000000,8.000000,64.330000
1789151346.004092,0,0.000000,0.000000,-1.000000,0.990000,0.000000,0.000000,0.000000,0.000000,8.000000,64.340000
1789151346.044071,0,0.000000,0.000000,-1.000000,0.910000,0.000000,0.000000,0.000000,0.000000,8.000000,64.360000
1789151346.044912,0,0.000000,0.000000,-1.000000,1.160000,0.000000,0.000000,0.000000,0.000000,8.000000,64.370000
1789151346.081936,0,0.000000,0.000000,-1.000000,1.120000,0.000000,0.000000,0.000000,0.000000,8.000000,64.370000
1789151346.082809,0,0.000000,0.000000,-1.000000,1.030000,0.000000,0.000000,0.000000,0.000000,8.000000,64.380000
1789151346.083355,0,0.000000,0.000000,-1.000000,0.860000,0.000000,0.000000,0.000000,0.000000,8.000000,64.400000
1789151346.083876,0,0.000000,0.000000,-1.000000,1.160000,0.000000,0.000000,0.000000,0.000000,8.000000,64.410000
1789151346.084395,0,0.000000,0.000000,-1.000000,1.030000,0.000000,0.000000,0.000000,0.000000,8.000000,64.410000
1789151346.085282,0,0.000000,0.000000,-1.000000,0.990000,0.000000,0.000000,0.000000,0.000000,8.000000,64.430000
1789151346.125103,0,0.000000,0.000000,-1.000000,1.080000,0.000000,0.000000,0.000000,0.000000,8.000000,64.440000
1789151346.125931,0,0.000000,0.000000,-1.000000,1.080000,0.000000,0.000000,0.000000,0.000000,8.000000,64.440000
1789151346.126764,0,0.000000,0.000000,-1.000000,1.210000,0.000000,0.000000,0.000000,0.000000,8.000000,64.450000
1789151346.165177,0,0.000000,0.000000,-1.000000,1.120000,0.000000,0.000000,0.000000,0.000000,8.000000,64.470000
1789151346.166235,0,0.000000,0.000000,-1.000000,1.080000,0.000000,0.000000,0.000000,0.000000,8.000000,64.480000
1789151346.167996,0,0.000000,0.000000,-1.000000,1.120000,0.000000,0.000000,0.000000,0.000000,8.000000,64.480000
1789151346.169424,0,0.000000,0.000000,-1.000000,1.030000,0.000000,0.000000,0.000000,0.000000,8.000000,64.500000
1789151346.170317,0,0.000000,0.000000,-1.000000,1.030000,0.000000,0.000000,0.000000,0.000000,8.000000,64.510000
1789151346.202065,0,0.000000,0.000000,-1.000000,1.160000,0.000000,0.000000,0.000000,0.000000,8.000000,64.510000
1789151346.203084,0,0.000000,0.000000,-1.000000,1.340000,0.000000,0.000000,0.000000,0.000000,8.000000,64.520000
1789151346.203922,0,0.000000,0.000000,-1.000000,1.210000,0.000000,0.000000,0.000000,0.000000,8.000000,64.540000
1789151346.204728,0,0.000000,0.000000,-1.000000,1.250000,0.000000,0.000000,0.000000,0.000000,8.000000,64.550000
1789151346.234186,0,0.000000,0.000000,-1.000000,1.250000,0.000000,0.000000,0.000000,0.000000,8.000000,64.550000
1789151346.235018,0,0.000000,0.000000,-1.000000,1.210000,0.000000,0.000000,0.000000,0.000000,8.000000,64.550000
1789151346.235966,0,0.000000,0.000000,-1.000000,1.250000,0.000000,0.000000,0.000000,0.000000,8.000000,64.560000
1789151346.269120,0,0.000000,0.000000,-1.000000,1.210000,0.000000,0.000000,0.000000,0.000000,8.000000,64.580000
1789151346.270218,0,0.000000,0.000000,-1.000000,1.470000,0.000000,0.000000,0.000000,0.000000,8.000000,64.580000
1789151346.271052,0,0.000000,0.000000,-1.000000,1.470000,0.000000,0.000000,0.000000,0.000000,8.000000,64.610000
1789151346.308746,0,0.000000,0.000000,-1.000000,1.370000,0.000000,0.000000,0.000000,0.000000,8.000000,64.620000
1789151346.310016,0,0.000000,0.000000,-1.000000,1.470000,0.000000,0.000000,0.000000,0.000000,8.000000,64.620000
1789151346.311198,0,0.000000,0.000000,-1.000000,1.500000,0.000000,0.000000,0.000000,0.000000,8.000000,64.630000
1789151346.312199,0,0.000000,0.000000,-1.000000,1.340000,0.000000,0.000000,0.000000,0.000000,8.000000,64.650000
1789151346.341786,0,0.000000,0.000000,-1.000000,1.470000,0.000000,0.000000,0.000000,0.000000,8.000000,64.660000
1789151346.342942,0,0.000000,0.000000,-1.000000,1.210000,0.000000,0.000000,0.000000,0.000000,8.000000,64.660000
1789151346.343639,0,0.000000,0.000000,-1.000000,1.420000,0.000000,0.000000,0.000000,0.000000,8.000000,64.680000
1789151346.373630,0,0.000000,0.000000,-1.000000,1.340000,0.000000,0.000000,0.000000,0.000000,8.000000,64.690000
1789151346.374684,0,0.000000,0.000000,-1.000000,1.290000,0.000000,0.000000,0.000000,0.000000,8.000000,64.690000
1789151346.375529,0,0.000000,0.000000,-1.000000,1.370000,0.000000,0.000000,0.000000,0.000000,8.000000,64.700000
1789151346.376179,0,0.000000,0.000000,-1.000000,1.420000,0.000000,0.000000,0.000000,0.000000,8.000000,64.720000
1789151346.408572,0,0.000000,0.000000,-1.000000,1.470000,0.000000,0.000000,0.000000,0.000000,8.000000,64.730000
1789151346.409579,0,0.000000,0.000000,-1.000000,1.470000,0.000000,0.000000,0.000000,0.000000,8.000000,64.730000
1789151346.410944,0,0.000000,0.000000,-1.000000,1.500000,0.000000,0.000000,0.000000,0.000000,8.000000,64.750000
1789151346.447750,0,0.000000,0.000000,-1.000000,1.630000,0.000000,0.000000,0.000000,0.000000,8.000000,64.760000
1789151346.449027,0,0.000000,0.000000,-1.000000,1.690000,0.000000,0.000000,0.000000,0.000000,8.000000,64.760000
1789151346.450139,0,0.000000,0.000000,-1.000000,1.630000,0.000000,0.000000,0.000000,0.000000,8.000000,64.770000
1789151346.451338,0,0.000000,0.000000,-1.000000,1.690000,0.000000,0.000000,0.000000,0.000000,8.000000,64.800000
1789151346.490249,0,0.000000,0.000000,-1.000000,1.340000,0.000000,0.000000,0.000000,0.000000,8.000000,64.800000
1789151346.491528,0,0.000000,0.000000,-1.000000,1.600000,0.000000,0.000000,0.000000,0.000000,8.000000,64.800000
1789151346.492233,0,0.000000,0.000000,-1.000000,1.420000,0.000000,0.000000,0.000000,0.000000,8.000000,64.810000
1789151346.493166,0,0.000000,0.000000,-1.000000,1.600000,0.000000,0.000000,0.000000,0.000000,8.000000,64.830000
1789151346.526540,0,0.000000,0.000000,-1.000000,1.370000,0.000000,0.000000,0.000000,0.000000,8.000000,64.830000
1789151346.527435,0,0.000000,0.000000,-1.000000,1.420000,0.000000,0.000000,0.000000,0.000000,8.000000,64.840000
1789151346.528416,0,0.000000,0.000000,-1.000000,1.470000,0.000000,0.000000,0.000000,0.000000,8.000000,64.860000
1789151346.529994,0,0.000000,0.000000,-1.000000,1.600000,0.000000,0.000000,0.000000,0.000000,8.000000,64.870000
1789151346.560172,0,0.000000,0.000000,-1.000000,1.600000,0.000000,0.000000,0.000000,0.000000,8.000000,64.870000
1789151346.560877,0,0.000000,0.000000,-1.000000,1.600000,0.000000,0.000000,0.000000,0.000000,8.000000,64.880000
1789151346.561398,0,0.000000,0.000000,-1.000000,1.370000,0.000000,0.000000,0.000000,0.000000,8.000000,64.900000
1789151346.594823,0,0.000000,0.000000,-1.000000,1.600000,0.000000,0.000000,0.000000,0.000000,8.000000,64.910000
1789151346.596526,0,0.000000,0.000000,-1.000000,1.500000,0.000000,0.000000,0.000000,0.000000,8.000000,64.910000
1789151346.598145,0,0.000000,0.000000,-1.000000,1.600000,0.000000,0.000000,0.000000,0.000000,8.000000,64.930000
1789151346.599288,0,0.000000,0.000000,-1.000000,1.500000,0.000000,0.000000,0.000000,0.000000,8.000000,64.940000
1789151346.633989,0,0.000000,0.000000,-1.000000,1.500000,0.000000,0.000000,0.000000,0.000000,8.000000,64.940000
1789151346.634845,0,0.000000,0.000000,-1.000000,1.500000,0.000000,0.000000,0.000000,0.000000,8.000000,64.950000
1789151346.635426,0,0.000000,0.000000,-1.000000,1.500000,0.000000,0.000000,0.000000,0.000000,8.000000,64.970000
1789151346.666441,0,0.000000,0.000000,-1.000000,1.420000,0.000000,0.000000,0.000000,0.000000,8.000000,64.980000
1789151346.667212,0,0.000000,0.000000,-1.000000,1.500000,0.000000,0.000000,0.000000,0.000000,8.000000,64.980000
1789151346.667802,0,0.000000,0.000000,-1.000000,1.500000,0.000000,0.000000,0.000000,0.000000,8.000000,65.000000
1789151346.668330,0,0.000000,0.000000,-1.000000,1.420000,0.000000,0.000000,0.000000,0.000000,8.000000,65.010000
1789151346.699542,0,0.000000,0.000000,-1.000000,1.370000,0.000000,0.000000,0.000000,0.000000,8.000000,65.010000
1789151346.700298,0,0.000000,0.000000,-1.000000,1.370000,0.000000,0.000000,0.000000,0.000000,8.000000,65.020000
1789151346.701364,0,0.000000,0.000000,-1.000000,1.290000,0.000000,0.000000,0.000000,0.000000,8.000000,65.040000
1789151346.702386,0,0.000000,0.000000,-1.000000,1.500000,0.000000,0.000000,0.000000,0.000000,8.000000,65.050000
1789151346.734541,0,0.000000,0.000000,-1.000000,1.420000,0.000000,0.000000,0.000000,0.000000,8.000000,65.050000
1789151346.735421,0,0.000000,0.000000,-1.000000,1.340000,0.000000,0.000000,0.000000,0.000000,8.000000,65.060000
1789151346.736002,0,0.000000,0.000000,-1.000000,1.470000,0.000000,0.000000,0.000000,0.000000,8.000000,65.080000
1789151346.773906,0,0.000000,0.000000,-1.000000,1.250000,0.000000,0.000000,0.000000,0.000000,8.000000,65.080000
1789151346.774705,0,0.000000,0.000000,-1.000000,1.370000,0.000000,0.000000,0.000000,0.000000,8.000000,65.090000
1789151346.776339,0,0.000000,0.000000,-1.000000,1.250000,0.000000,0.000000,0.000000,0.000000,8.000000,65.110000
1789151346.808564,0,0.000000,0.000000,-1.000000,1.250000,0.000000,0.000000,0.000000,0.000000,8.000000,65.120000
1789151346.809242,0,0.000000,0.000000,-1.000000,1.030000,0.000000,0.000000,0.000000,0.000000,8.000000,65.120000
1789151346.809766,0,0.000000,0.000000,-1.000000,1.210000,0.000000,0.000000,0.000000,0.000000,8.000000,65.130000
1789151346.810447,0,0.000000,0.000000,-1.000000,1.250000,0.000000,0.000000,0.000000,0.000000,8.000000,65.150000
1789151346.841621,0,0.000000,0.000000,-1.000000,1.210000,0.000000,0.000000,0.000000,0.000000,8.000000,65.160000
1789151346.842717,0,0.000000,0.000000,-1.000000,1.120000,0.000000,0.000000,0.000000,0.000000,8.000000,65.160000
1789151346.843400,0,0.000000,0.000000,-1.000000,1.080000,0.000000,0.000000,0.000000,0.000000,8.000000,65.180000
1789151346.845075,0,0.000000,0.000000,-1.000000,1.120000,0.000000,0.000000,0.000000,0.000000,8.000000,65.190000
1789151346.877388,0,0.000000,0.000000,-1.000000,1.160000,0.000000,0.000000,0.000000,0.000000,8.000000,65.190000
1789151346.878878,0,0.000000,0.000000,-1.000000,1.080000,0.000000,0.000000,0.000000,0.000000,8.000000,65.200000
1789151346.882428,0,0.000000,0.000000,-1.000000,1.080000,0.000000,0.000000,0.000000,0.000000,8.000000,65.220000
1789151346.920270,0,0.000000,0.000000,-1.000000,1.160000,0.000000,0.000000,0.000000,0.000000,8.000000,65.230000
1789151346.921224,0,0.000000,0.000000,-1.000000,1.080000,0.000000,0.000000,0.000000,0.000000,8.000000,65.230000
1789151346.921953,0,0.000000,0.000000,-1.000000,1.030000,0.000000,0.000000,0.000000,0.000000,8.000000,65.250000
1789151346.922664,0,0.000000,0.000000,-1.000000,1.120000,0.000000,0.000000,0.000000,0.000000,8.000000,65.260000
1789151346.951662,0,0.000000,0.000000,-1.000000,1.080000,0.000000,0.000000,0.000000,0.000000,8.000000,65.260000
1789151346.952448,0,0.000000,0.000000,-1.000000,1.030000,0.000000,0.000000,0.000000,0.000000,8.000000,65.270000
1789151346.953016,0,0.000000,0.000000,-1.000000,0.910000,0.000000,0.000000,0.000000,0.000000,8.000000,65.290000
1789151346.953533,0,0.000000,0.000000,-1.000000,1.030000,0.000000,0.000000,0.000000,0.000000,8.000000,65.300000
1789151346.981120,0,0.000000,0.000000,-1.000000,1.120000,0.000000,0.000000,0.000000,0.000000,8.000000,65.300000
1789151346.982191,0,0.000000,0.000000,-1.000000,1.120000,0.000000,0.000000,0.000000,0.000000,8.000000,65.310000
1789151346.983749,0,0.000000,0.000000,-1.000000,0.860000,0.000000,0.000000,0.000000,0.000000,8.000000,65.330000
1789151346.984495,0,0.000000,0.000000,-1.000000,1.120000,0.000000,0.000000,0.000000,0.000000,8.000000,65.330000
1789151347.011189,0,0.000000,0.000000,-1.000000,0.990000,0.000000,0.000000,0.000000,0.000000,8.000000,65.340000
1789151347.012061,0,0.000000,0.000000,-1.000000,1.160000,0.000000,0.000000,0.000000,0.000000,8.000000,65.340000
1789151347.013388,0,0.000000,0.000000,-1.000000,1.120000,0.000000,0.000000,0.000000,0.000000,8.000000,65.370000
1789151347.042760,0,0.000000,0.000000,-1.000000,1.080000,0.000000,0.000000,0.000000,0.000000,8.000000,65.370000
1789151347.043832,0,0.000000,0.000000,-1.000000,1.080000,0.000000,0.000000,0.000000,0.000000,8.000000,65.370000
1789151347.044967,0,0.000000,0.000000,-1.000000,1.120000,0.000000,0.000000,0.000000,0.000000,8.000000,65.380000
1789151347.046717,0,0.000000,0.000000,-1.000000,1.160000,0.000000,0.000000,0.000000,0.000000,8.000000,65.400000
1789151347.077946,0,0.000000,0.000000,-1.000000,1.160000,0.000000,0.000000,0.000000,0.000000,8.000000,65.410000
1789151347.079170,0,0.000000,0.000000,-1.000000,1.290000,0.000000,0.000000,0.000000,0.000000,8.000000,65.410000
1789151347.111721,0,0.000000,0.000000,-1.000000,1.160000,0.000000,0.000000,0.000000,0.000000,8.000000,65.430000
1789151347.112766,0,0.000000,0.000000,-1.000000,1.030000,0.000000,0.000000,0.000000,0.000000,8.000000,65.440000
1789151347.114843,0,0.000000,0.000000,-1.000000,1.120000,0.000000,0.000000,0.000000,0.000000,8.000000,65.440000
1789151347.116267,0,0.000000,0.000000,-1.000000,1.160000,0.000000,0.000000,0.000000,0.000000,8.000000,65.450000
1789151347.148438,0,0.000000,0.000000,-1.000000,1.080000,0.000000,0.000000,0.000000,0.000000,8.000000,65.470000
1789151347.149468,0,0.000000,0.000000,-1.000000,1.160000,0.000000,0.000000,0.000000,0.000000,8.000000,65.480000
1789151347.150454,0,0.000000,0.000000,-1.000000,1.080000,0.000000,0.000000,0.000000,0.000000,8.000000,65.480000
1789151347.183632,0,0.000000,0.000000,-1.000000,1.080000,0.000000,0.000000,0.000000,0.000000,8.000000,65.500000
1789151347.184683,0,0.000000,0.000000,-1.000000,1.210000,0.000000,0.000000,0.000000,0.000000,8.000000,65.510000
1789151347.185590,0,0.000000,0.000000,-1.000000,1.080000,0.000000,0.000000,0.000000,0.000000,8.000000,65.510000
1789151347.186433,0,0.000000,0.000000,-1.000000,1.210000,0.000000,0.000000,0.000000,0.000000,8.000000,65.520000
1789151347.218894,0,0.000000,0.000000,-1.000000,0.990000,0.000000,0.000000,0.000000,0.000000,8.000000,65.540000
1789151347.220249,0,0.000000,0.000000,-1.000000,1.080000,0.000000,0.000000,0.000000,0.000000,8.000000,65.550000
1789151347.221336,0,0.000000,0.000000,-1.000000,1.080000,0.000000,0.000000,0.000000,0.000000,8.000000,65.550000
1789151347.222617,0,0.000000,0.000000,-1.000000,0.940000,0.000000,0.000000,0.000000,0.000000,8.000000,65.560000
1789151347.255125,0,0.000000,0.000000,-1.000000,1.080000,0.000000,0.000000,0.000000,0.000000,8.000000,65.580000
1789151347.256854,0,0.000000,0.000000,-1.000000,0.940000,0.000000,0.000000,0.000000,0.000000,8.000000,65.580000
1789151347.257910,0,0.000000,0.000000,-1.000000,1.030000,0.000000,0.000000,0.000000,0.000000,8.000000,65.590000
1789151347.291890,0,0.000000,0.000000,-1.000000,1.080000,0.000000,0.000000,0.000000,0.000000,8.000000,65.610000
1789151347.292838,0,0.000000,0.000000,-1.000000,1.160000,0.000000,0.000000,0.000000,0.000000,8.000000,65.620000
1789151347.293674,0,0.000000,0.000000,-1.000000,0.910000,0.000000,0.000000,0.000000,0.000000,8.000000,65.620000
1789151347.328373,0,0.000000,0.000000,-1.000000,1.120000,0.000000,0.000000,0.000000,0.000000,8.000000,65.630000
1789151347.329321,0,0.000000,0.000000,-1.000000,1.160000,0.000000,0.000000,0.000000,0.000000,8.000000,65.650000
1789151347.330964,0,0.000000,0.000000,-1.000000,1.030000,0.000000,0.000000,0.000000,0.000000,8.000000,65.660000
1789151347.363657,0,0.000000,0.000000,-1.000000,1.420000,0.000000,0.000000,0.000000,0.000000,8.000000,65.660000
1789151347.365275,0,0.000000,0.000000,-1.000000,0.940000,0.000000,0.000000,0.000000,0.000000,8.000000,65.680000
1789151347.366064,0,0.000000,0.000000,-1.000000,1.250000,0.000000,0.000000,0.000000,0.000000,8.000000,65.690000
1789151347.367102,0,0.000000,0.000000,-1.000000,1.080000,0.000000,0.000000,0.000000,0.000000,8.000000,65.690000
1789151347.368642,0,0.000000,0.000000,-1.000000,1.080000,0.000000,0.000000,0.000000,0.000000,8.000000,65.700000
1789151347.401575,0,0.000000,0.000000,-1.000000,1.080000,0.000000,0.000000,0.000000,0.000000,8.000000,65.720000
1789151347.402694,0,0.000000,0.000000,-1.000000,1.080000,0.000000,0.000000,0.000000,0.000000,8.000000,65.730000
1789151347.403622,0,0.000000,0.000000,-1.000000,1.030000,0.000000,0.000000,0.000000,0.000000,8.000000,65.730000
1789151347.404723,0,0.000000,0.000000,-1.000000,0.990000,0.000000,0.000000,0.000000,0.000000,8.000000,65.750000
1789151347.441369,0,0.000000,0.000000,-1.000000,1.030000,0.000000,0.000000,0.000000,0.000000,8.000000,65.760000
1789151347.442328,0,0.000000,0.000000,-1.000000,0.940000,0.000000,0.000000,0.000000,0.000000,8.000000,65.760000
1789151347.443792,0,0.000000,0.000000,-1.000000,0.860000,0.000000,0.000000,0.000000,0.000000,8.000000,65.770000
1789151347.477978,0,0.000000,0.000000,-1.000000,1.080000,0.000000,0.000000,0.000000,0.000000,8.000000,65.790000
1789151347.478943,0,0.000000,0.000000,-1.000000,1.030000,0.000000,0.000000,0.000000,0.000000,8.000000,65.800000
1789151347.479869,0,0.000000,0.000000,-1.000000,0.860000,0.000000,0.000000,0.000000,0.000000,8.000000,65.800000
1789151347.481716,0,0.000000,0.000000,-1.000000,1.030000,0.000000,0.000000,0.000000,0.000000,8.000000,65.810000
1789151347.514932,0,0.000000,0.000000,-1.000000,1.290000,0.000000,0.000000,0.000000,0.000000,8.000000,65.830000
1789151347.515911,0,0.000000,0.000000,-1.000000,0.810000,0.000000,0.000000,0.000000,0.000000,8.000000,65.830000
1789151347.516682,0,0.000000,0.000000,-1.000000,1.120000,0.000000,0.000000,0.000000,0.000000,8.000000,65.840000
1789151347.517389,0,0.000000,0.000000,-1.000000,1.080000,0.000000,0.000000,0.000000,0.000000,8.000000,65.860000
1789151347.550971,0,0.000000,0.000000,-1.000000,1.120000,0.000000,0.000000,0.000000,0.000000,8.000000,65.870000
1789151347.551972,0,0.000000,0.000000,-1.000000,1.120000,0.000000,0.000000,0.000000,0.000000,8.000000,65.870000
1789151347.552792,0,0.000000,0.000000,-1.000000,1.250000,0.000000,0.000000,0.000000,0.000000,8.000000,65.880000
1789151347.553728,0,0.000000,0.000000,-1.000000,1.030000,0.000000,0.000000,0.000000,0.000000,8.000000,65.900000
1789151347.586552,0,0.000000,0.000000,-1.000000,0.990000,0.000000,0.000000,0.000000,0.000000,8.000000,65.910000
1789151347.587781,0,0.000000,0.000000,-1.000000,1.030000,0.000000,0.000000,0.000000,0.000000,8.000000,65.910000
1789151347.588700,0,0.000000,0.000000,-1.000000,1.030000,0.000000,0.000000,0.000000,0.000000,8.000000,65.930000
1789151347.590049,0,0.000000,0.000000,-1.000000,0.860000,0.000000,0.000000,0.000000,0.000000,8.000000,65.940000
1789151347.624193,0,0.000000,0.000000,-1.000000,1.080000,0.000000,0.000000,0.000000,0.000000,8.000000,65.940000
1789151347.625318,0,0.000000,0.000000,-1.000000,1.080000,0.000000,0.000000,0.000000,0.000000,8.000000,65.950000
1789151347.626873,0,0.000000,0.000000,-1.000000,1.030000,0.000000,0.000000,0.000000,0.000000,8.000000,65.970000
1789151347.661652,0,0.000000,0.000000,-1.000000,1.250000,0.000000,0.000000,0.000000,0.000000,8.000000,65.980000
1789151347.662857,0,0.000000,0.000000,-1.000000,1.160000,0.000000,0.000000,0.000000,0.000000,8.000000,65.980000
1789151347.664819,0,0.000000,0.000000,-1.000000,1.030000,0.000000,0.000000,0.000000,0.000000,8.000000,66.000000
1789151347.698682,0,0.000000,0.000000,-1.000000,1.250000,0.000000,0.000000,0.000000,0.000000,8.000000,66.010000
1789151347.700276,0,0.000000,0.000000,-1.000000,1.080000,0.000000,0.000000,0.000000,0.000000,8.000000,66.010000
1789151347.701297,0,0.000000,0.000000,-1.000000,1.030000,0.000000,0.000000,0.000000,0.000000,8.000000,66.020000
1789151347.702136,0,0.000000,0.000000,-1.000000,1.030000,0.000000,0.000000,0.000000,0.000000,8.000000,66.040000
1789151347.703617,0,0.000000,0.000000,-1.000000,0.910000,0.000000,0.000000,0.000000,0.000000,8.000000,66.050000
1789151347.736494,0,0.000000,0.000000,-1.000000,0.990000,0.000000,0.000000,0.000000,0.000000,8.000000,66.050000
1789151347.737439,0,0.000000,0.000000,-1.000000,1.030000,0.000000,0.000000,0.000000,0.000000,8.000000,66.060000
1789151347.738205,0,0.000000,0.000000,-1.000000,1.030000,0.000000,0.000000,0.000000,0.000000,8.000000,66.080000
1789151347.739492,0,0.000000,0.000000,-1.000000,0.910000,0.000000,0.000000,0.000000,0.000000,8.000000,66.080000
1789151347.773059,0,0.000000,0.000000,-1.000000,0.990000,0.000000,0.000000,0.000000,0.000000,8.000000,66.090000
1789151347.774616,0,0.000000,0.000000,-1.000000,0.940000,0.000000,0.000000,0.000000,0.000000,8.000000,66.110000
1789151347.775969,0,0.000000,0.000000,-1.000000,0.910000,0.000000,0.000000,0.000000,0.000000,8.000000,66.120000
1789151347.810434,0,0.000000,0.000000,-1.000000,0.990000,0.000000,0.000000,0.000000,0.000000,8.000000,66.120000
1789151347.812127,0,0.000000,0.000000,-1.000000,1.030000,0.000000,0.000000,0.000000,0.000000,8.000000,66.130000
1789151347.813132,0,0.000000,0.000000,-1.000000,1.210000,0.000000,0.000000,0.000000,0.000000,8.000000,66.150000
1789151347.845793,0,0.000000,0.000000,-1.000000,1.250000,0.000000,0.000000,0.000000,0.000000,8.000000,66.160000
1789151347.846789,0,0.000000,0.000000,-1.000000,1.080000,0.000000,0.000000,0.000000,0.000000,8.000000,66.160000
1789151347.848708,0,0.000000,0.000000,-1.000000,1.250000,0.000000,0.000000,0.000000,0.000000,8.000000,66.180000
1789151347.850041,0,0.000000,0.000000,-1.000000,1.340000,0.000000,0.000000,0.000000,0.000000,8.000000,66.190000
1789151347.883562,0,0.000000,0.000000,-1.000000,1.250000,0.000000,0.000000,0.000000,0.000000,8.000000,66.190000
1789151347.884527,0,0.000000,0.000000,-1.000000,0.940000,0.000000,0.000000,0.000000,0.000000,8.000000,66.200000
1789151347.885506,0,0.000000,0.000000,-1.000000,0.910000,0.000000,0.000000,0.000000,0.000000,8.000000,66.220000
1789151347.918737,0,0.000000,0.000000,-1.000000,1.250000,0.000000,0.000000,0.000000,0.000000,8.000000,66.230000
1789151347.919696,0,0.000000,0.000000,-1.000000,1.250000,0.000000,0.000000,0.000000,0.000000,8.000000,66.230000
1789151347.920555,0,0.000000,0.000000,-1.000000,1.030000,0.000000,0.000000,0.000000,0.000000,8.000000,66.250000
1789151347.921531,0,0.000000,0.000000,-1.000000,1.030000,0.000000,0.000000,0.000000,0.000000,8.000000,66.260000
1789151347.953277,0,0.000000,0.000000,-1.000000,1.080000,0.000000,0.000000,0.000000,0.000000,8.000000,66.260000
1789151347.954284,0,0.000000,0.000000,-1.000000,1.080000,0.000000,0.000000,0.000000,0.000000,8.000000,66.270000
1789151347.955591,0,0.000000,0.000000,-1.000000,1.080000,0.000000,0.000000,0.000000,0.000000,8.000000,66.290000
1789151347.956964,0,0.000000,0.000000,-1.000000,1.250000,0.000000,0.000000,0.000000,0.000000,8.000000,66.300000
1789151347.991249,0,0.000000,0.000000,-1.000000,1.250000,0.000000,0.000000,0.000000,0.000000,8.000000,66.300000
1789151347.992486,0,0.000000,0.000000,-1.000000,0.990000,0.000000,0.000000,0.000000,0.000000,8.000000,66.310000
1789151347.993540,0,0.000000,0.000000,-1.000000,0.910000,0.000000,0.000000,0.000000,0.000000,8.000000,66.330000
1789151347.994932,0,0.000000,0.000000,-1.000000,1.210000,0.000000,0.000000,0.000000,0.000000,8.000000,66.330000
1789151348.027492,0,0.000000,0.000000,-1.000000,0.990000,0.000000,0.000000,0.000000,0.000000,8.000000,66.340000
1789151348.029059,0,0.000000,0.000000,-1.000000,1.080000,0.000000,0.000000,0.000000,0.000000,8.000000,66.360000
1789151348.030127,0,0.000000,0.000000,-1.000000,1.080000,0.000000,0.000000,0.000000,0.000000,8.000000,66.370000
1789151348.065801,0,0.000000,0.000000,-1.000000,1.030000,0.000000,0.000000,0.000000,0.000000,8.000000,66.370000
1789151348.067022,0,0.000000,0.000000,-1.000000,0.770000,0.000000,0.000000,0.000000,0.000000,8.000000,66.380000
1789151348.067924,0,0.000000,0.000000,-1.000000,0.860000,0.000000,0.000000,0.000000,0.000000,8.000000,66.400000
1789151348.068675,0,0.000000,0.000000,-1.000000,1.080000,0.000000,0.000000,0.000000,0.000000,8.000000,66.410000
1789151348.101131,0,0.000000,0.000000,-1.000000,1.030000,0.000000,0.000000,0.000000,0.000000,8.000000,66.410000
1789151348.102064,0,0.000000,0.000000,-1.000000,1.030000,0.000000,0.000000,0.000000,0.000000,8.000000,66.430000
1789151348.103875,0,0.000000,0.000000,-1.000000,1.030000,0.000000,0.000000,0.000000,0.000000,8.000000,66.440000
1789151348.104989,0,0.000000,0.000000,-1.000000,0.990000,0.000000,0.000000,0.000000,0.000000,8.000000,66.440000
1789151348.139059,0,0.000000,0.000000,-1.000000,1.030000,0.000000,0.000000,0.000000,0.000000,8.000000,66.450000
1789151348.140123,0,0.000000,0.000000,-1.000000,1.030000,0.000000,0.000000,0.000000,0.000000,8.000000,66.470000
1789151348.141421,0,0.000000,0.000000,-1.000000,1.030000,0.000000,0.000000,0.000000,0.000000,8.000000,66.480000
1789151348.175341,0,0.000000,0.000000,-1.000000,0.940000,0.000000,0.000000,0.000000,0.000000,8.000000,66.480000
1789151348.176266,0,0.000000,0.000000,-1.000000,0.990000,0.000000,0.000000,0.000000,0.000000,8.000000,66.500000
1789151348.177016,0,0.000000,0.000000,-1.000000,0.940000,0.000000,0.000000,0.000000,0.000000,8.000000,66.510000
1789151348.178519,0,0.000000,0.000000,-1.000000,0.990000,0.000000,0.000000,0.000000,0.000000,8.000000,66.510000
1789151348.211604,0,0.000000,0.000000,-1.000000,1.080000,0.000000,0.000000,0.000000,0.000000,8.000000,66.520000
1789151348.212600,0,0.000000,0.000000,-1.000000,1.030000,0.000000,0.000000,0.000000,0.000000,8.000000,66.540000
1789151348.213449,0,0.000000,0.000000,-1.000000,1.030000,0.000000,0.000000,0.000000,0.000000,8.000000,66.550000
1789151348.215440,0,0.000000,0.000000,-1.000000,0.940000,0.000000,0.000000,0.000000,0.000000,8.000000,66.550000
1789151348.248222,0,0.000000,0.000000,-1.000000,0.990000,0.000000,0.000000,0.000000,0.000000,8.000000,66.560000
1789151348.249371,0,0.000000,0.000000,-1.000000,1.080000,0.000000,0.000000,0.000000,0.000000,8.000000,66.580000
1789151348.250241,0,0.000000,0.000000,-1.000000,1.030000,0.000000,0.000000,0.000000,0.000000,8.000000,66.580000
1789151348.251077,0,0.000000,0.000000,-1.000000,0.910000,0.000000,0.000000,0.000000,0.000000,8.000000,66.590000
1789151348.283306,0,0.000000,0.000000,-1.000000,1.030000,0.000000,0.000000,0.000000,0.000000,8.000000,66.610000
1789151348.284269,0,0.000000,0.000000,-1.000000,1.120000,0.000000,0.000000,0.000000,0.000000,8.000000,66.620000
1789151348.285036,0,0.000000,0.000000,-1.000000,1.030000,0.000000,0.000000,0.000000,0.000000,8.000000,66.620000
1789151348.318468,0,0.000000,0.000000,-1.000000,1.080000,0.000000,0.000000,0.000000,0.000000,8.000000,66.630000
1789151348.320036,0,0.000000,0.000000,-1.000000,0.990000,0.000000,0.000000,0.000000,0.000000,8.000000,66.650000
1789151348.321722,0,0.000000,0.000000,-1.000000,1.080000,0.000000,0.000000,0.000000,0.000000,8.000000,66.660000
1789151348.355012,0,0.000000,0.000000,-1.000000,1.120000,0.000000,0.000000,0.000000,0.000000,8.000000,66.660000
1789151348.356075,0,0.000000,0.000000,-1.000000,0.990000,0.000000,0.000000,0.000000,0.000000,8.000000,66.680000
1789151348.356992,0,0.000000,0.000000,-1.000000,1.080000,0.000000,0.000000,0.000000,0.000000,8.000000,66.690000
1789151348.357984,0,0.000000,0.000000,-1.000000,1.080000,0.000000,0.000000,0.000000,0.000000,8.000000,66.690000
1789151348.359340,0,0.000000,0.000000,-1.000000,0.990000,0.000000,0.000000,0.000000,0.000000,8.000000,66.700000
1789151348.391753,0,0.000000,0.000000,-1.000000,1.030000,0.000000,0.000000,0.000000,0.000000,8.000000,66.720000
1789151348.392816,0,0.000000,0.000000,-1.000000,0.990000,0.000000,0.000000,0.000000,0.000000,8.000000,66.730000
1789151348.393960,0,0.000000,0.000000,-1.000000,0.990000,0.000000,0.000000,0.000000,0.000000,8.000000,66.730000
1789151348.425034,0,0.000000,0.000000,-1.000000,1.030000,0.000000,0.000000,0.000000,0.000000,8.000000,66.730000
1789151348.426561,0,0.000000,0.000000,-1.000000,0.860000,0.000000,0.000000,0.000000,0.000000,8.000000,66.750000
1789151348.427799,0,0.000000,0.000000,-1.000000,1.030000,0.000000,0.000000,0.000000,0.000000,8.000000,66.760000
1789151348.429234,0,0.000000,0.000000,-1.000000,1.080000,0.000000,0.000000,0.000000,0.000000,8.000000,66.760000
1789151348.459228,0,0.000000,0.000000,-1.000000,0.990000,0.000000,0.000000,0.000000,0.000000,8.000000,66.770000
1789151348.460632,0,0.000000,0.000000,-1.000000,1.030000,0.000000,0.000000,0.000000,0.000000,8.000000,66.790000
1789151348.461745,0,0.000000,0.000000,-1.000000,0.940000,0.000000,0.000000,0.000000,0.000000,8.000000,66.800000
1789151348.463076,0,0.000000,0.000000,-1.000000,0.810000,0.000000,0.000000,0.000000,0.000000,8.000000,66.800000
1789151348.492590,0,0.000000,0.000000,-1.000000,1.030000,0.000000,0.000000,0.000000,0.000000,8.000000,66.810000
1789151348.494246,0,0.000000,0.000000,-1.000000,0.990000,0.000000,0.000000,0.000000,0.000000,8.000000,66.830000
1789151348.495636,0,0.000000,0.000000,-1.000000,0.910000,0.000000,0.000000,0.000000,0.000000,8.000000,66.830000
1789151348.496618,0,0.000000,0.000000,-1.000000,0.860000,0.000000,0.000000,0.000000,0.000000,8.000000,66.840000
1789151348.526603,0,0.000000,0.000000,-1.000000,1.030000,0.000000,0.000000,0.000000,0.000000,8.000000,66.860000
1789151348.527634,0,0.000000,0.000000,-1.000000,1.030000,0.000000,0.000000,0.000000,0.000000,8.000000,66.870000
1789151348.529019,0,0.000000,0.000000,-1.000000,1.030000,0.000000,0.000000,0.000000,0.000000,8.000000,66.870000
1789151348.559066,0,0.000000,0.000000,-1.000000,0.860000,0.000000,0.000000,0.000000,0.000000,8.000000,66.880000
1789151348.560442,0,0.000000,0.000000,-1.000000,0.940000,0.000000,0.000000,0.000000,0.000000,8.000000,66.900000
1789151348.562213,0,0.000000,0.000000,-1.000000,0.990000,0.000000,0.000000,0.000000,0.000000,8.000000,66.910000
1789151348.594196,0,0.000000,0.000000,-1.000000,1.030000,0.000000,0.000000,0.000000,0.000000,8.000000,66.910000
1789151348.595252,0,0.000000,0.000000,-1.000000,0.910000,0.000000,0.000000,0.000000,0.000000,8.000000,66.930000
1789151348.596156,0,0.000000,0.000000,-1.000000,0.810000,0.000000,0.000000,0.000000,0.000000,8.000000,66.940000
1789151348.628719,0,0.000000,0.000000,-1.000000,1.120000,0.000000,0.000000,0.000000,0.000000,8.000000,66.940000
1789151348.630138,0,0.000000,0.000000,-1.000000,0.940000,0.000000,0.000000,0.000000,0.000000,8.000000,66.950000
1789151348.632151,0,0.000000,0.000000,-1.000000,0.990000,0.000000,0.000000,0.000000,0.000000,8.000000,66.970000
1789151348.663452,0,0.000000,0.000000,-1.000000,1.210000,0.000000,0.000000,0.000000,0.000000,8.000000,66.980000
1789151348.665159,0,0.000000,0.000000,-1.000000,0.990000,0.000000,0.000000,0.000000,0.000000,8.000000,66.980000
1789151348.666218,0,0.000000,0.000000,-1.000000,1.030000,0.000000,0.000000,0.000000,0.000000,8.000000,67.000000
1789151348.667871,0,0.000000,0.000000,-1.000000,1.030000,0.000000,0.000000,0.000000,0.000000,8.000000,67.010000
1789151348.699479,0,0.000000,0.000000,-1.000000,1.080000,0.000000,0.000000,0.000000,0.000000,8.000000,67.010000
1789151348.700584,0,0.000000,0.000000,-1.000000,0.860000,0.000000,0.000000,0.000000,0.000000,8.000000,67.020000
1789151348.701470,0,0.000000,0.000000,-1.000000,1.030000,0.000000,0.000000,0.000000,0.000000,8.000000,67.040000
1789151348.733078,0,0.000000,0.000000,-1.000000,0.860000,0.000000,0.000000,0.000000,0.000000,8.000000,67.050000
1789151348.734169,0,0.000000,0.000000,-1.000000,1.160000,0.000000,0.000000,0.000000,0.000000,8.000000,67.050000
1789151348.735060,0,0.000000,0.000000,-1.000000,1.030000,0.000000,0.000000,0.000000,0.000000,8.000000,67.060000
1789151348.735997,0,0.000000,0.000000,-1.000000,1.030000,0.000000,0.000000,0.000000,0.000000,8.000000,67.080000
1789151348.767154,0,0.000000,0.000000,-1.000000,0.990000,0.000000,0.000000,0.000000,0.000000,8.000000,67.080000
1789151348.768214,0,0.000000,0.000000,-1.000000,1.030000,0.000000,0.000000,0.000000,0.000000,8.000000,67.090000
1789151348.769114,0,0.000000,0.000000,-1.000000,1.080000,0.000000,0.000000,0.000000,0.000000,8.000000,67.110000
1789151348.800412,0,0.000000,0.000000,-1.000000,0.940000,0.000000,0.000000,0.000000,0.000000,8.000000,67.120000
1789151348.801801,0,0.000000,0.000000,-1.000000,0.990000,0.000000,0.000000,0.000000,0.000000,8.000000,67.120000
1789151348.803186,0,0.000000,0.000000,-1.000000,0.990000,0.000000,0.000000,0.000000,0.000000,8.000000,67.130000
1789151348.833350,0,0.000000,0.000000,-1.000000,0.990000,0.000000,0.000000,0.000000,0.000000,8.000000,67.150000
1789151348.834460,0,0.000000,0.000000,-1.000000,0.990000,0.000000,0.000000,0.000000,0.000000,8.000000,67.160000
1789151348.835434,0,0.000000,0.000000,-1.000000,1.210000,0.000000,0.000000,0.000000,0.000000,8.000000,67.160000
1789151348.836516,0,0.000000,0.000000,-1.000000,1.210000,0.000000,0.000000,0.000000,0.000000,8.000000,67.180000
1789151348.867394,0,0.000000,0.000000,-1.000000,1.030000,0.000000,0.000000,0.000000,0.000000,8.000000,67.190000
1789151348.868747,0,0.000000,0.000000,-1.000000,0.990000,0.000000,0.000000,0.000000,0.000000,8.000000,67.190000
1789151348.869964,0,0.000000,0.000000,-1.000000,0.990000,0.000000,0.000000,0.000000,0.000000,8.000000,67.200000
1789151348.872319,0,0.000000,0.000000,-1.000000,1.030000,0.000000,0.000000,0.000000,0.000000,8.000000,67.220000
1789151348.903743,0,0.000000,0.000000,-1.000000,0.810000,0.000000,0.000000,0.000000,0.000000,8.000000,67.230000
1789151348.904820,0,0.000000,0.000000,-1.000000,0.910000,0.000000,0.000000,0.000000,0.000000,8.000000,67.230000
1789151348.905782,0,0.000000,0.000000,-1.000000,1.030000,0.000000,0.000000,0.000000,0.000000,8.000000,67.250000
1789151348.907158,0,0.000000,0.000000,-1.000000,0.990000,0.000000,0.000000,0.000000,0.000000,8.000000,67.260000
1789151348.938323,0,0.000000,0.000000,-1.000000,0.940000,0.000000,0.000000,0.000000,0.000000,8.000000,67.260000
1789151348.939398,0,0.000000,0.000000,-1.000000,0.990000,0.000000,0.000000,0.000000,0.000000,8.000000,67.270000
1789151348.940593,0,0.000000,0.000000,-1.000000,0.940000,0.000000,0.000000,0.000000,0.000000,8.000000,67.290000
1789151348.971715,0,0.000000,0.000000,-1.000000,1.160000,0.000000,0.000000,0.000000,0.000000,8.000000,67.300000
1789151348.972887,0,0.000000,0.000000,-1.000000,0.990000,0.000000,0.000000,0.000000,0.000000,8.000000,67.300000
1789151348.974431,0,0.000000,0.000000,-1.000000,1.030000,0.000000,0.000000,0.000000,0.000000,8.000000,67.310000
1789151348.976035,0,0.000000,0.000000,-1.000000,0.770000,0.000000,0.000000,0.000000,0.000000,8.000000,67.310000
1789151349.008687,0,0.000000,0.000000,-1.000000,1.030000,0.000000,0.000000,0.000000,0.000000,8.000000,67.330000
1789151349.009779,0,0.000000,0.000000,-1.000000,0.940000,0.000000,0.000000,0.000000,0.000000,8.000000,67.330000
1789151349.010834,0,0.000000,0.000000,-1.000000,0.770000,0.000000,0.000000,0.000000,0.000000,8.000000,67.340000
1789151349.042627,0,0.000000,0.000000,-1.000000,0.940000,0.000000,0.000000,0.000000,0.000000,8.000000,67.360000
1789151349.044181,0,0.000000,0.000000,-1.000000,0.990000,0.000000,0.000000,0.000000,0.000000,8.000000,67.370000
1789151349.045407,0,0.000000,0.000000,-1.000000,0.910000,0.000000,0.000000,0.000000,0.000000,8.000000,67.370000
1789151349.078825,0,0.000000,0.000000,-1.000000,0.860000,0.000000,0.000000,0.000000,0.000000,8.000000,67.380000
1789151349.080381,0,0.000000,0.000000,-1.000000,0.990000,0.000000,0.000000,0.000000,0.000000,8.000000,67.400000
1789151349.082310,0,0.000000,0.000000,-1.000000,0.990000,0.000000,0.000000,0.000000,0.000000,8.000000,67.410000
1789151349.083373,0,0.000000,0.000000,-1.000000,0.940000,0.000000,0.000000,0.000000,0.000000,8.000000,67.410000
1789151349.114184,0,0.000000,0.000000,-1.000000,0.910000,0.000000,0.000000,0.000000,0.000000,8.000000,67.430000
1789151349.115788,0,0.000000,0.000000,-1.000000,0.940000,0.000000,0.000000,0.000000,0.000000,8.000000,67.440000
1789151349.117605,0,0.000000,0.000000,-1.000000,0.940000,0.000000,0.000000,0.000000,0.000000,8.000000,67.440000
1789151349.150701,0,0.000000,0.000000,-1.000000,0.990000,0.000000,0.000000,0.000000,0.000000,8.000000,67.450000
1789151349.151788,0,0.000000,0.000000,-1.000000,0.940000,0.000000,0.000000,0.000000,0.000000,8.000000,67.470000
1789151349.153305,0,0.000000,0.000000,-1.000000,1.080000,0.000000,0.000000,0.000000,0.000000,8.000000,67.480000
1789151349.154579,0,0.000000,0.000000,-1.000000,1.210000,0.000000,0.000000,0.000000,0.000000,8.000000,67.500000
1789151349.188612,0,0.000000,0.000000,-1.000000,0.990000,0.000000,0.000000,0.000000,0.000000,8.000000,67.510000
1789151349.189550,0,0.000000,0.000000,-1.000000,0.990000,0.000000,0.000000,0.000000,0.000000,8.000000,67.510000
1789151349.190300,0,0.000000,0.000000,-1.000000,1.030000,0.000000,0.000000,0.000000,0.000000,8.000000,67.520000
1789151349.225586,0,0.000000,0.000000,-1.000000,0.810000,0.000000,0.000000,0.000000,0.000000,8.000000,67.520000
1789151349.226712,0,0.000000,0.000000,-1.000000,0.990000,0.000000,0.000000,0.000000,0.000000,8.000000,67.540000
1789151349.227666,0,0.000000,0.000000,-1.000000,0.990000,0.000000,0.000000,0.000000,0.000000,8.000000,67.550000
1789151349.228575,0,0.000000,0.000000,-1.000000,0.940000,0.000000,0.000000,0.000000,0.000000,8.000000,67.550000
1789151349.262932,0,0.000000,0.000000,-1.000000,0.990000,0.000000,0.000000,0.000000,0.000000,8.000000,67.560000
1789151349.265314,0,0.000000,0.000000,-1.000000,0.940000,0.000000,0.000000,0.000000,0.000000,8.000000,67.580000
1789151349.266920,0,0.000000,0.000000,-1.000000,0.940000,0.000000,0.000000,0.000000,0.000000,8.000000,67.580000
1789151349.300114,0,0.000000,0.000000,-1.000000,0.860000,0.000000,0.000000,0.000000,0.000000,8.000000,67.590000
1789151349.301126,0,0.000000,0.000000,-1.000000,1.210000,0.000000,0.000000,0.000000,0.000000,8.000000,67.610000
1789151349.301894,0,0.000000,0.000000,-1.000000,0.940000,0.000000,0.000000,0.000000,0.000000,8.000000,67.620000
1789151349.303255,0,0.000000,0.000000,-1.000000,0.990000,0.000000,0.000000,0.000000,0.000000,8.000000,67.620000
1789151349.304572,0,0.000000,0.000000,-1.000000,0.860000,0.000000,0.000000,0.000000,0.000000,8.000000,67.630000
1789151349.367573,0,0.000000,0.000000,-1.000000,0.990000,0.000000,0.000000,0.000000,0.000000,8.000000,67.650000
1789151349.368584,0,0.000000,0.000000,-1.000000,1.080000,0.000000,0.000000,0.000000,0.000000,8.000000,67.660000
1789151349.369414,0,0.000000,0.000000,-1.000000,0.990000,0.000000,0.000000,0.000000,0.000000,8.000000,67.660000
1789151349.371011,0,0.000000,0.000000,-1.000000,1.030000,0.000000,0.000000,0.000000,0.000000,8.000000,67.680000
1789151349.404063,0,0.000000,0.000000,-1.000000,0.910000,0.000000,0.000000,0.000000,0.000000,8.000000,67.690000
1789151349.405182,0,0.000000,0.000000,-1.000000,0.990000,0.000000,0.000000,0.000000,0.000000,8.000000,67.690000
1789151349.406059,0,0.000000,0.000000,-1.000000,0.990000,0.000000,0.000000,0.000000,0.000000,8.000000,67.700000
1789151349.406880,0,0.000000,0.000000,-1.000000,1.120000,0.000000,0.000000,0.000000,0.000000,8.000000,67.720000
1789151349.407773,0,0.000000,0.000000,-1.000000,1.120000,0.000000,0.000000,0.000000,0.000000,8.000000,67.730000
1789151349.408800,0,0.000000,0.000000,-1.000000,0.860000,0.000000,0.000000,0.000000,0.000000,8.000000,67.730000
1789151349.409973,0,0.000000,0.000000,-1.000000,1.030000,0.000000,0.000000,0.000000,0.000000,8.000000,67.750000
1789151349.444175,0,0.000000,0.000000,-1.000000,1.030000,0.000000,0.000000,0.000000,0.000000,8.000000,67.760000
1789151349.445140,0,0.000000,0.000000,-1.000000,0.990000,0.000000,0.000000,0.000000,0.000000,8.000000,67.760000
1789151349.446708,0,0.000000,0.000000,-1.000000,0.990000,0.000000,0.000000,0.000000,0.000000,8.000000,67.770000
1789151349.448087,0,0.000000,0.000000,-1.000000,1.030000,0.000000,0.000000,0.000000,0.000000,8.000000,67.790000
1789151349.483982,0,0.000000,0.000000,-1.000000,0.990000,0.000000,0.000000,0.000000,0.000000,8.000000,67.800000
1789151349.485298,0,0.000000,0.000000,-1.000000,0.940000,0.000000,0.000000,0.000000,0.000000,8.000000,67.800000
1789151349.486488,0,0.000000,0.000000,-1.000000,1.120000,0.000000,0.000000,0.000000,0.000000,8.000000,67.810000
1789151349.519596,0,0.000000,0.000000,-1.000000,1.250000,0.000000,0.000000,0.000000,0.000000,8.000000,67.830000
1789151349.521559,0,0.000000,0.000000,-1.000000,1.160000,0.000000,0.000000,0.000000,0.000000,8.000000,67.830000
1789151349.522645,0,0.000000,0.000000,-1.000000,1.080000,0.000000,0.000000,0.000000,0.000000,8.000000,67.840000
1789151349.523935,0,0.000000,0.000000,-1.000000,1.080000,0.000000,0.000000,0.000000,0.000000,8.000000,67.860000
1789151349.556074,0,0.000000,0.000000,-1.000000,1.080000,0.000000,0.000000,0.000000,0.000000,8.000000,67.870000
1789151349.557041,0,0.000000,0.000000,-1.000000,0.910000,0.000000,0.000000,0.000000,0.000000,8.000000,67.870000
1789151349.558116,0,0.000000,0.000000,-1.000000,0.910000,0.000000,0.000000,0.000000,0.000000,8.000000,67.880000
1789151349.559770,0,0.000000,0.000000,-1.000000,1.030000,0.000000,0.000000,0.000000,0.000000,8.000000,67.900000
1789151349.597975,0,0.000000,0.000000,-1.000000,0.940000,0.000000,0.000000,0.000000,0.000000,8.000000,67.910000
1789151349.599373,0,0.000000,0.000000,-1.000000,0.860000,0.000000,0.000000,0.000000,0.000000,8.000000,67.910000
1789151349.600634,0,0.000000,0.000000,-1.000000,0.990000,0.000000,0.000000,0.000000,0.000000,8.000000,67.930000
1789151349.634450,0,0.000000,0.000000,-1.000000,1.250000,0.000000,0.000000,0.000000,0.000000,8.000000,67.940000
1789151349.635592,0,0.000000,0.000000,-1.000000,1.210000,0.000000,0.000000,0.000000,0.000000,8.000000,67.940000
1789151349.636676,0,0.000000,0.000000,-1.000000,1.080000,0.000000,0.000000,0.000000,0.000000,8.000000,67.950000
1789151349.638188,0,0.000000,0.000000,-1.000000,1.250000,0.000000,0.000000,0.000000,0.000000,8.000000,67.970000
1789151349.639091,0,0.000000,0.000000,-1.000000,1.080000,0.000000,0.000000,0.000000,0.000000,8.000000,67.980000
1789151349.671418,0,0.000000,0.000000,-1.000000,1.080000,0.000000,0.000000,0.000000,0.000000,8.000000,67.980000
1789151349.672318,0,0.000000,0.000000,-1.000000,1.080000,0.000000,0.000000,0.000000,0.000000,8.000000,68.000000
1789151349.673675,0,0.000000,0.000000,-1.000000,1.120000,0.000000,0.000000,0.000000,0.000000,8.000000,68.010000
1789151349.674526,0,0.000000,0.000000,-1.000000,1.210000,0.000000,0.000000,0.000000,0.000000,8.000000,68.010000
1789151349.709067,0,0.000000,0.000000,-1.000000,1.340000,0.000000,0.000000,0.000000,0.000000,8.000000,68.020000
1789151349.710324,0,0.000000,0.000000,-1.000000,1.080000,0.000000,0.000000,0.000000,0.000000,8.000000,68.040000
1789151349.711225,0,0.000000,0.000000,-1.000000,0.910000,0.000000,0.000000,0.000000,0.000000,8.000000,68.050000
1789151349.712599,0,0.000000,0.000000,-1.000000,1.080000,0.000000,0.000000,0.000000,0.000000,8.000000,68.050000
1789151349.748286,0,0.000000,0.000000,-1.000000,1.120000,0.000000,0.000000,0.000000,0.000000,8.000000,68.060000
1789151349.749507,0,0.000000,0.000000,-1.000000,1.030000,0.000000,0.000000,0.000000,0.000000,8.000000,68.080000
1789151349.750969,0,0.000000,0.000000,-1.000000,1.080000,0.000000,0.000000,0.000000,0.000000,8.000000,68.080000
1789151349.783919,0,0.000000,0.000000,-1.000000,1.290000,0.000000,0.000000,0.000000,0.000000,8.000000,68.090000
1789151349.785678,0,0.000000,0.000000,-1.000000,1.080000,0.000000,0.000000,0.000000,0.000000,8.000000,68.110000
1789151349.786973,0,0.000000,0.000000,-1.000000,1.290000,0.000000,0.000000,0.000000,0.000000,8.000000,68.120000
1789151349.788522,0,0.000000,0.000000,-1.000000,0.990000,0.000000,0.000000,0.000000,0.000000,8.000000,68.120000
1789151349.821338,0,0.000000,0.000000,-1.000000,1.030000,0.000000,0.000000,0.000000,0.000000,8.000000,68.130000
1789151349.822915,0,0.000000,0.000000,-1.000000,0.940000,0.000000,0.000000,0.000000,0.000000,8.000000,68.150000
1789151349.823850,0,0.000000,0.000000,-1.000000,1.080000,0.000000,0.000000,0.000000,0.000000,8.000000,68.160000
1789151349.824641,0,0.000000,0.000000,-1.000000,1.120000,0.000000,0.000000,0.000000,0.000000,8.000000,68.160000
1789151349.857275,0,0.000000,0.000000,-1.000000,1.160000,0.000000,0.000000,0.000000,0.000000,8.000000,68.180000
1789151349.858359,0,0.000000,0.000000,-1.000000,1.250000,0.000000,0.000000,0.000000,0.000000,8.000000,68.190000
1789151349.859254,0,0.000000,0.000000,-1.000000,0.940000,0.000000,0.000000,0.000000,0.000000,8.000000,68.190000
1789151349.861706,0,0.000000,0.000000,-1.000000,1.030000,0.000000,0.000000,0.000000,0.000000,8.000000,68.200000
1789151349.894387,0,0.000000,0.000000,-1.000000,1.160000,0.000000,0.000000,0.000000,0.000000,8.000000,68.220000
1789151349.895278,0,0.000000,0.000000,-1.000000,1.160000,0.000000,0.000000,0.000000,0.000000,8.000000,68.230000
1789151349.896033,0,0.000000,0.000000,-1.000000,1.080000,0.000000,0.000000,0.000000,0.000000,8.000000,68.230000
1789151349.929264,0,0.000000,0.000000,-1.000000,1.120000,0.000000,0.000000,0.000000,0.000000,8.000000,68.250000
1789151349.930244,0,0.000000,0.000000,-1.000000,1.290000,0.000000,0.000000,0.000000,0.000000,8.000000,68.260000
1789151349.931666,0,0.000000,0.000000,-1.000000,1.340000,0.000000,0.000000,0.000000,0.000000,8.000000,68.260000
1789151349.964603,0,0.000000,0.000000,-1.000000,1.160000,0.000000,0.000000,0.000000,0.000000,8.000000,68.270000
1789151349.965693,0,0.000000,0.000000,-1.000000,0.940000,0.000000,0.000000,0.000000,0.000000,8.000000,68.290000
1789151349.966484,0,0.000000,0.000000,-1.000000,1.120000,0.000000,0.000000,0.000000,0.000000,8.000000,68.300000
1789151349.967396,0,0.000000,0.000000,-1.000000,0.940000,0.000000,0.000000,0.000000,0.000000,8.000000,68.300000
1789151349.999602,0,0.000000,0.000000,-1.000000,0.940000,0.000000,0.000000,0.000000,0.000000,8.000000,68.310000
1789151350.000507,0,0.000000,0.000000,-1.000000,1.340000,0.000000,0.000000,0.000000,0.000000,8.000000,68.330000
1789151350.001370,0,0.000000,0.000000,-1.000000,1.210000,0.000000,0.000000,0.000000,0.000000,8.000000,68.330000
1789151350.033832,0,0.000000,0.000000,-1.000000,1.290000,0.000000,0.000000,0.000000,0.000000,8.000000,68.340000
1789151350.034863,0,0.000000,0.000000,-1.000000,1.160000,0.000000,0.000000,0.000000,0.000000,8.000000,68.360000
1789151350.035700,0,0.000000,0.000000,-1.000000,1.160000,0.000000,0.000000,0.000000,0.000000,8.000000,68.370000
1789151350.067860,0,0.000000,0.000000,-1.000000,1.250000,0.000000,0.000000,0.000000,0.000000,8.000000,68.370000
1789151350.069383,0,0.000000,0.000000,-1.000000,1.160000,0.000000,0.000000,0.000000,0.000000,8.000000,68.380000
1789151350.070671,0,0.000000,0.000000,-1.000000,1.160000,0.000000,0.000000,0.000000,0.000000,8.000000,68.400000
1789151350.072107,0,0.000000,0.000000,-1.000000,1.120000,0.000000,0.000000,0.000000,0.000000,8.000000,68.410000
1789151350.105769,0,0.000000,0.000000,-1.000000,0.990000,0.000000,0.000000,0.000000,0.000000,8.000000,68.410000
1789151350.106687,0,0.000000,0.000000,-1.000000,0.860000,0.000000,0.000000,0.000000,0.000000,8.000000,68.430000
1789151350.107430,0,0.000000,0.000000,-1.000000,1.120000,0.000000,0.000000,0.000000,0.000000,8.000000,68.440000
1789151350.108135,0,0.000000,0.000000,-1.000000,1.080000,0.000000,0.000000,0.000000,0.000000,8.000000,68.440000
1789151350.142426,0,0.000000,0.000000,-1.000000,1.030000,0.000000,0.000000,0.000000,0.000000,8.000000,68.450000
1789151350.144094,0,0.000000,0.000000,-1.000000,1.080000,0.000000,0.000000,0.000000,0.000000,8.000000,68.470000
1789151350.145336,0,0.000000,0.000000,-1.000000,1.120000,0.000000,0.000000,0.000000,0.000000,8.000000,68.480000
1789151350.177936,0,0.000000,0.000000,-1.000000,1.250000,0.000000,0.000000,0.000000,0.000000,8.000000,68.480000
1789151350.179012,0,0.000000,0.000000,-1.000000,1.080000,0.000000,0.000000,0.000000,0.000000,8.000000,68.500000
1789151350.180000,0,0.000000,0.000000,-1.000000,1.250000,0.000000,0.000000,0.000000,0.000000,8.000000,68.510000
1789151350.181954,0,0.000000,0.000000,-1.000000,1.210000,0.000000,0.000000,0.000000,0.000000,8.000000,68.510000
1789151350.216129,0,0.000000,0.000000,-1.000000,0.860000,0.000000,0.000000,0.000000,0.000000,8.000000,68.520000
1789151350.217854,0,0.000000,0.000000,-1.000000,1.030000,0.000000,0.000000,0.000000,0.000000,8.000000,68.540000
1789151350.219381,0,0.000000,0.000000,-1.000000,0.990000,0.000000,0.000000,0.000000,0.000000,8.000000,68.550000
1789151350.220615,0,0.000000,0.000000,-1.000000,0.910000,0.000000,0.000000,0.000000,0.000000,8.000000,68.550000
1789151350.254467,0,0.000000,0.000000,-1.000000,1.030000,0.000000,0.000000,0.000000,0.000000,8.000000,68.560000
1789151350.255762,0,0.000000,0.000000,-1.000000,0.990000,0.000000,0.000000,0.000000,0.000000,8.000000,68.580000
1789151350.257022,0,0.000000,0.000000,-1.000000,0.990000,0.000000,0.000000,0.000000,0.000000,8.000000,68.580000
1789151350.257912,0,0.000000,0.000000,-1.000000,1.030000,0.000000,0.000000,0.000000,0.000000,8.000000,68.590000
1789151350.293112,0,0.000000,0.000000,-1.000000,1.080000,0.000000,0.000000,0.000000,0.000000,8.000000,68.610000
1789151350.294755,0,0.000000,0.000000,-1.000000,1.030000,0.000000,0.000000,0.000000,0.000000,8.000000,68.620000
1789151350.295676,0,0.000000,0.000000,-1.000000,0.990000,0.000000,0.000000,0.000000,0.000000,8.000000,68.620000
1789151350.329207,0,0.000000,0.000000,-1.000000,0.990000,0.000000,0.000000,0.000000,0.000000,8.000000,68.630000
1789151350.330342,0,0.000000,0.000000,-1.000000,1.030000,0.000000,0.000000,0.000000,0.000000,8.000000,68.650000
1789151350.332268,0,0.000000,0.000000,-1.000000,0.910000,0.000000,0.000000,0.000000,0.000000,8.000000,68.660000
1789151350.333452,0,0.000000,0.000000,-1.000000,0.940000,0.000000,0.000000,0.000000,0.000000,8.000000,68.660000
1789151350.334576,0,0.000000,0.000000,-1.000000,1.160000,0.000000,0.000000,0.000000,0.000000,8.000000,68.660000
1789151350.370501,0,0.000000,0.000000,-1.000000,0.990000,0.000000,0.000000,0.000000,0.000000,8.000000,68.680000
1789151350.371662,0,0.000000,0.000000,-1.000000,0.860000,0.000000,0.000000,0.000000,0.000000,8.000000,68.690000
1789151350.372675,0,0.000000,0.000000,-1.000000,0.990000,0.000000,0.000000,0.000000,0.000000,8.000000,68.690000
1789151350.373651,0,0.000000,0.000000,-1.000000,0.770000,0.000000,0.000000,0.000000,0.000000,8.000000,68.700000
1789151350.415536,0,0.000000,0.000000,-1.000000,0.990000,0.000000,0.000000,0.000000,0.000000,8.000000,68.720000
1789151350.417189,0,0.000000,0.000000,-1.000000,0.940000,0.000000,0.000000,0.000000,0.000000,8.000000,68.730000
1789151350.418337,0,0.000000,0.000000,-1.000000,0.910000,0.000000,0.000000,0.000000,0.000000,8.000000,68.730000
1789151350.419876,0,0.000000,0.000000,-1.000000,0.990000,0.000000,0.000000,0.000000,0.000000,8.000000,68.750000
1789151350.455992,0,0.000000,0.000000,-1.000000,1.160000,0.000000,0.000000,0.000000,0.000000,8.000000,68.760000
1789151350.457175,0,0.000000,0.000000,-1.000000,0.810000,0.000000,0.000000,0.000000,0.000000,8.000000,68.760000
1789151350.459028,0,0.000000,0.000000,-1.000000,1.160000,0.000000,0.000000,0.000000,0.000000,8.000000,68.770000
1789151350.460651,0,0.000000,0.000000,-1.000000,1.080000,0.000000,0.000000,0.000000,0.000000,8.000000,68.790000
1789151350.462164,0,0.000000,0.000000,-1.000000,0.940000,0.000000,0.000000,0.000000,0.000000,8.000000,68.800000
1789151350.502250,0,0.000000,0.000000,-1.000000,0.940000,0.000000,0.000000,0.000000,0.000000,8.000000,68.800000
1789151350.504240,0,0.000000,0.000000,-1.000000,0.940000,0.000000,0.000000,0.000000,0.000000,8.000000,68.810000
1789151350.505319,0,0.000000,0.000000,-1.000000,0.940000,0.000000,0.000000,0.000000,0.000000,8.000000,68.830000
1789151350.507023,0,0.000000,0.000000,-1.000000,1.160000,0.000000,0.000000,0.000000,0.000000,8.000000,68.830000
1789151350.542759,0,0.000000,0.000000,-1.000000,1.030000,0.000000,0.000000,0.000000,0.000000,8.000000,68.840000
1789151350.544098,0,0.000000,0.000000,-1.000000,0.910000,0.000000,0.000000,0.000000,0.000000,8.000000,68.860000
1789151350.545214,0,0.000000,0.000000,-1.000000,1.030000,0.000000,0.000000,0.000000,0.000000,8.000000,68.870000
1789151350.547789,0,0.000000,0.000000,-1.000000,0.940000,0.000000,0.000000,0.000000,0.000000,8.000000,68.870000
1789151350.584192,0,0.000000,0.000000,-1.000000,0.860000,0.000000,0.000000,0.000000,0.000000,8.000000,68.880000
1789151350.585332,0,0.000000,0.000000,-1.000000,0.940000,0.000000,0.000000,0.000000,0.000000,8.000000,68.900000
1789151350.586776,0,0.000000,0.000000,-1.000000,1.160000,0.000000,0.000000,0.000000,0.000000,8.000000,68.910000
1789151350.587809,0,0.000000,0.000000,-1.000000,0.860000,0.000000,0.000000,0.000000,0.000000,8.000000,68.910000
1789151350.626828,0,0.000000,0.000000,-1.000000,0.940000,0.000000,0.000000,0.000000,0.000000,8.000000,68.930000
1789151350.628097,0,0.000000,0.000000,-1.000000,1.120000,0.000000,0.000000,0.000000,0.000000,8.000000,68.940000
1789151350.631557,0,0.000000,0.000000,-1.000000,0.940000,0.000000,0.000000,0.000000,0.000000,8.000000,68.940000
1789151350.633403,0,0.000000,0.000000,-1.000000,0.860000,0.000000,0.000000,0.000000,0.000000,8.000000,68.950000
1789151350.635605,0,0.000000,0.000000,-1.000000,0.940000,0.000000,0.000000,0.000000,0.000000,8.000000,68.970000
1789151350.674846,0,0.000000,0.000000,-1.000000,1.120000,0.000000,0.000000,0.000000,0.000000,8.000000,68.980000
1789151350.676303,0,0.000000,0.000000,-1.000000,0.860000,0.000000,0.000000,0.000000,0.000000,8.000000,68.980000
1789151350.677526,0,0.000000,0.000000,-1.000000,0.940000,0.000000,0.000000,0.000000,0.000000,8.000000,69.000000
1789151350.680322,0,0.000000,0.000000,-1.000000,0.940000,0.000000,0.000000,0.000000,0.000000,8.000000,69.010000
1789151350.683903,0,0.000000,0.000000,-1.000000,0.990000,0.000000,0.000000,0.000000,0.000000,8.000000,69.010000
1789151350.718901,0,0.000000,0.000000,-1.000000,0.940000,0.000000,0.000000,0.000000,0.000000,8.000000,69.020000
1789151350.720165,0,0.000000,0.000000,-1.000000,0.910000,0.000000,0.000000,0.000000,0.000000,8.000000,69.020000
